curve_family,model,family,split,agg,tag,n_obs,delta,span,n_seeds,err,err_q1,err_q3
length,arx,alpha,common,mean,wp11a_span_1y_s10y,11,1.0,10.0,1,10.2143387713249,10.2143387713249,10.2143387713249
length,arx,alpha,common,mean,wp11a_span_1y_s20y,21,1.0,20.0,1,11.687309592562716,11.687309592562716,11.687309592562716
length,arx,alpha,common,median,wp11a_span_1y_s10y,11,1.0,10.0,1,9.098991083122414,9.098991083122414,9.098991083122414
length,arx,alpha,common,median,wp11a_span_1y_s20y,21,1.0,20.0,1,10.311638612157033,10.311638612157033,10.311638612157033
length,arx,alpha,fitted,mean,wp11a_span_1y_s10y,11,1.0,10.0,1,10.2143387713249,10.2143387713249,10.2143387713249
length,arx,alpha,fitted,mean,wp11a_span_1y_s20y,21,1.0,20.0,1,9.990017262423063,9.990017262423063,9.990017262423063
length,arx,alpha,fitted,median,wp11a_span_1y_s10y,11,1.0,10.0,1,9.098991083122414,9.098991083122414,9.098991083122414
length,arx,alpha,fitted,median,wp11a_span_1y_s20y,21,1.0,20.0,1,8.887817916874695,8.887817916874695,8.887817916874695
length,arx,alpha,test,mean,wp11a_span_1y_s10y,11,1.0,10.0,1,19.282834711523137,19.282834711523137,19.282834711523137
length,arx,alpha,test,mean,wp11a_span_1y_s20y,21,1.0,20.0,1,14.15868109115285,14.15868109115285,14.15868109115285
length,arx,alpha,test,median,wp11a_span_1y_s10y,11,1.0,10.0,1,15.682540011882,15.682540011882,15.682540011882
length,arx,alpha,test,median,wp11a_span_1y_s20y,21,1.0,20.0,1,15.112120752569922,15.112120752569922,15.112120752569922
length,arx,flow,common,mean,wp11a_span_1y_s10y,11,1.0,10.0,1,6.711694481549412,6.711694481549412,6.711694481549412
length,arx,flow,common,mean,wp11a_span_1y_s20y,21,1.0,20.0,1,3.241996984437756,3.241996984437756,3.241996984437756
length,arx,flow,common,median,wp11a_span_1y_s10y,11,1.0,10.0,1,6.674305809176472,6.674305809176472,6.674305809176472
length,arx,flow,common,median,wp11a_span_1y_s20y,21,1.0,20.0,1,1.3896279566906546,1.3896279566906546,1.3896279566906546
length,arx,flow,fitted,mean,wp11a_span_1y_s10y,11,1.0,10.0,1,6.711694481549412,6.711694481549412,6.711694481549412
length,arx,flow,fitted,mean,wp11a_span_1y_s20y,21,1.0,20.0,1,2.9938539460553186,2.9938539460553186,2.9938539460553186
length,arx,flow,fitted,median,wp11a_span_1y_s10y,11,1.0,10.0,1,6.674305809176472,6.674305809176472,6.674305809176472
length,arx,flow,fitted,median,wp11a_span_1y_s20y,21,1.0,20.0,1,1.4071016183403238,1.4071016183403238,1.4071016183403238
length,arx,flow,test,mean,wp11a_span_1y_s10y,11,1.0,10.0,1,14.402179777093133,14.402179777093133,14.402179777093133
length,arx,flow,test,mean,wp11a_span_1y_s20y,21,1.0,20.0,1,24.10883494422783,24.10883494422783,24.10883494422783
length,arx,flow,test,median,wp11a_span_1y_s10y,11,1.0,10.0,1,12.00249279721194,12.00249279721194,12.00249279721194
length,arx,flow,test,median,wp11a_span_1y_s20y,21,1.0,20.0,1,16.363924873118847,16.363924873118847,16.363924873118847
length,arx,stock,common,mean,wp11a_span_1y_s10y,11,1.0,10.0,1,5.614241236444684,5.614241236444684,5.614241236444684
length,arx,stock,common,mean,wp11a_span_1y_s20y,21,1.0,20.0,1,7.644616727661609,7.644616727661609,7.644616727661609
length,arx,stock,common,median,wp11a_span_1y_s10y,11,1.0,10.0,1,3.2055751369819143,3.2055751369819143,3.2055751369819143
length,arx,stock,common,median,wp11a_span_1y_s20y,21,1.0,20.0,1,4.809822099307727,4.809822099307727,4.809822099307727
length,arx,stock,fitted,mean,wp11a_span_1y_s10y,11,1.0,10.0,1,5.614241236444684,5.614241236444684,5.614241236444684
length,arx,stock,fitted,mean,wp11a_span_1y_s20y,21,1.0,20.0,1,10.71162921862159,10.71162921862159,10.71162921862159
length,arx,stock,fitted,median,wp11a_span_1y_s10y,11,1.0,10.0,1,3.2055751369819143,3.2055751369819143,3.2055751369819143
length,arx,stock,fitted,median,wp11a_span_1y_s20y,21,1.0,20.0,1,8.32443237488815,8.32443237488815,8.32443237488815
length,arx,stock,test,mean,wp11a_span_1y_s10y,11,1.0,10.0,1,7.673583042845359,7.673583042845359,7.673583042845359
length,arx,stock,test,mean,wp11a_span_1y_s20y,21,1.0,20.0,1,172.11436029824475,172.11436029824475,172.11436029824475
length,arx,stock,test,median,wp11a_span_1y_s10y,11,1.0,10.0,1,7.192350350430183,7.192350350430183,7.192350350430183
length,arx,stock,test,median,wp11a_span_1y_s20y,21,1.0,20.0,1,31.381835392750826,31.381835392750826,31.381835392750826
length,arx,tau,common,mean,wp11a_span_1y_s10y,11,1.0,10.0,1,4.627698412783337,4.627698412783337,4.627698412783337
length,arx,tau,common,mean,wp11a_span_1y_s20y,21,1.0,20.0,1,7.615226945731335,7.615226945731335,7.615226945731335
length,arx,tau,common,median,wp11a_span_1y_s10y,11,1.0,10.0,1,4.0523125420525705,4.0523125420525705,4.0523125420525705
length,arx,tau,common,median,wp11a_span_1y_s20y,21,1.0,20.0,1,6.249590633686001,6.249590633686001,6.249590633686001
length,arx,tau,fitted,mean,wp11a_span_1y_s10y,11,1.0,10.0,1,4.627698412783337,4.627698412783337,4.627698412783337
length,arx,tau,fitted,mean,wp11a_span_1y_s20y,21,1.0,20.0,1,7.369353918167279,7.369353918167279,7.369353918167279
length,arx,tau,fitted,median,wp11a_span_1y_s10y,11,1.0,10.0,1,4.0523125420525705,4.0523125420525705,4.0523125420525705
length,arx,tau,fitted,median,wp11a_span_1y_s20y,21,1.0,20.0,1,5.694962211305848,5.694962211305848,5.694962211305848
length,arx,tau,test,mean,wp11a_span_1y_s10y,11,1.0,10.0,1,9.780288461185098,9.780288461185098,9.780288461185098
length,arx,tau,test,mean,wp11a_span_1y_s20y,21,1.0,20.0,1,53.571733113686946,53.571733113686946,53.571733113686946
length,arx,tau,test,median,wp11a_span_1y_s10y,11,1.0,10.0,1,8.134830898230462,8.134830898230462,8.134830898230462
length,arx,tau,test,median,wp11a_span_1y_s20y,21,1.0,20.0,1,48.58742694455951,48.58742694455951,48.58742694455951
length,constTC,alpha,common,mean,wp11a_span_1y_s10y,11,1.0,10.0,1,8.962539109284355,8.962539109284355,8.962539109284355
length,constTC,alpha,common,mean,wp11a_span_1y_s20y,21,1.0,20.0,1,10.662607763707815,10.662607763707815,10.662607763707815
length,constTC,alpha,common,median,wp11a_span_1y_s10y,11,1.0,10.0,1,8.880890819402092,8.880890819402092,8.880890819402092
length,constTC,alpha,common,median,wp11a_span_1y_s20y,21,1.0,20.0,1,10.638707512082087,10.638707512082087,10.638707512082087
length,constTC,alpha,fitted,mean,wp11a_span_1y_s10y,11,1.0,10.0,1,8.962539109284355,8.962539109284355,8.962539109284355
length,constTC,alpha,fitted,mean,wp11a_span_1y_s20y,21,1.0,20.0,1,17.58310559565339,17.58310559565339,17.58310559565339
length,constTC,alpha,fitted,median,wp11a_span_1y_s10y,11,1.0,10.0,1,8.880890819402092,8.880890819402092,8.880890819402092
length,constTC,alpha,fitted,median,wp11a_span_1y_s20y,21,1.0,20.0,1,17.8464465421402,17.8464465421402,17.8464465421402
length,constTC,alpha,test,mean,wp11a_span_1y_s10y,11,1.0,10.0,1,22.774811726570203,22.774811726570203,22.774811726570203
length,constTC,alpha,test,mean,wp11a_span_1y_s20y,21,1.0,20.0,1,34.25323412399604,34.25323412399604,34.25323412399604
length,constTC,alpha,test,median,wp11a_span_1y_s10y,11,1.0,10.0,1,24.538558645949177,24.538558645949177,24.538558645949177
length,constTC,alpha,test,median,wp11a_span_1y_s20y,21,1.0,20.0,1,33.50009206323219,33.50009206323219,33.50009206323219
length,constTC,flow,common,mean,wp11a_span_1y_s10y,11,1.0,10.0,1,3.0924052495119345,3.0924052495119345,3.0924052495119345
length,constTC,flow,common,mean,wp11a_span_1y_s20y,21,1.0,20.0,1,3.7678094128280644,3.7678094128280644,3.7678094128280644
length,constTC,flow,common,median,wp11a_span_1y_s10y,11,1.0,10.0,1,2.2019549502571385,2.2019549502571385,2.2019549502571385
length,constTC,flow,common,median,wp11a_span_1y_s20y,21,1.0,20.0,1,2.8327504686695435,2.8327504686695435,2.8327504686695435
length,constTC,flow,fitted,mean,wp11a_span_1y_s10y,11,1.0,10.0,1,3.0924052495119345,3.0924052495119345,3.0924052495119345
length,constTC,flow,fitted,mean,wp11a_span_1y_s20y,21,1.0,20.0,1,6.371516812301288,6.371516812301288,6.371516812301288
length,constTC,flow,fitted,median,wp11a_span_1y_s10y,11,1.0,10.0,1,2.2019549502571385,2.2019549502571385,2.2019549502571385
length,constTC,flow,fitted,median,wp11a_span_1y_s20y,21,1.0,20.0,1,3.151153924077581,3.151153924077581,3.151153924077581
length,constTC,flow,test,mean,wp11a_span_1y_s10y,11,1.0,10.0,1,8.429625682356685,8.429625682356685,8.429625682356685
length,constTC,flow,test,mean,wp11a_span_1y_s20y,21,1.0,20.0,1,11.568171653823473,11.568171653823473,11.568171653823473
length,constTC,flow,test,median,wp11a_span_1y_s10y,11,1.0,10.0,1,4.462893799510213,4.462893799510213,4.462893799510213
length,constTC,flow,test,median,wp11a_span_1y_s20y,21,1.0,20.0,1,4.512442144119031,4.512442144119031,4.512442144119031
length,constTC,stock,common,mean,wp11a_span_1y_s10y,11,1.0,10.0,1,3.9304267532857327,3.9304267532857327,3.9304267532857327
length,constTC,stock,common,mean,wp11a_span_1y_s20y,21,1.0,20.0,1,6.010097682359143,6.010097682359143,6.010097682359143
length,constTC,stock,common,median,wp11a_span_1y_s10y,11,1.0,10.0,1,4.123149133312663,4.123149133312663,4.123149133312663
length,constTC,stock,common,median,wp11a_span_1y_s20y,21,1.0,20.0,1,6.1584830665571015,6.1584830665571015,6.1584830665571015
length,constTC,stock,fitted,mean,wp11a_span_1y_s10y,11,1.0,10.0,1,3.9304267532857327,3.9304267532857327,3.9304267532857327
length,constTC,stock,fitted,mean,wp11a_span_1y_s20y,21,1.0,20.0,1,8.944260300952926,8.944260300952926,8.944260300952926
length,constTC,stock,fitted,median,wp11a_span_1y_s10y,11,1.0,10.0,1,4.123149133312663,4.123149133312663,4.123149133312663
length,constTC,stock,fitted,median,wp11a_span_1y_s20y,21,1.0,20.0,1,9.272110348959234,9.272110348959234,9.272110348959234
length,constTC,stock,test,mean,wp11a_span_1y_s10y,11,1.0,10.0,1,12.520457532993486,12.520457532993486,12.520457532993486
length,constTC,stock,test,mean,wp11a_span_1y_s20y,21,1.0,20.0,1,32.68641132530246,32.68641132530246,32.68641132530246
length,constTC,stock,test,median,wp11a_span_1y_s10y,11,1.0,10.0,1,7.7788006350939884,7.7788006350939884,7.7788006350939884
length,constTC,stock,test,median,wp11a_span_1y_s20y,21,1.0,20.0,1,14.313311048357965,14.313311048357965,14.313311048357965
length,constTC,tau,common,mean,wp11a_span_1y_s10y,11,1.0,10.0,1,1.0300538012746825,1.0300538012746825,1.0300538012746825
length,constTC,tau,common,mean,wp11a_span_1y_s20y,21,1.0,20.0,1,0.9495271692340712,0.9495271692340712,0.9495271692340712
length,constTC,tau,common,median,wp11a_span_1y_s10y,11,1.0,10.0,1,1.4859714509846773e-06,1.4859714509846773e-06,1.4859714509846773e-06
length,constTC,tau,common,median,wp11a_span_1y_s20y,21,1.0,20.0,1,1.4859714509846773e-06,1.4859714509846773e-06,1.4859714509846773e-06
length,constTC,tau,fitted,mean,wp11a_span_1y_s10y,11,1.0,10.0,1,1.0300538012746825,1.0300538012746825,1.0300538012746825
length,constTC,tau,fitted,mean,wp11a_span_1y_s20y,21,1.0,20.0,1,1.853597469255563,1.853597469255563,1.853597469255563
length,constTC,tau,fitted,median,wp11a_span_1y_s10y,11,1.0,10.0,1,1.4859714509846773e-06,1.4859714509846773e-06,1.4859714509846773e-06
length,constTC,tau,fitted,median,wp11a_span_1y_s20y,21,1.0,20.0,1,4.81096685403608e-06,4.81096685403608e-06,4.81096685403608e-06
length,constTC,tau,test,mean,wp11a_span_1y_s10y,11,1.0,10.0,1,1.8247219807550592,1.8247219807550592,1.8247219807550592
length,constTC,tau,test,mean,wp11a_span_1y_s20y,21,1.0,20.0,1,5.040222003876336,5.040222003876336,5.040222003876336
length,constTC,tau,test,median,wp11a_span_1y_s10y,11,1.0,10.0,1,9.391237514532063e-06,9.391237514532063e-06,9.391237514532063e-06
length,constTC,tau,test,median,wp11a_span_1y_s20y,21,1.0,20.0,1,3.6945665585147866e-06,3.6945665585147866e-06,3.6945665585147866e-06
length,constTC_B,alpha,common,mean,wp11a_span_1y_s10y,11,1.0,10.0,1,5.519804065603629,5.519804065603629,5.519804065603629
length,constTC_B,alpha,common,mean,wp11a_span_1y_s20y,21,1.0,20.0,1,5.061501987127103,5.061501987127103,5.061501987127103
length,constTC_B,alpha,common,median,wp11a_span_1y_s10y,11,1.0,10.0,1,3.580446080692613,3.580446080692613,3.580446080692613
length,constTC_B,alpha,common,median,wp11a_span_1y_s20y,21,1.0,20.0,1,4.652655264172534,4.652655264172534,4.652655264172534
length,constTC_B,alpha,fitted,mean,wp11a_span_1y_s10y,11,1.0,10.0,1,5.519804065603629,5.519804065603629,5.519804065603629
length,constTC_B,alpha,fitted,mean,wp11a_span_1y_s20y,21,1.0,20.0,1,5.536213515211852,5.536213515211852,5.536213515211852
length,constTC_B,alpha,fitted,median,wp11a_span_1y_s10y,11,1.0,10.0,1,3.580446080692613,3.580446080692613,3.580446080692613
length,constTC_B,alpha,fitted,median,wp11a_span_1y_s20y,21,1.0,20.0,1,5.709051008730293,5.709051008730293,5.709051008730293
length,constTC_B,alpha,test,mean,wp11a_span_1y_s10y,11,1.0,10.0,1,18.1682594939005,18.1682594939005,18.1682594939005
length,constTC_B,alpha,test,mean,wp11a_span_1y_s20y,21,1.0,20.0,1,18.174330033609145,18.174330033609145,18.174330033609145
length,constTC_B,alpha,test,median,wp11a_span_1y_s10y,11,1.0,10.0,1,16.293537027299283,16.293537027299283,16.293537027299283
length,constTC_B,alpha,test,median,wp11a_span_1y_s20y,21,1.0,20.0,1,14.952487467212848,14.952487467212848,14.952487467212848
length,constTC_B,flow,common,mean,wp11a_span_1y_s10y,11,1.0,10.0,1,2.937661457991092,2.937661457991092,2.937661457991092
length,constTC_B,flow,common,mean,wp11a_span_1y_s20y,21,1.0,20.0,1,2.577809133544929,2.577809133544929,2.577809133544929
length,constTC_B,flow,common,median,wp11a_span_1y_s10y,11,1.0,10.0,1,1.5468411149552652,1.5468411149552652,1.5468411149552652
length,constTC_B,flow,common,median,wp11a_span_1y_s20y,21,1.0,20.0,1,1.4191819448492466,1.4191819448492466,1.4191819448492466
length,constTC_B,flow,fitted,mean,wp11a_span_1y_s10y,11,1.0,10.0,1,2.937661457991092,2.937661457991092,2.937661457991092
length,constTC_B,flow,fitted,mean,wp11a_span_1y_s20y,21,1.0,20.0,1,2.192085069242283,2.192085069242283,2.192085069242283
length,constTC_B,flow,fitted,median,wp11a_span_1y_s10y,11,1.0,10.0,1,1.5468411149552652,1.5468411149552652,1.5468411149552652
length,constTC_B,flow,fitted,median,wp11a_span_1y_s20y,21,1.0,20.0,1,1.1199901759274118,1.1199901759274118,1.1199901759274118
length,constTC_B,flow,test,mean,wp11a_span_1y_s10y,11,1.0,10.0,1,8.919279972151852,8.919279972151852,8.919279972151852
length,constTC_B,flow,test,mean,wp11a_span_1y_s20y,21,1.0,20.0,1,4.974511540282461,4.974511540282461,4.974511540282461
length,constTC_B,flow,test,median,wp11a_span_1y_s10y,11,1.0,10.0,1,5.379530174538679,5.379530174538679,5.379530174538679
length,constTC_B,flow,test,median,wp11a_span_1y_s20y,21,1.0,20.0,1,1.627888434889885,1.627888434889885,1.627888434889885
length,constTC_B,stock,common,mean,wp11a_span_1y_s10y,11,1.0,10.0,1,1.7075465768877351,1.7075465768877351,1.7075465768877351
length,constTC_B,stock,common,mean,wp11a_span_1y_s20y,21,1.0,20.0,1,1.5359892834171982,1.5359892834171982,1.5359892834171982
length,constTC_B,stock,common,median,wp11a_span_1y_s10y,11,1.0,10.0,1,1.757266722330399,1.757266722330399,1.757266722330399
length,constTC_B,stock,common,median,wp11a_span_1y_s20y,21,1.0,20.0,1,1.5655957215927796,1.5655957215927796,1.5655957215927796
length,constTC_B,stock,fitted,mean,wp11a_span_1y_s10y,11,1.0,10.0,1,1.7075465768877351,1.7075465768877351,1.7075465768877351
length,constTC_B,stock,fitted,mean,wp11a_span_1y_s20y,21,1.0,20.0,1,2.07066824996331,2.07066824996331,2.07066824996331
length,constTC_B,stock,fitted,median,wp11a_span_1y_s10y,11,1.0,10.0,1,1.757266722330399,1.757266722330399,1.757266722330399
length,constTC_B,stock,fitted,median,wp11a_span_1y_s20y,21,1.0,20.0,1,1.8926444885523623,1.8926444885523623,1.8926444885523623
length,constTC_B,stock,test,mean,wp11a_span_1y_s10y,11,1.0,10.0,1,6.520966151289732,6.520966151289732,6.520966151289732
length,constTC_B,stock,test,mean,wp11a_span_1y_s20y,21,1.0,20.0,1,16.21714771801191,16.21714771801191,16.21714771801191
length,constTC_B,stock,test,median,wp11a_span_1y_s10y,11,1.0,10.0,1,7.462735996371544,7.462735996371544,7.462735996371544
length,constTC_B,stock,test,median,wp11a_span_1y_s20y,21,1.0,20.0,1,6.063718578558746,6.063718578558746,6.063718578558746
length,constTC_B,tau,common,mean,wp11a_span_1y_s10y,11,1.0,10.0,1,3.2886331650135645,3.2886331650135645,3.2886331650135645
length,constTC_B,tau,common,mean,wp11a_span_1y_s20y,21,1.0,20.0,1,2.0001982278993293,2.0001982278993293,2.0001982278993293
length,constTC_B,tau,common,median,wp11a_span_1y_s10y,11,1.0,10.0,1,1.4859714509846773e-06,1.4859714509846773e-06,1.4859714509846773e-06
length,constTC_B,tau,common,median,wp11a_span_1y_s20y,21,1.0,20.0,1,1.4859714509846773e-06,1.4859714509846773e-06,1.4859714509846773e-06
length,constTC_B,tau,fitted,mean,wp11a_span_1y_s10y,11,1.0,10.0,1,3.2886331650135645,3.2886331650135645,3.2886331650135645
length,constTC_B,tau,fitted,mean,wp11a_span_1y_s20y,21,1.0,20.0,1,1.8156813438348145,1.8156813438348145,1.8156813438348145
length,constTC_B,tau,fitted,median,wp11a_span_1y_s10y,11,1.0,10.0,1,1.4859714509846773e-06,1.4859714509846773e-06,1.4859714509846773e-06
length,constTC_B,tau,fitted,median,wp11a_span_1y_s20y,21,1.0,20.0,1,4.81096685403608e-06,4.81096685403608e-06,4.81096685403608e-06
length,constTC_B,tau,test,mean,wp11a_span_1y_s10y,11,1.0,10.0,1,7.717154445420199,7.717154445420199,7.717154445420199
length,constTC_B,tau,test,mean,wp11a_span_1y_s20y,21,1.0,20.0,1,2.2660134987548117,2.2660134987548117,2.2660134987548117
length,constTC_B,tau,test,median,wp11a_span_1y_s10y,11,1.0,10.0,1,9.391237514532063e-06,9.391237514532063e-06,9.391237514532063e-06
length,constTC_B,tau,test,median,wp11a_span_1y_s20y,21,1.0,20.0,1,3.6945665585147866e-06,3.6945665585147866e-06,3.6945665585147866e-06
length,gam,alpha,common,mean,wp11a_span_1y_s10y,11,1.0,10.0,1,5.310562374520286,5.310562374520286,5.310562374520286
length,gam,alpha,common,mean,wp11a_span_1y_s20y,21,1.0,20.0,1,5.551707419951068,5.551707419951068,5.551707419951068
length,gam,alpha,common,median,wp11a_span_1y_s10y,11,1.0,10.0,1,3.5601384277645334,3.5601384277645334,3.5601384277645334
length,gam,alpha,common,median,wp11a_span_1y_s20y,21,1.0,20.0,1,3.7406462948653676,3.7406462948653676,3.7406462948653676
length,gam,alpha,fitted,mean,wp11a_span_1y_s10y,11,1.0,10.0,1,5.310562374520286,5.310562374520286,5.310562374520286
length,gam,alpha,fitted,mean,wp11a_span_1y_s20y,21,1.0,20.0,1,5.725307458765398,5.725307458765398,5.725307458765398
length,gam,alpha,fitted,median,wp11a_span_1y_s10y,11,1.0,10.0,1,3.5601384277645334,3.5601384277645334,3.5601384277645334
length,gam,alpha,fitted,median,wp11a_span_1y_s20y,21,1.0,20.0,1,5.224126339814497,5.224126339814497,5.224126339814497
length,gam,alpha,test,mean,wp11a_span_1y_s10y,11,1.0,10.0,1,17.58413309932839,17.58413309932839,17.58413309932839
length,gam,alpha,test,mean,wp11a_span_1y_s20y,21,1.0,20.0,1,17.559024170326573,17.559024170326573,17.559024170326573
length,gam,alpha,test,median,wp11a_span_1y_s10y,11,1.0,10.0,1,16.268620413685987,16.268620413685987,16.268620413685987
length,gam,alpha,test,median,wp11a_span_1y_s20y,21,1.0,20.0,1,13.035349788746185,13.035349788746185,13.035349788746185
length,gam,flow,common,mean,wp11a_span_1y_s10y,11,1.0,10.0,1,2.9518060058615903,2.9518060058615903,2.9518060058615903
length,gam,flow,common,mean,wp11a_span_1y_s20y,21,1.0,20.0,1,2.5762525510982015,2.5762525510982015,2.5762525510982015
length,gam,flow,common,median,wp11a_span_1y_s10y,11,1.0,10.0,1,1.55396078969956,1.55396078969956,1.55396078969956
length,gam,flow,common,median,wp11a_span_1y_s20y,21,1.0,20.0,1,1.546642757618892,1.546642757618892,1.546642757618892
length,gam,flow,fitted,mean,wp11a_span_1y_s10y,11,1.0,10.0,1,2.9518060058615903,2.9518060058615903,2.9518060058615903
length,gam,flow,fitted,mean,wp11a_span_1y_s20y,21,1.0,20.0,1,2.2346372394676277,2.2346372394676277,2.2346372394676277
length,gam,flow,fitted,median,wp11a_span_1y_s10y,11,1.0,10.0,1,1.55396078969956,1.55396078969956,1.55396078969956
length,gam,flow,fitted,median,wp11a_span_1y_s20y,21,1.0,20.0,1,1.1724588922869144,1.1724588922869144,1.1724588922869144
length,gam,flow,test,mean,wp11a_span_1y_s10y,11,1.0,10.0,1,8.491132147551177,8.491132147551177,8.491132147551177
length,gam,flow,test,mean,wp11a_span_1y_s20y,21,1.0,20.0,1,5.452784674701455,5.452784674701455,5.452784674701455
length,gam,flow,test,median,wp11a_span_1y_s10y,11,1.0,10.0,1,5.009185969577258,5.009185969577258,5.009185969577258
length,gam,flow,test,median,wp11a_span_1y_s20y,21,1.0,20.0,1,1.930061189524844,1.930061189524844,1.930061189524844
length,gam,stock,common,mean,wp11a_span_1y_s10y,11,1.0,10.0,1,1.7045121562817265,1.7045121562817265,1.7045121562817265
length,gam,stock,common,mean,wp11a_span_1y_s20y,21,1.0,20.0,1,1.5548451118419147,1.5548451118419147,1.5548451118419147
length,gam,stock,common,median,wp11a_span_1y_s10y,11,1.0,10.0,1,1.7518701019794105,1.7518701019794105,1.7518701019794105
length,gam,stock,common,median,wp11a_span_1y_s20y,21,1.0,20.0,1,1.715429140953358,1.715429140953358,1.715429140953358
length,gam,stock,fitted,mean,wp11a_span_1y_s10y,11,1.0,10.0,1,1.7045121562817265,1.7045121562817265,1.7045121562817265
length,gam,stock,fitted,mean,wp11a_span_1y_s20y,21,1.0,20.0,1,2.0860959466634026,2.0860959466634026,2.0860959466634026
length,gam,stock,fitted,median,wp11a_span_1y_s10y,11,1.0,10.0,1,1.7518701019794105,1.7518701019794105,1.7518701019794105
length,gam,stock,fitted,median,wp11a_span_1y_s20y,21,1.0,20.0,1,1.8920226598083465,1.8920226598083465,1.8920226598083465
length,gam,stock,test,mean,wp11a_span_1y_s10y,11,1.0,10.0,1,6.479561761619429,6.479561761619429,6.479561761619429
length,gam,stock,test,mean,wp11a_span_1y_s20y,21,1.0,20.0,1,15.552153014767924,15.552153014767924,15.552153014767924
length,gam,stock,test,median,wp11a_span_1y_s10y,11,1.0,10.0,1,7.389426105101183,7.389426105101183,7.389426105101183
length,gam,stock,test,median,wp11a_span_1y_s20y,21,1.0,20.0,1,4.447165304788404,4.447165304788404,4.447165304788404
length,gam,tau,common,mean,wp11a_span_1y_s10y,11,1.0,10.0,1,3.487278397884876,3.487278397884876,3.487278397884876
length,gam,tau,common,mean,wp11a_span_1y_s20y,21,1.0,20.0,1,2.7393340384998917,2.7393340384998917,2.7393340384998917
length,gam,tau,common,median,wp11a_span_1y_s10y,11,1.0,10.0,1,1.4859714509846773e-06,1.4859714509846773e-06,1.4859714509846773e-06
length,gam,tau,common,median,wp11a_span_1y_s20y,21,1.0,20.0,1,1.4859714509846773e-06,1.4859714509846773e-06,1.4859714509846773e-06
length,gam,tau,fitted,mean,wp11a_span_1y_s10y,11,1.0,10.0,1,3.487278397884876,3.487278397884876,3.487278397884876
length,gam,tau,fitted,mean,wp11a_span_1y_s20y,21,1.0,20.0,1,2.3840775291752507,2.3840775291752507,2.3840775291752507
length,gam,tau,fitted,median,wp11a_span_1y_s10y,11,1.0,10.0,1,1.4859714509846773e-06,1.4859714509846773e-06,1.4859714509846773e-06
length,gam,tau,fitted,median,wp11a_span_1y_s20y,21,1.0,20.0,1,4.81096685403608e-06,4.81096685403608e-06,4.81096685403608e-06
length,gam,tau,test,mean,wp11a_span_1y_s10y,11,1.0,10.0,1,7.372905556737067,7.372905556737067,7.372905556737067
length,gam,tau,test,mean,wp11a_span_1y_s20y,21,1.0,20.0,1,2.535902396878058,2.535902396878058,2.535902396878058
length,gam,tau,test,median,wp11a_span_1y_s10y,11,1.0,10.0,1,9.391237514532063e-06,9.391237514532063e-06,9.391237514532063e-06
length,gam,tau,test,median,wp11a_span_1y_s20y,21,1.0,20.0,1,3.6945665585147866e-06,3.6945665585147866e-06,3.6945665585147866e-06
length,ude,alpha,common,mean,wp11a_span_1y_s10y,11,1.0,10.0,8,10.80912824847816,10.07616292499549,10.976920416850227
length,ude,alpha,common,mean,wp11a_span_1y_s20y,21,1.0,20.0,8,10.286445777377425,9.716722903246627,11.006074382018577
length,ude,alpha,common,median,wp11a_span_1y_s10y,11,1.0,10.0,8,10.639839007884948,9.63255923016908,11.620181343703667
length,ude,alpha,common,median,wp11a_span_1y_s20y,21,1.0,20.0,8,8.862728648978194,8.220336759787193,10.449549217010013
length,ude,alpha,fitted,mean,wp11a_span_1y_s10y,11,1.0,10.0,8,10.80912824847816,10.07616292499549,10.976920416850227
length,ude,alpha,fitted,mean,wp11a_span_1y_s20y,21,1.0,20.0,8,8.963287284825437,8.652179954527753,9.200654330520658
length,ude,alpha,fitted,median,wp11a_span_1y_s10y,11,1.0,10.0,8,10.639839007884948,9.63255923016908,11.620181343703667
length,ude,alpha,fitted,median,wp11a_span_1y_s20y,21,1.0,20.0,8,8.230247928122107,7.732484528202684,8.635504119496513
length,ude,alpha,test,mean,wp11a_span_1y_s10y,11,1.0,10.0,8,25.743166110591027,21.416678378679936,29.752057286267856
length,ude,alpha,test,mean,wp11a_span_1y_s20y,21,1.0,20.0,8,23.381899200043108,19.059920397381152,27.101110200154952
length,ude,alpha,test,median,wp11a_span_1y_s10y,11,1.0,10.0,8,24.44183251547824,21.9645673666563,26.078974887338834
length,ude,alpha,test,median,wp11a_span_1y_s20y,21,1.0,20.0,8,23.319146825535178,17.080202774762004,27.59250134230666
length,ude,flow,common,mean,wp11a_span_1y_s10y,11,1.0,10.0,8,5.089346467315974,4.669285115878037,5.402556657550703
length,ude,flow,common,mean,wp11a_span_1y_s20y,21,1.0,20.0,8,4.2162541123468715,4.149981625833613,4.4191320287794404
length,ude,flow,common,median,wp11a_span_1y_s10y,11,1.0,10.0,8,2.33253426313636,2.300802909753755,2.384354012155384
length,ude,flow,common,median,wp11a_span_1y_s20y,21,1.0,20.0,8,2.090745269559496,2.0222649043725407,2.3188444803973054
length,ude,flow,fitted,mean,wp11a_span_1y_s10y,11,1.0,10.0,8,5.089346467315974,4.669285115878037,5.402556657550703
length,ude,flow,fitted,mean,wp11a_span_1y_s20y,21,1.0,20.0,8,3.7867097873008624,3.6987641338229498,3.9990011829754577
length,ude,flow,fitted,median,wp11a_span_1y_s10y,11,1.0,10.0,8,2.33253426313636,2.300802909753755,2.384354012155384
length,ude,flow,fitted,median,wp11a_span_1y_s20y,21,1.0,20.0,8,1.7731262825202538,1.743602339380188,1.8341849373206434
length,ude,flow,test,mean,wp11a_span_1y_s10y,11,1.0,10.0,8,10.568295486041475,9.545066889241799,11.343808151482474
length,ude,flow,test,mean,wp11a_span_1y_s20y,21,1.0,20.0,8,9.001263902684997,6.953984109507891,11.08686861934087
length,ude,flow,test,median,wp11a_span_1y_s10y,11,1.0,10.0,8,7.003767968529665,6.2811640563647435,8.8398557195744
length,ude,flow,test,median,wp11a_span_1y_s20y,21,1.0,20.0,8,3.570243670573808,3.078697081227299,3.8002083167544463
length,ude,stock,common,mean,wp11a_span_1y_s10y,11,1.0,10.0,8,2.1944319170093443,2.1681041036669546,2.2190520710611725
length,ude,stock,common,mean,wp11a_span_1y_s20y,21,1.0,20.0,8,2.0328767882540477,2.0166136404737816,2.053342472848581
length,ude,stock,common,median,wp11a_span_1y_s10y,11,1.0,10.0,8,1.8399131826843,1.8307765316120017,1.8473103520218253
length,ude,stock,common,median,wp11a_span_1y_s20y,21,1.0,20.0,8,1.7618486935086204,1.7589180912530131,1.7715602452853996
length,ude,stock,fitted,mean,wp11a_span_1y_s10y,11,1.0,10.0,8,2.1944319170093443,2.1681041036669546,2.2190520710611725
length,ude,stock,fitted,mean,wp11a_span_1y_s20y,21,1.0,20.0,8,2.3316604780610692,2.321220576578645,2.3423739817556393
length,ude,stock,fitted,median,wp11a_span_1y_s10y,11,1.0,10.0,8,1.8399131826843,1.8307765316120017,1.8473103520218253
length,ude,stock,fitted,median,wp11a_span_1y_s20y,21,1.0,20.0,8,1.9600064069852245,1.9253793650062807,1.9817736021340508
length,ude,stock,test,mean,wp11a_span_1y_s10y,11,1.0,10.0,8,13.090095633772272,12.262059115437475,18.318831620933107
length,ude,stock,test,mean,wp11a_span_1y_s20y,21,1.0,20.0,8,16.50313498410435,15.12266663865836,17.62114182592523
length,ude,stock,test,median,wp11a_span_1y_s10y,11,1.0,10.0,8,12.436299352301429,9.129438237793373,15.262947610647586
length,ude,stock,test,median,wp11a_span_1y_s20y,21,1.0,20.0,8,9.50258727497502,6.5293625594579945,15.062386572172084
length,ude,tau,common,mean,wp11a_span_1y_s10y,11,1.0,10.0,8,5.74051377382333,4.9641069939675155,6.186688317502048
length,ude,tau,common,mean,wp11a_span_1y_s20y,21,1.0,20.0,8,3.8716792617211646,3.3528301474786892,3.9229710678634113
length,ude,tau,common,median,wp11a_span_1y_s10y,11,1.0,10.0,8,1.4859714509846773e-06,1.4859714509846773e-06,1.4859714509846773e-06
length,ude,tau,common,median,wp11a_span_1y_s20y,21,1.0,20.0,8,1.4859714509846773e-06,1.4859714509846773e-06,1.4859714509846773e-06
length,ude,tau,fitted,mean,wp11a_span_1y_s10y,11,1.0,10.0,8,5.74051377382333,4.9641069939675155,6.186688317502048
length,ude,tau,fitted,mean,wp11a_span_1y_s20y,21,1.0,20.0,8,3.9187969304353163,3.542089631975254,4.208563180405017
length,ude,tau,fitted,median,wp11a_span_1y_s10y,11,1.0,10.0,8,1.4859714509846773e-06,1.4859714509846773e-06,1.4859714509846773e-06
length,ude,tau,fitted,median,wp11a_span_1y_s20y,21,1.0,20.0,8,4.81096685403608e-06,4.81096685403608e-06,4.81096685403608e-06
length,ude,tau,test,mean,wp11a_span_1y_s10y,11,1.0,10.0,8,9.137601281267028,8.2133152561071,10.790158792163469
length,ude,tau,test,mean,wp11a_span_1y_s20y,21,1.0,20.0,8,6.001181105976947,5.144216839664521,7.723080934088844
length,ude,tau,test,median,wp11a_span_1y_s10y,11,1.0,10.0,8,9.391237514532063e-06,9.391237514532063e-06,9.391237514532063e-06
length,ude,tau,test,median,wp11a_span_1y_s20y,21,1.0,20.0,8,3.6945665585147866e-06,3.6945665585147866e-06,3.6945665585147866e-06
matchedN,arx,alpha,common,mean,wp11a_matchedN_0p25y_s10y,41,0.25,10.0,1,3.270924038864755,3.270924038864755,3.270924038864755
matchedN,arx,alpha,common,mean,wp11a_matchedN_0p083y_s13y,157,0.0833333333333333,13.0,1,3.214603507720067,3.214603507720067,3.214603507720067
matchedN,arx,alpha,common,median,wp11a_matchedN_0p25y_s10y,41,0.25,10.0,1,3.296755618844535,3.296755618844535,3.296755618844535
matchedN,arx,alpha,common,median,wp11a_matchedN_0p083y_s13y,157,0.0833333333333333,13.0,1,3.2272319532404925,3.2272319532404925,3.2272319532404925
matchedN,arx,alpha,fitted,mean,wp11a_matchedN_0p25y_s10y,41,0.25,10.0,1,3.270924038864755,3.270924038864755,3.270924038864755
matchedN,arx,alpha,fitted,mean,wp11a_matchedN_0p083y_s13y,157,0.0833333333333333,13.0,1,3.3811694536512498,3.3811694536512498,3.3811694536512498
matchedN,arx,alpha,fitted,median,wp11a_matchedN_0p25y_s10y,41,0.25,10.0,1,3.296755618844535,3.296755618844535,3.296755618844535
matchedN,arx,alpha,fitted,median,wp11a_matchedN_0p083y_s13y,157,0.0833333333333333,13.0,1,3.2179269645656845,3.2179269645656845,3.2179269645656845
matchedN,arx,alpha,test,mean,wp11a_matchedN_0p25y_s10y,41,0.25,10.0,1,6.859380823212362,6.859380823212362,6.859380823212362
matchedN,arx,alpha,test,mean,wp11a_matchedN_0p083y_s13y,157,0.0833333333333333,13.0,1,7.334757811621446,7.334757811621446,7.334757811621446
matchedN,arx,alpha,test,median,wp11a_matchedN_0p25y_s10y,41,0.25,10.0,1,7.011703825395745,7.011703825395745,7.011703825395745
matchedN,arx,alpha,test,median,wp11a_matchedN_0p083y_s13y,157,0.0833333333333333,13.0,1,7.387217993701787,7.387217993701787,7.387217993701787
matchedN,arx,flow,common,mean,wp11a_matchedN_0p25y_s10y,41,0.25,10.0,1,2.3611897154344716,2.3611897154344716,2.3611897154344716
matchedN,arx,flow,common,mean,wp11a_matchedN_0p083y_s13y,157,0.0833333333333333,13.0,1,1.68744896874895,1.68744896874895,1.68744896874895
matchedN,arx,flow,common,median,wp11a_matchedN_0p25y_s10y,41,0.25,10.0,1,1.9983200889472523,1.9983200889472523,1.9983200889472523
matchedN,arx,flow,common,median,wp11a_matchedN_0p083y_s13y,157,0.0833333333333333,13.0,1,1.5777595259917456,1.5777595259917456,1.5777595259917456
matchedN,arx,flow,fitted,mean,wp11a_matchedN_0p25y_s10y,41,0.25,10.0,1,2.3611897154344716,2.3611897154344716,2.3611897154344716
matchedN,arx,flow,fitted,mean,wp11a_matchedN_0p083y_s13y,157,0.0833333333333333,13.0,1,2.1381202703393103,2.1381202703393103,2.1381202703393103
matchedN,arx,flow,fitted,median,wp11a_matchedN_0p25y_s10y,41,0.25,10.0,1,1.9983200889472523,1.9983200889472523,1.9983200889472523
matchedN,arx,flow,fitted,median,wp11a_matchedN_0p083y_s13y,157,0.0833333333333333,13.0,1,1.6039562266640504,1.6039562266640504,1.6039562266640504
matchedN,arx,flow,test,mean,wp11a_matchedN_0p25y_s10y,41,0.25,10.0,1,22.3682309737597,22.3682309737597,22.3682309737597
matchedN,arx,flow,test,mean,wp11a_matchedN_0p083y_s13y,157,0.0833333333333333,13.0,1,6.353731052332388,6.353731052332388,6.353731052332388
matchedN,arx,flow,test,median,wp11a_matchedN_0p25y_s10y,41,0.25,10.0,1,12.850126944085314,12.850126944085314,12.850126944085314
matchedN,arx,flow,test,median,wp11a_matchedN_0p083y_s13y,157,0.0833333333333333,13.0,1,5.64520409785514,5.64520409785514,5.64520409785514
matchedN,arx,stock,common,mean,wp11a_matchedN_0p25y_s10y,41,0.25,10.0,1,4.120695529398912,4.120695529398912,4.120695529398912
matchedN,arx,stock,common,mean,wp11a_matchedN_0p083y_s13y,157,0.0833333333333333,13.0,1,3.4475809040322165,3.4475809040322165,3.4475809040322165
matchedN,arx,stock,common,median,wp11a_matchedN_0p25y_s10y,41,0.25,10.0,1,2.26651834332351,2.26651834332351,2.26651834332351
matchedN,arx,stock,common,median,wp11a_matchedN_0p083y_s13y,157,0.0833333333333333,13.0,1,2.2359306682152766,2.2359306682152766,2.2359306682152766
matchedN,arx,stock,fitted,mean,wp11a_matchedN_0p25y_s10y,41,0.25,10.0,1,4.120695529398912,4.120695529398912,4.120695529398912
matchedN,arx,stock,fitted,mean,wp11a_matchedN_0p083y_s13y,157,0.0833333333333333,13.0,1,3.289692515364629,3.289692515364629,3.289692515364629
matchedN,arx,stock,fitted,median,wp11a_matchedN_0p25y_s10y,41,0.25,10.0,1,2.26651834332351,2.26651834332351,2.26651834332351
matchedN,arx,stock,fitted,median,wp11a_matchedN_0p083y_s13y,157,0.0833333333333333,13.0,1,2.334712883867738,2.334712883867738,2.334712883867738
matchedN,arx,stock,test,mean,wp11a_matchedN_0p25y_s10y,41,0.25,10.0,1,47.76708046207657,47.76708046207657,47.76708046207657
matchedN,arx,stock,test,mean,wp11a_matchedN_0p083y_s13y,157,0.0833333333333333,13.0,1,72.8413632923835,72.8413632923835,72.8413632923835
matchedN,arx,stock,test,median,wp11a_matchedN_0p25y_s10y,41,0.25,10.0,1,4.836258667109202,4.836258667109202,4.836258667109202
matchedN,arx,stock,test,median,wp11a_matchedN_0p083y_s13y,157,0.0833333333333333,13.0,1,66.02526527424199,66.02526527424199,66.02526527424199
matchedN,arx,tau,common,mean,wp11a_matchedN_0p25y_s10y,41,0.25,10.0,1,4.270967067229951,4.270967067229951,4.270967067229951
matchedN,arx,tau,common,mean,wp11a_matchedN_0p083y_s13y,157,0.0833333333333333,13.0,1,2.6268120810052453,2.6268120810052453,2.6268120810052453
matchedN,arx,tau,common,median,wp11a_matchedN_0p25y_s10y,41,0.25,10.0,1,3.2875831148024552,3.2875831148024552,3.2875831148024552
matchedN,arx,tau,common,median,wp11a_matchedN_0p083y_s13y,157,0.0833333333333333,13.0,1,2.445926708090416,2.445926708090416,2.445926708090416
matchedN,arx,tau,fitted,mean,wp11a_matchedN_0p25y_s10y,41,0.25,10.0,1,4.270967067229951,4.270967067229951,4.270967067229951
matchedN,arx,tau,fitted,mean,wp11a_matchedN_0p083y_s13y,157,0.0833333333333333,13.0,1,2.7275927442957766,2.7275927442957766,2.7275927442957766
matchedN,arx,tau,fitted,median,wp11a_matchedN_0p25y_s10y,41,0.25,10.0,1,3.2875831148024552,3.2875831148024552,3.2875831148024552
matchedN,arx,tau,fitted,median,wp11a_matchedN_0p083y_s13y,157,0.0833333333333333,13.0,1,2.3286683674105797,2.3286683674105797,2.3286683674105797
matchedN,arx,tau,test,mean,wp11a_matchedN_0p25y_s10y,41,0.25,10.0,1,22.246547955102926,22.246547955102926,22.246547955102926
matchedN,arx,tau,test,mean,wp11a_matchedN_0p083y_s13y,157,0.0833333333333333,13.0,1,24.695152233317838,24.695152233317838,24.695152233317838
matchedN,arx,tau,test,median,wp11a_matchedN_0p25y_s10y,41,0.25,10.0,1,5.702861708014089,5.702861708014089,5.702861708014089
matchedN,arx,tau,test,median,wp11a_matchedN_0p083y_s13y,157,0.0833333333333333,13.0,1,9.190800126519079,9.190800126519079,9.190800126519079
matchedN,constTC,alpha,common,mean,wp11a_matchedN_0p25y_s10y,41,0.25,10.0,1,8.949242044442798,8.949242044442798,8.949242044442798
matchedN,constTC,alpha,common,mean,wp11a_matchedN_0p083y_s13y,157,0.0833333333333333,13.0,1,8.067834797583044,8.067834797583044,8.067834797583044
matchedN,constTC,alpha,common,median,wp11a_matchedN_0p25y_s10y,41,0.25,10.0,1,9.603517450040407,9.603517450040407,9.603517450040407
matchedN,constTC,alpha,common,median,wp11a_matchedN_0p083y_s13y,157,0.0833333333333333,13.0,1,8.616442549580004,8.616442549580004,8.616442549580004
matchedN,constTC,alpha,fitted,mean,wp11a_matchedN_0p25y_s10y,41,0.25,10.0,1,8.949242044442798,8.949242044442798,8.949242044442798
matchedN,constTC,alpha,fitted,mean,wp11a_matchedN_0p083y_s13y,157,0.0833333333333333,13.0,1,14.517433254618785,14.517433254618785,14.517433254618785
matchedN,constTC,alpha,fitted,median,wp11a_matchedN_0p25y_s10y,41,0.25,10.0,1,9.603517450040407,9.603517450040407,9.603517450040407
matchedN,constTC,alpha,fitted,median,wp11a_matchedN_0p083y_s13y,157,0.0833333333333333,13.0,1,14.060551551556067,14.060551551556067,14.060551551556067
matchedN,constTC,alpha,test,mean,wp11a_matchedN_0p25y_s10y,41,0.25,10.0,1,22.86445196823731,22.86445196823731,22.86445196823731
matchedN,constTC,alpha,test,mean,wp11a_matchedN_0p083y_s13y,157,0.0833333333333333,13.0,1,24.019191688134374,24.019191688134374,24.019191688134374
matchedN,constTC,alpha,test,median,wp11a_matchedN_0p25y_s10y,41,0.25,10.0,1,24.156931662569427,24.156931662569427,24.156931662569427
matchedN,constTC,alpha,test,median,wp11a_matchedN_0p083y_s13y,157,0.0833333333333333,13.0,1,25.074113616790935,25.074113616790935,25.074113616790935
matchedN,constTC,flow,common,mean,wp11a_matchedN_0p25y_s10y,41,0.25,10.0,1,3.7128037512358945,3.7128037512358945,3.7128037512358945
matchedN,constTC,flow,common,mean,wp11a_matchedN_0p083y_s13y,157,0.0833333333333333,13.0,1,3.050991998000441,3.050991998000441,3.050991998000441
matchedN,constTC,flow,common,median,wp11a_matchedN_0p25y_s10y,41,0.25,10.0,1,2.5096460435496573,2.5096460435496573,2.5096460435496573
matchedN,constTC,flow,common,median,wp11a_matchedN_0p083y_s13y,157,0.0833333333333333,13.0,1,2.179814223985765,2.179814223985765,2.179814223985765
matchedN,constTC,flow,fitted,mean,wp11a_matchedN_0p25y_s10y,41,0.25,10.0,1,3.7128037512358945,3.7128037512358945,3.7128037512358945
matchedN,constTC,flow,fitted,mean,wp11a_matchedN_0p083y_s13y,157,0.0833333333333333,13.0,1,5.651184459559138,5.651184459559138,5.651184459559138
matchedN,constTC,flow,fitted,median,wp11a_matchedN_0p25y_s10y,41,0.25,10.0,1,2.5096460435496573,2.5096460435496573,2.5096460435496573
matchedN,constTC,flow,fitted,median,wp11a_matchedN_0p083y_s13y,157,0.0833333333333333,13.0,1,2.814371900209903,2.814371900209903,2.814371900209903
matchedN,constTC,flow,test,mean,wp11a_matchedN_0p25y_s10y,41,0.25,10.0,1,9.470020500102478,9.470020500102478,9.470020500102478
matchedN,constTC,flow,test,mean,wp11a_matchedN_0p083y_s13y,157,0.0833333333333333,13.0,1,7.533476745440004,7.533476745440004,7.533476745440004
matchedN,constTC,flow,test,median,wp11a_matchedN_0p25y_s10y,41,0.25,10.0,1,4.847157736558015,4.847157736558015,4.847157736558015
matchedN,constTC,flow,test,median,wp11a_matchedN_0p083y_s13y,157,0.0833333333333333,13.0,1,3.755582175350749,3.755582175350749,3.755582175350749
matchedN,constTC,stock,common,mean,wp11a_matchedN_0p25y_s10y,41,0.25,10.0,1,4.473285828862565,4.473285828862565,4.473285828862565
matchedN,constTC,stock,common,mean,wp11a_matchedN_0p083y_s13y,157,0.0833333333333333,13.0,1,3.9986804627059596,3.9986804627059596,3.9986804627059596
matchedN,constTC,stock,common,median,wp11a_matchedN_0p25y_s10y,41,0.25,10.0,1,4.646117672992756,4.646117672992756,4.646117672992756
matchedN,constTC,stock,common,median,wp11a_matchedN_0p083y_s13y,157,0.0833333333333333,13.0,1,4.27589521399884,4.27589521399884,4.27589521399884
matchedN,constTC,stock,fitted,mean,wp11a_matchedN_0p25y_s10y,41,0.25,10.0,1,4.473285828862565,4.473285828862565,4.473285828862565
matchedN,constTC,stock,fitted,mean,wp11a_matchedN_0p083y_s13y,157,0.0833333333333333,13.0,1,5.726901646589495,5.726901646589495,5.726901646589495
matchedN,constTC,stock,fitted,median,wp11a_matchedN_0p25y_s10y,41,0.25,10.0,1,4.646117672992756,4.646117672992756,4.646117672992756
matchedN,constTC,stock,fitted,median,wp11a_matchedN_0p083y_s13y,157,0.0833333333333333,13.0,1,4.615854528858431,4.615854528858431,4.615854528858431
matchedN,constTC,stock,test,mean,wp11a_matchedN_0p25y_s10y,41,0.25,10.0,1,12.00672467829585,12.00672467829585,12.00672467829585
matchedN,constTC,stock,test,mean,wp11a_matchedN_0p083y_s13y,157,0.0833333333333333,13.0,1,16.631547346549148,16.631547346549148,16.631547346549148
matchedN,constTC,stock,test,median,wp11a_matchedN_0p25y_s10y,41,0.25,10.0,1,6.195039961585163,6.195039961585163,6.195039961585163
matchedN,constTC,stock,test,median,wp11a_matchedN_0p083y_s13y,157,0.0833333333333333,13.0,1,17.631585402112776,17.631585402112776,17.631585402112776
matchedN,constTC,tau,common,mean,wp11a_matchedN_0p25y_s10y,41,0.25,10.0,1,1.685202078038468,1.685202078038468,1.685202078038468
matchedN,constTC,tau,common,mean,wp11a_matchedN_0p083y_s13y,157,0.0833333333333333,13.0,1,1.1111870395081604,1.1111870395081604,1.1111870395081604
matchedN,constTC,tau,common,median,wp11a_matchedN_0p25y_s10y,41,0.25,10.0,1,4.431804666672238e-06,4.431804666672238e-06,4.431804666672238e-06
matchedN,constTC,tau,common,median,wp11a_matchedN_0p083y_s13y,157,0.0833333333333333,13.0,1,1.328446081861376e-05,1.328446081861376e-05,1.328446081861376e-05
matchedN,constTC,tau,fitted,mean,wp11a_matchedN_0p25y_s10y,41,0.25,10.0,1,1.685202078038468,1.685202078038468,1.685202078038468
matchedN,constTC,tau,fitted,mean,wp11a_matchedN_0p083y_s13y,157,0.0833333333333333,13.0,1,1.4522993658699073,1.4522993658699073,1.4522993658699073
matchedN,constTC,tau,fitted,median,wp11a_matchedN_0p25y_s10y,41,0.25,10.0,1,4.431804666672238e-06,4.431804666672238e-06,4.431804666672238e-06
matchedN,constTC,tau,fitted,median,wp11a_matchedN_0p083y_s13y,157,0.0833333333333333,13.0,1,1.8445299893370666e-05,1.8445299893370666e-05,1.8445299893370666e-05
matchedN,constTC,tau,test,mean,wp11a_matchedN_0p25y_s10y,41,0.25,10.0,1,2.6612961029102142,2.6612961029102142,2.6612961029102142
matchedN,constTC,tau,test,mean,wp11a_matchedN_0p083y_s13y,157,0.0833333333333333,13.0,1,2.5284370517400854,2.5284370517400854,2.5284370517400854
matchedN,constTC,tau,test,median,wp11a_matchedN_0p25y_s10y,41,0.25,10.0,1,3.766969193967353e-05,3.766969193967353e-05,3.766969193967353e-05
matchedN,constTC,tau,test,median,wp11a_matchedN_0p083y_s13y,157,0.0833333333333333,13.0,1,0.00010950630877796543,0.00010950630877796543,0.00010950630877796543
matchedN,constTC_B,alpha,common,mean,wp11a_matchedN_0p25y_s10y,41,0.25,10.0,1,3.024504266579809,3.024504266579809,3.024504266579809
matchedN,constTC_B,alpha,common,mean,wp11a_matchedN_0p083y_s13y,157,0.0833333333333333,13.0,1,3.6763849579869214,3.6763849579869214,3.6763849579869214
matchedN,constTC_B,alpha,common,median,wp11a_matchedN_0p25y_s10y,41,0.25,10.0,1,3.0486589821710197,3.0486589821710197,3.0486589821710197
matchedN,constTC_B,alpha,common,median,wp11a_matchedN_0p083y_s13y,157,0.0833333333333333,13.0,1,3.1157845060683007,3.1157845060683007,3.1157845060683007
matchedN,constTC_B,alpha,fitted,mean,wp11a_matchedN_0p25y_s10y,41,0.25,10.0,1,3.024504266579809,3.024504266579809,3.024504266579809
matchedN,constTC_B,alpha,fitted,mean,wp11a_matchedN_0p083y_s13y,157,0.0833333333333333,13.0,1,3.7075949467491647,3.7075949467491647,3.7075949467491647
matchedN,constTC_B,alpha,fitted,median,wp11a_matchedN_0p25y_s10y,41,0.25,10.0,1,3.0486589821710197,3.0486589821710197,3.0486589821710197
matchedN,constTC_B,alpha,fitted,median,wp11a_matchedN_0p083y_s13y,157,0.0833333333333333,13.0,1,3.268994913993339,3.268994913993339,3.268994913993339
matchedN,constTC_B,alpha,test,mean,wp11a_matchedN_0p25y_s10y,41,0.25,10.0,1,14.177753359290229,14.177753359290229,14.177753359290229
matchedN,constTC_B,alpha,test,mean,wp11a_matchedN_0p083y_s13y,157,0.0833333333333333,13.0,1,7.460383148966029,7.460383148966029,7.460383148966029
matchedN,constTC_B,alpha,test,median,wp11a_matchedN_0p25y_s10y,41,0.25,10.0,1,16.348967417511645,16.348967417511645,16.348967417511645
matchedN,constTC_B,alpha,test,median,wp11a_matchedN_0p083y_s13y,157,0.0833333333333333,13.0,1,6.2862986474427265,6.2862986474427265,6.2862986474427265
matchedN,constTC_B,flow,common,mean,wp11a_matchedN_0p25y_s10y,41,0.25,10.0,1,1.4496911831983528,1.4496911831983528,1.4496911831983528
matchedN,constTC_B,flow,common,mean,wp11a_matchedN_0p083y_s13y,157,0.0833333333333333,13.0,1,1.5980458986965842,1.5980458986965842,1.5980458986965842
matchedN,constTC_B,flow,common,median,wp11a_matchedN_0p25y_s10y,41,0.25,10.0,1,0.7581363667492217,0.7581363667492217,0.7581363667492217
matchedN,constTC_B,flow,common,median,wp11a_matchedN_0p083y_s13y,157,0.0833333333333333,13.0,1,0.8271348175592614,0.8271348175592614,0.8271348175592614
matchedN,constTC_B,flow,fitted,mean,wp11a_matchedN_0p25y_s10y,41,0.25,10.0,1,1.4496911831983528,1.4496911831983528,1.4496911831983528
matchedN,constTC_B,flow,fitted,mean,wp11a_matchedN_0p083y_s13y,157,0.0833333333333333,13.0,1,1.5529996138298285,1.5529996138298285,1.5529996138298285
matchedN,constTC_B,flow,fitted,median,wp11a_matchedN_0p25y_s10y,41,0.25,10.0,1,0.7581363667492217,0.7581363667492217,0.7581363667492217
matchedN,constTC_B,flow,fitted,median,wp11a_matchedN_0p083y_s13y,157,0.0833333333333333,13.0,1,0.8648045219355993,0.8648045219355993,0.8648045219355993
matchedN,constTC_B,flow,test,mean,wp11a_matchedN_0p25y_s10y,41,0.25,10.0,1,5.724999465128632,5.724999465128632,5.724999465128632
matchedN,constTC_B,flow,test,mean,wp11a_matchedN_0p083y_s13y,157,0.0833333333333333,13.0,1,1.955307017156931,1.955307017156931,1.955307017156931
matchedN,constTC_B,flow,test,median,wp11a_matchedN_0p25y_s10y,41,0.25,10.0,1,2.190425952628221,2.190425952628221,2.190425952628221
matchedN,constTC_B,flow,test,median,wp11a_matchedN_0p083y_s13y,157,0.0833333333333333,13.0,1,1.6867474372572455,1.6867474372572455,1.6867474372572455
matchedN,constTC_B,stock,common,mean,wp11a_matchedN_0p25y_s10y,41,0.25,10.0,1,1.167360291049116,1.167360291049116,1.167360291049116
matchedN,constTC_B,stock,common,mean,wp11a_matchedN_0p083y_s13y,157,0.0833333333333333,13.0,1,1.0473900934771458,1.0473900934771458,1.0473900934771458
matchedN,constTC_B,stock,common,median,wp11a_matchedN_0p25y_s10y,41,0.25,10.0,1,0.8142000790395031,0.8142000790395031,0.8142000790395031
matchedN,constTC_B,stock,common,median,wp11a_matchedN_0p083y_s13y,157,0.0833333333333333,13.0,1,0.8799218312024193,0.8799218312024193,0.8799218312024193
matchedN,constTC_B,stock,fitted,mean,wp11a_matchedN_0p25y_s10y,41,0.25,10.0,1,1.167360291049116,1.167360291049116,1.167360291049116
matchedN,constTC_B,stock,fitted,mean,wp11a_matchedN_0p083y_s13y,157,0.0833333333333333,13.0,1,1.2684788150484922,1.2684788150484922,1.2684788150484922
matchedN,constTC_B,stock,fitted,median,wp11a_matchedN_0p25y_s10y,41,0.25,10.0,1,0.8142000790395031,0.8142000790395031,0.8142000790395031
matchedN,constTC_B,stock,fitted,median,wp11a_matchedN_0p083y_s13y,157,0.0833333333333333,13.0,1,1.0490979360517887,1.0490979360517887,1.0490979360517887
matchedN,constTC_B,stock,test,mean,wp11a_matchedN_0p25y_s10y,41,0.25,10.0,1,5.5325565713562215,5.5325565713562215,5.5325565713562215
matchedN,constTC_B,stock,test,mean,wp11a_matchedN_0p083y_s13y,157,0.0833333333333333,13.0,1,4.396014882916342,4.396014882916342,4.396014882916342
matchedN,constTC_B,stock,test,median,wp11a_matchedN_0p25y_s10y,41,0.25,10.0,1,3.321349053120156,3.321349053120156,3.321349053120156
matchedN,constTC_B,stock,test,median,wp11a_matchedN_0p083y_s13y,157,0.0833333333333333,13.0,1,3.14488768236989,3.14488768236989,3.14488768236989
matchedN,constTC_B,tau,common,mean,wp11a_matchedN_0p25y_s10y,41,0.25,10.0,1,1.6387455039224832,1.6387455039224832,1.6387455039224832
matchedN,constTC_B,tau,common,mean,wp11a_matchedN_0p083y_s13y,157,0.0833333333333333,13.0,1,0.7323475948070748,0.7323475948070748,0.7323475948070748
matchedN,constTC_B,tau,common,median,wp11a_matchedN_0p25y_s10y,41,0.25,10.0,1,4.431804666672238e-06,4.431804666672238e-06,4.431804666672238e-06
matchedN,constTC_B,tau,common,median,wp11a_matchedN_0p083y_s13y,157,0.0833333333333333,13.0,1,1.328446081861376e-05,1.328446081861376e-05,1.328446081861376e-05
matchedN,constTC_B,tau,fitted,mean,wp11a_matchedN_0p25y_s10y,41,0.25,10.0,1,1.6387455039224832,1.6387455039224832,1.6387455039224832
matchedN,constTC_B,tau,fitted,mean,wp11a_matchedN_0p083y_s13y,157,0.0833333333333333,13.0,1,0.77571901615922,0.77571901615922,0.77571901615922
matchedN,constTC_B,tau,fitted,median,wp11a_matchedN_0p25y_s10y,41,0.25,10.0,1,4.431804666672238e-06,4.431804666672238e-06,4.431804666672238e-06
matchedN,constTC_B,tau,fitted,median,wp11a_matchedN_0p083y_s13y,157,0.0833333333333333,13.0,1,1.8445299893370666e-05,1.8445299893370666e-05,1.8445299893370666e-05
matchedN,constTC_B,tau,test,mean,wp11a_matchedN_0p25y_s10y,41,0.25,10.0,1,3.533108908139412,3.533108908139412,3.533108908139412
matchedN,constTC_B,tau,test,mean,wp11a_matchedN_0p083y_s13y,157,0.0833333333333333,13.0,1,1.3642629291431616,1.3642629291431616,1.3642629291431616
matchedN,constTC_B,tau,test,median,wp11a_matchedN_0p25y_s10y,41,0.25,10.0,1,3.766969193967353e-05,3.766969193967353e-05,3.766969193967353e-05
matchedN,constTC_B,tau,test,median,wp11a_matchedN_0p083y_s13y,157,0.0833333333333333,13.0,1,0.00010950630877796543,0.00010950630877796543,0.00010950630877796543
matchedN,gam,alpha,common,mean,wp11a_matchedN_0p25y_s10y,41,0.25,10.0,1,2.6259539191209464,2.6259539191209464,2.6259539191209464
matchedN,gam,alpha,common,mean,wp11a_matchedN_0p083y_s13y,157,0.0833333333333333,13.0,1,1.9739090720269747,1.9739090720269747,1.9739090720269747
matchedN,gam,alpha,common,median,wp11a_matchedN_0p25y_s10y,41,0.25,10.0,1,2.656577384570176,2.656577384570176,2.656577384570176
matchedN,gam,alpha,common,median,wp11a_matchedN_0p083y_s13y,157,0.0833333333333333,13.0,1,1.4325481028430849,1.4325481028430849,1.4325481028430849
matchedN,gam,alpha,fitted,mean,wp11a_matchedN_0p25y_s10y,41,0.25,10.0,1,2.6259539191209464,2.6259539191209464,2.6259539191209464
matchedN,gam,alpha,fitted,mean,wp11a_matchedN_0p083y_s13y,157,0.0833333333333333,13.0,1,2.355763501355609,2.355763501355609,2.355763501355609
matchedN,gam,alpha,fitted,median,wp11a_matchedN_0p25y_s10y,41,0.25,10.0,1,2.656577384570176,2.656577384570176,2.656577384570176
matchedN,gam,alpha,fitted,median,wp11a_matchedN_0p083y_s13y,157,0.0833333333333333,13.0,1,1.91775936975516,1.91775936975516,1.91775936975516
matchedN,gam,alpha,test,mean,wp11a_matchedN_0p25y_s10y,41,0.25,10.0,1,10.103481366934274,10.103481366934274,10.103481366934274
matchedN,gam,alpha,test,mean,wp11a_matchedN_0p083y_s13y,157,0.0833333333333333,13.0,1,7.536998233093349,7.536998233093349,7.536998233093349
matchedN,gam,alpha,test,median,wp11a_matchedN_0p25y_s10y,41,0.25,10.0,1,10.652908548737274,10.652908548737274,10.652908548737274
matchedN,gam,alpha,test,median,wp11a_matchedN_0p083y_s13y,157,0.0833333333333333,13.0,1,6.946607631288641,6.946607631288641,6.946607631288641
matchedN,gam,flow,common,mean,wp11a_matchedN_0p25y_s10y,41,0.25,10.0,1,1.3906196304467384,1.3906196304467384,1.3906196304467384
matchedN,gam,flow,common,mean,wp11a_matchedN_0p083y_s13y,157,0.0833333333333333,13.0,1,0.9476479923151411,0.9476479923151411,0.9476479923151411
matchedN,gam,flow,common,median,wp11a_matchedN_0p25y_s10y,41,0.25,10.0,1,0.8979022158582074,0.8979022158582074,0.8979022158582074
matchedN,gam,flow,common,median,wp11a_matchedN_0p083y_s13y,157,0.0833333333333333,13.0,1,0.5003305440444696,0.5003305440444696,0.5003305440444696
matchedN,gam,flow,fitted,mean,wp11a_matchedN_0p25y_s10y,41,0.25,10.0,1,1.3906196304467384,1.3906196304467384,1.3906196304467384
matchedN,gam,flow,fitted,mean,wp11a_matchedN_0p083y_s13y,157,0.0833333333333333,13.0,1,1.0059289035757448,1.0059289035757448,1.0059289035757448
matchedN,gam,flow,fitted,median,wp11a_matchedN_0p25y_s10y,41,0.25,10.0,1,0.8979022158582074,0.8979022158582074,0.8979022158582074
matchedN,gam,flow,fitted,median,wp11a_matchedN_0p083y_s13y,157,0.0833333333333333,13.0,1,0.5757704234385754,0.5757704234385754,0.5757704234385754
matchedN,gam,flow,test,mean,wp11a_matchedN_0p25y_s10y,41,0.25,10.0,1,4.966028937796588,4.966028937796588,4.966028937796588
matchedN,gam,flow,test,mean,wp11a_matchedN_0p083y_s13y,157,0.0833333333333333,13.0,1,2.3129068200239846,2.3129068200239846,2.3129068200239846
matchedN,gam,flow,test,median,wp11a_matchedN_0p25y_s10y,41,0.25,10.0,1,2.07191453242377,2.07191453242377,2.07191453242377
matchedN,gam,flow,test,median,wp11a_matchedN_0p083y_s13y,157,0.0833333333333333,13.0,1,1.247684736456803,1.247684736456803,1.247684736456803
matchedN,gam,stock,common,mean,wp11a_matchedN_0p25y_s10y,41,0.25,10.0,1,1.1897807664656435,1.1897807664656435,1.1897807664656435
matchedN,gam,stock,common,mean,wp11a_matchedN_0p083y_s13y,157,0.0833333333333333,13.0,1,0.5533236849750424,0.5533236849750424,0.5533236849750424
matchedN,gam,stock,common,median,wp11a_matchedN_0p25y_s10y,41,0.25,10.0,1,0.8499085209109548,0.8499085209109548,0.8499085209109548
matchedN,gam,stock,common,median,wp11a_matchedN_0p083y_s13y,157,0.0833333333333333,13.0,1,0.5451465169703851,0.5451465169703851,0.5451465169703851
matchedN,gam,stock,fitted,mean,wp11a_matchedN_0p25y_s10y,41,0.25,10.0,1,1.1897807664656435,1.1897807664656435,1.1897807664656435
matchedN,gam,stock,fitted,mean,wp11a_matchedN_0p083y_s13y,157,0.0833333333333333,13.0,1,0.7368082973805494,0.7368082973805494,0.7368082973805494
matchedN,gam,stock,fitted,median,wp11a_matchedN_0p25y_s10y,41,0.25,10.0,1,0.8499085209109548,0.8499085209109548,0.8499085209109548
matchedN,gam,stock,fitted,median,wp11a_matchedN_0p083y_s13y,157,0.0833333333333333,13.0,1,0.7840228041511751,0.7840228041511751,0.7840228041511751
matchedN,gam,stock,test,mean,wp11a_matchedN_0p25y_s10y,41,0.25,10.0,1,5.30342006104162,5.30342006104162,5.30342006104162
matchedN,gam,stock,test,mean,wp11a_matchedN_0p083y_s13y,157,0.0833333333333333,13.0,1,4.195368007302549,4.195368007302549,4.195368007302549
matchedN,gam,stock,test,median,wp11a_matchedN_0p25y_s10y,41,0.25,10.0,1,2.8694954877781806,2.8694954877781806,2.8694954877781806
matchedN,gam,stock,test,median,wp11a_matchedN_0p083y_s13y,157,0.0833333333333333,13.0,1,4.725838273134133,4.725838273134133,4.725838273134133
matchedN,gam,tau,common,mean,wp11a_matchedN_0p25y_s10y,41,0.25,10.0,1,1.7305647205560488,1.7305647205560488,1.7305647205560488
matchedN,gam,tau,common,mean,wp11a_matchedN_0p083y_s13y,157,0.0833333333333333,13.0,1,0.9408859828984477,0.9408859828984477,0.9408859828984477
matchedN,gam,tau,common,median,wp11a_matchedN_0p25y_s10y,41,0.25,10.0,1,4.431804666672238e-06,4.431804666672238e-06,4.431804666672238e-06
matchedN,gam,tau,common,median,wp11a_matchedN_0p083y_s13y,157,0.0833333333333333,13.0,1,1.328446081861376e-05,1.328446081861376e-05,1.328446081861376e-05
matchedN,gam,tau,fitted,mean,wp11a_matchedN_0p25y_s10y,41,0.25,10.0,1,1.7305647205560488,1.7305647205560488,1.7305647205560488
matchedN,gam,tau,fitted,mean,wp11a_matchedN_0p083y_s13y,157,0.0833333333333333,13.0,1,0.9887410702133073,0.9887410702133073,0.9887410702133073
matchedN,gam,tau,fitted,median,wp11a_matchedN_0p25y_s10y,41,0.25,10.0,1,4.431804666672238e-06,4.431804666672238e-06,4.431804666672238e-06
matchedN,gam,tau,fitted,median,wp11a_matchedN_0p083y_s13y,157,0.0833333333333333,13.0,1,1.8445299893370666e-05,1.8445299893370666e-05,1.8445299893370666e-05
matchedN,gam,tau,test,mean,wp11a_matchedN_0p25y_s10y,41,0.25,10.0,1,3.322687923101225,3.322687923101225,3.322687923101225
matchedN,gam,tau,test,mean,wp11a_matchedN_0p083y_s13y,157,0.0833333333333333,13.0,1,1.852573424239797,1.852573424239797,1.852573424239797
matchedN,gam,tau,test,median,wp11a_matchedN_0p25y_s10y,41,0.25,10.0,1,3.766969193967353e-05,3.766969193967353e-05,3.766969193967353e-05
matchedN,gam,tau,test,median,wp11a_matchedN_0p083y_s13y,157,0.0833333333333333,13.0,1,0.00010950630877796543,0.00010950630877796543,0.00010950630877796543
matchedN,ude,alpha,common,mean,wp11a_matchedN_0p25y_s10y,41,0.25,10.0,8,4.745539388108265,4.5356745243566055,5.102387368684702
matchedN,ude,alpha,common,mean,wp11a_matchedN_0p083y_s13y,157,0.0833333333333333,13.0,8,2.9987146901758353,2.859068174850815,3.0811452884703376
matchedN,ude,alpha,common,median,wp11a_matchedN_0p25y_s10y,41,0.25,10.0,8,3.700806887734906,3.618558593614774,4.153525645826429
matchedN,ude,alpha,common,median,wp11a_matchedN_0p083y_s13y,157,0.0833333333333333,13.0,8,2.7628585354727795,2.655568467310334,2.966599299277344
matchedN,ude,alpha,fitted,mean,wp11a_matchedN_0p25y_s10y,41,0.25,10.0,8,4.745539388108265,4.5356745243566055,5.102387368684702
matchedN,ude,alpha,fitted,mean,wp11a_matchedN_0p083y_s13y,157,0.0833333333333333,13.0,8,2.9033635021004693,2.817460434388435,2.986996795665263
matchedN,ude,alpha,fitted,median,wp11a_matchedN_0p25y_s10y,41,0.25,10.0,8,3.700806887734906,3.618558593614774,4.153525645826429
matchedN,ude,alpha,fitted,median,wp11a_matchedN_0p083y_s13y,157,0.0833333333333333,13.0,8,2.750435424865201,2.673050209816817,2.860726858927108
matchedN,ude,alpha,test,mean,wp11a_matchedN_0p25y_s10y,41,0.25,10.0,8,19.72506086486073,19.00245788908503,21.086833946193366
matchedN,ude,alpha,test,mean,wp11a_matchedN_0p083y_s13y,157,0.0833333333333333,13.0,8,14.340642485458794,10.293298957802344,15.016216711567601
matchedN,ude,alpha,test,median,wp11a_matchedN_0p25y_s10y,41,0.25,10.0,8,19.595177524999166,17.198019384600858,20.778733364869886
matchedN,ude,alpha,test,median,wp11a_matchedN_0p083y_s13y,157,0.0833333333333333,13.0,8,11.716860899002734,9.134280812924622,15.26293698188579
matchedN,ude,flow,common,mean,wp11a_matchedN_0p25y_s10y,41,0.25,10.0,8,2.410817252716378,2.369702376900627,2.469802305172572
matchedN,ude,flow,common,mean,wp11a_matchedN_0p083y_s13y,157,0.0833333333333333,13.0,8,1.5835214811873324,1.5267220571347628,1.6470071102922508
matchedN,ude,flow,common,median,wp11a_matchedN_0p25y_s10y,41,0.25,10.0,8,1.4821568610557967,1.4338654041400098,1.5742245863996212
matchedN,ude,flow,common,median,wp11a_matchedN_0p083y_s13y,157,0.0833333333333333,13.0,8,0.6446607277446796,0.6065308649335117,0.7314944159549319
matchedN,ude,flow,fitted,mean,wp11a_matchedN_0p25y_s10y,41,0.25,10.0,8,2.410817252716378,2.369702376900627,2.469802305172572
matchedN,ude,flow,fitted,mean,wp11a_matchedN_0p083y_s13y,157,0.0833333333333333,13.0,8,1.733885519287658,1.680987462315489,1.7466688051125088
matchedN,ude,flow,fitted,median,wp11a_matchedN_0p25y_s10y,41,0.25,10.0,8,1.4821568610557967,1.4338654041400098,1.5742245863996212
matchedN,ude,flow,fitted,median,wp11a_matchedN_0p083y_s13y,157,0.0833333333333333,13.0,8,0.5835307047470617,0.5511241954394606,0.6535220389855838
matchedN,ude,flow,test,mean,wp11a_matchedN_0p25y_s10y,41,0.25,10.0,8,9.135357812430502,8.02121731095971,10.19232975270936
matchedN,ude,flow,test,mean,wp11a_matchedN_0p083y_s13y,157,0.0833333333333333,13.0,8,5.0242857396325284,4.53971294010719,6.864134630833768
matchedN,ude,flow,test,median,wp11a_matchedN_0p25y_s10y,41,0.25,10.0,8,5.020571074431814,4.082680436608777,5.2810874167125235
matchedN,ude,flow,test,median,wp11a_matchedN_0p083y_s13y,157,0.0833333333333333,13.0,8,1.8203900963567858,1.1771253003384587,2.348100739567244
matchedN,ude,stock,common,mean,wp11a_matchedN_0p25y_s10y,41,0.25,10.0,8,1.2951429854113155,1.2887413924540079,1.3133389962405448
matchedN,ude,stock,common,mean,wp11a_matchedN_0p083y_s13y,157,0.0833333333333333,13.0,8,0.7037245260143339,0.6837448607428029,0.7461629523014659
matchedN,ude,stock,common,median,wp11a_matchedN_0p25y_s10y,41,0.25,10.0,8,1.1397378186535818,1.123484328636504,1.149989538712281
matchedN,ude,stock,common,median,wp11a_matchedN_0p083y_s13y,157,0.0833333333333333,13.0,8,0.5745038833149536,0.5590497721064356,0.6002056646578016
matchedN,ude,stock,fitted,mean,wp11a_matchedN_0p25y_s10y,41,0.25,10.0,8,1.2951429854113155,1.2887413924540079,1.3133389962405448
matchedN,ude,stock,fitted,mean,wp11a_matchedN_0p083y_s13y,157,0.0833333333333333,13.0,8,0.7306417240920549,0.7193801423881101,0.7478284839690172
matchedN,ude,stock,fitted,median,wp11a_matchedN_0p25y_s10y,41,0.25,10.0,8,1.1397378186535818,1.123484328636504,1.149989538712281
matchedN,ude,stock,fitted,median,wp11a_matchedN_0p083y_s13y,157,0.0833333333333333,13.0,8,0.698706377011948,0.684693771264094,0.7191199383176349
matchedN,ude,stock,test,mean,wp11a_matchedN_0p25y_s10y,41,0.25,10.0,8,12.37536830817782,7.7961631011463055,13.943653461445933
matchedN,ude,stock,test,mean,wp11a_matchedN_0p083y_s13y,157,0.0833333333333333,13.0,8,5.696377031677462,3.841041242740204,6.833301936682198
matchedN,ude,stock,test,median,wp11a_matchedN_0p25y_s10y,41,0.25,10.0,8,9.121775159988562,6.8520456788457,11.445101955242535
matchedN,ude,stock,test,median,wp11a_matchedN_0p083y_s13y,157,0.0833333333333333,13.0,8,5.600252249503771,3.5548926078402787,7.3858037995696435
matchedN,ude,tau,common,mean,wp11a_matchedN_0p25y_s10y,41,0.25,10.0,8,3.516722830717464,3.385412052516516,3.6269831444265934
matchedN,ude,tau,common,mean,wp11a_matchedN_0p083y_s13y,157,0.0833333333333333,13.0,8,1.8633322065200733,1.7309052257426571,2.181855446835285
matchedN,ude,tau,common,median,wp11a_matchedN_0p25y_s10y,41,0.25,10.0,8,4.431804666672238e-06,4.431804666672238e-06,4.431804666672238e-06
matchedN,ude,tau,common,median,wp11a_matchedN_0p083y_s13y,157,0.0833333333333333,13.0,8,1.328446081861376e-05,1.328446081861376e-05,1.328446081861376e-05
matchedN,ude,tau,fitted,mean,wp11a_matchedN_0p25y_s10y,41,0.25,10.0,8,3.516722830717464,3.385412052516516,3.6269831444265934
matchedN,ude,tau,fitted,mean,wp11a_matchedN_0p083y_s13y,157,0.0833333333333333,13.0,8,2.033366813894975,1.9255513790368113,2.2370995668825064
matchedN,ude,tau,fitted,median,wp11a_matchedN_0p25y_s10y,41,0.25,10.0,8,4.431804666672238e-06,4.431804666672238e-06,4.431804666672238e-06
matchedN,ude,tau,fitted,median,wp11a_matchedN_0p083y_s13y,157,0.0833333333333333,13.0,8,1.8445299893370666e-05,1.8445299893370666e-05,1.8445299893370666e-05
matchedN,ude,tau,test,mean,wp11a_matchedN_0p25y_s10y,41,0.25,10.0,8,5.812561179478545,4.201223118646116,6.79656023207158
matchedN,ude,tau,test,mean,wp11a_matchedN_0p083y_s13y,157,0.0833333333333333,13.0,8,4.3334879823877905,3.2883983195493163,6.600174748033094
matchedN,ude,tau,test,median,wp11a_matchedN_0p25y_s10y,41,0.25,10.0,8,3.766969193967353e-05,3.766969193967353e-05,3.766969193967353e-05
matchedN,ude,tau,test,median,wp11a_matchedN_0p083y_s13y,157,0.0833333333333333,13.0,8,0.00010950630877796543,0.00010950630877796543,0.00010950630877796543
resolution,arx,alpha,common,mean,wp11a_coarse_10y,5,10.0,39.0,1,15.84692318719095,15.84692318719095,15.84692318719095
resolution,arx,alpha,common,mean,wp11a_coarse_5y,9,5.0,39.0,1,12.516115911822848,12.516115911822848,12.516115911822848
resolution,arx,alpha,common,mean,wp11a_coarse_2y,21,2.0,39.0,1,13.762030678032389,13.762030678032389,13.762030678032389
resolution,arx,alpha,common,mean,wp11a_freq_0p5y,79,0.5,39.0,1,5.866239796949932,5.866239796949932,5.866239796949932
resolution,arx,alpha,common,mean,wp11a_freq_0p25y,157,0.25,39.0,1,4.260222872329866,4.260222872329866,4.260222872329866
resolution,arx,alpha,common,mean,wp11a_freq_0p083y,469,0.0833333333333333,39.0,1,4.575284750056792,4.575284750056792,4.575284750056792
resolution,arx,alpha,common,median,wp11a_coarse_10y,5,10.0,39.0,1,10.83649600897957,10.83649600897957,10.83649600897957
resolution,arx,alpha,common,median,wp11a_coarse_5y,9,5.0,39.0,1,8.491010034873312,8.491010034873312,8.491010034873312
resolution,arx,alpha,common,median,wp11a_coarse_2y,21,2.0,39.0,1,13.796303177396307,13.796303177396307,13.796303177396307
resolution,arx,alpha,common,median,wp11a_freq_0p5y,79,0.5,39.0,1,5.52766170057647,5.52766170057647,5.52766170057647
resolution,arx,alpha,common,median,wp11a_freq_0p25y,157,0.25,39.0,1,3.89015596575774,3.89015596575774,3.89015596575774
resolution,arx,alpha,common,median,wp11a_freq_0p083y,469,0.0833333333333333,39.0,1,3.3854831893320654,3.3854831893320654,3.3854831893320654
resolution,arx,alpha,fitted,mean,wp11a_coarse_10y,5,10.0,39.0,1,20.504314546859227,20.504314546859227,20.504314546859227
resolution,arx,alpha,fitted,mean,wp11a_coarse_5y,9,5.0,39.0,1,12.782451379906211,12.782451379906211,12.782451379906211
resolution,arx,alpha,fitted,mean,wp11a_coarse_2y,21,2.0,39.0,1,10.898425060324495,10.898425060324495,10.898425060324495
resolution,arx,alpha,fitted,mean,wp11a_freq_0p5y,79,0.5,39.0,1,6.682895304558131,6.682895304558131,6.682895304558131
resolution,arx,alpha,fitted,mean,wp11a_freq_0p25y,157,0.25,39.0,1,5.233130254984061,5.233130254984061,5.233130254984061
resolution,arx,alpha,fitted,mean,wp11a_freq_0p083y,469,0.0833333333333333,39.0,1,5.803528209630024,5.803528209630024,5.803528209630024
resolution,arx,alpha,fitted,median,wp11a_coarse_10y,5,10.0,39.0,1,19.65855767986022,19.65855767986022,19.65855767986022
resolution,arx,alpha,fitted,median,wp11a_coarse_5y,9,5.0,39.0,1,10.679674835593445,10.679674835593445,10.679674835593445
resolution,arx,alpha,fitted,median,wp11a_coarse_2y,21,2.0,39.0,1,11.867429874060763,11.867429874060763,11.867429874060763
resolution,arx,alpha,fitted,median,wp11a_freq_0p5y,79,0.5,39.0,1,6.281656176917256,6.281656176917256,6.281656176917256
resolution,arx,alpha,fitted,median,wp11a_freq_0p25y,157,0.25,39.0,1,4.852164112683508,4.852164112683508,4.852164112683508
resolution,arx,alpha,fitted,median,wp11a_freq_0p083y,469,0.0833333333333333,39.0,1,5.192702633914572,5.192702633914572,5.192702633914572
resolution,arx,alpha,test,mean,wp11a_coarse_10y,5,10.0,39.0,1,77.44653138871038,77.44653138871038,77.44653138871038
resolution,arx,alpha,test,mean,wp11a_coarse_5y,9,5.0,39.0,1,77.52240156486104,77.52240156486104,77.52240156486104
resolution,arx,alpha,test,mean,wp11a_coarse_2y,21,2.0,39.0,1,143.47145188402115,143.47145188402115,143.47145188402115
resolution,arx,alpha,test,mean,wp11a_freq_0p5y,79,0.5,39.0,1,66.05570840675765,66.05570840675765,66.05570840675765
resolution,arx,alpha,test,mean,wp11a_freq_0p25y,157,0.25,39.0,1,43.012949765086255,43.012949765086255,43.012949765086255
resolution,arx,alpha,test,mean,wp11a_freq_0p083y,469,0.0833333333333333,39.0,1,30.072856392282,30.072856392282,30.072856392282
resolution,arx,alpha,test,median,wp11a_coarse_10y,5,10.0,39.0,1,47.5877325450021,47.5877325450021,47.5877325450021
resolution,arx,alpha,test,median,wp11a_coarse_5y,9,5.0,39.0,1,66.23793456563932,66.23793456563932,66.23793456563932
resolution,arx,alpha,test,median,wp11a_coarse_2y,21,2.0,39.0,1,57.98407731284569,57.98407731284569,57.98407731284569
resolution,arx,alpha,test,median,wp11a_freq_0p5y,79,0.5,39.0,1,50.64463549884762,50.64463549884762,50.64463549884762
resolution,arx,alpha,test,median,wp11a_freq_0p25y,157,0.25,39.0,1,46.22834503230242,46.22834503230242,46.22834503230242
resolution,arx,alpha,test,median,wp11a_freq_0p083y,469,0.0833333333333333,39.0,1,31.923797184987322,31.923797184987322,31.923797184987322
resolution,arx,flow,common,mean,wp11a_coarse_10y,5,10.0,39.0,1,7.555205312673824,7.555205312673824,7.555205312673824
resolution,arx,flow,common,mean,wp11a_coarse_5y,9,5.0,39.0,1,5.414015069248674,5.414015069248674,5.414015069248674
resolution,arx,flow,common,mean,wp11a_coarse_2y,21,2.0,39.0,1,3.859540602248133,3.859540602248133,3.859540602248133
resolution,arx,flow,common,mean,wp11a_freq_0p5y,79,0.5,39.0,1,4.238232482053919,4.238232482053919,4.238232482053919
resolution,arx,flow,common,mean,wp11a_freq_0p25y,157,0.25,39.0,1,3.150304389757511,3.150304389757511,3.150304389757511
resolution,arx,flow,common,mean,wp11a_freq_0p083y,469,0.0833333333333333,39.0,1,1.215850542131733,1.215850542131733,1.215850542131733
resolution,arx,flow,common,median,wp11a_coarse_10y,5,10.0,39.0,1,6.414025352445251,6.414025352445251,6.414025352445251
resolution,arx,flow,common,median,wp11a_coarse_5y,9,5.0,39.0,1,3.918426645916105,3.918426645916105,3.918426645916105
resolution,arx,flow,common,median,wp11a_coarse_2y,21,2.0,39.0,1,3.4992727357918523,3.4992727357918523,3.4992727357918523
resolution,arx,flow,common,median,wp11a_freq_0p5y,79,0.5,39.0,1,4.426574528495934,4.426574528495934,4.426574528495934
resolution,arx,flow,common,median,wp11a_freq_0p25y,157,0.25,39.0,1,3.0242137088823986,3.0242137088823986,3.0242137088823986
resolution,arx,flow,common,median,wp11a_freq_0p083y,469,0.0833333333333333,39.0,1,0.4848413411812692,0.4848413411812692,0.4848413411812692
resolution,arx,flow,fitted,mean,wp11a_coarse_10y,5,10.0,39.0,1,13.275635160957226,13.275635160957226,13.275635160957226
resolution,arx,flow,fitted,mean,wp11a_coarse_5y,9,5.0,39.0,1,5.5952641914015135,5.5952641914015135,5.5952641914015135
resolution,arx,flow,fitted,mean,wp11a_coarse_2y,21,2.0,39.0,1,4.748856723250771,4.748856723250771,4.748856723250771
resolution,arx,flow,fitted,mean,wp11a_freq_0p5y,79,0.5,39.0,1,5.45989604875892,5.45989604875892,5.45989604875892
resolution,arx,flow,fitted,mean,wp11a_freq_0p25y,157,0.25,39.0,1,4.006753918514948,4.006753918514948,4.006753918514948
resolution,arx,flow,fitted,mean,wp11a_freq_0p083y,469,0.0833333333333333,39.0,1,1.2285118226332004,1.2285118226332004,1.2285118226332004
resolution,arx,flow,fitted,median,wp11a_coarse_10y,5,10.0,39.0,1,10.315044315396307,10.315044315396307,10.315044315396307
resolution,arx,flow,fitted,median,wp11a_coarse_5y,9,5.0,39.0,1,4.624036753810164,4.624036753810164,4.624036753810164
resolution,arx,flow,fitted,median,wp11a_coarse_2y,21,2.0,39.0,1,3.412057043947708,3.412057043947708,3.412057043947708
resolution,arx,flow,fitted,median,wp11a_freq_0p5y,79,0.5,39.0,1,5.616792378420714,5.616792378420714,5.616792378420714
resolution,arx,flow,fitted,median,wp11a_freq_0p25y,157,0.25,39.0,1,3.5024366876669304,3.5024366876669304,3.5024366876669304
resolution,arx,flow,fitted,median,wp11a_freq_0p083y,469,0.0833333333333333,39.0,1,0.5492458789463559,0.5492458789463559,0.5492458789463559
resolution,arx,flow,test,mean,wp11a_coarse_10y,5,10.0,39.0,1,66.70524267168366,66.70524267168366,66.70524267168366
resolution,arx,flow,test,mean,wp11a_coarse_5y,9,5.0,39.0,1,63.26939619225199,63.26939619225199,63.26939619225199
resolution,arx,flow,test,mean,wp11a_coarse_2y,21,2.0,39.0,1,130.05598129076324,130.05598129076324,130.05598129076324
resolution,arx,flow,test,mean,wp11a_freq_0p5y,79,0.5,39.0,1,100.22899313205734,100.22899313205734,100.22899313205734
resolution,arx,flow,test,mean,wp11a_freq_0p25y,157,0.25,39.0,1,50.667880938350166,50.667880938350166,50.667880938350166
resolution,arx,flow,test,mean,wp11a_freq_0p083y,469,0.0833333333333333,39.0,1,85.77788603122283,85.77788603122283,85.77788603122283
resolution,arx,flow,test,median,wp11a_coarse_10y,5,10.0,39.0,1,45.32485111207015,45.32485111207015,45.32485111207015
resolution,arx,flow,test,median,wp11a_coarse_5y,9,5.0,39.0,1,49.36317029694622,49.36317029694622,49.36317029694622
resolution,arx,flow,test,median,wp11a_coarse_2y,21,2.0,39.0,1,27.376824226940908,27.376824226940908,27.376824226940908
resolution,arx,flow,test,median,wp11a_freq_0p5y,79,0.5,39.0,1,66.0659075358628,66.0659075358628,66.0659075358628
resolution,arx,flow,test,median,wp11a_freq_0p25y,157,0.25,39.0,1,46.19927534164684,46.19927534164684,46.19927534164684
resolution,arx,flow,test,median,wp11a_freq_0p083y,469,0.0833333333333333,39.0,1,34.45524616490378,34.45524616490378,34.45524616490378
resolution,arx,stock,common,mean,wp11a_coarse_10y,5,10.0,39.0,1,8.12374561644152,8.12374561644152,8.12374561644152
resolution,arx,stock,common,mean,wp11a_coarse_5y,9,5.0,39.0,1,9.570808792235118,9.570808792235118,9.570808792235118
resolution,arx,stock,common,mean,wp11a_coarse_2y,21,2.0,39.0,1,6.399865406453486,6.399865406453486,6.399865406453486
resolution,arx,stock,common,mean,wp11a_freq_0p5y,79,0.5,39.0,1,4.7637075229029815,4.7637075229029815,4.7637075229029815
resolution,arx,stock,common,mean,wp11a_freq_0p25y,157,0.25,39.0,1,5.414930720695568,5.414930720695568,5.414930720695568
resolution,arx,stock,common,mean,wp11a_freq_0p083y,469,0.0833333333333333,39.0,1,1.5443470532588734,1.5443470532588734,1.5443470532588734
resolution,arx,stock,common,median,wp11a_coarse_10y,5,10.0,39.0,1,4.845824774446973,4.845824774446973,4.845824774446973
resolution,arx,stock,common,median,wp11a_coarse_5y,9,5.0,39.0,1,4.0545780944532135,4.0545780944532135,4.0545780944532135
resolution,arx,stock,common,median,wp11a_coarse_2y,21,2.0,39.0,1,3.7696638633782307,3.7696638633782307,3.7696638633782307
resolution,arx,stock,common,median,wp11a_freq_0p5y,79,0.5,39.0,1,3.2630347305429277,3.2630347305429277,3.2630347305429277
resolution,arx,stock,common,median,wp11a_freq_0p25y,157,0.25,39.0,1,4.2542303376941675,4.2542303376941675,4.2542303376941675
resolution,arx,stock,common,median,wp11a_freq_0p083y,469,0.0833333333333333,39.0,1,1.6671881355680287,1.6671881355680287,1.6671881355680287
resolution,arx,stock,fitted,mean,wp11a_coarse_10y,5,10.0,39.0,1,14.510415562632879,14.510415562632879,14.510415562632879
resolution,arx,stock,fitted,mean,wp11a_coarse_5y,9,5.0,39.0,1,15.802683314123023,15.802683314123023,15.802683314123023
resolution,arx,stock,fitted,mean,wp11a_coarse_2y,21,2.0,39.0,1,15.316546510058142,15.316546510058142,15.316546510058142
resolution,arx,stock,fitted,mean,wp11a_freq_0p5y,79,0.5,39.0,1,17.0522174243172,17.0522174243172,17.0522174243172
resolution,arx,stock,fitted,mean,wp11a_freq_0p25y,157,0.25,39.0,1,5.821117178653635,5.821117178653635,5.821117178653635
resolution,arx,stock,fitted,mean,wp11a_freq_0p083y,469,0.0833333333333333,39.0,1,3.2066668278635726,3.2066668278635726,3.2066668278635726
resolution,arx,stock,fitted,median,wp11a_coarse_10y,5,10.0,39.0,1,11.900068918419654,11.900068918419654,11.900068918419654
resolution,arx,stock,fitted,median,wp11a_coarse_5y,9,5.0,39.0,1,14.874742811022493,14.874742811022493,14.874742811022493
resolution,arx,stock,fitted,median,wp11a_coarse_2y,21,2.0,39.0,1,11.740353788617295,11.740353788617295,11.740353788617295
resolution,arx,stock,fitted,median,wp11a_freq_0p5y,79,0.5,39.0,1,5.878189102783952,5.878189102783952,5.878189102783952
resolution,arx,stock,fitted,median,wp11a_freq_0p25y,157,0.25,39.0,1,5.701405053736664,5.701405053736664,5.701405053736664
resolution,arx,stock,fitted,median,wp11a_freq_0p083y,469,0.0833333333333333,39.0,1,3.2496405797250016,3.2496405797250016,3.2496405797250016
resolution,arx,stock,test,mean,wp11a_coarse_10y,5,10.0,39.0,1,116.73043375672027,116.73043375672027,116.73043375672027
resolution,arx,stock,test,mean,wp11a_coarse_5y,9,5.0,39.0,1,376.6172672140462,376.6172672140462,376.6172672140462
resolution,arx,stock,test,mean,wp11a_coarse_2y,21,2.0,39.0,1,385.5997353834111,385.5997353834111,385.5997353834111
resolution,arx,stock,test,mean,wp11a_freq_0p5y,79,0.5,39.0,1,358.1194631069209,358.1194631069209,358.1194631069209
resolution,arx,stock,test,mean,wp11a_freq_0p25y,157,0.25,39.0,1,1690.2930606509274,1690.2930606509274,1690.2930606509274
resolution,arx,stock,test,mean,wp11a_freq_0p083y,469,0.0833333333333333,39.0,1,1217.4901565900307,1217.4901565900307,1217.4901565900307
resolution,arx,stock,test,median,wp11a_coarse_10y,5,10.0,39.0,1,34.35957648087492,34.35957648087492,34.35957648087492
resolution,arx,stock,test,median,wp11a_coarse_5y,9,5.0,39.0,1,54.2532957381457,54.2532957381457,54.2532957381457
resolution,arx,stock,test,median,wp11a_coarse_2y,21,2.0,39.0,1,163.02040765437638,163.02040765437638,163.02040765437638
resolution,arx,stock,test,median,wp11a_freq_0p5y,79,0.5,39.0,1,97.98673146900501,97.98673146900501,97.98673146900501
resolution,arx,stock,test,median,wp11a_freq_0p25y,157,0.25,39.0,1,700.9523943944305,700.9523943944305,700.9523943944305
resolution,arx,stock,test,median,wp11a_freq_0p083y,469,0.0833333333333333,39.0,1,517.5334612835125,517.5334612835125,517.5334612835125
resolution,arx,tau,common,mean,wp11a_coarse_10y,5,10.0,39.0,1,3.542263327812242,3.542263327812242,3.542263327812242
resolution,arx,tau,common,mean,wp11a_coarse_5y,9,5.0,39.0,1,5.12836922770125,5.12836922770125,5.12836922770125
resolution,arx,tau,common,mean,wp11a_coarse_2y,21,2.0,39.0,1,4.496806754569756,4.496806754569756,4.496806754569756
resolution,arx,tau,common,mean,wp11a_freq_0p5y,79,0.5,39.0,1,4.841951154260739,4.841951154260739,4.841951154260739
resolution,arx,tau,common,mean,wp11a_freq_0p25y,157,0.25,39.0,1,3.3658743150678943,3.3658743150678943,3.3658743150678943
resolution,arx,tau,common,mean,wp11a_freq_0p083y,469,0.0833333333333333,39.0,1,6.878157747759925,6.878157747759925,6.878157747759925
resolution,arx,tau,common,median,wp11a_coarse_10y,5,10.0,39.0,1,3.3600176569328406,3.3600176569328406,3.3600176569328406
resolution,arx,tau,common,median,wp11a_coarse_5y,9,5.0,39.0,1,3.6440238232257243,3.6440238232257243,3.6440238232257243
resolution,arx,tau,common,median,wp11a_coarse_2y,21,2.0,39.0,1,3.6576623362709904,3.6576623362709904,3.6576623362709904
resolution,arx,tau,common,median,wp11a_freq_0p5y,79,0.5,39.0,1,4.3439630881473,4.3439630881473,4.3439630881473
resolution,arx,tau,common,median,wp11a_freq_0p25y,157,0.25,39.0,1,2.679218133458011,2.679218133458011,2.679218133458011
resolution,arx,tau,common,median,wp11a_freq_0p083y,469,0.0833333333333333,39.0,1,5.201841921538594,5.201841921538594,5.201841921538594
resolution,arx,tau,fitted,mean,wp11a_coarse_10y,5,10.0,39.0,1,7.5307809822230825,7.5307809822230825,7.5307809822230825
resolution,arx,tau,fitted,mean,wp11a_coarse_5y,9,5.0,39.0,1,6.173816003296302,6.173816003296302,6.173816003296302
resolution,arx,tau,fitted,mean,wp11a_coarse_2y,21,2.0,39.0,1,5.683746048206853,5.683746048206853,5.683746048206853
resolution,arx,tau,fitted,mean,wp11a_freq_0p5y,79,0.5,39.0,1,5.053685638507446,5.053685638507446,5.053685638507446
resolution,arx,tau,fitted,mean,wp11a_freq_0p25y,157,0.25,39.0,1,3.8328480628202173,3.8328480628202173,3.8328480628202173
resolution,arx,tau,fitted,mean,wp11a_freq_0p083y,469,0.0833333333333333,39.0,1,6.173073523647101,6.173073523647101,6.173073523647101
resolution,arx,tau,fitted,median,wp11a_coarse_10y,5,10.0,39.0,1,4.872869543865363,4.872869543865363,4.872869543865363
resolution,arx,tau,fitted,median,wp11a_coarse_5y,9,5.0,39.0,1,4.921772632187903,4.921772632187903,4.921772632187903
resolution,arx,tau,fitted,median,wp11a_coarse_2y,21,2.0,39.0,1,4.799004341086512,4.799004341086512,4.799004341086512
resolution,arx,tau,fitted,median,wp11a_freq_0p5y,79,0.5,39.0,1,5.298261018096371,5.298261018096371,5.298261018096371
resolution,arx,tau,fitted,median,wp11a_freq_0p25y,157,0.25,39.0,1,3.8525322747860695,3.8525322747860695,3.8525322747860695
resolution,arx,tau,fitted,median,wp11a_freq_0p083y,469,0.0833333333333333,39.0,1,5.374901286539659,5.374901286539659,5.374901286539659
resolution,arx,tau,test,mean,wp11a_coarse_10y,5,10.0,39.0,1,24.3932816667587,24.3932816667587,24.3932816667587
resolution,arx,tau,test,mean,wp11a_coarse_5y,9,5.0,39.0,1,29.055589194772885,29.055589194772885,29.055589194772885
resolution,arx,tau,test,mean,wp11a_coarse_2y,21,2.0,39.0,1,162.43926114524547,162.43926114524547,162.43926114524547
resolution,arx,tau,test,mean,wp11a_freq_0p5y,79,0.5,39.0,1,131.17967547276498,131.17967547276498,131.17967547276498
resolution,arx,tau,test,mean,wp11a_freq_0p25y,157,0.25,39.0,1,106.02826950153626,106.02826950153626,106.02826950153626
resolution,arx,tau,test,mean,wp11a_freq_0p083y,469,0.0833333333333333,39.0,1,109.2013997597071,109.2013997597071,109.2013997597071
resolution,arx,tau,test,median,wp11a_coarse_10y,5,10.0,39.0,1,25.27233934536337,25.27233934536337,25.27233934536337
resolution,arx,tau,test,median,wp11a_coarse_5y,9,5.0,39.0,1,18.98262899708729,18.98262899708729,18.98262899708729
resolution,arx,tau,test,median,wp11a_coarse_2y,21,2.0,39.0,1,64.575725862531,64.575725862531,64.575725862531
resolution,arx,tau,test,median,wp11a_freq_0p5y,79,0.5,39.0,1,42.1561782578566,42.1561782578566,42.1561782578566
resolution,arx,tau,test,median,wp11a_freq_0p25y,157,0.25,39.0,1,25.781593071896935,25.781593071896935,25.781593071896935
resolution,arx,tau,test,median,wp11a_freq_0p083y,469,0.0833333333333333,39.0,1,25.881853010779388,25.881853010779388,25.881853010779388
resolution,constTC,alpha,common,mean,wp11a_coarse_10y,5,10.0,39.0,1,25.882096119937124,25.882096119937124,25.882096119937124
resolution,constTC,alpha,common,mean,wp11a_coarse_5y,9,5.0,39.0,1,26.535961593830923,26.535961593830923,26.535961593830923
resolution,constTC,alpha,common,mean,wp11a_coarse_2y,21,2.0,39.0,1,26.784929282528456,26.784929282528456,26.784929282528456
resolution,constTC,alpha,common,mean,wp11a_freq_0p5y,79,0.5,39.0,1,28.583712025404537,28.583712025404537,28.583712025404537
resolution,constTC,alpha,common,mean,wp11a_freq_0p25y,157,0.25,39.0,1,28.529776976825737,28.529776976825737,28.529776976825737
resolution,constTC,alpha,common,mean,wp11a_freq_0p083y,469,0.0833333333333333,39.0,1,29.210249739916193,29.210249739916193,29.210249739916193
resolution,constTC,alpha,common,median,wp11a_coarse_10y,5,10.0,39.0,1,22.78774917067564,22.78774917067564,22.78774917067564
resolution,constTC,alpha,common,median,wp11a_coarse_5y,9,5.0,39.0,1,25.41683039468515,25.41683039468515,25.41683039468515
resolution,constTC,alpha,common,median,wp11a_coarse_2y,21,2.0,39.0,1,25.950663609173763,25.950663609173763,25.950663609173763
resolution,constTC,alpha,common,median,wp11a_freq_0p5y,79,0.5,39.0,1,27.80334906001753,27.80334906001753,27.80334906001753
resolution,constTC,alpha,common,median,wp11a_freq_0p25y,157,0.25,39.0,1,28.05560379421126,28.05560379421126,28.05560379421126
resolution,constTC,alpha,common,median,wp11a_freq_0p083y,469,0.0833333333333333,39.0,1,28.389196936271635,28.389196936271635,28.389196936271635
resolution,constTC,alpha,fitted,mean,wp11a_coarse_10y,5,10.0,39.0,1,39.58753790892935,39.58753790892935,39.58753790892935
resolution,constTC,alpha,fitted,mean,wp11a_coarse_5y,9,5.0,39.0,1,39.310854562808714,39.310854562808714,39.310854562808714
resolution,constTC,alpha,fitted,mean,wp11a_coarse_2y,21,2.0,39.0,1,39.24577439321757,39.24577439321757,39.24577439321757
resolution,constTC,alpha,fitted,mean,wp11a_freq_0p5y,79,0.5,39.0,1,38.84261706953967,38.84261706953967,38.84261706953967
resolution,constTC,alpha,fitted,mean,wp11a_freq_0p25y,157,0.25,39.0,1,38.873125989137435,38.873125989137435,38.873125989137435
resolution,constTC,alpha,fitted,mean,wp11a_freq_0p083y,469,0.0833333333333333,39.0,1,38.684632650596576,38.684632650596576,38.684632650596576
resolution,constTC,alpha,fitted,median,wp11a_coarse_10y,5,10.0,39.0,1,42.08860819903521,42.08860819903521,42.08860819903521
resolution,constTC,alpha,fitted,median,wp11a_coarse_5y,9,5.0,39.0,1,42.26291746463785,42.26291746463785,42.26291746463785
resolution,constTC,alpha,fitted,median,wp11a_coarse_2y,21,2.0,39.0,1,42.34231859295374,42.34231859295374,42.34231859295374
resolution,constTC,alpha,fitted,median,wp11a_freq_0p5y,79,0.5,39.0,1,42.07366101394665,42.07366101394665,42.07366101394665
resolution,constTC,alpha,fitted,median,wp11a_freq_0p25y,157,0.25,39.0,1,42.19724497093577,42.19724497093577,42.19724497093577
resolution,constTC,alpha,fitted,median,wp11a_freq_0p083y,469,0.0833333333333333,39.0,1,41.9064986599368,41.9064986599368,41.9064986599368
resolution,constTC,alpha,test,mean,wp11a_coarse_10y,5,10.0,39.0,1,58.426740487579366,58.426740487579366,58.426740487579366
resolution,constTC,alpha,test,mean,wp11a_coarse_5y,9,5.0,39.0,1,58.330171069377045,58.330171069377045,58.330171069377045
resolution,constTC,alpha,test,mean,wp11a_coarse_2y,21,2.0,39.0,1,58.23083338047739,58.23083338047739,58.23083338047739
resolution,constTC,alpha,test,mean,wp11a_freq_0p5y,79,0.5,39.0,1,57.606177441476305,57.606177441476305,57.606177441476305
resolution,constTC,alpha,test,mean,wp11a_freq_0p25y,157,0.25,39.0,1,57.631550269594875,57.631550269594875,57.631550269594875
resolution,constTC,alpha,test,mean,wp11a_freq_0p083y,469,0.0833333333333333,39.0,1,57.44672316667196,57.44672316667196,57.44672316667196
resolution,constTC,alpha,test,median,wp11a_coarse_10y,5,10.0,39.0,1,66.74107118387437,66.74107118387437,66.74107118387437
resolution,constTC,alpha,test,median,wp11a_coarse_5y,9,5.0,39.0,1,65.97892688228859,65.97892688228859,65.97892688228859
resolution,constTC,alpha,test,median,wp11a_coarse_2y,21,2.0,39.0,1,65.82639733971924,65.82639733971924,65.82639733971924
resolution,constTC,alpha,test,median,wp11a_freq_0p5y,79,0.5,39.0,1,65.4641976827159,65.4641976827159,65.4641976827159
resolution,constTC,alpha,test,median,wp11a_freq_0p25y,157,0.25,39.0,1,65.60089226091044,65.60089226091044,65.60089226091044
resolution,constTC,alpha,test,median,wp11a_freq_0p083y,469,0.0833333333333333,39.0,1,65.32748916986095,65.32748916986095,65.32748916986095
resolution,constTC,flow,common,mean,wp11a_coarse_10y,5,10.0,39.0,1,13.073750060741595,13.073750060741595,13.073750060741595
resolution,constTC,flow,common,mean,wp11a_coarse_5y,9,5.0,39.0,1,11.130047184161365,11.130047184161365,11.130047184161365
resolution,constTC,flow,common,mean,wp11a_coarse_2y,21,2.0,39.0,1,9.01380710445341,9.01380710445341,9.01380710445341
resolution,constTC,flow,common,mean,wp11a_freq_0p5y,79,0.5,39.0,1,9.553574611676659,9.553574611676659,9.553574611676659
resolution,constTC,flow,common,mean,wp11a_freq_0p25y,157,0.25,39.0,1,9.774602567359771,9.774602567359771,9.774602567359771
resolution,constTC,flow,common,mean,wp11a_freq_0p083y,469,0.0833333333333333,39.0,1,9.90003408494985,9.90003408494985,9.90003408494985
resolution,constTC,flow,common,median,wp11a_coarse_10y,5,10.0,39.0,1,8.532358364102834,8.532358364102834,8.532358364102834
resolution,constTC,flow,common,median,wp11a_coarse_5y,9,5.0,39.0,1,6.992189595097932,6.992189595097932,6.992189595097932
resolution,constTC,flow,common,median,wp11a_coarse_2y,21,2.0,39.0,1,6.108842696380813,6.108842696380813,6.108842696380813
resolution,constTC,flow,common,median,wp11a_freq_0p5y,79,0.5,39.0,1,5.847789904338272,5.847789904338272,5.847789904338272
resolution,constTC,flow,common,median,wp11a_freq_0p25y,157,0.25,39.0,1,5.655446260650461,5.655446260650461,5.655446260650461
resolution,constTC,flow,common,median,wp11a_freq_0p083y,469,0.0833333333333333,39.0,1,5.8341635433169445,5.8341635433169445,5.8341635433169445
resolution,constTC,flow,fitted,mean,wp11a_coarse_10y,5,10.0,39.0,1,16.531758019860007,16.531758019860007,16.531758019860007
resolution,constTC,flow,fitted,mean,wp11a_coarse_5y,9,5.0,39.0,1,14.677115101746043,14.677115101746043,14.677115101746043
resolution,constTC,flow,fitted,mean,wp11a_coarse_2y,21,2.0,39.0,1,15.162558965062248,15.162558965062248,15.162558965062248
resolution,constTC,flow,fitted,mean,wp11a_freq_0p5y,79,0.5,39.0,1,14.336727670807315,14.336727670807315,14.336727670807315
resolution,constTC,flow,fitted,mean,wp11a_freq_0p25y,157,0.25,39.0,1,14.084974472908948,14.084974472908948,14.084974472908948
resolution,constTC,flow,fitted,mean,wp11a_freq_0p083y,469,0.0833333333333333,39.0,1,14.102141783790417,14.102141783790417,14.102141783790417
resolution,constTC,flow,fitted,median,wp11a_coarse_10y,5,10.0,39.0,1,9.61073354706694,9.61073354706694,9.61073354706694
resolution,constTC,flow,fitted,median,wp11a_coarse_5y,9,5.0,39.0,1,6.881700838515793,6.881700838515793,6.881700838515793
resolution,constTC,flow,fitted,median,wp11a_coarse_2y,21,2.0,39.0,1,7.245818393803158,7.245818393803158,7.245818393803158
resolution,constTC,flow,fitted,median,wp11a_freq_0p5y,79,0.5,39.0,1,7.254050615775855,7.254050615775855,7.254050615775855
resolution,constTC,flow,fitted,median,wp11a_freq_0p25y,157,0.25,39.0,1,7.250283890431168,7.250283890431168,7.250283890431168
resolution,constTC,flow,fitted,median,wp11a_freq_0p083y,469,0.0833333333333333,39.0,1,7.199662988898653,7.199662988898653,7.199662988898653
resolution,constTC,flow,test,mean,wp11a_coarse_10y,5,10.0,39.0,1,21.879471260214235,21.879471260214235,21.879471260214235
resolution,constTC,flow,test,mean,wp11a_coarse_5y,9,5.0,39.0,1,20.258643589910623,20.258643589910623,20.258643589910623
resolution,constTC,flow,test,mean,wp11a_coarse_2y,21,2.0,39.0,1,20.463462046292296,20.463462046292296,20.463462046292296
resolution,constTC,flow,test,mean,wp11a_freq_0p5y,79,0.5,39.0,1,19.447091872739406,19.447091872739406,19.447091872739406
resolution,constTC,flow,test,mean,wp11a_freq_0p25y,157,0.25,39.0,1,19.15789643944471,19.15789643944471,19.15789643944471
resolution,constTC,flow,test,mean,wp11a_freq_0p083y,469,0.0833333333333333,39.0,1,19.183701063058066,19.183701063058066,19.183701063058066
resolution,constTC,flow,test,median,wp11a_coarse_10y,5,10.0,39.0,1,13.497922977964688,13.497922977964688,13.497922977964688
resolution,constTC,flow,test,median,wp11a_coarse_5y,9,5.0,39.0,1,11.085636554496809,11.085636554496809,11.085636554496809
resolution,constTC,flow,test,median,wp11a_coarse_2y,21,2.0,39.0,1,10.465145546354904,10.465145546354904,10.465145546354904
resolution,constTC,flow,test,median,wp11a_freq_0p5y,79,0.5,39.0,1,10.177928155157216,10.177928155157216,10.177928155157216
resolution,constTC,flow,test,median,wp11a_freq_0p25y,157,0.25,39.0,1,10.181792725021282,10.181792725021282,10.181792725021282
resolution,constTC,flow,test,median,wp11a_freq_0p083y,469,0.0833333333333333,39.0,1,10.086848535746482,10.086848535746482,10.086848535746482
resolution,constTC,stock,common,mean,wp11a_coarse_10y,5,10.0,39.0,1,9.94395277148017,9.94395277148017,9.94395277148017
resolution,constTC,stock,common,mean,wp11a_coarse_5y,9,5.0,39.0,1,11.78271468743194,11.78271468743194,11.78271468743194
resolution,constTC,stock,common,mean,wp11a_coarse_2y,21,2.0,39.0,1,12.644683001670172,12.644683001670172,12.644683001670172
resolution,constTC,stock,common,mean,wp11a_freq_0p5y,79,0.5,39.0,1,13.055701829550195,13.055701829550195,13.055701829550195
resolution,constTC,stock,common,mean,wp11a_freq_0p25y,157,0.25,39.0,1,12.873131453276326,12.873131453276326,12.873131453276326
resolution,constTC,stock,common,mean,wp11a_freq_0p083y,469,0.0833333333333333,39.0,1,13.118197284961312,13.118197284961312,13.118197284961312
resolution,constTC,stock,common,median,wp11a_coarse_10y,5,10.0,39.0,1,9.892548255925691,9.892548255925691,9.892548255925691
resolution,constTC,stock,common,median,wp11a_coarse_5y,9,5.0,39.0,1,11.226702739451444,11.226702739451444,11.226702739451444
resolution,constTC,stock,common,median,wp11a_coarse_2y,21,2.0,39.0,1,12.548248619061788,12.548248619061788,12.548248619061788
resolution,constTC,stock,common,median,wp11a_freq_0p5y,79,0.5,39.0,1,12.571244979330583,12.571244979330583,12.571244979330583
resolution,constTC,stock,common,median,wp11a_freq_0p25y,157,0.25,39.0,1,12.139141378948942,12.139141378948942,12.139141378948942
resolution,constTC,stock,common,median,wp11a_freq_0p083y,469,0.0833333333333333,39.0,1,12.431578900158613,12.431578900158613,12.431578900158613
resolution,constTC,stock,fitted,mean,wp11a_coarse_10y,5,10.0,39.0,1,21.641475502242415,21.641475502242415,21.641475502242415
resolution,constTC,stock,fitted,mean,wp11a_coarse_5y,9,5.0,39.0,1,19.965423163117855,19.965423163117855,19.965423163117855
resolution,constTC,stock,fitted,mean,wp11a_coarse_2y,21,2.0,39.0,1,19.188826133151437,19.188826133151437,19.188826133151437
resolution,constTC,stock,fitted,mean,wp11a_freq_0p5y,79,0.5,39.0,1,18.730163602883284,18.730163602883284,18.730163602883284
resolution,constTC,stock,fitted,mean,wp11a_freq_0p25y,157,0.25,39.0,1,18.761768437905893,18.761768437905893,18.761768437905893
resolution,constTC,stock,fitted,mean,wp11a_freq_0p083y,469,0.0833333333333333,39.0,1,18.644504841538613,18.644504841538613,18.644504841538613
resolution,constTC,stock,fitted,median,wp11a_coarse_10y,5,10.0,39.0,1,13.354405116603592,13.354405116603592,13.354405116603592
resolution,constTC,stock,fitted,median,wp11a_coarse_5y,9,5.0,39.0,1,13.3396501004015,13.3396501004015,13.3396501004015
resolution,constTC,stock,fitted,median,wp11a_coarse_2y,21,2.0,39.0,1,12.658992471348745,12.658992471348745,12.658992471348745
resolution,constTC,stock,fitted,median,wp11a_freq_0p5y,79,0.5,39.0,1,12.533874353662076,12.533874353662076,12.533874353662076
resolution,constTC,stock,fitted,median,wp11a_freq_0p25y,157,0.25,39.0,1,12.71179701767145,12.71179701767145,12.71179701767145
resolution,constTC,stock,fitted,median,wp11a_freq_0p083y,469,0.0833333333333333,39.0,1,12.581480744345274,12.581480744345274,12.581480744345274
resolution,constTC,stock,test,mean,wp11a_coarse_10y,5,10.0,39.0,1,72.43196964482289,72.43196964482289,72.43196964482289
resolution,constTC,stock,test,mean,wp11a_coarse_5y,9,5.0,39.0,1,71.44913164662208,71.44913164662208,71.44913164662208
resolution,constTC,stock,test,mean,wp11a_coarse_2y,21,2.0,39.0,1,69.96369963369979,69.96369963369979,69.96369963369979
resolution,constTC,stock,test,mean,wp11a_freq_0p5y,79,0.5,39.0,1,68.90353430275327,68.90353430275327,68.90353430275327
resolution,constTC,stock,test,mean,wp11a_freq_0p25y,157,0.25,39.0,1,69.48223704964862,69.48223704964862,69.48223704964862
resolution,constTC,stock,test,mean,wp11a_freq_0p083y,469,0.0833333333333333,39.0,1,68.65199716490784,68.65199716490784,68.65199716490784
resolution,constTC,stock,test,median,wp11a_coarse_10y,5,10.0,39.0,1,57.633292439061975,57.633292439061975,57.633292439061975
resolution,constTC,stock,test,median,wp11a_coarse_5y,9,5.0,39.0,1,59.646846530873034,59.646846530873034,59.646846530873034
resolution,constTC,stock,test,median,wp11a_coarse_2y,21,2.0,39.0,1,57.287929844200725,57.287929844200725,57.287929844200725
resolution,constTC,stock,test,median,wp11a_freq_0p5y,79,0.5,39.0,1,58.11779073733554,58.11779073733554,58.11779073733554
resolution,constTC,stock,test,median,wp11a_freq_0p25y,157,0.25,39.0,1,59.51983866425716,59.51983866425716,59.51983866425716
resolution,constTC,stock,test,median,wp11a_freq_0p083y,469,0.0833333333333333,39.0,1,58.581081997708786,58.581081997708786,58.581081997708786
resolution,constTC,tau,common,mean,wp11a_coarse_10y,5,10.0,39.0,1,5.4624238959978815,5.4624238959978815,5.4624238959978815
resolution,constTC,tau,common,mean,wp11a_coarse_5y,9,5.0,39.0,1,4.458900918286487,4.458900918286487,4.458900918286487
resolution,constTC,tau,common,mean,wp11a_coarse_2y,21,2.0,39.0,1,2.143648679767504,2.143648679767504,2.143648679767504
resolution,constTC,tau,common,mean,wp11a_freq_0p5y,79,0.5,39.0,1,2.2043138605845964,2.2043138605845964,2.2043138605845964
resolution,constTC,tau,common,mean,wp11a_freq_0p25y,157,0.25,39.0,1,2.144334736961812,2.144334736961812,2.144334736961812
resolution,constTC,tau,common,mean,wp11a_freq_0p083y,469,0.0833333333333333,39.0,1,2.1653358584346565,2.1653358584346565,2.1653358584346565
resolution,constTC,tau,common,median,wp11a_coarse_10y,5,10.0,39.0,1,3.9889355515649054,3.9889355515649054,3.9889355515649054
resolution,constTC,tau,common,median,wp11a_coarse_5y,9,5.0,39.0,1,1.6058308113604625,1.6058308113604625,1.6058308113604625
resolution,constTC,tau,common,median,wp11a_coarse_2y,21,2.0,39.0,1,1.0638062031164015,1.0638062031164015,1.0638062031164015
resolution,constTC,tau,common,median,wp11a_freq_0p5y,79,0.5,39.0,1,2.2210804719383314e-06,2.2210804719383314e-06,2.2210804719383314e-06
resolution,constTC,tau,common,median,wp11a_freq_0p25y,157,0.25,39.0,1,4.431804666672238e-06,4.431804666672238e-06,4.431804666672238e-06
resolution,constTC,tau,common,median,wp11a_freq_0p083y,469,0.0833333333333333,39.0,1,1.328446081861376e-05,1.328446081861376e-05,1.328446081861376e-05
resolution,constTC,tau,fitted,mean,wp11a_coarse_10y,5,10.0,39.0,1,9.273542923610801,9.273542923610801,9.273542923610801
resolution,constTC,tau,fitted,mean,wp11a_coarse_5y,9,5.0,39.0,1,8.010163319842913,8.010163319842913,8.010163319842913
resolution,constTC,tau,fitted,mean,wp11a_coarse_2y,21,2.0,39.0,1,7.419662675878122,7.419662675878122,7.419662675878122
resolution,constTC,tau,fitted,mean,wp11a_freq_0p5y,79,0.5,39.0,1,5.236768596547441,5.236768596547441,5.236768596547441
resolution,constTC,tau,fitted,mean,wp11a_freq_0p25y,157,0.25,39.0,1,5.03034216233328,5.03034216233328,5.03034216233328
resolution,constTC,tau,fitted,mean,wp11a_freq_0p083y,469,0.0833333333333333,39.0,1,5.045982358702404,5.045982358702404,5.045982358702404
resolution,constTC,tau,fitted,median,wp11a_coarse_10y,5,10.0,39.0,1,5.539834785645112,5.539834785645112,5.539834785645112
resolution,constTC,tau,fitted,median,wp11a_coarse_5y,9,5.0,39.0,1,6.477136144456734,6.477136144456734,6.477136144456734
resolution,constTC,tau,fitted,median,wp11a_coarse_2y,21,2.0,39.0,1,5.575854930533164,5.575854930533164,5.575854930533164
resolution,constTC,tau,fitted,median,wp11a_freq_0p5y,79,0.5,39.0,1,8.190137515029921e-06,8.190137515029921e-06,8.190137515029921e-06
resolution,constTC,tau,fitted,median,wp11a_freq_0p25y,157,0.25,39.0,1,1.638789541664681e-05,1.638789541664681e-05,1.638789541664681e-05
resolution,constTC,tau,fitted,median,wp11a_freq_0p083y,469,0.0833333333333333,39.0,1,4.918899046667019e-05,4.918899046667019e-05,4.918899046667019e-05
resolution,constTC,tau,test,mean,wp11a_coarse_10y,5,10.0,39.0,1,14.119469635795394,14.119469635795394,14.119469635795394
resolution,constTC,tau,test,mean,wp11a_coarse_5y,9,5.0,39.0,1,12.185602444375213,12.185602444375213,12.185602444375213
resolution,constTC,tau,test,mean,wp11a_coarse_2y,21,2.0,39.0,1,11.683328046820604,11.683328046820604,11.683328046820604
resolution,constTC,tau,test,mean,wp11a_freq_0p5y,79,0.5,39.0,1,10.17766491819074,10.17766491819074,10.17766491819074
resolution,constTC,tau,test,mean,wp11a_freq_0p25y,157,0.25,39.0,1,9.83001584398422,9.83001584398422,9.83001584398422
resolution,constTC,tau,test,mean,wp11a_freq_0p083y,469,0.0833333333333333,39.0,1,9.895463514468885,9.895463514468885,9.895463514468885
resolution,constTC,tau,test,median,wp11a_coarse_10y,5,10.0,39.0,1,13.945557946788844,13.945557946788844,13.945557946788844
resolution,constTC,tau,test,median,wp11a_coarse_5y,9,5.0,39.0,1,7.140199707087723,7.140199707087723,7.140199707087723
resolution,constTC,tau,test,median,wp11a_coarse_2y,21,2.0,39.0,1,4.05614227071145,4.05614227071145,4.05614227071145
resolution,constTC,tau,test,median,wp11a_freq_0p5y,79,0.5,39.0,1,2.0317998472738892e-05,2.0317998472738892e-05,2.0317998472738892e-05
resolution,constTC,tau,test,median,wp11a_freq_0p25y,157,0.25,39.0,1,4.078691816812733e-05,4.078691816812733e-05,4.078691816812733e-05
resolution,constTC,tau,test,median,wp11a_freq_0p083y,469,0.0833333333333333,39.0,1,0.000122563750708576,0.000122563750708576,0.000122563750708576
resolution,constTC_B,alpha,common,mean,wp11a_coarse_10y,5,10.0,39.0,1,13.334197876580843,13.334197876580843,13.334197876580843
resolution,constTC_B,alpha,common,mean,wp11a_coarse_5y,9,5.0,39.0,1,11.014057634506507,11.014057634506507,11.014057634506507
resolution,constTC_B,alpha,common,mean,wp11a_coarse_2y,21,2.0,39.0,1,10.732900765478746,10.732900765478746,10.732900765478746
resolution,constTC_B,alpha,common,mean,wp11a_freq_0p5y,79,0.5,39.0,1,13.33207015373824,13.33207015373824,13.33207015373824
resolution,constTC_B,alpha,common,mean,wp11a_freq_0p25y,157,0.25,39.0,1,13.346303089810622,13.346303089810622,13.346303089810622
resolution,constTC_B,alpha,common,mean,wp11a_freq_0p083y,469,0.0833333333333333,39.0,1,14.504584673427225,14.504584673427225,14.504584673427225
resolution,constTC_B,alpha,common,median,wp11a_coarse_10y,5,10.0,39.0,1,11.939444874292441,11.939444874292441,11.939444874292441
resolution,constTC_B,alpha,common,median,wp11a_coarse_5y,9,5.0,39.0,1,9.716200659120032,9.716200659120032,9.716200659120032
resolution,constTC_B,alpha,common,median,wp11a_coarse_2y,21,2.0,39.0,1,9.10038913675999,9.10038913675999,9.10038913675999
resolution,constTC_B,alpha,common,median,wp11a_freq_0p5y,79,0.5,39.0,1,10.96499664737622,10.96499664737622,10.96499664737622
resolution,constTC_B,alpha,common,median,wp11a_freq_0p25y,157,0.25,39.0,1,10.834687822564668,10.834687822564668,10.834687822564668
resolution,constTC_B,alpha,common,median,wp11a_freq_0p083y,469,0.0833333333333333,39.0,1,12.45382080174332,12.45382080174332,12.45382080174332
resolution,constTC_B,alpha,fitted,mean,wp11a_coarse_10y,5,10.0,39.0,1,20.138725879563356,20.138725879563356,20.138725879563356
resolution,constTC_B,alpha,fitted,mean,wp11a_coarse_5y,9,5.0,39.0,1,16.98815145202299,16.98815145202299,16.98815145202299
resolution,constTC_B,alpha,fitted,mean,wp11a_coarse_2y,21,2.0,39.0,1,17.371599016105588,17.371599016105588,17.371599016105588
resolution,constTC_B,alpha,fitted,mean,wp11a_freq_0p5y,79,0.5,39.0,1,17.814630346360488,17.814630346360488,17.814630346360488
resolution,constTC_B,alpha,fitted,mean,wp11a_freq_0p25y,157,0.25,39.0,1,18.214404374400548,18.214404374400548,18.214404374400548
resolution,constTC_B,alpha,fitted,mean,wp11a_freq_0p083y,469,0.0833333333333333,39.0,1,18.78014026165436,18.78014026165436,18.78014026165436
resolution,constTC_B,alpha,fitted,median,wp11a_coarse_10y,5,10.0,39.0,1,19.024566038154482,19.024566038154482,19.024566038154482
resolution,constTC_B,alpha,fitted,median,wp11a_coarse_5y,9,5.0,39.0,1,15.754228651311296,15.754228651311296,15.754228651311296
resolution,constTC_B,alpha,fitted,median,wp11a_coarse_2y,21,2.0,39.0,1,17.66168689286919,17.66168689286919,17.66168689286919
resolution,constTC_B,alpha,fitted,median,wp11a_freq_0p5y,79,0.5,39.0,1,18.736788766758302,18.736788766758302,18.736788766758302
resolution,constTC_B,alpha,fitted,median,wp11a_freq_0p25y,157,0.25,39.0,1,19.08470140164347,19.08470140164347,19.08470140164347
resolution,constTC_B,alpha,fitted,median,wp11a_freq_0p083y,469,0.0833333333333333,39.0,1,19.748922939534612,19.748922939534612,19.748922939534612
resolution,constTC_B,alpha,test,mean,wp11a_coarse_10y,5,10.0,39.0,1,25.779208877626907,25.779208877626907,25.779208877626907
resolution,constTC_B,alpha,test,mean,wp11a_coarse_5y,9,5.0,39.0,1,32.017878280060096,32.017878280060096,32.017878280060096
resolution,constTC_B,alpha,test,mean,wp11a_coarse_2y,21,2.0,39.0,1,34.3127938841809,34.3127938841809,34.3127938841809
resolution,constTC_B,alpha,test,mean,wp11a_freq_0p5y,79,0.5,39.0,1,34.4144113937858,34.4144113937858,34.4144113937858
resolution,constTC_B,alpha,test,mean,wp11a_freq_0p25y,157,0.25,39.0,1,34.45994004102016,34.45994004102016,34.45994004102016
resolution,constTC_B,alpha,test,mean,wp11a_freq_0p083y,469,0.0833333333333333,39.0,1,34.929895317396415,34.929895317396415,34.929895317396415
resolution,constTC_B,alpha,test,median,wp11a_coarse_10y,5,10.0,39.0,1,23.45009414033247,23.45009414033247,23.45009414033247
resolution,constTC_B,alpha,test,median,wp11a_coarse_5y,9,5.0,39.0,1,32.76533434855218,32.76533434855218,32.76533434855218
resolution,constTC_B,alpha,test,median,wp11a_coarse_2y,21,2.0,39.0,1,34.2684528852878,34.2684528852878,34.2684528852878
resolution,constTC_B,alpha,test,median,wp11a_freq_0p5y,79,0.5,39.0,1,32.62769200972677,32.62769200972677,32.62769200972677
resolution,constTC_B,alpha,test,median,wp11a_freq_0p25y,157,0.25,39.0,1,33.073074770807004,33.073074770807004,33.073074770807004
resolution,constTC_B,alpha,test,median,wp11a_freq_0p083y,469,0.0833333333333333,39.0,1,34.396872412352955,34.396872412352955,34.396872412352955
resolution,constTC_B,flow,common,mean,wp11a_coarse_10y,5,10.0,39.0,1,8.311108585516967,8.311108585516967,8.311108585516967
resolution,constTC_B,flow,common,mean,wp11a_coarse_5y,9,5.0,39.0,1,7.550635694098192,7.550635694098192,7.550635694098192
resolution,constTC_B,flow,common,mean,wp11a_coarse_2y,21,2.0,39.0,1,5.688078102154566,5.688078102154566,5.688078102154566
resolution,constTC_B,flow,common,mean,wp11a_freq_0p5y,79,0.5,39.0,1,7.811918330417405,7.811918330417405,7.811918330417405
resolution,constTC_B,flow,common,mean,wp11a_freq_0p25y,157,0.25,39.0,1,7.722637542503406,7.722637542503406,7.722637542503406
resolution,constTC_B,flow,common,mean,wp11a_freq_0p083y,469,0.0833333333333333,39.0,1,8.426459671666601,8.426459671666601,8.426459671666601
resolution,constTC_B,flow,common,median,wp11a_coarse_10y,5,10.0,39.0,1,5.943221784998278,5.943221784998278,5.943221784998278
resolution,constTC_B,flow,common,median,wp11a_coarse_5y,9,5.0,39.0,1,3.179686572377624,3.179686572377624,3.179686572377624
resolution,constTC_B,flow,common,median,wp11a_coarse_2y,21,2.0,39.0,1,1.7419564336704565,1.7419564336704565,1.7419564336704565
resolution,constTC_B,flow,common,median,wp11a_freq_0p5y,79,0.5,39.0,1,2.061710662459032,2.061710662459032,2.061710662459032
resolution,constTC_B,flow,common,median,wp11a_freq_0p25y,157,0.25,39.0,1,1.995591291451012,1.995591291451012,1.995591291451012
resolution,constTC_B,flow,common,median,wp11a_freq_0p083y,469,0.0833333333333333,39.0,1,2.2877712241363826,2.2877712241363826,2.2877712241363826
resolution,constTC_B,flow,fitted,mean,wp11a_coarse_10y,5,10.0,39.0,1,12.076263931337595,12.076263931337595,12.076263931337595
resolution,constTC_B,flow,fitted,mean,wp11a_coarse_5y,9,5.0,39.0,1,7.6588742705147554,7.6588742705147554,7.6588742705147554
resolution,constTC_B,flow,fitted,mean,wp11a_coarse_2y,21,2.0,39.0,1,7.631926067426602,7.631926067426602,7.631926067426602
resolution,constTC_B,flow,fitted,mean,wp11a_freq_0p5y,79,0.5,39.0,1,7.168259597776166,7.168259597776166,7.168259597776166
resolution,constTC_B,flow,fitted,mean,wp11a_freq_0p25y,157,0.25,39.0,1,7.902835597004425,7.902835597004425,7.902835597004425
resolution,constTC_B,flow,fitted,mean,wp11a_freq_0p083y,469,0.0833333333333333,39.0,1,8.160797659871733,8.160797659871733,8.160797659871733
resolution,constTC_B,flow,fitted,median,wp11a_coarse_10y,5,10.0,39.0,1,9.40337518802144,9.40337518802144,9.40337518802144
resolution,constTC_B,flow,fitted,median,wp11a_coarse_5y,9,5.0,39.0,1,4.688236135002106,4.688236135002106,4.688236135002106
resolution,constTC_B,flow,fitted,median,wp11a_coarse_2y,21,2.0,39.0,1,3.753651059075176,3.753651059075176,3.753651059075176
resolution,constTC_B,flow,fitted,median,wp11a_freq_0p5y,79,0.5,39.0,1,3.6189436692925274,3.6189436692925274,3.6189436692925274
resolution,constTC_B,flow,fitted,median,wp11a_freq_0p25y,157,0.25,39.0,1,3.9570371769978654,3.9570371769978654,3.9570371769978654
resolution,constTC_B,flow,fitted,median,wp11a_freq_0p083y,469,0.0833333333333333,39.0,1,4.08495666050378,4.08495666050378,4.08495666050378
resolution,constTC_B,flow,test,mean,wp11a_coarse_10y,5,10.0,39.0,1,17.258067985125603,17.258067985125603,17.258067985125603
resolution,constTC_B,flow,test,mean,wp11a_coarse_5y,9,5.0,39.0,1,12.86759744570586,12.86759744570586,12.86759744570586
resolution,constTC_B,flow,test,mean,wp11a_coarse_2y,21,2.0,39.0,1,14.236038166415488,14.236038166415488,14.236038166415488
resolution,constTC_B,flow,test,mean,wp11a_freq_0p5y,79,0.5,39.0,1,12.362803475683814,12.362803475683814,12.362803475683814
resolution,constTC_B,flow,test,mean,wp11a_freq_0p25y,157,0.25,39.0,1,14.126268624544345,14.126268624544345,14.126268624544345
resolution,constTC_B,flow,test,mean,wp11a_freq_0p083y,469,0.0833333333333333,39.0,1,14.420407041086294,14.420407041086294,14.420407041086294
resolution,constTC_B,flow,test,median,wp11a_coarse_10y,5,10.0,39.0,1,11.711975683900793,11.711975683900793,11.711975683900793
resolution,constTC_B,flow,test,median,wp11a_coarse_5y,9,5.0,39.0,1,8.277283254736084,8.277283254736084,8.277283254736084
resolution,constTC_B,flow,test,median,wp11a_coarse_2y,21,2.0,39.0,1,7.929829637867063,7.929829637867063,7.929829637867063
resolution,constTC_B,flow,test,median,wp11a_freq_0p5y,79,0.5,39.0,1,7.002966525790728,7.002966525790728,7.002966525790728
resolution,constTC_B,flow,test,median,wp11a_freq_0p25y,157,0.25,39.0,1,7.5434366681595,7.5434366681595,7.5434366681595
resolution,constTC_B,flow,test,median,wp11a_freq_0p083y,469,0.0833333333333333,39.0,1,7.442729238382733,7.442729238382733,7.442729238382733
resolution,constTC_B,stock,common,mean,wp11a_coarse_10y,5,10.0,39.0,1,4.875761237703157,4.875761237703157,4.875761237703157
resolution,constTC_B,stock,common,mean,wp11a_coarse_5y,9,5.0,39.0,1,4.002311762573316,4.002311762573316,4.002311762573316
resolution,constTC_B,stock,common,mean,wp11a_coarse_2y,21,2.0,39.0,1,3.8276148923062276,3.8276148923062276,3.8276148923062276
resolution,constTC_B,stock,common,mean,wp11a_freq_0p5y,79,0.5,39.0,1,4.369901657606734,4.369901657606734,4.369901657606734
resolution,constTC_B,stock,common,mean,wp11a_freq_0p25y,157,0.25,39.0,1,4.418914576296559,4.418914576296559,4.418914576296559
resolution,constTC_B,stock,common,mean,wp11a_freq_0p083y,469,0.0833333333333333,39.0,1,4.599836445172733,4.599836445172733,4.599836445172733
resolution,constTC_B,stock,common,median,wp11a_coarse_10y,5,10.0,39.0,1,4.878000243215663,4.878000243215663,4.878000243215663
resolution,constTC_B,stock,common,median,wp11a_coarse_5y,9,5.0,39.0,1,2.91648919427758,2.91648919427758,2.91648919427758
resolution,constTC_B,stock,common,median,wp11a_coarse_2y,21,2.0,39.0,1,2.854193047435399,2.854193047435399,2.854193047435399
resolution,constTC_B,stock,common,median,wp11a_freq_0p5y,79,0.5,39.0,1,3.150097753081214,3.150097753081214,3.150097753081214
resolution,constTC_B,stock,common,median,wp11a_freq_0p25y,157,0.25,39.0,1,2.9834804813588627,2.9834804813588627,2.9834804813588627
resolution,constTC_B,stock,common,median,wp11a_freq_0p083y,469,0.0833333333333333,39.0,1,2.866897314272601,2.866897314272601,2.866897314272601
resolution,constTC_B,stock,fitted,mean,wp11a_coarse_10y,5,10.0,39.0,1,11.638523754171883,11.638523754171883,11.638523754171883
resolution,constTC_B,stock,fitted,mean,wp11a_coarse_5y,9,5.0,39.0,1,8.142453194475681,8.142453194475681,8.142453194475681
resolution,constTC_B,stock,fitted,mean,wp11a_coarse_2y,21,2.0,39.0,1,6.868548086692473,6.868548086692473,6.868548086692473
resolution,constTC_B,stock,fitted,mean,wp11a_freq_0p5y,79,0.5,39.0,1,6.777572705902592,6.777572705902592,6.777572705902592
resolution,constTC_B,stock,fitted,mean,wp11a_freq_0p25y,157,0.25,39.0,1,6.868813800147385,6.868813800147385,6.868813800147385
resolution,constTC_B,stock,fitted,mean,wp11a_freq_0p083y,469,0.0833333333333333,39.0,1,7.154677388543803,7.154677388543803,7.154677388543803
resolution,constTC_B,stock,fitted,median,wp11a_coarse_10y,5,10.0,39.0,1,11.473215434933824,11.473215434933824,11.473215434933824
resolution,constTC_B,stock,fitted,median,wp11a_coarse_5y,9,5.0,39.0,1,6.043031586737589,6.043031586737589,6.043031586737589
resolution,constTC_B,stock,fitted,median,wp11a_coarse_2y,21,2.0,39.0,1,4.729462920331911,4.729462920331911,4.729462920331911
resolution,constTC_B,stock,fitted,median,wp11a_freq_0p5y,79,0.5,39.0,1,4.594747389233281,4.594747389233281,4.594747389233281
resolution,constTC_B,stock,fitted,median,wp11a_freq_0p25y,157,0.25,39.0,1,4.758781660343753,4.758781660343753,4.758781660343753
resolution,constTC_B,stock,fitted,median,wp11a_freq_0p083y,469,0.0833333333333333,39.0,1,5.02672326361824,5.02672326361824,5.02672326361824
resolution,constTC_B,stock,test,mean,wp11a_coarse_10y,5,10.0,39.0,1,8.62756530736734,8.62756530736734,8.62756530736734
resolution,constTC_B,stock,test,mean,wp11a_coarse_5y,9,5.0,39.0,1,19.75777252970256,19.75777252970256,19.75777252970256
resolution,constTC_B,stock,test,mean,wp11a_coarse_2y,21,2.0,39.0,1,20.87961226921645,20.87961226921645,20.87961226921645
resolution,constTC_B,stock,test,mean,wp11a_freq_0p5y,79,0.5,39.0,1,22.460772517445033,22.460772517445033,22.460772517445033
resolution,constTC_B,stock,test,mean,wp11a_freq_0p25y,157,0.25,39.0,1,21.147468198621898,21.147468198621898,21.147468198621898
resolution,constTC_B,stock,test,mean,wp11a_freq_0p083y,469,0.0833333333333333,39.0,1,21.56357609573083,21.56357609573083,21.56357609573083
resolution,constTC_B,stock,test,median,wp11a_coarse_10y,5,10.0,39.0,1,9.284265994909209,9.284265994909209,9.284265994909209
resolution,constTC_B,stock,test,median,wp11a_coarse_5y,9,5.0,39.0,1,22.62677052361302,22.62677052361302,22.62677052361302
resolution,constTC_B,stock,test,median,wp11a_coarse_2y,21,2.0,39.0,1,22.682276511288052,22.682276511288052,22.682276511288052
resolution,constTC_B,stock,test,median,wp11a_freq_0p5y,79,0.5,39.0,1,28.281159155324787,28.281159155324787,28.281159155324787
resolution,constTC_B,stock,test,median,wp11a_freq_0p25y,157,0.25,39.0,1,23.408886346171187,23.408886346171187,23.408886346171187
resolution,constTC_B,stock,test,median,wp11a_freq_0p083y,469,0.0833333333333333,39.0,1,22.79502067994023,22.79502067994023,22.79502067994023
resolution,constTC_B,tau,common,mean,wp11a_coarse_10y,5,10.0,39.0,1,4.439826799236501,4.439826799236501,4.439826799236501
resolution,constTC_B,tau,common,mean,wp11a_coarse_5y,9,5.0,39.0,1,4.590220888741259,4.590220888741259,4.590220888741259
resolution,constTC_B,tau,common,mean,wp11a_coarse_2y,21,2.0,39.0,1,2.9696258315403417,2.9696258315403417,2.9696258315403417
resolution,constTC_B,tau,common,mean,wp11a_freq_0p5y,79,0.5,39.0,1,3.830033023511238,3.830033023511238,3.830033023511238
resolution,constTC_B,tau,common,mean,wp11a_freq_0p25y,157,0.25,39.0,1,3.6405464704560515,3.6405464704560515,3.6405464704560515
resolution,constTC_B,tau,common,mean,wp11a_freq_0p083y,469,0.0833333333333333,39.0,1,4.154689463323719,4.154689463323719,4.154689463323719
resolution,constTC_B,tau,common,median,wp11a_coarse_10y,5,10.0,39.0,1,2.2084936653128597,2.2084936653128597,2.2084936653128597
resolution,constTC_B,tau,common,median,wp11a_coarse_5y,9,5.0,39.0,1,2.1394899045742126,2.1394899045742126,2.1394899045742126
resolution,constTC_B,tau,common,median,wp11a_coarse_2y,21,2.0,39.0,1,1.6452449917961132,1.6452449917961132,1.6452449917961132
resolution,constTC_B,tau,common,median,wp11a_freq_0p5y,79,0.5,39.0,1,2.2210804719383314e-06,2.2210804719383314e-06,2.2210804719383314e-06
resolution,constTC_B,tau,common,median,wp11a_freq_0p25y,157,0.25,39.0,1,4.431804666672238e-06,4.431804666672238e-06,4.431804666672238e-06
resolution,constTC_B,tau,common,median,wp11a_freq_0p083y,469,0.0833333333333333,39.0,1,1.328446081861376e-05,1.328446081861376e-05,1.328446081861376e-05
resolution,constTC_B,tau,fitted,mean,wp11a_coarse_10y,5,10.0,39.0,1,8.290667006567412,8.290667006567412,8.290667006567412
resolution,constTC_B,tau,fitted,mean,wp11a_coarse_5y,9,5.0,39.0,1,5.744922482945987,5.744922482945987,5.744922482945987
resolution,constTC_B,tau,fitted,mean,wp11a_coarse_2y,21,2.0,39.0,1,5.2328402658231035,5.2328402658231035,5.2328402658231035
resolution,constTC_B,tau,fitted,mean,wp11a_freq_0p5y,79,0.5,39.0,1,3.4570787593496863,3.4570787593496863,3.4570787593496863
resolution,constTC_B,tau,fitted,mean,wp11a_freq_0p25y,157,0.25,39.0,1,3.856071680709297,3.856071680709297,3.856071680709297
resolution,constTC_B,tau,fitted,mean,wp11a_freq_0p083y,469,0.0833333333333333,39.0,1,3.9136716802762703,3.9136716802762703,3.9136716802762703
resolution,constTC_B,tau,fitted,median,wp11a_coarse_10y,5,10.0,39.0,1,5.3739892228680235,5.3739892228680235,5.3739892228680235
resolution,constTC_B,tau,fitted,median,wp11a_coarse_5y,9,5.0,39.0,1,4.10809723482828,4.10809723482828,4.10809723482828
resolution,constTC_B,tau,fitted,median,wp11a_coarse_2y,21,2.0,39.0,1,3.6260310613102056,3.6260310613102056,3.6260310613102056
resolution,constTC_B,tau,fitted,median,wp11a_freq_0p5y,79,0.5,39.0,1,8.190137515029921e-06,8.190137515029921e-06,8.190137515029921e-06
resolution,constTC_B,tau,fitted,median,wp11a_freq_0p25y,157,0.25,39.0,1,1.638789541664681e-05,1.638789541664681e-05,1.638789541664681e-05
resolution,constTC_B,tau,fitted,median,wp11a_freq_0p083y,469,0.0833333333333333,39.0,1,4.918899046667019e-05,4.918899046667019e-05,4.918899046667019e-05
resolution,constTC_B,tau,test,mean,wp11a_coarse_10y,5,10.0,39.0,1,12.592507397817773,12.592507397817773,12.592507397817773
resolution,constTC_B,tau,test,mean,wp11a_coarse_5y,9,5.0,39.0,1,8.488919802015362,8.488919802015362,8.488919802015362
resolution,constTC_B,tau,test,mean,wp11a_coarse_2y,21,2.0,39.0,1,9.260913824358958,9.260913824358958,9.260913824358958
resolution,constTC_B,tau,test,mean,wp11a_freq_0p5y,79,0.5,39.0,1,7.08757075145142,7.08757075145142,7.08757075145142
resolution,constTC_B,tau,test,mean,wp11a_freq_0p25y,157,0.25,39.0,1,8.582839026877107,8.582839026877107,8.582839026877107
resolution,constTC_B,tau,test,mean,wp11a_freq_0p083y,469,0.0833333333333333,39.0,1,8.675541453577186,8.675541453577186,8.675541453577186
resolution,constTC_B,tau,test,median,wp11a_coarse_10y,5,10.0,39.0,1,10.246968923773867,10.246968923773867,10.246968923773867
resolution,constTC_B,tau,test,median,wp11a_coarse_5y,9,5.0,39.0,1,5.48344054205401,5.48344054205401,5.48344054205401
resolution,constTC_B,tau,test,median,wp11a_coarse_2y,21,2.0,39.0,1,4.05614227071145,4.05614227071145,4.05614227071145
resolution,constTC_B,tau,test,median,wp11a_freq_0p5y,79,0.5,39.0,1,2.0317998472738892e-05,2.0317998472738892e-05,2.0317998472738892e-05
resolution,constTC_B,tau,test,median,wp11a_freq_0p25y,157,0.25,39.0,1,4.078691816812733e-05,4.078691816812733e-05,4.078691816812733e-05
resolution,constTC_B,tau,test,median,wp11a_freq_0p083y,469,0.0833333333333333,39.0,1,0.000122563750708576,0.000122563750708576,0.000122563750708576
resolution,gam,alpha,common,mean,wp11a_coarse_10y,5,10.0,39.0,1,13.334197876580843,13.334197876580843,13.334197876580843
resolution,gam,alpha,common,mean,wp11a_coarse_5y,9,5.0,39.0,1,11.014057634506507,11.014057634506507,11.014057634506507
resolution,gam,alpha,common,mean,wp11a_coarse_2y,21,2.0,39.0,1,8.959516383567658,8.959516383567658,8.959516383567658
resolution,gam,alpha,common,mean,wp11a_freq_0p5y,79,0.5,39.0,1,5.266060086984789,5.266060086984789,5.266060086984789
resolution,gam,alpha,common,mean,wp11a_freq_0p25y,157,0.25,39.0,1,3.9554274347826937,3.9554274347826937,3.9554274347826937
resolution,gam,alpha,common,mean,wp11a_freq_0p083y,469,0.0833333333333333,39.0,1,2.7061925887505813,2.7061925887505813,2.7061925887505813
resolution,gam,alpha,common,median,wp11a_coarse_10y,5,10.0,39.0,1,11.939444874292441,11.939444874292441,11.939444874292441
resolution,gam,alpha,common,median,wp11a_coarse_5y,9,5.0,39.0,1,9.716200659120032,9.716200659120032,9.716200659120032
resolution,gam,alpha,common,median,wp11a_coarse_2y,21,2.0,39.0,1,9.534705197070641,9.534705197070641,9.534705197070641
resolution,gam,alpha,common,median,wp11a_freq_0p5y,79,0.5,39.0,1,4.989887606392541,4.989887606392541,4.989887606392541
resolution,gam,alpha,common,median,wp11a_freq_0p25y,157,0.25,39.0,1,3.0944742063966517,3.0944742063966517,3.0944742063966517
resolution,gam,alpha,common,median,wp11a_freq_0p083y,469,0.0833333333333333,39.0,1,3.013337596974407,3.013337596974407,3.013337596974407
resolution,gam,alpha,fitted,mean,wp11a_coarse_10y,5,10.0,39.0,1,20.138725879563356,20.138725879563356,20.138725879563356
resolution,gam,alpha,fitted,mean,wp11a_coarse_5y,9,5.0,39.0,1,16.98815145202299,16.98815145202299,16.98815145202299
resolution,gam,alpha,fitted,mean,wp11a_coarse_2y,21,2.0,39.0,1,10.450001326997807,10.450001326997807,10.450001326997807
resolution,gam,alpha,fitted,mean,wp11a_freq_0p5y,79,0.5,39.0,1,5.623480580707332,5.623480580707332,5.623480580707332
resolution,gam,alpha,fitted,mean,wp11a_freq_0p25y,157,0.25,39.0,1,3.184508756321644,3.184508756321644,3.184508756321644
resolution,gam,alpha,fitted,mean,wp11a_freq_0p083y,469,0.0833333333333333,39.0,1,4.442191626151149,4.442191626151149,4.442191626151149
resolution,gam,alpha,fitted,median,wp11a_coarse_10y,5,10.0,39.0,1,19.024566038154482,19.024566038154482,19.024566038154482
resolution,gam,alpha,fitted,median,wp11a_coarse_5y,9,5.0,39.0,1,15.754228651311296,15.754228651311296,15.754228651311296
resolution,gam,alpha,fitted,median,wp11a_coarse_2y,21,2.0,39.0,1,9.951761532300694,9.951761532300694,9.951761532300694
resolution,gam,alpha,fitted,median,wp11a_freq_0p5y,79,0.5,39.0,1,5.342655921372724,5.342655921372724,5.342655921372724
resolution,gam,alpha,fitted,median,wp11a_freq_0p25y,157,0.25,39.0,1,3.0063831154427274,3.0063831154427274,3.0063831154427274
resolution,gam,alpha,fitted,median,wp11a_freq_0p083y,469,0.0833333333333333,39.0,1,4.5721226449246535,4.5721226449246535,4.5721226449246535
resolution,gam,alpha,test,mean,wp11a_coarse_10y,5,10.0,39.0,1,25.779208877626907,25.779208877626907,25.779208877626907
resolution,gam,alpha,test,mean,wp11a_coarse_5y,9,5.0,39.0,1,32.017878280060096,32.017878280060096,32.017878280060096
resolution,gam,alpha,test,mean,wp11a_coarse_2y,21,2.0,39.0,1,33.86239367638508,33.86239367638508,33.86239367638508
resolution,gam,alpha,test,mean,wp11a_freq_0p5y,79,0.5,39.0,1,19.951716870350104,19.951716870350104,19.951716870350104
resolution,gam,alpha,test,mean,wp11a_freq_0p25y,157,0.25,39.0,1,17.91220707949093,17.91220707949093,17.91220707949093
resolution,gam,alpha,test,mean,wp11a_freq_0p083y,469,0.0833333333333333,39.0,1,24.644497555519482,24.644497555519482,24.644497555519482
resolution,gam,alpha,test,median,wp11a_coarse_10y,5,10.0,39.0,1,23.45009414033247,23.45009414033247,23.45009414033247
resolution,gam,alpha,test,median,wp11a_coarse_5y,9,5.0,39.0,1,32.76533434855218,32.76533434855218,32.76533434855218
resolution,gam,alpha,test,median,wp11a_coarse_2y,21,2.0,39.0,1,34.99607131665642,34.99607131665642,34.99607131665642
resolution,gam,alpha,test,median,wp11a_freq_0p5y,79,0.5,39.0,1,18.93338915627476,18.93338915627476,18.93338915627476
resolution,gam,alpha,test,median,wp11a_freq_0p25y,157,0.25,39.0,1,13.00369943696324,13.00369943696324,13.00369943696324
resolution,gam,alpha,test,median,wp11a_freq_0p083y,469,0.0833333333333333,39.0,1,29.65612088332052,29.65612088332052,29.65612088332052
resolution,gam,flow,common,mean,wp11a_coarse_10y,5,10.0,39.0,1,8.311108585516967,8.311108585516967,8.311108585516967
resolution,gam,flow,common,mean,wp11a_coarse_5y,9,5.0,39.0,1,7.550635694098192,7.550635694098192,7.550635694098192
resolution,gam,flow,common,mean,wp11a_coarse_2y,21,2.0,39.0,1,3.266774887143688,3.266774887143688,3.266774887143688
resolution,gam,flow,common,mean,wp11a_freq_0p5y,79,0.5,39.0,1,2.871043706616241,2.871043706616241,2.871043706616241
resolution,gam,flow,common,mean,wp11a_freq_0p25y,157,0.25,39.0,1,2.135528882348192,2.135528882348192,2.135528882348192
resolution,gam,flow,common,mean,wp11a_freq_0p083y,469,0.0833333333333333,39.0,1,1.2226452525909748,1.2226452525909748,1.2226452525909748
resolution,gam,flow,common,median,wp11a_coarse_10y,5,10.0,39.0,1,5.943221784998278,5.943221784998278,5.943221784998278
resolution,gam,flow,common,median,wp11a_coarse_5y,9,5.0,39.0,1,3.179686572377624,3.179686572377624,3.179686572377624
resolution,gam,flow,common,median,wp11a_coarse_2y,21,2.0,39.0,1,2.4463710788300523,2.4463710788300523,2.4463710788300523
resolution,gam,flow,common,median,wp11a_freq_0p5y,79,0.5,39.0,1,1.688072748495828,1.688072748495828,1.688072748495828
resolution,gam,flow,common,median,wp11a_freq_0p25y,157,0.25,39.0,1,1.181240209565179,1.181240209565179,1.181240209565179
resolution,gam,flow,common,median,wp11a_freq_0p083y,469,0.0833333333333333,39.0,1,1.0379632279328688,1.0379632279328688,1.0379632279328688
resolution,gam,flow,fitted,mean,wp11a_coarse_10y,5,10.0,39.0,1,12.076263931337595,12.076263931337595,12.076263931337595
resolution,gam,flow,fitted,mean,wp11a_coarse_5y,9,5.0,39.0,1,7.6588742705147554,7.6588742705147554,7.6588742705147554
resolution,gam,flow,fitted,mean,wp11a_coarse_2y,21,2.0,39.0,1,4.13125700090166,4.13125700090166,4.13125700090166
resolution,gam,flow,fitted,mean,wp11a_freq_0p5y,79,0.5,39.0,1,3.0100403763505894,3.0100403763505894,3.0100403763505894
resolution,gam,flow,fitted,mean,wp11a_freq_0p25y,157,0.25,39.0,1,1.6914917350920975,1.6914917350920975,1.6914917350920975
resolution,gam,flow,fitted,mean,wp11a_freq_0p083y,469,0.0833333333333333,39.0,1,2.0983332509857484,2.0983332509857484,2.0983332509857484
resolution,gam,flow,fitted,median,wp11a_coarse_10y,5,10.0,39.0,1,9.40337518802144,9.40337518802144,9.40337518802144
resolution,gam,flow,fitted,median,wp11a_coarse_5y,9,5.0,39.0,1,4.688236135002106,4.688236135002106,4.688236135002106
resolution,gam,flow,fitted,median,wp11a_coarse_2y,21,2.0,39.0,1,2.6941927034475537,2.6941927034475537,2.6941927034475537
resolution,gam,flow,fitted,median,wp11a_freq_0p5y,79,0.5,39.0,1,2.406184404496801,2.406184404496801,2.406184404496801
resolution,gam,flow,fitted,median,wp11a_freq_0p25y,157,0.25,39.0,1,1.0103841479448252,1.0103841479448252,1.0103841479448252
resolution,gam,flow,fitted,median,wp11a_freq_0p083y,469,0.0833333333333333,39.0,1,0.7698702525267438,0.7698702525267438,0.7698702525267438
resolution,gam,flow,test,mean,wp11a_coarse_10y,5,10.0,39.0,1,17.258067985125603,17.258067985125603,17.258067985125603
resolution,gam,flow,test,mean,wp11a_coarse_5y,9,5.0,39.0,1,12.86759744570586,12.86759744570586,12.86759744570586
resolution,gam,flow,test,mean,wp11a_coarse_2y,21,2.0,39.0,1,9.511659057228094,9.511659057228094,9.511659057228094
resolution,gam,flow,test,mean,wp11a_freq_0p5y,79,0.5,39.0,1,9.230642027188862,9.230642027188862,9.230642027188862
resolution,gam,flow,test,mean,wp11a_freq_0p25y,157,0.25,39.0,1,4.6462935032113,4.6462935032113,4.6462935032113
resolution,gam,flow,test,mean,wp11a_freq_0p083y,469,0.0833333333333333,39.0,1,9.987304861046706,9.987304861046706,9.987304861046706
resolution,gam,flow,test,median,wp11a_coarse_10y,5,10.0,39.0,1,11.711975683900793,11.711975683900793,11.711975683900793
resolution,gam,flow,test,median,wp11a_coarse_5y,9,5.0,39.0,1,8.277283254736084,8.277283254736084,8.277283254736084
resolution,gam,flow,test,median,wp11a_coarse_2y,21,2.0,39.0,1,4.7642147199580975,4.7642147199580975,4.7642147199580975
resolution,gam,flow,test,median,wp11a_freq_0p5y,79,0.5,39.0,1,3.959961203576603,3.959961203576603,3.959961203576603
resolution,gam,flow,test,median,wp11a_freq_0p25y,157,0.25,39.0,1,1.8433128093894044,1.8433128093894044,1.8433128093894044
resolution,gam,flow,test,median,wp11a_freq_0p083y,469,0.0833333333333333,39.0,1,3.3287108383399096,3.3287108383399096,3.3287108383399096
resolution,gam,stock,common,mean,wp11a_coarse_10y,5,10.0,39.0,1,4.875761237703157,4.875761237703157,4.875761237703157
resolution,gam,stock,common,mean,wp11a_coarse_5y,9,5.0,39.0,1,4.002311762573316,4.002311762573316,4.002311762573316
resolution,gam,stock,common,mean,wp11a_coarse_2y,21,2.0,39.0,1,3.382978463152696,3.382978463152696,3.382978463152696
resolution,gam,stock,common,mean,wp11a_freq_0p5y,79,0.5,39.0,1,1.7566099587874737,1.7566099587874737,1.7566099587874737
resolution,gam,stock,common,mean,wp11a_freq_0p25y,157,0.25,39.0,1,1.2470571036900318,1.2470571036900318,1.2470571036900318
resolution,gam,stock,common,mean,wp11a_freq_0p083y,469,0.0833333333333333,39.0,1,1.06159304700385,1.06159304700385,1.06159304700385
resolution,gam,stock,common,median,wp11a_coarse_10y,5,10.0,39.0,1,4.878000243215663,4.878000243215663,4.878000243215663
resolution,gam,stock,common,median,wp11a_coarse_5y,9,5.0,39.0,1,2.91648919427758,2.91648919427758,2.91648919427758
resolution,gam,stock,common,median,wp11a_coarse_2y,21,2.0,39.0,1,2.1408384224979304,2.1408384224979304,2.1408384224979304
resolution,gam,stock,common,median,wp11a_freq_0p5y,79,0.5,39.0,1,1.606345420794901,1.606345420794901,1.606345420794901
resolution,gam,stock,common,median,wp11a_freq_0p25y,157,0.25,39.0,1,1.1268206869332336,1.1268206869332336,1.1268206869332336
resolution,gam,stock,common,median,wp11a_freq_0p083y,469,0.0833333333333333,39.0,1,0.6801773896626331,0.6801773896626331,0.6801773896626331
resolution,gam,stock,fitted,mean,wp11a_coarse_10y,5,10.0,39.0,1,11.638523754171883,11.638523754171883,11.638523754171883
resolution,gam,stock,fitted,mean,wp11a_coarse_5y,9,5.0,39.0,1,8.142453194475681,8.142453194475681,8.142453194475681
resolution,gam,stock,fitted,mean,wp11a_coarse_2y,21,2.0,39.0,1,4.91715243916248,4.91715243916248,4.91715243916248
resolution,gam,stock,fitted,mean,wp11a_freq_0p5y,79,0.5,39.0,1,2.6083496778267445,2.6083496778267445,2.6083496778267445
resolution,gam,stock,fitted,mean,wp11a_freq_0p25y,157,0.25,39.0,1,1.48359559203019,1.48359559203019,1.48359559203019
resolution,gam,stock,fitted,mean,wp11a_freq_0p083y,469,0.0833333333333333,39.0,1,1.1306750211547074,1.1306750211547074,1.1306750211547074
resolution,gam,stock,fitted,median,wp11a_coarse_10y,5,10.0,39.0,1,11.473215434933824,11.473215434933824,11.473215434933824
resolution,gam,stock,fitted,median,wp11a_coarse_5y,9,5.0,39.0,1,6.043031586737589,6.043031586737589,6.043031586737589
resolution,gam,stock,fitted,median,wp11a_coarse_2y,21,2.0,39.0,1,4.062088403557656,4.062088403557656,4.062088403557656
resolution,gam,stock,fitted,median,wp11a_freq_0p5y,79,0.5,39.0,1,2.613807205989677,2.613807205989677,2.613807205989677
resolution,gam,stock,fitted,median,wp11a_freq_0p25y,157,0.25,39.0,1,1.3338641425008422,1.3338641425008422,1.3338641425008422
resolution,gam,stock,fitted,median,wp11a_freq_0p083y,469,0.0833333333333333,39.0,1,0.8933913987110682,0.8933913987110682,0.8933913987110682
resolution,gam,stock,test,mean,wp11a_coarse_10y,5,10.0,39.0,1,8.62756530736734,8.62756530736734,8.62756530736734
resolution,gam,stock,test,mean,wp11a_coarse_5y,9,5.0,39.0,1,19.75777252970256,19.75777252970256,19.75777252970256
resolution,gam,stock,test,mean,wp11a_coarse_2y,21,2.0,39.0,1,23.751752818826752,23.751752818826752,23.751752818826752
resolution,gam,stock,test,mean,wp11a_freq_0p5y,79,0.5,39.0,1,13.643789673487701,13.643789673487701,13.643789673487701
resolution,gam,stock,test,mean,wp11a_freq_0p25y,157,0.25,39.0,1,10.174980141367785,10.174980141367785,10.174980141367785
resolution,gam,stock,test,mean,wp11a_freq_0p083y,469,0.0833333333333333,39.0,1,9.252010298299375,9.252010298299375,9.252010298299375
resolution,gam,stock,test,median,wp11a_coarse_10y,5,10.0,39.0,1,9.284265994909209,9.284265994909209,9.284265994909209
resolution,gam,stock,test,median,wp11a_coarse_5y,9,5.0,39.0,1,22.62677052361302,22.62677052361302,22.62677052361302
resolution,gam,stock,test,median,wp11a_coarse_2y,21,2.0,39.0,1,21.952770890069246,21.952770890069246,21.952770890069246
resolution,gam,stock,test,median,wp11a_freq_0p5y,79,0.5,39.0,1,16.238191151227028,16.238191151227028,16.238191151227028
resolution,gam,stock,test,median,wp11a_freq_0p25y,157,0.25,39.0,1,7.046005045596444,7.046005045596444,7.046005045596444
resolution,gam,stock,test,median,wp11a_freq_0p083y,469,0.0833333333333333,39.0,1,8.384418230318515,8.384418230318515,8.384418230318515
resolution,gam,tau,common,mean,wp11a_coarse_10y,5,10.0,39.0,1,4.439826799236501,4.439826799236501,4.439826799236501
resolution,gam,tau,common,mean,wp11a_coarse_5y,9,5.0,39.0,1,4.590220888741259,4.590220888741259,4.590220888741259
resolution,gam,tau,common,mean,wp11a_coarse_2y,21,2.0,39.0,1,2.1605059279009273,2.1605059279009273,2.1605059279009273
resolution,gam,tau,common,mean,wp11a_freq_0p5y,79,0.5,39.0,1,2.1249236498498636,2.1249236498498636,2.1249236498498636
resolution,gam,tau,common,mean,wp11a_freq_0p25y,157,0.25,39.0,1,1.4546121004265506,1.4546121004265506,1.4546121004265506
resolution,gam,tau,common,mean,wp11a_freq_0p083y,469,0.0833333333333333,39.0,1,0.7726391164589315,0.7726391164589315,0.7726391164589315
resolution,gam,tau,common,median,wp11a_coarse_10y,5,10.0,39.0,1,2.2084936653128597,2.2084936653128597,2.2084936653128597
resolution,gam,tau,common,median,wp11a_coarse_5y,9,5.0,39.0,1,2.1394899045742126,2.1394899045742126,2.1394899045742126
resolution,gam,tau,common,median,wp11a_coarse_2y,21,2.0,39.0,1,1.6452449917961132,1.6452449917961132,1.6452449917961132
resolution,gam,tau,common,median,wp11a_freq_0p5y,79,0.5,39.0,1,2.2210804719383314e-06,2.2210804719383314e-06,2.2210804719383314e-06
resolution,gam,tau,common,median,wp11a_freq_0p25y,157,0.25,39.0,1,4.431804666672238e-06,4.431804666672238e-06,4.431804666672238e-06
resolution,gam,tau,common,median,wp11a_freq_0p083y,469,0.0833333333333333,39.0,1,1.328446081861376e-05,1.328446081861376e-05,1.328446081861376e-05
resolution,gam,tau,fitted,mean,wp11a_coarse_10y,5,10.0,39.0,1,8.290667006567412,8.290667006567412,8.290667006567412
resolution,gam,tau,fitted,mean,wp11a_coarse_5y,9,5.0,39.0,1,5.744922482945987,5.744922482945987,5.744922482945987
resolution,gam,tau,fitted,mean,wp11a_coarse_2y,21,2.0,39.0,1,3.89183485237995,3.89183485237995,3.89183485237995
resolution,gam,tau,fitted,mean,wp11a_freq_0p5y,79,0.5,39.0,1,2.5107929572721672,2.5107929572721672,2.5107929572721672
resolution,gam,tau,fitted,mean,wp11a_freq_0p25y,157,0.25,39.0,1,1.161788826778043,1.161788826778043,1.161788826778043
resolution,gam,tau,fitted,mean,wp11a_freq_0p083y,469,0.0833333333333333,39.0,1,0.8484253311417727,0.8484253311417727,0.8484253311417727
resolution,gam,tau,fitted,median,wp11a_coarse_10y,5,10.0,39.0,1,5.3739892228680235,5.3739892228680235,5.3739892228680235
resolution,gam,tau,fitted,median,wp11a_coarse_5y,9,5.0,39.0,1,4.10809723482828,4.10809723482828,4.10809723482828
resolution,gam,tau,fitted,median,wp11a_coarse_2y,21,2.0,39.0,1,3.320453308483086,3.320453308483086,3.320453308483086
resolution,gam,tau,fitted,median,wp11a_freq_0p5y,79,0.5,39.0,1,8.190137515029921e-06,8.190137515029921e-06,8.190137515029921e-06
resolution,gam,tau,fitted,median,wp11a_freq_0p25y,157,0.25,39.0,1,1.638789541664681e-05,1.638789541664681e-05,1.638789541664681e-05
resolution,gam,tau,fitted,median,wp11a_freq_0p083y,469,0.0833333333333333,39.0,1,4.918899046667019e-05,4.918899046667019e-05,4.918899046667019e-05
resolution,gam,tau,test,mean,wp11a_coarse_10y,5,10.0,39.0,1,12.592507397817773,12.592507397817773,12.592507397817773
resolution,gam,tau,test,mean,wp11a_coarse_5y,9,5.0,39.0,1,8.488919802015362,8.488919802015362,8.488919802015362
resolution,gam,tau,test,mean,wp11a_coarse_2y,21,2.0,39.0,1,4.488521307285318,4.488521307285318,4.488521307285318
resolution,gam,tau,test,mean,wp11a_freq_0p5y,79,0.5,39.0,1,5.127493046880559,5.127493046880559,5.127493046880559
resolution,gam,tau,test,mean,wp11a_freq_0p25y,157,0.25,39.0,1,1.3135453708957683,1.3135453708957683,1.3135453708957683
resolution,gam,tau,test,mean,wp11a_freq_0p083y,469,0.0833333333333333,39.0,1,2.345208205792061,2.345208205792061,2.345208205792061
resolution,gam,tau,test,median,wp11a_coarse_10y,5,10.0,39.0,1,10.246968923773867,10.246968923773867,10.246968923773867
resolution,gam,tau,test,median,wp11a_coarse_5y,9,5.0,39.0,1,5.48344054205401,5.48344054205401,5.48344054205401
resolution,gam,tau,test,median,wp11a_coarse_2y,21,2.0,39.0,1,3.696286963484652,3.696286963484652,3.696286963484652
resolution,gam,tau,test,median,wp11a_freq_0p5y,79,0.5,39.0,1,2.0317998472738892e-05,2.0317998472738892e-05,2.0317998472738892e-05
resolution,gam,tau,test,median,wp11a_freq_0p25y,157,0.25,39.0,1,4.078691816812733e-05,4.078691816812733e-05,4.078691816812733e-05
resolution,gam,tau,test,median,wp11a_freq_0p083y,469,0.0833333333333333,39.0,1,0.000122563750708576,0.000122563750708576,0.000122563750708576
resolution,ude,alpha,common,mean,wp11a_coarse_10y,5,10.0,39.0,8,28.09073943385505,25.829339003473265,30.732017157415193
resolution,ude,alpha,common,mean,wp11a_coarse_5y,9,5.0,39.0,8,14.949309513736118,13.850281630296632,16.297722215490914
resolution,ude,alpha,common,mean,wp11a_coarse_2y,21,2.0,39.0,8,12.185351490979883,11.683915304104097,13.08620127489467
resolution,ude,alpha,common,mean,wp11a_freq_0p5y,79,0.5,39.0,8,5.217173913271546,4.782944127715329,5.573321095417528
resolution,ude,alpha,common,mean,wp11a_freq_0p25y,157,0.25,39.0,8,3.348574184507958,3.1258554487839727,3.60993440025366
resolution,ude,alpha,common,mean,wp11a_freq_0p083y,469,0.0833333333333333,39.0,8,3.201022984630236,2.926369205540093,3.4362020732821614
resolution,ude,alpha,common,median,wp11a_coarse_10y,5,10.0,39.0,8,25.037903800271533,23.115411974673485,27.0921923179969
resolution,ude,alpha,common,median,wp11a_coarse_5y,9,5.0,39.0,8,15.938525349992553,11.524166053120089,17.118513038581106
resolution,ude,alpha,common,median,wp11a_coarse_2y,21,2.0,39.0,8,12.315853634971655,11.289070568586954,12.754900325022025
resolution,ude,alpha,common,median,wp11a_freq_0p5y,79,0.5,39.0,8,5.054631487884006,4.662521997668307,5.354389833678688
resolution,ude,alpha,common,median,wp11a_freq_0p25y,157,0.25,39.0,8,3.3605747472268797,3.12771482534493,3.786728354704709
resolution,ude,alpha,common,median,wp11a_freq_0p083y,469,0.0833333333333333,39.0,8,2.9014758887223873,2.7298052996400743,3.2709764887140933
resolution,ude,alpha,fitted,mean,wp11a_coarse_10y,5,10.0,39.0,8,32.20113112340998,30.747738096200415,33.43872453140996
resolution,ude,alpha,fitted,mean,wp11a_coarse_5y,9,5.0,39.0,8,19.7360171771699,19.29151406022709,20.727260180503514
resolution,ude,alpha,fitted,mean,wp11a_coarse_2y,21,2.0,39.0,8,16.556781079436455,16.015144726229757,16.9206391698325
resolution,ude,alpha,fitted,mean,wp11a_freq_0p5y,79,0.5,39.0,8,10.28817831081388,9.696067715804077,11.956855128577295
resolution,ude,alpha,fitted,mean,wp11a_freq_0p25y,157,0.25,39.0,8,10.528988196210317,8.687021281970987,11.20516455098484
resolution,ude,alpha,fitted,mean,wp11a_freq_0p083y,469,0.0833333333333333,39.0,8,9.825723001948685,8.372805180049511,11.23598472119016
resolution,ude,alpha,fitted,median,wp11a_coarse_10y,5,10.0,39.0,8,30.868821581616327,27.473840842078403,32.74832131243699
resolution,ude,alpha,fitted,median,wp11a_coarse_5y,9,5.0,39.0,8,17.620313816999,17.080233193632626,20.04618154816794
resolution,ude,alpha,fitted,median,wp11a_coarse_2y,21,2.0,39.0,8,16.896545306120643,14.742548566725455,17.220987617054952
resolution,ude,alpha,fitted,median,wp11a_freq_0p5y,79,0.5,39.0,8,8.806225149445684,8.048209285944008,9.323406433784925
resolution,ude,alpha,fitted,median,wp11a_freq_0p25y,157,0.25,39.0,8,8.558776834423668,7.962587899143154,8.831646416003053
resolution,ude,alpha,fitted,median,wp11a_freq_0p083y,469,0.0833333333333333,39.0,8,9.003830294455787,6.774854358578532,9.536258192742325
resolution,ude,alpha,test,mean,wp11a_coarse_10y,5,10.0,39.0,8,44.29237257410283,42.25988459610186,47.89622944547102
resolution,ude,alpha,test,mean,wp11a_coarse_5y,9,5.0,39.0,8,41.08489764920246,38.9748078182716,43.28459258155657
resolution,ude,alpha,test,mean,wp11a_coarse_2y,21,2.0,39.0,8,40.067670560290026,36.76284258515614,43.562356502719474
resolution,ude,alpha,test,mean,wp11a_freq_0p5y,79,0.5,39.0,8,31.740056684855396,27.177439379868908,35.630788538347524
resolution,ude,alpha,test,mean,wp11a_freq_0p25y,157,0.25,39.0,8,32.662021824795985,28.979241938345197,33.92407432325944
resolution,ude,alpha,test,mean,wp11a_freq_0p083y,469,0.0833333333333333,39.0,8,34.06062641664625,29.64747501112376,36.12069860952225
resolution,ude,alpha,test,median,wp11a_coarse_10y,5,10.0,39.0,8,46.57185933151595,40.71115643682983,52.31048173710096
resolution,ude,alpha,test,median,wp11a_coarse_5y,9,5.0,39.0,8,40.860527949239795,37.82986287845877,47.76427724093514
resolution,ude,alpha,test,median,wp11a_coarse_2y,21,2.0,39.0,8,37.54490727784393,32.99345796139413,41.21719453842165
resolution,ude,alpha,test,median,wp11a_freq_0p5y,79,0.5,39.0,8,33.713940826180554,24.65176382489069,37.601085685053654
resolution,ude,alpha,test,median,wp11a_freq_0p25y,157,0.25,39.0,8,32.84964857954179,26.64697944307516,35.72387813217592
resolution,ude,alpha,test,median,wp11a_freq_0p083y,469,0.0833333333333333,39.0,8,35.316818283619924,25.72975004097525,38.32711023469015
resolution,ude,flow,common,mean,wp11a_coarse_10y,5,10.0,39.0,8,14.933413874968203,13.950321691714029,17.61914740660109
resolution,ude,flow,common,mean,wp11a_coarse_5y,9,5.0,39.0,8,7.545866943288063,6.966794857320575,8.21534809725271
resolution,ude,flow,common,mean,wp11a_coarse_2y,21,2.0,39.0,8,5.164318913541825,5.039260114829322,5.644054631869692
resolution,ude,flow,common,mean,wp11a_freq_0p5y,79,0.5,39.0,8,3.0291129900923064,2.87648508100663,3.2885730564918476
resolution,ude,flow,common,mean,wp11a_freq_0p25y,157,0.25,39.0,8,1.9713293006132826,1.866564338918314,2.1742777722752566
resolution,ude,flow,common,mean,wp11a_freq_0p083y,469,0.0833333333333333,39.0,8,1.9416252227727857,1.7699403481993807,2.130345739442687
resolution,ude,flow,common,median,wp11a_coarse_10y,5,10.0,39.0,8,8.19883696768799,7.960812594443435,9.11461330783624
resolution,ude,flow,common,median,wp11a_coarse_5y,9,5.0,39.0,8,4.107335574313312,3.888757353490563,4.357125722755611
resolution,ude,flow,common,median,wp11a_coarse_2y,21,2.0,39.0,8,2.736861804508112,2.524708225148038,2.854972044328986
resolution,ude,flow,common,median,wp11a_freq_0p5y,79,0.5,39.0,8,1.6072438462206848,1.5205390925835727,1.6646445986846745
resolution,ude,flow,common,median,wp11a_freq_0p25y,157,0.25,39.0,8,1.2126088376516782,0.9795744092049812,1.4364122635029377
resolution,ude,flow,common,median,wp11a_freq_0p083y,469,0.0833333333333333,39.0,8,1.0096601561650704,0.8208983056277299,1.2106971427100548
resolution,ude,flow,fitted,mean,wp11a_coarse_10y,5,10.0,39.0,8,19.891130921259922,18.883988383812955,21.28091426396631
resolution,ude,flow,fitted,mean,wp11a_coarse_5y,9,5.0,39.0,8,12.611231507829007,11.764376499172785,13.064611128977731
resolution,ude,flow,fitted,mean,wp11a_coarse_2y,21,2.0,39.0,8,9.365861821842831,8.20872578636309,9.465457011568573
resolution,ude,flow,fitted,mean,wp11a_freq_0p5y,79,0.5,39.0,8,5.760253616223496,5.286297477563978,6.4238843233815714
resolution,ude,flow,fitted,mean,wp11a_freq_0p25y,157,0.25,39.0,8,5.578696255466085,4.8393814410927405,5.958081758725619
resolution,ude,flow,fitted,mean,wp11a_freq_0p083y,469,0.0833333333333333,39.0,8,5.250491646928708,4.182895601814625,5.6153254189132955
resolution,ude,flow,fitted,median,wp11a_coarse_10y,5,10.0,39.0,8,11.166812338102211,10.134788201733333,11.245535232139911
resolution,ude,flow,fitted,median,wp11a_coarse_5y,9,5.0,39.0,8,5.438188541324486,5.044943537928304,5.639891606527368
resolution,ude,flow,fitted,median,wp11a_coarse_2y,21,2.0,39.0,8,4.697158258130283,4.312350244843167,4.983371161712254
resolution,ude,flow,fitted,median,wp11a_freq_0p5y,79,0.5,39.0,8,2.987666114717124,2.743186673059519,3.162981578386349
resolution,ude,flow,fitted,median,wp11a_freq_0p25y,157,0.25,39.0,8,2.8467915460056012,2.4698497259652767,2.9605941513882086
resolution,ude,flow,fitted,median,wp11a_freq_0p083y,469,0.0833333333333333,39.0,8,2.5806737838443463,2.3051518809858202,2.888196571328945
resolution,ude,flow,test,mean,wp11a_coarse_10y,5,10.0,39.0,8,24.677418518173063,23.889087854301657,24.996947064354195
resolution,ude,flow,test,mean,wp11a_coarse_5y,9,5.0,39.0,8,16.95862798252164,14.555136663386952,19.220398744294158
resolution,ude,flow,test,mean,wp11a_coarse_2y,21,2.0,39.0,8,13.611103520862155,12.344760534418478,17.26976959513955
resolution,ude,flow,test,mean,wp11a_freq_0p5y,79,0.5,39.0,8,10.650915262272644,9.642460577258019,12.859712270492475
resolution,ude,flow,test,mean,wp11a_freq_0p25y,157,0.25,39.0,8,11.439329894572076,9.886316968699656,13.020664555844348
resolution,ude,flow,test,mean,wp11a_freq_0p083y,469,0.0833333333333333,39.0,8,10.88209149532076,9.676641099242424,11.478283352994907
resolution,ude,flow,test,median,wp11a_coarse_10y,5,10.0,39.0,8,14.473941591927765,12.737023246719968,15.296678829548481
resolution,ude,flow,test,median,wp11a_coarse_5y,9,5.0,39.0,8,10.595653465124496,9.766024690152136,11.6041571292527
resolution,ude,flow,test,median,wp11a_coarse_2y,21,2.0,39.0,8,7.697479148272847,7.255022449072909,9.82490381244155
resolution,ude,flow,test,median,wp11a_freq_0p5y,79,0.5,39.0,8,6.040617855596508,5.224440509348973,6.386417567498449
resolution,ude,flow,test,median,wp11a_freq_0p25y,157,0.25,39.0,8,6.076776512987008,4.591882877844958,6.501328693686268
resolution,ude,flow,test,median,wp11a_freq_0p083y,469,0.0833333333333333,39.0,8,5.476644725890324,3.826189474922712,6.193310900640492
resolution,ude,stock,common,mean,wp11a_coarse_10y,5,10.0,39.0,8,7.1791288728126785,6.02467404882862,8.650292694735718
resolution,ude,stock,common,mean,wp11a_coarse_5y,9,5.0,39.0,8,4.935939065035832,4.605156536720607,5.06838149955623
resolution,ude,stock,common,mean,wp11a_coarse_2y,21,2.0,39.0,8,3.237519113104958,2.8126005635933673,3.297180135529874
resolution,ude,stock,common,mean,wp11a_freq_0p5y,79,0.5,39.0,8,1.84782381309561,1.7250126871044125,1.9343285982878682
resolution,ude,stock,common,mean,wp11a_freq_0p25y,157,0.25,39.0,8,1.1957545315435603,1.0850969054204909,1.2859082680968608
resolution,ude,stock,common,mean,wp11a_freq_0p083y,469,0.0833333333333333,39.0,8,1.17205287134371,1.066553297692945,1.2919761234617493
resolution,ude,stock,common,median,wp11a_coarse_10y,5,10.0,39.0,8,7.093593451349118,5.801540306725664,8.00261096650524
resolution,ude,stock,common,median,wp11a_coarse_5y,9,5.0,39.0,8,3.334547614353652,3.113360267978716,3.497164695866247
resolution,ude,stock,common,median,wp11a_coarse_2y,21,2.0,39.0,8,2.363894315710656,2.202067383556881,2.69724319147678
resolution,ude,stock,common,median,wp11a_freq_0p5y,79,0.5,39.0,8,1.9540056457595902,1.837357569727886,2.1682818380516817
resolution,ude,stock,common,median,wp11a_freq_0p25y,157,0.25,39.0,8,0.8360837801367674,0.8110215035037828,1.0275183493986044
resolution,ude,stock,common,median,wp11a_freq_0p083y,469,0.0833333333333333,39.0,8,0.8359828114173595,0.7839366328572523,0.9550283899826361
resolution,ude,stock,fitted,mean,wp11a_coarse_10y,5,10.0,39.0,8,12.774768966961085,12.475280663032985,12.881739465580596
resolution,ude,stock,fitted,mean,wp11a_coarse_5y,9,5.0,39.0,8,6.48870794286651,6.2995658798947165,6.682818635819843
resolution,ude,stock,fitted,mean,wp11a_coarse_2y,21,2.0,39.0,8,4.961855803640686,4.796730242851341,5.079159229953617
resolution,ude,stock,fitted,mean,wp11a_freq_0p5y,79,0.5,39.0,8,2.5053836363269424,2.3751026239526256,2.8218390543299523
resolution,ude,stock,fitted,mean,wp11a_freq_0p25y,157,0.25,39.0,8,2.096736608422506,1.9498740114369557,2.5955716033383447
resolution,ude,stock,fitted,mean,wp11a_freq_0p083y,469,0.0833333333333333,39.0,8,2.219715294398766,1.9623204832955192,2.7043846907614313
resolution,ude,stock,fitted,median,wp11a_coarse_10y,5,10.0,39.0,8,12.368287592616628,12.197598260139813,12.616169100638071
resolution,ude,stock,fitted,median,wp11a_coarse_5y,9,5.0,39.0,8,6.170108239017846,5.94202738533735,6.446064807040046
resolution,ude,stock,fitted,median,wp11a_coarse_2y,21,2.0,39.0,8,4.977713894884977,4.665050075939451,5.211107304663159
resolution,ude,stock,fitted,median,wp11a_freq_0p5y,79,0.5,39.0,8,2.564493555505738,2.3084148437424314,2.807638679863153
resolution,ude,stock,fitted,median,wp11a_freq_0p25y,157,0.25,39.0,8,2.1500581391736224,1.9734693183483136,2.3865580913979447
resolution,ude,stock,fitted,median,wp11a_freq_0p083y,469,0.0833333333333333,39.0,8,2.306531160525971,1.968380444326848,2.6468363445641794
resolution,ude,stock,test,mean,wp11a_coarse_10y,5,10.0,39.0,8,26.28147712146145,22.88691139520852,30.939081158697867
resolution,ude,stock,test,mean,wp11a_coarse_5y,9,5.0,39.0,8,32.343310521704666,28.667408893275947,35.39451930655777
resolution,ude,stock,test,mean,wp11a_coarse_2y,21,2.0,39.0,8,37.84781676681867,30.845528390500082,40.32182748381134
resolution,ude,stock,test,mean,wp11a_freq_0p5y,79,0.5,39.0,8,25.856186639226962,20.428662441009536,30.086785409065243
resolution,ude,stock,test,mean,wp11a_freq_0p25y,157,0.25,39.0,8,21.880687702964195,16.380058108630926,26.52444541433678
resolution,ude,stock,test,mean,wp11a_freq_0p083y,469,0.0833333333333333,39.0,8,27.19960524326159,21.853500723964984,29.933801029199635
resolution,ude,stock,test,median,wp11a_coarse_10y,5,10.0,39.0,8,25.05119443130667,21.3862866015128,28.27531160035372
resolution,ude,stock,test,median,wp11a_coarse_5y,9,5.0,39.0,8,29.944858020647235,27.813815810161657,34.809900619627236
resolution,ude,stock,test,median,wp11a_coarse_2y,21,2.0,39.0,8,36.487062835392514,28.90641198236746,43.819575906339836
resolution,ude,stock,test,median,wp11a_freq_0p5y,79,0.5,39.0,8,22.821920502564286,17.819609797714747,31.536220432851408
resolution,ude,stock,test,median,wp11a_freq_0p25y,157,0.25,39.0,8,22.013263797028984,17.40295396195892,29.81087179858423
resolution,ude,stock,test,median,wp11a_freq_0p083y,469,0.0833333333333333,39.0,8,29.145538717169266,24.14808125287302,33.06633387619558
resolution,ude,tau,common,mean,wp11a_coarse_10y,5,10.0,39.0,8,11.475875429438535,7.624851118853254,13.005359448853559
resolution,ude,tau,common,mean,wp11a_coarse_5y,9,5.0,39.0,8,7.11187500418851,6.5215339705864235,7.8358389217896285
resolution,ude,tau,common,mean,wp11a_coarse_2y,21,2.0,39.0,8,4.866687735640106,4.672966333964215,5.022501470745784
resolution,ude,tau,common,mean,wp11a_freq_0p5y,79,0.5,39.0,8,2.745076759285806,2.5598408898997467,3.236910902322685
resolution,ude,tau,common,mean,wp11a_freq_0p25y,157,0.25,39.0,8,2.316477763760024,2.040980212595112,2.566648576918443
resolution,ude,tau,common,mean,wp11a_freq_0p083y,469,0.0833333333333333,39.0,8,2.0062254066903566,1.9626488687082106,2.3752121097386145
resolution,ude,tau,common,median,wp11a_coarse_10y,5,10.0,39.0,8,4.875113825354139,4.875113825354139,4.875113825354139
resolution,ude,tau,common,median,wp11a_coarse_5y,9,5.0,39.0,8,4.931202026365704,4.610817232076288,4.931202026365704
resolution,ude,tau,common,median,wp11a_coarse_2y,21,2.0,39.0,8,1.6452449917961132,1.6452449917961132,1.6452449917961132
resolution,ude,tau,common,median,wp11a_freq_0p5y,79,0.5,39.0,8,2.2210804719383314e-06,2.2210804719383314e-06,2.2210804719383314e-06
resolution,ude,tau,common,median,wp11a_freq_0p25y,157,0.25,39.0,8,4.431804666672238e-06,4.431804666672238e-06,4.431804666672238e-06
resolution,ude,tau,common,median,wp11a_freq_0p083y,469,0.0833333333333333,39.0,8,1.328446081861376e-05,1.328446081861376e-05,1.328446081861376e-05
resolution,ude,tau,fitted,mean,wp11a_coarse_10y,5,10.0,39.0,8,14.600249882604391,13.274530656994688,15.25564356855765
resolution,ude,tau,fitted,mean,wp11a_coarse_5y,9,5.0,39.0,8,11.01257670020814,10.48112038014791,11.319149870915405
resolution,ude,tau,fitted,mean,wp11a_coarse_2y,21,2.0,39.0,8,7.936178735644528,7.385798288169166,8.601150330972418
resolution,ude,tau,fitted,mean,wp11a_freq_0p5y,79,0.5,39.0,8,4.200316822464433,3.366339422426607,4.684059451198244
resolution,ude,tau,fitted,mean,wp11a_freq_0p25y,157,0.25,39.0,8,3.3896553045475235,2.8302921075164997,4.171332281181582
resolution,ude,tau,fitted,mean,wp11a_freq_0p083y,469,0.0833333333333333,39.0,8,3.2435609675311863,3.0296882797027127,4.145264631812701
resolution,ude,tau,fitted,median,wp11a_coarse_10y,5,10.0,39.0,8,12.127150549677195,9.127762631227029,12.743615715867232
resolution,ude,tau,fitted,median,wp11a_coarse_5y,9,5.0,39.0,8,8.131311773774069,8.131311773774069,8.131311773774069
resolution,ude,tau,fitted,median,wp11a_coarse_2y,21,2.0,39.0,8,5.575854930533164,5.575854930533164,5.575854930533164
resolution,ude,tau,fitted,median,wp11a_freq_0p5y,79,0.5,39.0,8,8.190137515029921e-06,8.190137515029921e-06,8.190137515029921e-06
resolution,ude,tau,fitted,median,wp11a_freq_0p25y,157,0.25,39.0,8,1.638789541664681e-05,1.638789541664681e-05,1.638789541664681e-05
resolution,ude,tau,fitted,median,wp11a_freq_0p083y,469,0.0833333333333333,39.0,8,4.918899046667019e-05,4.918899046667019e-05,4.918899046667019e-05
resolution,ude,tau,test,mean,wp11a_coarse_10y,5,10.0,39.0,8,17.370873615564996,16.30919985175369,20.43181996030869
resolution,ude,tau,test,mean,wp11a_coarse_5y,9,5.0,39.0,8,14.263056217648266,13.448858080722692,15.584259072793252
resolution,ude,tau,test,mean,wp11a_coarse_2y,21,2.0,39.0,8,11.171390905624332,8.636467272216342,13.169720088808692
resolution,ude,tau,test,mean,wp11a_freq_0p5y,79,0.5,39.0,8,7.584176558201429,5.923974217578902,8.059646557547003
resolution,ude,tau,test,mean,wp11a_freq_0p25y,157,0.25,39.0,8,7.506109127309476,6.246957815273436,8.8437255133475
resolution,ude,tau,test,mean,wp11a_freq_0p083y,469,0.0833333333333333,39.0,8,6.929630448341712,6.199464978624224,8.22613796659121
resolution,ude,tau,test,median,wp11a_coarse_10y,5,10.0,39.0,8,13.945557946788844,12.442078533368303,13.945557946788844
resolution,ude,tau,test,median,wp11a_coarse_5y,9,5.0,39.0,8,7.140199707087723,7.140199707087723,7.140199707087723
resolution,ude,tau,test,median,wp11a_coarse_2y,21,2.0,39.0,8,4.05614227071145,4.05614227071145,4.05614227071145
resolution,ude,tau,test,median,wp11a_freq_0p5y,79,0.5,39.0,8,2.0317998472738892e-05,2.0317998472738892e-05,2.0317998472738892e-05
resolution,ude,tau,test,median,wp11a_freq_0p25y,157,0.25,39.0,8,4.078691816812733e-05,4.078691816812733e-05,4.078691816812733e-05
resolution,ude,tau,test,median,wp11a_freq_0p083y,469,0.0833333333333333,39.0,8,0.000122563750708576,0.000122563750708576,0.000122563750708576
resolution+length,arx,alpha,common,mean,wp11a_freq_1y,40,1.0,39.0,1,9.335692985581833,9.335692985581833,9.335692985581833
resolution+length,arx,alpha,common,median,wp11a_freq_1y,40,1.0,39.0,1,7.625966903199211,7.625966903199211,7.625966903199211
resolution+length,arx,alpha,fitted,mean,wp11a_freq_1y,40,1.0,39.0,1,9.085485107463949,9.085485107463949,9.085485107463949
resolution+length,arx,alpha,fitted,median,wp11a_freq_1y,40,1.0,39.0,1,8.352636613554818,8.352636613554818,8.352636613554818
resolution+length,arx,alpha,test,mean,wp11a_freq_1y,40,1.0,39.0,1,58.612775129723445,58.612775129723445,58.612775129723445
resolution+length,arx,alpha,test,median,wp11a_freq_1y,40,1.0,39.0,1,31.232923508724973,31.232923508724973,31.232923508724973
resolution+length,arx,flow,common,mean,wp11a_freq_1y,40,1.0,39.0,1,4.8123827871908675,4.8123827871908675,4.8123827871908675
resolution+length,arx,flow,common,median,wp11a_freq_1y,40,1.0,39.0,1,4.562697476945012,4.562697476945012,4.562697476945012
resolution+length,arx,flow,fitted,mean,wp11a_freq_1y,40,1.0,39.0,1,6.383969479575754,6.383969479575754,6.383969479575754
resolution+length,arx,flow,fitted,median,wp11a_freq_1y,40,1.0,39.0,1,5.888906557521157,5.888906557521157,5.888906557521157
resolution+length,arx,flow,test,mean,wp11a_freq_1y,40,1.0,39.0,1,339.5124349379926,339.5124349379926,339.5124349379926
resolution+length,arx,flow,test,median,wp11a_freq_1y,40,1.0,39.0,1,23.2155954674616,23.2155954674616,23.2155954674616
resolution+length,arx,stock,common,mean,wp11a_freq_1y,40,1.0,39.0,1,6.089668011144065,6.089668011144065,6.089668011144065
resolution+length,arx,stock,common,median,wp11a_freq_1y,40,1.0,39.0,1,5.889911457062543,5.889911457062543,5.889911457062543
resolution+length,arx,stock,fitted,mean,wp11a_freq_1y,40,1.0,39.0,1,14.178306615475485,14.178306615475485,14.178306615475485
resolution+length,arx,stock,fitted,median,wp11a_freq_1y,40,1.0,39.0,1,13.326235987851106,13.326235987851106,13.326235987851106
resolution+length,arx,stock,test,mean,wp11a_freq_1y,40,1.0,39.0,1,3267.468887738957,3267.468887738957,3267.468887738957
resolution+length,arx,stock,test,median,wp11a_freq_1y,40,1.0,39.0,1,1289.34775308439,1289.34775308439,1289.34775308439
resolution+length,arx,tau,common,mean,wp11a_freq_1y,40,1.0,39.0,1,5.459341122977301,5.459341122977301,5.459341122977301
resolution+length,arx,tau,common,median,wp11a_freq_1y,40,1.0,39.0,1,4.47614550154829,4.47614550154829,4.47614550154829
resolution+length,arx,tau,fitted,mean,wp11a_freq_1y,40,1.0,39.0,1,6.143692153007332,6.143692153007332,6.143692153007332
resolution+length,arx,tau,fitted,median,wp11a_freq_1y,40,1.0,39.0,1,5.429789728935965,5.429789728935965,5.429789728935965
resolution+length,arx,tau,test,mean,wp11a_freq_1y,40,1.0,39.0,1,258.1969092191954,258.1969092191954,258.1969092191954
resolution+length,arx,tau,test,median,wp11a_freq_1y,40,1.0,39.0,1,53.54316574821799,53.54316574821799,53.54316574821799
resolution+length,constTC,alpha,common,mean,wp11a_freq_1y,40,1.0,39.0,1,29.078529827481336,29.078529827481336,29.078529827481336
resolution+length,constTC,alpha,common,median,wp11a_freq_1y,40,1.0,39.0,1,28.79289797284234,28.79289797284234,28.79289797284234
resolution+length,constTC,alpha,fitted,mean,wp11a_freq_1y,40,1.0,39.0,1,38.73389828481878,38.73389828481878,38.73389828481878
resolution+length,constTC,alpha,fitted,median,wp11a_freq_1y,40,1.0,39.0,1,42.065106916596875,42.065106916596875,42.065106916596875
resolution+length,constTC,alpha,test,mean,wp11a_freq_1y,40,1.0,39.0,1,57.41336882539487,57.41336882539487,57.41336882539487
resolution+length,constTC,alpha,test,median,wp11a_freq_1y,40,1.0,39.0,1,65.12852216859585,65.12852216859585,65.12852216859585
resolution+length,constTC,flow,common,mean,wp11a_freq_1y,40,1.0,39.0,1,9.504505321504872,9.504505321504872,9.504505321504872
resolution+length,constTC,flow,common,median,wp11a_freq_1y,40,1.0,39.0,1,5.986011157521953,5.986011157521953,5.986011157521953
resolution+length,constTC,flow,fitted,mean,wp11a_freq_1y,40,1.0,39.0,1,14.328275829593705,14.328275829593705,14.328275829593705
resolution+length,constTC,flow,fitted,median,wp11a_freq_1y,40,1.0,39.0,1,7.175673959781506,7.175673959781506,7.175673959781506
resolution+length,constTC,flow,test,mean,wp11a_freq_1y,40,1.0,39.0,1,19.423606201782714,19.423606201782714,19.423606201782714
resolution+length,constTC,flow,test,median,wp11a_freq_1y,40,1.0,39.0,1,10.02567638531,10.02567638531,10.02567638531
resolution+length,constTC,stock,common,mean,wp11a_freq_1y,40,1.0,39.0,1,13.400094231482065,13.400094231482065,13.400094231482065
resolution+length,constTC,stock,common,median,wp11a_freq_1y,40,1.0,39.0,1,12.829582442621431,12.829582442621431,12.829582442621431
resolution+length,constTC,stock,fitted,mean,wp11a_freq_1y,40,1.0,39.0,1,18.546975360711276,18.546975360711276,18.546975360711276
resolution+length,constTC,stock,fitted,median,wp11a_freq_1y,40,1.0,39.0,1,12.488898200841394,12.488898200841394,12.488898200841394
resolution+length,constTC,stock,test,mean,wp11a_freq_1y,40,1.0,39.0,1,67.84355470151941,67.84355470151941,67.84355470151941
resolution+length,constTC,stock,test,median,wp11a_freq_1y,40,1.0,39.0,1,57.52951274796885,57.52951274796885,57.52951274796885
resolution+length,constTC,tau,common,mean,wp11a_freq_1y,40,1.0,39.0,1,2.002711039273535,2.002711039273535,2.002711039273535
resolution+length,constTC,tau,common,median,wp11a_freq_1y,40,1.0,39.0,1,1.4859714509846773e-06,1.4859714509846773e-06,1.4859714509846773e-06
resolution+length,constTC,tau,fitted,mean,wp11a_freq_1y,40,1.0,39.0,1,5.1205138872746705,5.1205138872746705,5.1205138872746705
resolution+length,constTC,tau,fitted,median,wp11a_freq_1y,40,1.0,39.0,1,4.247862999670826e-06,4.247862999670826e-06,4.247862999670826e-06
resolution+length,constTC,tau,test,mean,wp11a_freq_1y,40,1.0,39.0,1,9.981259387216767,9.981259387216767,9.981259387216767
resolution+length,constTC,tau,test,median,wp11a_freq_1y,40,1.0,39.0,1,9.997714099263116e-06,9.997714099263116e-06,9.997714099263116e-06
resolution+length,constTC_B,alpha,common,mean,wp11a_freq_1y,40,1.0,39.0,1,12.682031769128875,12.682031769128875,12.682031769128875
resolution+length,constTC_B,alpha,common,median,wp11a_freq_1y,40,1.0,39.0,1,10.735684192296878,10.735684192296878,10.735684192296878
resolution+length,constTC_B,alpha,fitted,mean,wp11a_freq_1y,40,1.0,39.0,1,16.355210539626725,16.355210539626725,16.355210539626725
resolution+length,constTC_B,alpha,fitted,median,wp11a_freq_1y,40,1.0,39.0,1,17.74091044694228,17.74091044694228,17.74091044694228
resolution+length,constTC_B,alpha,test,mean,wp11a_freq_1y,40,1.0,39.0,1,33.15091453951454,33.15091453951454,33.15091453951454
resolution+length,constTC_B,alpha,test,median,wp11a_freq_1y,40,1.0,39.0,1,30.664144257460535,30.664144257460535,30.664144257460535
resolution+length,constTC_B,flow,common,mean,wp11a_freq_1y,40,1.0,39.0,1,6.87552654828517,6.87552654828517,6.87552654828517
resolution+length,constTC_B,flow,common,median,wp11a_freq_1y,40,1.0,39.0,1,1.9167418417838569,1.9167418417838569,1.9167418417838569
resolution+length,constTC_B,flow,fitted,mean,wp11a_freq_1y,40,1.0,39.0,1,7.019421600470181,7.019421600470181,7.019421600470181
resolution+length,constTC_B,flow,fitted,median,wp11a_freq_1y,40,1.0,39.0,1,3.5177962684852218,3.5177962684852218,3.5177962684852218
resolution+length,constTC_B,flow,test,mean,wp11a_freq_1y,40,1.0,39.0,1,13.80941437008101,13.80941437008101,13.80941437008101
resolution+length,constTC_B,flow,test,median,wp11a_freq_1y,40,1.0,39.0,1,7.314597086102861,7.314597086102861,7.314597086102861
resolution+length,constTC_B,stock,common,mean,wp11a_freq_1y,40,1.0,39.0,1,4.374922078969858,4.374922078969858,4.374922078969858
resolution+length,constTC_B,stock,common,median,wp11a_freq_1y,40,1.0,39.0,1,3.162301016249138,3.162301016249138,3.162301016249138
resolution+length,constTC_B,stock,fitted,mean,wp11a_freq_1y,40,1.0,39.0,1,6.409546096186198,6.409546096186198,6.409546096186198
resolution+length,constTC_B,stock,fitted,median,wp11a_freq_1y,40,1.0,39.0,1,4.1051108378610035,4.1051108378610035,4.1051108378610035
resolution+length,constTC_B,stock,test,mean,wp11a_freq_1y,40,1.0,39.0,1,18.643366370132853,18.643366370132853,18.643366370132853
resolution+length,constTC_B,stock,test,median,wp11a_freq_1y,40,1.0,39.0,1,24.070353603086545,24.070353603086545,24.070353603086545
resolution+length,constTC_B,tau,common,mean,wp11a_freq_1y,40,1.0,39.0,1,3.27189674796732,3.27189674796732,3.27189674796732
resolution+length,constTC_B,tau,common,median,wp11a_freq_1y,40,1.0,39.0,1,1.4859714509846773e-06,1.4859714509846773e-06,1.4859714509846773e-06
resolution+length,constTC_B,tau,fitted,mean,wp11a_freq_1y,40,1.0,39.0,1,3.5075560794933676,3.5075560794933676,3.5075560794933676
resolution+length,constTC_B,tau,fitted,median,wp11a_freq_1y,40,1.0,39.0,1,4.247862999670826e-06,4.247862999670826e-06,4.247862999670826e-06
resolution+length,constTC_B,tau,test,mean,wp11a_freq_1y,40,1.0,39.0,1,8.407617233210509,8.407617233210509,8.407617233210509
resolution+length,constTC_B,tau,test,median,wp11a_freq_1y,40,1.0,39.0,1,9.997714099263116e-06,9.997714099263116e-06,9.997714099263116e-06
resolution+length,gam,alpha,common,mean,wp11a_freq_1y,40,1.0,39.0,1,7.296569317434347,7.296569317434347,7.296569317434347
resolution+length,gam,alpha,common,median,wp11a_freq_1y,40,1.0,39.0,1,6.98257537490038,6.98257537490038,6.98257537490038
resolution+length,gam,alpha,fitted,mean,wp11a_freq_1y,40,1.0,39.0,1,7.722210465729929,7.722210465729929,7.722210465729929
resolution+length,gam,alpha,fitted,median,wp11a_freq_1y,40,1.0,39.0,1,6.562830431129863,6.562830431129863,6.562830431129863
resolution+length,gam,alpha,test,mean,wp11a_freq_1y,40,1.0,39.0,1,41.68227683196237,41.68227683196237,41.68227683196237
resolution+length,gam,alpha,test,median,wp11a_freq_1y,40,1.0,39.0,1,22.903312042982336,22.903312042982336,22.903312042982336
resolution+length,gam,flow,common,mean,wp11a_freq_1y,40,1.0,39.0,1,2.54405313150311,2.54405313150311,2.54405313150311
resolution+length,gam,flow,common,median,wp11a_freq_1y,40,1.0,39.0,1,1.2709756868292508,1.2709756868292508,1.2709756868292508
resolution+length,gam,flow,fitted,mean,wp11a_freq_1y,40,1.0,39.0,1,3.093122382967772,3.093122382967772,3.093122382967772
resolution+length,gam,flow,fitted,median,wp11a_freq_1y,40,1.0,39.0,1,1.932851993047768,1.932851993047768,1.932851993047768
resolution+length,gam,flow,test,mean,wp11a_freq_1y,40,1.0,39.0,1,7.8431222605089115,7.8431222605089115,7.8431222605089115
resolution+length,gam,flow,test,median,wp11a_freq_1y,40,1.0,39.0,1,3.156556964471957,3.156556964471957,3.156556964471957
resolution+length,gam,stock,common,mean,wp11a_freq_1y,40,1.0,39.0,1,1.785647107793901,1.785647107793901,1.785647107793901
resolution+length,gam,stock,common,median,wp11a_freq_1y,40,1.0,39.0,1,1.4008036200613736,1.4008036200613736,1.4008036200613736
resolution+length,gam,stock,fitted,mean,wp11a_freq_1y,40,1.0,39.0,1,2.9056275486853407,2.9056275486853407,2.9056275486853407
resolution+length,gam,stock,fitted,median,wp11a_freq_1y,40,1.0,39.0,1,2.3330586734708816,2.3330586734708816,2.3330586734708816
resolution+length,gam,stock,test,mean,wp11a_freq_1y,40,1.0,39.0,1,18.920202767686455,18.920202767686455,18.920202767686455
resolution+length,gam,stock,test,median,wp11a_freq_1y,40,1.0,39.0,1,13.118574787884402,13.118574787884402,13.118574787884402
resolution+length,gam,tau,common,mean,wp11a_freq_1y,40,1.0,39.0,1,1.6429429160965832,1.6429429160965832,1.6429429160965832
resolution+length,gam,tau,common,median,wp11a_freq_1y,40,1.0,39.0,1,1.4859714509846773e-06,1.4859714509846773e-06,1.4859714509846773e-06
resolution+length,gam,tau,fitted,mean,wp11a_freq_1y,40,1.0,39.0,1,1.6983592617097414,1.6983592617097414,1.6983592617097414
resolution+length,gam,tau,fitted,median,wp11a_freq_1y,40,1.0,39.0,1,4.247862999670826e-06,4.247862999670826e-06,4.247862999670826e-06
resolution+length,gam,tau,test,mean,wp11a_freq_1y,40,1.0,39.0,1,2.904721320943211,2.904721320943211,2.904721320943211
resolution+length,gam,tau,test,median,wp11a_freq_1y,40,1.0,39.0,1,9.997714099263116e-06,9.997714099263116e-06,9.997714099263116e-06
resolution+length,ude,alpha,common,mean,wp11a_freq_1y,40,1.0,39.0,8,8.99613485637466,8.651000344674467,9.474114096648634
resolution+length,ude,alpha,common,median,wp11a_freq_1y,40,1.0,39.0,8,7.698796172692972,6.9131733066356595,8.689064448883315
resolution+length,ude,alpha,fitted,mean,wp11a_freq_1y,40,1.0,39.0,8,12.292859307246879,12.084077629119502,12.923545227350859
resolution+length,ude,alpha,fitted,median,wp11a_freq_1y,40,1.0,39.0,8,12.539191758442445,11.67816604509566,12.940811834924498
resolution+length,ude,alpha,test,mean,wp11a_freq_1y,40,1.0,39.0,8,35.027095993702304,31.2335253872606,37.3487502313976
resolution+length,ude,alpha,test,median,wp11a_freq_1y,40,1.0,39.0,8,37.62474152946247,26.729037042008375,41.21339378462644
resolution+length,ude,flow,common,mean,wp11a_freq_1y,40,1.0,39.0,8,4.3683338229580135,3.9495548168400707,4.476825814591731
resolution+length,ude,flow,common,median,wp11a_freq_1y,40,1.0,39.0,8,1.8121308241870417,1.7096754421641682,2.009213470899241
resolution+length,ude,flow,fitted,mean,wp11a_freq_1y,40,1.0,39.0,8,6.916365989122342,5.975131902741282,7.98740025511378
resolution+length,ude,flow,fitted,median,wp11a_freq_1y,40,1.0,39.0,8,3.064085089538278,2.7699459105605935,3.2594585701811214
resolution+length,ude,flow,test,mean,wp11a_freq_1y,40,1.0,39.0,8,10.897287847001415,9.475656461152198,12.451020017572896
resolution+length,ude,flow,test,median,wp11a_freq_1y,40,1.0,39.0,8,5.8038765043872855,4.836769723615912,6.967510192049524
resolution+length,ude,stock,common,mean,wp11a_freq_1y,40,1.0,39.0,8,1.727228107087303,1.6514725419502194,1.9649178892125385
resolution+length,ude,stock,common,median,wp11a_freq_1y,40,1.0,39.0,8,1.7817487276845458,1.658795287056493,1.8309770308536044
resolution+length,ude,stock,fitted,mean,wp11a_freq_1y,40,1.0,39.0,8,2.4878015718790625,2.4032023148868804,2.5535839504643603
resolution+length,ude,stock,fitted,median,wp11a_freq_1y,40,1.0,39.0,8,2.036774548591139,1.984244158397741,2.1466742639689054
resolution+length,ude,stock,test,mean,wp11a_freq_1y,40,1.0,39.0,8,29.804074782725284,24.74495914131863,33.639762527726
resolution+length,ude,stock,test,median,wp11a_freq_1y,40,1.0,39.0,8,24.77744172780812,22.43556179789711,29.084870692734896
resolution+length,ude,tau,common,mean,wp11a_freq_1y,40,1.0,39.0,8,3.0776677216668897,2.6102171078386,3.667429727164408
resolution+length,ude,tau,common,median,wp11a_freq_1y,40,1.0,39.0,8,1.4859714509846773e-06,1.4859714509846773e-06,1.4859714509846773e-06
resolution+length,ude,tau,fitted,mean,wp11a_freq_1y,40,1.0,39.0,8,4.883312909254325,4.164368356607357,5.673949618350225
resolution+length,ude,tau,fitted,median,wp11a_freq_1y,40,1.0,39.0,8,4.247862999670826e-06,4.247862999670826e-06,4.247862999670826e-06
resolution+length,ude,tau,test,mean,wp11a_freq_1y,40,1.0,39.0,8,7.603553087365022,6.830006212128732,8.136165267029543
resolution+length,ude,tau,test,median,wp11a_freq_1y,40,1.0,39.0,8,9.997714099263116e-06,9.997714099263116e-06,9.997714099263116e-06
