model,tag,twin,kind,family,operator,noise,delta_agg,span,n_obs,channel,split,n_seeds,bias_pct,bias_lo_pct,bias_hi_pct,bias_log,bias_vs_window_pct,bias_vs_window_log,floor_pct,floor_log,disp_pct,relrmse_pct,ch2,excess_log,floor_share
arx,base_d1y_clean,base,clean,control,resample,False,1.0,39.0,40,alpha_cc,common,1,-4.695166945087237,,,-0.04808966250144109,-1.0876113133564624,-0.010935690425397817,-2.8416424643824323,-0.028827986735401052,9.046190551970835,5.685100252702856,,-0.019261675766040036,0.5994632782988896
arx,base_d1y_clean,base,clean,control,resample,False,1.0,39.0,40,alpha_cc,fitted,1,-1.379786555299678,,,-0.013893940879909476,0.40686520224555434,0.004060397440255667,-1.2322198531724893,-0.012398746294525349,7.771563795207803,8.024944730895177,,-0.0014951945853841266,0.8923851340445701
arx,base_d1y_clean,base,clean,control,resample,False,1.0,39.0,40,alpha_dr,common,1,-3.6564538001488067,,,-0.037249776247648636,-1.6336395364401457,-0.016471305586840367,-0.004546082494982784,-4.5461858324449226e-05,9.913268902226658,7.23837795076979,a13,-0.037204314389324186,0.0012204599034959028
arx,base_d1y_clean,base,clean,control,resample,False,1.0,39.0,40,alpha_dr,fitted,1,-2.7596157390126552,,,-0.027984084871841793,-0.11907672894325705,-0.001191476816111396,-1.5449843990529066,-0.01557043653332895,8.935156694127222,6.191373299218607,a13,-0.012413648338512842,0.5564032772426398
arx,base_d1y_clean,base,clean,control,resample,False,1.0,39.0,40,alpha_refc,common,1,-2.3352718928917215,,,-0.023629714568802244,-0.23719036632681156,-0.0023747210827421133,-2.4219123698471345,-0.024517229761772057,5.439982195263527,4.590651200134864,,0.0008875151929698122,1.0375592853813638
arx,base_d1y_clean,base,clean,control,resample,False,1.0,39.0,40,alpha_refc,fitted,1,-1.4787500650655816,,,-0.01489792569753404,0.09256934529411343,0.000925265262984777,-2.627806329058957,-0.026629502023096056,6.8254064573522015,6.159898003303634,,0.011731576325562015,1.7874637425197972
arx,base_d1y_clean,base,clean,control,resample,False,1.0,39.0,40,alpha_win,common,1,-5.7931410287875735,,,-0.05967719419862008,-1.4416299240841535,-0.014521223718726266,-1.8007963958480588,-0.018172080597909826,6.760595879529651,9.216575256795295,a14,-0.041505113600710256,0.304506283211452
arx,base_d1y_clean,base,clean,control,resample,False,1.0,39.0,40,alpha_win,fitted,1,-3.911512053094912,,,-0.03990066962348275,-0.22062407166849596,-0.002208678051292712,-1.854883302433763,-0.018723019966776642,7.1238093196425485,7.31208123189122,a14,-0.02117764965670611,0.46924074566802704
arx,base_d1y_rep01,base,replicate,replicate,resample,True,1.0,39.0,40,alpha_cc,common,1,-3.27543572484168,,,-0.033302790191621745,-0.8289959278902415,-0.00832451208473548,-2.8416424643824323,-0.028827986735401052,6.927999500047221,4.466744170539197,,-0.004474803456220693,0.865632776398824
arx,base_d1y_rep01,base,replicate,replicate,resample,True,1.0,39.0,40,alpha_cc,fitted,1,-0.9838567122651631,,,-0.009887285634437748,1.2246947236878691,0.012172560106251397,-1.2322198531724893,-0.012398746294525349,7.904512917087181,8.97550733258129,,0.002511460660087601,1.254009113617604
arx,base_d1y_rep01,base,replicate,replicate,resample,True,1.0,39.0,40,alpha_dr,common,1,2.9080107218353746,,,0.028665303402309862,8.111399769626338,0.07799198887522853,-0.004546082494982784,-4.5461858324449226e-05,16.1695696683964,10.833511788389178,a13,0.028710765260634312,-0.0015859541999749386
arx,base_d1y_rep01,base,replicate,replicate,resample,True,1.0,39.0,40,alpha_dr,fitted,1,5.321538055526931,,,0.05184775217492466,8.111399769626338,0.07799198887522853,-1.5449843990529066,-0.01557043653332895,15.059442362474574,10.26777102287572,a13,0.06741818870825361,-0.3003107344132721
arx,base_d1y_rep01,base,replicate,replicate,resample,True,1.0,39.0,40,alpha_refc,common,1,-1.1910506343697502,,,-0.011982004712658239,1.4845951024066606,0.014736828585073813,-2.4219123698471345,-0.024517229761772057,3.0166999749962287,2.960640378159731,,0.012535225049113818,2.04617093297177
arx,base_d1y_rep01,base,replicate,replicate,resample,True,1.0,39.0,40,alpha_refc,fitted,1,-1.666038974539663,,,-0.016800735026988284,0.2828398825583278,0.0028244064319076965,-2.627806329058957,-0.026629502023096056,4.812044084155842,6.578387157716305,,0.009828766996107772,1.585020058962842
arx,base_d1y_rep01,base,replicate,replicate,resample,True,1.0,39.0,40,alpha_win,common,1,-0.24738489659646978,,,-0.002476913986292904,3.1527792877926952,0.031040997303775485,-1.8007963958480588,-0.018172080597909826,4.427003162539256,5.997753140225038,a14,0.01569516661161692,7.336581204867447
arx,base_d1y_rep01,base,replicate,replicate,resample,True,1.0,39.0,40,alpha_win,fitted,1,-1.157698795122064,,,-0.011644523017318918,3.1527792877926952,0.031040997303775485,-1.854883302433763,-0.018723019966776642,9.829299322586394,6.951469442256957,a14,0.007078496949457724,1.6078820866195949
arx,base_d1y_rep02,base,replicate,replicate,resample,True,1.0,39.0,40,alpha_cc,common,1,-3.8223365232794793,,,-0.03897304366800704,-1.4857185555677055,-0.01496865903640188,-2.8416424643824323,-0.028827986735401052,7.183306740698825,4.866029768870053,,-0.010145056932605985,0.7396904121980583
arx,base_d1y_rep02,base,replicate,replicate,resample,True,1.0,39.0,40,alpha_cc,fitted,1,-0.5371848176779603,,,-0.0053863284336385375,0.3337374444149832,0.0033318177697627353,-1.2322198531724893,-0.012398746294525349,6.600093116633399,8.308467543239882,,0.0070124178608868114,2.3018919932719046
arx,base_d1y_rep02,base,replicate,replicate,resample,True,1.0,39.0,40,alpha_dr,common,1,7.268927740152464,,,0.07016883867450777,6.783717364160458,0.06563526977785311,-0.004546082494982784,-4.5461858324449226e-05,7.0769294187057685,8.318206279581357,a13,0.07021430053283222,-0.0006478924146847174
arx,base_d1y_rep02,base,replicate,replicate,resample,True,1.0,39.0,40,alpha_dr,fitted,1,-1.9012462605401015,,,-0.019195523478511032,0.45593242488828345,0.004548962014665544,-1.5449843990529066,-0.01557043653332895,9.000029734754056,11.000669914509059,a13,-0.0036250869451820815,0.8111493573363453
arx,base_d1y_rep02,base,replicate,replicate,resample,True,1.0,39.0,40,alpha_refc,common,1,-3.569544145620307,,,-0.03634810216825382,-0.8630433844589724,-0.008667891712917946,-2.4219123698471345,-0.024517229761772057,4.886736328451957,6.001912802956041,,-0.011830872406481764,0.674511963466011
arx,base_d1y_rep02,base,replicate,replicate,resample,True,1.0,39.0,40,alpha_refc,fitted,1,-3.569544145620307,,,-0.03634810216825382,0.08636793798915132,0.0008633066234684722,-2.627806329058957,-0.026629502023096056,9.989180658408115,6.522525474452864,,-0.009718600145157765,0.7326242756727497
arx,base_d1y_rep02,base,replicate,replicate,resample,True,1.0,39.0,40,alpha_win,common,1,-3.860401858529039,,,-0.03936890346162472,-0.8493935363097505,-0.008530214412750321,-1.8007963958480588,-0.018172080597909826,3.569134030182586,5.8170829236769475,a14,-0.021196822863714895,0.46158462644567344
arx,base_d1y_rep02,base,replicate,replicate,resample,True,1.0,39.0,40,alpha_win,fitted,1,-4.004459512726322,,,-0.04086844885680699,-0.8493935363097505,-0.008530214412750321,-1.854883302433763,-0.018723019966776642,3.653834105388465,9.321261870878985,a14,-0.022145428890030346,0.4581289598824146
arx,base_d1y_rep03,base,replicate,replicate,resample,True,1.0,39.0,40,alpha_cc,common,1,-2.8873101086905995,,,-0.02929813033893032,-1.0042413033599984,-0.010093178219303282,-2.8416424643824323,-0.028827986735401052,6.473936986849793,6.1201155604225095,,-0.0004701436035292675,0.9839531192574238
arx,base_d1y_rep03,base,replicate,replicate,resample,True,1.0,39.0,40,alpha_cc,fitted,1,-0.4894906643158059,,,-0.004906925936935615,0.5640174325860281,0.0056243280983829065,-1.2322198531724893,-0.012398746294525349,8.765969495499037,9.163840669921175,,0.007491820357589734,2.526784886072356
arx,base_d1y_rep03,base,replicate,replicate,resample,True,1.0,39.0,40,alpha_dr,common,1,0.8927961888892666,,,0.008888343271541282,1.147311824041286,0.011407801138465783,-0.004546082494982784,-4.5461858324449226e-05,5.677625132311426,3.8381422144987285,a13,0.008933805129865732,-0.005114773016250296
arx,base_d1y_rep03,base,replicate,replicate,resample,True,1.0,39.0,40,alpha_dr,fitted,1,2.951723863040523,,,0.029089992008368,3.100085451614598,0.030530033857123415,-1.5449843990529066,-0.01557043653332895,10.773888509277029,8.810111012071864,a13,0.04466042854169695,-0.5352506294553114
arx,base_d1y_rep03,base,replicate,replicate,resample,True,1.0,39.0,40,alpha_refc,common,1,-8.758808735384061,,,-0.09166373227160599,-7.754252330657363,-0.08071399985517846,-2.4219123698471345,-0.024517229761772057,2.83815844123132,9.65622637839143,,-0.06714650250983392,0.2674692504242115
arx,base_d1y_rep03,base,replicate,replicate,resample,True,1.0,39.0,40,alpha_refc,fitted,1,-4.827150687966764,,,-0.04947548116914299,-3.393374271408567,-0.03452285779886643,-2.627806329058957,-0.026629502023096056,11.502334967902373,8.859184518891269,,-0.022845979146046937,0.5382363424027581
arx,base_d1y_rep03,base,replicate,replicate,resample,True,1.0,39.0,40,alpha_win,common,1,2.0390352102998888,,,0.020185252226119162,3.729570993300668,0.03661704764549899,-1.8007963958480588,-0.018172080597909826,9.164307117998982,7.802741740916973,a14,0.03835733282402899,-0.9002652230619963
arx,base_d1y_rep03,base,replicate,replicate,resample,True,1.0,39.0,40,alpha_win,fitted,1,0.8967521443765003,,,0.008927551996873374,1.6663484981709331,0.016526172420126044,-1.854883302433763,-0.018723019966776642,11.688949961399153,10.051835934560028,a14,0.027650571963650016,-2.0972176889402445
arx,base_d1y_rep04,base,replicate,replicate,resample,True,1.0,39.0,40,alpha_cc,common,1,-2.663533079507363,,,-0.026996478517524562,0.3689938852585506,0.003683147728977941,-2.8416424643824323,-0.028827986735401052,11.097953591190779,6.616804085289115,,0.0018315082178764902,1.0678424860741589
arx,base_d1y_rep04,base,replicate,replicate,resample,True,1.0,39.0,40,alpha_cc,fitted,1,0.11477346028256896,,,0.0011470764590011458,1.5585528501960155,0.0154653215365071,-1.2322198531724893,-0.012398746294525349,7.848607062322765,8.832356018346369,,0.013545822753526495,-10.808997253175225
arx,base_d1y_rep04,base,replicate,replicate,resample,True,1.0,39.0,40,alpha_dr,common,1,11.541447092236435,,,0.10922605864060528,17.46513701541157,0.16097139731829718,-0.004546082494982784,-4.5461858324449226e-05,9.149325467289216,14.934947342959802,a13,0.10927152049892973,-0.00041621806087534295
arx,base_d1y_rep04,base,replicate,replicate,resample,True,1.0,39.0,40,alpha_dr,fitted,1,7.544703846281697,,,0.07273642487094262,6.685230279623089,0.06471253986690023,-1.5449843990529066,-0.01557043653332895,15.402724785651712,13.43780636900598,a13,0.08830686140427157,-0.2140665637740076
arx,base_d1y_rep04,base,replicate,replicate,resample,True,1.0,39.0,40,alpha_refc,common,1,-1.7118830696654541,,,-0.01726705189672291,-0.7817238846356322,-0.007847953632538941,-2.4219123698471345,-0.024517229761772057,2.5818495222287408,3.8333567705392544,,0.007250177865049147,1.419885103051387
arx,base_d1y_rep04,base,replicate,replicate,resample,True,1.0,39.0,40,alpha_refc,fitted,1,-1.8210898271004972,,,-0.018378757716193173,-0.23099068003631373,-0.0023125787505065363,-2.627806329058957,-0.026629502023096056,7.085698766127358,6.814874469307722,,0.008250744306902882,1.4489282917981616
arx,base_d1y_rep04,base,replicate,replicate,resample,True,1.0,39.0,40,alpha_win,common,1,-1.8132298379902934,,,-0.01829870310480691,3.295680770589726,0.03242537678114484,-1.8007963958480588,-0.018172080597909826,6.531810319206421,6.270247129441317,a14,-0.00012662250689708318,0.9930802469348868
arx,base_d1y_rep04,base,replicate,replicate,resample,True,1.0,39.0,40,alpha_win,fitted,1,-1.568306625655469,,,-0.015807346651163026,1.9419151020281467,0.019233005308337166,-1.854883302433763,-0.018723019966776642,5.3027110820703545,8.04941353835879,a14,0.0029156733156136157,1.184450520378706
arx,base_d1y_rep05,base,replicate,replicate,resample,True,1.0,39.0,40,alpha_cc,common,1,-3.7259169869728215,,,-0.03797103099592006,0.09812774227759835,0.0009807962848132471,-2.8416424643824323,-0.028827986735401052,8.930072210596872,5.03058023370697,,-0.009143044260519005,0.7592100077161082
arx,base_d1y_rep05,base,replicate,replicate,resample,True,1.0,39.0,40,alpha_cc,fitted,1,-0.5127401534780085,,,-0.005140591765085718,0.09812774227759835,0.0009807962848132471,-1.2322198531724893,-0.012398746294525349,7.575627688792485,8.166578036344697,,0.007258154529439631,2.411929766284136
arx,base_d1y_rep05,base,replicate,replicate,resample,True,1.0,39.0,40,alpha_dr,common,1,-1.1890312465873465,,,-0.011961567625124802,1.0768196393385887,0.010710632239306413,-0.004546082494982784,-4.5461858324449226e-05,9.864301061907522,7.6071822999333625,a13,-0.011916105766800352,0.0038006605613262914
arx,base_d1y_rep05,base,replicate,replicate,resample,True,1.0,39.0,40,alpha_dr,fitted,1,-2.440188642276875,,,-0.024704546244915256,-1.1085354698365912,-0.011147255126670252,-1.5449843990529066,-0.01557043653332895,10.38681779354521,12.470448549734579,a13,-0.009134109711586305,0.6302660400627148
arx,base_d1y_rep05,base,replicate,replicate,resample,True,1.0,39.0,40,alpha_refc,common,1,-5.733728841120344,,,-0.05904673626974567,-4.191384715542313,-0.04281757515433418,-2.4219123698471345,-0.024517229761772057,5.459222751557469,6.935622474122504,,-0.034529506507973616,0.415217356803075
arx,base_d1y_rep05,base,replicate,replicate,resample,True,1.0,39.0,40,alpha_refc,fitted,1,-1.8264923781859954,,,-0.018433786843387374,-0.3995577592836641,-0.004003581239561637,-2.627806329058957,-0.026629502023096056,9.975276884116225,6.537489980309943,,0.008195715179708681,1.444602904945094
arx,base_d1y_rep05,base,replicate,replicate,resample,True,1.0,39.0,40,alpha_win,common,1,1.6773749223031764,,,0.016634623509322016,7.711329826070146,0.07428459065497889,-1.8007963958480588,-0.018172080597909826,16.739972765220358,11.495392392570915,a14,0.03480670410723184,-1.0924251208767197
arx,base_d1y_rep05,base,replicate,replicate,resample,True,1.0,39.0,40,alpha_win,fitted,1,2.894291819769834,,,0.02853198223032663,4.562781720075915,0.04461748702980755,-1.854883302433763,-0.018723019966776642,13.320475131837206,8.647668658957361,a14,0.04725500219710327,-0.6562116790776615
arx,base_d1y_rep06,base,replicate,replicate,resample,True,1.0,39.0,40,alpha_cc,common,1,-2.1406406647398235,,,-0.021638846896345133,1.0222018640073438,0.010170127131912446,-2.8416424643824323,-0.028827986735401052,1.6912927932310806,5.4310671447394,,0.007189139839055919,1.3322330378089688
arx,base_d1y_rep06,base,replicate,replicate,resample,True,1.0,39.0,40,alpha_cc,fitted,1,-0.07578876228497844,,,-0.000758174964865339,1.5417221634188127,0.015299583830690588,-1.2322198531724893,-0.012398746294525349,8.515454703537662,7.495317109904787,,0.01164057132966001,16.353410319645036
arx,base_d1y_rep06,base,replicate,replicate,resample,True,1.0,39.0,40,alpha_dr,common,1,2.4179999536521946,,,0.023892291967066624,1.1842896297706185,0.011773318001628334,-0.004546082494982784,-4.5461858324449226e-05,8.017385685330803,6.727146582177221,a13,0.023937753825391074,-0.001902783474566371
arx,base_d1y_rep06,base,replicate,replicate,resample,True,1.0,39.0,40,alpha_dr,fitted,1,-1.5615713576850765,,,-0.015738923185946115,0.44843226867288255,0.0044742980696554375,-1.5449843990529066,-0.01557043653332895,9.673279642592792,9.310283897665471,a13,-0.0001684866526171641,0.9892949059712286
arx,base_d1y_rep06,base,replicate,replicate,resample,True,1.0,39.0,40,alpha_refc,common,1,-4.031656366769354,,,-0.041151802721515446,-3.5720780975867283,-0.03637438002038596,-2.4219123698471345,-0.024517229761772057,4.954402882454911,5.300664470755762,,-0.01663457295974339,0.5957753522412199
arx,base_d1y_rep06,base,replicate,replicate,resample,True,1.0,39.0,40,alpha_refc,fitted,1,-3.3088357878118146,,,-0.03364816089713111,-1.2528712764009131,-0.01260785884629961,-2.627806329058957,-0.026629502023096056,6.529564522557029,8.732545281420826,,-0.007018658874035053,0.7914103271351904
arx,base_d1y_rep06,base,replicate,replicate,resample,True,1.0,39.0,40,alpha_win,common,1,-4.4740412860458045,,,-0.045772156443211684,-1.029798905527124,-0.010351380208534997,-1.8007963958480588,-0.018172080597909826,9.990018331822103,8.57356986115517,a14,-0.027600075845301858,0.39701167718535285
arx,base_d1y_rep06,base,replicate,replicate,resample,True,1.0,39.0,40,alpha_win,fitted,1,-2.4065288686737296,,,-0.02435958895280494,0.7134057613506384,0.007108730609353933,-1.854883302433763,-0.018723019966776642,7.746339909715205,6.061441140421642,a14,-0.005636568986028299,0.768609848181397
arx,base_d1y_rep07,base,replicate,replicate,resample,True,1.0,39.0,40,alpha_cc,common,1,-3.243582325890282,,,-0.03297352372916874,0.8844608310413449,0.008805723872548793,-2.8416424643824323,-0.028827986735401052,11.536375785263598,5.717825837300534,,-0.0041455369937676845,0.8742767977175427
arx,base_d1y_rep07,base,replicate,replicate,resample,True,1.0,39.0,40,alpha_cc,fitted,1,0.2591558831187557,,,0.0025882065331357985,2.9219806075857946,0.028801045387058032,-1.2322198531724893,-0.012398746294525349,10.610869216578289,7.679954117004261,,0.014986952827661148,-4.790477937440091
arx,base_d1y_rep07,base,replicate,replicate,resample,True,1.0,39.0,40,alpha_dr,common,1,-1.7743307636329808,,,-0.017902607267037737,-3.457069828014392,-0.03518240432091574,-0.004546082494982784,-4.5461858324449226e-05,7.2545698604998705,6.768418208554228,a13,-0.017857145408713287,0.0025393987393195826
arx,base_d1y_rep07,base,replicate,replicate,resample,True,1.0,39.0,40,alpha_dr,fitted,1,-1.5548279139362409,,,-0.015670421353121803,-1.598952103805018,-0.01611873263501255,-1.5449843990529066,-0.01557043653332895,6.710939515724334,10.945074671091119,a13,-9.998481979285254e-05,0.9936195193773182
arx,base_d1y_rep07,base,replicate,replicate,resample,True,1.0,39.0,40,alpha_refc,common,1,2.503418728737805,,,0.024725965485257982,3.1273344178120777,0.03079429518932946,-2.4219123698471345,-0.024517229761772057,8.785569491994217,5.105053710515998,,0.04924319524703004,-0.9915580354744741
arx,base_d1y_rep07,base,replicate,replicate,resample,True,1.0,39.0,40,alpha_refc,fitted,1,-3.0692398615080885,,,-0.03117327537575085,1.3110847789223223,0.01302564454087159,-2.627806329058957,-0.026629502023096056,8.984192732255558,8.857945072434356,,-0.004543773352654795,0.8542413879232813
arx,base_d1y_rep07,base,replicate,replicate,resample,True,1.0,39.0,40,alpha_win,common,1,-2.1940835501731093,,,-0.022185115380089517,-1.4833182913775333,-0.014944294701457972,-1.8007963958480588,-0.018172080597909826,10.028131299114607,9.703930694987088,a14,-0.004013034782179691,0.8191113855652393
arx,base_d1y_rep07,base,replicate,replicate,resample,True,1.0,39.0,40,alpha_win,fitted,1,-3.111044951696762,,,-0.03160465657757216,-1.403307705146617,-0.014132471647545882,-1.854883302433763,-0.018723019966776642,5.947006205476679,6.219212447422238,a14,-0.012881636610795517,0.5924133338016776
arx,base_d1y_rep08,base,replicate,replicate,resample,True,1.0,39.0,40,alpha_cc,common,1,-2.0224274558069855,,,-0.0204315850979076,-1.3334366256184005,-0.01342406721395624,-2.8416424643824323,-0.028827986735401052,8.97704070449935,6.3746491975631265,,0.008396401637493452,1.4109520429892308
arx,base_d1y_rep08,base,replicate,replicate,resample,True,1.0,39.0,40,alpha_cc,fitted,1,-1.630860777270171,,,-0.01644305690600146,-0.047524345903937615,-0.0004753564230037306,-1.2322198531724893,-0.012398746294525349,8.080898501089829,8.236467069362883,,-0.00404431061147611,0.7540414392168162
arx,base_d1y_rep08,base,replicate,replicate,resample,True,1.0,39.0,40,alpha_dr,common,1,2.229242167934453,,,0.02204757774283397,0.5709067726578532,0.005692832761128489,-0.004546082494982784,-4.5461858324449226e-05,4.32380018559273,4.498433368437145,a13,0.02209303960115842,-0.0020619887978045796
arx,base_d1y_rep08,base,replicate,replicate,resample,True,1.0,39.0,40,alpha_dr,fitted,1,2.1802438570415195,,,0.02156816445547393,2.626716417610253,0.02592810678578472,-1.5449843990529066,-0.01557043653332895,9.278812412139503,9.531198988699394,a13,0.03713860098880288,-0.7219175542486752
arx,base_d1y_rep08,base,replicate,replicate,resample,True,1.0,39.0,40,alpha_refc,common,1,-6.489375713901369,,,-0.06709512742037743,-6.51583280087803,-0.0673780988009497,-2.4219123698471345,-0.024517229761772057,4.459614102419129,7.6623784146507115,,-0.042577897658605375,0.36540998883811554
arx,base_d1y_rep08,base,replicate,replicate,resample,True,1.0,39.0,40,alpha_refc,fitted,1,-4.397223584703591,,,-0.044968324351438015,-1.7772697566089235,-0.01793252853882153,-2.627806329058957,-0.026629502023096056,7.3719091004407655,8.802546734168445,,-0.01833882232834196,0.5921835515813363
arx,base_d1y_rep08,base,replicate,replicate,resample,True,1.0,39.0,40,alpha_win,common,1,-7.356021149669001,,,-0.07640622349233064,-5.228596188954349,-0.05370246979470207,-1.8007963958480588,-0.018172080597909826,13.944564914178304,11.472380672392912,a14,-0.05823414289442082,0.23783508420271376
arx,base_d1y_rep08,base,replicate,replicate,resample,True,1.0,39.0,40,alpha_win,fitted,1,-4.938905682828598,,,-0.05065040301101572,0.5076326699145151,0.005063485591537922,-1.854883302433763,-0.018723019966776642,11.14206901739685,7.633085137494488,a14,-0.031927383044239074,0.36965194457988143
arx,wp11a_coarse_10y,base,coarse,resolution,coarse,True,10.0,39.0,5,alpha_cc,common,1,1.6130121432305966,,,0.01600141323162806,,,,,6.519931898102027,5.520794936139443,,,
arx,wp11a_coarse_10y,base,coarse,resolution,coarse,True,10.0,39.0,5,alpha_cc,fitted,1,3.4110025398195187,,,0.03354117796713129,14.148860247417726,0.13233320224594936,-4.2180505235258074,-0.04309593759028145,14.41321185382527,19.47150695711528,,0.07663711555741273,-1.2848665491865956
arx,wp11a_coarse_10y,base,coarse,resolution,coarse,True,10.0,39.0,5,alpha_dr,common,1,5.068036241808227,,,0.0494379185389623,,,,,10.167585372040499,7.964301323395355,a13,,
arx,wp11a_coarse_10y,base,coarse,resolution,coarse,True,10.0,39.0,5,alpha_dr,fitted,1,7.031189979881902,,,0.06795010113644427,18.361613616245066,0.16857427457235497,-7.665613651612935,-0.07975356403872652,15.343100381132802,19.84560840260516,a13,0.1477036651751708,-1.1737078047695737
arx,wp11a_coarse_10y,base,coarse,resolution,coarse,True,10.0,39.0,5,alpha_refc,common,1,34.36144360909914,,,0.2953633230351305,,,,,37.43317010404781,36.19390579466521,,,
arx,wp11a_coarse_10y,base,coarse,resolution,coarse,True,10.0,39.0,5,alpha_refc,fitted,1,-8.8443302197571,,,-0.09260148405253331,5.586874066249381,0.05436387894329393,-23.829160253508842,-0.27219147702859814,26.643663594733813,19.297705448273177,,0.17958999297606482,2.9393856892637107
arx,wp11a_coarse_10y,base,coarse,resolution,coarse,True,10.0,39.0,5,alpha_win,common,1,9.700043879634212,,,0.09257958128967886,,,,,15.125368673542393,13.708690694563783,a14,,
arx,wp11a_coarse_10y,base,coarse,resolution,coarse,True,10.0,39.0,5,alpha_win,fitted,1,4.5376133000257335,,,0.04437675654080673,24.442848287778585,0.2186763746236502,-17.90212448839601,-0.19725804670247382,28.965147336222508,23.40243737944328,a14,0.24163480324328054,-4.445075802714081
arx,wp11a_coarse_2y,base,coarse,resolution,coarse,True,2.0,39.0,21,alpha_cc,common,1,-3.374405951011772,,,-0.03432653111504983,0.526995201720637,0.0052561144144525574,-4.436673502899236,-0.04538105357649042,5.319310682851852,6.41730461681214,,0.011054522461440591,1.3220401858955664
arx,wp11a_coarse_2y,base,coarse,resolution,coarse,True,2.0,39.0,21,alpha_cc,fitted,1,-0.3782194539466488,,,-0.003789365123305794,0.08730841968813685,0.0008727032805724769,-0.8633261511009405,-0.008670743999843956,7.059663345691957,12.035729516757726,,0.004881378876538162,2.2881785517357875
arx,wp11a_coarse_2y,base,coarse,resolution,coarse,True,2.0,39.0,21,alpha_dr,common,1,-13.233635991943427,,,-0.14195115085166252,-9.594494026744194,-0.1008650136609002,1.3875220051850157,0.013779840448762496,13.759114041221832,20.06766950259559,a13,-0.155730991300425,-0.09707452434226678
arx,wp11a_coarse_2y,base,coarse,resolution,coarse,True,2.0,39.0,21,alpha_dr,fitted,1,-0.31910069859446555,,,-0.0031961091055609236,5.293260086243268,0.05157922432500062,-1.8179114570381238,-0.018346384993672454,16.15621807146982,11.6991302313638,a13,0.01515027588811153,5.740224875850296
arx,wp11a_coarse_2y,base,coarse,resolution,coarse,True,2.0,39.0,21,alpha_refc,common,1,5.172982695704231,,,0.05043626285010553,-0.11780211987587608,-0.0011787156111397294,-2.57726509861812,-0.02611058469865249,27.02172356601077,21.038211740524797,,0.07654684754875801,-0.5176946748860449
arx,wp11a_coarse_2y,base,coarse,resolution,coarse,True,2.0,39.0,21,alpha_refc,fitted,1,-1.019013380595446,,,-0.010242408647748604,-0.708837474014179,-0.0071136166217082054,-5.620208723441289,-0.05784321121424161,16.04125473638234,12.765335209253184,,0.047600802566493,5.64742271115654
arx,wp11a_coarse_2y,base,coarse,resolution,coarse,True,2.0,39.0,21,alpha_win,common,1,-1.1651290164748862,,,-0.011719698327387087,3.355301793621801,0.033002398230029664,-2.331300363261657,-0.023589050462545717,8.078208461101056,7.524936852197028,a14,0.01186935213515863,2.0127694249110344
arx,wp11a_coarse_2y,base,coarse,resolution,coarse,True,2.0,39.0,21,alpha_win,fitted,1,-2.813117347054195,,,-0.02853443575874317,3.003736282776881,0.02959507617370416,-4.057992197908311,-0.04142626244822967,8.017497639237858,7.093505283923268,a14,0.012891826689486498,1.4517989000548694
arx,wp11a_coarse_5y,base,coarse,resolution,coarse,True,5.0,39.0,9,alpha_cc,common,1,-3.316758012549248,,,-0.03373009753908449,0.46253529825399653,0.004614688908195198,-5.578740115770486,-0.057403927554720686,6.999217478329922,5.265590634975804,,0.023673830015636194,1.701860704322136
arx,wp11a_coarse_5y,base,coarse,resolution,coarse,True,5.0,39.0,9,alpha_cc,fitted,1,-1.4718178039577645,,,-0.014827565067353986,0.46253529825399653,0.004614688908195198,-1.213439663499627,-0.01220861946984017,11.086385702918866,11.23944410659113,,-0.0026189455975138155,0.8233731846316441
arx,wp11a_coarse_5y,base,coarse,resolution,coarse,True,5.0,39.0,9,alpha_dr,common,1,2.3609889127827355,,,0.02333548638209921,4.381984781060799,0.04288691500194853,4.061343905323422,0.03981038450644567,12.76832787348373,8.863223303480297,a13,-0.01647489812434646,1.7060019171909977
arx,wp11a_coarse_5y,base,coarse,resolution,coarse,True,5.0,39.0,9,alpha_dr,fitted,1,2.3609889127827355,,,0.02333548638209921,12.51133628652321,0.11788379757104865,-3.270901039367613,-0.03325590883099981,12.51278860554148,10.11990556459576,a13,0.05659139521309902,-1.4251217346174803
arx,wp11a_coarse_5y,base,coarse,resolution,coarse,True,5.0,39.0,9,alpha_refc,common,1,13.222938281298436,,,0.1241885942470963,-6.869613905690974,-0.07116967370655218,-13.284632620108194,-0.1425390701585045,40.96395462489901,27.816852942568964,,0.2667276644056008,-1.1477629731027998
arx,wp11a_coarse_5y,base,coarse,resolution,coarse,True,5.0,39.0,9,alpha_refc,fitted,1,-4.677874451743658,,,-0.04790823492668754,1.8935989581689405,0.018758935370261236,-13.284632620108194,-0.1425390701585045,24.838417145419854,21.280362637785583,,0.09463083523181696,2.975251966110368
arx,wp11a_coarse_5y,base,coarse,resolution,coarse,True,5.0,39.0,9,alpha_win,common,1,0.0056807740947961705,,,5.680612744936097e-05,8.706682259647947,0.08348308057939113,-1.174691675392503,-0.011816456905250825,8.745186073736043,8.118796766266328,a14,0.011873263032700187,-208.0137730878494
arx,wp11a_coarse_5y,base,coarse,resolution,coarse,True,5.0,39.0,9,alpha_win,fitted,1,-0.043715810829891844,,,-0.00043725368976187356,11.71471996851392,0.11077829268053731,-11.191532521620207,-0.1186881860496581,10.586647545281103,8.490093210652377,a14,0.11825093235989623,271.4401017731724
arx,wp11a_freq_0p083y,base,freq,resolution,resample,True,0.08333333333333333,39.0,469,alpha_cc,common,1,-0.5959876252910501,,,-0.005977707197499737,-0.7807115720944391,-0.007837750800796555,-0.24174457438607133,-0.002420372483597431,1.6427845111125383,2.2584079267239248,,-0.003557334713902306,0.4048998058335455
arx,wp11a_freq_0p083y,base,freq,resolution,resample,True,0.08333333333333333,39.0,469,alpha_cc,fitted,1,-0.3625847727840026,,,-0.0036324370464453607,-0.2335901310936861,-0.0023386337844256916,-0.10680869091511669,-0.0010686577204608396,2.9483891892697622,2.1281239408325825,,-0.002563779325984521,0.29419855232084735
arx,wp11a_freq_0p083y,base,freq,resolution,resample,True,0.08333333333333333,39.0,469,alpha_dr,common,1,-4.7947962827337935,,,-0.04913558478897065,-4.314521116695669,-0.04410363484886724,-0.0004328739247161373,-4.328748616180145e-06,8.53703735870327,9.271764694839108,a13,-0.04913125604035447,8.809803800588549e-05
arx,wp11a_freq_0p083y,base,freq,resolution,resample,True,0.08333333333333333,39.0,469,alpha_dr,fitted,1,0.035645307577825136,,,0.0003563895614733855,1.5619068522207513,0.015498346294623091,-0.1319004418149139,-0.0013198750701567952,16.217918144662402,10.700583629858368,a13,0.0016762646316301807,-3.7034616409643664
arx,wp11a_freq_0p083y,base,freq,resolution,resample,True,0.08333333333333333,39.0,469,alpha_refc,common,1,0.6670597776375464,,,0.006648447786913503,1.5995294015626493,0.015868717271179614,-0.20612276592794077,-0.002063354912682795,4.9015464901933425,2.54919582294992,,0.008711802699596299,-0.31035137505993615
arx,wp11a_freq_0p083y,base,freq,resolution,resample,True,0.08333333333333333,39.0,469,alpha_refc,fitted,1,1.226540975547863,,,0.012190799084676726,1.5995294015626493,0.015868717271179614,-0.2179466289555565,-0.002181844782734754,5.913718643528032,4.656916480371321,,0.01437264386741148,-0.17897471425619937
arx,wp11a_freq_0p083y,base,freq,resolution,resample,True,0.08333333333333333,39.0,469,alpha_win,common,1,-1.0765093939982595,,,-0.010823456796093072,-1.8712011230424874,-0.018889295965281643,-0.15349665420666403,-0.0015361458101217657,7.961347934403074,4.221770555714211,a14,-0.009287310985971306,0.1419274672650115
arx,wp11a_freq_0p083y,base,freq,resolution,resample,True,0.08333333333333333,39.0,469,alpha_win,fitted,1,-0.1047965824781727,,,-0.0010485153249051057,-0.5368496341925266,-0.005382958501669014,-0.15349665420666403,-0.0015361458101217657,7.796549089035365,5.728488787457823,a14,0.00048763048521666,1.4650675804483757
arx,wp11a_freq_0p25y,base,freq,resolution,resample,True,0.25,39.0,157,alpha_cc,common,1,0.46694045219846103,,,0.004658536670488003,0.05378984864370384,0.0005377538709028435,-0.7224849922739196,-0.007251075544744136,4.029869589431934,3.988578977117527,,0.01190961221523214,-1.5565135701689243
arx,wp11a_freq_0p25y,base,freq,resolution,resample,True,0.25,39.0,157,alpha_cc,fitted,1,0.630723738868233,,,0.006287430009874936,0.4122890995494011,0.004114415169032818,-0.31809733497738524,-0.0031860434001515373,3.6488671955018703,4.2480041447818175,,0.009473473410026474,-0.5067322252728998
arx,wp11a_freq_0p25y,base,freq,resolution,resample,True,0.25,39.0,157,alpha_dr,common,1,0.15995028666766498,,,0.0015982250243931385,1.2399237715676525,0.012322996740777357,-0.0012673086553949275,-1.2673166858189147e-05,5.41002514138299,3.464346226991229,a13,0.0016108981912513276,-0.007929525983364745
arx,wp11a_freq_0p25y,base,freq,resolution,resample,True,0.25,39.0,157,alpha_dr,fitted,1,-1.2012385813316206,,,-0.012085117561144398,-0.6546597686930888,-0.006568120643753497,-0.3939005809712737,-0.003946784125704061,6.308916417636601,5.027089248307081,a13,-0.008138333435440338,0.3265821872013565
arx,wp11a_freq_0p25y,base,freq,resolution,resample,True,0.25,39.0,157,alpha_refc,common,1,-0.28655040123019004,,,-0.002869617428811118,-2.769164671926061,-0.028082288944827633,-0.6159558742724669,-0.00617860708454641,6.337205517616562,3.791732954397953,,0.0033089896557352916,2.1531117780763567
arx,wp11a_freq_0p25y,base,freq,resolution,resample,True,0.25,39.0,157,alpha_refc,fitted,1,1.6827535631821267,,,0.016687521202889067,2.382601650546823,0.02354660642531918,-0.6494204749467714,-0.006515383841166346,4.7437430160712335,4.677238977059935,,0.023202905044055415,-0.3904344906563088
arx,wp11a_freq_0p25y,base,freq,resolution,resample,True,0.25,39.0,157,alpha_win,common,1,-2.3744403422223948,,,-0.024030845114557102,-0.991874424539918,-0.00996826270179589,-0.4585521927585323,-0.004596067684140884,6.03167390080338,5.796233330812756,a14,-0.019434777430416217,0.19125701415123084
arx,wp11a_freq_0p25y,base,freq,resolution,resample,True,0.25,39.0,157,alpha_win,fitted,1,-1.9754675264447963,,,-0.019952407282378817,-0.991874424539918,-0.00996826270179589,-0.4585521927585323,-0.004596067684140884,9.217015329553934,6.980188649787409,a14,-0.015356339598237932,0.23035153698972208
arx,wp11a_freq_0p5y,base,freq,resolution,resample,True,0.5,39.0,79,alpha_cc,common,1,-3.1786977704945873,,,-0.0323031515617734,-0.335911796595878,-0.0033647724690262955,-1.4368147783309748,-0.01447236913509773,10.812182913996649,5.396067503861516,,-0.01783078242667567,0.44801725018756083
arx,wp11a_freq_0p5y,base,freq,resolution,resample,True,0.5,39.0,79,alpha_cc,fitted,1,-1.3403136838300744,,,-0.013493769630388314,-0.12761654188614413,-0.0012769804114002423,-0.6293428510595778,-0.006313315614422688,9.644612493194348,6.0331567261665775,,-0.007180454015965626,0.4678689341342348
arx,wp11a_freq_0p5y,base,freq,resolution,resample,True,0.5,39.0,79,alpha_dr,common,1,2.7256421808108833,,,0.02689158021777651,3.9732550170683334,0.03896351678371057,-0.0024438454789055264,-2.4438753412956784e-05,11.511080939848306,8.180917805262316,a13,0.026916018971189466,-0.0009087882978629013
arx,wp11a_freq_0p5y,base,freq,resolution,resample,True,0.5,39.0,79,alpha_dr,fitted,1,-0.3130871227114529,,,-0.003135782658486812,0.7252025456163436,0.007225855964600773,-0.7825391538342608,-0.007856170591954786,7.538681318895424,6.191195178209035,a13,0.004720387933467974,2.505330071487104
arx,wp11a_freq_0p5y,base,freq,resolution,resample,True,0.5,39.0,79,alpha_refc,common,1,-3.2201820064295172,,,-0.03273170524495505,-5.073747007401286,-0.05206988014065831,-1.2247921308772947,-0.012323545221854571,7.544471270430941,5.659255897291424,,-0.020408160023100478,0.3765017780047987
arx,wp11a_freq_0p5y,base,freq,resolution,resample,True,0.5,39.0,79,alpha_refc,fitted,1,-1.8494975598337238,,,-0.01866814617361666,-1.166009635083276,-0.011728608366149734,-1.2948743048008637,-0.013033308828191781,8.94363241636783,6.372117175625476,,-0.005634837345424878,0.6981576374525882
arx,wp11a_freq_0p5y,base,freq,resolution,resample,True,0.5,39.0,79,alpha_win,common,1,-1.5479207763897773,,,-0.015600261536228973,0.652858914165444,0.006507370206632933,-0.9114050084697345,-0.00915583713244856,4.728200476935884,4.228717981384473,a14,-0.0064444244037804126,0.5869027971861673
arx,wp11a_freq_0p5y,base,freq,resolution,resample,True,0.5,39.0,79,alpha_win,fitted,1,-1.5479207763897773,,,-0.015600261536228973,-0.3269006304503774,-0.003274361178876625,-0.9132091234561934,-0.009174044388396176,6.806430727107838,8.135112138231435,a14,-0.006426217147832798,0.5880699094108779
arx,wp11a_freq_1y,base,freq,resolution+length,resample,True,1.0,39.0,40,alpha_cc,common,1,-1.3914322526769163,,,-0.014012034165487654,0.8586839531874002,0.008550182322209759,-2.8416424643824323,-0.028827986735401052,11.190138261151262,5.612342152000483,,0.014815952569913398,2.0573734259373873
arx,wp11a_freq_1y,base,freq,resolution+length,resample,True,1.0,39.0,40,alpha_cc,fitted,1,-1.0153975426846817,,,-0.010205878683849028,0.563481122285836,0.00561899506034438,-1.2322198531724893,-0.012398746294525349,9.463488493077588,8.044453504274054,,0.0021928676106763214,1.2148631860720205
arx,wp11a_freq_1y,base,freq,resolution+length,resample,True,1.0,39.0,40,alpha_dr,common,1,-13.720387364571707,,,-0.14757685409904664,-13.204053645997716,-0.1416102664030692,-0.004546082494982784,-4.5461858324449226e-05,13.491346550476091,16.47849598392843,a13,-0.1475313922407222,0.0003080554779541334
arx,wp11a_freq_1y,base,freq,resolution+length,resample,True,1.0,39.0,40,alpha_dr,fitted,1,-1.3926802593102416,,,-0.014024690413919183,0.7874669305267368,0.007843825912135614,-1.5449843990529066,-0.01557043653332895,19.71425157784761,12.0773679848439,a13,0.0015457461194097674,1.110216059947794
arx,wp11a_freq_1y,base,freq,resolution+length,resample,True,1.0,39.0,40,alpha_refc,common,1,0.5700545886520914,,,0.0056843592607533425,2.215538503491943,0.02191352037616481,-2.4219123698471345,-0.024517229761772057,10.585204237668023,7.041260565131281,,0.0302015890225254,-4.313103489261658
arx,wp11a_freq_1y,base,freq,resolution+length,resample,True,1.0,39.0,40,alpha_refc,fitted,1,-1.188636269732568,,,-0.011957570335447906,0.3600336411913929,0.0035938707152492876,-2.627806329058957,-0.026629502023096056,10.31822021754525,8.660819722835583,,0.01467193168764815,2.2269994050675654
arx,wp11a_freq_1y,base,freq,resolution+length,resample,True,1.0,39.0,40,alpha_win,common,1,-3.0799578788690885,,,-0.0312838554429674,-0.8085340410511233,-0.00811820403756818,-1.8007963958480588,-0.018172080597909826,6.190951658072752,8.210673241267143,a14,-0.013111774845057572,0.5808772716981373
arx,wp11a_freq_1y,base,freq,resolution+length,resample,True,1.0,39.0,40,alpha_win,fitted,1,-2.7699522687343214,,,-0.028090389255757717,-0.607189931429486,-0.006090408255923285,-1.854883302433763,-0.018723019966776642,8.85751808638049,7.559299217902257,a14,-0.009367369288981076,0.6665276082971675
arx,wp11a_matchedN_0p083y_s13y,base,matchedN,length,resample,True,0.08333333333333333,13.0,157,alpha_cc,common,1,-0.8280770675601068,,,-0.008315246714459667,-0.42587197135764976,-0.0042678138892568405,-0.24174457438607133,-0.002420372483597431,2.214036175198153,2.407170476784862,,-0.005894874230862236,0.29107644868655097
arx,wp11a_matchedN_0p083y_s13y,base,matchedN,length,resample,True,0.08333333333333333,13.0,157,alpha_cc,fitted,1,-0.8280770675601068,,,-0.008315246714459667,-0.42587197135764976,-0.0042678138892568405,-0.28338374903514874,-0.0028378604098098646,3.174788649111082,2.6385037486884806,,-0.005477386304649803,0.34128396994824123
arx,wp11a_matchedN_0p083y_s13y,base,matchedN,length,resample,True,0.08333333333333333,13.0,157,alpha_dr,common,1,2.1141347273222255,,,0.020920969633130494,3.438963565286879,0.0338115287548463,-0.0004328739247161373,-4.328748616180145e-06,3.5751690865623686,3.9967796476144217,a13,0.020925298381746674,-0.00020690955974263876
arx,wp11a_matchedN_0p083y_s13y,base,matchedN,length,resample,True,0.08333333333333333,13.0,157,alpha_dr,fitted,1,3.4120446949400307,,,0.03355125571363439,4.037686953429365,0.03958302206368615,-0.1370393694754224,-0.0013713335429330086,3.662984340252984,4.45032013678515,a13,0.034922589256567396,-0.04087279339520318
arx,wp11a_matchedN_0p083y_s13y,base,matchedN,length,resample,True,0.08333333333333333,13.0,157,alpha_refc,common,1,1.894518771808129,,,0.018767962526990867,0.776287129167752,0.00773289523987657,-0.20612276592794077,-0.002063354912682795,5.213083498715276,3.3482513271595873,,0.02083131743967366,-0.10994027240385906
arx,wp11a_matchedN_0p083y_s13y,base,matchedN,length,resample,True,0.08333333333333333,13.0,157,alpha_refc,fitted,1,2.8889805365909904,,,0.028480362065876764,2.6347743660177114,0.02600662076695903,0.012556886904002695,0.00012556098592949957,4.671259965560637,3.6638328096351076,,0.028354801079947266,0.004408686435905189
arx,wp11a_matchedN_0p083y_s13y,base,matchedN,length,resample,True,0.08333333333333333,13.0,157,alpha_win,common,1,0.8430703733205425,,,0.008395363838352978,1.5869142578843753,0.015744544186919847,-0.15349665420666403,-0.0015361458101217657,3.859894843635736,3.1062125793213973,a14,0.009931509648474744,-0.1829754897702123
arx,wp11a_matchedN_0p083y_s13y,base,matchedN,length,resample,True,0.08333333333333333,13.0,157,alpha_win,fitted,1,0.8430703733205425,,,0.008395363838352978,1.5869142578843753,0.015744544186919847,-0.16676259054737574,-0.0016690179413660637,3.644420070788601,2.772021119496261,a14,0.010064381779719042,-0.19880233584891246
arx,wp11a_matchedN_0p25y_s10y,base,matchedN,length,resample,True,0.25,10.0,41,alpha_cc,common,1,0.577605235003098,,,0.0057594349177227675,0.9419104534513112,0.009375021369163869,-0.7224849922739196,-0.007251075544744136,2.2000189880853727,3.4614627223143413,,0.013010510462466904,-1.2589907948141466
arx,wp11a_matchedN_0p25y_s10y,base,matchedN,length,resample,True,0.25,10.0,41,alpha_cc,fitted,1,0.577605235003098,,,0.0057594349177227675,0.9419104534513112,0.009375021369163869,-0.7224849922739196,-0.007251075544744136,2.2000189880853727,3.4614627223143413,,0.013010510462466904,-1.2589907948141466
arx,wp11a_matchedN_0p25y_s10y,base,matchedN,length,resample,True,0.25,10.0,41,alpha_dr,common,1,-1.1333187370605846,,,-0.011397897316445537,-0.301275598419537,-0.003017303469444599,-0.0012673086553949275,-1.2673166858189147e-05,3.886451744179442,4.284195645230892,a13,-0.011385224149587347,0.0011118863862638574
arx,wp11a_matchedN_0p25y_s10y,base,matchedN,length,resample,True,0.25,10.0,41,alpha_dr,fitted,1,-1.1333187370605846,,,-0.011397897316445537,-0.301275598419537,-0.003017303469444599,-0.0012673086553949275,-1.2673166858189147e-05,3.886451744179442,4.284195645230892,a13,-0.011385224149587347,0.0011118863862638574
arx,wp11a_matchedN_0p25y_s10y,base,matchedN,length,resample,True,0.25,10.0,41,alpha_refc,common,1,0.6663891096337915,,,0.006641785525799266,-0.023183701286211278,-0.00023186389121672443,-0.6159558742724669,-0.00617860708454641,5.116332762646625,3.132048515374728,,0.012820392610345677,-0.9302629632568393
arx,wp11a_matchedN_0p25y_s10y,base,matchedN,length,resample,True,0.25,10.0,41,alpha_refc,fitted,1,0.6663891096337915,,,0.006641785525799266,-0.023183701286211278,-0.00023186389121672443,-0.6159558742724669,-0.00617860708454641,5.116332762646625,3.132048515374728,,0.012820392610345677,-0.9302629632568393
arx,wp11a_matchedN_0p25y_s10y,base,matchedN,length,resample,True,0.25,10.0,41,alpha_win,common,1,-0.2936216508626188,,,-0.0029405356490117738,-0.9745813621860555,-0.009793614891835025,-0.4585521927585323,-0.004596067684140884,2.625003174083951,2.2059892725390586,a14,0.0016555320351291105,1.5630035587854496
arx,wp11a_matchedN_0p25y_s10y,base,matchedN,length,resample,True,0.25,10.0,41,alpha_win,fitted,1,-0.2936216508626188,,,-0.0029405356490117738,-0.9745813621860555,-0.009793614891835025,-0.4585521927585323,-0.004596067684140884,2.625003174083951,2.2059892725390586,a14,0.0016555320351291105,1.5630035587854496
arx,wp11a_season_0p083y,season,season,resolution,resample,True,0.08333333333333333,39.0,469,alpha_cc,common,1,-0.7883668409768729,,,-0.007914908824606631,-0.7232904935423057,-0.007259189210120548,-0.24174457438607133,-0.002420372483597431,2.9942044416453983,2.8728164072601636,,-0.0054945363410092,0.3057991617127343
arx,wp11a_season_0p083y,season,season,resolution,resample,True,0.08333333333333333,39.0,469,alpha_cc,fitted,1,-0.1627876441435916,,,-0.0016292028719956681,-0.04850681997248252,-0.00048518588336194935,-0.10680869091511669,-0.0010686577204608396,3.3036984867011454,2.148379832227787,,-0.0005605451515348285,0.6559390109298071
arx,wp11a_season_0p083y,season,season,resolution,resample,True,0.08333333333333333,39.0,469,alpha_dr,common,1,3.8420361291485072,,,0.037700675107001085,4.238766675082006,0.04151391516873096,-0.0004328739247161373,-4.328748616180145e-06,6.5727397877971105,5.1596626514440995,a13,0.037705003855617265,-0.00011481886209980067
arx,wp11a_season_0p083y,season,season,resolution,resample,True,0.08333333333333333,39.0,469,alpha_dr,fitted,1,1.4822080823782446,,,0.01471330729990728,1.4463731943414881,0.014360129958560978,-0.1319004418149139,-0.0013198750701567952,6.60626946548446,6.167875394294207,a13,0.016033182370064077,-0.08970621242751538
arx,wp11a_season_0p083y,season,season,resolution,resample,True,0.08333333333333333,39.0,469,alpha_refc,common,1,-7.042713997905703,,,-0.07303008864099317,-2.769953619257748,-0.028090403145737946,-3.048724850643303,-0.030961651736553047,13.024021410939923,11.674214351429429,,-0.04206843690444012,0.42395747167659453
arx,wp11a_season_0p083y,season,season,resolution,resample,True,0.08333333333333333,39.0,469,alpha_refc,fitted,1,-7.731299888355581,,,-0.08046521237326365,-2.7924236990466533,-0.028321532076230175,-4.180272970938603,-0.04270160332592914,13.924220163956347,10.634791079951212,,-0.03776360904733451,0.5306840318502372
arx,wp11a_season_0p083y,season,season,resolution,resample,True,0.08333333333333333,39.0,469,alpha_win,common,1,0.1851872267469412,,,0.0018501596660420092,0.743540427642353,0.007407897921144726,-0.15349665420666403,-0.0015361458101217657,7.637909508512997,5.274603370456108,a14,0.003386305476163775,-0.8302774286545745
arx,wp11a_season_0p083y,season,season,resolution,resample,True,0.08333333333333333,39.0,469,alpha_win,fitted,1,0.17057639672553027,,,0.001704310804166738,0.6250823951720719,0.006231368584308997,-0.15349665420666403,-0.0015361458101217657,6.5247876437228065,6.0133539100165905,a14,0.003240456614288504,-0.901329620375674
arx,wp11a_season_0p25y,season,season,resolution,resample,True,0.25,39.0,157,alpha_cc,common,1,0.4669406770067219,,,0.004658538908122175,0.053789771588519386,0.0005377531007652545,-0.7224849922739196,-0.007251075544744136,4.029869282098453,3.988579251853851,,0.011909614452866311,-1.55651282252937
arx,wp11a_season_0p25y,season,season,resolution,resample,True,0.25,39.0,157,alpha_cc,fitted,1,0.6307238936783532,,,0.006287431548272899,0.4122895922574532,0.0041144200758829194,-0.31809733497738524,-0.0031860434001515373,3.6488667182720036,4.248004073338971,,0.009473474948424435,-0.5067321012865285
arx,wp11a_season_0p25y,season,season,resolution,resample,True,0.25,39.0,157,alpha_dr,common,1,0.2355352211985684,,,0.002352582717867909,1.5300774564416697,0.015184898216915512,-0.0012673086553949275,-1.2673166858189147e-05,5.559198755375483,3.6050080090122916,a13,0.002365255884726098,-0.005386916584031758
arx,wp11a_season_0p25y,season,season,resolution,resample,True,0.25,39.0,157,alpha_dr,fitted,1,-1.1800484830669533,,,-0.011870663190593107,-0.4526438527542531,-0.004536713869273782,-0.3939005809712737,-0.003946784125704061,6.317229628164611,5.006480806519781,a13,-0.007923879064889047,0.33248219264039813
arx,wp11a_season_0p25y,season,season,resolution,resample,True,0.25,39.0,157,alpha_refc,common,1,-10.14728369084329,,,-0.10699834161663849,5.478467712438628,0.053336648584868085,-12.903055324686608,-0.138148381099505,8.672807388277814,11.832058310737137,,0.031150039482866515,1.2911263764673397
arx,wp11a_season_0p25y,season,season,resolution,resample,True,0.25,39.0,157,alpha_refc,fitted,1,-10.62356293426312,,,-0.1123131060459904,5.478467712438628,0.053336648584868085,-14.244572687731038,-0.15367080967355523,10.862594693655058,14.39569009525472,,0.04135770362756483,1.3682357748224816
arx,wp11a_season_0p25y,season,season,resolution,resample,True,0.25,39.0,157,alpha_win,common,1,-2.2958700012909783,,,-0.023226355583987716,-0.9504176566489053,-0.00954962947684247,-0.4585521927585323,-0.004596067684140884,6.165577986992876,5.812655589239705,a14,-0.01863028789984683,0.19788156895821488
arx,wp11a_season_0p25y,season,season,resolution,resample,True,0.25,39.0,157,alpha_win,fitted,1,-1.7965242112773616,,,-0.018128576256883785,-0.9504176566489053,-0.00954962947684247,-0.4585521927585323,-0.004596067684140884,9.037670558541123,6.949681226243047,a14,-0.0135325085727429,0.2535261246671627
arx,wp11a_season_0p5y,season,season,resolution,resample,True,0.5,39.0,79,alpha_cc,common,1,-3.178697791301177,,,-0.0323031517766703,-0.3359114718502587,-0.0033647692106247525,-1.4368147783309748,-0.01447236913509773,10.81218312799207,5.396067639455389,,-0.01783078264157257,0.44801724720712355
arx,wp11a_season_0p5y,season,season,resolution,resample,True,0.5,39.0,79,alpha_cc,fitted,1,-1.3403131468467278,,,-0.013493764187604562,-0.12761605772082518,-0.0012769755635604189,-0.6293428510595778,-0.006313315614422688,9.644612103097849,6.033156582232232,,-0.007180448573181874,0.46786912285173404
arx,wp11a_season_0p5y,season,season,resolution,resample,True,0.5,39.0,79,alpha_dr,common,1,2.6501133501853014,,,0.02615606171574757,4.028092632298308,0.03949079814145386,-0.0024438454789055264,-2.4438753412956784e-05,11.456480627859344,8.175137837425085,a13,0.026180500469160525,-0.0009343437738657398
arx,wp11a_season_0p5y,season,season,resolution,resample,True,0.5,39.0,79,alpha_dr,fitted,1,-0.3760049336674065,,,-0.0037671360921253767,0.6680815776052063,0.00665859802656651,-0.7825391538342608,-0.007856170591954786,7.507972383675199,6.203130011922078,a13,0.00408903449982941,2.0854491050580606
arx,wp11a_season_0p5y,season,season,resolution,resample,True,0.5,39.0,79,alpha_refc,common,1,-10.426160571341114,,,-0.11010687930122795,2.0007658186421917,0.019810135293898468,-13.546264082575622,-0.1455607600160702,13.651783303942022,13.385928455336593,,0.03545388071484226,1.3219951463509225
arx,wp11a_season_0p5y,season,season,resolution,resample,True,0.5,39.0,79,alpha_refc,fitted,1,-8.159333293640248,,,-0.08511499400982497,2.6906693780349267,0.026551073635329617,-17.44576667055896,-0.19171473493270005,13.288130107413176,13.795217799003339,,0.10659974092287508,2.252420236445885
arx,wp11a_season_0p5y,season,season,resolution,resample,True,0.5,39.0,79,alpha_win,common,1,-1.5497530622262334,,,-0.015618872650401459,0.47996347123950844,0.004788153189130662,-0.9114050084697345,-0.00915583713244856,4.729123730281703,4.2501603922718525,a14,-0.006463035517952898,0.5862034563815478
arx,wp11a_season_0p5y,season,season,resolution,resample,True,0.5,39.0,79,alpha_win,fitted,1,-1.5497530622262334,,,-0.015618872650401459,-0.30077925626585955,-0.00301232506153456,-0.9132091234561934,-0.009174044388396176,6.804805615544041,8.168468605207812,a14,-0.0064448282620052835,0.5873691779003251
arx,wp11a_season_1y,season,season,resolution,resample,True,1.0,39.0,40,alpha_cc,common,1,-1.3914329383724167,,,-0.01401204111919889,0.8586850230983156,0.008550192930229494,-2.8416424643824323,-0.028827986735401052,11.190139576033452,5.61234237105454,,0.014815945616202163,2.057372404931198
arx,wp11a_season_1y,season,season,resolution,resample,True,1.0,39.0,40,alpha_cc,fitted,1,-1.01539731107263,,,-0.010205876343969453,0.5634796419276222,0.005618980339710129,-1.2322198531724893,-0.012398746294525349,9.463489372836687,8.044453473273956,,0.002192869950555896,1.2148634646011207
arx,wp11a_season_1y,season,season,resolution,resample,True,1.0,39.0,40,alpha_dr,common,1,-13.469110565156894,,,-0.14466873250347928,-13.084552641751657,-0.14023440935024836,-0.004546082494982784,-4.5461858324449226e-05,13.457193838590253,16.35398603153304,a13,-0.14462327064515484,0.00031424798944274895
arx,wp11a_season_1y,season,season,resolution,resample,True,1.0,39.0,40,alpha_dr,fitted,1,-1.293633309307718,,,-0.013020736150905769,0.9387673664906337,0.009343883302907377,-1.5449843990529066,-0.01557043653332895,19.577722377643592,12.074975703848507,a13,0.002549700382423182,1.195818450882734
arx,wp11a_season_1y,season,season,resolution,resample,True,1.0,39.0,40,alpha_refc,common,1,-13.038709916806368,,,-0.13970710792186802,-4.058285443603382,-0.04142931894193806,-8.683967643073753,-0.09084381296062617,9.105779624767107,15.986197880697372,,-0.04886329496124185,0.6502447463978073
arx,wp11a_season_1y,season,season,resolution,resample,True,1.0,39.0,40,alpha_refc,fitted,1,-12.34376743382276,,,-0.13174746971957163,-3.8754654723403004,-0.039525600539056245,-8.230862305243924,-0.08589413557533698,14.284414016367098,16.80351948611991,,-0.04585333414423465,0.6519604191121483
arx,wp11a_season_1y,season,season,resolution,resample,True,1.0,39.0,40,alpha_win,common,1,-2.8257937977098635,,,-0.02866487802728894,-0.7408626580227895,-0.007436206759397523,-1.8007963958480588,-0.018172080597909826,6.3004044837587925,8.192180004245065,a14,-0.010492797429379114,0.6339493431861116
arx,wp11a_season_1y,season,season,resolution,resample,True,1.0,39.0,40,alpha_win,fitted,1,-2.567779864861919,,,-0.026013227833779178,-0.6910399769702869,-0.006934387154343244,-1.854883302433763,-0.018723019966776642,9.070390023734543,7.537209287236552,a14,-0.007290207867002536,0.7197499705309189
arx,wp11a_span_1y_s10y,base,span,length,resample,True,1.0,10.0,11,alpha_cc,common,1,-0.18665413020761967,,,-0.0018682854609934343,2.049566079320164,0.020288451218743692,-2.8416424643824323,-0.028827986735401052,8.964170620212176,6.941656701616854,,0.026959701274407617,15.430183094221682
arx,wp11a_span_1y_s10y,base,span,length,resample,True,1.0,10.0,11,alpha_cc,fitted,1,-0.18665413020761967,,,-0.0018682854609934343,2.049566079320164,0.020288451218743692,-2.8416424643824323,-0.028827986735401052,8.964170620212176,6.941656701616854,,0.026959701274407617,15.430183094221682
arx,wp11a_span_1y_s10y,base,span,length,resample,True,1.0,10.0,11,alpha_dr,common,1,1.6369171313074693,,,0.01623664074951635,1.1685047628048117,0.011617304668131191,-0.004546082494982784,-4.5461858324449226e-05,7.101795486517104,6.303689205978767,a13,0.016282102607840798,-0.0027999546843335455
arx,wp11a_span_1y_s10y,base,span,length,resample,True,1.0,10.0,11,alpha_dr,fitted,1,1.6369171313074693,,,0.01623664074951635,1.1685047628048117,0.011617304668131191,-0.004546082494982784,-4.5461858324449226e-05,7.101795486517104,6.303689205978767,a13,0.016282102607840798,-0.0027999546843335455
arx,wp11a_span_1y_s10y,base,span,length,resample,True,1.0,10.0,11,alpha_refc,common,1,4.720750718443467,,,0.0461271044041624,0.24130258564398765,0.0024101191845252263,-2.4219123698471345,-0.024517229761772057,22.38573475416541,16.355683713076015,,0.07064433416593446,-0.5315146068340609
arx,wp11a_span_1y_s10y,base,span,length,resample,True,1.0,10.0,11,alpha_refc,fitted,1,4.720750718443467,,,0.0461271044041624,0.24130258564398765,0.0024101191845252263,-2.4219123698471345,-0.024517229761772057,22.38573475416541,16.355683713076015,,0.07064433416593446,-0.5315146068340609
arx,wp11a_span_1y_s10y,base,span,length,resample,True,1.0,10.0,11,alpha_win,common,1,-4.116788104909785,,,-0.04203927786857445,-2.3609224936940176,-0.023892388415522367,-1.8007963958480588,-0.018172080597909826,11.769712884361716,11.256325464627972,a14,-0.023867197270664622,0.43226433752550186
arx,wp11a_span_1y_s10y,base,span,length,resample,True,1.0,10.0,11,alpha_win,fitted,1,-4.116788104909785,,,-0.04203927786857445,-2.3609224936940176,-0.023892388415522367,-1.8007963958480588,-0.018172080597909826,11.769712884361716,11.256325464627972,a14,-0.023867197270664622,0.43226433752550186
arx,wp11a_span_1y_s20y,base,span,length,resample,True,1.0,20.0,21,alpha_cc,common,1,0.15394023179831073,,,0.0015382186528369451,-0.3629360054839381,-0.0036359621611646046,-2.8416424643824323,-0.028827986735401052,6.636625083352577,4.681250034765484,,0.030366205388237998,-18.741150149384445
arx,wp11a_span_1y_s20y,base,span,length,resample,True,1.0,20.0,21,alpha_cc,fitted,1,-0.5550615015326166,,,-0.005566076920783758,-0.23369677962218338,-0.0023397027673192155,-2.0402363390726763,-0.0206133665149632,8.843254138307088,5.999139774291589,,0.015047289594179444,3.7033923189226496
arx,wp11a_span_1y_s20y,base,span,length,resample,True,1.0,20.0,21,alpha_dr,common,1,-17.223686265561998,,,-0.189028231530766,-15.871087621884893,-0.17281989238109569,-0.004546082494982784,-4.5461858324449226e-05,16.480504197162183,21.444711111171312,a13,-0.18898276967244157,0.0002405030082347774
arx,wp11a_span_1y_s20y,base,span,length,resample,True,1.0,20.0,21,alpha_dr,fitted,1,-6.180449990891502,,,-0.063796929420871,-4.135178313608446,-0.04223109426858187,-0.046525899891036726,-0.00046536726546104296,27.03126078416246,16.185293441651268,a13,-0.06333156215540997,0.007294508837423753
arx,wp11a_span_1y_s20y,base,span,length,resample,True,1.0,20.0,21,alpha_refc,common,1,2.326111224551952,,,0.022994696087596692,0.5396168506250909,0.00538166135426714,-2.4219123698471345,-0.024517229761772057,13.197848314741368,9.173375108439132,,0.04751192584936875,-1.0662123851681005
arx,wp11a_span_1y_s20y,base,span,length,resample,True,1.0,20.0,21,alpha_refc,fitted,1,-1.3787452949053147,,,-0.013883382649896928,-2.7707944959183606,-0.028099051504223996,-2.3907215518457425,-0.024197631020382533,12.024696053155214,9.339700586715878,,0.010314248370485606,1.7429204128838285
arx,wp11a_span_1y_s20y,base,span,length,resample,True,1.0,20.0,21,alpha_win,common,1,-9.839591467763654,,,-0.10357978507521759,-5.290239195236346,-0.05435312030745017,-1.8007963958480588,-0.018172080597909826,6.996042025288196,11.449902115874936,a14,-0.08540770447730776,0.17544041614600397
arx,wp11a_span_1y_s20y,base,span,length,resample,True,1.0,20.0,21,alpha_win,fitted,1,-5.674909192317745,,,-0.058422957427528566,-3.5283508866139734,-0.035921012379478603,-1.4866865450577693,-0.01497848496449656,9.096084414936879,8.435935247033512,a14,-0.043444472463032006,0.25638012219899675
ude,base_d1y_clean,base,clean,control,resample,False,1.0,39.0,40,alpha_cc,common,8,-0.13922911829893359,-0.6854515213956192,0.3924105625745966,-0.0013932613209393793,2.4835039886246246,0.024531662942326636,-2.8416424643824323,-0.028827986735401052,1.8441623347392133,3.8365559709390142,,0.027434725414461673,20.691012017734295
ude,base_d1y_clean,base,clean,control,resample,False,1.0,39.0,40,alpha_cc,fitted,8,-0.15807508418428373,-0.44765794010349635,0.2107687416356141,-0.0015820015466637524,1.1218411084315205,0.011155951408785149,-1.2322198531724893,-0.012398746294525349,1.8117482548066444,3.4908439390064947,,0.010816744747861597,7.8373793759385295
ude,base_d1y_clean,base,clean,control,resample,False,1.0,39.0,40,alpha_dr,common,8,-0.41827988209158784,-2.6452398245261577,0.2621955425542444,-0.004191571194498951,-0.48391382898294033,-0.004850884830267214,-0.004546082494982784,-4.5461858324449226e-05,5.0421162259507435,4.031681579324716,a13,-0.004146109336174502,0.010846018405726642
ude,base_d1y_clean,base,clean,control,resample,False,1.0,39.0,40,alpha_dr,fitted,8,-1.417184526856985,-1.8181440696949491,-0.9140188372666391,-0.014273224831184077,-0.06545709016048118,-0.0006547852266698111,-1.5449843990529066,-0.01557043653332895,4.916529761036809,10.66692840318187,a13,0.001297211702144873,1.0908842758022512
ude,base_d1y_clean,base,clean,control,resample,False,1.0,39.0,40,alpha_refc,common,8,0.4730053126758227,-0.581671044077503,1.8287290245728949,0.004718901576591038,2.0022693252549573,0.01982487533550366,-2.4219123698471345,-0.024517229761772057,2.736511524622587,3.227440517009667,,0.029236131338363093,-5.19553742832743
ude,base_d1y_clean,base,clean,control,resample,False,1.0,39.0,40,alpha_refc,fitted,8,-0.3577804853418076,-0.7059411893772571,0.09099540738566336,-0.003584220504405407,2.192898322341552,0.02169200132739623,-2.627806329058957,-0.026629502023096056,3.75038489820374,5.019358523994991,,0.023045281518690647,7.4296494845575
ude,base_d1y_clean,base,clean,control,resample,False,1.0,39.0,40,alpha_win,common,8,-1.2768188030231942,-5.440598584621226,2.4136180992425427,-0.012850401907576116,-1.5770252941644136,-0.01589592639986463,-1.8007963958480588,-0.018172080597909826,8.362604528187017,7.866963153196414,a14,0.00532167869033371,1.4141254669393841
ude,base_d1y_clean,base,clean,control,resample,False,1.0,39.0,40,alpha_win,fitted,8,-2.9156515636895475,-4.723948244308196,-0.7363407523863219,-0.02959001383462339,-1.1611603461539777,-0.011679544577971945,-1.854883302433763,-0.018723019966776642,9.025944900085275,17.728808089827226,a14,-0.010866993867846748,0.6327479287917319
ude,base_d1y_rep01,base,replicate,replicate,resample,True,1.0,39.0,40,alpha_cc,common,1,-1.1929751393627508,,,-0.012001481933572141,2.15794648219092,0.02134992453759975,-2.8416424643824323,-0.028827986735401052,6.635349675303237,4.4022035743867365,,0.01682650480182891,2.402035589851581
ude,base_d1y_rep01,base,replicate,replicate,resample,True,1.0,39.0,40,alpha_cc,fitted,1,-0.36356304014472096,,,-0.0036422553678155975,0.8236733303727872,0.008202996543167473,-1.2322198531724893,-0.012398746294525349,3.86992161311448,3.667391314082887,,0.008756490926709751,3.404139754747993
ude,base_d1y_rep01,base,replicate,replicate,resample,True,1.0,39.0,40,alpha_dr,common,1,-1.407710401802298,,,-0.014177126238427616,-1.154908960027512,-0.01161629830290439,-0.004546082494982784,-4.5461858324449226e-05,17.391574395395416,12.668133402648195,a13,-0.014131664380103166,0.0032067047693504487
ude,base_d1y_rep01,base,replicate,replicate,resample,True,1.0,39.0,40,alpha_dr,fitted,1,1.3342657397330537,,,0.013254428086632802,3.216995591613636,0.03166333946537449,-1.5449843990529066,-0.01557043653332895,16.172112778452764,13.02884919690242,a13,0.028824864619961754,-1.174734694817339
ude,base_d1y_rep01,base,replicate,replicate,resample,True,1.0,39.0,40,alpha_refc,common,1,2.1137734121373652,,,0.020917431280432698,3.218678291540278,0.031679641879536015,-2.4219123698471345,-0.024517229761772057,12.031186613276901,7.3922945637759545,,0.045434661042204755,-1.1720956284296153
ude,base_d1y_rep01,base,replicate,replicate,resample,True,1.0,39.0,40,alpha_refc,fitted,1,-1.5385446450622897,,,-0.015505030587735356,1.9278101730662023,0.019094633326274434,-2.627806329058957,-0.026629502023096056,9.901276712869677,6.4484897597887505,,0.0111244714353607,1.7174749751322822
ude,base_d1y_rep01,base,replicate,replicate,resample,True,1.0,39.0,40,alpha_win,common,1,-3.314974432331641,,,-0.03371165004260321,-3.0224659621159278,-0.0306908421668155,-1.8007963958480588,-0.018172080597909826,3.2598396007272656,5.0823366764381035,a14,-0.015539569444693382,0.5390445313399018
ude,base_d1y_rep01,base,replicate,replicate,resample,True,1.0,39.0,40,alpha_win,fitted,1,-2.3881333927090687,,,-0.024171115868695463,0.26955517114481964,0.0026919252273887363,-1.854883302433763,-0.018723019966776642,12.038734378988048,12.591194357146593,a14,-0.005448095901918821,0.7746030455724732
ude,base_d1y_rep02,base,replicate,replicate,resample,True,1.0,39.0,40,alpha_cc,common,1,-1.0848569426968657,,,-0.010907844244075156,2.888191867870682,0.028472696796584804,-2.8416424643824323,-0.028827986735401052,5.959144712489184,4.837064143130287,,0.017920142491325897,2.6428674713667304
ude,base_d1y_rep02,base,replicate,replicate,resample,True,1.0,39.0,40,alpha_cc,fitted,1,-0.6965684996916521,,,-0.00699005863264716,0.3453284218495778,0.0034473353240970614,-1.2322198531724893,-0.012398746294525349,5.926304984467256,4.498515929287156,,0.005408687661878189,1.773768568494811
ude,base_d1y_rep02,base,replicate,replicate,resample,True,1.0,39.0,40,alpha_dr,common,1,3.4841466432742774,,,0.03424824245647155,5.333266519128355,0.05195910461843729,-0.004546082494982784,-4.5461858324449226e-05,8.98409642216701,7.278029359970311,a13,0.034293704314796,-0.0013274216445480326
ude,base_d1y_rep02,base,replicate,replicate,resample,True,1.0,39.0,40,alpha_dr,fitted,1,-1.323115706048994,,,-0.013319468660512895,-1.436022211575394,-0.014464327962653682,-1.5449843990529066,-0.01557043653332895,10.822425284544723,14.796924430914325,a13,0.002250967872816055,1.1689983234458377
ude,base_d1y_rep02,base,replicate,replicate,resample,True,1.0,39.0,40,alpha_refc,common,1,3.5081424288103458,,,0.03448009443270835,4.168100131326957,0.040835755686308636,-2.4219123698471345,-0.024517229761772057,6.197975018518309,5.953602385877994,,0.05899732419448041,-0.711054600201867
ude,base_d1y_rep02,base,replicate,replicate,resample,True,1.0,39.0,40,alpha_refc,fitted,1,-2.0009873936311595,,,-0.02021278281349299,1.8534106343676582,0.018364442961240433,-2.627806329058957,-0.026629502023096056,7.104120380714929,4.789178668315653,,0.006416719209603065,1.31745847510515
ude,base_d1y_rep02,base,replicate,replicate,resample,True,1.0,39.0,40,alpha_win,common,1,-5.740052573410514,,,-0.059113822241553635,-7.080592780884132,-0.07343765758195439,-1.8007963958480588,-0.018172080597909826,10.098515719891077,19.13416269355559,a14,-0.04094174164364381,0.30740831685107806
ude,base_d1y_rep02,base,replicate,replicate,resample,True,1.0,39.0,40,alpha_win,fitted,1,-5.740052573410514,,,-0.059113822241553635,-5.312095721976629,-0.05458392069063073,-1.854883302433763,-0.018723019966776642,14.296133000671263,17.205281047973294,a14,-0.040390802274776996,0.3167282922472814
ude,base_d1y_rep03,base,replicate,replicate,resample,True,1.0,39.0,40,alpha_cc,common,1,-0.788399032766407,,,-0.007915233300615518,3.269332746545217,0.03217027042272741,-2.8416424643824323,-0.028827986735401052,3.0770176059274235,3.525087089182836,,0.020912753434785533,3.6420893283283617
ude,base_d1y_rep03,base,replicate,replicate,resample,True,1.0,39.0,40,alpha_cc,fitted,1,-0.22409261139136882,,,-0.0022434407462769913,1.3511341357612894,0.0134208771360221,-1.2322198531724893,-0.012398746294525349,5.519707250664208,3.6818415592307754,,0.010155305548248358,5.526665375540304
ude,base_d1y_rep03,base,replicate,replicate,resample,True,1.0,39.0,40,alpha_dr,common,1,1.6686781687223595,,,0.01654908702160629,0.9936288085460099,0.009887247759966746,-0.004546082494982784,-4.5461858324449226e-05,2.9169692087660404,5.973858016976141,a13,0.01659454887993074,-0.002747091622945409
ude,base_d1y_rep03,base,replicate,replicate,resample,True,1.0,39.0,40,alpha_dr,fitted,1,1.098164677335256,,,0.010921786335824595,1.93118901585132,0.019127782147752712,-1.5449843990529066,-0.01557043653332895,6.973727611743408,11.918314526195717,a13,0.026492222869153544,-1.4256309411818742
ude,base_d1y_rep03,base,replicate,replicate,resample,True,1.0,39.0,40,alpha_refc,common,1,-3.382941295937647,,,-0.03441486922063712,-4.091517666060374,-0.04177575822975767,-2.4219123698471345,-0.024517229761772057,7.869297032433831,8.036797559313966,,-0.009897639458865064,0.712402235341639
ude,base_d1y_rep03,base,replicate,replicate,resample,True,1.0,39.0,40,alpha_refc,fitted,1,-0.821744551100767,,,-0.008251394828737454,2.9112230331755473,0.02869651828229784,-2.627806329058957,-0.026629502023096056,5.956896151662161,6.790823960364894,,0.018378107194358603,3.2272727915470063
ude,base_d1y_rep03,base,replicate,replicate,resample,True,1.0,39.0,40,alpha_win,common,1,0.4886693584711388,,,0.004874792453323219,2.7821060250623697,0.0274410859776831,-1.8007963958480588,-0.018172080597909826,13.593841723399358,10.352365988946234,a14,0.023046873051233045,-3.727764981157638
ude,base_d1y_rep03,base,replicate,replicate,resample,True,1.0,39.0,40,alpha_win,fitted,1,-1.2125781843489891,,,-0.012199898897007056,2.7821060250623697,0.0274410859776831,-1.854883302433763,-0.018723019966776642,15.6816804934944,20.869288260763398,a14,0.006523121069769586,1.5346864859158686
ude,base_d1y_rep04,base,replicate,replicate,resample,True,1.0,39.0,40,alpha_cc,common,1,1.5005490190285409,,,0.014894021533590127,3.1489800705067683,0.031004165651944946,-2.8416424643824323,-0.028827986735401052,3.927049585151421,3.484679120692626,,0.04372200826899118,-1.935540825584681
ude,base_d1y_rep04,base,replicate,replicate,resample,True,1.0,39.0,40,alpha_cc,fitted,1,0.8021188710063631,,,0.007989189973946341,1.1247387724775182,0.01118460617316132,-1.2322198531724893,-0.012398746294525349,3.5105278908487025,2.791797791330847,,0.02038793626847169,-1.551940351269537
ude,base_d1y_rep04,base,replicate,replicate,resample,True,1.0,39.0,40,alpha_dr,common,1,13.443095982011943,,,0.12613116822525042,10.043757627671933,0.09570789731942721,-0.004546082494982784,-4.5461858324449226e-05,12.06614032487996,17.520365406276106,a13,0.12617663008357485,-0.0003604331820923239
ude,base_d1y_rep04,base,replicate,replicate,resample,True,1.0,39.0,40,alpha_dr,fitted,1,2.4542260872731925,,,0.024245938087857195,3.5095470242284765,0.034493664243306285,-1.5449843990529066,-0.01557043653332895,16.910075897865674,13.116202493025806,a13,0.039816374621186146,-0.6421874244216975
ude,base_d1y_rep04,base,replicate,replicate,resample,True,1.0,39.0,40,alpha_refc,common,1,4.139282122153376,,,0.04055906833086621,9.035099837396455,0.0864996612616003,-2.4219123698471345,-0.024517229761772057,10.832498696331584,8.663346874052044,,0.06507629809263826,-0.6044820744344855
ude,base_d1y_rep04,base,replicate,replicate,resample,True,1.0,39.0,40,alpha_refc,fitted,1,-1.5265325699158172,,,-0.015383040287675835,1.7318928593408112,0.017170665342003778,-2.627806329058957,-0.026629502023096056,10.592673494148574,7.21121177288615,,0.01124646173542022,1.7310948632456196
ude,base_d1y_rep04,base,replicate,replicate,resample,True,1.0,39.0,40,alpha_win,common,1,0.06234305409147378,,,0.0006232362888260387,-0.22255756085167722,-0.0022280558826197412,-1.8007963958480588,-0.018172080597909826,12.925597382692889,11.739102180679343,a14,0.018795316886735865,-29.157609920532277
ude,base_d1y_rep04,base,replicate,replicate,resample,True,1.0,39.0,40,alpha_win,fitted,1,-4.835887654145409,,,-0.04956728641924975,-0.9700717138845683,-0.009748075618371242,-1.854883302433763,-0.018723019966776642,15.540782851499168,14.51594304653655,a14,-0.030844266452473106,0.3777293719170684
ude,base_d1y_rep05,base,replicate,replicate,resample,True,1.0,39.0,40,alpha_cc,common,1,1.0303763305892888,,,0.010251041383632954,1.2312870404615595,0.012237683563889708,-2.8416424643824323,-0.028827986735401052,4.077711915238136,3.2792134700479982,,0.03907902811903401,-2.812200795660475
ude,base_d1y_rep05,base,replicate,replicate,resample,True,1.0,39.0,40,alpha_cc,fitted,1,0.09353664159081898,,,0.0009349292333381304,0.37999945317686024,0.0037927927911654414,-1.2322198531724893,-0.012398746294525349,4.043734882097516,3.4212137953916217,,0.01333367552786348,-13.261694952307868
ude,base_d1y_rep05,base,replicate,replicate,resample,True,1.0,39.0,40,alpha_dr,common,1,0.8116048673006082,,,0.008083290674289074,-0.448124769517122,-0.004491318583650266,-0.004546082494982784,-4.5461858324449226e-05,7.95876727309317,7.998048957241412,a13,0.008128752532613524,-0.005624177102655979
ude,base_d1y_rep05,base,replicate,replicate,resample,True,1.0,39.0,40,alpha_dr,fitted,1,-1.5463890608926056,,,-0.015584703677073743,-1.6133315130617998,-0.01626487396483395,-1.5449843990529066,-0.01557043653332895,7.985331729890932,12.59021854083801,a13,-1.426714374479221e-05,0.9990845418661517
ude,base_d1y_rep05,base,replicate,replicate,resample,True,1.0,39.0,40,alpha_refc,common,1,-1.054220702836517,,,-0.010598169754129276,2.2895699712708772,0.02263752645664781,-2.4219123698471345,-0.024517229761772057,9.608639788682616,7.632116714351338,,0.013919060007642781,2.313345637082253
ude,base_d1y_rep05,base,replicate,replicate,resample,True,1.0,39.0,40,alpha_refc,fitted,1,-0.5216553211365715,,,-0.005230206929332761,2.2849703748823114,0.022592559019531167,-2.627806329058957,-0.026629502023096056,9.626285496705144,8.307870597337036,,0.021399295093763294,5.091481538473907
ude,base_d1y_rep05,base,replicate,replicate,resample,True,1.0,39.0,40,alpha_win,common,1,1.4824481205906181,,,0.014715672620223316,2.8220045962660922,0.027829196619867994,-1.8007963958480588,-0.018172080597909826,15.47777506558502,17.54113500677547,a14,0.03288775321813314,-1.2348793743166364
ude,base_d1y_rep05,base,replicate,replicate,resample,True,1.0,39.0,40,alpha_win,fitted,1,-0.20566216308463003,,,-0.0020587393812181525,2.1020880183737933,0.020802989692061766,-1.854883302433763,-0.018723019966776642,12.228104987923437,15.69160702157105,a14,0.01666428058555849,9.09440997611765
ude,base_d1y_rep06,base,replicate,replicate,resample,True,1.0,39.0,40,alpha_cc,common,1,-1.3015964185301598,,,-0.013101414132656499,1.5220731556327305,0.015106058364306639,-2.8416424643824323,-0.028827986735401052,5.955965975275035,3.7978960200538396,,0.015726572602744553,2.2003721463582013
ude,base_d1y_rep06,base,replicate,replicate,resample,True,1.0,39.0,40,alpha_cc,fitted,1,1.6027877765151022,,,0.015900787525082075,1.4062447497914299,0.01396448857635748,-1.2322198531724893,-0.012398746294525349,4.019470224737287,2.815426489312021,,0.028299533819607425,-0.7797567431781245
ude,base_d1y_rep06,base,replicate,replicate,resample,True,1.0,39.0,40,alpha_dr,common,1,0.35770487343418367,,,0.0035706663111487744,1.8446728401058543,0.018278651341426217,-0.004546082494982784,-4.5461858324449226e-05,20.57915000021586,14.147949434935292,a13,0.003616128169473224,-0.01273203776631342
ude,base_d1y_rep06,base,replicate,replicate,resample,True,1.0,39.0,40,alpha_dr,fitted,1,-4.279545745391477,,,-0.043738177298831234,-0.9440279822456987,-0.009485121700409556,-1.5449843990529066,-0.01557043653332895,12.014426956259683,14.60009848245394,a13,-0.028167740765502283,0.3559918930079654
ude,base_d1y_rep06,base,replicate,replicate,resample,True,1.0,39.0,40,alpha_refc,common,1,0.07281101382292654,,,0.0007278451946401256,4.706380570768487,0.04598987149065137,-2.4219123698471345,-0.024517229761772057,12.80394515725397,11.859210459905125,,0.02524507495641218,-33.68467627775479
ude,base_d1y_rep06,base,replicate,replicate,resample,True,1.0,39.0,40,alpha_refc,fitted,1,-1.3361003203427924,,,-0.013451064512633075,0.8541971075192833,0.008505694874058082,-2.627806329058957,-0.026629502023096056,8.70581591513605,8.135903524517635,,0.01317843751046298,1.9797319385455294
ude,base_d1y_rep06,base,replicate,replicate,resample,True,1.0,39.0,40,alpha_win,common,1,-6.889135964503989,,,-0.07137931640247387,-6.96486336507085,-0.07219295090949257,-1.8007963958480588,-0.018172080597909826,14.872307056965383,14.5678417641003,a14,-0.053207235804564046,0.2545846824232127
ude,base_d1y_rep06,base,replicate,replicate,resample,True,1.0,39.0,40,alpha_win,fitted,1,-4.334897187929654,,,-0.04431660594234882,-0.5708638912690911,-0.005724995470634399,-1.854883302433763,-0.018723019966776642,8.436388662400896,9.159903926899963,a14,-0.025593585975572177,0.42248316559109456
ude,base_d1y_rep07,base,replicate,replicate,resample,True,1.0,39.0,40,alpha_cc,common,1,0.9199254144064639,,,0.009157198727878128,3.066307015119696,0.030202352546964205,-2.8416424643824323,-0.028827986735401052,4.404585093986768,3.042331282068728,,0.037985185463279184,-3.1481228694575867
ude,base_d1y_rep07,base,replicate,replicate,resample,True,1.0,39.0,40,alpha_cc,fitted,1,0.9464943435628648,,,0.009420431506679584,2.7042806927910723,0.02668361160446057,-1.2322198531724893,-0.012398746294525349,3.250425218821096,2.638726662077528,,0.02181917780120493,-1.3161548158100806
ude,base_d1y_rep07,base,replicate,replicate,resample,True,1.0,39.0,40,alpha_dr,common,1,0.4679057784746643,,,0.0046681450215962095,-1.6692437753998868,-0.016833326545236442,-0.004546082494982784,-4.5461858324449226e-05,4.877491227931308,10.43478353050461,a13,0.004713606879920658,-0.009738741644513896
ude,base_d1y_rep07,base,replicate,replicate,resample,True,1.0,39.0,40,alpha_dr,fitted,1,-2.16110067160179,,,-0.021847944382201397,-2.115273271294693,-0.02137965752212457,-1.5449843990529066,-0.01557043653332895,10.083880689055247,16.91540926188726,a13,-0.006277507848872446,0.7126728382745945
ude,base_d1y_rep07,base,replicate,replicate,resample,True,1.0,39.0,40,alpha_refc,common,1,3.4496092528363054,,,0.03391444103669755,5.303433357951914,0.05167583810891323,-2.4219123698471345,-0.024517229761772057,7.6166593735970345,9.434551152213842,,0.05843167079846961,-0.7229141631803065
ude,base_d1y_rep07,base,replicate,replicate,resample,True,1.0,39.0,40,alpha_refc,fitted,1,0.9434843101495227,,,0.009390612954677828,3.796444263200671,0.03726152850378588,-2.627806329058957,-0.026629502023096056,6.493070185296168,5.528095568610769,,0.03602011497777388,-2.835757596614699
ude,base_d1y_rep07,base,replicate,replicate,resample,True,1.0,39.0,40,alpha_win,common,1,-6.088626345068848,,,-0.06281868192330183,-2.413596186911471,-0.02443200746667935,-1.8007963958480588,-0.018172080597909826,13.608765456916071,13.45440872341443,a14,-0.044646601325392,0.2892782854007816
ude,base_d1y_rep07,base,replicate,replicate,resample,True,1.0,39.0,40,alpha_win,fitted,1,-4.161481572219461,,,-0.042505510549074574,-2.735732014437142,-0.02773849974655365,-1.854883302433763,-0.018723019966776642,12.477909159548561,13.295256326882699,a14,-0.023782490582297932,0.44048453306213203
ude,base_d1y_rep08,base,replicate,replicate,resample,True,1.0,39.0,40,alpha_cc,common,1,0.35617439373758497,,,0.0035554159487701615,1.5129026761800057,0.015015724377057494,-2.8416424643824323,-0.028827986735401052,2.346577392923954,1.7865466405186574,,0.03238340268417121,-8.1081896326006
ude,base_d1y_rep08,base,replicate,replicate,resample,True,1.0,39.0,40,alpha_cc,fitted,1,-0.7261503475821218,,,-0.0072879965229997,-1.0532182389858646,-0.010588038359140949,-1.2322198531724893,-0.012398746294525349,2.955815902337766,3.5159993885351057,,0.005110749771525649,1.701255791683898
ude,base_d1y_rep08,base,replicate,replicate,resample,True,1.0,39.0,40,alpha_dr,common,1,4.3684156976332655,,,0.04275691205665572,-1.1592442811906967,-0.011660159016607071,-0.004546082494982784,-4.5461858324449226e-05,9.815036696501089,20.34390127680021,a13,0.04280237391498017,-0.0010632633681358764
ude,base_d1y_rep08,base,replicate,replicate,resample,True,1.0,39.0,40,alpha_dr,fitted,1,-0.7079499344046614,,,-0.007104677904301542,2.7467816956829427,0.02709734520120167,-1.5449843990529066,-0.01557043653332895,13.772799019944193,16.74225396906232,a13,0.008465758629027409,2.1915752892755065
ude,base_d1y_rep08,base,replicate,replicate,resample,True,1.0,39.0,40,alpha_refc,common,1,-4.399549339478048,,,-0.044992651919650635,-1.7161404088071097,-0.017310367726554407,-2.4219123698471345,-0.024517229761772057,8.158107047408336,9.364511662486645,,-0.02047542215787858,0.5449163077907863
ude,base_d1y_rep08,base,replicate,replicate,resample,True,1.0,39.0,40,alpha_refc,fitted,1,-2.459807386403823,,,-0.02490566099421022,-0.6952358627804411,-0.0069766388751497386,-2.627806329058957,-0.026629502023096056,6.7076109697353665,6.534174452458439,,0.001723841028885835,1.0692148274758326
ude,base_d1y_rep08,base,replicate,replicate,resample,True,1.0,39.0,40,alpha_win,common,1,-4.523322294085297,,,-0.04628818082964704,1.713305336459614,0.01698793777607689,-1.8007963958480588,-0.018172080597909826,19.182541543402664,12.094643212930379,a14,-0.02811610023173721,0.39258575887412756
ude,base_d1y_rep08,base,replicate,replicate,resample,True,1.0,39.0,40,alpha_win,fitted,1,-3.1256242299431913,,,-0.03175514199927053,-0.5191174109434038,-0.005204695067147169,-1.854883302433763,-0.018723019966776642,8.48669483930845,8.645420950476671,a14,-0.013032122032493886,0.5896059279850407
ude,wp11a_coarse_10y,base,coarse,resolution,coarse,True,10.0,39.0,5,alpha_cc,common,8,9.760878732933431,4.669299968517993,15.814211327109472,0.09313398390617376,,,,,16.53731931637461,18.665961566265644,,,
ude,wp11a_coarse_10y,base,coarse,resolution,coarse,True,10.0,39.0,5,alpha_cc,fitted,8,4.541783375260677,2.0929703494340535,7.085497703182098,0.04441664641328397,11.077484245172897,0.10505782805911285,-4.2180505235258074,-0.04309593759028145,24.232879335726054,21.293215832795994,,0.08751258400356542,-0.9702654538410282
ude,wp11a_coarse_10y,base,coarse,resolution,coarse,True,10.0,39.0,5,alpha_dr,common,8,19.23262723522732,-7.512229743686416,54.22024192689099,0.17590624960544327,,,,,22.418580662819732,25.903996229783296,a13,,
ude,wp11a_coarse_10y,base,coarse,resolution,coarse,True,10.0,39.0,5,alpha_dr,fitted,8,-1.537192897837636,-10.109096541430219,3.056816247726357,-0.01549130198763488,2.867650471666705,0.028273029112414444,-7.665613651612935,-0.07975356403872652,26.317808322392565,25.471687785289404,a13,0.06426226205109165,5.148280247998885
ude,wp11a_coarse_10y,base,coarse,resolution,coarse,True,10.0,39.0,5,alpha_refc,common,8,13.679730026881408,9.064166675686458,33.18312948021522,0.12821492294643322,,,,,21.2967501899018,26.535969869125335,,,
ude,wp11a_coarse_10y,base,coarse,resolution,coarse,True,10.0,39.0,5,alpha_refc,fitted,8,-11.651284709338194,-20.626065955530358,-8.26413827799799,-0.12387852846379915,1.5159791940459577,0.015046030586084093,-23.829160253508842,-0.27219147702859814,32.124221923813685,32.7049458458384,,0.14831294856479899,2.1972449980154574
ude,wp11a_coarse_10y,base,coarse,resolution,coarse,True,10.0,39.0,5,alpha_win,common,8,27.526743188093604,4.775831119861329,56.06609598446415,0.24315590711068175,,,,,29.996229583453587,39.751360844950156,a14,,
ude,wp11a_coarse_10y,base,coarse,resolution,coarse,True,10.0,39.0,5,alpha_win,fitted,8,-16.46837603770517,-27.293994972758775,0.019319370588855023,-0.17994489574405514,-6.300029971928467,-0.06507231661493434,-17.90212448839601,-0.19725804670247382,47.344673004209724,47.52107288070678,a14,0.017313150958418677,1.096213626326162
ude,wp11a_coarse_2y,base,coarse,resolution,coarse,True,2.0,39.0,21,alpha_cc,common,8,-0.1269296298304634,-1.2601029864391933,2.270115172158782,-0.001270102537160608,3.3306514497281725,0.03276386877387934,-4.436673502899236,-0.04538105357649042,6.086137627453308,5.31463305579863,,0.04411095103932981,35.73022826798106
ude,wp11a_coarse_2y,base,coarse,resolution,coarse,True,2.0,39.0,21,alpha_cc,fitted,8,-0.21559961553372364,-1.255634359281721,0.4643816257939859,-0.0021583236610454677,0.17159348572071131,0.001714464322977005,-0.8633261511009405,-0.008670743999843956,6.6908281871625945,9.440816768180945,,0.006512420338798488,4.017351130573227
ude,wp11a_coarse_2y,base,coarse,resolution,coarse,True,2.0,39.0,21,alpha_dr,common,8,-4.106689525284324,-10.405263484866456,7.531914165809028,-0.0419339617484362,-1.981528620839923,-0.02001424161747814,1.3875220051850157,0.013779840448762496,24.576756249090902,15.831738165153812,a13,-0.055713802197198695,-0.32860812272945744
ude,wp11a_coarse_2y,base,coarse,resolution,coarse,True,2.0,39.0,21,alpha_dr,fitted,8,0.30204239236175656,-3.2469047043164556,2.0779668857592304,0.003015871607591096,2.7760448638569857,0.027382113261875545,-1.8179114570381238,-0.018346384993672454,19.67151818562906,24.956335491127774,a13,0.02136225660126355,-6.083277864844679
ude,wp11a_coarse_2y,base,coarse,resolution,coarse,True,2.0,39.0,21,alpha_refc,common,8,1.1894302428846926,-0.5590009681234909,4.37360981023609,0.011824121170324432,4.224658360836742,0.0413785598730539,-2.57726509861812,-0.02611058469865249,12.884456473346612,9.45895892425074,,0.03793470586897692,-2.2082473887516887
ude,wp11a_coarse_2y,base,coarse,resolution,coarse,True,2.0,39.0,21,alpha_refc,fitted,8,-2.4054339752592413,-3.6893393082473525,-0.7322225251751524,-0.024348370095026085,0.97993678356596,0.009751665413228607,-5.620208723441289,-0.05784321121424161,12.033567198750012,12.243835440483936,,0.033494841119215524,2.3756502381265303
ude,wp11a_coarse_2y,base,coarse,resolution,coarse,True,2.0,39.0,21,alpha_win,common,8,-5.595427912237572,-11.782759706976332,4.732779292178746,-0.057580680876406054,-4.46062776208791,-0.04563174872075249,-2.331300363261657,-0.023589050462545717,17.620192342655216,16.475717605871683,a14,-0.03399163041386034,0.40966952984071847
ude,wp11a_coarse_2y,base,coarse,resolution,coarse,True,2.0,39.0,21,alpha_win,fitted,8,-5.465124579642344,-9.417445964514382,-3.368943857604745,-0.056201367504081425,-1.5726847025680168,-0.015851825966006733,-4.057992197908311,-0.04142626244822967,16.819492387392224,21.17459885986658,a14,-0.014775105055851757,0.7371041718018914
ude,wp11a_coarse_5y,base,coarse,resolution,coarse,True,5.0,39.0,9,alpha_cc,common,8,-0.9949474942553493,-3.8198922681623504,2.2665104604962183,-0.009999301744201595,5.207490730539144,0.050764316443506055,-5.578740115770486,-0.057403927554720686,9.131719220122065,7.871694135483533,,0.04740462581051909,5.740793609714611
ude,wp11a_coarse_5y,base,coarse,resolution,coarse,True,5.0,39.0,9,alpha_cc,fitted,8,-1.202490756689234,-3.336542704826262,-0.0449500036157513,-0.012097791639996558,0.30982304244266956,0.003093440798904296,-1.213439663499627,-0.01220861946984017,8.506102576026613,10.822029362842905,,0.00011082782984361307,1.0091609967456543
ude,wp11a_coarse_5y,base,coarse,resolution,coarse,True,5.0,39.0,9,alpha_dr,common,8,3.6842038697007196,-6.651466021818441,14.929038255507287,0.036179592376644275,3.7658537137255754,0.03696676832821708,4.061343905323422,0.03981038450644567,15.333388659197578,16.161202072831443,a13,-0.0036307921298013926,1.1003546997435285
ude,wp11a_coarse_5y,base,coarse,resolution,coarse,True,5.0,39.0,9,alpha_dr,fitted,8,-1.349223798581467,-7.259230748745882,3.3485700746498592,-0.013584085315058718,5.167564534515612,0.05038474485929334,-3.270901039367613,-0.03325590883099981,17.16097594556075,20.249189021319353,a13,0.019671823515941093,2.4481522354790997
ude,wp11a_coarse_5y,base,coarse,resolution,coarse,True,5.0,39.0,9,alpha_refc,common,8,-2.334435654469358,-9.548665200084328,3.4449409681977183,-0.02362115226736014,-0.6812836590209481,-0.006836149908298001,-13.284632620108194,-0.1425390701585045,14.200493432803906,13.835451170862747,,0.11891791789114436,6.034382596799306
ude,wp11a_coarse_5y,base,coarse,resolution,coarse,True,5.0,39.0,9,alpha_refc,fitted,8,-6.870773213838721,-8.557838849191167,-4.719897754327629,-0.07118212201061377,3.783637064732681,0.037138133249267215,-13.284632620108194,-0.1425390701585045,15.586226329685328,15.067164910186836,,0.07135694814789073,2.0024560399765954
ude,wp11a_coarse_5y,base,coarse,resolution,coarse,True,5.0,39.0,9,alpha_win,common,8,-8.708148657756698,-23.6881619797491,1.0812753686870291,-0.09110865382438778,-3.5369674624829983,-0.03601033355077886,-1.174691675392503,-0.011816456905250825,17.366200669235425,20.882077383522898,a14,-0.07929219691913696,0.1296963176300144
ude,wp11a_coarse_5y,base,coarse,resolution,coarse,True,5.0,39.0,9,alpha_win,fitted,8,-12.839658128631138,-25.72327442599549,-5.7298578202586326,-0.13742075357690406,-1.3599768970325887,-0.01369309291703186,-11.191532521620207,-0.1186881860496581,22.276997340643142,31.79724569354763,a14,-0.01873256752724596,0.8636845815522125
ude,wp11a_freq_0p083y,base,freq,resolution,resample,True,0.08333333333333333,39.0,469,alpha_cc,common,8,0.4632220345607285,-0.647733964016306,1.5398043318227028,0.004621524630163922,0.5993305354028644,0.0059754169377392845,-0.24174457438607133,-0.002420372483597431,2.4010518814226,1.6558364886339012,,0.007041897113761353,-0.523717317830584
ude,wp11a_freq_0p083y,base,freq,resolution,resample,True,0.08333333333333333,39.0,469,alpha_cc,fitted,8,0.2574670813510149,-0.16360423741059726,0.4327778835145235,0.0025713620267521606,0.2616923493128809,0.0026135053109598745,-0.10680869091511669,-0.0010686577204608396,2.421726149806042,5.773034825469571,,0.0036400197472130002,-0.4155998686076271
ude,wp11a_freq_0p083y,base,freq,resolution,resample,True,0.08333333333333333,39.0,469,alpha_dr,common,8,1.0034352808286906,-1.5999859830629348,2.5644043841551944,0.009984342956222213,1.538325424666498,0.015266131615241754,-0.0004328739247161373,-4.328748616180145e-06,2.716969709257361,2.587258896586572,a13,0.009988671704838394,-0.0004335536785104604
ude,wp11a_freq_0p083y,base,freq,resolution,resample,True,0.08333333333333333,39.0,469,alpha_dr,fitted,8,0.7261649406563153,-0.5366650771694292,1.110848944936249,0.007235410578719207,0.7820268521891993,0.007789848713138112,-0.1319004418149139,-0.0013198750701567952,3.72122216624603,12.542819732469852,a13,0.008555285648876003,-0.1824188214057696
ude,wp11a_freq_0p083y,base,freq,resolution,resample,True,0.08333333333333333,39.0,469,alpha_refc,common,8,-0.9305262222353949,-2.6704526911066617,-0.11942057170807319,-0.009348826637683142,-0.8084751084628916,-0.008117609908122103,-0.20612276592794077,-0.002063354912682795,3.5276076323023875,3.438430742197819,,-0.007285471725000346,0.22070736710057795
ude,wp11a_freq_0p083y,base,freq,resolution,resample,True,0.08333333333333333,39.0,469,alpha_refc,fitted,8,-0.29494706187427333,-0.9609306289534381,0.515183067531666,-0.002953828879024945,-0.29997531535903565,-0.003004261431152156,-0.2179466289555565,-0.002181844782734754,4.997194604759386,6.22243334351189,,-0.0007719840962901914,0.7386496889606475
ude,wp11a_freq_0p083y,base,freq,resolution,resample,True,0.08333333333333333,39.0,469,alpha_win,common,8,0.10379191373717234,-1.8239923562725968,3.6399404586114015,0.0010373808717225336,-0.2530219331313921,-0.0025334257460097732,-0.15349665420666403,-0.0015361458101217657,5.365523407020401,4.671532532248014,a14,0.0025735266818442994,-1.480792495788987
ude,wp11a_freq_0p083y,base,freq,resolution,resample,True,0.08333333333333333,39.0,469,alpha_win,fitted,8,-0.7513845674489428,-1.776889819153049,0.26636142375122684,-0.007542216819850515,-0.9018676139770476,-0.009059590581266784,-0.15349665420666403,-0.0015361458101217657,6.606892529681624,10.830649648117381,a14,-0.006006071009728749,0.2036729845897233
ude,wp11a_freq_0p25y,base,freq,resolution,resample,True,0.25,39.0,157,alpha_cc,common,8,0.5684835125186138,0.06377793836667145,1.0351176357565883,0.005668737429667788,0.7516279271654991,0.007488172794170526,-0.7224849922739196,-0.007251075544744136,2.3953674822163817,2.7571350857851615,,0.012919812974411925,-1.2791341343127052
ude,wp11a_freq_0p25y,base,freq,resolution,resample,True,0.25,39.0,157,alpha_cc,fitted,8,-0.046955075729004925,-0.34204532381041375,0.26653964641296657,-0.00046966103076752824,0.21221862916791512,0.0021199376351676547,-0.31809733497738524,-0.0031860434001515373,2.5570934265710275,5.938409346187926,,0.002716382369384009,6.783708230901869
ude,wp11a_freq_0p25y,base,freq,resolution,resample,True,0.25,39.0,157,alpha_dr,common,8,-1.3181248075970764,-3.263133856432332,0.8384118970655718,-0.013268891747018187,-1.4302201384848834,-0.014405463634581632,-0.0012673086553949275,-1.2673166858189147e-05,3.82915977178947,3.725689917625338,a13,-0.013256218580159997,0.0009551036439073435
ude,wp11a_freq_0p25y,base,freq,resolution,resample,True,0.25,39.0,157,alpha_dr,fitted,8,-1.203012896769895,-2.430667997512781,-0.7627121232832712,-0.012103076605826268,-1.1182525129708742,-0.011245519629157682,-0.3939005809712737,-0.003946784125704061,5.449422783613522,10.711266627547086,a13,-0.008156292480122208,0.3260975910706976
ude,wp11a_freq_0p25y,base,freq,resolution,resample,True,0.25,39.0,157,alpha_refc,common,8,-2.3201352314039414,-4.0122057418815915,-1.3634643670332403,-0.023474740619482688,-1.857510428581921,-0.018749788097462562,-0.6159558742724669,-0.00617860708454641,4.011124534869048,3.7079403269461064,,-0.017296133534936278,0.26320235800256386
ude,wp11a_freq_0p25y,base,freq,resolution,resample,True,0.25,39.0,157,alpha_refc,fitted,8,-1.0462581269709004,-2.0250228348035137,0.2232598617597059,-0.010517698858365232,-0.4626862187065095,-0.004637599245976885,-0.6494204749467714,-0.006515383841166346,5.640334477096243,5.724870787497146,,-0.004002315017198886,0.6194685671176398
ude,wp11a_freq_0p25y,base,freq,resolution,resample,True,0.25,39.0,157,alpha_win,common,8,-0.6562809254564983,-2.3317600504652702,1.7553066928152727,-0.0065844391745181665,-0.2634977821333817,-0.0026384554857823515,-0.4585521927585323,-0.004596067684140884,3.692230940918967,3.546507792936943,a14,-0.0019883714903772822,0.6980196129577297
ude,wp11a_freq_0p25y,base,freq,resolution,resample,True,0.25,39.0,157,alpha_win,fitted,8,-1.4676148077716888,-3.2994302356622374,-0.7046590522717056,-0.014784908170112547,-1.1009942270467032,-0.011071000261792481,-0.4585521927585323,-0.004596067684140884,6.826178343344402,17.27256554726005,a14,-0.010188840485971663,0.3108621055511025
ude,wp11a_freq_0p5y,base,freq,resolution,resample,True,0.5,39.0,79,alpha_cc,common,8,0.9698399423343496,-1.6474461851813116,2.549210210683084,0.009651671826667547,1.4030387667813837,0.013932872834171271,-1.4368147783309748,-0.01447236913509773,5.02387452131382,3.743116625818266,,0.024124040961765278,-1.4994675943198366
ude,wp11a_freq_0p5y,base,freq,resolution,resample,True,0.5,39.0,79,alpha_cc,fitted,8,-0.12512060736755704,-1.1804123263153277,0.611897116691118,-0.0012519894855362356,0.1918852977790042,0.0019170143311008213,-0.6293428510595778,-0.006313315614422688,5.428571198474086,5.437616792456989,,0.005061326128886452,5.0426267052224105
ude,wp11a_freq_0p5y,base,freq,resolution,resample,True,0.5,39.0,79,alpha_dr,common,8,3.43810366619568,1.569086083195903,5.399000930972808,0.03380321561407426,1.9702311693261532,0.019510733418190183,-0.0024438454789055264,-2.4438753412956784e-05,9.842850742507242,7.0012341710361765,a13,0.03382765436748722,-0.0007229712608400929
ude,wp11a_freq_0p5y,base,freq,resolution,resample,True,0.5,39.0,79,alpha_dr,fitted,8,-0.8396476950049747,-1.3231856087349336,-0.09022997597250004,-0.008431925933151114,-0.1297792535123632,-0.0012986353971747584,-0.7825391538342608,-0.007856170591954786,7.46654399856041,12.192059730432444,a13,-0.0005757553411963271,0.9317172202696092
ude,wp11a_freq_0p5y,base,freq,resolution,resample,True,0.5,39.0,79,alpha_refc,common,8,-1.5096932485470171,-2.4841136856768697,-0.3849252969965744,-0.015212051267184081,-1.482977845998179,-0.01494083899441211,-1.2247921308772947,-0.012323545221854571,3.6221412916674245,3.917981461719147,,-0.00288850604532951,0.8101172554183612
ude,wp11a_freq_0p5y,base,freq,resolution,resample,True,0.5,39.0,79,alpha_refc,fitted,8,-1.5661618550082745,-2.1895225898867055,-0.7754243882695633,-0.015785557456978197,-0.4488123649396214,-0.004498225513283612,-1.2948743048008637,-0.013033308828191781,5.255108167057349,6.141312145785115,,-0.002752248628786416,0.8256476759666317
ude,wp11a_freq_0p5y,base,freq,resolution,resample,True,0.5,39.0,79,alpha_win,common,8,-0.4006999293370783,-2.2828189996272785,1.253090514421018,-0.004015048825213795,0.14583754903330082,0.00145731309358772,-0.9114050084697345,-0.00915583713244856,5.680158353446008,5.640442542883904,a14,0.005140788307234766,2.2803800230152933
ude,wp11a_freq_0p5y,base,freq,resolution,resample,True,0.5,39.0,79,alpha_win,fitted,8,-2.1991930818026306,-2.926327718284105,-1.6319504404711749,-0.022237358284041928,-1.0959013907992254,-0.011019506264622784,-0.9132091234561934,-0.009174044388396176,8.920852263983036,18.90911478876447,a14,-0.013063313895645752,0.41255099959331476
ude,wp11a_freq_1y,base,freq,resolution+length,resample,True,1.0,39.0,40,alpha_cc,common,8,1.284964560992785,0.17514733285060036,2.1839589479202948,0.012767789383681963,2.029154763814045,0.02008841747206147,-2.8416424643824323,-0.028827986735401052,4.196850478048203,4.069065771690027,,0.041595776119083015,-2.257868286286507
ude,wp11a_freq_1y,base,freq,resolution+length,resample,True,1.0,39.0,40,alpha_cc,fitted,8,0.051155410544256874,-0.3474274214242845,0.32174109911768944,0.0005114233062464803,1.3986274988077696,0.013889369562669245,-1.2322198531724893,-0.012398746294525349,3.010152979071706,3.568220686607635,,0.012910169600771829,-24.243608265575947
ude,wp11a_freq_1y,base,freq,resolution+length,resample,True,1.0,39.0,40,alpha_dr,common,8,-1.336408921694121,-6.097479310513876,6.255677865612186,-0.013454192321638766,0.8234323414023637,0.00820060633806517,-0.004546082494982784,-4.5461858324449226e-05,27.98082965206387,16.027509645957203,a13,-0.013408730463314316,0.003379010589237052
ude,wp11a_freq_1y,base,freq,resolution+length,resample,True,1.0,39.0,40,alpha_dr,fitted,8,0.5433112523713035,-1.2895898122093463,1.5529371473668174,0.005418406410463408,0.45174696828207406,0.004507296543047324,-1.5449843990529066,-0.01557043653332895,20.519641283326063,19.494122238890938,a13,0.020988842943792357,-2.873619170252918
ude,wp11a_freq_1y,base,freq,resolution+length,resample,True,1.0,39.0,40,alpha_refc,common,8,-0.27566586512344227,-1.935109247545097,1.2087545933714194,-0.0027604652319325775,1.1317371855593228,0.011253809525503347,-2.4219123698471345,-0.024517229761772057,4.709518364637805,4.4719813154194945,,0.02175676452983948,8.881557165857785
ude,wp11a_freq_1y,base,freq,resolution+length,resample,True,1.0,39.0,40,alpha_refc,fitted,8,-1.1957853049548883,-2.265684754635333,0.28454170494172093,-0.012029923287400436,0.7942215680822429,0.007910842292525616,-2.627806329058957,-0.026629502023096056,7.162609342332511,6.912459035743384,,0.01459957873569562,2.2136053062770995
ude,wp11a_freq_1y,base,freq,resolution+length,resample,True,1.0,39.0,40,alpha_win,common,8,-5.3196544213666375,-7.6983592875602085,-3.0018421566350484,-0.05466375138452738,-5.480679799911547,-0.056365925822961946,-1.8007963958480588,-0.018172080597909826,10.638399481674554,10.804659306384444,a14,-0.03649167078661755,0.3324338366402978
ude,wp11a_freq_1y,base,freq,resolution+length,resample,True,1.0,39.0,40,alpha_win,fitted,8,-4.9557433207369606,-6.2398286973049615,-3.652064552248979,-0.05082754308481304,-3.24931277331596,-0.033032750985245884,-1.854883302433763,-0.018723019966776642,12.810549211014067,20.652259489112637,a14,-0.032104523118036396,0.36836366329048403
ude,wp11a_matchedN_0p083y_s13y,base,matchedN,length,resample,True,0.08333333333333333,13.0,157,alpha_cc,common,8,-0.04109482023685329,-0.40441060841258647,0.38899393731255394,-0.00041103266472161486,0.036164181325615274,0.00036157643661701306,-0.24174457438607133,-0.002420372483597431,1.596528342289405,1.5501239737717862,,0.002009339818875816,5.888516148069901
ude,wp11a_matchedN_0p083y_s13y,base,matchedN,length,resample,True,0.08333333333333333,13.0,157,alpha_cc,fitted,8,-0.04109482023685329,-0.40441060841258647,0.38899393731255394,-0.00041103266472161486,0.036164181325615274,0.00036157643661701306,-0.28338374903514874,-0.0028378604098098646,2.221354610984644,1.8511720679875676,,0.0024268277450882497,6.904221132235068
ude,wp11a_matchedN_0p083y_s13y,base,matchedN,length,resample,True,0.08333333333333333,13.0,157,alpha_dr,common,8,0.4878510653127943,-0.36408863388219803,0.8467217707612384,0.004866649281607294,1.3022133190931484,0.012938074179813132,-0.0004328739247161373,-4.328748616180145e-06,3.6933630261342385,4.624683113185439,a13,0.004870978030223474,-0.0008894720711722425
ude,wp11a_matchedN_0p083y_s13y,base,matchedN,length,resample,True,0.08333333333333333,13.0,157,alpha_dr,fitted,8,0.8081850360234233,-0.16291906024376024,1.3305843334057599,0.008049367106774709,1.3974022540089281,0.01387728604406822,-0.1370393694754224,-0.0013713335429330086,3.472754652232113,4.248743625445311,a13,0.009420700649707717,-0.1703653870847601
ude,wp11a_matchedN_0p083y_s13y,base,matchedN,length,resample,True,0.08333333333333333,13.0,157,alpha_refc,common,8,0.09510135981460888,-0.922456130804894,1.0705040017155776,0.0009505616712171994,0.24975027064908506,0.0024943891296398805,-0.20612276592794077,-0.002063354912682795,3.47432364059968,2.540948419579687,,0.0030139165838999945,-2.1706691687249053
ude,wp11a_matchedN_0p083y_s13y,base,matchedN,length,resample,True,0.08333333333333333,13.0,157,alpha_refc,fitted,8,-0.2694005310953984,-1.1912498569441876,0.6983703087396487,-0.002697640673854221,-0.5707009570794286,-0.005723356775353145,0.012556886904002695,0.00012556098592949957,2.8161285084321697,2.3198074153926314,,-0.0028232016597837207,-0.04654474079755991
ude,wp11a_matchedN_0p083y_s13y,base,matchedN,length,resample,True,0.08333333333333333,13.0,157,alpha_win,common,8,0.6296049642784185,0.3337428021052524,1.3921108182212816,0.00627631232367178,0.838429731881174,0.008349344332966715,-0.15349665420666403,-0.0015361458101217657,3.188204700325609,3.2308617075641184,a14,0.007812458133793546,-0.24475292670315787
ude,wp11a_matchedN_0p083y_s13y,base,matchedN,length,resample,True,0.08333333333333333,13.0,157,alpha_win,fitted,8,0.1856798585299524,-0.25306462996815826,0.5893163096326148,0.0018550768657346105,0.44166879533262815,0.004406963011262999,-0.16676259054737574,-0.0016690179413660637,4.30541415103709,3.206056662100802,a14,0.0035240948071006742,-0.8997028490812065
ude,wp11a_matchedN_0p25y_s10y,base,matchedN,length,resample,True,0.25,10.0,41,alpha_cc,common,8,1.6761040443137754,0.3645192354707172,3.013304021098384,0.01662212430846366,1.1175922680175754,0.011113933486329192,-0.7224849922739196,-0.007251075544744136,5.185567145852509,3.0755730050393435,,0.023873199853207794,-0.4362303764659028
ude,wp11a_matchedN_0p25y_s10y,base,matchedN,length,resample,True,0.25,10.0,41,alpha_cc,fitted,8,1.6761040443137754,0.3645192354707172,3.013304021098384,0.01662212430846366,1.1175922680175754,0.011113933486329192,-0.7224849922739196,-0.007251075544744136,5.185567145852509,3.0755730050393435,,0.023873199853207794,-0.4362303764659028
ude,wp11a_matchedN_0p25y_s10y,base,matchedN,length,resample,True,0.25,10.0,41,alpha_dr,common,8,0.1900630407353665,-1.0347122096674433,1.379811916884388,0.0018988264947334716,-0.13528819191821473,-0.0013537978901526709,-0.0012673086553949275,-1.2673166858189147e-05,4.832636550093272,2.884786115207613,a13,0.0019114996615916607,-0.006674210041485656
ude,wp11a_matchedN_0p25y_s10y,base,matchedN,length,resample,True,0.25,10.0,41,alpha_dr,fitted,8,0.1900630407353665,-1.0347122096674433,1.379811916884388,0.0018988264947334716,-0.13528819191821473,-0.0013537978901526709,-0.0012673086553949275,-1.2673166858189147e-05,4.832636550093272,2.884786115207613,a13,0.0019114996615916607,-0.006674210041485656
ude,wp11a_matchedN_0p25y_s10y,base,matchedN,length,resample,True,0.25,10.0,41,alpha_refc,common,8,-0.07555499507481134,-1.1960267901768185,0.5030721210336431,-0.0007558355224636894,-0.18349789558533836,-0.0018366645921246312,-0.6159558742724669,-0.00617860708454641,4.631824331262241,4.322330928289589,,0.0054227715620827205,8.174539170118498
ude,wp11a_matchedN_0p25y_s10y,base,matchedN,length,resample,True,0.25,10.0,41,alpha_refc,fitted,8,-0.07555499507481134,-1.1960267901768185,0.5030721210336431,-0.0007558355224636894,-0.18349789558533836,-0.0018366645921246312,-0.6159558742724669,-0.00617860708454641,4.631824331262241,4.322330928289589,,0.0054227715620827205,8.174539170118498
ude,wp11a_matchedN_0p25y_s10y,base,matchedN,length,resample,True,0.25,10.0,41,alpha_win,common,8,0.33631710778154744,-0.15188467546841666,1.0156347793152332,0.0033575282662538057,1.909897631489832,0.018918880352838674,-0.4585521927585323,-0.004596067684140884,5.567791363026797,8.741532576114336,a14,0.00795359595039469,-1.3688842861981296
ude,wp11a_matchedN_0p25y_s10y,base,matchedN,length,resample,True,0.25,10.0,41,alpha_win,fitted,8,0.33631710778154744,-0.15188467546841666,1.0156347793152332,0.0033575282662538057,1.909897631489832,0.018918880352838674,-0.4585521927585323,-0.004596067684140884,5.567791363026797,8.741532576114336,a14,0.00795359595039469,-1.3688842861981296
ude,wp11a_season_0p083y,season,season,resolution,resample,True,0.08333333333333333,39.0,469,alpha_cc,common,8,0.4768129167577184,-0.5776270207790479,1.5609840670912645,0.004756797645528989,0.6232793172240347,0.006213449651377111,-0.24174457438607133,-0.002420372483597431,2.3769874025466153,1.658879179301128,,0.00717717012912642,-0.5088239323933378
ude,wp11a_season_0p083y,season,season,resolution,resample,True,0.08333333333333333,39.0,469,alpha_cc,fitted,8,0.2710436835041241,-0.1775311935480861,0.4733802527912223,0.0027067702250384304,0.2727193948270257,0.002723481902302459,-0.10680869091511669,-0.0010686577204608396,2.3870149044005142,5.824364810545361,,0.00377542794549927,-0.3948091753690201
ude,wp11a_season_0p083y,season,season,resolution,resample,True,0.08333333333333333,39.0,469,alpha_dr,common,8,1.0214131475206223,-1.5883820708356589,2.4701057490266853,0.010162319743525832,1.5752139678711918,0.015629362384796532,-0.0004328739247161373,-4.328748616180145e-06,2.6971711131039964,2.5901960274871367,a13,0.010166648492142013,-0.0004259606788044517
ude,wp11a_season_0p083y,season,season,resolution,resample,True,0.08333333333333333,39.0,469,alpha_dr,fitted,8,0.7008924913542991,-0.5474296976688997,1.055648827316813,0.006984476570579234,0.7433042464122686,0.007405553537515404,-0.1319004418149139,-0.0013198750701567952,3.639414098213095,12.518684282784317,a13,0.008304351640736028,-0.18897265340061636
ude,wp11a_season_0p083y,season,season,resolution,resample,True,0.08333333333333333,39.0,469,alpha_refc,common,8,-7.824493411593425,-8.779076149054955,-6.511797623744187,-0.08147574594149865,-6.1414115920152,-0.06338091507025373,-3.048724850643303,-0.030961651736553047,10.747376897163669,9.799421492085273,,-0.0505140942049456,0.3800106568988541
ude,wp11a_season_0p083y,season,season,resolution,resample,True,0.08333333333333333,39.0,469,alpha_refc,fitted,8,-10.379397095371734,-12.283696435494907,-8.397677936517168,-0.10958494930806471,-6.178160709952973,-0.063772528824103,-4.180272970938603,-0.04270160332592914,11.25397294537458,13.18519840141905,,-0.06688334598213558,0.38966667955365464
ude,wp11a_season_0p083y,season,season,resolution,resample,True,0.08333333333333333,39.0,469,alpha_win,common,8,0.04153393777523995,-1.6421094354012955,3.6341084517968802,0.0004152531482285709,-0.3211675863158958,-0.003216844363415826,-0.15349665420666403,-0.0015361458101217657,5.233982946753196,4.647847305740322,a14,0.0019513989583503366,-3.6992996119952677
ude,wp11a_season_0p083y,season,season,resolution,resample,True,0.08333333333333333,39.0,469,alpha_win,fitted,8,-0.7735260446978365,-1.7722376038787568,0.1272978275330683,-0.007765332752525335,-0.8193627654551117,-0.008227379917043354,-0.15349665420666403,-0.0015361458101217657,6.458564612462059,10.659816493627629,a14,-0.0062291869424035695,0.19782098965716588
ude,wp11a_season_0p25y,season,season,resolution,resample,True,0.25,39.0,157,alpha_cc,common,8,0.5662120082003064,0.07311658326560888,1.090255037385779,0.0056461505327376725,0.80312795861186,0.007999200503150143,-0.7224849922739196,-0.007251075544744136,2.480115393931903,2.753805488881299,,0.012897226077481809,-1.284251190736191
ude,wp11a_season_0p25y,season,season,resolution,resample,True,0.25,39.0,157,alpha_cc,fitted,8,-0.028154030134497354,-0.3516134355670886,0.28898501813650057,-0.00028157994125594695,0.18227007189997035,0.0018210416157707823,-0.31809733497738524,-0.0031860434001515373,2.6186406302926013,5.944599003029609,,0.0029044634588955903,11.314880548453301
ude,wp11a_season_0p25y,season,season,resolution,resample,True,0.25,39.0,157,alpha_dr,common,8,-1.3065427675104768,-3.184556244818726,0.6959719554482602,-0.013151531183693445,-1.5595916571839785,-0.015718812334709092,-0.0012673086553949275,-1.2673166858189147e-05,3.74659064669971,3.717838029951941,a13,-0.013138858016835255,0.0009636267200508621
ude,wp11a_season_0p25y,season,season,resolution,resample,True,0.25,39.0,157,alpha_dr,fitted,8,-1.2446610898021904,-2.4531651597030413,-0.9142206018347254,-0.012524718754919291,-1.1666641362378605,-0.011735230615431691,-0.3939005809712737,-0.003946784125704061,5.4214701325484285,10.75451247490048,a13,-0.00857793462921523,0.3151195809609614
ude,wp11a_season_0p25y,season,season,resolution,resample,True,0.25,39.0,157,alpha_refc,common,8,-8.11588875253345,-8.687683818868198,-7.107902513777242,-0.08464206333166183,1.3333800045867372,0.013245687321494316,-12.903055324686608,-0.138148381099505,10.494181829477522,10.514165316077648,,0.053506317767843176,1.63214807935605
ude,wp11a_season_0p25y,season,season,resolution,resample,True,0.25,39.0,157,alpha_refc,fitted,8,-9.922039146380468,-10.622108692725895,-9.062972481526499,-0.10449465891310716,5.407678178928466,0.05266529546330785,-14.244572687731038,-0.15367080967355523,11.474534143776777,13.425996370749608,,0.04917615076044807,1.4706092279926062
ude,wp11a_season_0p25y,season,season,resolution,resample,True,0.25,39.0,157,alpha_win,common,8,-0.6093823737020942,-2.0827598811995474,1.694614115598858,-0.006112466858072627,-0.2210559162204584,-0.002213006054774966,-0.4585521927585323,-0.004596067684140884,3.6894922282341867,3.61341308649756,a14,-0.001516399173931743,0.7519169904489443
ude,wp11a_season_0p25y,season,season,resolution,resample,True,0.25,39.0,157,alpha_win,fitted,8,-1.4363385187730837,-2.987848903595758,-0.5773901237126289,-0.014467537123975372,-1.0398871259986175,-0.010453317302231854,-0.4585521927585323,-0.004596067684140884,6.822193065950383,17.239555977443445,a14,-0.009871469439834489,0.3176814163154525
ude,wp11a_season_0p5y,season,season,resolution,resample,True,0.5,39.0,79,alpha_cc,common,8,0.967198653383039,-1.6559010792346118,2.307161467721963,0.009625512297243462,1.5266573774228132,0.015151212271733942,-1.4368147783309748,-0.01447236913509773,5.260329571344041,3.8955328021575153,,0.024097881432341192,-1.50354274018665
ude,wp11a_season_0p5y,season,season,resolution,resample,True,0.5,39.0,79,alpha_cc,fitted,8,-0.11522003218102927,-1.2853146582007646,0.5149378596674525,-0.0011528646149159398,0.15948504302816247,0.00159358000691158,-0.6293428510595778,-0.006313315614422688,5.452531389682191,5.396834564617924,,0.005160450999506749,5.476198621017628
ude,wp11a_season_0p5y,season,season,resolution,resample,True,0.5,39.0,79,alpha_dr,common,8,3.431513773844186,1.4919370127299159,5.49144339968366,0.033739505027326235,1.964197039395632,0.019451556260264652,-0.0024438454789055264,-2.4438753412956784e-05,9.759388783545642,7.035184119904736,a13,0.03376394378073919,-0.0007243364534590355
ude,wp11a_season_0p5y,season,season,resolution,resample,True,0.5,39.0,79,alpha_dr,fitted,8,-0.8520148711066544,-1.52974777692797,0.01153112063152495,-0.008556652672104648,-0.15384342418166552,-0.0015396188468887054,-0.7825391538342608,-0.007856170591954786,7.4017763710461475,12.099050081597806,a13,-0.0007004820801498612,0.9181359689363707
ude,wp11a_season_0p5y,season,season,resolution,resample,True,0.5,39.0,79,alpha_refc,common,8,-9.631373716181258,-11.133908469503574,-6.48945455043779,-0.1012730332098063,5.261832484599327,0.051280702911971926,-13.546264082575622,-0.1455607600160702,9.415049399198944,11.314707650279937,,0.044287726806263916,1.4373101644394661
ude,wp11a_season_0p5y,season,season,resolution,resample,True,0.5,39.0,79,alpha_refc,fitted,8,-8.991796890697323,-9.24165884640803,-6.834554774785073,-0.0942205394757016,8.08381850180615,0.07773683736734288,-17.44576667055896,-0.19171473493270005,10.809915313785234,13.187064010117993,,0.09749419545699846,2.0347446108832896
ude,wp11a_season_0p5y,season,season,resolution,resample,True,0.5,39.0,79,alpha_win,common,8,-0.24108244175776727,-2.3086497725469446,1.2084466999912724,-0.002413735133855555,0.2756594183849659,0.002752801745978673,-0.9114050084697345,-0.00915583713244856,5.9206843470887565,5.666354164350575,a14,0.0067421019985930055,3.7932236242605373
ude,wp11a_season_0p5y,season,season,resolution,resample,True,0.5,39.0,79,alpha_win,fitted,8,-2.314723405112007,-3.1860496275209926,-1.6028333117971472,-0.023419338450441224,-1.1335996849802354,-0.011400739005022874,-0.9132091234561934,-0.009174044388396176,8.927867169707028,18.639518470801804,a14,-0.014245294062045048,0.3917294422218547
ude,wp11a_season_1y,season,season,resolution,resample,True,1.0,39.0,40,alpha_cc,common,8,1.334903234782936,0.21858811396620048,2.362724540225347,0.013260719078529656,1.9253728114775548,0.01907072041451043,-2.8416424643824323,-0.028827986735401052,4.447140129677335,3.9961840446472587,,0.042088705813930705,-2.173938424053961
ude,wp11a_season_1y,season,season,resolution,resample,True,1.0,39.0,40,alpha_cc,fitted,8,-0.0037873352539241623,-0.38609828568441085,0.36527117463767134,-3.7874069752730634e-05,1.3520275620401812,0.013429692255346473,-1.2322198531724893,-0.012398746294525349,3.045525422927964,3.583094827283171,,0.012360872224772619,327.3676786116028
ude,wp11a_season_1y,season,season,resolution,resample,True,1.0,39.0,40,alpha_dr,common,8,-0.9696809295558273,-5.861836687922606,6.81211684872185,-0.009744129502641728,0.743250822913466,0.007405023244079422,-0.004546082494982784,-4.5461858324449226e-05,27.991660056558025,15.881497002123513,a13,-0.009698667644317278,0.0046655638466344355
ude,wp11a_season_1y,season,season,resolution,resample,True,1.0,39.0,40,alpha_dr,fitted,8,0.5233140640490186,-1.2016227663249834,1.716303812224118,0.005219495344474715,0.41833686303345274,0.004174642671256617,-1.5449843990529066,-0.01557043653332895,20.039323007260187,19.059190037094105,a13,0.020789931877803664,-2.9831306487918603
ude,wp11a_season_1y,season,season,resolution,resample,True,1.0,39.0,40,alpha_refc,common,8,-10.398349992154266,-12.108756385095276,-7.074407758649293,-0.10979645091063003,-4.046837988818119,-0.041310009296953235,-8.683967643073753,-0.09084381296062617,6.454316335814452,12.724172672168251,,-0.01895263795000386,0.8273838744985431
ude,wp11a_season_1y,season,season,resolution,resample,True,1.0,39.0,40,alpha_refc,fitted,8,-11.368738294900883,-13.632530767942363,-10.285652703901683,-0.12068554969543335,-3.8137312844560456,-0.03888357534896089,-8.230862305243924,-0.08589413557533698,10.713186171064475,15.801011592324919,,-0.03479141412009637,0.7117184765873188
ude,wp11a_season_1y,season,season,resolution,resample,True,1.0,39.0,40,alpha_win,common,8,-5.021976491497271,-7.215890553746574,-3.2536036318237427,-0.051524652638251706,-5.000751639717316,-0.05130120641587487,-1.8007963958480588,-0.018172080597909826,10.145034148040544,10.625378329916032,a14,-0.03335257204034188,0.35268710544239446
ude,wp11a_season_1y,season,season,resolution,resample,True,1.0,39.0,40,alpha_win,fitted,8,-4.719227193667885,-5.946313778627865,-3.9033995479773154,-0.04834215007624762,-3.0728650483717646,-0.031210675832022305,-1.854883302433763,-0.018723019966776642,12.658039937097204,20.32325522903029,a14,-0.029619130109470978,0.38730217702865455
ude,wp11a_span_1y_s10y,base,span,length,resample,True,1.0,10.0,11,alpha_cc,common,8,1.3074933670252697,1.001020856240098,1.7533158850388864,0.012990194564563528,1.3996671685047035,0.01389962280171801,-2.8416424643824323,-0.028827986735401052,2.6971462922328326,3.2385722862011805,,0.04181818129996458,-2.2192113129731
ude,wp11a_span_1y_s10y,base,span,length,resample,True,1.0,10.0,11,alpha_cc,fitted,8,1.3074933670252697,1.001020856240098,1.7533158850388864,0.012990194564563528,1.3996671685047035,0.01389962280171801,-2.8416424643824323,-0.028827986735401052,2.6971462922328326,3.2385722862011805,,0.04181818129996458,-2.2192113129731
ude,wp11a_span_1y_s10y,base,span,length,resample,True,1.0,10.0,11,alpha_dr,common,8,-3.290732713718625,-6.011628919994838,1.967165505998758,-0.03346095268869227,0.227243495206908,0.002269856876697057,-0.004546082494982784,-4.5461858324449226e-05,33.38881042923042,17.663876324848907,a13,-0.03341549083036782,0.0013586540331773792
ude,wp11a_span_1y_s10y,base,span,length,resample,True,1.0,10.0,11,alpha_dr,fitted,8,-3.290732713718625,-6.011628919994838,1.967165505998758,-0.03346095268869227,0.227243495206908,0.002269856876697057,-0.004546082494982784,-4.5461858324449226e-05,33.38881042923042,17.663876324848907,a13,-0.03341549083036782,0.0013586540331773792
ude,wp11a_span_1y_s10y,base,span,length,resample,True,1.0,10.0,11,alpha_refc,common,8,-0.3859635918097237,-0.7532055958951345,1.7366880382045924,-0.0038671035338522586,2.1177859780229236,0.020956725558927816,-2.4219123698471345,-0.024517229761772057,11.21640574623627,12.358226802470572,,0.0206501262279198,6.339946563920657
ude,wp11a_span_1y_s10y,base,span,length,resample,True,1.0,10.0,11,alpha_refc,fitted,8,-0.3859635918097237,-0.7532055958951345,1.7366880382045924,-0.0038671035338522586,2.1177859780229236,0.020956725558927816,-2.4219123698471345,-0.024517229761772057,11.21640574623627,12.358226802470572,,0.0206501262279198,6.339946563920657
ude,wp11a_span_1y_s10y,base,span,length,resample,True,1.0,10.0,11,alpha_win,common,8,-5.707221943457375,-7.2406319710252465,-4.193599966424976,-0.05876558404769255,-3.5694705150699835,-0.036347338607389576,-1.8007963958480588,-0.018172080597909826,8.633642793147366,9.615822335685284,a14,-0.04059350344978272,0.30922998371226706
ude,wp11a_span_1y_s10y,base,span,length,resample,True,1.0,10.0,11,alpha_win,fitted,8,-5.707221943457375,-7.2406319710252465,-4.193599966424976,-0.05876558404769255,-3.5694705150699835,-0.036347338607389576,-1.8007963958480588,-0.018172080597909826,8.633642793147366,9.615822335685284,a14,-0.04059350344978272,0.30922998371226706
ude,wp11a_span_1y_s20y,base,span,length,resample,True,1.0,20.0,21,alpha_cc,common,8,1.5998968400007918,1.3483659267790715,2.080068779899902,0.015872333801451758,1.5514996739594666,0.015395869767362978,-2.8416424643824323,-0.028827986735401052,3.202794427113287,4.333936001631348,,0.044700320536852814,-1.8162412091386528
ude,wp11a_span_1y_s20y,base,span,length,resample,True,1.0,20.0,21,alpha_cc,fitted,8,0.646923838564839,0.22757352990525614,1.8909577393142474,0.006448402675509224,1.6127044880525299,0.015998385512664404,-2.0402363390726763,-0.0206133665149632,3.716429322590603,3.814308611512347,,0.027061769190472425,-3.196662422037002
ude,wp11a_span_1y_s20y,base,span,length,resample,True,1.0,20.0,21,alpha_dr,common,8,-3.3877023115254645,-4.3275633767875465,-0.47387425398899286,-0.034464147608534945,5.190384624697764,0.050601709232286046,-0.004546082494982784,-4.5461858324449226e-05,30.63492369703522,18.35390014291405,a13,-0.034418685750210495,0.0013191058383579674
ude,wp11a_span_1y_s20y,base,span,length,resample,True,1.0,20.0,21,alpha_dr,fitted,8,-0.8466528129932538,-5.18141511108452,1.9114562756231024,-0.008502572772064787,3.623770328739506,0.03559656084679813,-0.046525899891036726,-0.00046536726546104296,28.051904076560525,15.259978603357458,a13,-0.008037205506603744,0.054732523665073196
ude,wp11a_span_1y_s20y,base,span,length,resample,True,1.0,20.0,21,alpha_refc,common,8,-0.18389305244573828,-0.5446209309557304,2.1799882852742147,-0.0018406234329400605,1.0538236923300914,0.01048309675306182,-2.4219123698471345,-0.024517229761772057,9.608694027866576,7.283331381196781,,0.022676606328831995,13.320068256770071
ude,wp11a_span_1y_s20y,base,span,length,resample,True,1.0,20.0,21,alpha_refc,fitted,8,-4.999188190158921,-6.048933990874228,-1.9006639053442576,-0.05128474905731381,-0.1405047906550605,-0.0014060359119321042,-2.3907215518457425,-0.024197631020382533,10.20225463900497,7.338091490212277,,-0.027087118036931278,0.471828983570539
ude,wp11a_span_1y_s20y,base,span,length,resample,True,1.0,20.0,21,alpha_win,common,8,-5.24498018506625,-7.008536029531687,-2.903595178112972,-0.053875363851786616,-3.456570207399834,-0.035177229220876016,-1.8007963958480588,-0.018172080597909826,9.177413046718254,8.764812963614528,a14,-0.03570328325387679,0.33729852197197185
ude,wp11a_span_1y_s20y,base,span,length,resample,True,1.0,20.0,21,alpha_win,fitted,8,-5.280920565416681,-6.763324276490634,-3.9065399750627283,-0.05425473370680996,-2.3986922631963226,-0.02427929371614898,-1.4866865450577693,-0.01497848496449656,9.042298862586007,8.097706355196529,a14,-0.0392762487423134,0.27607701561009573
