candidate,freq,sigma_mode,sigma_mult,window,coef,n_seeds,m,rel_sd_base_pct,rel_sd_new_pct,reduction_pct,reduction_q1,reduction_q3,reduction_hl,reduction_hl_lo,reduction_hl_hi,logdet_gain,logdet_q1,logdet_q3
concentrate_stock,annual,per_obs,1.0,trainval,alpha_cc,35,27,1.8336683649651062,1.6960007877776806,7.652229905004115,6.934916627410537,8.236799592781507,7.616877246080664,7.263561573041338,7.976846960831297,5.301774071686613,4.874758452148113,5.780509177112014
concentrate_stock,annual,per_obs,1.0,trainval,alpha_refc,35,27,3.622748133578155,3.6122223832284464,0.20194206669026382,0.17679002758266837,0.2345433657296503,0.20469716682136319,0.18908969252197094,0.22086023688071,5.301774071686613,4.874758452148113,5.780509177112014
concentrate_stock,annual,per_obs,1.0,trainval,alpha_win,35,27,7.674691074431486,7.671380991332522,0.0153690601439882,0.011726934257899613,0.019490650637865592,0.01565824948557004,0.013646932661537381,0.018019357439647,5.301774071686613,4.874758452148113,5.780509177112014
concentrate_stock,annual,per_obs,1.0,trainval,alpha_dr,35,27,6.546316501537541,6.544506675388969,0.01814997063187551,0.01397064443289242,0.025134268254739522,0.0192365937515232,0.016623087800382574,0.02234573559599662,5.301774071686613,4.874758452148113,5.780509177112014
concentrate_stock,annual,per_obs,1.0,trainval,tau_olds,35,27,7.981694326983857,7.980569055421479,0.015435940626828959,0.012488087191597774,0.018287498028157767,0.015495617296207298,0.013962530609845647,0.01711100374101049,5.301774071686613,4.874758452148113,5.780509177112014
concentrate_stock,annual,per_obs,1.0,trainval,frac_fu_new,35,27,10.070631099396643,10.068993627701248,0.01563262642286789,0.013653706706140412,0.017432574023257263,0.015654627251476816,0.014396248937359468,0.01778110915828801,5.301774071686613,4.874758452148113,5.780509177112014
concentrate_stock,annual,per_obs,1.0,trainval,frac_fu_out,35,27,1.0497603765651853,1.0495896868748762,0.01563262642286789,0.013653706706140412,0.017432574023257263,0.015654627251476816,0.014396248937359468,0.01778110915828801,5.301774071686613,4.874758452148113,5.780509177112014
concentrate_stock,annual,per_obs,1.0,trainval,frac_eu_new,35,27,14.516285341889132,14.514051058001156,0.01911661450897384,0.014865634641841874,0.02292812350107587,0.019231163974312016,0.016944323646617132,0.0220938555147987,5.301774071686613,4.874758452148113,5.780509177112014
concentrate_stock,annual,per_obs,1.0,trainval,frac_eu_into,35,27,0.8602595064120777,0.8601028997137773,0.01911661450897384,0.014865634641841874,0.02292812350107587,0.019231163974312016,0.016944323646617132,0.0220938555147987,5.301774071686613,4.874758452148113,5.780509177112014
concentrate_stock,annual,per_obs,1.0,trainval,f_cohort_10yr,35,27,30.720127927962928,30.705245940774468,0.04999295106031809,0.04228341610985065,0.07635446208941188,0.05620703501915958,0.04693863427100986,0.06936231434613305,5.301774071686613,4.874758452148113,5.780509177112014
concentrate_stock,annual,per_obs,1.0,trainval,f_cohort_20yr,35,27,24.074983304902975,24.060173096063867,0.05938817848325506,0.03699834140725722,0.07414722426095643,0.05720446993455475,0.04857596579520562,0.06984984403525796,5.301774071686613,4.874758452148113,5.780509177112014
concentrate_stock,annual,per_obs,1.0,trainval,f_cohort_44yr,35,27,17.85308505974213,17.84692371872172,0.04703022164999071,0.039376998272894204,0.06653799709361308,0.05163686951197288,0.04408012706560438,0.06295964912245156,5.301774071686613,4.874758452148113,5.780509177112014
concentrate_stock,annual,fixed_total,1.0,trainval,alpha_cc,35,27,1.8336683649651062,1.6960007877776806,7.652229905004115,6.934916627410537,8.236799592781507,7.616877246080664,7.263561573041338,7.976846960831297,5.301774071686613,4.874758452148113,5.780509177112014
concentrate_stock,annual,fixed_total,1.0,trainval,alpha_refc,35,27,3.622748133578155,3.6122223832284464,0.20194206669026382,0.17679002758266837,0.2345433657296503,0.20469716682136319,0.18908969252197094,0.22086023688071,5.301774071686613,4.874758452148113,5.780509177112014
concentrate_stock,annual,fixed_total,1.0,trainval,alpha_win,35,27,7.674691074431486,7.671380991332522,0.0153690601439882,0.011726934257899613,0.019490650637865592,0.01565824948557004,0.013646932661537381,0.018019357439647,5.301774071686613,4.874758452148113,5.780509177112014
concentrate_stock,annual,fixed_total,1.0,trainval,alpha_dr,35,27,6.546316501537541,6.544506675388969,0.01814997063187551,0.01397064443289242,0.025134268254739522,0.0192365937515232,0.016623087800382574,0.02234573559599662,5.301774071686613,4.874758452148113,5.780509177112014
concentrate_stock,annual,fixed_total,1.0,trainval,tau_olds,35,27,7.981694326983857,7.980569055421479,0.015435940626828959,0.012488087191597774,0.018287498028157767,0.015495617296207298,0.013962530609845647,0.01711100374101049,5.301774071686613,4.874758452148113,5.780509177112014
concentrate_stock,annual,fixed_total,1.0,trainval,frac_fu_new,35,27,10.070631099396643,10.068993627701248,0.01563262642286789,0.013653706706140412,0.017432574023257263,0.015654627251476816,0.014396248937359468,0.01778110915828801,5.301774071686613,4.874758452148113,5.780509177112014
concentrate_stock,annual,fixed_total,1.0,trainval,frac_fu_out,35,27,1.0497603765651853,1.0495896868748762,0.01563262642286789,0.013653706706140412,0.017432574023257263,0.015654627251476816,0.014396248937359468,0.01778110915828801,5.301774071686613,4.874758452148113,5.780509177112014
concentrate_stock,annual,fixed_total,1.0,trainval,frac_eu_new,35,27,14.516285341889132,14.514051058001156,0.01911661450897384,0.014865634641841874,0.02292812350107587,0.019231163974312016,0.016944323646617132,0.0220938555147987,5.301774071686613,4.874758452148113,5.780509177112014
concentrate_stock,annual,fixed_total,1.0,trainval,frac_eu_into,35,27,0.8602595064120777,0.8601028997137773,0.01911661450897384,0.014865634641841874,0.02292812350107587,0.019231163974312016,0.016944323646617132,0.0220938555147987,5.301774071686613,4.874758452148113,5.780509177112014
concentrate_stock,annual,fixed_total,1.0,trainval,f_cohort_10yr,35,27,30.720127927962928,30.705245940774468,0.04999295106031809,0.04228341610985065,0.07635446208941188,0.05620703501915958,0.04693863427100986,0.06936231434613305,5.301774071686613,4.874758452148113,5.780509177112014
concentrate_stock,annual,fixed_total,1.0,trainval,f_cohort_20yr,35,27,24.074983304902975,24.060173096063867,0.05938817848325506,0.03699834140725722,0.07414722426095643,0.05720446993455475,0.04857596579520562,0.06984984403525796,5.301774071686613,4.874758452148113,5.780509177112014
concentrate_stock,annual,fixed_total,1.0,trainval,f_cohort_44yr,35,27,17.85308505974213,17.84692371872172,0.04703022164999071,0.039376998272894204,0.06653799709361308,0.05163686951197288,0.04408012706560438,0.06295964912245156,5.301774071686613,4.874758452148113,5.780509177112014
concentrate_stock,quarterly,per_obs,1.0,trainval,alpha_cc,35,108,1.8336683649651062,1.4178641224846642,23.0879158569678,21.545975562566618,24.529958162748763,23.0525712973163,22.250369998523727,23.83562566265278,17.193076678433172,16.077998654365135,18.53944310939829
concentrate_stock,quarterly,per_obs,1.0,trainval,alpha_refc,35,108,3.622748133578155,3.5898984567568064,0.6267400844348625,0.5649910034430661,0.7522835551190932,0.6520915535474681,0.6070766224944624,0.7023166017329496,17.193076678433172,16.077998654365135,18.53944310939829
concentrate_stock,quarterly,per_obs,1.0,trainval,alpha_win,35,108,7.674691074431486,7.661164123875846,0.06449644297741308,0.0548564892649428,0.08124392653892643,0.06713176283562605,0.060481061992812,0.07545187703958955,17.193076678433172,16.077998654365135,18.53944310939829
concentrate_stock,quarterly,per_obs,1.0,trainval,alpha_dr,35,108,6.546316501537541,6.539730466019016,0.07412802723036904,0.05925778910156332,0.09201734996624467,0.07760126265710099,0.06805753798294623,0.0902100899852043,17.193076678433172,16.077998654365135,18.53944310939829
concentrate_stock,quarterly,per_obs,1.0,trainval,tau_olds,35,108,7.981694326983857,7.974945931800266,0.06729423558045067,0.05602968105460904,0.08517416652756293,0.07044448697660355,0.06339444436148645,0.07750809156492622,17.193076678433172,16.077998654365135,18.53944310939829
concentrate_stock,quarterly,per_obs,1.0,trainval,frac_fu_new,35,108,10.070631099396643,10.063601085190285,0.06980708693399285,0.06065374591106565,0.08818659519931327,0.0728536836734045,0.06527677667659271,0.08026868265749165,17.193076678433172,16.077998654365135,18.53944310939829
concentrate_stock,quarterly,per_obs,1.0,trainval,frac_fu_out,35,108,1.0497603765651853,1.0490275694265179,0.06980708693399285,0.06065374591106565,0.08818659519931327,0.0728536836734045,0.06527677667659271,0.08026868265749165,17.193076678433172,16.077998654365135,18.53944310939829
concentrate_stock,quarterly,per_obs,1.0,trainval,frac_eu_new,35,108,14.516285341889132,14.502548411571563,0.08499924734007847,0.06845916262170348,0.1013902893157892,0.08675949678787764,0.07658634446254808,0.09715267223129875,17.193076678433172,16.077998654365135,18.53944310939829
concentrate_stock,quarterly,per_obs,1.0,trainval,frac_eu_into,35,108,0.8602595064120777,0.8596705280646003,0.08499924734007847,0.06845916262170348,0.1013902893157892,0.08675949678787764,0.07658634446254808,0.09715267223129875,17.193076678433172,16.077998654365135,18.53944310939829
concentrate_stock,quarterly,per_obs,1.0,trainval,f_cohort_10yr,35,108,30.720127927962928,30.59103116704904,0.22607066081545835,0.17510040511784508,0.34897089979962215,0.2559927782879501,0.2100471768644807,0.31888332470388914,17.193076678433172,16.077998654365135,18.53944310939829
concentrate_stock,quarterly,per_obs,1.0,trainval,f_cohort_20yr,35,108,24.074983304902975,23.980312259993266,0.2528168894131877,0.2089506219288717,0.3369839071655001,0.2723142761901276,0.2376864422632352,0.31332757750027196,17.193076678433172,16.077998654365135,18.53944310939829
concentrate_stock,quarterly,per_obs,1.0,trainval,f_cohort_44yr,35,108,17.85308505974213,17.819912149084615,0.23183631394776416,0.20194581969780745,0.30072495164490953,0.24557302986046303,0.21974699926763375,0.2792461693683468,17.193076678433172,16.077998654365135,18.53944310939829
concentrate_stock,quarterly,fixed_total,1.0,trainval,alpha_cc,35,108,1.8336683649651062,1.687221297500097,8.091474645187802,7.343486866910403,8.90035118718947,8.12228508785357,7.745155785701652,8.503062621397028,5.508774216731579,5.056841531125595,6.0379957466244925
concentrate_stock,quarterly,fixed_total,1.0,trainval,alpha_refc,35,108,3.622748133578155,3.6109044563639823,0.23876792030210758,0.21514428724465073,0.277120249108298,0.24573936022108112,0.2299202094509456,0.2639881516414089,5.508774216731579,5.056841531125595,6.0379957466244925
concentrate_stock,quarterly,fixed_total,1.0,trainval,alpha_win,35,108,7.674691074431486,7.670112611120721,0.022657683483395807,0.01844024449834114,0.02923547659051673,0.02334643790159463,0.02082788769118271,0.02638950000518059,5.508774216731579,5.056841531125595,6.0379957466244925
concentrate_stock,quarterly,fixed_total,1.0,trainval,alpha_dr,35,108,6.546316501537541,6.543829548667453,0.026637295790155058,0.0198179992616343,0.03284731861424861,0.027049463704992283,0.023606877705018015,0.031333580162329344,5.508774216731579,5.056841531125595,6.0379957466244925
concentrate_stock,quarterly,fixed_total,1.0,trainval,tau_olds,35,108,7.981694326983857,7.979435055318934,0.023526318544231373,0.018761278877543752,0.030445348219854118,0.024224194015620704,0.021582398784036894,0.027024686576393453,5.508774216731579,5.056841531125595,6.0379957466244925
concentrate_stock,quarterly,fixed_total,1.0,trainval,frac_fu_new,35,108,10.070631099396643,10.06814180395794,0.024236374813935146,0.020744387047144652,0.030480578496888677,0.024751362228475626,0.022227023615961627,0.027754818477354615,5.508774216731579,5.056841531125595,6.0379957466244925
concentrate_stock,quarterly,fixed_total,1.0,trainval,frac_fu_out,35,108,1.0497603765651853,1.0495008929547418,0.024236374813935146,0.020744387047144652,0.030480578496888677,0.024751362228475626,0.022227023615961627,0.027754818477354615,5.508774216731579,5.056841531125595,6.0379957466244925
concentrate_stock,quarterly,fixed_total,1.0,trainval,frac_eu_new,35,108,14.516285341889132,14.51162438759936,0.030084546296960113,0.023079352880872595,0.0358142748719259,0.029786967710959678,0.02613958708617692,0.03310808868883797,5.508774216731579,5.056841531125595,6.0379957466244925
concentrate_stock,quarterly,fixed_total,1.0,trainval,frac_eu_into,35,108,0.8602595064120777,0.8600637004996046,0.030084546296960113,0.023079352880872595,0.0358142748719259,0.029786967710959678,0.02613958708617692,0.03310808868883797,5.508774216731579,5.056841531125595,6.0379957466244925
concentrate_stock,quarterly,fixed_total,1.0,trainval,f_cohort_10yr,35,108,30.720127927962928,30.668390712719464,0.07476060003712703,0.06009266427932092,0.12576128145488918,0.0883145502193261,0.07056620361132748,0.1080660975431913,5.508774216731579,5.056841531125595,6.0379957466244925
concentrate_stock,quarterly,fixed_total,1.0,trainval,f_cohort_20yr,35,108,24.074983304902975,24.043128505585177,0.08920262442828619,0.06956556949804238,0.12082615293859122,0.09349134903467726,0.08128795321251658,0.10726658622554064,5.508774216731579,5.056841531125595,6.0379957466244925
concentrate_stock,quarterly,fixed_total,1.0,trainval,f_cohort_44yr,35,108,17.85308505974213,17.841607680139763,0.08517132357064305,0.06662732869288646,0.09934327414738431,0.08549726172393246,0.07586987521235322,0.09610143828648887,5.508774216731579,5.056841531125595,6.0379957466244925
concentrate_stock,monthly,per_obs,1.0,trainval,alpha_cc,35,324,1.8336683649651062,1.08855663490046,40.875470988172104,38.959761695507254,42.69217587805456,40.87970020205269,39.922067123732596,41.82043520361276,35.142329402320776,33.48682811109657,37.27416836781157
concentrate_stock,monthly,per_obs,1.0,trainval,alpha_refc,35,324,3.622748133578155,3.566176357376556,1.0409065098845094,0.9129408644064585,1.2379126473733681,1.0684135544498707,0.9845639873599821,1.1558282989375668,35.142329402320776,33.48682811109657,37.27416836781157
concentrate_stock,monthly,per_obs,1.0,trainval,alpha_win,35,324,7.674691074431486,7.6493227265720245,0.1242118481386445,0.10587144148587191,0.14870031489955804,0.12865531828506194,0.11738540289095156,0.14500995375110182,35.142329402320776,33.48682811109657,37.27416836781157
concentrate_stock,monthly,per_obs,1.0,trainval,alpha_dr,35,324,6.546316501537541,6.534293862896665,0.1363571960752319,0.11605745515969601,0.17019139882623602,0.14713663119241271,0.13041732379175386,0.17004348885055753,35.142329402320776,33.48682811109657,37.27416836781157
concentrate_stock,monthly,per_obs,1.0,trainval,tau_olds,35,324,7.981694326983857,7.968283825574607,0.12749494318737842,0.11039806065095692,0.16377300016336416,0.13645905945321724,0.12290423260370442,0.14793958449275668,35.142329402320776,33.48682811109657,37.27416836781157
concentrate_stock,monthly,per_obs,1.0,trainval,frac_fu_new,35,324,10.070631099396643,10.057332345608895,0.14056921720592142,0.11431430624253558,0.16843725139938925,0.1410031697019254,0.1271369074973827,0.1554649256761631,35.142329402320776,33.48682811109657,37.27416836781157
concentrate_stock,monthly,per_obs,1.0,trainval,frac_fu_out,35,324,1.0497603765651853,1.048374117387753,0.14056921720592142,0.11431430624253558,0.16843725139938925,0.1410031697019254,0.1271369074973827,0.1554649256761631,35.142329402320776,33.48682811109657,37.27416836781157
concentrate_stock,monthly,per_obs,1.0,trainval,frac_eu_new,35,324,14.516285341889132,14.488949769842595,0.1693370773380165,0.13612312686792638,0.20492505378756354,0.17081634772830867,0.15044765787252667,0.19045003500087754,35.142329402320776,33.48682811109657,37.27416836781157
concentrate_stock,monthly,per_obs,1.0,trainval,frac_eu_into,35,324,0.8602595064120777,0.8590867133571009,0.1693370773380165,0.13612312686792638,0.20492505378756354,0.17081634772830867,0.15044765787252667,0.19045003500087754,35.142329402320776,33.48682811109657,37.27416836781157
concentrate_stock,monthly,per_obs,1.0,trainval,f_cohort_10yr,35,324,30.720127927962928,30.541626580227994,0.4570772077637564,0.3389231790393632,0.627461876170865,0.4899663530516962,0.41625254041209314,0.6141541032950615,35.142329402320776,33.48682811109657,37.27416836781157
concentrate_stock,monthly,per_obs,1.0,trainval,f_cohort_20yr,35,324,24.074983304902975,23.884397793928503,0.5076077951562841,0.4141425068980964,0.66530755375242,0.5338411056308889,0.45833024699796776,0.6103570920006407,35.142329402320776,33.48682811109657,37.27416836781157
concentrate_stock,monthly,per_obs,1.0,trainval,f_cohort_44yr,35,324,17.85308505974213,17.783402806648276,0.43637052151084266,0.3916608402639188,0.5695817939555314,0.47238500672814043,0.41943532731485433,0.5403223341080787,35.142329402320776,33.48682811109657,37.27416836781157
concentrate_stock,monthly,fixed_total,1.0,trainval,alpha_cc,35,324,1.8336683649651062,1.6871727770834604,8.091587914616326,7.347090623430597,8.895325125937319,8.12331556240865,7.746281259063547,8.504675751006829,5.481641993158712,5.033443918797652,6.010300135007888
concentrate_stock,monthly,fixed_total,1.0,trainval,alpha_refc,35,324,3.622748133578155,3.6108844655688213,0.23915386532764593,0.21534166711367764,0.2772885074779685,0.2459148045569376,0.23013128447008646,0.26413786399856476,5.481641993158712,5.033443918797652,6.010300135007888
concentrate_stock,monthly,fixed_total,1.0,trainval,alpha_win,35,324,7.674691074431486,7.670110789895404,0.022798041535354585,0.01852019716386266,0.029291899866867865,0.023372217173919796,0.02085204686762543,0.026430557655787723,5.481641993158712,5.033443918797652,6.010300135007888
concentrate_stock,monthly,fixed_total,1.0,trainval,alpha_dr,35,324,6.546316501537541,6.543824560345398,0.026701838450193804,0.01989263925684659,0.03274597532638146,0.02704779104842625,0.023619738174307514,0.03137291863963276,5.481641993158712,5.033443918797652,6.010300135007888
concentrate_stock,monthly,fixed_total,1.0,trainval,tau_olds,35,324,7.981694326983857,7.979430837591664,0.023612981736109706,0.018814700668579043,0.03054326415357078,0.024272612353817835,0.021661788290128214,0.02708769004125533,5.481641993158712,5.033443918797652,6.010300135007888
concentrate_stock,monthly,fixed_total,1.0,trainval,frac_fu_new,35,324,10.070631099396643,10.068134502438983,0.024325422966531285,0.020799997235143586,0.030522902351504122,0.024812790320469236,0.022248817294412415,0.027805207913844665,5.481641993158712,5.033443918797652,6.010300135007888
concentrate_stock,monthly,fixed_total,1.0,trainval,frac_fu_out,35,324,1.0497603765651853,1.0495001318460075,0.024325422966531285,0.020799997235143586,0.030522902351504122,0.024812790320469236,0.022248817294412415,0.027805207913844665,5.481641993158712,5.033443918797652,6.010300135007888
concentrate_stock,monthly,fixed_total,1.0,trainval,frac_eu_new,35,324,14.516285341889132,14.511620064819093,0.02993578616057313,0.023059396455238357,0.03592409030278021,0.029753007165855827,0.026172151503289776,0.03319622991519999,5.481641993158712,5.033443918797652,6.010300135007888
concentrate_stock,monthly,fixed_total,1.0,trainval,frac_eu_into,35,324,0.8602595064120777,0.8600636941720231,0.02993578616057313,0.023059396455238357,0.03592409030278021,0.029753007165855827,0.026172151503289776,0.03319622991519999,5.481641993158712,5.033443918797652,6.010300135007888
concentrate_stock,monthly,fixed_total,1.0,trainval,f_cohort_10yr,35,324,30.720127927962928,30.668201991588973,0.07484699978759224,0.06020814348081105,0.12604506716485941,0.08848276404779254,0.07081507122160269,0.10860283613537969,5.481641993158712,5.033443918797652,6.010300135007888
concentrate_stock,monthly,fixed_total,1.0,trainval,f_cohort_20yr,35,324,24.074983304902975,24.04307251442322,0.08920274160136854,0.06963307019765552,0.12120670759169228,0.09374268610134184,0.08139356874101167,0.10725419171962458,5.481641993158712,5.033443918797652,6.010300135007888
concentrate_stock,monthly,fixed_total,1.0,trainval,f_cohort_44yr,35,324,17.85308505974213,17.84154367647954,0.08556530407577423,0.06687119609481429,0.10021705642367928,0.08550302986539138,0.07613510307767912,0.09652276948902694,5.481641993158712,5.033443918797652,6.010300135007888
refined_stock,annual,per_obs,1.0,trainval,alpha_cc,35,27,1.8336683649651062,1.8295983188172313,0.21836922054798702,0.1744847763363977,0.2841311689405601,0.22391297450947423,0.19773550417214736,0.2581266682906369,5.8659969719647975,5.372380240709953,6.566695487332501
refined_stock,annual,per_obs,1.0,trainval,alpha_refc,35,27,3.622748133578155,3.246468882776775,9.486728258562295,8.538071065149765,10.150511208010776,9.375736542334929,8.948079593626606,9.827059772047757,5.8659969719647975,5.372380240709953,6.566695487332501
refined_stock,annual,per_obs,1.0,trainval,alpha_win,35,27,7.674691074431486,7.670952406019773,0.029053825440716885,0.025004183268673152,0.03971904803949933,0.030896263154445158,0.02771041278348818,0.0355223645956082,5.8659969719647975,5.372380240709953,6.566695487332501
refined_stock,annual,per_obs,1.0,trainval,alpha_dr,35,27,6.546316501537541,6.543395341046558,0.027963941684605587,0.022956045206690145,0.04566389618316791,0.03302977687256181,0.026895706603391467,0.03880523292021931,5.8659969719647975,5.372380240709953,6.566695487332501
refined_stock,annual,per_obs,1.0,trainval,tau_olds,35,27,7.981694326983857,7.979466720605256,0.026333371815789874,0.020236272824458723,0.032101728213590475,0.026784977075894334,0.023366750981168583,0.03072255276110325,5.8659969719647975,5.372380240709953,6.566695487332501
refined_stock,annual,per_obs,1.0,trainval,frac_fu_new,35,27,10.070631099396643,10.067762849826583,0.025269857450549438,0.02114649507051758,0.02932982284785668,0.02518579688933209,0.022803728716819238,0.027653107597758186,5.8659969719647975,5.372380240709953,6.566695487332501
refined_stock,annual,per_obs,1.0,trainval,frac_fu_out,35,27,1.0497603765651853,1.049461390859222,0.025269857450549438,0.02114649507051758,0.02932982284785668,0.02518579688933209,0.022803728716819238,0.027653107597758186,5.8659969719647975,5.372380240709953,6.566695487332501
refined_stock,annual,per_obs,1.0,trainval,frac_eu_new,35,27,14.516285341889132,14.512682521034217,0.026804276883707345,0.02052140872489394,0.03231695482895369,0.027082723881097226,0.023653604149259655,0.03159774760877476,5.8659969719647975,5.372380240709953,6.566695487332501
refined_stock,annual,per_obs,1.0,trainval,frac_eu_into,35,27,0.8602595064120777,0.8598424963763172,0.026804276883707345,0.02052140872489394,0.03231695482895369,0.027082723881097226,0.023653604149259655,0.03159774760877476,5.8659969719647975,5.372380240709953,6.566695487332501
refined_stock,annual,per_obs,1.0,trainval,f_cohort_10yr,35,27,30.720127927962928,30.707852952093372,0.0804962894774719,0.0523855469512724,0.11120852332676123,0.08343490389069175,0.06861046275088434,0.1004220238934983,5.8659969719647975,5.372380240709953,6.566695487332501
refined_stock,annual,per_obs,1.0,trainval,f_cohort_20yr,35,27,24.074983304902975,24.055833831309346,0.09352976011991476,0.07615362335889886,0.1059126459067472,0.09276655980013926,0.08198601708515052,0.1061612181523619,5.8659969719647975,5.372380240709953,6.566695487332501
refined_stock,annual,per_obs,1.0,trainval,f_cohort_44yr,35,27,17.85308505974213,17.830745269553507,0.08866465343497776,0.0684796639407681,0.11150636208786535,0.0906919718298621,0.07883608155830335,0.10437592191144818,5.8659969719647975,5.372380240709953,6.566695487332501
refined_stock,annual,fixed_total,1.0,trainval,alpha_cc,35,27,1.8336683649651062,1.8295983188172313,0.21836922054798702,0.1744847763363977,0.2841311689405601,0.22391297450947423,0.19773550417214736,0.2581266682906369,5.8659969719647975,5.372380240709953,6.566695487332501
refined_stock,annual,fixed_total,1.0,trainval,alpha_refc,35,27,3.622748133578155,3.246468882776775,9.486728258562295,8.538071065149765,10.150511208010776,9.375736542334929,8.948079593626606,9.827059772047757,5.8659969719647975,5.372380240709953,6.566695487332501
refined_stock,annual,fixed_total,1.0,trainval,alpha_win,35,27,7.674691074431486,7.670952406019773,0.029053825440716885,0.025004183268673152,0.03971904803949933,0.030896263154445158,0.02771041278348818,0.0355223645956082,5.8659969719647975,5.372380240709953,6.566695487332501
refined_stock,annual,fixed_total,1.0,trainval,alpha_dr,35,27,6.546316501537541,6.543395341046558,0.027963941684605587,0.022956045206690145,0.04566389618316791,0.03302977687256181,0.026895706603391467,0.03880523292021931,5.8659969719647975,5.372380240709953,6.566695487332501
refined_stock,annual,fixed_total,1.0,trainval,tau_olds,35,27,7.981694326983857,7.979466720605256,0.026333371815789874,0.020236272824458723,0.032101728213590475,0.026784977075894334,0.023366750981168583,0.03072255276110325,5.8659969719647975,5.372380240709953,6.566695487332501
refined_stock,annual,fixed_total,1.0,trainval,frac_fu_new,35,27,10.070631099396643,10.067762849826583,0.025269857450549438,0.02114649507051758,0.02932982284785668,0.02518579688933209,0.022803728716819238,0.027653107597758186,5.8659969719647975,5.372380240709953,6.566695487332501
refined_stock,annual,fixed_total,1.0,trainval,frac_fu_out,35,27,1.0497603765651853,1.049461390859222,0.025269857450549438,0.02114649507051758,0.02932982284785668,0.02518579688933209,0.022803728716819238,0.027653107597758186,5.8659969719647975,5.372380240709953,6.566695487332501
refined_stock,annual,fixed_total,1.0,trainval,frac_eu_new,35,27,14.516285341889132,14.512682521034217,0.026804276883707345,0.02052140872489394,0.03231695482895369,0.027082723881097226,0.023653604149259655,0.03159774760877476,5.8659969719647975,5.372380240709953,6.566695487332501
refined_stock,annual,fixed_total,1.0,trainval,frac_eu_into,35,27,0.8602595064120777,0.8598424963763172,0.026804276883707345,0.02052140872489394,0.03231695482895369,0.027082723881097226,0.023653604149259655,0.03159774760877476,5.8659969719647975,5.372380240709953,6.566695487332501
refined_stock,annual,fixed_total,1.0,trainval,f_cohort_10yr,35,27,30.720127927962928,30.707852952093372,0.0804962894774719,0.0523855469512724,0.11120852332676123,0.08343490389069175,0.06861046275088434,0.1004220238934983,5.8659969719647975,5.372380240709953,6.566695487332501
refined_stock,annual,fixed_total,1.0,trainval,f_cohort_20yr,35,27,24.074983304902975,24.055833831309346,0.09352976011991476,0.07615362335889886,0.1059126459067472,0.09276655980013926,0.08198601708515052,0.1061612181523619,5.8659969719647975,5.372380240709953,6.566695487332501
refined_stock,annual,fixed_total,1.0,trainval,f_cohort_44yr,35,27,17.85308505974213,17.830745269553507,0.08866465343497776,0.0684796639407681,0.11150636208786535,0.0906919718298621,0.07883608155830335,0.10437592191144818,5.8659969719647975,5.372380240709953,6.566695487332501
refined_stock,quarterly,per_obs,1.0,trainval,alpha_cc,35,108,1.8336683649651062,1.8171367450012714,0.89115319934292,0.8218406297380687,1.031340578169132,0.9126900637430629,0.8576949504786158,0.9738847345685087,16.718161511511816,15.46872833528035,18.156212043976524
refined_stock,quarterly,per_obs,1.0,trainval,alpha_refc,35,108,3.622748133578155,2.750800490982146,23.74295381777514,22.186207481746294,25.019559755346176,23.68771351857473,22.96025202774117,24.458456813382888,16.718161511511816,15.46872833528035,18.156212043976524
refined_stock,quarterly,per_obs,1.0,trainval,alpha_win,35,108,7.674691074431486,7.662882979823006,0.08503929216674422,0.076650557010699,0.10372525660411469,0.08935177648231041,0.08076843756989471,0.09851797567729803,16.718161511511816,15.46872833528035,18.156212043976524
refined_stock,quarterly,per_obs,1.0,trainval,alpha_dr,35,108,6.546316501537541,6.539944676469364,0.08958879161733435,0.0742080891610819,0.12282476860473457,0.09900066670153751,0.08628380440365291,0.11309060950782102,16.718161511511816,15.46872833528035,18.156212043976524
refined_stock,quarterly,per_obs,1.0,trainval,tau_olds,35,108,7.981694326983857,7.974459764868317,0.08609211817773854,0.0694762052595721,0.09602168379272413,0.08376207265417823,0.07622918336732676,0.09254459478583721,16.718161511511816,15.46872833528035,18.156212043976524
refined_stock,quarterly,per_obs,1.0,trainval,frac_fu_new,35,108,10.070631099396643,10.061873347606657,0.0729345942269477,0.06843391588648995,0.08951782365688721,0.07765519653396835,0.07118749639334898,0.08583302823995109,16.718161511511816,15.46872833528035,18.156212043976524
refined_stock,quarterly,per_obs,1.0,trainval,frac_fu_out,35,108,1.0497603765651853,1.0488474704398212,0.0729345942269477,0.06843391588648995,0.08951782365688721,0.07765519653396835,0.07118749639334898,0.08583302823995109,16.718161511511816,15.46872833528035,18.156212043976524
refined_stock,quarterly,per_obs,1.0,trainval,frac_eu_new,35,108,14.516285341889132,14.506013148096631,0.08992851760519782,0.07049150381996383,0.11213217234552486,0.09073923886319113,0.0806777960773386,0.10088600560347327,16.718161511511816,15.46872833528035,18.156212043976524
refined_stock,quarterly,per_obs,1.0,trainval,frac_eu_into,35,108,0.8602595064120777,0.859202090630068,0.08992851760519782,0.07049150381996383,0.11213217234552486,0.09073923886319113,0.0806777960773386,0.10088600560347327,16.718161511511816,15.46872833528035,18.156212043976524
refined_stock,quarterly,per_obs,1.0,trainval,f_cohort_10yr,35,108,30.720127927962928,30.625370077890672,0.2739928901045463,0.21429206872226603,0.3537727586276629,0.2776215396493309,0.24341489337139088,0.3218855141755905,16.718161511511816,15.46872833528035,18.156212043976524
refined_stock,quarterly,per_obs,1.0,trainval,f_cohort_20yr,35,108,24.074983304902975,24.031221976285387,0.3100736124957759,0.22491297305776148,0.40749999870858256,0.32180569306546614,0.26921132906010947,0.38565125361781916,16.718161511511816,15.46872833528035,18.156212043976524
refined_stock,quarterly,per_obs,1.0,trainval,f_cohort_44yr,35,108,17.85308505974213,17.791809447846287,0.2833264954008152,0.21585964876528196,0.366322342660369,0.2961622422511162,0.2547154497420101,0.35156276368263906,16.718161511511816,15.46872833528035,18.156212043976524
refined_stock,quarterly,fixed_total,1.0,trainval,alpha_cc,35,108,1.8336683649651062,1.8288938946329276,0.260757016420321,0.23603401904270793,0.30097302585540553,0.2646088374191391,0.24870103923318454,0.28471167282144716,5.479813774233701,4.996665665570621,6.071540418555669
refined_stock,quarterly,fixed_total,1.0,trainval,alpha_refc,35,108,3.622748133578155,3.2633039151434238,8.819648091318033,8.078737386630209,9.635106961521489,8.90405498106136,8.506267624179609,9.29295785635691,5.479813774233701,4.996665665570621,6.071540418555669
refined_stock,quarterly,fixed_total,1.0,trainval,alpha_win,35,108,7.674691074431486,7.670401385680157,0.031205725290184283,0.027139625822802937,0.03960375374538194,0.033123719381011885,0.02967851974813862,0.03670008525283319,5.479813774233701,4.996665665570621,6.071540418555669
refined_stock,quarterly,fixed_total,1.0,trainval,alpha_dr,35,108,6.546316501537541,6.543381721060719,0.031488945029045645,0.026004726662359756,0.044449326931633726,0.035125881178185714,0.030432029880700373,0.040377077446512866,5.479813774233701,4.996665665570621,6.071540418555669
refined_stock,quarterly,fixed_total,1.0,trainval,tau_olds,35,108,7.981694326983857,7.97921942306127,0.029519199607430657,0.024633745839830468,0.03450244204763475,0.029654810073712068,0.02688323764791778,0.032835396671027084,5.479813774233701,4.996665665570621,6.071540418555669
refined_stock,quarterly,fixed_total,1.0,trainval,frac_fu_new,35,108,10.070631099396643,10.06733171391867,0.026191872804348648,0.022984858835861655,0.03257254798838538,0.027310767899113575,0.024682068252768197,0.030280531908843944,5.479813774233701,4.996665665570621,6.071540418555669
refined_stock,quarterly,fixed_total,1.0,trainval,frac_fu_out,35,108,1.0497603765651853,1.049416449346761,0.026191872804326444,0.022984858835861655,0.03257254798838538,0.027310767899113575,0.024682068252768197,0.030280531908843944,5.479813774233701,4.996665665570621,6.071540418555669
refined_stock,quarterly,fixed_total,1.0,trainval,frac_eu_new,35,108,14.516285341889132,14.51259239302031,0.031778225509038194,0.024777646334650516,0.039914763572840295,0.03168670136068363,0.028099692681399224,0.035484041779165754,5.479813774233701,4.996665665570621,6.071540418555669
refined_stock,quarterly,fixed_total,1.0,trainval,frac_eu_into,35,108,0.8602595064120777,0.8599111889604174,0.031778225509038194,0.024777646334650516,0.039914763572840295,0.03168670136068363,0.028099692681399224,0.035484041779165754,5.479813774233701,4.996665665570621,6.071540418555669
refined_stock,quarterly,fixed_total,1.0,trainval,f_cohort_10yr,35,108,30.720127927962928,30.68463369598008,0.08982702882067706,0.07541968878266303,0.13176730538290715,0.10016524961807549,0.0854458419103199,0.11594908575200402,5.479813774233701,4.996665665570621,6.071540418555669
refined_stock,quarterly,fixed_total,1.0,trainval,f_cohort_20yr,35,108,24.074983304902975,24.060141616368558,0.10986813628937053,0.07849176731697938,0.15256871950531936,0.11317232367566987,0.09495538038736262,0.14011923933376913,5.479813774233701,4.996665665570621,6.071540418555669
refined_stock,quarterly,fixed_total,1.0,trainval,f_cohort_44yr,35,108,17.85308505974213,17.830522510884336,0.10107417585414336,0.07894199149237613,0.13450580954768032,0.10767674579221509,0.0923995442530634,0.1272931974092617,5.479813774233701,4.996665665570621,6.071540418555669
refined_stock,monthly,per_obs,1.0,trainval,alpha_cc,35,324,1.8336683649651062,1.793690090531278,2.148349383942394,1.9387512100237425,2.428635359297615,2.163356960337107,2.0578669420374176,2.2937388533310568,33.92047268735456,31.620258470223945,36.19180455675161
refined_stock,monthly,per_obs,1.0,trainval,alpha_refc,35,324,3.622748133578155,2.1753815391162012,39.78342958896177,37.546925182636244,40.75173542153759,39.46203851194183,38.63289169108779,40.329028831038045,33.92047268735456,31.620258470223945,36.19180455675161
refined_stock,monthly,per_obs,1.0,trainval,alpha_win,35,324,7.674691074431486,7.652577755339552,0.15736314176144628,0.1414518232545181,0.18050516205978528,0.1619489125330803,0.14979838146777502,0.17735527375968285,33.92047268735456,31.620258470223945,36.19180455675161
refined_stock,monthly,per_obs,1.0,trainval,alpha_dr,35,324,6.546316501537541,6.534962747985651,0.1666547054209877,0.14267970114544282,0.22867919465450193,0.1861451901181449,0.1619009473520172,0.21341919269993181,33.92047268735456,31.620258470223945,36.19180455675161
refined_stock,monthly,per_obs,1.0,trainval,tau_olds,35,324,7.981694326983857,7.968247377269265,0.1624056981267441,0.13121904406043772,0.18194964044798145,0.15837275563518605,0.1447784662782503,0.17529111292532984,33.92047268735456,31.620258470223945,36.19180455675161
refined_stock,monthly,per_obs,1.0,trainval,frac_fu_new,35,324,10.070631099396643,10.054115270138443,0.1421315791961364,0.13258002041840466,0.17077382766294003,0.1476810755952851,0.1373480720789022,0.16092787225701066,33.92047268735456,31.620258470223945,36.19180455675161
refined_stock,monthly,per_obs,1.0,trainval,frac_fu_out,35,324,1.0497603765651853,1.0480387701464562,0.1421315791961364,0.13258002041840466,0.17077382766294003,0.1476810755952851,0.1373480720789022,0.16092787225701066,33.92047268735456,31.620258470223945,36.19180455675161
refined_stock,monthly,per_obs,1.0,trainval,frac_eu_new,35,324,14.516285341889132,14.49794939420814,0.1669054002963799,0.13643590648343418,0.21568850509769977,0.1727231917218297,0.15357151725836626,0.19183780895734026,33.92047268735456,31.620258470223945,36.19180455675161
refined_stock,monthly,per_obs,1.0,trainval,frac_eu_into,35,324,0.8602595064120777,0.8581586042973801,0.1669054002963799,0.13643590648343418,0.21568850509769977,0.1727231917218297,0.15357151725836626,0.19183780895734026,33.92047268735456,31.620258470223945,36.19180455675161
refined_stock,monthly,per_obs,1.0,trainval,f_cohort_10yr,35,324,30.720127927962928,30.550518574753415,0.5276282819421718,0.41799363653072796,0.6258889770633491,0.5231993064786306,0.4630313042672918,0.5975385964710977,33.92047268735456,31.620258470223945,36.19180455675161
refined_stock,monthly,per_obs,1.0,trainval,f_cohort_20yr,35,324,24.074983304902975,23.95467528281459,0.5665746563782381,0.40867488405108565,0.7492641137133493,0.5967497458065796,0.5063161160731522,0.7089463531974927,33.92047268735456,31.620258470223945,36.19180455675161
refined_stock,monthly,per_obs,1.0,trainval,f_cohort_44yr,35,324,17.85308505974213,17.740825669673878,0.522462195305784,0.39301143240803027,0.6619069976075087,0.5509227012491819,0.4708997636553136,0.6429762831793306,33.92047268735456,31.620258470223945,36.19180455675161
refined_stock,monthly,fixed_total,1.0,trainval,alpha_cc,35,324,1.8336683649651062,1.8289507372374314,0.2580300853623374,0.23433948902041313,0.2984085427577998,0.2619278060437019,0.24648004173211113,0.2823148664187647,5.446173305511948,4.955718996478339,6.024233746408687
refined_stock,monthly,fixed_total,1.0,trainval,alpha_refc,35,324,3.622748133578155,3.268605280093524,8.749848324075128,7.924183311643917,9.53493697274369,8.814660490196507,8.409821058669891,9.194708686831198,5.446173305511948,4.955718996478339,6.024233746408687
refined_stock,monthly,fixed_total,1.0,trainval,alpha_win,35,324,7.674691074431486,7.670702634179123,0.030797334963761358,0.027083970231300825,0.03978014579517075,0.03291869327272656,0.029407924830060495,0.03634088577899597,5.446173305511948,4.955718996478339,6.024233746408687
refined_stock,monthly,fixed_total,1.0,trainval,alpha_dr,35,324,6.546316501537541,6.543409965312312,0.031543790146204564,0.02588014413396067,0.0440699778340603,0.03480491259342522,0.030363343289024902,0.040139856596743684,5.446173305511948,4.955718996478339,6.024233746408687
refined_stock,monthly,fixed_total,1.0,trainval,tau_olds,35,324,7.981694326983857,7.979227296137813,0.028841922433908707,0.024601311624872224,0.03406373844446198,0.02943667759419122,0.026806421125535884,0.032590327252363105,5.446173305511948,4.955718996478339,6.024233746408687
refined_stock,monthly,fixed_total,1.0,trainval,frac_fu_new,35,324,10.070631099396643,10.067328067660338,0.026076610064329486,0.022967269380280708,0.032537895724038535,0.027138369794577066,0.024528614335495025,0.030114447948936807,5.446173305511948,4.955718996478339,6.024233746408687
refined_stock,monthly,fixed_total,1.0,trainval,frac_fu_out,35,324,1.0497603765651853,1.0494160692615926,0.026076610064329486,0.022967269380280708,0.032537895724038535,0.027138369794577066,0.024528614335495025,0.030114447948936807,5.446173305511948,4.955718996478339,6.024233746408687
refined_stock,monthly,fixed_total,1.0,trainval,frac_eu_new,35,324,14.516285341889132,14.512741391583537,0.03177516259880164,0.0242034237429134,0.03979108094627204,0.03163900232102668,0.028007625706588657,0.035371835798647666,5.446173305511948,4.955718996478339,6.024233746408687
refined_stock,monthly,fixed_total,1.0,trainval,frac_eu_into,35,324,0.8602595064120777,0.8599149655823418,0.03177516259880164,0.0242034237429134,0.03979108094627204,0.03163900232102668,0.028007625706588657,0.035371835798647666,5.446173305511948,4.955718996478339,6.024233746408687
refined_stock,monthly,fixed_total,1.0,trainval,f_cohort_10yr,35,324,30.720127927962928,30.684487581470748,0.08977264091812875,0.07484028932046582,0.13043650769843929,0.09838075868771057,0.08478904747568627,0.11480189886071135,5.446173305511948,4.955718996478339,6.024233746408687
refined_stock,monthly,fixed_total,1.0,trainval,f_cohort_20yr,35,324,24.074983304902975,24.060299154114254,0.10989929481158844,0.07852550729239294,0.1519221992452524,0.11222713879846802,0.09456232418289523,0.13952713977735676,5.446173305511948,4.955718996478339,6.024233746408687
refined_stock,monthly,fixed_total,1.0,trainval,f_cohort_44yr,35,324,17.85308505974213,17.830960956352417,0.10057607671272173,0.07822631857143936,0.1346767616436817,0.10751626817695481,0.09225731630130296,0.1268344603970073,5.446173305511948,4.955718996478339,6.024233746408687
inuse_stock,annual,per_obs,1.0,trainval,alpha_cc,35,27,1.8336683649651062,1.832621597419557,0.05708597942513105,0.05106070905170346,0.06597926023054757,0.058804451363406174,0.05466523785160882,0.06340814333153366,5.224908990880818,4.895021380749833,5.536628629436048
inuse_stock,annual,per_obs,1.0,trainval,alpha_refc,35,27,3.622748133578155,3.61955670563728,0.08820516292897818,0.08008980303081947,0.10230048298364158,0.09019322743712421,0.08465371637385588,0.095306002133283,5.224908990880818,4.895021380749833,5.536628629436048
inuse_stock,annual,per_obs,1.0,trainval,alpha_win,35,27,7.674691074431486,7.672815102315444,0.03139407879293454,0.02291370219989486,0.03921550663803508,0.031394832701830966,0.027517658197856454,0.03550568078792837,5.224908990880818,4.895021380749833,5.536628629436048
inuse_stock,annual,per_obs,1.0,trainval,alpha_dr,35,27,6.546316501537541,6.536000074223885,0.2128616849382814,0.1932637720986452,0.26235528348016457,0.22432854290149185,0.20642124831957154,0.2417808706129898,5.224908990880818,4.895021380749833,5.536628629436048
inuse_stock,annual,per_obs,1.0,trainval,tau_olds,35,27,7.981694326983857,7.836422660290114,1.7141739269209477,1.5024770288452616,1.8187800823259215,1.6825645428860447,1.5975026338765241,1.7619192596061373,5.224908990880818,4.895021380749833,5.536628629436048
inuse_stock,annual,per_obs,1.0,trainval,frac_fu_new,35,27,10.070631099396643,10.039179245785324,0.2876389838965432,0.23239773818933274,0.32366372950952127,0.2858972549271921,0.2621447476487737,0.3095794363725701,5.224908990880818,4.895021380749833,5.536628629436048
inuse_stock,annual,per_obs,1.0,trainval,frac_fu_out,35,27,1.0497603765651853,1.0464818422444644,0.2876389838965432,0.23239773818933274,0.32366372950952127,0.2858972549271921,0.2621447476487737,0.3095794363725701,5.224908990880818,4.895021380749833,5.536628629436048
inuse_stock,annual,per_obs,1.0,trainval,frac_eu_new,35,27,14.516285341889132,14.48429783198232,0.24239987503096305,0.20783969700279292,0.31133141823323496,0.25402369670372293,0.22720425439216596,0.28594194328117606,5.224908990880818,4.895021380749833,5.536628629436048
inuse_stock,annual,per_obs,1.0,trainval,frac_eu_into,35,27,0.8602595064120777,0.8579739342339998,0.24239987503096305,0.20783969700279292,0.31133141823323496,0.25402369670372293,0.22720425439216596,0.28594194328117606,5.224908990880818,4.895021380749833,5.536628629436048
inuse_stock,annual,per_obs,1.0,trainval,f_cohort_10yr,35,27,30.720127927962928,26.823337171068314,14.522885485611726,9.74960292661068,15.875859936126258,13.343582922094976,11.84868217997031,14.930596833086913,5.224908990880818,4.895021380749833,5.536628629436048
inuse_stock,annual,per_obs,1.0,trainval,f_cohort_20yr,35,27,24.074983304902975,22.283900491994,6.209172121815687,4.110822413492632,9.694573544949858,6.733236866117309,5.438037844157407,7.960566626779775,5.224908990880818,4.895021380749833,5.536628629436048
inuse_stock,annual,per_obs,1.0,trainval,f_cohort_44yr,35,27,17.85308505974213,14.08528956468185,21.31660671492359,18.81509399597577,23.22060432814499,21.197941446582046,20.14367234302591,22.383576083743826,5.224908990880818,4.895021380749833,5.536628629436048
inuse_stock,annual,fixed_total,1.0,trainval,alpha_cc,35,27,1.8336683649651062,1.832621597419557,0.05708597942513105,0.05106070905170346,0.06597926023054757,0.058804451363406174,0.05466523785160882,0.06340814333153366,5.224908990880818,4.895021380749833,5.536628629436048
inuse_stock,annual,fixed_total,1.0,trainval,alpha_refc,35,27,3.622748133578155,3.61955670563728,0.08820516292897818,0.08008980303081947,0.10230048298364158,0.09019322743712421,0.08465371637385588,0.095306002133283,5.224908990880818,4.895021380749833,5.536628629436048
inuse_stock,annual,fixed_total,1.0,trainval,alpha_win,35,27,7.674691074431486,7.672815102315444,0.03139407879293454,0.02291370219989486,0.03921550663803508,0.031394832701830966,0.027517658197856454,0.03550568078792837,5.224908990880818,4.895021380749833,5.536628629436048
inuse_stock,annual,fixed_total,1.0,trainval,alpha_dr,35,27,6.546316501537541,6.536000074223885,0.2128616849382814,0.1932637720986452,0.26235528348016457,0.22432854290149185,0.20642124831957154,0.2417808706129898,5.224908990880818,4.895021380749833,5.536628629436048
inuse_stock,annual,fixed_total,1.0,trainval,tau_olds,35,27,7.981694326983857,7.836422660290114,1.7141739269209477,1.5024770288452616,1.8187800823259215,1.6825645428860447,1.5975026338765241,1.7619192596061373,5.224908990880818,4.895021380749833,5.536628629436048
inuse_stock,annual,fixed_total,1.0,trainval,frac_fu_new,35,27,10.070631099396643,10.039179245785324,0.2876389838965432,0.23239773818933274,0.32366372950952127,0.2858972549271921,0.2621447476487737,0.3095794363725701,5.224908990880818,4.895021380749833,5.536628629436048
inuse_stock,annual,fixed_total,1.0,trainval,frac_fu_out,35,27,1.0497603765651853,1.0464818422444644,0.2876389838965432,0.23239773818933274,0.32366372950952127,0.2858972549271921,0.2621447476487737,0.3095794363725701,5.224908990880818,4.895021380749833,5.536628629436048
inuse_stock,annual,fixed_total,1.0,trainval,frac_eu_new,35,27,14.516285341889132,14.48429783198232,0.24239987503096305,0.20783969700279292,0.31133141823323496,0.25402369670372293,0.22720425439216596,0.28594194328117606,5.224908990880818,4.895021380749833,5.536628629436048
inuse_stock,annual,fixed_total,1.0,trainval,frac_eu_into,35,27,0.8602595064120777,0.8579739342339998,0.24239987503096305,0.20783969700279292,0.31133141823323496,0.25402369670372293,0.22720425439216596,0.28594194328117606,5.224908990880818,4.895021380749833,5.536628629436048
inuse_stock,annual,fixed_total,1.0,trainval,f_cohort_10yr,35,27,30.720127927962928,26.823337171068314,14.522885485611726,9.74960292661068,15.875859936126258,13.343582922094976,11.84868217997031,14.930596833086913,5.224908990880818,4.895021380749833,5.536628629436048
inuse_stock,annual,fixed_total,1.0,trainval,f_cohort_20yr,35,27,24.074983304902975,22.283900491994,6.209172121815687,4.110822413492632,9.694573544949858,6.733236866117309,5.438037844157407,7.960566626779775,5.224908990880818,4.895021380749833,5.536628629436048
inuse_stock,annual,fixed_total,1.0,trainval,f_cohort_44yr,35,27,17.85308505974213,14.08528956468185,21.31660671492359,18.81509399597577,23.22060432814499,21.197941446582046,20.14367234302591,22.383576083743826,5.224908990880818,4.895021380749833,5.536628629436048
inuse_stock,quarterly,per_obs,1.0,trainval,alpha_cc,35,108,1.8336683649651062,1.8293202317504056,0.2304461304489358,0.20974411355660916,0.2630726880476941,0.23413404743732324,0.22017176042796738,0.2493158947471985,9.34006604091275,8.89385279170306,9.808278202388989
inuse_stock,quarterly,per_obs,1.0,trainval,alpha_refc,35,108,3.622748133578155,3.6125070348801414,0.28262709063535674,0.2555764677193595,0.30271892743801154,0.2788272980862261,0.2620493056830375,0.29241759687245183,9.34006604091275,8.89385279170306,9.808278202388989
inuse_stock,quarterly,per_obs,1.0,trainval,alpha_win,35,108,7.674691074431486,7.670188222565378,0.066793865552639,0.05433461098964254,0.09067069749162382,0.06988433022134533,0.06096734369655521,0.08035544866275557,9.34006604091275,8.89385279170306,9.808278202388989
inuse_stock,quarterly,per_obs,1.0,trainval,alpha_dr,35,108,6.546316501537541,6.509703589125561,0.6536500423385938,0.5535203814578782,0.7550589003206265,0.6634390517263167,0.6157401513476213,0.7088292549011832,9.34006604091275,8.89385279170306,9.808278202388989
inuse_stock,quarterly,per_obs,1.0,trainval,tau_olds,35,108,7.981694326983857,7.699043163416496,3.54373809353401,3.050249529507104,3.695024461631502,3.374567692014857,3.2356859059504526,3.566164018639839,9.34006604091275,8.89385279170306,9.808278202388989
inuse_stock,quarterly,per_obs,1.0,trainval,frac_fu_new,35,108,10.070631099396643,10.017474752963922,0.5375746020230165,0.4622152825551784,0.6298273390366094,0.5566301054365397,0.5162439753682635,0.6066958889243357,9.34006604091275,8.89385279170306,9.808278202388989
inuse_stock,quarterly,per_obs,1.0,trainval,frac_fu_out,35,108,1.0497603765651853,1.0442193706741658,0.5375746020230165,0.4622152825551784,0.6298273390366094,0.5566301054365397,0.5162439753682635,0.6066958889243357,9.34006604091275,8.89385279170306,9.808278202388989
inuse_stock,quarterly,per_obs,1.0,trainval,frac_eu_new,35,108,14.516285341889132,14.457183022705834,0.4195861931508227,0.3763324027739823,0.5199653669679227,0.43313031632163934,0.398903091600078,0.4762654988663906,9.34006604091275,8.89385279170306,9.808278202388989
inuse_stock,quarterly,per_obs,1.0,trainval,frac_eu_into,35,108,0.8602595064120777,0.8561079862168637,0.4195861931508227,0.3763324027739823,0.5199653669679227,0.43313031632163934,0.398903091600078,0.4762654988663906,9.34006604091275,8.89385279170306,9.808278202388989
inuse_stock,quarterly,per_obs,1.0,trainval,f_cohort_10yr,35,108,30.720127927962928,26.12832068386705,16.39274610139646,11.231855518275186,18.296854010968318,15.607113047807331,13.817404285457414,17.17216864842408,9.34006604091275,8.89385279170306,9.808278202388989
inuse_stock,quarterly,per_obs,1.0,trainval,f_cohort_20yr,35,108,24.074983304902975,22.097487649906252,7.1966543375409975,4.661360593488073,11.371886947351307,7.871939127461664,6.558844311810907,9.359994052061605,9.34006604091275,8.89385279170306,9.808278202388989
inuse_stock,quarterly,per_obs,1.0,trainval,f_cohort_44yr,35,108,17.85308505974213,13.58709579139128,25.211192226889057,22.53925948537927,27.39888670212207,24.96330697462526,23.777565105351933,26.339290558992396,9.34006604091275,8.89385279170306,9.808278202388989
inuse_stock,quarterly,fixed_total,1.0,trainval,alpha_cc,35,108,1.8336683649651062,1.8323599246417404,0.06968580948990555,0.0658429778568892,0.08246221636518669,0.07310841352912156,0.06842067101244798,0.07893181607309674,5.121904250863804,4.792877143130873,5.423501930073506
inuse_stock,quarterly,fixed_total,1.0,trainval,alpha_refc,35,108,3.622748133578155,3.6196050393041594,0.08591584420273302,0.07749353972237305,0.09644507855146589,0.08696314826768525,0.08189531248126714,0.09157309166786254,5.121904250863804,4.792877143130873,5.423501930073506
inuse_stock,quarterly,fixed_total,1.0,trainval,alpha_win,35,108,7.674691074431486,7.672820261556557,0.030950507879556888,0.02361738713224093,0.03926655666407486,0.03134521056134543,0.027603352561178518,0.03560509520855737,5.121904250863804,4.792877143130873,5.423501930073506
inuse_stock,quarterly,fixed_total,1.0,trainval,alpha_dr,35,108,6.546316501537541,6.535638274285876,0.2190907056124347,0.20027850937863745,0.26830739110134116,0.2301458973664655,0.21244475075898883,0.24733390712599057,5.121904250863804,4.792877143130873,5.423501930073506
inuse_stock,quarterly,fixed_total,1.0,trainval,tau_olds,35,108,7.981694326983857,7.837722630788637,1.6979777593634005,1.4829420783851799,1.7994346929064986,1.6545871978730808,1.5765644887910213,1.7365999988979919,5.121904250863804,4.792877143130873,5.423501930073506
inuse_stock,quarterly,fixed_total,1.0,trainval,frac_fu_new,35,108,10.070631099396643,10.039850841159883,0.283032139581163,0.22533551164929944,0.31824441474346266,0.27863302829843617,0.2539387740349175,0.30244529376796114,5.121904250863804,4.792877143130873,5.423501930073506
inuse_stock,quarterly,fixed_total,1.0,trainval,frac_fu_out,35,108,1.0497603765651853,1.0465518491989776,0.283032139581163,0.22533551164929944,0.31824441474346266,0.27863302829843617,0.2539387740349175,0.30244529376796114,5.121904250863804,4.792877143130873,5.423501930073506
inuse_stock,quarterly,fixed_total,1.0,trainval,frac_eu_new,35,108,14.516285341889132,14.4867349959499,0.23681680520196702,0.2000164940558713,0.3052245258022612,0.24571503270617578,0.21984651467440997,0.2771181107191434,5.121904250863804,4.792877143130873,5.423501930073506
inuse_stock,quarterly,fixed_total,1.0,trainval,frac_eu_into,35,108,0.8602595064120777,0.8581208755676569,0.23681680520196702,0.2000164940558713,0.3052245258022612,0.24571503270617578,0.21984651467440997,0.2771181107191434,5.121904250863804,4.792877143130873,5.423501930073506
inuse_stock,quarterly,fixed_total,1.0,trainval,f_cohort_10yr,35,108,30.720127927962928,26.86859403889402,14.164500369126621,9.632389546667325,15.782271469797081,13.100745848408772,11.632323315206428,14.67107681540039,5.121904250863804,4.792877143130873,5.423501930073506
inuse_stock,quarterly,fixed_total,1.0,trainval,f_cohort_20yr,35,108,24.074983304902975,22.29605158550885,5.98257060138081,4.061424680696191,9.480149162698144,6.565065425041899,5.3334022318241745,7.752090420431923,5.121904250863804,4.792877143130873,5.423501930073506
inuse_stock,quarterly,fixed_total,1.0,trainval,f_cohort_44yr,35,108,17.85308505974213,14.140468657608563,20.611281123208634,18.660768983737402,22.84392499100303,20.711200422320807,19.653399874091182,21.781162061553072,5.121904250863804,4.792877143130873,5.423501930073506
inuse_stock,monthly,per_obs,1.0,trainval,alpha_cc,35,324,1.8336683649651062,1.822593929362859,0.6039497552469353,0.5363421223910314,0.6817935197385494,0.6078506814955059,0.5725715015532096,0.6375823866566821,14.410406310050952,13.755841872947027,15.099049647488613
inuse_stock,monthly,per_obs,1.0,trainval,alpha_refc,35,324,3.622748133578155,3.5958239140484376,0.7097801816234983,0.6575323105092845,0.7641855904884254,0.7091203574787097,0.6745190921625288,0.7422957731325952,14.410406310050952,13.755841872947027,15.099049647488613
inuse_stock,monthly,per_obs,1.0,trainval,alpha_win,35,324,7.674691074431486,7.66502016026192,0.12601046837943386,0.10427640247672176,0.17472711986628586,0.13594631506262944,0.1163094423041855,0.1572663292204679,14.410406310050952,13.755841872947027,15.099049647488613
inuse_stock,monthly,per_obs,1.0,trainval,alpha_dr,35,324,6.546316501537541,6.473403959332942,1.446927967845002,1.171876672397465,1.5477388063670883,1.3913538102079792,1.300495842482241,1.4866325743882025,14.410406310050952,13.755841872947027,15.099049647488613
inuse_stock,monthly,per_obs,1.0,trainval,tau_olds,35,324,7.981694326983857,7.521149507089668,5.657424016740298,5.181763533643169,6.1348376061814145,5.627884288806683,5.4115800850520035,5.865359258203462,14.410406310050952,13.755841872947027,15.099049647488613
inuse_stock,monthly,per_obs,1.0,trainval,frac_fu_new,35,324,10.070631099396643,9.987001938549751,0.929194639559694,0.8098255814849797,1.1051812007086492,0.9412148812408039,0.8711224177128274,1.0439073552993727,14.410406310050952,13.755841872947027,15.099049647488613
inuse_stock,monthly,per_obs,1.0,trainval,frac_fu_out,35,324,1.0497603765651853,1.0410428911845797,0.929194639559694,0.8098255814849797,1.1051812007086492,0.9412148812408039,0.8711224177128274,1.0439073552993727,14.410406310050952,13.755841872947027,15.099049647488613
inuse_stock,monthly,per_obs,1.0,trainval,frac_eu_new,35,324,14.516285341889132,14.412878976214738,0.6322315554010194,0.5346072891648457,0.7337901946314063,0.6325308406575192,0.5820189003029441,0.6809030223071777,14.410406310050952,13.755841872947027,15.099049647488613
inuse_stock,monthly,per_obs,1.0,trainval,frac_eu_into,35,324,0.8602595064120777,0.8532443659921755,0.6322315554010194,0.5346072891648457,0.7337901946314063,0.6325308406575192,0.5820189003029441,0.6809030223071777,14.410406310050952,13.755841872947027,15.099049647488613
inuse_stock,monthly,per_obs,1.0,trainval,f_cohort_10yr,35,324,30.720127927962928,25.708779975045474,17.60707865205352,12.135189880436153,19.529718153334542,16.741591048329006,14.838458188826202,18.30386214270837,14.410406310050952,13.755841872947027,15.099049647488613
inuse_stock,monthly,per_obs,1.0,trainval,f_cohort_20yr,35,324,24.074983304902975,21.962511263661057,8.261268768548103,5.118203304541346,12.416565969790815,8.593048888277194,7.173115160568871,10.24391378223702,14.410406310050952,13.755841872947027,15.099049647488613
inuse_stock,monthly,per_obs,1.0,trainval,f_cohort_44yr,35,324,17.85308505974213,13.324457688407188,26.72532016033571,24.304744051497792,29.33141022138919,26.831240284209294,25.515911365826543,28.283984505823128,14.410406310050952,13.755841872947027,15.099049647488613
inuse_stock,monthly,fixed_total,1.0,trainval,alpha_cc,35,324,1.8336683649651062,1.8323603219505176,0.06974857726149697,0.06585484921571294,0.08233950294770365,0.07293082790994221,0.06841725137506915,0.07885617898739095,5.095890445431047,4.767696843460851,5.395570420311031
inuse_stock,monthly,fixed_total,1.0,trainval,alpha_refc,35,324,3.622748133578155,3.619601174980216,0.08608744011062708,0.07736964274564495,0.09637322086323286,0.08672714556320626,0.0818263431850208,0.09146802486404981,5.095890445431047,4.767696843460851,5.395570420311031
inuse_stock,monthly,fixed_total,1.0,trainval,alpha_win,35,324,7.674691074431486,7.672822332858423,0.030584092095031767,0.02357428785297877,0.03907435704677553,0.03123332126826195,0.027482116786137212,0.03538737128953584,5.095890445431047,4.767696843460851,5.395570420311031
inuse_stock,monthly,fixed_total,1.0,trainval,alpha_dr,35,324,6.546316501537541,6.535645312688381,0.21875555536809976,0.1999441962699744,0.26722837641265373,0.22952915142648578,0.2119473687996587,0.24711423536820654,5.095890445431047,4.767696843460851,5.395570420311031
inuse_stock,monthly,fixed_total,1.0,trainval,tau_olds,35,324,7.981694326983857,7.838063834077296,1.6940627582039625,1.4752174669410867,1.7948703500578034,1.6488604178247268,1.5706895185205683,1.730039168738673,5.095890445431047,4.767696843460851,5.395570420311031
inuse_stock,monthly,fixed_total,1.0,trainval,frac_fu_new,35,324,10.070631099396643,10.039935041184133,0.28147798878642716,0.22379000937081672,0.31726561718400936,0.27701167216212796,0.25110047262755786,0.30114537341406344,5.095890445431047,4.767696843460851,5.395570420311031
inuse_stock,monthly,fixed_total,1.0,trainval,frac_fu_out,35,324,1.0497603765651853,1.0465606261910345,0.28147798878642716,0.22379000937081672,0.31726561718400936,0.27701167216212796,0.25110047262755786,0.30114537341406344,5.095890445431047,4.767696843460851,5.395570420311031
inuse_stock,monthly,fixed_total,1.0,trainval,frac_eu_new,35,324,14.516285341889132,14.487339602390142,0.233736839370291,0.1968366596718396,0.303042209659532,0.24338686962791511,0.21799815127756528,0.275082284600503,5.095890445431047,4.767696843460851,5.395570420311031
inuse_stock,monthly,fixed_total,1.0,trainval,frac_eu_into,35,324,0.8602595064120777,0.8581620755355457,0.233736839370291,0.1968366596718396,0.303042209659532,0.24338686962791511,0.21799815127756528,0.275082284600503,5.095890445431047,4.767696843460851,5.395570420311031
inuse_stock,monthly,fixed_total,1.0,trainval,f_cohort_10yr,35,324,30.720127927962928,26.931311764881283,14.062831043821323,9.605091428576863,15.759511982457248,13.03930797980972,11.577951934490699,14.635798071711376,5.095890445431047,4.767696843460851,5.395570420311031
inuse_stock,monthly,fixed_total,1.0,trainval,f_cohort_20yr,35,324,24.074983304902975,22.2988252560262,5.93013790987964,4.047630551486547,9.430467438677399,6.530278559083872,5.290995242479729,7.713389149871464,5.095890445431047,4.767696843460851,5.395570420311031
inuse_stock,monthly,fixed_total,1.0,trainval,f_cohort_44yr,35,324,17.85308505974213,14.170906136154391,20.457112575637993,18.566546508061656,22.690081017605664,20.591763981132612,19.53311009107602,21.62352609228715,5.095890445431047,4.767696843460851,5.395570420311031
scrap_stock,annual,per_obs,1.0,trainval,alpha_cc,35,27,1.8336683649651062,1.8325351855929954,0.057154775652090706,0.0479678299949271,0.07014950442588153,0.058659018158882525,0.05320167236812501,0.06568959050563539,7.991533950428369,7.626143884847004,9.23842112078729
scrap_stock,annual,per_obs,1.0,trainval,alpha_refc,35,27,3.622748133578155,3.6195030383626245,0.09496374537318886,0.08523113602771915,0.1082100449733947,0.09647537583386823,0.09049038811693166,0.10290294653420018,7.991533950428369,7.626143884847004,9.23842112078729
scrap_stock,annual,per_obs,1.0,trainval,alpha_win,35,27,7.674691074431486,7.669333094657141,0.1933968002837405,0.15180255606686566,0.26706928908071803,0.2094169903103793,0.17361457145204096,0.2578876262150698,7.991533950428369,7.626143884847004,9.23842112078729
scrap_stock,annual,per_obs,1.0,trainval,alpha_dr,35,27,6.546316501537541,6.433430852749301,2.0823416676071904,1.794004210335809,2.463969582005132,2.139750154642142,1.967850235502766,2.285097908791661,7.991533950428369,7.626143884847004,9.23842112078729
scrap_stock,annual,per_obs,1.0,trainval,tau_olds,35,27,7.981694326983857,7.925199851552019,0.4984441317106736,0.38683569069984935,0.6333397011260622,0.5103700861526311,0.44544006212088316,0.575994529001661,7.991533950428369,7.626143884847004,9.23842112078729
scrap_stock,annual,per_obs,1.0,trainval,frac_fu_new,35,27,10.070631099396643,9.989132644228787,0.7320411927677073,0.6766852071098006,0.8632993266478317,0.7625148866796938,0.7144099297350881,0.8335987942969025,7.991533950428369,7.626143884847004,9.23842112078729
scrap_stock,annual,per_obs,1.0,trainval,frac_fu_out,35,27,1.0497603765651853,1.0412649954771405,0.7320411927677073,0.6766852071098006,0.8632993266478317,0.7625148866796938,0.7144099297350881,0.8335987942969025,7.991533950428369,7.626143884847004,9.23842112078729
scrap_stock,annual,per_obs,1.0,trainval,frac_eu_new,35,27,14.516285341889132,14.475782389030018,0.2944256096852449,0.23497122288180794,0.34864064115434634,0.29716671691144003,0.2650406823820117,0.32822225759345236,7.991533950428369,7.626143884847004,9.23842112078729
scrap_stock,annual,per_obs,1.0,trainval,frac_eu_into,35,27,0.8602595064120777,0.8578818044018536,0.2944256096852449,0.23497122288180794,0.34864064115434634,0.29716671691144003,0.2650406823820117,0.32822225759345236,7.991533950428369,7.626143884847004,9.23842112078729
scrap_stock,annual,per_obs,1.0,trainval,f_cohort_10yr,35,27,30.720127927962928,30.693110113370555,0.1425352207606645,0.11107308800170634,0.17719560086312258,0.14488934533251618,0.12751248355342693,0.1693307660976362,7.991533950428369,7.626143884847004,9.23842112078729
scrap_stock,annual,per_obs,1.0,trainval,f_cohort_20yr,35,27,24.074983304902975,24.053769599291396,0.13031536914428488,0.09529089207323538,0.15670229908482103,0.12602375857828363,0.11305175214645358,0.14283208388986002,7.991533950428369,7.626143884847004,9.23842112078729
scrap_stock,annual,per_obs,1.0,trainval,f_cohort_44yr,35,27,17.85308505974213,17.79984478507813,0.16298544317217,0.13255139818469375,0.2100962406307194,0.17196635490139278,0.15181651026562326,0.19454909972109746,7.991533950428369,7.626143884847004,9.23842112078729
scrap_stock,annual,fixed_total,1.0,trainval,alpha_cc,35,27,1.8336683649651062,1.8325351855929954,0.057154775652090706,0.0479678299949271,0.07014950442588153,0.058659018158882525,0.05320167236812501,0.06568959050563539,7.991533950428369,7.626143884847004,9.23842112078729
scrap_stock,annual,fixed_total,1.0,trainval,alpha_refc,35,27,3.622748133578155,3.6195030383626245,0.09496374537318886,0.08523113602771915,0.1082100449733947,0.09647537583386823,0.09049038811693166,0.10290294653420018,7.991533950428369,7.626143884847004,9.23842112078729
scrap_stock,annual,fixed_total,1.0,trainval,alpha_win,35,27,7.674691074431486,7.669333094657141,0.1933968002837405,0.15180255606686566,0.26706928908071803,0.2094169903103793,0.17361457145204096,0.2578876262150698,7.991533950428369,7.626143884847004,9.23842112078729
scrap_stock,annual,fixed_total,1.0,trainval,alpha_dr,35,27,6.546316501537541,6.433430852749301,2.0823416676071904,1.794004210335809,2.463969582005132,2.139750154642142,1.967850235502766,2.285097908791661,7.991533950428369,7.626143884847004,9.23842112078729
scrap_stock,annual,fixed_total,1.0,trainval,tau_olds,35,27,7.981694326983857,7.925199851552019,0.4984441317106736,0.38683569069984935,0.6333397011260622,0.5103700861526311,0.44544006212088316,0.575994529001661,7.991533950428369,7.626143884847004,9.23842112078729
scrap_stock,annual,fixed_total,1.0,trainval,frac_fu_new,35,27,10.070631099396643,9.989132644228787,0.7320411927677073,0.6766852071098006,0.8632993266478317,0.7625148866796938,0.7144099297350881,0.8335987942969025,7.991533950428369,7.626143884847004,9.23842112078729
scrap_stock,annual,fixed_total,1.0,trainval,frac_fu_out,35,27,1.0497603765651853,1.0412649954771405,0.7320411927677073,0.6766852071098006,0.8632993266478317,0.7625148866796938,0.7144099297350881,0.8335987942969025,7.991533950428369,7.626143884847004,9.23842112078729
scrap_stock,annual,fixed_total,1.0,trainval,frac_eu_new,35,27,14.516285341889132,14.475782389030018,0.2944256096852449,0.23497122288180794,0.34864064115434634,0.29716671691144003,0.2650406823820117,0.32822225759345236,7.991533950428369,7.626143884847004,9.23842112078729
scrap_stock,annual,fixed_total,1.0,trainval,frac_eu_into,35,27,0.8602595064120777,0.8578818044018536,0.2944256096852449,0.23497122288180794,0.34864064115434634,0.29716671691144003,0.2650406823820117,0.32822225759345236,7.991533950428369,7.626143884847004,9.23842112078729
scrap_stock,annual,fixed_total,1.0,trainval,f_cohort_10yr,35,27,30.720127927962928,30.693110113370555,0.1425352207606645,0.11107308800170634,0.17719560086312258,0.14488934533251618,0.12751248355342693,0.1693307660976362,7.991533950428369,7.626143884847004,9.23842112078729
scrap_stock,annual,fixed_total,1.0,trainval,f_cohort_20yr,35,27,24.074983304902975,24.053769599291396,0.13031536914428488,0.09529089207323538,0.15670229908482103,0.12602375857828363,0.11305175214645358,0.14283208388986002,7.991533950428369,7.626143884847004,9.23842112078729
scrap_stock,annual,fixed_total,1.0,trainval,f_cohort_44yr,35,27,17.85308505974213,17.79984478507813,0.16298544317217,0.13255139818469375,0.2100962406307194,0.17196635490139278,0.15181651026562326,0.19454909972109746,7.991533950428369,7.626143884847004,9.23842112078729
scrap_stock,quarterly,per_obs,1.0,trainval,alpha_cc,35,108,1.8336683649651062,1.828485454364634,0.20348875662885568,0.1686898011607707,0.2875207751326547,0.22350883343343064,0.19207468114315063,0.25287045850491685,21.36002396584173,20.033384140938054,24.09058069553718
scrap_stock,quarterly,per_obs,1.0,trainval,alpha_refc,35,108,3.622748133578155,3.61475261494897,0.24763925729357483,0.23257252489977676,0.26720764255512286,0.2501121258727035,0.2358227098034904,0.26454548289671087,21.36002396584173,20.033384140938054,24.09058069553718
scrap_stock,quarterly,per_obs,1.0,trainval,alpha_win,35,108,7.674691074431486,7.660959131564076,0.5144575206948998,0.4069755913005624,0.7296820931262271,0.5309146639194906,0.44843345568333914,0.637915528470484,21.36002396584173,20.033384140938054,24.09058069553718
scrap_stock,quarterly,per_obs,1.0,trainval,alpha_dr,35,108,6.546316501537541,6.229428818813229,5.0125106947185305,4.576163530810218,6.436514825930317,5.490897453856821,4.955102521204163,5.793985363255805,21.36002396584173,20.033384140938054,24.09058069553718
scrap_stock,quarterly,per_obs,1.0,trainval,tau_olds,35,108,7.981694326983857,7.865998780453056,1.0898814505561183,0.9174201603376619,1.5575005949896026,1.2137582554487074,1.0439725582156612,1.3775916440877112,21.36002396584173,20.033384140938054,24.09058069553718
scrap_stock,quarterly,per_obs,1.0,trainval,frac_fu_new,35,108,10.070631099396643,9.892614134865603,1.6112851849441112,1.4694595643756858,1.9390174914518,1.677101896356098,1.5426431135577068,1.8619516299680228,21.36002396584173,20.033384140938054,24.09058069553718
scrap_stock,quarterly,per_obs,1.0,trainval,frac_fu_out,35,108,1.0497603765651853,1.0312039272347862,1.6112851849441112,1.4694595643756858,1.9390174914518,1.677101896356098,1.5426431135577068,1.8619516299680228,21.36002396584173,20.033384140938054,24.09058069553718
scrap_stock,quarterly,per_obs,1.0,trainval,frac_eu_new,35,108,14.516285341889132,14.426842280827275,0.6638376183476513,0.5228699763919431,0.7791181546988213,0.6622115766993564,0.5973295279363466,0.7315290735810831,21.36002396584173,20.033384140938054,24.09058069553718
scrap_stock,quarterly,per_obs,1.0,trainval,frac_eu_into,35,108,0.8602595064120777,0.8549023661689474,0.6638376183476513,0.5228699763919431,0.7791181546988213,0.6622115766993564,0.5973295279363466,0.7315290735810831,21.36002396584173,20.033384140938054,24.09058069553718
scrap_stock,quarterly,per_obs,1.0,trainval,f_cohort_10yr,35,108,30.720127927962928,30.647732747872723,0.3753620171591865,0.31455803346301936,0.4680715188055573,0.39123382191919576,0.3461330902460813,0.44355727924660915,21.36002396584173,20.033384140938054,24.09058069553718
scrap_stock,quarterly,per_obs,1.0,trainval,f_cohort_20yr,35,108,24.074983304902975,24.010295664323866,0.3376815430100599,0.25465194198344143,0.42395631296310854,0.3399177800939207,0.30171884178852304,0.38338175499259,21.36002396584173,20.033384140938054,24.09058069553718
scrap_stock,quarterly,per_obs,1.0,trainval,f_cohort_44yr,35,108,17.85308505974213,17.72291126811938,0.4222373553107728,0.34589112869765626,0.5383986291554899,0.43613342833591084,0.38654830531528184,0.4901200005495876,21.36002396584173,20.033384140938054,24.09058069553718
scrap_stock,quarterly,fixed_total,1.0,trainval,alpha_cc,35,108,1.8336683649651062,1.831921891340736,0.06876337769405882,0.057300738328980305,0.09475347719581917,0.07507679269147527,0.06492908876341019,0.08522706007987324,8.096372009453427,7.655983018559446,9.423668591630879
scrap_stock,quarterly,fixed_total,1.0,trainval,alpha_refc,35,108,3.622748133578155,3.619905973894086,0.08747369115855719,0.07805291469422104,0.09744925627600542,0.08791176064354422,0.08201509805210172,0.09467880306691656,8.096372009453427,7.655983018559446,9.423668591630879
scrap_stock,quarterly,fixed_total,1.0,trainval,alpha_win,35,108,7.674691074431486,7.668985165908949,0.22986397927134972,0.17347261892959875,0.30052238272097465,0.23783806827813725,0.19427598159069137,0.28655627448233023,8.096372009453427,7.655983018559446,9.423668591630879
scrap_stock,quarterly,fixed_total,1.0,trainval,alpha_dr,35,108,6.546316501537541,6.419028562084435,2.1949935331831982,2.0158316129473053,2.8268138175330915,2.401006543306278,2.158939858439801,2.566022429552406,8.096372009453427,7.655983018559446,9.423668591630879
scrap_stock,quarterly,fixed_total,1.0,trainval,tau_olds,35,108,7.981694326983857,7.921036553318741,0.559758846200864,0.42401993315523967,0.7077269566185818,0.5634876306903153,0.49080796357456324,0.6450056218484324,8.096372009453427,7.655983018559446,9.423668591630879
scrap_stock,quarterly,fixed_total,1.0,trainval,frac_fu_new,35,108,10.070631099396643,9.984385125566202,0.8018666158785437,0.7171688607018945,0.9534197434778624,0.826005122075632,0.7640478205283352,0.9130245738376508,8.096372009453427,7.655983018559446,9.423668591630879
scrap_stock,quarterly,fixed_total,1.0,trainval,frac_fu_out,35,108,1.0497603765651853,1.0407701151732356,0.8018666158785437,0.7171688607018945,0.9534197434778624,0.826005122075632,0.7640478205283352,0.9130245738376508,8.096372009453427,7.655983018559446,9.423668591630879
scrap_stock,quarterly,fixed_total,1.0,trainval,frac_eu_new,35,108,14.516285341889132,14.471210094657609,0.3105150261923484,0.25258574137672074,0.3739889774743377,0.32073272554529186,0.2850913783500941,0.35706677023005784,8.096372009453427,7.655983018559446,9.423668591630879
scrap_stock,quarterly,fixed_total,1.0,trainval,frac_eu_into,35,108,0.8602595064120777,0.8578351452710642,0.3105150261923484,0.25258574137672074,0.3739889774743377,0.32073272554529186,0.2850913783500941,0.35706677023005784,8.096372009453427,7.655983018559446,9.423668591630879
scrap_stock,quarterly,fixed_total,1.0,trainval,f_cohort_10yr,35,108,30.720127927962928,30.69191310346672,0.15897330982153068,0.12423539274412643,0.18748563478488967,0.15786049329916674,0.14037657849756413,0.18105823599280368,8.096372009453427,7.655983018559446,9.423668591630879
scrap_stock,quarterly,fixed_total,1.0,trainval,f_cohort_20yr,35,108,24.074983304902975,24.05006170665169,0.13192476523455898,0.10330289622049182,0.16975957737532243,0.1380819514237852,0.12260956692488056,0.1553100544957442,8.096372009453427,7.655983018559446,9.423668591630879
scrap_stock,quarterly,fixed_total,1.0,trainval,f_cohort_44yr,35,108,17.85308505974213,17.795939874197053,0.17855800584964943,0.14370066416198868,0.2182322843385931,0.1807717168583578,0.15993243986676675,0.20400265022531006,8.096372009453427,7.655983018559446,9.423668591630879
scrap_stock,monthly,per_obs,1.0,trainval,alpha_cc,35,324,1.8336683649651062,1.8235926466774852,0.40806737087621947,0.33793473098493454,0.5814244844064675,0.45338136665330486,0.39153791721577846,0.5139537612883882,38.1191455913454,35.9435654629611,41.64373376643727
scrap_stock,monthly,per_obs,1.0,trainval,alpha_refc,35,324,3.622748133578155,3.6058166798296756,0.5067415639309125,0.46872760093183974,0.5450206969452531,0.5076885500429396,0.48513129833956947,0.5351153780744466,38.1191455913454,35.9435654629611,41.64373376643727
scrap_stock,monthly,per_obs,1.0,trainval,alpha_win,35,324,7.674691074431486,7.652538879270649,0.752835168759991,0.5890584196608151,1.0838810692206546,0.7994260227756789,0.6696596002319755,0.9473581307779366,38.1191455913454,35.9435654629611,41.64373376643727
scrap_stock,monthly,per_obs,1.0,trainval,alpha_dr,35,324,6.546316501537541,6.0602589862395115,7.702139762392413,6.8073279277935,9.484818882346568,8.13790994950134,7.462987997911485,8.603514888291242,38.1191455913454,35.9435654629611,41.64373376643727
scrap_stock,monthly,per_obs,1.0,trainval,tau_olds,35,324,7.981694326983857,7.826652076957345,1.5899867174007376,1.366608636982758,2.2757191676341106,1.7669960186749767,1.518833289440058,1.9806069632698542,38.1191455913454,35.9435654629611,41.64373376643727
scrap_stock,monthly,per_obs,1.0,trainval,frac_fu_new,35,324,10.070631099396643,9.829574050972468,2.2526678875894657,2.0273577298102143,2.6394091518463334,2.3193754140502563,2.1340238205372843,2.5552615010575708,38.1191455913454,35.9435654629611,41.64373376643727
scrap_stock,monthly,per_obs,1.0,trainval,frac_fu_out,35,324,1.0497603765651853,1.0246326427191292,2.2526678875894657,2.0273577298102143,2.6394091518463334,2.3193754140502563,2.1340238205372843,2.5552615010575708,38.1191455913454,35.9435654629611,41.64373376643727
scrap_stock,monthly,per_obs,1.0,trainval,frac_eu_new,35,324,14.516285341889132,14.388477745079346,0.9574272208966339,0.7797861063330469,1.1231258031243474,0.9553496478353352,0.8592091053211293,1.0521973306378163,38.1191455913454,35.9435654629611,41.64373376643727
scrap_stock,monthly,per_obs,1.0,trainval,frac_eu_into,35,324,0.8602595064120777,0.8526808830515747,0.9574272208966339,0.7797861063330469,1.1231258031243474,0.9553496478353352,0.8592091053211293,1.0521973306378163,38.1191455913454,35.9435654629611,41.64373376643727
scrap_stock,monthly,per_obs,1.0,trainval,f_cohort_10yr,35,324,30.720127927962928,30.587342156805597,0.6413846290960423,0.5387307947204045,0.78897925097553,0.6561155273274832,0.5849586303198762,0.7192992519114427,38.1191455913454,35.9435654629611,41.64373376643727
scrap_stock,monthly,per_obs,1.0,trainval,f_cohort_20yr,35,324,24.074983304902975,23.95923044722632,0.5531999606003257,0.43138842401648225,0.7121187181337585,0.5670628141311085,0.5010907356547356,0.643167957134716,38.1191455913454,35.9435654629611,41.64373376643727
scrap_stock,monthly,per_obs,1.0,trainval,f_cohort_44yr,35,324,17.85308505974213,17.657481060302903,0.6922491971157685,0.5354835000625557,0.8721845460157862,0.7041732409883483,0.6280410701374639,0.7903169973337565,38.1191455913454,35.9435654629611,41.64373376643727
scrap_stock,monthly,fixed_total,1.0,trainval,alpha_cc,35,324,1.8336683649651062,1.8319227349275462,0.06880233849511086,0.05706668887845989,0.09480734359483822,0.0749821238177878,0.06492143918814808,0.08529429325335736,8.028255884326168,7.592615849246317,9.350208531772061
scrap_stock,monthly,fixed_total,1.0,trainval,alpha_refc,35,324,3.622748133578155,3.6199119825667574,0.08761928071651104,0.07817529827038872,0.09708120055320624,0.08760224361816782,0.08166096102540932,0.09459157908563443,8.028255884326168,7.592615849246317,9.350208531772061
scrap_stock,monthly,fixed_total,1.0,trainval,alpha_win,35,324,7.674691074431486,7.668997459878547,0.2298386022234422,0.17352406589264402,0.29921040794717024,0.23766101766256598,0.19369119865524365,0.2857175922096833,8.028255884326168,7.592615849246317,9.350208531772061
scrap_stock,monthly,fixed_total,1.0,trainval,alpha_dr,35,324,6.546316501537541,6.4190509255117325,2.194097047679522,2.0060356445563308,2.8148906032691046,2.3768882370395508,2.144901715816655,2.5454500946388237,8.028255884326168,7.592615849246317,9.350208531772061
scrap_stock,monthly,fixed_total,1.0,trainval,tau_olds,35,324,7.981694326983857,7.921065132280529,0.5595216114308466,0.423934104777568,0.707517538925645,0.5629369855303129,0.48983317111519487,0.6417563428143702,8.028255884326168,7.592615849246317,9.350208531772061
scrap_stock,monthly,fixed_total,1.0,trainval,frac_fu_new,35,324,10.070631099396643,9.984641839178229,0.8015458121898966,0.7121818661131984,0.9459957961300947,0.8214862430418607,0.7577405086653832,0.904284748747658,8.028255884326168,7.592615849246317,9.350208531772061
scrap_stock,monthly,fixed_total,1.0,trainval,frac_fu_out,35,324,1.0497603765651853,1.0407968749438368,0.8015458121898855,0.7121818661131984,0.9459957961300947,0.8214862430418607,0.7577405086653777,0.904284748747658,8.028255884326168,7.592615849246317,9.350208531772061
scrap_stock,monthly,fixed_total,1.0,trainval,frac_eu_new,35,324,14.516285341889132,14.472904113762098,0.3015835108162168,0.25110273251596205,0.3719480823405841,0.31721835721952585,0.2833182772913334,0.3525935992495066,8.028255884326168,7.592615849246317,9.350208531772061
scrap_stock,monthly,fixed_total,1.0,trainval,frac_eu_into,35,324,0.8602595064120777,0.8578676027983343,0.3015835108162168,0.25110273251596205,0.3719480823405841,0.31721835721952585,0.2833182772913334,0.3525935992495066,8.028255884326168,7.592615849246317,9.350208531772061
scrap_stock,monthly,fixed_total,1.0,trainval,f_cohort_10yr,35,324,30.720127927962928,30.691967851796385,0.15573600966509726,0.12111885002293876,0.1861056168132591,0.15628788868780052,0.13847970274861732,0.17932582829042754,8.028255884326168,7.592615849246317,9.350208531772061
scrap_stock,monthly,fixed_total,1.0,trainval,f_cohort_20yr,35,324,24.074983304902975,24.050070790152457,0.13090014651832016,0.10326149713129062,0.16876328783719807,0.1371272337446633,0.12169975016620982,0.15500579775432066,8.028255884326168,7.592615849246317,9.350208531772061
scrap_stock,monthly,fixed_total,1.0,trainval,f_cohort_44yr,35,324,17.85308505974213,17.795991446907713,0.17729757431513837,0.14068156357188166,0.216543929741414,0.17876309375636223,0.15867590980283008,0.201420193168389,8.028255884326168,7.592615849246317,9.350208531772061
concentrate_production,annual,per_obs,1.0,trainval,alpha_cc,35,0,1.8336683649651062,1.8336683649651062,0.0,0.0,0.0,0.0,0.0,0.0,0.0,0.0,0.0
concentrate_production,annual,per_obs,1.0,trainval,alpha_refc,35,0,3.622748133578155,3.622748133578155,0.0,0.0,0.0,0.0,0.0,0.0,0.0,0.0,0.0
concentrate_production,annual,per_obs,1.0,trainval,alpha_win,35,0,7.674691074431486,7.674691074431486,0.0,0.0,0.0,0.0,0.0,0.0,0.0,0.0,0.0
concentrate_production,annual,per_obs,1.0,trainval,alpha_dr,35,0,6.546316501537541,6.546316501537541,0.0,0.0,0.0,0.0,0.0,0.0,0.0,0.0,0.0
concentrate_production,annual,per_obs,1.0,trainval,tau_olds,35,0,7.981694326983857,7.981694326983857,0.0,0.0,0.0,0.0,0.0,0.0,0.0,0.0,0.0
concentrate_production,annual,per_obs,1.0,trainval,frac_fu_new,35,0,10.070631099396643,10.070631099396643,0.0,0.0,0.0,0.0,0.0,0.0,0.0,0.0,0.0
concentrate_production,annual,per_obs,1.0,trainval,frac_fu_out,35,0,1.0497603765651853,1.0497603765651853,0.0,0.0,0.0,0.0,0.0,0.0,0.0,0.0,0.0
concentrate_production,annual,per_obs,1.0,trainval,frac_eu_new,35,0,14.516285341889132,14.516285341889132,0.0,0.0,0.0,0.0,0.0,0.0,0.0,0.0,0.0
concentrate_production,annual,per_obs,1.0,trainval,frac_eu_into,35,0,0.8602595064120777,0.8602595064120777,0.0,0.0,0.0,0.0,0.0,0.0,0.0,0.0,0.0
concentrate_production,annual,per_obs,1.0,trainval,f_cohort_10yr,35,0,30.720127927962928,30.720127927962928,0.0,0.0,0.0,0.0,0.0,0.0,0.0,0.0,0.0
concentrate_production,annual,per_obs,1.0,trainval,f_cohort_20yr,35,0,24.074983304902975,24.074983304902975,0.0,0.0,0.0,0.0,0.0,0.0,0.0,0.0,0.0
concentrate_production,annual,per_obs,1.0,trainval,f_cohort_44yr,35,0,17.85308505974213,17.85308505974213,0.0,0.0,0.0,0.0,0.0,0.0,0.0,0.0,0.0
concentrate_production,annual,fixed_total,1.0,trainval,alpha_cc,35,0,1.8336683649651062,1.8336683649651062,0.0,0.0,0.0,0.0,0.0,0.0,0.0,0.0,0.0
concentrate_production,annual,fixed_total,1.0,trainval,alpha_refc,35,0,3.622748133578155,3.622748133578155,0.0,0.0,0.0,0.0,0.0,0.0,0.0,0.0,0.0
concentrate_production,annual,fixed_total,1.0,trainval,alpha_win,35,0,7.674691074431486,7.674691074431486,0.0,0.0,0.0,0.0,0.0,0.0,0.0,0.0,0.0
concentrate_production,annual,fixed_total,1.0,trainval,alpha_dr,35,0,6.546316501537541,6.546316501537541,0.0,0.0,0.0,0.0,0.0,0.0,0.0,0.0,0.0
concentrate_production,annual,fixed_total,1.0,trainval,tau_olds,35,0,7.981694326983857,7.981694326983857,0.0,0.0,0.0,0.0,0.0,0.0,0.0,0.0,0.0
concentrate_production,annual,fixed_total,1.0,trainval,frac_fu_new,35,0,10.070631099396643,10.070631099396643,0.0,0.0,0.0,0.0,0.0,0.0,0.0,0.0,0.0
concentrate_production,annual,fixed_total,1.0,trainval,frac_fu_out,35,0,1.0497603765651853,1.0497603765651853,0.0,0.0,0.0,0.0,0.0,0.0,0.0,0.0,0.0
concentrate_production,annual,fixed_total,1.0,trainval,frac_eu_new,35,0,14.516285341889132,14.516285341889132,0.0,0.0,0.0,0.0,0.0,0.0,0.0,0.0,0.0
concentrate_production,annual,fixed_total,1.0,trainval,frac_eu_into,35,0,0.8602595064120777,0.8602595064120777,0.0,0.0,0.0,0.0,0.0,0.0,0.0,0.0,0.0
concentrate_production,annual,fixed_total,1.0,trainval,f_cohort_10yr,35,0,30.720127927962928,30.720127927962928,0.0,0.0,0.0,0.0,0.0,0.0,0.0,0.0,0.0
concentrate_production,annual,fixed_total,1.0,trainval,f_cohort_20yr,35,0,24.074983304902975,24.074983304902975,0.0,0.0,0.0,0.0,0.0,0.0,0.0,0.0,0.0
concentrate_production,annual,fixed_total,1.0,trainval,f_cohort_44yr,35,0,17.85308505974213,17.85308505974213,0.0,0.0,0.0,0.0,0.0,0.0,0.0,0.0,0.0
concentrate_production,quarterly,per_obs,1.0,trainval,alpha_cc,35,0,1.8336683649651062,1.8336683649651062,0.0,0.0,0.0,0.0,0.0,0.0,0.0,0.0,0.0
concentrate_production,quarterly,per_obs,1.0,trainval,alpha_refc,35,0,3.622748133578155,3.622748133578155,0.0,0.0,0.0,0.0,0.0,0.0,0.0,0.0,0.0
concentrate_production,quarterly,per_obs,1.0,trainval,alpha_win,35,0,7.674691074431486,7.674691074431486,0.0,0.0,0.0,0.0,0.0,0.0,0.0,0.0,0.0
concentrate_production,quarterly,per_obs,1.0,trainval,alpha_dr,35,0,6.546316501537541,6.546316501537541,0.0,0.0,0.0,0.0,0.0,0.0,0.0,0.0,0.0
concentrate_production,quarterly,per_obs,1.0,trainval,tau_olds,35,0,7.981694326983857,7.981694326983857,0.0,0.0,0.0,0.0,0.0,0.0,0.0,0.0,0.0
concentrate_production,quarterly,per_obs,1.0,trainval,frac_fu_new,35,0,10.070631099396643,10.070631099396643,0.0,0.0,0.0,0.0,0.0,0.0,0.0,0.0,0.0
concentrate_production,quarterly,per_obs,1.0,trainval,frac_fu_out,35,0,1.0497603765651853,1.0497603765651853,0.0,0.0,0.0,0.0,0.0,0.0,0.0,0.0,0.0
concentrate_production,quarterly,per_obs,1.0,trainval,frac_eu_new,35,0,14.516285341889132,14.516285341889132,0.0,0.0,0.0,0.0,0.0,0.0,0.0,0.0,0.0
concentrate_production,quarterly,per_obs,1.0,trainval,frac_eu_into,35,0,0.8602595064120777,0.8602595064120777,0.0,0.0,0.0,0.0,0.0,0.0,0.0,0.0,0.0
concentrate_production,quarterly,per_obs,1.0,trainval,f_cohort_10yr,35,0,30.720127927962928,30.720127927962928,0.0,0.0,0.0,0.0,0.0,0.0,0.0,0.0,0.0
concentrate_production,quarterly,per_obs,1.0,trainval,f_cohort_20yr,35,0,24.074983304902975,24.074983304902975,0.0,0.0,0.0,0.0,0.0,0.0,0.0,0.0,0.0
concentrate_production,quarterly,per_obs,1.0,trainval,f_cohort_44yr,35,0,17.85308505974213,17.85308505974213,0.0,0.0,0.0,0.0,0.0,0.0,0.0,0.0,0.0
concentrate_production,quarterly,fixed_total,1.0,trainval,alpha_cc,35,0,1.8336683649651062,1.8336683649651062,0.0,0.0,0.0,0.0,0.0,0.0,0.0,0.0,0.0
concentrate_production,quarterly,fixed_total,1.0,trainval,alpha_refc,35,0,3.622748133578155,3.622748133578155,0.0,0.0,0.0,0.0,0.0,0.0,0.0,0.0,0.0
concentrate_production,quarterly,fixed_total,1.0,trainval,alpha_win,35,0,7.674691074431486,7.674691074431486,0.0,0.0,0.0,0.0,0.0,0.0,0.0,0.0,0.0
concentrate_production,quarterly,fixed_total,1.0,trainval,alpha_dr,35,0,6.546316501537541,6.546316501537541,0.0,0.0,0.0,0.0,0.0,0.0,0.0,0.0,0.0
concentrate_production,quarterly,fixed_total,1.0,trainval,tau_olds,35,0,7.981694326983857,7.981694326983857,0.0,0.0,0.0,0.0,0.0,0.0,0.0,0.0,0.0
concentrate_production,quarterly,fixed_total,1.0,trainval,frac_fu_new,35,0,10.070631099396643,10.070631099396643,0.0,0.0,0.0,0.0,0.0,0.0,0.0,0.0,0.0
concentrate_production,quarterly,fixed_total,1.0,trainval,frac_fu_out,35,0,1.0497603765651853,1.0497603765651853,0.0,0.0,0.0,0.0,0.0,0.0,0.0,0.0,0.0
concentrate_production,quarterly,fixed_total,1.0,trainval,frac_eu_new,35,0,14.516285341889132,14.516285341889132,0.0,0.0,0.0,0.0,0.0,0.0,0.0,0.0,0.0
concentrate_production,quarterly,fixed_total,1.0,trainval,frac_eu_into,35,0,0.8602595064120777,0.8602595064120777,0.0,0.0,0.0,0.0,0.0,0.0,0.0,0.0,0.0
concentrate_production,quarterly,fixed_total,1.0,trainval,f_cohort_10yr,35,0,30.720127927962928,30.720127927962928,0.0,0.0,0.0,0.0,0.0,0.0,0.0,0.0,0.0
concentrate_production,quarterly,fixed_total,1.0,trainval,f_cohort_20yr,35,0,24.074983304902975,24.074983304902975,0.0,0.0,0.0,0.0,0.0,0.0,0.0,0.0,0.0
concentrate_production,quarterly,fixed_total,1.0,trainval,f_cohort_44yr,35,0,17.85308505974213,17.85308505974213,0.0,0.0,0.0,0.0,0.0,0.0,0.0,0.0,0.0
concentrate_production,monthly,per_obs,1.0,trainval,alpha_cc,35,0,1.8336683649651062,1.8336683649651062,0.0,0.0,0.0,0.0,0.0,0.0,0.0,0.0,0.0
concentrate_production,monthly,per_obs,1.0,trainval,alpha_refc,35,0,3.622748133578155,3.622748133578155,0.0,0.0,0.0,0.0,0.0,0.0,0.0,0.0,0.0
concentrate_production,monthly,per_obs,1.0,trainval,alpha_win,35,0,7.674691074431486,7.674691074431486,0.0,0.0,0.0,0.0,0.0,0.0,0.0,0.0,0.0
concentrate_production,monthly,per_obs,1.0,trainval,alpha_dr,35,0,6.546316501537541,6.546316501537541,0.0,0.0,0.0,0.0,0.0,0.0,0.0,0.0,0.0
concentrate_production,monthly,per_obs,1.0,trainval,tau_olds,35,0,7.981694326983857,7.981694326983857,0.0,0.0,0.0,0.0,0.0,0.0,0.0,0.0,0.0
concentrate_production,monthly,per_obs,1.0,trainval,frac_fu_new,35,0,10.070631099396643,10.070631099396643,0.0,0.0,0.0,0.0,0.0,0.0,0.0,0.0,0.0
concentrate_production,monthly,per_obs,1.0,trainval,frac_fu_out,35,0,1.0497603765651853,1.0497603765651853,0.0,0.0,0.0,0.0,0.0,0.0,0.0,0.0,0.0
concentrate_production,monthly,per_obs,1.0,trainval,frac_eu_new,35,0,14.516285341889132,14.516285341889132,0.0,0.0,0.0,0.0,0.0,0.0,0.0,0.0,0.0
concentrate_production,monthly,per_obs,1.0,trainval,frac_eu_into,35,0,0.8602595064120777,0.8602595064120777,0.0,0.0,0.0,0.0,0.0,0.0,0.0,0.0,0.0
concentrate_production,monthly,per_obs,1.0,trainval,f_cohort_10yr,35,0,30.720127927962928,30.720127927962928,0.0,0.0,0.0,0.0,0.0,0.0,0.0,0.0,0.0
concentrate_production,monthly,per_obs,1.0,trainval,f_cohort_20yr,35,0,24.074983304902975,24.074983304902975,0.0,0.0,0.0,0.0,0.0,0.0,0.0,0.0,0.0
concentrate_production,monthly,per_obs,1.0,trainval,f_cohort_44yr,35,0,17.85308505974213,17.85308505974213,0.0,0.0,0.0,0.0,0.0,0.0,0.0,0.0,0.0
concentrate_production,monthly,fixed_total,1.0,trainval,alpha_cc,35,0,1.8336683649651062,1.8336683649651062,0.0,0.0,0.0,0.0,0.0,0.0,0.0,0.0,0.0
concentrate_production,monthly,fixed_total,1.0,trainval,alpha_refc,35,0,3.622748133578155,3.622748133578155,0.0,0.0,0.0,0.0,0.0,0.0,0.0,0.0,0.0
concentrate_production,monthly,fixed_total,1.0,trainval,alpha_win,35,0,7.674691074431486,7.674691074431486,0.0,0.0,0.0,0.0,0.0,0.0,0.0,0.0,0.0
concentrate_production,monthly,fixed_total,1.0,trainval,alpha_dr,35,0,6.546316501537541,6.546316501537541,0.0,0.0,0.0,0.0,0.0,0.0,0.0,0.0,0.0
concentrate_production,monthly,fixed_total,1.0,trainval,tau_olds,35,0,7.981694326983857,7.981694326983857,0.0,0.0,0.0,0.0,0.0,0.0,0.0,0.0,0.0
concentrate_production,monthly,fixed_total,1.0,trainval,frac_fu_new,35,0,10.070631099396643,10.070631099396643,0.0,0.0,0.0,0.0,0.0,0.0,0.0,0.0,0.0
concentrate_production,monthly,fixed_total,1.0,trainval,frac_fu_out,35,0,1.0497603765651853,1.0497603765651853,0.0,0.0,0.0,0.0,0.0,0.0,0.0,0.0,0.0
concentrate_production,monthly,fixed_total,1.0,trainval,frac_eu_new,35,0,14.516285341889132,14.516285341889132,0.0,0.0,0.0,0.0,0.0,0.0,0.0,0.0,0.0
concentrate_production,monthly,fixed_total,1.0,trainval,frac_eu_into,35,0,0.8602595064120777,0.8602595064120777,0.0,0.0,0.0,0.0,0.0,0.0,0.0,0.0,0.0
concentrate_production,monthly,fixed_total,1.0,trainval,f_cohort_10yr,35,0,30.720127927962928,30.720127927962928,0.0,0.0,0.0,0.0,0.0,0.0,0.0,0.0,0.0
concentrate_production,monthly,fixed_total,1.0,trainval,f_cohort_20yr,35,0,24.074983304902975,24.074983304902975,0.0,0.0,0.0,0.0,0.0,0.0,0.0,0.0,0.0
concentrate_production,monthly,fixed_total,1.0,trainval,f_cohort_44yr,35,0,17.85308505974213,17.85308505974213,0.0,0.0,0.0,0.0,0.0,0.0,0.0,0.0,0.0
concentrate_consumption,annual,per_obs,1.0,trainval,alpha_cc,35,27,1.8336683649651062,1.6802821026771282,8.387676216871354,7.419769630545014,9.260849326245747,8.399108918952471,7.983002871740341,8.83370082367231,4.146113721523049,3.8776682383133085,4.568583663207809
concentrate_consumption,annual,per_obs,1.0,trainval,alpha_refc,35,27,3.622748133578155,3.607366603540053,0.3070892150924154,0.2633660119853387,0.3506955205666906,0.31010503720456384,0.2891586185797157,0.33542834500159824,4.146113721523049,3.8776682383133085,4.568583663207809
concentrate_consumption,annual,per_obs,1.0,trainval,alpha_win,35,27,7.674691074431486,7.670855839799098,0.018388090531251677,0.013878448567994361,0.021647315163697556,0.01820937388277155,0.015832631463341684,0.021026677499130786,4.146113721523049,3.8776682383133085,4.568583663207809
concentrate_consumption,annual,per_obs,1.0,trainval,alpha_dr,35,27,6.546316501537541,6.544055932015677,0.02143400754561764,0.01712429363907586,0.028503408462104973,0.022603938819737435,0.01971634914881837,0.026055408586556084,4.146113721523049,3.8776682383133085,4.568583663207809
concentrate_consumption,annual,per_obs,1.0,trainval,tau_olds,35,27,7.981694326983857,7.9803269161241985,0.017045764752909864,0.013684860877283267,0.023035761716011516,0.017849705054948095,0.01570139675314275,0.019800422692878294,4.146113721523049,3.8776682383133085,4.568583663207809
concentrate_consumption,annual,per_obs,1.0,trainval,frac_fu_new,35,27,10.070631099396643,10.068689537913468,0.017630277287239426,0.015074012786581159,0.021882071593870567,0.018352389459813656,0.01653227902488341,0.02107880178757182,4.146113721523049,3.8776682383133085,4.568583663207809
concentrate_consumption,annual,per_obs,1.0,trainval,frac_fu_out,35,27,1.0497603765651853,1.0495579886221076,0.017630277287239426,0.015074012786581159,0.021882071593870567,0.018352389459813656,0.01653227902488341,0.02107880178757182,4.146113721523049,3.8776682383133085,4.568583663207809
concentrate_consumption,annual,per_obs,1.0,trainval,frac_eu_new,35,27,14.516285341889132,14.513551696750746,0.023166986462408445,0.018132033663120772,0.027799948513285155,0.02320253082853385,0.0203023902935473,0.02615657337746713,4.146113721523049,3.8776682383133085,4.568583663207809
concentrate_consumption,annual,per_obs,1.0,trainval,frac_eu_into,35,27,0.8602595064120777,0.8600919259726568,0.023166986462408445,0.018132033663120772,0.027799948513285155,0.02320253082853385,0.0203023902935473,0.02615657337746713,4.146113721523049,3.8776682383133085,4.568583663207809
concentrate_consumption,annual,per_obs,1.0,trainval,f_cohort_10yr,35,27,30.720127927962928,30.70432354130226,0.062228544956810516,0.051348196483724795,0.07755272399476154,0.06487542981078454,0.05585059524810809,0.08060091203090924,4.146113721523049,3.8776682383133085,4.568583663207809
concentrate_consumption,annual,per_obs,1.0,trainval,f_cohort_20yr,35,27,24.074983304902975,24.052441325478366,0.0662245897957714,0.04391988191785323,0.08804850448929091,0.06759681895862069,0.0564499850923883,0.08143062652470334,4.146113721523049,3.8776682383133085,4.568583663207809
concentrate_consumption,annual,per_obs,1.0,trainval,f_cohort_44yr,35,27,17.85308505974213,17.846362801604606,0.0544381216376677,0.04503481929956088,0.07813763697248066,0.06076624607068981,0.05144678746690223,0.0723074208466512,4.146113721523049,3.8776682383133085,4.568583663207809
concentrate_consumption,annual,fixed_total,1.0,trainval,alpha_cc,35,27,1.8336683649651062,1.6802821026771282,8.387676216871354,7.419769630545014,9.260849326245747,8.399108918952471,7.983002871740341,8.83370082367231,4.146113721523049,3.8776682383133085,4.568583663207809
concentrate_consumption,annual,fixed_total,1.0,trainval,alpha_refc,35,27,3.622748133578155,3.607366603540053,0.3070892150924154,0.2633660119853387,0.3506955205666906,0.31010503720456384,0.2891586185797157,0.33542834500159824,4.146113721523049,3.8776682383133085,4.568583663207809
concentrate_consumption,annual,fixed_total,1.0,trainval,alpha_win,35,27,7.674691074431486,7.670855839799098,0.018388090531251677,0.013878448567994361,0.021647315163697556,0.01820937388277155,0.015832631463341684,0.021026677499130786,4.146113721523049,3.8776682383133085,4.568583663207809
concentrate_consumption,annual,fixed_total,1.0,trainval,alpha_dr,35,27,6.546316501537541,6.544055932015677,0.02143400754561764,0.01712429363907586,0.028503408462104973,0.022603938819737435,0.01971634914881837,0.026055408586556084,4.146113721523049,3.8776682383133085,4.568583663207809
concentrate_consumption,annual,fixed_total,1.0,trainval,tau_olds,35,27,7.981694326983857,7.9803269161241985,0.017045764752909864,0.013684860877283267,0.023035761716011516,0.017849705054948095,0.01570139675314275,0.019800422692878294,4.146113721523049,3.8776682383133085,4.568583663207809
concentrate_consumption,annual,fixed_total,1.0,trainval,frac_fu_new,35,27,10.070631099396643,10.068689537913468,0.017630277287239426,0.015074012786581159,0.021882071593870567,0.018352389459813656,0.01653227902488341,0.02107880178757182,4.146113721523049,3.8776682383133085,4.568583663207809
concentrate_consumption,annual,fixed_total,1.0,trainval,frac_fu_out,35,27,1.0497603765651853,1.0495579886221076,0.017630277287239426,0.015074012786581159,0.021882071593870567,0.018352389459813656,0.01653227902488341,0.02107880178757182,4.146113721523049,3.8776682383133085,4.568583663207809
concentrate_consumption,annual,fixed_total,1.0,trainval,frac_eu_new,35,27,14.516285341889132,14.513551696750746,0.023166986462408445,0.018132033663120772,0.027799948513285155,0.02320253082853385,0.0203023902935473,0.02615657337746713,4.146113721523049,3.8776682383133085,4.568583663207809
concentrate_consumption,annual,fixed_total,1.0,trainval,frac_eu_into,35,27,0.8602595064120777,0.8600919259726568,0.023166986462408445,0.018132033663120772,0.027799948513285155,0.02320253082853385,0.0203023902935473,0.02615657337746713,4.146113721523049,3.8776682383133085,4.568583663207809
concentrate_consumption,annual,fixed_total,1.0,trainval,f_cohort_10yr,35,27,30.720127927962928,30.70432354130226,0.062228544956810516,0.051348196483724795,0.07755272399476154,0.06487542981078454,0.05585059524810809,0.08060091203090924,4.146113721523049,3.8776682383133085,4.568583663207809
concentrate_consumption,annual,fixed_total,1.0,trainval,f_cohort_20yr,35,27,24.074983304902975,24.052441325478366,0.0662245897957714,0.04391988191785323,0.08804850448929091,0.06759681895862069,0.0564499850923883,0.08143062652470334,4.146113721523049,3.8776682383133085,4.568583663207809
concentrate_consumption,annual,fixed_total,1.0,trainval,f_cohort_44yr,35,27,17.85308505974213,17.846362801604606,0.0544381216376677,0.04503481929956088,0.07813763697248066,0.06076624607068981,0.05144678746690223,0.0723074208466512,4.146113721523049,3.8776682383133085,4.568583663207809
concentrate_consumption,quarterly,per_obs,1.0,trainval,alpha_cc,35,108,1.8336683649651062,1.2620806167915526,31.575695310574847,30.33893781129254,33.05092712248231,31.682346038947184,30.87528175057068,32.46943865404172,22.956943190489064,21.364411165774545,24.057205376806145
concentrate_consumption,quarterly,per_obs,1.0,trainval,alpha_refc,35,108,3.622748133578155,3.561634103216922,1.0964198193063934,0.9392913986931595,1.3046366629912431,1.1113477779252257,1.023755079835026,1.224772727212664,22.956943190489064,21.364411165774545,24.057205376806145
concentrate_consumption,quarterly,per_obs,1.0,trainval,alpha_win,35,108,7.674691074431486,7.644329597708487,0.15397984981022628,0.13320206637344456,0.18081726495450257,0.156958371667415,0.14437470464986335,0.17573514305799787,22.956943190489064,21.364411165774545,24.057205376806145
concentrate_consumption,quarterly,per_obs,1.0,trainval,alpha_dr,35,108,6.546316501537541,6.530807670346058,0.16853317686433833,0.14027839053352698,0.21046447609862629,0.17712635248226805,0.15971907424567333,0.19841525363365475,22.956943190489064,21.364411165774545,24.057205376806145
concentrate_consumption,quarterly,per_obs,1.0,trainval,tau_olds,35,108,7.981694326983857,7.966051324248346,0.1664728277157579,0.1373939734910401,0.19763490445540155,0.17228203999274383,0.15558855549100414,0.1891292078058715,22.956943190489064,21.364411165774545,24.057205376806145
concentrate_consumption,quarterly,per_obs,1.0,trainval,frac_fu_new,35,108,10.070631099396643,10.050926054718921,0.18886873764101253,0.14335419463337717,0.2129978259667542,0.18105306780054897,0.16447484551684877,0.19892753217390924,22.956943190489064,21.364411165774545,24.057205376806145
concentrate_consumption,quarterly,per_obs,1.0,trainval,frac_fu_out,35,108,1.0497603765651853,1.0477063270307565,0.18886873764101253,0.14335419463337717,0.2129978259667542,0.18105306780054897,0.16447484551684877,0.19892753217390924,22.956943190489064,21.364411165774545,24.057205376806145
concentrate_consumption,quarterly,per_obs,1.0,trainval,frac_eu_new,35,108,14.516285341889132,14.481724180484195,0.23488888759900517,0.16987163008709283,0.2575947978633031,0.2159183514493207,0.19379317619837577,0.2431283358038383,22.956943190489064,21.364411165774545,24.057205376806145
concentrate_consumption,quarterly,per_obs,1.0,trainval,frac_eu_into,35,108,0.8602595064120777,0.8589366781790987,0.23488888759900517,0.16987163008709283,0.2575947978633031,0.2159183514493207,0.19379317619837577,0.2431283358038383,22.956943190489064,21.364411165774545,24.057205376806145
concentrate_consumption,quarterly,per_obs,1.0,trainval,f_cohort_10yr,35,108,30.720127927962928,30.524195855192342,0.5713149441869181,0.4494753891386094,0.7887043797372706,0.6132352711261918,0.5264697855384359,0.7880029581406489,22.956943190489064,21.364411165774545,24.057205376806145
concentrate_consumption,quarterly,per_obs,1.0,trainval,f_cohort_20yr,35,108,24.074983304902975,23.836054960956552,0.6568402028366283,0.4944531104829286,0.8402349838689094,0.6746768522558705,0.5835271117273999,0.7738645740894279,22.956943190489064,21.364411165774545,24.057205376806145
concentrate_consumption,quarterly,per_obs,1.0,trainval,f_cohort_44yr,35,108,17.85308505974213,17.75170909366132,0.569450405478511,0.4604406207536549,0.7198100109365668,0.5970503207669731,0.5248725856912717,0.6836763038638782,22.956943190489064,21.364411165774545,24.057205376806145
concentrate_consumption,quarterly,fixed_total,1.0,trainval,alpha_cc,35,108,1.8336683649651062,1.5815257770699673,14.211044424681685,13.188793306973896,15.225803262326343,14.157185039778998,13.610222128533655,14.717830698956751,8.280823519500634,7.708836229176278,8.814297359736866
concentrate_consumption,quarterly,fixed_total,1.0,trainval,alpha_refc,35,108,3.622748133578155,3.591688330716855,0.5437200154400412,0.5039451652456062,0.6831244873370335,0.5880046696176477,0.5346870343978405,0.6406281184051232,8.280823519500634,7.708836229176278,8.814297359736866
concentrate_consumption,quarterly,fixed_total,1.0,trainval,alpha_win,35,108,7.674691074431486,7.662946616217712,0.05946984001368172,0.0497618957665813,0.07115822226723134,0.06074015305780611,0.055176708125553864,0.0684261471315728,8.280823519500634,7.708836229176278,8.814297359736866
concentrate_consumption,quarterly,fixed_total,1.0,trainval,alpha_dr,35,108,6.546316501537541,6.540167411380935,0.06887113605268391,0.053276391993761774,0.08327382281292373,0.07002803146786418,0.06274301677432481,0.08007791686837074,8.280823519500634,7.708836229176278,8.814297359736866
concentrate_consumption,quarterly,fixed_total,1.0,trainval,tau_olds,35,108,7.981694326983857,7.975938408857099,0.062393740556210275,0.052885828763621356,0.07831695881355683,0.06652060981292285,0.06037474789654107,0.07316887886522627,8.280823519500634,7.708836229176278,8.814297359736866
concentrate_consumption,quarterly,fixed_total,1.0,trainval,frac_fu_new,35,108,10.070631099396643,10.062828166009314,0.07030595355088654,0.05734815629232504,0.07964299416808318,0.06964861225672303,0.06273747312123268,0.07637591313847114,8.280823519500634,7.708836229176278,8.814297359736866
concentrate_consumption,quarterly,fixed_total,1.0,trainval,frac_fu_out,35,108,1.0497603765651853,1.0489470005006518,0.07030595355088654,0.05734815629232504,0.07964299416808318,0.06964861225672303,0.06273747312123268,0.07637591313847114,8.280823519500634,7.708836229176278,8.814297359736866
concentrate_consumption,quarterly,fixed_total,1.0,trainval,frac_eu_new,35,108,14.516285341889132,14.502991227235162,0.08643193165036589,0.06317670102538586,0.09908801633259356,0.08210501271948556,0.07329168458643509,0.0924126343901599,8.280823519500634,7.708836229176278,8.814297359736866
concentrate_consumption,quarterly,fixed_total,1.0,trainval,frac_eu_into,35,108,0.8602595064120777,0.8597985162397768,0.08643193165036589,0.06317670102538586,0.09908801633259356,0.08210501271948556,0.07329168458643509,0.0924126343901599,8.280823519500634,7.708836229176278,8.814297359736866
concentrate_consumption,quarterly,fixed_total,1.0,trainval,f_cohort_10yr,35,108,30.720127927962928,30.59286795030793,0.20770838041301865,0.1688446275107114,0.2962349002570641,0.23088368607041831,0.19629761405686175,0.311525403648355,8.280823519500634,7.708836229176278,8.814297359736866
concentrate_consumption,quarterly,fixed_total,1.0,trainval,f_cohort_20yr,35,108,24.074983304902975,23.989902708863706,0.2574638287047515,0.19170811897700202,0.32412214913009607,0.2619408514871774,0.22716340339065666,0.30223125980179955,8.280823519500634,7.708836229176278,8.814297359736866
concentrate_consumption,quarterly,fixed_total,1.0,trainval,f_cohort_44yr,35,108,17.85308505974213,17.815593488599603,0.22067365766622604,0.18468075954534147,0.28177791443445566,0.23016388961073775,0.20303907235676433,0.2701609560439744,8.280823519500634,7.708836229176278,8.814297359736866
concentrate_consumption,monthly,per_obs,1.0,trainval,alpha_cc,35,324,1.8336683649651062,0.9627961304808547,48.07208071790286,46.699674189880724,49.41644447952143,48.01554673034384,47.26141900124594,48.75015066931889,45.721908070728745,43.04704119293031,47.80243484146814
concentrate_consumption,monthly,per_obs,1.0,trainval,alpha_refc,35,324,3.622748133578155,3.5401669272063097,1.4797520695002397,1.2773354720277075,1.7346963857947706,1.5100434477377882,1.3971012021928964,1.6470512956975325,45.721908070728745,43.04704119293031,47.80243484146814
concentrate_consumption,monthly,per_obs,1.0,trainval,alpha_win,35,324,7.674691074431486,7.618038010380754,0.29000710099584825,0.25661652285433045,0.33693793447232,0.2977729582541222,0.2760289979309549,0.3345541250680095,45.721908070728745,43.04704119293031,47.80243484146814
concentrate_consumption,monthly,per_obs,1.0,trainval,alpha_dr,35,324,6.546316501537541,6.518135346880831,0.3185148570195029,0.2735197160403602,0.3911430038647634,0.3358532985714202,0.3075654611107259,0.36646488281704137,45.721908070728745,43.04704119293031,47.80243484146814
concentrate_consumption,monthly,per_obs,1.0,trainval,tau_olds,35,324,7.981694326983857,7.950657011084315,0.32694960070041024,0.27667478916995614,0.38916863250967326,0.33165962639922775,0.30138226827425285,0.3642588588153639,45.721908070728745,43.04704119293031,47.80243484146814
concentrate_consumption,monthly,per_obs,1.0,trainval,frac_fu_new,35,324,10.070631099396643,10.032935481709881,0.3715225560613433,0.28497850460691976,0.41014593771963037,0.3525689905311824,0.31944033060859467,0.38697961123834723,45.721908070728745,43.04704119293031,47.80243484146814
concentrate_consumption,monthly,per_obs,1.0,trainval,frac_fu_out,35,324,1.0497603765651853,1.0458309936469605,0.3715225560613433,0.28497850460691976,0.41014593771963037,0.3525689905311824,0.31944033060859467,0.38697961123834723,45.721908070728745,43.04704119293031,47.80243484146814
concentrate_consumption,monthly,per_obs,1.0,trainval,frac_eu_new,35,324,14.516285341889132,14.45855725199054,0.4237771058018813,0.3122600356094407,0.49617031268545664,0.4238431168112483,0.3775400881687263,0.4701634512814634,45.721908070728745,43.04704119293031,47.80243484146814
concentrate_consumption,monthly,per_obs,1.0,trainval,frac_eu_into,35,324,0.8602595064120777,0.8575626066696599,0.42377710580189243,0.3122600356094407,0.49617031268545664,0.42384311681125386,0.3775400881687263,0.4701634512814634,45.721908070728745,43.04704119293031,47.80243484146814
concentrate_consumption,monthly,per_obs,1.0,trainval,f_cohort_10yr,35,324,30.720127927962928,30.414249840944112,1.0580747657241707,0.9185469739177554,1.464466383699503,1.1775189120591112,1.0272952041731176,1.4663081923289967,45.721908070728745,43.04704119293031,47.80243484146814
concentrate_consumption,monthly,per_obs,1.0,trainval,f_cohort_20yr,35,324,24.074983304902975,23.654472095210725,1.2386602679470782,0.9846203122736319,1.5271042142677882,1.2833934413514299,1.1336238828617728,1.4386858887099563,45.721908070728745,43.04704119293031,47.80243484146814
concentrate_consumption,monthly,per_obs,1.0,trainval,f_cohort_44yr,35,324,17.85308505974213,17.655734710420056,1.1097762205007022,0.9049978803021441,1.3850114750418085,1.1310914698437675,1.0120202094161757,1.2638834295335633,45.721908070728745,43.04704119293031,47.80243484146814
concentrate_consumption,monthly,fixed_total,1.0,trainval,alpha_cc,35,324,1.8336683649651062,1.5744593991811373,14.602202138382392,13.567281769736972,15.61890319431536,14.553967423477904,13.998066523412028,15.11248232905149,8.704250748467183,8.07683402828901,9.233309845370034
concentrate_consumption,monthly,fixed_total,1.0,trainval,alpha_refc,35,324,3.622748133578155,3.590592737023517,0.565115648721326,0.5197452718941231,0.7039031120595951,0.6072236132345615,0.5527502872760381,0.6666516411109935,8.704250748467183,8.07683402828901,9.233309845370034
concentrate_consumption,monthly,fixed_total,1.0,trainval,alpha_win,35,324,7.674691074431486,7.662059071085292,0.06334399980475469,0.054049987840631974,0.07583264300631831,0.06520316427594541,0.05929727638528948,0.07295364048439668,8.704250748467183,8.07683402828901,9.233309845370034
concentrate_consumption,monthly,fixed_total,1.0,trainval,alpha_dr,35,324,6.546316501537541,6.539816695342879,0.07369206301135467,0.05737994683918668,0.08861884898067607,0.07534252317528134,0.06772584623188083,0.0861779297290699,8.704250748467183,8.07683402828901,9.233309845370034
concentrate_consumption,monthly,fixed_total,1.0,trainval,tau_olds,35,324,7.981694326983857,7.975486714682338,0.06821927546603046,0.056860312102524624,0.08499565918259067,0.07139771468948342,0.0652989612896615,0.0785433987566142,8.704250748467183,8.07683402828901,9.233309845370034
concentrate_consumption,monthly,fixed_total,1.0,trainval,frac_fu_new,35,324,10.070631099396643,10.062271456577397,0.07490962859598715,0.061544860362205966,0.08569853548353046,0.07532372705155166,0.06766685340581224,0.08234377077570576,8.704250748467183,8.07683402828901,9.233309845370034
concentrate_consumption,monthly,fixed_total,1.0,trainval,frac_fu_out,35,324,1.0497603765651853,1.0488889692315966,0.07490962859598715,0.061544860362194864,0.08569853548353046,0.07532372705155166,0.06766685340581224,0.08234377077570576,8.704250748467183,8.07683402828901,9.233309845370034
concentrate_consumption,monthly,fixed_total,1.0,trainval,frac_eu_new,35,324,14.516285341889132,14.50188787197368,0.0945035672671013,0.0682002817821159,0.10704764587279314,0.08836057692678256,0.07897429882555707,0.0995705326910512,8.704250748467183,8.07683402828901,9.233309845370034
concentrate_consumption,monthly,fixed_total,1.0,trainval,frac_eu_into,35,324,0.8602595064120777,0.859762722154717,0.0945035672671013,0.0682002817821159,0.10704764587279314,0.08836057692678256,0.07897429882555707,0.0995705326910512,8.704250748467183,8.07683402828901,9.233309845370034
concentrate_consumption,monthly,fixed_total,1.0,trainval,f_cohort_10yr,35,324,30.720127927962928,30.589912596710626,0.22162925286723922,0.18112369468711864,0.3207469436503796,0.2511265897521431,0.21344559395013452,0.3351366575783443,8.704250748467183,8.07683402828901,9.233309845370034
concentrate_consumption,monthly,fixed_total,1.0,trainval,f_cohort_20yr,35,324,24.074983304902975,23.98179205533548,0.2789757127400927,0.2072992498750148,0.35236704967480104,0.2834278538688506,0.24679726325677054,0.3265371831387254,8.704250748467183,8.07683402828901,9.233309845370034
concentrate_consumption,monthly,fixed_total,1.0,trainval,f_cohort_44yr,35,324,17.85308505974213,17.812641650576047,0.23432053536751596,0.19989391844402182,0.30643077361874327,0.24824856552461694,0.21959663981382938,0.29123017732918255,8.704250748467183,8.07683402828901,9.233309845370034
refined_consumption,annual,per_obs,1.0,trainval,alpha_cc,35,27,1.8336683649651062,1.7552694184208755,4.248965989441677,3.9100339940690176,4.703991821797859,4.288050696113515,4.094249234019676,4.484637028464622,8.816692066292529,7.9236084807922875,9.772167435571815
refined_consumption,annual,per_obs,1.0,trainval,alpha_refc,35,27,3.622748133578155,3.2934041295491605,7.958650158315916,7.379107747553232,8.912124220214512,8.135932116024659,7.765532733007252,8.511720807885474,8.816692066292529,7.9236084807922875,9.772167435571815
refined_consumption,annual,per_obs,1.0,trainval,alpha_win,35,27,7.674691074431486,7.129735223776248,8.082277173497143,7.267210602402324,8.598757395864443,8.006065369777858,7.673465650710698,8.369859740727076,8.816692066292529,7.9236084807922875,9.772167435571815
refined_consumption,annual,per_obs,1.0,trainval,alpha_dr,35,27,6.546316501537541,6.53765097196258,0.1654881331547564,0.13654472161030995,0.1996277270221558,0.1714926128175448,0.15600732843059628,0.19211391466340544,8.816692066292529,7.9236084807922875,9.772167435571815
refined_consumption,annual,per_obs,1.0,trainval,tau_olds,35,27,7.981694326983857,7.9539893209042045,0.13632685123891042,0.12098179084149008,0.20760285767255082,0.1610076337862837,0.13058684627720307,0.18326625125871798,8.816692066292529,7.9236084807922875,9.772167435571815
refined_consumption,annual,per_obs,1.0,trainval,frac_fu_new,35,27,10.070631099396643,10.041900043085496,0.23330389378737326,0.19770480548443325,0.27199403481406037,0.23361757640642244,0.21312913690101354,0.2556594719379468,8.816692066292529,7.9236084807922875,9.772167435571815
refined_consumption,annual,per_obs,1.0,trainval,frac_fu_out,35,27,1.0497603765651853,1.0467654575581617,0.23330389378737326,0.19770480548443325,0.27199403481406037,0.23361757640642244,0.21312913690101354,0.2556594719379468,8.816692066292529,7.9236084807922875,9.772167435571815
refined_consumption,annual,per_obs,1.0,trainval,frac_eu_new,35,27,14.516285341889132,14.494913327511426,0.16378673651493703,0.1466230042075911,0.2053992873963073,0.17208837564230417,0.1561840245797197,0.18963371107753035,8.816692066292529,7.9236084807922875,9.772167435571815
refined_consumption,annual,per_obs,1.0,trainval,frac_eu_into,35,27,0.8602595064120777,0.8592792223122273,0.16378673651493703,0.1466230042075911,0.2053992873963073,0.17208837564230417,0.1561840245797197,0.18963371107753035,8.816692066292529,7.9236084807922875,9.772167435571815
refined_consumption,annual,per_obs,1.0,trainval,f_cohort_10yr,35,27,30.720127927962928,30.676084420126205,0.18175864047673684,0.13045561647827553,0.2150357851879836,0.17822296166517537,0.1557860032690983,0.20158268025884385,8.816692066292529,7.9236084807922875,9.772167435571815
refined_consumption,annual,per_obs,1.0,trainval,f_cohort_20yr,35,27,24.074983304902975,24.042698795568267,0.16362722696050547,0.13317537263572432,0.199512894171483,0.17033325345723882,0.15070972196111754,0.1919900757481885,8.816692066292529,7.9236084807922875,9.772167435571815
refined_consumption,annual,per_obs,1.0,trainval,f_cohort_44yr,35,27,17.85308505974213,17.824532167957564,0.1599325365281068,0.138425915447149,0.21659699430693902,0.17455177617582973,0.1533187537753833,0.19255207084605264,8.816692066292529,7.9236084807922875,9.772167435571815
refined_consumption,annual,fixed_total,1.0,trainval,alpha_cc,35,27,1.8336683649651062,1.7552694184208755,4.248965989441677,3.9100339940690176,4.703991821797859,4.288050696113515,4.094249234019676,4.484637028464622,8.816692066292529,7.9236084807922875,9.772167435571815
refined_consumption,annual,fixed_total,1.0,trainval,alpha_refc,35,27,3.622748133578155,3.2934041295491605,7.958650158315916,7.379107747553232,8.912124220214512,8.135932116024659,7.765532733007252,8.511720807885474,8.816692066292529,7.9236084807922875,9.772167435571815
refined_consumption,annual,fixed_total,1.0,trainval,alpha_win,35,27,7.674691074431486,7.129735223776248,8.082277173497143,7.267210602402324,8.598757395864443,8.006065369777858,7.673465650710698,8.369859740727076,8.816692066292529,7.9236084807922875,9.772167435571815
refined_consumption,annual,fixed_total,1.0,trainval,alpha_dr,35,27,6.546316501537541,6.53765097196258,0.1654881331547564,0.13654472161030995,0.1996277270221558,0.1714926128175448,0.15600732843059628,0.19211391466340544,8.816692066292529,7.9236084807922875,9.772167435571815
refined_consumption,annual,fixed_total,1.0,trainval,tau_olds,35,27,7.981694326983857,7.9539893209042045,0.13632685123891042,0.12098179084149008,0.20760285767255082,0.1610076337862837,0.13058684627720307,0.18326625125871798,8.816692066292529,7.9236084807922875,9.772167435571815
refined_consumption,annual,fixed_total,1.0,trainval,frac_fu_new,35,27,10.070631099396643,10.041900043085496,0.23330389378737326,0.19770480548443325,0.27199403481406037,0.23361757640642244,0.21312913690101354,0.2556594719379468,8.816692066292529,7.9236084807922875,9.772167435571815
refined_consumption,annual,fixed_total,1.0,trainval,frac_fu_out,35,27,1.0497603765651853,1.0467654575581617,0.23330389378737326,0.19770480548443325,0.27199403481406037,0.23361757640642244,0.21312913690101354,0.2556594719379468,8.816692066292529,7.9236084807922875,9.772167435571815
refined_consumption,annual,fixed_total,1.0,trainval,frac_eu_new,35,27,14.516285341889132,14.494913327511426,0.16378673651493703,0.1466230042075911,0.2053992873963073,0.17208837564230417,0.1561840245797197,0.18963371107753035,8.816692066292529,7.9236084807922875,9.772167435571815
refined_consumption,annual,fixed_total,1.0,trainval,frac_eu_into,35,27,0.8602595064120777,0.8592792223122273,0.16378673651493703,0.1466230042075911,0.2053992873963073,0.17208837564230417,0.1561840245797197,0.18963371107753035,8.816692066292529,7.9236084807922875,9.772167435571815
refined_consumption,annual,fixed_total,1.0,trainval,f_cohort_10yr,35,27,30.720127927962928,30.676084420126205,0.18175864047673684,0.13045561647827553,0.2150357851879836,0.17822296166517537,0.1557860032690983,0.20158268025884385,8.816692066292529,7.9236084807922875,9.772167435571815
refined_consumption,annual,fixed_total,1.0,trainval,f_cohort_20yr,35,27,24.074983304902975,24.042698795568267,0.16362722696050547,0.13317537263572432,0.199512894171483,0.17033325345723882,0.15070972196111754,0.1919900757481885,8.816692066292529,7.9236084807922875,9.772167435571815
refined_consumption,annual,fixed_total,1.0,trainval,f_cohort_44yr,35,27,17.85308505974213,17.824532167957564,0.1599325365281068,0.138425915447149,0.21659699430693902,0.17455177617582973,0.1533187537753833,0.19255207084605264,8.816692066292529,7.9236084807922875,9.772167435571815
refined_consumption,quarterly,per_obs,1.0,trainval,alpha_cc,35,108,1.8336683649651062,1.492220087048676,19.52030313178652,18.60863901939698,20.321886892891367,19.557759697235454,19.113368919774572,20.011835305077966,38.19782215217461,34.62020878494276,40.333712218453115
refined_consumption,quarterly,per_obs,1.0,trainval,alpha_refc,35,108,3.622748133578155,2.8632787014980376,19.599297263238057,18.389829724778693,20.980640270145898,19.633408210313792,19.094275963130826,20.24978996083714,38.19782215217461,34.62020878494276,40.333712218453115
refined_consumption,quarterly,per_obs,1.0,trainval,alpha_win,35,108,7.674691074431486,6.233784351083623,19.33334454240214,18.250404607966132,20.349334590287743,19.28280613515946,18.756557257060113,19.796757728936086,38.19782215217461,34.62020878494276,40.333712218453115
refined_consumption,quarterly,per_obs,1.0,trainval,alpha_dr,35,108,6.546316501537541,6.510781944566196,0.5289154416610486,0.46083875684564957,0.6147565657874055,0.5461494506809106,0.5099787044024029,0.5906805391973302,38.19782215217461,34.62020878494276,40.333712218453115
refined_consumption,quarterly,per_obs,1.0,trainval,tau_olds,35,108,7.981694326983857,7.9049228486347385,0.48463734316033236,0.4088427302985642,0.6636425585308192,0.5269908284997404,0.4626889531674838,0.5970038649582898,38.19782215217461,34.62020878494276,40.333712218453115
refined_consumption,quarterly,per_obs,1.0,trainval,frac_fu_new,35,108,10.070631099396643,9.997569992656194,0.6475957370250418,0.5608569553343212,0.7573708856249028,0.6607202125131828,0.6093317562226752,0.7182861394908757,38.19782215217461,34.62020878494276,40.333712218453115
refined_consumption,quarterly,per_obs,1.0,trainval,frac_fu_out,35,108,1.0497603765651853,1.0421445028262775,0.6475957370250418,0.5608569553343212,0.7573708856249028,0.6607202125131828,0.6093317562226752,0.7182861394908757,38.19782215217461,34.62020878494276,40.333712218453115
refined_consumption,quarterly,per_obs,1.0,trainval,frac_eu_new,35,108,14.516285341889132,14.445400746565701,0.5210796890606328,0.4941820895803084,0.6440055012153445,0.5502141372291575,0.5111482259810063,0.5898582537182118,38.19782215217461,34.62020878494276,40.333712218453115
refined_consumption,quarterly,per_obs,1.0,trainval,frac_eu_into,35,108,0.8602595064120777,0.8567822710600863,0.5210796890606328,0.4941820895803084,0.6440055012153445,0.5502141372291575,0.5111482259810063,0.5898582537182118,38.19782215217461,34.62020878494276,40.333712218453115
refined_consumption,quarterly,per_obs,1.0,trainval,f_cohort_10yr,35,108,30.720127927962928,30.43184164596103,0.9135179655634817,0.7249029907081317,1.0686042834969212,0.9287305205023244,0.8309961876276195,1.019665079953247,38.19782215217461,34.62020878494276,40.333712218453115
refined_consumption,quarterly,per_obs,1.0,trainval,f_cohort_20yr,35,108,24.074983304902975,23.871124648436805,0.8989032323368784,0.7773385849310532,1.163279399413214,0.9589256925600531,0.848194370009564,1.0728929230767625,38.19782215217461,34.62020878494276,40.333712218453115
refined_consumption,quarterly,per_obs,1.0,trainval,f_cohort_44yr,35,108,17.85308505974213,17.661086584040948,0.9292315373992999,0.8053539373599483,1.075917011424815,0.9273816706078686,0.8529208073613626,1.0014568225718834,38.19782215217461,34.62020878494276,40.333712218453115
refined_consumption,quarterly,fixed_total,1.0,trainval,alpha_cc,35,108,1.8336683649651062,1.6615636887128924,10.13458285945391,9.322057495270231,10.790947295805818,10.058393761999636,9.695781330099319,10.432507267929264,14.801982688367765,13.074590827603627,15.796393318656042
refined_consumption,quarterly,fixed_total,1.0,trainval,alpha_refc,35,108,3.622748133578155,3.2125565516533494,10.16635834363322,9.349790867914143,11.132440937278965,10.27848155540218,9.83445325934617,10.694934231283682,14.801982688367765,13.074590827603627,15.796393318656042
refined_consumption,quarterly,fixed_total,1.0,trainval,alpha_win,35,108,7.674691074431486,7.073479752473821,8.462113739392652,7.790723114656018,9.139885771382527,8.507461853283136,8.154742895719435,8.889018707553403,14.801982688367765,13.074590827603627,15.796393318656042
refined_consumption,quarterly,fixed_total,1.0,trainval,alpha_dr,35,108,6.546316501537541,6.531266667122814,0.24129269810342358,0.2099953269598165,0.2763382248263557,0.24400496102002234,0.22547532726691633,0.26474814626437637,14.801982688367765,13.074590827603627,15.796393318656042
refined_consumption,quarterly,fixed_total,1.0,trainval,tau_olds,35,108,7.981694326983857,7.948147278563799,0.2287788545337177,0.18210595599608137,0.2739410662953301,0.23142394704689928,0.20655547445578293,0.26487733423944393,14.801982688367765,13.074590827603627,15.796393318656042
refined_consumption,quarterly,fixed_total,1.0,trainval,frac_fu_new,35,108,10.070631099396643,10.035607337319504,0.306775614985233,0.2539594967452041,0.3452719271398008,0.3070603467448918,0.28025661486154596,0.3319573358396499,14.801982688367765,13.074590827603627,15.796393318656042
refined_consumption,quarterly,fixed_total,1.0,trainval,frac_fu_out,35,108,1.0497603765651853,1.0461095072895716,0.306775614985233,0.2539594967452041,0.3452719271398008,0.3070603467448918,0.28025661486154596,0.3319573358396499,14.801982688367765,13.074590827603627,15.796393318656042
refined_consumption,quarterly,fixed_total,1.0,trainval,frac_eu_new,35,108,14.516285341889132,14.481061193011891,0.24532173013241954,0.21718496446832547,0.29332842927803915,0.25300297300677177,0.23430553445750735,0.273014228130114,14.801982688367765,13.074590827603627,15.796393318656042
refined_consumption,quarterly,fixed_total,1.0,trainval,frac_eu_into,35,108,0.8602595064120777,0.8588522321521552,0.24532173013241954,0.21718496446832547,0.29332842927803915,0.25300297300677177,0.23430553445750735,0.273014228130114,14.801982688367765,13.074590827603627,15.796393318656042
refined_consumption,quarterly,fixed_total,1.0,trainval,f_cohort_10yr,35,108,30.720127927962928,30.555990916506033,0.4089399101251612,0.2923837622844039,0.4787514361128731,0.39791966250918576,0.34882988857997677,0.4465422093913485,14.801982688367765,13.074590827603627,15.796393318656042
refined_consumption,quarterly,fixed_total,1.0,trainval,f_cohort_20yr,35,108,24.074983304902975,23.996358354018955,0.40343488055564203,0.32507623375899186,0.4891933397787762,0.4088464283147769,0.36415259787784815,0.4611548248032449,14.801982688367765,13.074590827603627,15.796393318656042
refined_consumption,quarterly,fixed_total,1.0,trainval,f_cohort_44yr,35,108,17.85308505974213,17.77073213804638,0.40788593654268457,0.3174340598114944,0.4605850951523993,0.40558944755321735,0.37089086356727474,0.4420132222029194,14.801982688367765,13.074590827603627,15.796393318656042
refined_consumption,monthly,per_obs,1.0,trainval,alpha_cc,35,324,1.8336683649651062,1.345889234001569,27.381072708944686,26.284818529605545,28.41050489784285,27.400284578214652,26.9248831641409,27.935596524928346,71.8948439192404,66.58993110990602,75.20577344076568
refined_consumption,monthly,per_obs,1.0,trainval,alpha_refc,35,324,3.622748133578155,2.599406106728328,27.44243960405155,25.88391796172398,28.26083798062517,27.13538988283907,26.598933070179996,27.740562182942178,71.8948439192404,66.58993110990602,75.20577344076568
refined_consumption,monthly,per_obs,1.0,trainval,alpha_win,35,324,7.674691074431486,5.583992469826052,27.505992589766095,26.74407090184082,28.81202114274727,27.62800370234509,27.130749631873424,28.19614998884498,71.8948439192404,66.58993110990602,75.20577344076568
refined_consumption,monthly,per_obs,1.0,trainval,alpha_dr,35,324,6.546316501537541,6.489428505957554,0.8376339872102623,0.7554752330625358,0.9453959073230822,0.848537637146235,0.8028495046077555,0.9085231128325488,71.8948439192404,66.58993110990602,75.20577344076568
refined_consumption,monthly,per_obs,1.0,trainval,tau_olds,35,324,7.981694326983857,7.867352822761864,0.7701866796101298,0.6708931619966219,1.0663978713881916,0.8327301463339543,0.7290421288105087,0.9268671171548504,71.8948439192404,66.58993110990602,75.20577344076568
refined_consumption,monthly,per_obs,1.0,trainval,frac_fu_new,35,324,10.070631099396643,9.963982646559831,0.9773996684093067,0.8425396308134991,1.1475215959875606,0.9870945084117316,0.9118733620199104,1.0651754895114829,71.8948439192404,66.58993110990602,75.20577344076568
refined_consumption,monthly,per_obs,1.0,trainval,frac_fu_out,35,324,1.0497603765651853,1.0386433652373874,0.9773996684093067,0.8425396308134991,1.1475215959875606,0.9870945084117316,0.9118733620199104,1.0651754895114829,71.8948439192404,66.58993110990602,75.20577344076568
refined_consumption,monthly,per_obs,1.0,trainval,frac_eu_new,35,324,14.516285341889132,14.405585275058737,0.8151716369770856,0.7537305346449419,0.9444724532144511,0.8490968044189973,0.7912798895838957,0.9151530857956502,71.8948439192404,66.58993110990602,75.20577344076568
refined_consumption,monthly,per_obs,1.0,trainval,frac_eu_into,35,324,0.8602595064120777,0.854420745014561,0.8151716369770856,0.7537305346449419,0.9444724532144511,0.8490968044189973,0.7912798895838957,0.9151530857956502,71.8948439192404,66.58993110990602,75.20577344076568
refined_consumption,monthly,per_obs,1.0,trainval,f_cohort_10yr,35,324,30.720127927962928,30.277826273363363,1.5730776849800954,1.1931670975052322,1.8242314484375965,1.5742657348754436,1.412526471369857,1.7208692334343523,71.8948439192404,66.58993110990602,75.20577344076568
refined_consumption,monthly,per_obs,1.0,trainval,f_cohort_20yr,35,324,24.074983304902975,23.580076289946092,1.4764457161933642,1.3626418919883532,2.0149431307872168,1.6303265883261253,1.4293427130482428,1.8608177637383538,71.8948439192404,66.58993110990602,75.20577344076568
refined_consumption,monthly,per_obs,1.0,trainval,f_cohort_44yr,35,324,17.85308505974213,17.56461706874438,1.5559022786796661,1.3274688233267773,1.8032909809258646,1.570786830662041,1.4548893997479606,1.6990783662517717,71.8948439192404,66.58993110990602,75.20577344076568
refined_consumption,monthly,fixed_total,1.0,trainval,alpha_cc,35,324,1.8336683649651062,1.6576090459150468,10.388627836506469,9.568676239864505,11.053188632694466,10.311499585316064,9.94740293351619,10.68596574800924,15.461366479855661,13.683938815400143,16.55284659924062
refined_consumption,monthly,fixed_total,1.0,trainval,alpha_refc,35,324,3.622748133578155,3.199031198039576,10.493378478888538,9.666487739092128,11.503751445635201,10.635716283070598,10.164087248746867,11.047104742366166,15.461366479855661,13.683938815400143,16.55284659924062
refined_consumption,monthly,fixed_total,1.0,trainval,alpha_win,35,324,7.674691074431486,7.05777041258178,8.476003719286041,7.868424153179488,9.156985694198017,8.53453277674838,8.183277722758142,8.918030312379965,15.461366479855661,13.683938815400143,16.55284659924062
refined_consumption,monthly,fixed_total,1.0,trainval,alpha_dr,35,324,6.546316501537541,6.530446791568185,0.24972360620718614,0.21589563268304413,0.28462182522022705,0.25129097282286517,0.23360465113752005,0.27345328428068916,15.461366479855661,13.683938815400143,16.55284659924062
refined_consumption,monthly,fixed_total,1.0,trainval,tau_olds,35,324,7.981694326983857,7.947603255254408,0.24345010752320206,0.18937863226789475,0.28308716741984874,0.2389701191853777,0.21502602500574342,0.2727039045869517,15.461366479855661,13.683938815400143,16.55284659924062
refined_consumption,monthly,fixed_total,1.0,trainval,frac_fu_new,35,324,10.070631099396643,10.035041834074992,0.312666114126503,0.25890576239671614,0.35739478311743733,0.31342384415626867,0.28745052009860883,0.3400830805323829,15.461366479855661,13.683938815400143,16.55284659924062
refined_consumption,monthly,fixed_total,1.0,trainval,frac_fu_out,35,324,1.0497603765651853,1.0460505593554204,0.312666114126503,0.25890576239671614,0.35739478311743733,0.31342384415626867,0.28745052009860883,0.3400830805323829,15.461366479855661,13.683938815400143,16.55284659924062
refined_consumption,monthly,fixed_total,1.0,trainval,frac_eu_new,35,324,14.516285341889132,14.480040441113463,0.25262799455280094,0.2242713963840237,0.3058284678440437,0.2610290275167959,0.24179414530692278,0.2827706100874905,15.461366479855661,13.683938815400143,16.55284659924062
refined_consumption,monthly,fixed_total,1.0,trainval,frac_eu_into,35,324,0.8602595064120777,0.8587790787017602,0.25262799455280094,0.2242713963840237,0.3058284678440437,0.2610290275167959,0.24179414530692278,0.2827706100874905,15.461366479855661,13.683938815400143,16.55284659924062
refined_consumption,monthly,fixed_total,1.0,trainval,f_cohort_10yr,35,324,30.720127927962928,30.54847398417504,0.4335043836359409,0.3114915807268692,0.5039106322059506,0.4242417256915154,0.3716976725675336,0.4757552129778464,15.461366479855661,13.683938815400143,16.55284659924062
refined_consumption,monthly,fixed_total,1.0,trainval,f_cohort_20yr,35,324,24.074983304902975,23.991575477300913,0.4326942991110694,0.3418673846271758,0.5267322335776314,0.4370654900339027,0.3871647856489191,0.4930990301795557,15.461366479855661,13.683938815400143,16.55284659924062
refined_consumption,monthly,fixed_total,1.0,trainval,f_cohort_44yr,35,324,17.85308505974213,17.765071807218707,0.42785594230971835,0.3486964186456665,0.48480417213124793,0.43054768210952776,0.3948634082050262,0.4696424226298679,15.461366479855661,13.683938815400143,16.55284659924062
waelz_input,annual,per_obs,1.0,trainval,alpha_cc,35,27,1.8336683649651062,1.8325948611029699,0.057250869325842224,0.04524234010619965,0.07292798383655152,0.058820539282350426,0.052011930443074395,0.06539603426859442,12.802562714470398,11.577240739126408,14.119510357320639
waelz_input,annual,per_obs,1.0,trainval,alpha_refc,35,27,3.622748133578155,3.60923219308488,0.4096115965560587,0.3649868710442483,0.5015390526272423,0.43176669151119285,0.3944335007078248,0.49440946005754327,12.802562714470398,11.577240739126408,14.119510357320639
waelz_input,annual,per_obs,1.0,trainval,alpha_win,35,27,7.674691074431486,5.320925183296621,31.135809649290124,29.854992479012395,32.91821735230491,31.273167394084595,30.4320781008404,32.038641673613384,12.802562714470398,11.577240739126408,14.119510357320639
waelz_input,annual,per_obs,1.0,trainval,alpha_dr,35,27,6.546316501537541,6.522903506900159,0.5022666317811009,0.4185360476488431,0.6210994278530779,0.531417252135058,0.47719118684807493,0.5946424954940799,12.802562714470398,11.577240739126408,14.119510357320639
waelz_input,annual,per_obs,1.0,trainval,tau_olds,35,27,7.981694326983857,7.9087980607053705,0.38643957010953134,0.31854264011184075,0.7504020992932403,0.5151704404708884,0.37726708645635654,0.6065772008204018,12.802562714470398,11.577240739126408,14.119510357320639
waelz_input,annual,per_obs,1.0,trainval,frac_fu_new,35,27,10.070631099396643,9.990302388597014,0.6191606114514192,0.4964127562917642,0.8173504408397592,0.652517596622923,0.5705311408917502,0.731538605974158,12.802562714470398,11.577240739126408,14.119510357320639
waelz_input,annual,per_obs,1.0,trainval,frac_fu_out,35,27,1.0497603765651853,1.041386929373473,0.6191606114514192,0.4964127562917642,0.8173504408397592,0.652517596622923,0.5705311408917502,0.731538605974158,12.802562714470398,11.577240739126408,14.119510357320639
waelz_input,annual,per_obs,1.0,trainval,frac_eu_new,35,27,14.516285341889132,14.465750515706727,0.40130421241716396,0.32406476714540444,0.47873186238512333,0.40842876192078714,0.364176844011721,0.45941006157532716,12.802562714470398,11.577240739126408,14.119510357320639
waelz_input,annual,per_obs,1.0,trainval,frac_eu_into,35,27,0.8602595064120777,0.8579870330226367,0.40130421241717507,0.32406476714540444,0.47873186238512333,0.40842876192078714,0.364176844011721,0.45941006157532716,12.802562714470398,11.577240739126408,14.119510357320639
waelz_input,annual,per_obs,1.0,trainval,f_cohort_10yr,35,27,30.720127927962928,30.60594241230516,0.2517426109458487,0.16024792020006284,0.3170550663586402,0.2585158107094421,0.22200880841576343,0.3147333251028117,12.802562714470398,11.577240739126408,14.119510357320639
waelz_input,annual,per_obs,1.0,trainval,f_cohort_20yr,35,27,24.074983304902975,24.00695906123179,0.263828212664019,0.18538343851434158,0.3319304270814283,0.2624048757199793,0.22492486093222408,0.30482349173293066,12.802562714470398,11.577240739126408,14.119510357320639
waelz_input,annual,per_obs,1.0,trainval,f_cohort_44yr,35,27,17.85308505974213,17.778985513610667,0.25918706332046515,0.19911017810391174,0.31825791084175714,0.26258094140007016,0.2294627363288726,0.30197753204445066,12.802562714470398,11.577240739126408,14.119510357320639
waelz_input,annual,fixed_total,1.0,trainval,alpha_cc,35,27,1.8336683649651062,1.8325948611029699,0.057250869325842224,0.04524234010619965,0.07292798383655152,0.058820539282350426,0.052011930443074395,0.06539603426859442,12.802562714470398,11.577240739126408,14.119510357320639
waelz_input,annual,fixed_total,1.0,trainval,alpha_refc,35,27,3.622748133578155,3.60923219308488,0.4096115965560587,0.3649868710442483,0.5015390526272423,0.43176669151119285,0.3944335007078248,0.49440946005754327,12.802562714470398,11.577240739126408,14.119510357320639
waelz_input,annual,fixed_total,1.0,trainval,alpha_win,35,27,7.674691074431486,5.320925183296621,31.135809649290124,29.854992479012395,32.91821735230491,31.273167394084595,30.4320781008404,32.038641673613384,12.802562714470398,11.577240739126408,14.119510357320639
waelz_input,annual,fixed_total,1.0,trainval,alpha_dr,35,27,6.546316501537541,6.522903506900159,0.5022666317811009,0.4185360476488431,0.6210994278530779,0.531417252135058,0.47719118684807493,0.5946424954940799,12.802562714470398,11.577240739126408,14.119510357320639
waelz_input,annual,fixed_total,1.0,trainval,tau_olds,35,27,7.981694326983857,7.9087980607053705,0.38643957010953134,0.31854264011184075,0.7504020992932403,0.5151704404708884,0.37726708645635654,0.6065772008204018,12.802562714470398,11.577240739126408,14.119510357320639
waelz_input,annual,fixed_total,1.0,trainval,frac_fu_new,35,27,10.070631099396643,9.990302388597014,0.6191606114514192,0.4964127562917642,0.8173504408397592,0.652517596622923,0.5705311408917502,0.731538605974158,12.802562714470398,11.577240739126408,14.119510357320639
waelz_input,annual,fixed_total,1.0,trainval,frac_fu_out,35,27,1.0497603765651853,1.041386929373473,0.6191606114514192,0.4964127562917642,0.8173504408397592,0.652517596622923,0.5705311408917502,0.731538605974158,12.802562714470398,11.577240739126408,14.119510357320639
waelz_input,annual,fixed_total,1.0,trainval,frac_eu_new,35,27,14.516285341889132,14.465750515706727,0.40130421241716396,0.32406476714540444,0.47873186238512333,0.40842876192078714,0.364176844011721,0.45941006157532716,12.802562714470398,11.577240739126408,14.119510357320639
waelz_input,annual,fixed_total,1.0,trainval,frac_eu_into,35,27,0.8602595064120777,0.8579870330226367,0.40130421241717507,0.32406476714540444,0.47873186238512333,0.40842876192078714,0.364176844011721,0.45941006157532716,12.802562714470398,11.577240739126408,14.119510357320639
waelz_input,annual,fixed_total,1.0,trainval,f_cohort_10yr,35,27,30.720127927962928,30.60594241230516,0.2517426109458487,0.16024792020006284,0.3170550663586402,0.2585158107094421,0.22200880841576343,0.3147333251028117,12.802562714470398,11.577240739126408,14.119510357320639
waelz_input,annual,fixed_total,1.0,trainval,f_cohort_20yr,35,27,24.074983304902975,24.00695906123179,0.263828212664019,0.18538343851434158,0.3319304270814283,0.2624048757199793,0.22492486093222408,0.30482349173293066,12.802562714470398,11.577240739126408,14.119510357320639
waelz_input,annual,fixed_total,1.0,trainval,f_cohort_44yr,35,27,17.85308505974213,17.778985513610667,0.25918706332046515,0.19911017810391174,0.31825791084175714,0.26258094140007016,0.2294627363288726,0.30197753204445066,12.802562714470398,11.577240739126408,14.119510357320639
waelz_input,quarterly,per_obs,1.0,trainval,alpha_cc,35,108,1.8336683649651062,1.8303617943507804,0.1825228044805005,0.1357924661057719,0.23102144321236473,0.18428740677277622,0.16143985022158414,0.21353969682317842,32.36370724698865,30.1923046058199,35.35713463899532
waelz_input,quarterly,per_obs,1.0,trainval,alpha_refc,35,108,3.622748133578155,3.5958441182369554,0.7137431240993974,0.6285314526749464,0.8884641218785627,0.7548153645277889,0.6803803772506889,0.8577812965111897,32.36370724698865,30.1923046058199,35.35713463899532
waelz_input,quarterly,per_obs,1.0,trainval,alpha_win,35,108,7.674691074431486,3.539338500932841,54.341318294039894,53.13067549341541,55.768753544583575,54.34458431635107,53.54838545802451,55.062842493459726,32.36370724698865,30.1923046058199,35.35713463899532
waelz_input,quarterly,per_obs,1.0,trainval,alpha_dr,35,108,6.546316501537541,6.4835872238152,1.0475443321736666,0.9502662762081726,1.2295405826118877,1.0869836474087928,1.0143590500771404,1.1574670567446654,32.36370724698865,30.1923046058199,35.35713463899532
waelz_input,quarterly,per_obs,1.0,trainval,tau_olds,35,108,7.981694326983857,7.860392845941584,0.6968618443186747,0.5862127944346318,1.4689931817401414,0.9571151868114913,0.6756678146673356,1.1526811365775824,32.36370724698865,30.1923046058199,35.35713463899532
waelz_input,quarterly,per_obs,1.0,trainval,frac_fu_new,35,108,10.070631099396643,9.951673626500174,0.9737994199155553,0.7887880429953475,1.2605702820015607,1.0157267276498212,0.8961720988001132,1.1454807514168996,32.36370724698865,30.1923046058199,35.35713463899532
waelz_input,quarterly,per_obs,1.0,trainval,frac_fu_out,35,108,1.0497603765651853,1.0373602756866493,0.9737994199155553,0.7887880429953475,1.2605702820015607,1.0157267276498212,0.8961720988001132,1.1454807514168996,32.36370724698865,30.1923046058199,35.35713463899532
waelz_input,quarterly,per_obs,1.0,trainval,frac_eu_new,35,108,14.516285341889132,14.442307887212161,0.5997053898756821,0.5289619146675029,0.7441535830744472,0.6272904169771748,0.5634175573508426,0.7107650642139585,32.36370724698865,30.1923046058199,35.35713463899532
waelz_input,quarterly,per_obs,1.0,trainval,frac_eu_into,35,108,0.8602595064120777,0.8565988281008021,0.5997053898756821,0.5289619146675029,0.7441535830744472,0.6272904169771748,0.5634175573508426,0.7107650642139585,32.36370724698865,30.1923046058199,35.35713463899532
waelz_input,quarterly,per_obs,1.0,trainval,f_cohort_10yr,35,108,30.720127927962928,30.546720439236204,0.5803917266314795,0.5049739591352576,0.8062433847038419,0.6386156358285155,0.5451159493356506,0.7641221831329037,32.36370724698865,30.1923046058199,35.35713463899532
waelz_input,quarterly,per_obs,1.0,trainval,f_cohort_20yr,35,108,24.074983304902975,23.90525948215194,0.7013068313833415,0.47825241102126825,0.8204885990962085,0.6675733747486312,0.5879637913242919,0.7646224093599829,32.36370724698865,30.1923046058199,35.35713463899532
waelz_input,quarterly,per_obs,1.0,trainval,f_cohort_44yr,35,108,17.85308505974213,17.677422692442782,0.597514167670643,0.5123265887179818,0.7618272746622634,0.6256444239761266,0.5574879714287717,0.7046021636311461,32.36370724698865,30.1923046058199,35.35713463899532
waelz_input,quarterly,fixed_total,1.0,trainval,alpha_cc,35,108,1.8336683649651062,1.8322266745656928,0.0823778605247183,0.06240300104351504,0.10368051573900194,0.08368159939670106,0.07358595836836068,0.09424987615604397,14.711027026904578,13.281318685833405,16.2759788082637
waelz_input,quarterly,fixed_total,1.0,trainval,alpha_refc,35,108,3.622748133578155,3.6061377759997377,0.4585015840450124,0.4094900630126408,0.5659319098672178,0.48746352932076686,0.4448518450099026,0.5637141108773613,14.711027026904578,13.281318685833405,16.2759788082637
waelz_input,quarterly,fixed_total,1.0,trainval,alpha_win,35,108,7.674691074431486,5.058678266601939,34.22482988465543,33.2677838634483,36.351910196212145,34.57148041105806,33.723796178681994,35.426764258755995,14.711027026904578,13.281318685833405,16.2759788082637
waelz_input,quarterly,fixed_total,1.0,trainval,alpha_dr,35,108,6.546316501537541,6.517629390590278,0.5961992627827151,0.4778667741515308,0.6819041426384176,0.5977316667668736,0.5438621830569368,0.653531899930182,14.711027026904578,13.281318685833405,16.2759788082637
waelz_input,quarterly,fixed_total,1.0,trainval,tau_olds,35,108,7.981694326983857,7.905073892745099,0.41207908021609896,0.3617422294492856,0.8946567032264818,0.5866364074083197,0.411971211320894,0.6928940782842341,14.711027026904578,13.281318685833405,16.2759788082637
waelz_input,quarterly,fixed_total,1.0,trainval,frac_fu_new,35,108,10.070631099396643,9.986384410667794,0.6482189288230411,0.5270343535264899,0.8524291926074512,0.684617503221574,0.6010152338252917,0.780911559441716,14.711027026904578,13.281318685833405,16.2759788082637
waelz_input,quarterly,fixed_total,1.0,trainval,frac_fu_out,35,108,1.0497603765651853,1.0409785202136341,0.6482189288230411,0.5270343535264899,0.8524291926074512,0.684617503221574,0.6010152338252917,0.780911559441716,14.711027026904578,13.281318685833405,16.2759788082637
waelz_input,quarterly,fixed_total,1.0,trainval,frac_eu_new,35,108,14.516285341889132,14.463567278095335,0.41620691122665754,0.34737445950820955,0.5116553523580314,0.433100517267071,0.3862031398543242,0.4928357270096162,14.711027026904578,13.281318685833405,16.2759788082637
waelz_input,quarterly,fixed_total,1.0,trainval,frac_eu_into,35,108,0.8602595064120777,0.8578140782903712,0.41620691122665754,0.34737445950820955,0.5116553523580314,0.433100517267071,0.3862031398543242,0.4928357270096162,14.711027026904578,13.281318685833405,16.2759788082637
waelz_input,quarterly,fixed_total,1.0,trainval,f_cohort_10yr,35,108,30.720127927962928,30.59742289270243,0.3115701569868401,0.217407113807222,0.4127175780982928,0.31992616953854247,0.2705742008587031,0.3841844045125331,14.711027026904578,13.281318685833405,16.2759788082637
waelz_input,quarterly,fixed_total,1.0,trainval,f_cohort_20yr,35,108,24.074983304902975,23.992412899007203,0.3112068879578267,0.23836329036577286,0.40260636360892055,0.3264998505054545,0.2844128873639662,0.37753310653345085,14.711027026904578,13.281318685833405,16.2759788082637
waelz_input,quarterly,fixed_total,1.0,trainval,f_cohort_44yr,35,108,17.85308505974213,17.765429378469832,0.3062044221084248,0.24650841517926958,0.3987541621161772,0.32298357442434866,0.2827199330176944,0.3677311389480242,14.711027026904578,13.281318685833405,16.2759788082637
waelz_input,monthly,per_obs,1.0,trainval,alpha_cc,35,324,1.8336683649651062,1.8277910500912171,0.30340134256608975,0.22171081190223152,0.3898971058432066,0.3124034483177829,0.2702829538146767,0.3629108796319003,53.192380994091025,50.021699013813645,57.25752191375722
waelz_input,monthly,per_obs,1.0,trainval,alpha_refc,35,324,3.622748133578155,3.585710791764293,0.8619225082420856,0.7888902098962369,1.1230097789629578,0.9479125997985755,0.8530464517278735,1.0679329295646856,53.192380994091025,50.021699013813645,57.25752191375722
waelz_input,monthly,per_obs,1.0,trainval,alpha_win,35,324,7.674691074431486,2.598377806357405,66.31656997165936,65.15524909013058,67.41567680742322,66.39965809994999,65.82026261650134,66.97624075513855,53.192380994091025,50.021699013813645,57.25752191375722
waelz_input,monthly,per_obs,1.0,trainval,alpha_dr,35,324,6.546316501537541,6.445721571510207,1.6134196558744263,1.4566051213068532,1.816658171255947,1.6211263331934955,1.5303989439138854,1.7192422908894833,53.192380994091025,50.021699013813645,57.25752191375722
waelz_input,monthly,per_obs,1.0,trainval,tau_olds,35,324,7.981694326983857,7.81867475168647,0.9322695144436066,0.7886661692709462,1.9257396381735903,1.2455545825067582,0.9069210468980404,1.5358876753892137,53.192380994091025,50.021699013813645,57.25752191375722
waelz_input,monthly,per_obs,1.0,trainval,frac_fu_new,35,324,10.070631099396643,9.930440858371163,1.2095002970207491,1.0038632271241688,1.568855756831089,1.2673637398329662,1.132217253999146,1.4261873038373785,53.192380994091025,50.021699013813645,57.25752191375722
waelz_input,monthly,per_obs,1.0,trainval,frac_fu_out,35,324,1.0497603765651853,1.0351469765948011,1.2095002970207491,1.0038632271241688,1.568855756831089,1.2673637398329662,1.132217253999146,1.4261873038373785,53.192380994091025,50.021699013813645,57.25752191375722
waelz_input,monthly,per_obs,1.0,trainval,frac_eu_new,35,324,14.516285341889132,14.424490646988168,0.7853732965743321,0.6661090786169832,0.945957915739587,0.7923614573331489,0.7177787079153175,0.8860327721343375,53.192380994091025,50.021699013813645,57.25752191375722
waelz_input,monthly,per_obs,1.0,trainval,frac_eu_into,35,324,0.8602595064120777,0.8555420560658162,0.7853732965743321,0.6661090786169832,0.945957915739587,0.7923614573331489,0.7177787079153175,0.8860327721343375,53.192380994091025,50.021699013813645,57.25752191375722
waelz_input,monthly,per_obs,1.0,trainval,f_cohort_10yr,35,324,30.720127927962928,30.488267995395475,0.9202972540987453,0.7422028226225841,1.2250655372903874,0.9775487169344482,0.8462355880311412,1.158807404781853,53.192380994091025,50.021699013813645,57.25752191375722
waelz_input,monthly,per_obs,1.0,trainval,f_cohort_20yr,35,324,24.074983304902975,23.812344482203027,1.0894316620791211,0.7549660380749557,1.2533809480646196,1.0241795640105744,0.908550609340053,1.1747646772505504,53.192380994091025,50.021699013813645,57.25752191375722
waelz_input,monthly,per_obs,1.0,trainval,f_cohort_44yr,35,324,17.85308505974213,17.591116284043874,0.936319155984866,0.7704375916745942,1.1083966020193903,0.9429918904334228,0.8513092105458919,1.0546029399960521,53.192380994091025,50.021699013813645,57.25752191375722
waelz_input,monthly,fixed_total,1.0,trainval,alpha_cc,35,324,1.8336683649651062,1.8322031056796184,0.08408079772772581,0.06329385970462731,0.1048732134216579,0.0850901851532665,0.07473563468609057,0.09591244264490206,14.808021341855598,13.383759855064891,16.403867991416952
waelz_input,monthly,fixed_total,1.0,trainval,alpha_refc,35,324,3.622748133578155,3.6059907818574497,0.46255911542363304,0.41180074912637865,0.5695268452817315,0.49039749788130915,0.4472786518246452,0.5662651559543652,14.808021341855598,13.383759855064891,16.403867991416952
waelz_input,monthly,fixed_total,1.0,trainval,alpha_win,35,324,7.674691074431486,5.046292721280814,34.366505692392735,33.40163884027679,36.47445340501258,34.72103247936019,33.865123095351805,35.570209651865746,14.808021341855598,13.383759855064891,16.403867991416952
waelz_input,monthly,fixed_total,1.0,trainval,alpha_dr,35,324,6.546316501537541,6.517334193649832,0.6004661213500961,0.4820807603146293,0.6859450504010878,0.6017302746896824,0.548051184358822,0.6574438851738029,14.808021341855598,13.383759855064891,16.403867991416952
waelz_input,monthly,fixed_total,1.0,trainval,tau_olds,35,324,7.981694326983857,7.904830686120593,0.41395749424217865,0.3644582722448664,0.9032863325721618,0.590133048440683,0.41395749424217865,0.6982549843129293,14.808021341855598,13.383759855064891,16.403867991416952
waelz_input,monthly,fixed_total,1.0,trainval,frac_fu_new,35,324,10.070631099396643,9.986113333211772,0.6508330155783781,0.5286886212684083,0.8552644196113568,0.6870693539770878,0.6033573080172605,0.7840816498152159,14.808021341855598,13.383759855064891,16.403867991416952
waelz_input,monthly,fixed_total,1.0,trainval,frac_fu_out,35,324,1.0497603765651853,1.0409502631590857,0.6508330155783781,0.5286886212684083,0.8552644196113568,0.6870693539770878,0.6033573080172605,0.7840816498152159,14.808021341855598,13.383759855064891,16.403867991416952
waelz_input,monthly,fixed_total,1.0,trainval,frac_eu_new,35,324,14.516285341889132,14.463371957491802,0.4171453846236295,0.3487146571491462,0.5137382782676891,0.4341679722420527,0.387477523266494,0.49425384528394845,14.808021341855598,13.383759855064891,16.403867991416952
waelz_input,monthly,fixed_total,1.0,trainval,frac_eu_into,35,324,0.8602595064120777,0.8578068033413222,0.4171453846236295,0.3487146571491462,0.5137382782676891,0.4341679722420527,0.387477523266494,0.49425384528394845,14.808021341855598,13.383759855064891,16.403867991416952
waelz_input,monthly,fixed_total,1.0,trainval,f_cohort_10yr,35,324,30.720127927962928,30.596724883712284,0.315454550155736,0.2216882411386678,0.41665707171644195,0.32327129725453485,0.27419896901211827,0.3892003950501488,14.808021341855598,13.383759855064891,16.403867991416952
waelz_input,monthly,fixed_total,1.0,trainval,f_cohort_20yr,35,324,24.074983304902975,23.991366416005434,0.3158267702526807,0.24101707260898442,0.40685746313030013,0.33118781079633786,0.2879063591816944,0.38164952847442035,14.808021341855598,13.383759855064891,16.403867991416952
waelz_input,monthly,fixed_total,1.0,trainval,f_cohort_44yr,35,324,17.85308505974213,17.76443852750186,0.31085415670638605,0.24954443527697157,0.4034850935208445,0.32703380797176884,0.2858797272869029,0.371893074397478,14.808021341855598,13.383759855064891,16.403867991416952
direct_reuse_recycling,annual,per_obs,1.0,trainval,alpha_cc,35,27,1.8336683649651062,1.832977578142338,0.02702777826095737,0.021415442761141268,0.033969439221415154,0.028219193488729366,0.025335167644729983,0.031631772198864594,5.513657420088151,5.196904812835846,6.346256818966337
direct_reuse_recycling,annual,per_obs,1.0,trainval,alpha_refc,35,27,3.622748133578155,3.622028658840236,0.027918868061926894,0.025034157213627006,0.03434081730676053,0.029663815863315013,0.026608222671492543,0.03388521851140913,5.513657420088151,5.196904812835846,6.346256818966337
direct_reuse_recycling,annual,per_obs,1.0,trainval,alpha_win,35,27,7.674691074431486,7.665091227689552,0.21048471504585553,0.16115292789196656,0.25755810707918103,0.21502049985285543,0.18875014990198946,0.25427229616333813,5.513657420088151,5.196904812835846,6.346256818966337
direct_reuse_recycling,annual,per_obs,1.0,trainval,alpha_dr,35,27,6.546316501537541,5.644173144903825,14.955417167065532,13.559708770280182,16.078338330800214,14.793911948704713,14.191066063842339,15.411589042960848,5.513657420088151,5.196904812835846,6.346256818966337
direct_reuse_recycling,annual,per_obs,1.0,trainval,tau_olds,35,27,7.981694326983857,7.841964414175048,1.2915672791579902,0.9414365051697904,1.5252362054988367,1.2869704653845904,1.1602954109948493,1.4145765593225224,5.513657420088151,5.196904812835846,6.346256818966337
direct_reuse_recycling,annual,per_obs,1.0,trainval,frac_fu_new,35,27,10.070631099396643,9.762244206061924,2.9785111774801587,2.7409842277085703,3.3316820083378715,2.9803535934791316,2.8423977824047597,3.156137200029996,5.513657420088151,5.196904812835846,6.346256818966337
direct_reuse_recycling,annual,per_obs,1.0,trainval,frac_fu_out,35,27,1.0497603765651853,1.0176141944560801,2.9785111774801587,2.7409842277085703,3.3316820083378715,2.9803535934791316,2.8423977824047597,3.156137200029996,5.513657420088151,5.196904812835846,6.346256818966337
direct_reuse_recycling,annual,per_obs,1.0,trainval,frac_eu_new,35,27,14.516285341889132,14.249185447590262,1.7190414558632905,1.5882606720503956,1.9245039489972526,1.733496801924597,1.643207478050157,1.8332849483711833,5.513657420088151,5.196904812835846,6.346256818966337
direct_reuse_recycling,annual,per_obs,1.0,trainval,frac_eu_into,35,27,0.8602595064120777,0.8451443945883741,1.7190414558632905,1.5882606720503956,1.9245039489972526,1.733496801924597,1.643207478050157,1.8332849483711833,5.513657420088151,5.196904812835846,6.346256818966337
direct_reuse_recycling,annual,per_obs,1.0,trainval,f_cohort_10yr,35,27,30.720127927962928,30.65223833305896,0.30550029006715107,0.22896504614412505,0.3597345338276048,0.29327232676751025,0.263515054371416,0.32518531864871303,5.513657420088151,5.196904812835846,6.346256818966337
direct_reuse_recycling,annual,per_obs,1.0,trainval,f_cohort_20yr,35,27,24.074983304902975,24.039471644374164,0.1911297036866877,0.1634592461828288,0.2528081275145422,0.20401303917925162,0.18053743385522125,0.23477125821874112,5.513657420088151,5.196904812835846,6.346256818966337
direct_reuse_recycling,annual,per_obs,1.0,trainval,f_cohort_44yr,35,27,17.85308505974213,17.76087497080791,0.3602907110732301,0.3177811728084623,0.44479781230684634,0.379145578817211,0.3444836358667436,0.41609892612298194,5.513657420088151,5.196904812835846,6.346256818966337
direct_reuse_recycling,annual,fixed_total,1.0,trainval,alpha_cc,35,27,1.8336683649651062,1.832977578142338,0.02702777826095737,0.021415442761141268,0.033969439221415154,0.028219193488729366,0.025335167644729983,0.031631772198864594,5.513657420088151,5.196904812835846,6.346256818966337
direct_reuse_recycling,annual,fixed_total,1.0,trainval,alpha_refc,35,27,3.622748133578155,3.622028658840236,0.027918868061926894,0.025034157213627006,0.03434081730676053,0.029663815863315013,0.026608222671492543,0.03388521851140913,5.513657420088151,5.196904812835846,6.346256818966337
direct_reuse_recycling,annual,fixed_total,1.0,trainval,alpha_win,35,27,7.674691074431486,7.665091227689552,0.21048471504585553,0.16115292789196656,0.25755810707918103,0.21502049985285543,0.18875014990198946,0.25427229616333813,5.513657420088151,5.196904812835846,6.346256818966337
direct_reuse_recycling,annual,fixed_total,1.0,trainval,alpha_dr,35,27,6.546316501537541,5.644173144903825,14.955417167065532,13.559708770280182,16.078338330800214,14.793911948704713,14.191066063842339,15.411589042960848,5.513657420088151,5.196904812835846,6.346256818966337
direct_reuse_recycling,annual,fixed_total,1.0,trainval,tau_olds,35,27,7.981694326983857,7.841964414175048,1.2915672791579902,0.9414365051697904,1.5252362054988367,1.2869704653845904,1.1602954109948493,1.4145765593225224,5.513657420088151,5.196904812835846,6.346256818966337
direct_reuse_recycling,annual,fixed_total,1.0,trainval,frac_fu_new,35,27,10.070631099396643,9.762244206061924,2.9785111774801587,2.7409842277085703,3.3316820083378715,2.9803535934791316,2.8423977824047597,3.156137200029996,5.513657420088151,5.196904812835846,6.346256818966337
direct_reuse_recycling,annual,fixed_total,1.0,trainval,frac_fu_out,35,27,1.0497603765651853,1.0176141944560801,2.9785111774801587,2.7409842277085703,3.3316820083378715,2.9803535934791316,2.8423977824047597,3.156137200029996,5.513657420088151,5.196904812835846,6.346256818966337
direct_reuse_recycling,annual,fixed_total,1.0,trainval,frac_eu_new,35,27,14.516285341889132,14.249185447590262,1.7190414558632905,1.5882606720503956,1.9245039489972526,1.733496801924597,1.643207478050157,1.8332849483711833,5.513657420088151,5.196904812835846,6.346256818966337
direct_reuse_recycling,annual,fixed_total,1.0,trainval,frac_eu_into,35,27,0.8602595064120777,0.8451443945883741,1.7190414558632905,1.5882606720503956,1.9245039489972526,1.733496801924597,1.643207478050157,1.8332849483711833,5.513657420088151,5.196904812835846,6.346256818966337
direct_reuse_recycling,annual,fixed_total,1.0,trainval,f_cohort_10yr,35,27,30.720127927962928,30.65223833305896,0.30550029006715107,0.22896504614412505,0.3597345338276048,0.29327232676751025,0.263515054371416,0.32518531864871303,5.513657420088151,5.196904812835846,6.346256818966337
direct_reuse_recycling,annual,fixed_total,1.0,trainval,f_cohort_20yr,35,27,24.074983304902975,24.039471644374164,0.1911297036866877,0.1634592461828288,0.2528081275145422,0.20401303917925162,0.18053743385522125,0.23477125821874112,5.513657420088151,5.196904812835846,6.346256818966337
direct_reuse_recycling,annual,fixed_total,1.0,trainval,f_cohort_44yr,35,27,17.85308505974213,17.76087497080791,0.3602907110732301,0.3177811728084623,0.44479781230684634,0.379145578817211,0.3444836358667436,0.41609892612298194,5.513657420088151,5.196904812835846,6.346256818966337
direct_reuse_recycling,quarterly,per_obs,1.0,trainval,alpha_cc,35,108,1.8336683649651062,1.831350049808943,0.10798481334821641,0.08426332429904981,0.1389863682145387,0.11298788018198336,0.10027351530045303,0.1300986726112452,17.836715166754814,17.069200960576786,20.18484768243728
direct_reuse_recycling,quarterly,per_obs,1.0,trainval,alpha_refc,35,108,3.622748133578155,3.6199672700531824,0.1064746976714992,0.09055115582995987,0.13912244191473522,0.11278046709309597,0.10184864338136368,0.13414825007371234,17.836715166754814,17.069200960576786,20.18484768243728
direct_reuse_recycling,quarterly,per_obs,1.0,trainval,alpha_win,35,108,7.674691074431486,7.6510567371401095,0.499220060908645,0.4069452786124472,0.5787463804230231,0.5100564296455612,0.45637578018777325,0.5712928701270548,17.836715166754814,17.069200960576786,20.18484768243728
direct_reuse_recycling,quarterly,per_obs,1.0,trainval,alpha_dr,35,108,6.546316501537541,4.246239906632088,35.68917761625008,34.36050584068348,37.50470127874884,35.909548801581096,35.17770896482677,36.673535792832446,17.836715166754814,17.069200960576786,20.18484768243728
direct_reuse_recycling,quarterly,per_obs,1.0,trainval,tau_olds,35,108,7.981694326983857,7.722994406549764,2.7429752976302346,2.034794604671392,3.11044936524546,2.6070010837112023,2.3254068316791665,2.8787440740724533,17.836715166754814,17.069200960576786,20.18484768243728
direct_reuse_recycling,quarterly,per_obs,1.0,trainval,frac_fu_new,35,108,10.070631099396643,9.526355232603738,5.390051919939132,4.932899864180418,5.606592016632322,5.345412364417748,5.096815536305622,5.5675398062859704,17.836715166754814,17.069200960576786,20.18484768243728
direct_reuse_recycling,quarterly,per_obs,1.0,trainval,frac_fu_out,35,108,1.0497603765651853,0.9930251796107368,5.390051919939132,4.932899864180418,5.606592016632322,5.345412364417748,5.096815536305622,5.5675398062859704,17.836715166754814,17.069200960576786,20.18484768243728
direct_reuse_recycling,quarterly,per_obs,1.0,trainval,frac_eu_new,35,108,14.516285341889132,14.048545625811602,2.9642441857457014,2.650083752272636,3.2451052946065317,2.9725338988181136,2.8132968923355928,3.1285799371245426,17.836715166754814,17.069200960576786,20.18484768243728
direct_reuse_recycling,quarterly,per_obs,1.0,trainval,frac_eu_into,35,108,0.8602595064120777,0.833244091842569,2.9642441857457014,2.650083752272636,3.2451052946065317,2.9725338988181167,2.8132968923355928,3.1285799371245426,17.836715166754814,17.069200960576786,20.18484768243728
direct_reuse_recycling,quarterly,per_obs,1.0,trainval,f_cohort_10yr,35,108,30.720127927962928,30.53444091236217,0.6932987107397315,0.5699111939906409,0.8116705225327148,0.7019539416443898,0.6339308140849209,0.7696583452176886,17.836715166754814,17.069200960576786,20.18484768243728
direct_reuse_recycling,quarterly,per_obs,1.0,trainval,f_cohort_20yr,35,108,24.074983304902975,23.976525037191614,0.5011393173722789,0.42716636842886624,0.682853788744292,0.5282478261564111,0.46638683455437757,0.598021747667099,17.836715166754814,17.069200960576786,20.18484768243728
direct_reuse_recycling,quarterly,per_obs,1.0,trainval,f_cohort_44yr,35,108,17.85308505974213,17.681812574939677,0.8138351335528426,0.7165000123866117,0.9743759689405662,0.842344574043899,0.7804853931471678,0.919704103035246,17.836715166754814,17.069200960576786,20.18484768243728
direct_reuse_recycling,quarterly,fixed_total,1.0,trainval,alpha_cc,35,108,1.8336683649651062,1.8327306685704325,0.04089432905793888,0.031583686017200296,0.05031614490829672,0.04137833341032182,0.03648094307668326,0.047311848265602086,6.4099425158253736,6.103776366133543,7.5243757823054
direct_reuse_recycling,quarterly,fixed_total,1.0,trainval,alpha_refc,35,108,3.622748133578155,3.6216685402000146,0.04133796823941882,0.034343864734454055,0.051116583858651365,0.042566078822192654,0.03823680801189333,0.04934618679535152,6.4099425158253736,6.103776366133543,7.5243757823054
direct_reuse_recycling,quarterly,fixed_total,1.0,trainval,alpha_win,35,108,7.674691074431486,7.664026751415231,0.23461710352585818,0.18637070482072082,0.27510926839559025,0.23944656782358964,0.21107010155908545,0.27897143148526427,6.4099425158253736,6.103776366133543,7.5243757823054
direct_reuse_recycling,quarterly,fixed_total,1.0,trainval,alpha_dr,35,108,6.546316501537541,5.485216353684436,16.845805342580068,15.830417878589998,18.39203807071992,16.957926767617153,16.420780879251453,17.645500040770322,6.4099425158253736,6.103776366133543,7.5243757823054
direct_reuse_recycling,quarterly,fixed_total,1.0,trainval,tau_olds,35,108,7.981694326983857,7.837487795865424,1.3630176304228803,0.9846535392363243,1.5851646740332792,1.353446169644887,1.215942897730804,1.478629833875561,6.4099425158253736,6.103776366133543,7.5243757823054
direct_reuse_recycling,quarterly,fixed_total,1.0,trainval,frac_fu_new,35,108,10.070631099396643,9.757121362696134,3.038142852625436,2.8158013597224474,3.3781830042381777,3.045457820698588,2.9039230957651374,3.2264772621993174,6.4099425158253736,6.103776366133543,7.5243757823054
direct_reuse_recycling,quarterly,fixed_total,1.0,trainval,frac_fu_out,35,108,1.0497603765651853,1.0170801903874496,3.038142852625436,2.8158013597224474,3.3781830042381777,3.045457820698588,2.9039230957651374,3.2264772621993174,6.4099425158253736,6.103776366133543,7.5243757823054
direct_reuse_recycling,quarterly,fixed_total,1.0,trainval,frac_eu_new,35,108,14.516285341889132,14.245255105708365,1.7564288325969457,1.6067013020504284,1.9662315222258975,1.7613519119191456,1.6661920987101952,1.8636840252891196,6.4099425158253736,6.103776366133543,7.5243757823054
direct_reuse_recycling,quarterly,fixed_total,1.0,trainval,frac_eu_into,35,108,0.8602595064120777,0.8449112790588922,1.7564288325969457,1.6067013020504284,1.9662315222258975,1.7613519119191456,1.6661920987101952,1.8636840252891196,6.4099425158253736,6.103776366133543,7.5243757823054
direct_reuse_recycling,quarterly,fixed_total,1.0,trainval,f_cohort_10yr,35,108,30.720127927962928,30.641035180221294,0.34514087161157114,0.26465033807173133,0.3869099656544417,0.32957600984876156,0.29841630639626526,0.3612067079880932,6.4099425158253736,6.103776366133543,7.5243757823054
direct_reuse_recycling,quarterly,fixed_total,1.0,trainval,f_cohort_20yr,35,108,24.074983304902975,24.03288518746546,0.21954037698210804,0.19255486109735487,0.29571596811945877,0.2368151335917834,0.20844517130558238,0.27285443212312077,6.4099425158253736,6.103776366133543,7.5243757823054
direct_reuse_recycling,quarterly,fixed_total,1.0,trainval,f_cohort_44yr,35,108,17.85308505974213,17.752531952024537,0.4073167393767063,0.343905575906428,0.4892759726121465,0.41509082914878426,0.378959480751917,0.45439982654528754,6.4099425158253736,6.103776366133543,7.5243757823054
direct_reuse_recycling,monthly,per_obs,1.0,trainval,alpha_cc,35,324,1.8336683649651062,1.8296147562506888,0.20959814555105982,0.1609358563516572,0.2609700033050555,0.21133923244139874,0.18686658856333915,0.24299857006145897,34.294849350265736,32.70094439482795,37.59706345648578
direct_reuse_recycling,monthly,per_obs,1.0,trainval,alpha_refc,35,324,3.622748133578155,3.6174446775158606,0.2043782923807136,0.16484287423053634,0.26004411345955103,0.2109151141688359,0.1881573806503556,0.2499788756957333,34.294849350265736,32.70094439482795,37.59706345648578
direct_reuse_recycling,monthly,per_obs,1.0,trainval,alpha_win,35,324,7.674691074431486,7.640564882743448,0.7381949088037687,0.6453723592050542,0.8353577562329295,0.7510256370384355,0.6775036887020802,0.8262439889418272,34.294849350265736,32.70094439482795,37.59706345648578
direct_reuse_recycling,monthly,per_obs,1.0,trainval,alpha_dr,35,324,6.546316501537541,3.181048760900483,51.66854728976155,50.45680369020043,53.512331964492105,51.97597072258863,51.22645681423516,52.62976154466595,34.294849350265736,32.70094439482795,37.59706345648578
direct_reuse_recycling,monthly,per_obs,1.0,trainval,tau_olds,35,324,7.981694326983857,7.65762767816957,3.5817447251352164,2.6747235277049644,4.107377084686603,3.467857262375487,3.1043029798365596,3.8776525145341356,34.294849350265736,32.70094439482795,37.59706345648578
direct_reuse_recycling,monthly,per_obs,1.0,trainval,frac_fu_new,35,324,10.070631099396643,9.422220716031331,6.625426947775792,6.012697463908562,7.112634175850275,6.61550487453183,6.312351887120227,6.91311532119781,34.294849350265736,32.70094439482795,37.59706345648578
direct_reuse_recycling,monthly,per_obs,1.0,trainval,frac_fu_out,35,324,1.0497603765651853,0.982170220447648,6.625426947775792,6.012697463908562,7.112634175850275,6.61550487453183,6.312351887120227,6.91311532119781,34.294849350265736,32.70094439482795,37.59706345648578
direct_reuse_recycling,monthly,per_obs,1.0,trainval,frac_eu_new,35,324,14.516285341889132,13.944059375711735,3.6383820996986005,3.2631723617668085,3.9827104824100013,3.6087909064045993,3.417244338163805,3.8218069936885204,34.294849350265736,32.70094439482795,37.59706345648578
direct_reuse_recycling,monthly,per_obs,1.0,trainval,frac_eu_into,35,324,0.8602595064120777,0.8270468275211621,3.6383820996986005,3.2631723617668085,3.9827104824100013,3.6087909064045993,3.417244338163805,3.8218069936885204,34.294849350265736,32.70094439482795,37.59706345648578
direct_reuse_recycling,monthly,per_obs,1.0,trainval,f_cohort_10yr,35,324,30.720127927962928,30.423881385934223,1.0564448394613235,0.8801459646750498,1.233310898878076,1.061764530996956,0.9705113307920787,1.1685512659417419,34.294849350265736,32.70094439482795,37.59706345648578
direct_reuse_recycling,monthly,per_obs,1.0,trainval,f_cohort_20yr,35,324,24.074983304902975,23.91180216175163,0.7958278236084748,0.6756847870626859,1.081438444204491,0.8455284637775451,0.7474302001474531,0.9428363552968333,34.294849350265736,32.70094439482795,37.59706345648578
direct_reuse_recycling,monthly,per_obs,1.0,trainval,f_cohort_44yr,35,324,17.85308505974213,17.627647726585444,1.2085837476280226,1.0892480805208438,1.3921198037396665,1.233638862273831,1.1433796141316677,1.3430190347270499,34.294849350265736,32.70094439482795,37.59706345648578
direct_reuse_recycling,monthly,fixed_total,1.0,trainval,alpha_cc,35,324,1.8336683649651062,1.8327118686516966,0.04183098787051698,0.032174608801965876,0.051390132800954724,0.04218059060425716,0.03718938722870324,0.04826366787509251,6.467374127158504,6.159198420826307,7.5945591379318245
direct_reuse_recycling,monthly,fixed_total,1.0,trainval,alpha_refc,35,324,3.622748133578155,3.6216490893682156,0.04221689428229869,0.03469629757986703,0.05211883294485853,0.043403105708739176,0.03889871100230535,0.05030605316057035,6.467374127158504,6.159198420826307,7.5945591379318245
direct_reuse_recycling,monthly,fixed_total,1.0,trainval,alpha_win,35,324,7.674691074431486,7.66391466334828,0.23568930254551645,0.1883987671304599,0.27606804248896943,0.2409328980253228,0.21285956245384874,0.28058954502147015,6.467374127158504,6.159198420826307,7.5945591379318245
direct_reuse_recycling,monthly,fixed_total,1.0,trainval,alpha_dr,35,324,6.546316501537541,5.476701951669022,16.92539179868441,15.942759163010134,18.512343330048672,17.05897894828601,16.530682179794955,17.74698470153124,6.467374127158504,6.159198420826307,7.5945591379318245
direct_reuse_recycling,monthly,fixed_total,1.0,trainval,tau_olds,35,324,7.981694326983857,7.837120091800607,1.367403951525259,0.988074498268221,1.5907220701126656,1.3561054622552193,1.219695196001469,1.4842214184835556,6.467374127158504,6.159198420826307,7.5945591379318245
direct_reuse_recycling,monthly,fixed_total,1.0,trainval,frac_fu_new,35,324,10.070631099396643,9.756821789886354,3.0407916679185965,2.8196520587310925,3.381028677572745,3.048975553401001,2.9073571104902274,3.230102916173011,6.467374127158504,6.159198420826307,7.5945591379318245
direct_reuse_recycling,monthly,fixed_total,1.0,trainval,frac_fu_out,35,324,1.0497603765651853,1.0170489629834767,3.0407916679185965,2.8196520587310925,3.381028677572745,3.048975553401001,2.9073571104902274,3.230102916173011,6.467374127158504,6.159198420826307,7.5945591379318245
direct_reuse_recycling,monthly,fixed_total,1.0,trainval,frac_eu_new,35,324,14.516285341889132,14.245018478075101,1.759340470388282,1.6083552265837409,1.9681982746496018,1.7629985523649305,1.6676631439074052,1.8659676148223947,6.467374127158504,6.159198420826307,7.5945591379318245
direct_reuse_recycling,monthly,fixed_total,1.0,trainval,frac_eu_into,35,324,0.8602595064120777,0.8448972442553876,1.759340470388282,1.6083552265837409,1.9681982746496018,1.7629985523649276,1.6676631439074052,1.8659676148223947,6.467374127158504,6.159198420826307,7.5945591379318245
direct_reuse_recycling,monthly,fixed_total,1.0,trainval,f_cohort_10yr,35,324,30.720127927962928,30.64029807878536,0.3463147131573252,0.26671475737161665,0.38821591033088576,0.33145420040477935,0.30030786179972013,0.3635063960218399,6.467374127158504,6.159198420826307,7.5945591379318245
direct_reuse_recycling,monthly,fixed_total,1.0,trainval,f_cohort_20yr,35,324,24.074983304902975,24.03254615204475,0.22213785694371602,0.19396379783550577,0.29884131095202493,0.23932272436378854,0.21045141867691575,0.27533453548713727,6.467374127158504,6.159198420826307,7.5945591379318245
direct_reuse_recycling,monthly,fixed_total,1.0,trainval,f_cohort_44yr,35,324,17.85308505974213,17.75191301985601,0.4102710933178155,0.345312708160328,0.4920162336194911,0.41793690737567113,0.38164411665538855,0.4571314659035375,6.467374127158504,6.159198420826307,7.5945591379318245
end_of_life,annual,per_obs,1.0,trainval,alpha_cc,35,27,1.8336683649651062,1.8332336682837163,0.027589128839999866,0.023970392389094375,0.035603683787516216,0.029627753042998917,0.02635910231256755,0.03250784072288959,4.504630264574548,4.212536480545488,4.805413339641303
end_of_life,annual,per_obs,1.0,trainval,alpha_refc,35,27,3.622748133578155,3.6217269374636625,0.02676530542917721,0.02051825069582791,0.03606589043236852,0.028500255524796514,0.02431069420255616,0.03299164877724192,4.504630264574548,4.212536480545488,4.805413339641303
end_of_life,annual,per_obs,1.0,trainval,alpha_win,35,27,7.674691074431486,7.673254258294881,0.031571659974805044,0.022516017658930076,0.04684375609002034,0.03416065752583075,0.028918820320589234,0.041107654445227126,4.504630264574548,4.212536480545488,4.805413339641303
end_of_life,annual,per_obs,1.0,trainval,alpha_dr,35,27,6.546316501537541,6.534815592807817,0.17568519223021273,0.14028910336677525,0.19705896176893667,0.17233435420956622,0.15706032503342016,0.18778502860676283,4.504630264574548,4.212536480545488,4.805413339641303
end_of_life,annual,per_obs,1.0,trainval,tau_olds,35,27,7.981694326983857,7.8761663841198235,1.174191454686624,1.0254668260897604,1.2972592074603162,1.1591598427323047,1.10108116424259,1.2174430504059308,4.504630264574548,4.212536480545488,4.805413339641303
end_of_life,annual,per_obs,1.0,trainval,frac_fu_new,35,27,10.070631099396643,9.984637616791138,0.6211654682513834,0.5389612389654186,0.759444072090254,0.6451837129354404,0.582809383764582,0.7122292429189825,4.504630264574548,4.212536480545488,4.805413339641303
end_of_life,annual,per_obs,1.0,trainval,frac_fu_out,35,27,1.0497603765651853,1.0407964348031329,0.6211654682513834,0.5389612389654186,0.759444072090254,0.6451837129354404,0.582809383764582,0.7122292429189825,4.504630264574548,4.212536480545488,4.805413339641303
end_of_life,annual,per_obs,1.0,trainval,frac_eu_new,35,27,14.516285341889132,14.449630282000376,0.7391924426372265,0.574664784326756,0.8749028835950301,0.736053749093879,0.6591649504173291,0.8172672996293373,4.504630264574548,4.212536480545488,4.805413339641303
end_of_life,annual,per_obs,1.0,trainval,frac_eu_into,35,27,0.8602595064120777,0.8529813126188149,0.7391924426372265,0.574664784326756,0.8749028835950301,0.736053749093879,0.6591649504173291,0.8172672996293373,4.504630264574548,4.212536480545488,4.805413339641303
end_of_life,annual,per_obs,1.0,trainval,f_cohort_10yr,35,27,30.720127927962928,25.504927584228135,17.374387674205238,12.203294946184162,19.77312790084533,16.482565420040558,14.869031677862994,18.333183113707825,4.504630264574548,4.212536480545488,4.805413339641303
end_of_life,annual,per_obs,1.0,trainval,f_cohort_20yr,35,27,24.074983304902975,22.07418155220091,8.50851960560739,5.209282421321786,12.391855305261746,8.794136228841882,7.09391717864653,10.462999274253827,4.504630264574548,4.212536480545488,4.805413339641303
end_of_life,annual,per_obs,1.0,trainval,f_cohort_44yr,35,27,17.85308505974213,13.280900042870307,26.03665666995306,23.4020275862469,28.80731128223427,26.160735913514934,24.864505639109666,27.475568153957028,4.504630264574548,4.212536480545488,4.805413339641303
end_of_life,annual,fixed_total,1.0,trainval,alpha_cc,35,27,1.8336683649651062,1.8332336682837163,0.027589128839999866,0.023970392389094375,0.035603683787516216,0.029627753042998917,0.02635910231256755,0.03250784072288959,4.504630264574548,4.212536480545488,4.805413339641303
end_of_life,annual,fixed_total,1.0,trainval,alpha_refc,35,27,3.622748133578155,3.6217269374636625,0.02676530542917721,0.02051825069582791,0.03606589043236852,0.028500255524796514,0.02431069420255616,0.03299164877724192,4.504630264574548,4.212536480545488,4.805413339641303
end_of_life,annual,fixed_total,1.0,trainval,alpha_win,35,27,7.674691074431486,7.673254258294881,0.031571659974805044,0.022516017658930076,0.04684375609002034,0.03416065752583075,0.028918820320589234,0.041107654445227126,4.504630264574548,4.212536480545488,4.805413339641303
end_of_life,annual,fixed_total,1.0,trainval,alpha_dr,35,27,6.546316501537541,6.534815592807817,0.17568519223021273,0.14028910336677525,0.19705896176893667,0.17233435420956622,0.15706032503342016,0.18778502860676283,4.504630264574548,4.212536480545488,4.805413339641303
end_of_life,annual,fixed_total,1.0,trainval,tau_olds,35,27,7.981694326983857,7.8761663841198235,1.174191454686624,1.0254668260897604,1.2972592074603162,1.1591598427323047,1.10108116424259,1.2174430504059308,4.504630264574548,4.212536480545488,4.805413339641303
end_of_life,annual,fixed_total,1.0,trainval,frac_fu_new,35,27,10.070631099396643,9.984637616791138,0.6211654682513834,0.5389612389654186,0.759444072090254,0.6451837129354404,0.582809383764582,0.7122292429189825,4.504630264574548,4.212536480545488,4.805413339641303
end_of_life,annual,fixed_total,1.0,trainval,frac_fu_out,35,27,1.0497603765651853,1.0407964348031329,0.6211654682513834,0.5389612389654186,0.759444072090254,0.6451837129354404,0.582809383764582,0.7122292429189825,4.504630264574548,4.212536480545488,4.805413339641303
end_of_life,annual,fixed_total,1.0,trainval,frac_eu_new,35,27,14.516285341889132,14.449630282000376,0.7391924426372265,0.574664784326756,0.8749028835950301,0.736053749093879,0.6591649504173291,0.8172672996293373,4.504630264574548,4.212536480545488,4.805413339641303
end_of_life,annual,fixed_total,1.0,trainval,frac_eu_into,35,27,0.8602595064120777,0.8529813126188149,0.7391924426372265,0.574664784326756,0.8749028835950301,0.736053749093879,0.6591649504173291,0.8172672996293373,4.504630264574548,4.212536480545488,4.805413339641303
end_of_life,annual,fixed_total,1.0,trainval,f_cohort_10yr,35,27,30.720127927962928,25.504927584228135,17.374387674205238,12.203294946184162,19.77312790084533,16.482565420040558,14.869031677862994,18.333183113707825,4.504630264574548,4.212536480545488,4.805413339641303
end_of_life,annual,fixed_total,1.0,trainval,f_cohort_20yr,35,27,24.074983304902975,22.07418155220091,8.50851960560739,5.209282421321786,12.391855305261746,8.794136228841882,7.09391717864653,10.462999274253827,4.504630264574548,4.212536480545488,4.805413339641303
end_of_life,annual,fixed_total,1.0,trainval,f_cohort_44yr,35,27,17.85308505974213,13.280900042870307,26.03665666995306,23.4020275862469,28.80731128223427,26.160735913514934,24.864505639109666,27.475568153957028,4.504630264574548,4.212536480545488,4.805413339641303
end_of_life,quarterly,per_obs,1.0,trainval,alpha_cc,35,108,1.8336683649651062,1.8329128139958106,0.055214634577360755,0.04258919681426887,0.06189878756573952,0.05515150835838367,0.04970613338009522,0.06024916981905992,8.711439340840627,8.130532921234416,9.181238607803547
end_of_life,quarterly,per_obs,1.0,trainval,alpha_refc,35,108,3.622748133578155,3.620703667568994,0.05326259320372895,0.04280870199415143,0.0661448417552224,0.054526401580998196,0.04853436647342391,0.06151288263596122,8.711439340840627,8.130532921234416,9.181238607803547
end_of_life,quarterly,per_obs,1.0,trainval,alpha_win,35,108,7.674691074431486,7.6719005912104405,0.06007796072915461,0.03854410117153373,0.07841548970328738,0.05932749021436423,0.05071745249888293,0.073463752803965,8.711439340840627,8.130532921234416,9.181238607803547
end_of_life,quarterly,per_obs,1.0,trainval,alpha_dr,35,108,6.546316501537541,6.530941078482609,0.23800216259064477,0.18375541067543466,0.2811004353155955,0.23940491380930184,0.21847883663983492,0.2669620518286675,8.711439340840627,8.130532921234416,9.181238607803547
end_of_life,quarterly,per_obs,1.0,trainval,tau_olds,35,108,7.981694326983857,7.845685730404783,1.5035034000936087,1.3737465125100323,1.6645512363456905,1.5163520635422256,1.4387430852856986,1.5811571063196972,8.711439340840627,8.130532921234416,9.181238607803547
end_of_life,quarterly,per_obs,1.0,trainval,frac_fu_new,35,108,10.070631099396643,9.964369925163686,0.7955711799324972,0.6562602090600222,0.9469805902646733,0.8132558945260909,0.7342032059445391,0.9130254064467658,8.711439340840627,8.130532921234416,9.181238607803547
end_of_life,quarterly,per_obs,1.0,trainval,frac_fu_out,35,108,1.0497603765651853,1.0386837350740945,0.7955711799324972,0.6562602090600222,0.9469805902646733,0.8132558945260909,0.7342032059445391,0.9130254064467658,8.711439340840627,8.130532921234416,9.181238607803547
end_of_life,quarterly,per_obs,1.0,trainval,frac_eu_new,35,108,14.516285341889132,14.422781760447192,0.8927547183392281,0.7411133410442639,1.1277193265126106,0.9260372494232588,0.8297313289266417,1.0312207581084754,8.711439340840627,8.130532921234416,9.181238607803547
end_of_life,quarterly,per_obs,1.0,trainval,frac_eu_into,35,108,0.8602595064120777,0.8508803124628276,0.8927547183392281,0.7411133410442639,1.1277193265126106,0.9260372494232588,0.8297313289266417,1.0312207581084754,8.711439340840627,8.130532921234416,9.181238607803547
end_of_life,quarterly,per_obs,1.0,trainval,f_cohort_10yr,35,108,30.720127927962928,23.98987083866632,21.32035173756731,16.265809037198224,25.170370172848855,21.117221651623098,18.933326703723196,23.107866357387316,8.711439340840627,8.130532921234416,9.181238607803547
end_of_life,quarterly,per_obs,1.0,trainval,f_cohort_20yr,35,108,24.074983304902975,21.349057214988374,11.000296167348111,7.160459027484345,14.96672171708423,11.52742209198803,9.555679810583552,13.46615366814956,8.711439340840627,8.130532921234416,9.181238607803547
end_of_life,quarterly,per_obs,1.0,trainval,f_cohort_44yr,35,108,17.85308505974213,11.912892361749718,33.86923535314732,28.96904889666656,35.6276291208507,33.29779778996853,31.53920678328017,34.96380234410442,8.711439340840627,8.130532921234416,9.181238607803547
end_of_life,quarterly,fixed_total,1.0,trainval,alpha_cc,35,108,1.8336683649651062,1.833223996867479,0.028112068091457054,0.024665959892755662,0.036221323827456686,0.030325504380951385,0.027016944024982337,0.033179144282724504,4.52604126100687,4.23006046274185,4.826564801905018
end_of_life,quarterly,fixed_total,1.0,trainval,alpha_refc,35,108,3.622748133578155,3.6217051296698957,0.027715938161154696,0.021263857198261515,0.037110745483665,0.029480175543547538,0.02531076679167521,0.033805571603162665,4.52604126100687,4.23006046274185,4.826564801905018
end_of_life,quarterly,fixed_total,1.0,trainval,alpha_win,35,108,7.674691074431486,7.673239728867319,0.03200091022736995,0.02288145121545071,0.04719861134856451,0.03454005967430951,0.029178777353922047,0.04157132085579329,4.52604126100687,4.23006046274185,4.826564801905018
end_of_life,quarterly,fixed_total,1.0,trainval,alpha_dr,35,108,6.546316501537541,6.53477623013858,0.17628648716038198,0.14085588243999414,0.19787124546172263,0.17329177193470824,0.1579861993478926,0.18879814614896628,4.52604126100687,4.23006046274185,4.826564801905018
end_of_life,quarterly,fixed_total,1.0,trainval,tau_olds,35,108,7.981694326983857,7.876055322364875,1.1748482102927449,1.026272171360959,1.2985807753859213,1.160043601283081,1.1021958767622797,1.2187902899662317,4.52604126100687,4.23006046274185,4.826564801905018
end_of_life,quarterly,fixed_total,1.0,trainval,frac_fu_new,35,108,10.070631099396643,9.984556854418498,0.6217631522371425,0.53995965300635,0.7605413173479625,0.646004142577189,0.5835716612994979,0.7129493444237411,4.52604126100687,4.23006046274185,4.826564801905018
end_of_life,quarterly,fixed_total,1.0,trainval,frac_fu_out,35,108,1.0497603765651853,1.040788016151126,0.6217631522371425,0.53995965300635,0.7605413173479625,0.646004142577189,0.5835716612994979,0.7129493444237411,4.52604126100687,4.23006046274185,4.826564801905018
end_of_life,quarterly,fixed_total,1.0,trainval,frac_eu_new,35,108,14.516285341889132,14.449498123999879,0.7409494651411608,0.575094977256374,0.8764868386463176,0.7370117664817044,0.6597715398259263,0.8183904553338728,4.52604126100687,4.23006046274185,4.826564801905018
end_of_life,quarterly,fixed_total,1.0,trainval,frac_eu_into,35,108,0.8602595064120777,0.8529723272233164,0.7409494651411608,0.575094977256374,0.8764868386463176,0.7370117664817044,0.6597715398259263,0.8183904553338728,4.52604126100687,4.23006046274185,4.826564801905018
end_of_life,quarterly,fixed_total,1.0,trainval,f_cohort_10yr,35,108,30.720127927962928,25.49182981513899,17.501838793124534,12.228355174058741,19.804808485222186,16.534667214087033,14.904485338323624,18.390048008356285,4.52604126100687,4.23006046274185,4.826564801905018
end_of_life,quarterly,fixed_total,1.0,trainval,f_cohort_20yr,35,108,24.074983304902975,22.06875170993626,8.571053601832546,5.227264897341838,12.414967878603523,8.80981859929766,7.110367665920259,10.492992993242968,4.52604126100687,4.23006046274185,4.826564801905018
end_of_life,quarterly,fixed_total,1.0,trainval,f_cohort_44yr,35,108,17.85308505974213,13.273112540431084,26.080592761525057,23.44724350277977,28.838491391723643,26.19824673097647,24.898161246042292,27.51457081665358,4.52604126100687,4.23006046274185,4.826564801905018
end_of_life,monthly,per_obs,1.0,trainval,alpha_cc,35,324,1.8336683649651062,1.8323544818673567,0.08929516632838475,0.0757139519993677,0.10352047182192736,0.09219254352811346,0.08478681281443579,0.10143449485526257,13.438024872933116,12.529433441827193,14.18796589375132
end_of_life,monthly,per_obs,1.0,trainval,alpha_refc,35,324,3.622748133578155,3.6193787195522953,0.09300712888731244,0.07654760212887357,0.10622579769878904,0.09435204262432384,0.08565999043826378,0.10312491232862264,13.438024872933116,12.529433441827193,14.18796589375132
end_of_life,monthly,per_obs,1.0,trainval,alpha_win,35,324,7.674691074431486,7.670060178730593,0.08759509268676524,0.059422405806569545,0.10778234099635409,0.0875956601928296,0.0753024463802987,0.10699778525562476,13.438024872933116,12.529433441827193,14.18796589375132
end_of_life,monthly,per_obs,1.0,trainval,alpha_dr,35,324,6.546316501537541,6.52634038331718,0.3010369667308055,0.23142694151035426,0.37285403422712693,0.30679312924897506,0.27408850221890546,0.34521800805071834,13.438024872933116,12.529433441827193,14.18796589375132
end_of_life,monthly,per_obs,1.0,trainval,tau_olds,35,324,7.981694326983857,7.83175655776541,1.7108245492440721,1.5018259576654869,1.8533606748615705,1.6929429724180962,1.603386954118169,1.786570312164537,13.438024872933116,12.529433441827193,14.18796589375132
end_of_life,monthly,per_obs,1.0,trainval,frac_fu_new,35,324,10.070631099396643,9.949208504880648,0.8656736517919983,0.7254588099453341,1.0990816093414235,0.9073610939991178,0.8102801525718961,1.0205417985808818,13.438024872933116,12.529433441827193,14.18796589375132
end_of_life,monthly,per_obs,1.0,trainval,frac_fu_out,35,324,1.0497603765651853,1.0371033119498139,0.8656736517919983,0.7254588099453341,1.0990816093414235,0.9073610939991178,0.8102801525718961,1.0205417985808818,13.438024872933116,12.529433441827193,14.18796589375132
end_of_life,monthly,per_obs,1.0,trainval,frac_eu_new,35,324,14.516285341889132,14.405896386648852,0.9918275667041954,0.8095887006729474,1.2470843356337802,1.024372785829486,0.9131417938740505,1.1391408759159671,13.438024872933116,12.529433441827193,14.18796589375132
end_of_life,monthly,per_obs,1.0,trainval,frac_eu_into,35,324,0.8602595064120777,0.8495264565824608,0.9918275667041954,0.8095887006729474,1.2470843356337802,1.024372785829486,0.9131417938740505,1.1391408759159671,13.438024872933116,12.529433441827193,14.18796589375132
end_of_life,monthly,per_obs,1.0,trainval,f_cohort_10yr,35,324,30.720127927962928,23.247114621478488,24.942316952514567,19.470507486245886,29.331983256755816,24.60632649794213,22.11969490890027,26.659718373979075,13.438024872933116,12.529433441827193,14.18796589375132
end_of_life,monthly,per_obs,1.0,trainval,f_cohort_20yr,35,324,24.074983304902975,20.775160233004375,13.528269934803783,9.777970338745224,17.52272743997098,13.80888342684615,11.822796300502418,16.03583006772464,13.438024872933116,12.529433441827193,14.18796589375132
end_of_life,monthly,per_obs,1.0,trainval,f_cohort_44yr,35,324,17.85308505974213,11.400446445866027,37.542745512388876,32.300565683239114,40.60269926131722,37.431534477597545,35.54239793419018,39.145674824379626,13.438024872933116,12.529433441827193,14.18796589375132
end_of_life,monthly,fixed_total,1.0,trainval,alpha_cc,35,324,1.8336683649651062,1.8332227840796316,0.028164583049605785,0.024752271892303224,0.03628255473042685,0.030405796044669087,0.027093156548535502,0.033271565734277475,4.527434158094514,4.231189600938796,4.827954406774947
end_of_life,monthly,fixed_total,1.0,trainval,alpha_refc,35,324,3.622748133578155,3.6217025210680713,0.027749398828280647,0.021344346494489574,0.03719311119818047,0.029587868878808155,0.025416423107399444,0.03392687516350912,4.527434158094514,4.231189600938796,4.827954406774947
end_of_life,monthly,fixed_total,1.0,trainval,alpha_win,35,324,7.674691074431486,7.6732387812433664,0.03202834771248719,0.022913877827140938,0.047222416310954696,0.03455728755775156,0.029189905770621305,0.0416004645188095,4.527434158094514,4.231189600938796,4.827954406774947
end_of_life,monthly,fixed_total,1.0,trainval,alpha_dr,35,324,6.546316501537541,6.534772992208825,0.17633594901812488,0.14090271791111775,0.19792663867040927,0.17334760658707093,0.15805373329092487,0.18884990996316797,4.527434158094514,4.231189600938796,4.827954406774947
end_of_life,monthly,fixed_total,1.0,trainval,tau_olds,35,324,7.981694326983857,7.876048276727236,1.1748882726064558,1.026321476994474,1.2986642394173686,1.1600983101903246,1.1022620457034393,1.2188761854010022,4.527434158094514,4.231189600938796,4.827954406774947
end_of_life,monthly,fixed_total,1.0,trainval,frac_fu_new,35,324,10.070631099396643,9.984550721655873,0.6218020291759108,0.5400229669036583,0.7606173269418759,0.6460680725157569,0.5836217563976287,0.7130022959848659,4.527434158094514,4.231189600938796,4.827954406774947
end_of_life,monthly,fixed_total,1.0,trainval,frac_fu_out,35,324,1.0497603765651853,1.0407873768732954,0.6218020291759108,0.5400229669036583,0.7606173269418759,0.6460680725157569,0.5836217563976287,0.7130022959848659,4.527434158094514,4.231189600938796,4.827954406774947
end_of_life,monthly,fixed_total,1.0,trainval,frac_eu_new,35,324,14.516285341889132,14.449489739467497,0.7410564927432528,0.5751226802957865,0.8765856868556299,0.73707073739529,0.659811871797128,0.8184807084853307,4.527434158094514,4.231189600938796,4.827954406774947
end_of_life,monthly,fixed_total,1.0,trainval,frac_eu_into,35,324,0.8602595064120777,0.8529717473856473,0.7410564927432528,0.5751226802957865,0.8765856868556299,0.73707073739529,0.659811871797128,0.8184807084853307,4.527434158094514,4.231189600938796,4.827954406774947
end_of_life,monthly,fixed_total,1.0,trainval,f_cohort_10yr,35,324,30.720127927962928,25.491020199274487,17.50993321365757,12.229930678785761,19.806788988582277,16.539807051602637,14.906097430384518,18.39349534813504,4.527434158094514,4.231189600938796,4.827954406774947
end_of_life,monthly,fixed_total,1.0,trainval,f_cohort_20yr,35,324,24.074983304902975,22.068387564880766,8.574789372814596,5.228397950930585,12.41643675209978,8.81154866075747,7.111739726812094,10.495273982529763,4.527434158094514,4.231189600938796,4.827954406774947
end_of_life,monthly,fixed_total,1.0,trainval,f_cohort_44yr,35,324,17.85308505974213,13.272579655877454,26.083418002668513,23.45001067830524,28.84048043374394,26.200591873606264,24.900339285684492,27.517494835010943,4.527434158094514,4.231189600938796,4.827954406774947
scrap_collection,annual,per_obs,1.0,trainval,alpha_cc,35,27,1.8336683649651062,1.8329044484509471,0.03232113407404258,0.026886538198134247,0.03820024177993431,0.03265597156743849,0.029881260317393687,0.03643376103538154,6.387250928629208,5.6217867704825855,7.202906751195053
scrap_collection,annual,per_obs,1.0,trainval,alpha_refc,35,27,3.622748133578155,3.6219780611836008,0.03521255527516587,0.029216193850517547,0.04570625575409104,0.03711464929935515,0.0332784899062577,0.04153162182286563,6.387250928629208,5.6217867704825855,7.202906751195053
scrap_collection,annual,per_obs,1.0,trainval,alpha_win,35,27,7.674691074431486,7.645416725553613,0.1880569016717737,0.14356310838904984,0.3825926284584502,0.24322943982407474,0.17301695099947723,0.2985624150824262,6.387250928629208,5.6217867704825855,7.202906751195053
scrap_collection,annual,per_obs,1.0,trainval,alpha_dr,35,27,6.546316501537541,6.483678904993802,1.1391648388336728,0.9154943476059552,1.324007135177463,1.1274570470794916,1.0246591316624531,1.2343301631263737,6.387250928629208,5.6217867704825855,7.202906751195053
scrap_collection,annual,per_obs,1.0,trainval,tau_olds,35,27,7.981694326983857,6.478802900000279,18.32585437612725,17.166143095543163,19.82896580432861,18.46272732851648,17.812544976246805,19.014439004652807,6.387250928629208,5.6217867704825855,7.202906751195053
scrap_collection,annual,per_obs,1.0,trainval,frac_fu_new,35,27,10.070631099396643,9.828174314396726,2.019625867554775,1.8608710000787898,2.276182949363137,2.0642525627290826,1.9376548918668135,2.2002011225286333,6.387250928629208,5.6217867704825855,7.202906751195053
scrap_collection,annual,per_obs,1.0,trainval,frac_fu_out,35,27,1.0497603765651853,1.02448673448554,2.019625867554775,1.8608710000787898,2.276182949363137,2.0642525627290826,1.9376548918668135,2.2002011225286333,6.387250928629208,5.6217867704825855,7.202906751195053
scrap_collection,annual,per_obs,1.0,trainval,frac_eu_new,35,27,14.516285341889132,14.310050993183985,1.5839269948085377,1.3140735811803805,1.7589104673782385,1.5574451622123036,1.4487538591039184,1.6723878782210821,6.387250928629208,5.6217867704825855,7.202906751195053
scrap_collection,annual,per_obs,1.0,trainval,frac_eu_into,35,27,0.8602595064120777,0.8392719078113845,1.5839269948085377,1.3140735811803805,1.7589104673782385,1.5574451622123036,1.4487538591039184,1.6723878782210821,6.387250928629208,5.6217867704825855,7.202906751195053
scrap_collection,annual,per_obs,1.0,trainval,f_cohort_10yr,35,27,30.720127927962928,30.143481180452376,3.6648313717561942,2.5841117725974696,4.352003594603515,3.540852497153077,3.106055940511726,3.9967994177264154,6.387250928629208,5.6217867704825855,7.202906751195053
scrap_collection,annual,per_obs,1.0,trainval,f_cohort_20yr,35,27,24.074983304902975,23.672217516253667,2.0644622363721554,1.4526516788570532,2.696981361669215,2.035343767890893,1.6776350761519787,2.3948052497201777,6.387250928629208,5.6217867704825855,7.202906751195053
scrap_collection,annual,per_obs,1.0,trainval,f_cohort_44yr,35,27,17.85308505974213,16.939685599266234,5.624215826243639,5.054278670943685,5.984355072957487,5.585671675584402,5.261443412560207,5.8464032970489015,6.387250928629208,5.6217867704825855,7.202906751195053
scrap_collection,annual,fixed_total,1.0,trainval,alpha_cc,35,27,1.8336683649651062,1.8329044484509471,0.03232113407404258,0.026886538198134247,0.03820024177993431,0.03265597156743849,0.029881260317393687,0.03643376103538154,6.387250928629208,5.6217867704825855,7.202906751195053
scrap_collection,annual,fixed_total,1.0,trainval,alpha_refc,35,27,3.622748133578155,3.6219780611836008,0.03521255527516587,0.029216193850517547,0.04570625575409104,0.03711464929935515,0.0332784899062577,0.04153162182286563,6.387250928629208,5.6217867704825855,7.202906751195053
scrap_collection,annual,fixed_total,1.0,trainval,alpha_win,35,27,7.674691074431486,7.645416725553613,0.1880569016717737,0.14356310838904984,0.3825926284584502,0.24322943982407474,0.17301695099947723,0.2985624150824262,6.387250928629208,5.6217867704825855,7.202906751195053
scrap_collection,annual,fixed_total,1.0,trainval,alpha_dr,35,27,6.546316501537541,6.483678904993802,1.1391648388336728,0.9154943476059552,1.324007135177463,1.1274570470794916,1.0246591316624531,1.2343301631263737,6.387250928629208,5.6217867704825855,7.202906751195053
scrap_collection,annual,fixed_total,1.0,trainval,tau_olds,35,27,7.981694326983857,6.478802900000279,18.32585437612725,17.166143095543163,19.82896580432861,18.46272732851648,17.812544976246805,19.014439004652807,6.387250928629208,5.6217867704825855,7.202906751195053
scrap_collection,annual,fixed_total,1.0,trainval,frac_fu_new,35,27,10.070631099396643,9.828174314396726,2.019625867554775,1.8608710000787898,2.276182949363137,2.0642525627290826,1.9376548918668135,2.2002011225286333,6.387250928629208,5.6217867704825855,7.202906751195053
scrap_collection,annual,fixed_total,1.0,trainval,frac_fu_out,35,27,1.0497603765651853,1.02448673448554,2.019625867554775,1.8608710000787898,2.276182949363137,2.0642525627290826,1.9376548918668135,2.2002011225286333,6.387250928629208,5.6217867704825855,7.202906751195053
scrap_collection,annual,fixed_total,1.0,trainval,frac_eu_new,35,27,14.516285341889132,14.310050993183985,1.5839269948085377,1.3140735811803805,1.7589104673782385,1.5574451622123036,1.4487538591039184,1.6723878782210821,6.387250928629208,5.6217867704825855,7.202906751195053
scrap_collection,annual,fixed_total,1.0,trainval,frac_eu_into,35,27,0.8602595064120777,0.8392719078113845,1.5839269948085377,1.3140735811803805,1.7589104673782385,1.5574451622123036,1.4487538591039184,1.6723878782210821,6.387250928629208,5.6217867704825855,7.202906751195053
scrap_collection,annual,fixed_total,1.0,trainval,f_cohort_10yr,35,27,30.720127927962928,30.143481180452376,3.6648313717561942,2.5841117725974696,4.352003594603515,3.540852497153077,3.106055940511726,3.9967994177264154,6.387250928629208,5.6217867704825855,7.202906751195053
scrap_collection,annual,fixed_total,1.0,trainval,f_cohort_20yr,35,27,24.074983304902975,23.672217516253667,2.0644622363721554,1.4526516788570532,2.696981361669215,2.035343767890893,1.6776350761519787,2.3948052497201777,6.387250928629208,5.6217867704825855,7.202906751195053
scrap_collection,annual,fixed_total,1.0,trainval,f_cohort_44yr,35,27,17.85308505974213,16.939685599266234,5.624215826243639,5.054278670943685,5.984355072957487,5.585671675584402,5.261443412560207,5.8464032970489015,6.387250928629208,5.6217867704825855,7.202906751195053
scrap_collection,quarterly,per_obs,1.0,trainval,alpha_cc,35,108,1.8336683649651062,1.8316180023491213,0.09653901400532572,0.08132026222611444,0.11911455785319491,0.09888293628416145,0.08930201229133683,0.11040475522759441,17.701047249019453,16.090103371583385,19.845447197650845
scrap_collection,quarterly,per_obs,1.0,trainval,alpha_refc,35,108,3.622748133578155,3.620534074865035,0.0984741556687041,0.07825539469132337,0.13788926116434785,0.10607181848014957,0.0914491819026031,0.12066868889748505,17.701047249019453,16.090103371583385,19.845447197650845
scrap_collection,quarterly,per_obs,1.0,trainval,alpha_win,35,108,7.674691074431486,7.599956997917139,0.3571408206815896,0.29441065621959583,0.9414764941002185,0.5636988376420293,0.35025269094349776,0.6931579694922585,17.701047249019453,16.090103371583385,19.845447197650845
scrap_collection,quarterly,per_obs,1.0,trainval,alpha_dr,35,108,6.546316501537541,6.427772275916372,2.1836025659081937,1.6480271548268366,2.4789894744883134,2.1065101511748816,1.899813364409364,2.3578741965229524,17.701047249019453,16.090103371583385,19.845447197650845
scrap_collection,quarterly,per_obs,1.0,trainval,tau_olds,35,108,7.981694326983857,4.876435914543002,38.31670452311013,37.023763199892926,41.069172272542716,38.91842281518723,37.903139753188555,39.80355174759481,17.701047249019453,16.090103371583385,19.845447197650845
scrap_collection,quarterly,per_obs,1.0,trainval,frac_fu_new,35,108,10.070631099396643,9.717103168830041,2.9467647296146815,2.793341365620111,3.347247172744922,3.060752831169272,2.889050017740563,3.335832942095396,17.701047249019453,16.090103371583385,19.845447197650845
scrap_collection,quarterly,per_obs,1.0,trainval,frac_fu_out,35,108,1.0497603765651853,1.0129087026378043,2.9467647296146815,2.793341365620111,3.347247172744922,3.060752831169272,2.889050017740563,3.335832942095396,17.701047249019453,16.090103371583385,19.845447197650845
scrap_collection,quarterly,per_obs,1.0,trainval,frac_eu_new,35,108,14.516285341889132,14.224336449859637,2.3318109447339808,1.9886747610642908,2.5306854692315026,2.243052720228114,2.1034580792749114,2.3779899061564578,17.701047249019453,16.090103371583385,19.845447197650845
scrap_collection,quarterly,per_obs,1.0,trainval,frac_eu_into,35,108,0.8602595064120777,0.8275948562123028,2.3318109447339808,1.9886747610642908,2.5306854692314973,2.243052720228114,2.1034580792749114,2.3779899061564578,17.701047249019453,16.090103371583385,19.845447197650845
scrap_collection,quarterly,per_obs,1.0,trainval,f_cohort_10yr,35,108,30.720127927962928,29.588489217632354,5.281226857516219,3.865717100983279,6.540449994017006,5.22181539999429,4.636134322282153,5.821640071585277,17.701047249019453,16.090103371583385,19.845447197650845
scrap_collection,quarterly,per_obs,1.0,trainval,f_cohort_20yr,35,108,24.074983304902975,23.364014852344763,2.9670260366234658,2.2467516142648805,3.969992726592486,3.084829691594856,2.584923365383834,3.5985164508364864,17.701047249019453,16.090103371583385,19.845447197650845
scrap_collection,quarterly,per_obs,1.0,trainval,f_cohort_44yr,35,108,17.85308505974213,16.520283901547213,8.164283944505312,7.4537896685241805,8.661112289155092,8.102367279101717,7.712769596232821,8.458430401589062,17.701047249019453,16.090103371583385,19.845447197650845
scrap_collection,quarterly,fixed_total,1.0,trainval,alpha_cc,35,108,1.8336683649651062,1.8327129243757683,0.03917430334432481,0.0352714338786142,0.04756218036617299,0.04115089840519004,0.03697218021285198,0.0463948909150691,7.1550680027058435,6.2540119897328985,8.130697446523044
scrap_collection,quarterly,fixed_total,1.0,trainval,alpha_refc,35,108,3.622748133578155,3.6218131414865105,0.041694232459699165,0.03612353652399092,0.055893018939179306,0.0448474791338499,0.03965555706049173,0.050858664576725054,7.1550680027058435,6.2540119897328985,8.130697446523044
scrap_collection,quarterly,fixed_total,1.0,trainval,alpha_win,35,108,7.674691074431486,7.640189230529275,0.20294788654853235,0.15828235245489708,0.43775996843470333,0.27956272257123327,0.18728512917852713,0.33844879102979397,7.1550680027058435,6.2540119897328985,8.130697446523044
scrap_collection,quarterly,fixed_total,1.0,trainval,alpha_dr,35,108,6.546316501537541,6.482351531001451,1.2314984280730634,0.9584566148784224,1.3662194888854728,1.1836266323906024,1.0699388788696251,1.3029440185491015,7.1550680027058435,6.2540119897328985,8.130697446523044
scrap_collection,quarterly,fixed_total,1.0,trainval,tau_olds,35,108,7.981694326983857,6.369620772389764,20.074061389330133,18.584012546932335,21.426589434491472,20.08187868255589,19.45624879618596,20.786421070493383,7.1550680027058435,6.2540119897328985,8.130697446523044
scrap_collection,quarterly,fixed_total,1.0,trainval,frac_fu_new,35,108,10.070631099396643,9.826311636783782,2.035541575080846,1.9129895134113395,2.306829788153558,2.092520436969958,1.9740663003598224,2.2480021544685647,7.1550680027058435,6.2540119897328985,8.130697446523044
scrap_collection,quarterly,fixed_total,1.0,trainval,frac_fu_out,35,108,1.0497603765651853,1.02429256937979,2.035541575080846,1.9129895134113395,2.306829788153558,2.092520436969958,1.9740663003598224,2.2480021544685647,7.1550680027058435,6.2540119897328985,8.130697446523044
scrap_collection,quarterly,fixed_total,1.0,trainval,frac_eu_new,35,108,14.516285341889132,14.306423468818155,1.6013295474741396,1.3723926902684425,1.7824515017872966,1.5789028886565193,1.466574656041214,1.6936940608631657,7.1550680027058435,6.2540119897328985,8.130697446523044
scrap_collection,quarterly,fixed_total,1.0,trainval,frac_eu_into,35,108,0.8602595064120777,0.8388704731205269,1.6013295474741396,1.3723926902684425,1.7824515017872966,1.5789028886565193,1.466574656041214,1.6936940608631657,7.1550680027058435,6.2540119897328985,8.130697446523044
scrap_collection,quarterly,fixed_total,1.0,trainval,f_cohort_10yr,35,108,30.720127927962928,30.138342674216318,3.679087029326289,2.60606431722708,4.369259199585674,3.5635058396284225,3.1341847397721168,4.014684381897199,7.1550680027058435,6.2540119897328985,8.130697446523044
scrap_collection,quarterly,fixed_total,1.0,trainval,f_cohort_20yr,35,108,24.074983304902975,23.666883670749673,2.07661856294884,1.4681160726607245,2.729303119643356,2.0574349158095693,1.7021048915845494,2.412809198585897,7.1550680027058435,6.2540119897328985,8.130697446523044
scrap_collection,quarterly,fixed_total,1.0,trainval,f_cohort_44yr,35,108,17.85308505974213,16.936163232482443,5.653391990015999,5.077417836177295,6.019134580017049,5.614247731429647,5.2909208848136995,5.872099901423288,7.1550680027058435,6.2540119897328985,8.130697446523044
scrap_collection,monthly,per_obs,1.0,trainval,alpha_cc,35,324,1.8336683649651062,1.8302499189975268,0.17805803559386435,0.14025813856524127,0.21273841857478715,0.17612034540558097,0.1599146030725196,0.1969576198783407,31.812096864506323,29.238950387078873,35.00375663069684
scrap_collection,monthly,per_obs,1.0,trainval,alpha_refc,35,324,3.622748133578155,3.61889596736789,0.17257593855766196,0.13453625169064232,0.23988417677480167,0.1805722118348424,0.1568768876890836,0.20637360631101664,31.812096864506323,29.238950387078873,35.00375663069684
scrap_collection,monthly,per_obs,1.0,trainval,alpha_win,35,324,7.674691074431486,7.55754642105326,0.4955976049451971,0.4028484571891422,1.2806912110624569,0.7990159453622636,0.4930900782217307,1.0150508279831216,31.812096864506323,29.238950387078873,35.00375663069684
scrap_collection,monthly,per_obs,1.0,trainval,alpha_dr,35,324,6.546316501537541,6.386454121158011,2.8334382770579314,2.0309857770996254,3.1481544959970242,2.7180272172215303,2.423609315015951,3.064614606328325,31.812096864506323,29.238950387078873,35.00375663069684
scrap_collection,monthly,per_obs,1.0,trainval,tau_olds,35,324,7.981694326983857,3.639937971885814,53.90300491678735,52.09753090480603,56.13809652816724,54.15908428067509,53.246602401195425,55.147320608434555,31.812096864506323,29.238950387078873,35.00375663069684
scrap_collection,monthly,per_obs,1.0,trainval,frac_fu_new,35,324,10.070631099396643,9.670591239548576,3.4126093900076926,3.232335425706123,3.872538222717614,3.512636960671295,3.3244387970810862,3.8335142090020313,31.812096864506323,29.238950387078873,35.00375663069684
scrap_collection,monthly,per_obs,1.0,trainval,frac_fu_out,35,324,1.0497603765651853,1.0080603093330185,3.4126093900076926,3.232335425706123,3.872538222717614,3.512636960671295,3.3244387970810862,3.8335142090020313,31.812096864506323,29.238950387078873,35.00375663069684
scrap_collection,monthly,per_obs,1.0,trainval,frac_eu_new,35,324,14.516285341889132,14.180889433490467,2.588865905969817,2.2857138364094807,2.8062773471043077,2.559656324347653,2.403805199915865,2.703362982638746,31.812096864506323,29.238950387078873,35.00375663069684
scrap_collection,monthly,per_obs,1.0,trainval,frac_eu_into,35,324,0.8602595064120777,0.8222158766547586,2.588865905969817,2.2857138364094807,2.8062773471043077,2.559656324347653,2.403805199915865,2.703362982638746,31.812096864506323,29.238950387078873,35.00375663069684
scrap_collection,monthly,per_obs,1.0,trainval,f_cohort_10yr,35,324,30.720127927962928,29.321186773104117,6.269558031521116,4.562401420811863,7.453526688639888,6.126525209843011,5.4717492341959435,6.780844095176242,31.812096864506323,29.238950387078873,35.00375663069684
scrap_collection,monthly,per_obs,1.0,trainval,f_cohort_20yr,35,324,24.074983304902975,23.103388182343522,3.5643042745122866,2.795152740721668,4.9018582511819115,3.752540947924973,3.1700816797775255,4.31886105277397,31.812096864506323,29.238950387078873,35.00375663069684
scrap_collection,monthly,per_obs,1.0,trainval,f_cohort_44yr,35,324,17.85308505974213,16.273234500361614,9.53762345817044,8.593145733206548,9.932309170603848,9.360084793692831,8.954978556635972,9.76684524651148,31.812096864506323,29.238950387078873,35.00375663069684
scrap_collection,monthly,fixed_total,1.0,trainval,alpha_cc,35,324,1.8336683649651062,1.8327039799644635,0.03961981271167758,0.035639521581098954,0.048216701916214966,0.0416018511733951,0.03732981964822413,0.046819208779225185,7.19946188528122,6.29082905300346,8.179936248665218
scrap_collection,monthly,fixed_total,1.0,trainval,alpha_refc,35,324,3.622748133578155,3.6218039880965214,0.04198774129069438,0.036291541664834615,0.05656523013449766,0.04538525563075879,0.04001190582614833,0.05150749176878744,7.19946188528122,6.29082905300346,8.179936248665218
scrap_collection,monthly,fixed_total,1.0,trainval,alpha_win,35,324,7.674691074431486,7.639959813459088,0.2034356969820017,0.15903572739626726,0.44044541570902873,0.2812264555735716,0.18801194823243605,0.3409846533820815,7.19946188528122,6.29082905300346,8.179936248665218
scrap_collection,monthly,fixed_total,1.0,trainval,alpha_dr,35,324,6.546316501537541,6.482274326541643,1.2349626556334758,0.9605137252979734,1.36861605886468,1.186812265375492,1.0728003216830817,1.3056907365642356,7.19946188528122,6.29082905300346,8.179936248665218
scrap_collection,monthly,fixed_total,1.0,trainval,tau_olds,35,324,7.981694326983857,6.363161557995975,20.1565310998836,18.67659142162173,21.50581120552389,20.17323434189155,19.5316446927727,20.87296614819082,7.19946188528122,6.29082905300346,8.179936248665218
scrap_collection,monthly,fixed_total,1.0,trainval,frac_fu_new,35,324,10.070631099396643,9.82620397365792,2.0369159833977024,1.914306213362471,2.3093861709764854,2.094676444181251,1.976694927725009,2.251049272402522,7.19946188528122,6.29082905300346,8.179936248665218
scrap_collection,monthly,fixed_total,1.0,trainval,frac_fu_out,35,324,1.0497603765651853,1.0242813465991685,2.0369159833977024,1.914306213362471,2.3093861709764854,2.094676444181251,1.976694927725009,2.251049272402522,7.19946188528122,6.29082905300346,8.179936248665218
scrap_collection,monthly,fixed_total,1.0,trainval,frac_eu_new,35,324,14.516285341889132,14.306218179775046,1.6026675611753083,1.3743169794135257,1.783722603614779,1.5799212696602505,1.4672065957570701,1.6949462374276747,7.19946188528122,6.29082905300346,8.179936248665218
scrap_collection,monthly,fixed_total,1.0,trainval,frac_eu_into,35,324,0.8602595064120777,0.8388446694668643,1.6026675611753083,1.3743169794135257,1.783722603614779,1.5799212696602505,1.4672065957570701,1.6949462374276747,7.19946188528122,6.29082905300346,8.179936248665218
scrap_collection,monthly,fixed_total,1.0,trainval,f_cohort_10yr,35,324,30.720127927962928,30.13795064490235,3.67997397956219,2.607528643624124,4.370595674515576,3.5649216137110695,3.1356700839375193,4.016013124543438,7.19946188528122,6.29082905300346,8.179936248665218
scrap_collection,monthly,fixed_total,1.0,trainval,f_cohort_20yr,35,324,24.074983304902975,23.666557929566462,2.0775153548795333,1.4690544003576833,2.7312034524939466,2.05896207676379,1.7032045942091179,2.413955900812298,7.19946188528122,6.29082905300346,8.179936248665218
scrap_collection,monthly,fixed_total,1.0,trainval,f_cohort_44yr,35,324,17.85308505974213,16.935960821188257,5.655153053286344,5.078883981229481,6.021045136555031,5.616289478844241,5.2928725243506,5.87306911635419,7.19946188528122,6.29082905300346,8.179936248665218
primary_refining,annual,per_obs,1.0,trainval,alpha_cc,35,27,1.8336683649651062,1.6802753457796233,8.388024668929317,7.42010372113624,9.261260124892324,8.399481973708273,7.983362630107099,8.834088347634511,4.146319052004073,3.8778614366928066,4.568811831452331
primary_refining,annual,per_obs,1.0,trainval,alpha_refc,35,27,3.622748133578155,3.6073659826462072,0.3071018317822527,0.26337658586563784,0.35070946224302624,0.3101176046773624,0.28917025043489475,0.3354415775340125,4.146319052004073,3.8778614366928066,4.568811831452331
primary_refining,annual,per_obs,1.0,trainval,alpha_win,35,27,7.674691074431486,7.67085567683906,0.018388907754118833,0.01387902055072221,0.021648231998583345,0.01821016368874495,0.015833476652193923,0.021027777780247003,4.146319052004073,3.8778614366928066,4.568811831452331
primary_refining,annual,per_obs,1.0,trainval,alpha_dr,35,27,6.546316501537541,6.544055849295808,0.021434835047062784,0.017125127601169687,0.028504700215442602,0.022604878104623416,0.01971723646381207,0.02605634447736538,4.146319052004073,3.8778614366928066,4.568811831452331
primary_refining,annual,per_obs,1.0,trainval,tau_olds,35,27,7.981694326983857,7.980326836197307,0.017046565364731148,0.01368544942457195,0.023036825969552366,0.01785062494283063,0.015702146056595367,0.0198012843157791,4.146319052004073,3.8778614366928066,4.568811831452331
primary_refining,annual,per_obs,1.0,trainval,frac_fu_new,35,27,10.070631099396643,10.068689450483738,0.017631143614005307,0.015074658710095834,0.021883093742591786,0.018353147827185334,0.0165329389307578,0.021079759780628926,4.146319052004073,3.8778614366928066,4.568811831452331
primary_refining,annual,per_obs,1.0,trainval,frac_fu_out,35,27,1.0497603765651853,1.0495579795084518,0.017631143614005307,0.015074658710095834,0.021883093742591786,0.018353147827185334,0.0165329389307578,0.021079759780628926,4.146319052004073,3.8778614366928066,4.568811831452331
primary_refining,annual,per_obs,1.0,trainval,frac_eu_new,35,27,14.516285341889132,14.513551595205708,0.023167773642707168,0.018133087873156706,0.027801097837010236,0.023203572567875863,0.020303365160417863,0.02615775505678819,4.146319052004073,3.8778614366928066,4.568811831452331
primary_refining,annual,per_obs,1.0,trainval,frac_eu_into,35,27,0.8602595064120777,0.8600919178638438,0.023167773642707168,0.018133087873156706,0.027801097837010236,0.023203572567875863,0.020303365160417863,0.02615775505678819,4.146319052004073,3.8778614366928066,4.568811831452331
primary_refining,annual,per_obs,1.0,trainval,f_cohort_10yr,35,27,30.720127927962928,30.704322798887237,0.062230193785794974,0.05135068250479158,0.07755618643530138,0.06487878841352213,0.05585303826421417,0.08060470922519603,4.146319052004073,3.8778614366928066,4.568811831452331
primary_refining,annual,per_obs,1.0,trainval,f_cohort_20yr,35,27,24.074983304902975,24.052440368307895,0.06622699146505706,0.04392131123030496,0.08805303458945812,0.06759968474164824,0.05645237828146854,0.08143448475476656,4.146319052004073,3.8778614366928066,4.568811831452331
primary_refining,annual,per_obs,1.0,trainval,f_cohort_44yr,35,27,17.85308505974213,17.84636246559237,0.05444154207210339,0.04503720909346254,0.07814065086684252,0.060769061845653005,0.05144908546399485,0.07231138240790802,4.146319052004073,3.8778614366928066,4.568811831452331
primary_refining,annual,fixed_total,1.0,trainval,alpha_cc,35,27,1.8336683649651062,1.6802753457796233,8.388024668929317,7.42010372113624,9.261260124892324,8.399481973708273,7.983362630107099,8.834088347634511,4.146319052004073,3.8778614366928066,4.568811831452331
primary_refining,annual,fixed_total,1.0,trainval,alpha_refc,35,27,3.622748133578155,3.6073659826462072,0.3071018317822527,0.26337658586563784,0.35070946224302624,0.3101176046773624,0.28917025043489475,0.3354415775340125,4.146319052004073,3.8778614366928066,4.568811831452331
primary_refining,annual,fixed_total,1.0,trainval,alpha_win,35,27,7.674691074431486,7.67085567683906,0.018388907754118833,0.01387902055072221,0.021648231998583345,0.01821016368874495,0.015833476652193923,0.021027777780247003,4.146319052004073,3.8778614366928066,4.568811831452331
primary_refining,annual,fixed_total,1.0,trainval,alpha_dr,35,27,6.546316501537541,6.544055849295808,0.021434835047062784,0.017125127601169687,0.028504700215442602,0.022604878104623416,0.01971723646381207,0.02605634447736538,4.146319052004073,3.8778614366928066,4.568811831452331
primary_refining,annual,fixed_total,1.0,trainval,tau_olds,35,27,7.981694326983857,7.980326836197307,0.017046565364731148,0.01368544942457195,0.023036825969552366,0.01785062494283063,0.015702146056595367,0.0198012843157791,4.146319052004073,3.8778614366928066,4.568811831452331
primary_refining,annual,fixed_total,1.0,trainval,frac_fu_new,35,27,10.070631099396643,10.068689450483738,0.017631143614005307,0.015074658710095834,0.021883093742591786,0.018353147827185334,0.0165329389307578,0.021079759780628926,4.146319052004073,3.8778614366928066,4.568811831452331
primary_refining,annual,fixed_total,1.0,trainval,frac_fu_out,35,27,1.0497603765651853,1.0495579795084518,0.017631143614005307,0.015074658710095834,0.021883093742591786,0.018353147827185334,0.0165329389307578,0.021079759780628926,4.146319052004073,3.8778614366928066,4.568811831452331
primary_refining,annual,fixed_total,1.0,trainval,frac_eu_new,35,27,14.516285341889132,14.513551595205708,0.023167773642707168,0.018133087873156706,0.027801097837010236,0.023203572567875863,0.020303365160417863,0.02615775505678819,4.146319052004073,3.8778614366928066,4.568811831452331
primary_refining,annual,fixed_total,1.0,trainval,frac_eu_into,35,27,0.8602595064120777,0.8600919178638438,0.023167773642707168,0.018133087873156706,0.027801097837010236,0.023203572567875863,0.020303365160417863,0.02615775505678819,4.146319052004073,3.8778614366928066,4.568811831452331
primary_refining,annual,fixed_total,1.0,trainval,f_cohort_10yr,35,27,30.720127927962928,30.704322798887237,0.062230193785794974,0.05135068250479158,0.07755618643530138,0.06487878841352213,0.05585303826421417,0.08060470922519603,4.146319052004073,3.8778614366928066,4.568811831452331
primary_refining,annual,fixed_total,1.0,trainval,f_cohort_20yr,35,27,24.074983304902975,24.052440368307895,0.06622699146505706,0.04392131123030496,0.08805303458945812,0.06759968474164824,0.05645237828146854,0.08143448475476656,4.146319052004073,3.8778614366928066,4.568811831452331
primary_refining,annual,fixed_total,1.0,trainval,f_cohort_44yr,35,27,17.85308505974213,17.84636246559237,0.05444154207210339,0.04503720909346254,0.07814065086684252,0.060769061845653005,0.05144908546399485,0.07231138240790802,4.146319052004073,3.8778614366928066,4.568811831452331
primary_refining,quarterly,per_obs,1.0,trainval,alpha_cc,35,108,1.8336683649651062,1.262065765519934,31.576485707906343,30.339725843932936,33.0517259117208,31.683137607721235,30.876073906713753,32.470238185802515,22.957788890636575,21.365191502132152,24.058067926803485
primary_refining,quarterly,per_obs,1.0,trainval,alpha_refc,35,108,3.622748133578155,3.5616329428433713,1.096443978251771,0.9393078869596727,1.3046604027625808,1.1113655507174776,1.0237751723496502,1.2247941730663126,22.957788890636575,21.365191502132152,24.058067926803485
primary_refining,quarterly,per_obs,1.0,trainval,alpha_win,35,108,7.674691074431486,7.644328626652577,0.15398404050182002,0.13320623472768967,0.180823007483355,0.15696280866361323,0.14437981764350294,0.1757415264400375,22.957788890636575,21.365191502132152,24.058067926803485
primary_refining,quarterly,per_obs,1.0,trainval,alpha_dr,35,108,6.546316501537541,6.530807041532361,0.16853886820120678,0.14028336218205872,0.21047156159285652,0.17713207397185016,0.15972385466942463,0.19842222184023317,22.957788890636575,21.365191502132152,24.058067926803485
primary_refining,quarterly,per_obs,1.0,trainval,tau_olds,35,108,7.981694326983857,7.96605086679451,0.16647935506698408,0.13739908015931723,0.19764163133461632,0.17228764017444553,0.1555936863919527,0.1891360765364447,22.957788890636575,21.365191502132152,24.058067926803485
primary_refining,quarterly,per_obs,1.0,trainval,frac_fu_new,35,108,10.070631099396643,10.05092548388895,0.18887444435984335,0.14335841525455195,0.21300564984737536,0.18105876649205932,0.16448093090857263,0.19893500445551382,22.957788890636575,21.365191502132152,24.058067926803485
primary_refining,quarterly,per_obs,1.0,trainval,frac_fu_out,35,108,1.0497603765651853,1.0477062675275655,0.18887444435984335,0.14335841525455195,0.21300564984737536,0.18105876649205932,0.16448093090857263,0.19893500445551382,22.957788890636575,21.365191502132152,24.058067926803485
primary_refining,quarterly,per_obs,1.0,trainval,frac_eu_new,35,108,14.516285341889132,14.481723421261075,0.23489740823607885,0.1698774615124854,0.25760360885210276,0.21592525361534554,0.19380037500373315,0.2431362709626017,22.957788890636575,21.365191502132152,24.058067926803485
primary_refining,quarterly,per_obs,1.0,trainval,frac_eu_into,35,108,0.8602595064120777,0.8589366331482324,0.23489740823607885,0.1698774615124854,0.25760360885210276,0.21592525361534554,0.19380037500373315,0.2431362709626017,22.957788890636575,21.365191502132152,24.058067926803485
primary_refining,quarterly,per_obs,1.0,trainval,f_cohort_10yr,35,108,30.720127927962928,30.52419191254212,0.5713342735075511,0.4494920724953888,0.788730490730849,0.6132565404846302,0.5264893988098374,0.7880282061562771,22.957788890636575,21.365191502132152,24.058067926803485
primary_refining,quarterly,per_obs,1.0,trainval,f_cohort_20yr,35,108,24.074983304902975,23.836043885662363,0.6568610412933884,0.49447065134101686,0.8402601489199801,0.6746971434780397,0.5835459599873416,0.7738848387883079,22.957788890636575,21.365191502132152,24.058067926803485
primary_refining,quarterly,per_obs,1.0,trainval,f_cohort_44yr,35,108,17.85308505974213,17.751705655732383,0.569471890795592,0.46045369194482877,0.7198344287609959,0.5970704006332761,0.5248890993566901,0.6837012048306113,22.957788890636575,21.365191502132152,24.058067926803485
primary_refining,quarterly,fixed_total,1.0,trainval,alpha_cc,35,108,1.8336683649651062,1.5815166008046897,14.21157953320822,13.18931433823236,15.226372841589674,14.15772559436516,13.610752899970475,14.718386170605902,8.281184581245883,7.709177011852788,8.81467517219029
primary_refining,quarterly,fixed_total,1.0,trainval,alpha_refc,35,108,3.622748133578155,3.591687255007176,0.5437376534445981,0.5039630233936387,0.6831460574077242,0.5880237648713732,0.5347038532094506,0.6406488592735293,8.281184581245883,7.709177011852788,8.81467517219029
primary_refining,quarterly,fixed_total,1.0,trainval,alpha_win,35,108,7.674691074431486,7.662946126144969,0.0594723034424649,0.049764025271792356,0.07116124567872473,0.060742689154960616,0.05517902520561502,0.06842887157625377,8.281184581245883,7.709177011852788,8.81467517219029
primary_refining,quarterly,fixed_total,1.0,trainval,alpha_dr,35,108,6.546316501537541,6.540167167219526,0.0688737912918791,0.05327878081010651,0.08327780775412297,0.07003097689546323,0.0627458430775607,0.08008075815921778,8.281184581245883,7.709177011852788,8.81467517219029
primary_refining,quarterly,fixed_total,1.0,trainval,tau_olds,35,108,7.981694326983857,7.975938173606342,0.06239596770525324,0.05288794191356527,0.07832015526512137,0.06652337877263714,0.060377741881062486,0.07317195327415371,8.281184581245883,7.709177011852788,8.81467517219029
primary_refining,quarterly,fixed_total,1.0,trainval,frac_fu_new,35,108,10.070631099396643,10.0628278256009,0.0703091451262905,0.05735068254429376,0.0796464635675398,0.06965161711569301,0.06274013460692007,0.07637937680686768,8.281184581245883,7.709177011852788,8.81467517219029
primary_refining,quarterly,fixed_total,1.0,trainval,frac_fu_out,35,108,1.0497603765651853,1.0489469650165533,0.0703091451262905,0.05735068254428821,0.0796464635675398,0.06965161711569301,0.06274013460692007,0.07637937680686768,8.281184581245883,7.709177011852788,8.81467517219029
primary_refining,quarterly,fixed_total,1.0,trainval,frac_eu_new,35,108,14.516285341889132,14.502990672724142,0.08643606030565021,0.063179442686917,0.09909219749396625,0.08210858942229171,0.0732947842927767,0.09241651020236441,8.281184581245883,7.709177011852788,8.81467517219029
primary_refining,quarterly,fixed_total,1.0,trainval,frac_eu_into,35,108,0.8602595064120777,0.8597984982222495,0.08643606030565021,0.063179442686917,0.09909219749396625,0.08210858942229171,0.0732947842927767,0.09241651020236441,8.281184581245883,7.709177011852788,8.81467517219029
primary_refining,quarterly,fixed_total,1.0,trainval,f_cohort_10yr,35,108,30.720127927962928,30.592866108676922,0.2077173175984104,0.16885199069911483,0.2962477222181903,0.23089408762300423,0.1963058303266929,0.3115380946064228,8.281184581245883,7.709177011852788,8.81467517219029
primary_refining,quarterly,fixed_total,1.0,trainval,f_cohort_20yr,35,108,24.074983304902975,23.989897775652754,0.2574746158017671,0.19171640550491587,0.32413614213104847,0.2619501539032898,0.22717272477588146,0.3022419584911895,8.281184581245883,7.709177011852788,8.81467517219029
primary_refining,quarterly,fixed_total,1.0,trainval,f_cohort_44yr,35,108,17.85308505974213,17.81559188387296,0.22068302518869487,0.18468893929203256,0.281789117820036,0.23017401809614924,0.203048358399055,0.2701709053367751,8.281184581245883,7.709177011852788,8.81467517219029
primary_refining,monthly,per_obs,1.0,trainval,alpha_cc,35,324,1.8336683649651062,0.9627826890680993,48.072851181322505,46.70043330947746,49.41720358944869,48.01630386953968,47.26217246378557,48.75091831029703,45.72330672789832,43.048348604949624,47.803819627220385
primary_refining,monthly,per_obs,1.0,trainval,alpha_refc,35,324,3.622748133578155,3.540166086615873,1.479767371792584,1.2773503579364631,1.7347118149890872,1.5100593385631744,1.3971166506129618,1.6470726703744387,45.72330672789832,43.048348604949624,47.803819627220385
primary_refining,monthly,per_obs,1.0,trainval,alpha_win,35,324,7.674691074431486,7.618036614968067,0.29001441798748306,0.2566226612330358,0.3369467025201578,0.2977802591965478,0.2760361922535093,0.3345620309169517,45.72330672789832,43.048348604949624,47.803819627220385
primary_refining,monthly,per_obs,1.0,trainval,alpha_dr,35,324,6.546316501537541,6.518134715612281,0.31852246216454994,0.27352726907812763,0.3911514480749112,0.33586168603791655,0.3075728835768399,0.366472257279038,45.72330672789832,43.048348604949624,47.803819627220385
primary_refining,monthly,per_obs,1.0,trainval,tau_olds,35,324,7.981694326983857,7.9506564074433586,0.32696050411447075,0.2766821120700924,0.38917798947055715,0.33166779064912055,0.3013895805349054,0.36426970168275674,45.72330672789832,43.048348604949624,47.803819627220385
primary_refining,monthly,per_obs,1.0,trainval,frac_fu_new,35,324,10.070631099396643,10.03293448345492,0.3715314441361306,0.2849871965340256,0.4101569128244442,0.35257880351395876,0.3194485630320709,0.3869882744592934,45.72330672789832,43.048348604949624,47.803819627220385
primary_refining,monthly,per_obs,1.0,trainval,frac_fu_out,35,324,1.0497603765651853,1.0458308895890824,0.3715314441361306,0.2849871965340256,0.4101569128244442,0.35257880351395876,0.3194485630320709,0.3869882744592934,45.72330672789832,43.048348604949624,47.803819627220385
primary_refining,monthly,per_obs,1.0,trainval,frac_eu_new,35,324,14.516285341889132,14.458556043482288,0.42378788252457333,0.3122681942466121,0.4961837082750442,0.42385378229387594,0.37754993143380156,0.4701772687595529,45.72330672789832,43.048348604949624,47.803819627220385
primary_refining,monthly,per_obs,1.0,trainval,frac_eu_into,35,324,0.8602595064120777,0.8575625349908977,0.42378788252457333,0.3122681942466121,0.4961837082750442,0.42385378229387594,0.37754993143380156,0.4701772687595529,45.72330672789832,43.048348604949624,47.803819627220385
primary_refining,monthly,per_obs,1.0,trainval,f_cohort_10yr,35,324,30.720127927962928,30.414243258601356,1.0581015474488087,0.9185733298373855,1.464500092772203,1.1775481329155624,1.0273203597648384,1.4663474879148597,45.72330672789832,43.048348604949624,47.803819627220385
primary_refining,monthly,per_obs,1.0,trainval,f_cohort_20yr,35,324,24.074983304902975,23.65446356846856,1.2386927912447443,0.9846447639698219,1.5271429080828125,1.2834214997091364,1.1336509233634107,1.4387188255555738,45.72330672789832,43.048348604949624,47.803819627220385
primary_refining,monthly,per_obs,1.0,trainval,f_cohort_44yr,35,324,17.85308505974213,17.6557296184074,1.1098062762153083,0.9050203238374022,1.3850397347267673,1.131119740945996,1.0120464647624505,1.2639131775901702,45.72330672789832,43.048348604949624,47.803819627220385
primary_refining,monthly,fixed_total,1.0,trainval,alpha_cc,35,324,1.8336683649651062,1.5744498830767928,14.602745742605228,13.567812698236843,15.619472417928748,14.5545165867215,13.998603130534658,15.113047461276773,8.704627239203312,8.077187704099352,9.233702800943938
primary_refining,monthly,fixed_total,1.0,trainval,alpha_refc,35,324,3.622748133578155,3.5905916422236848,0.5651335777849598,0.519763452781663,0.703924976867637,0.6072434136640853,0.5527680489891051,0.6666725158835818,8.704627239203312,8.077187704099352,9.233702800943938
primary_refining,monthly,fixed_total,1.0,trainval,alpha_win,35,324,7.674691074431486,7.662058555632788,0.06334653228350362,0.054052283903083254,0.07583583430967877,0.06520577204622569,0.05929983604922584,0.07295670442279967,8.704627239203312,8.077187704099352,9.233702800943938
primary_refining,monthly,fixed_total,1.0,trainval,alpha_dr,35,324,6.546316501537541,6.539816420665409,0.07369509467730628,0.057382452160925634,0.08862284748939464,0.07534588435378076,0.06772847660393433,0.08618112654374399,8.704627239203312,8.077187704099352,9.233702800943938
primary_refining,monthly,fixed_total,1.0,trainval,tau_olds,35,324,7.981694326983857,7.975486441536797,0.06822183612560373,0.05686269428524793,0.08499941698164593,0.07140059859370995,0.0653018670773664,0.07854669637204492,8.704627239203312,8.077187704099352,9.233702800943938
primary_refining,monthly,fixed_total,1.0,trainval,frac_fu_new,35,324,10.070631099396643,10.062271095965244,0.07491288691801046,0.061547492673885706,0.08570239354661613,0.07532680936692404,0.06766990565717501,0.08234703120139075,8.704627239203312,8.077187704099352,9.233702800943938
primary_refining,monthly,fixed_total,1.0,trainval,frac_fu_out,35,324,1.0497603765651853,1.0488889316414647,0.07491288691801046,0.061547492673874604,0.08570239354661613,0.07532680936692404,0.06766990565717501,0.08234703120139075,8.704627239203312,8.077187704099352,9.233702800943938
primary_refining,monthly,fixed_total,1.0,trainval,frac_eu_new,35,324,14.516285341889132,14.501887258551445,0.09450745546352168,0.06820322732382089,0.10705183675585594,0.08836418325617601,0.07897796724242179,0.09957479291193283,8.704627239203312,8.077187704099352,9.233702800943938
primary_refining,monthly,fixed_total,1.0,trainval,frac_eu_into,35,324,0.8602595064120777,0.859762700412552,0.09450745546352168,0.06820322732382089,0.10705183675585594,0.08836418325617601,0.07897796724242179,0.09957479291193283,8.704627239203312,8.077187704099352,9.233702800943938
primary_refining,monthly,fixed_total,1.0,trainval,f_cohort_10yr,35,324,30.720127927962928,30.589910651992124,0.22163868944777843,0.18113158117591954,0.3207596229972909,0.2511368601636227,0.21345472626188577,0.3351506556035444,8.704627239203312,8.077187704099352,9.233702800943938
primary_refining,monthly,fixed_total,1.0,trainval,f_cohort_20yr,35,324,24.074983304902975,23.981787509972513,0.27898723245780577,0.20730811316620468,0.35238083574195,0.2834405749453067,0.24680739300286247,0.3265481327877462,8.704627239203312,8.077187704099352,9.233702800943938
primary_refining,monthly,fixed_total,1.0,trainval,f_cohort_44yr,35,324,17.85308505974213,17.812639928949668,0.23433042853986397,0.1999023187870541,0.3064436509871149,0.24825875000274444,0.21960609493703043,0.29124166417466846,8.704627239203312,8.077187704099352,9.233702800943938
refined_production,annual,per_obs,1.0,trainval,alpha_cc,35,27,1.8336683649651062,1.701736173049115,7.2676417740275,6.424969516752748,7.8035852740144795,7.174426719812081,6.846144865201682,7.5086856063379726,6.265374923007074,5.7747617000246,7.039163466811547
refined_production,annual,per_obs,1.0,trainval,alpha_refc,35,27,3.622748133578155,3.6008350076521163,0.5123189976224296,0.46204284442782906,0.591587660714854,0.5249219323418375,0.48875427316647513,0.5692854454919183,6.265374923007074,5.7747617000246,7.039163466811547
refined_production,annual,per_obs,1.0,trainval,alpha_win,35,27,7.674691074431486,7.064328694245446,8.8079153296718,7.978913446285251,9.452007167289732,8.766693919117447,8.38062624562959,9.127649111606061,6.265374923007074,5.7747617000246,7.039163466811547
refined_production,annual,per_obs,1.0,trainval,alpha_dr,35,27,6.546316501537541,6.535300988628836,0.15836137976068532,0.13118879355842328,0.2133621002130326,0.16910695785724295,0.1470482660235084,0.19034341283848955,6.265374923007074,5.7747617000246,7.039163466811547
refined_production,annual,per_obs,1.0,trainval,tau_olds,35,27,7.981694326983857,7.954424776315565,0.12436758085319077,0.11422712091450626,0.20222985852151876,0.15717367020559592,0.12179639289556787,0.18543272482127726,6.265374923007074,5.7747617000246,7.039163466811547
refined_production,annual,per_obs,1.0,trainval,frac_fu_new,35,27,10.070631099396643,10.042423410956246,0.2367032145636494,0.19151212821682528,0.28130843762089186,0.23648060821992722,0.2129473005381577,0.26077584822669087,6.265374923007074,5.7747617000246,7.039163466811547
refined_production,annual,per_obs,1.0,trainval,frac_fu_out,35,27,1.0497603765651853,1.0468200133101955,0.2367032145636494,0.19151212821682528,0.28130843762089186,0.23648060821992722,0.2129473005381577,0.26077584822669087,6.265374923007074,5.7747617000246,7.039163466811547
refined_production,annual,per_obs,1.0,trainval,frac_eu_new,35,27,14.516285341889132,14.495577135718289,0.1557975483280183,0.13300276505471276,0.1888993455806176,0.16091495177064374,0.14467532671453842,0.17890947229108334,6.265374923007074,5.7747617000246,7.039163466811547
refined_production,annual,per_obs,1.0,trainval,frac_eu_into,35,27,0.8602595064120777,0.8592984663756229,0.1557975483280183,0.13300276505471276,0.1888993455806176,0.16091495177064652,0.14467532671453842,0.17890947229108334,6.265374923007074,5.7747617000246,7.039163466811547
refined_production,annual,per_obs,1.0,trainval,f_cohort_10yr,35,27,30.720127927962928,30.67627568308379,0.12797498557162168,0.09424451723702432,0.15613133035038418,0.1282617934291297,0.11266147654078185,0.14446072031157886,6.265374923007074,5.7747617000246,7.039163466811547
refined_production,annual,per_obs,1.0,trainval,f_cohort_20yr,35,27,24.074983304902975,24.037387695623018,0.1387618660154688,0.09617257672134283,0.15881171225046176,0.13035603097411308,0.11550530615628829,0.14757363441411653,6.265374923007074,5.7747617000246,7.039163466811547
refined_production,annual,per_obs,1.0,trainval,f_cohort_44yr,35,27,17.85308505974213,17.826183132080768,0.13392681178265864,0.10462241204753364,0.1648127733280602,0.13333453789413918,0.11817716401187894,0.14904940165380576,6.265374923007074,5.7747617000246,7.039163466811547
refined_production,annual,fixed_total,1.0,trainval,alpha_cc,35,27,1.8336683649651062,1.701736173049115,7.2676417740275,6.424969516752748,7.8035852740144795,7.174426719812081,6.846144865201682,7.5086856063379726,6.265374923007074,5.7747617000246,7.039163466811547
refined_production,annual,fixed_total,1.0,trainval,alpha_refc,35,27,3.622748133578155,3.6008350076521163,0.5123189976224296,0.46204284442782906,0.591587660714854,0.5249219323418375,0.48875427316647513,0.5692854454919183,6.265374923007074,5.7747617000246,7.039163466811547
refined_production,annual,fixed_total,1.0,trainval,alpha_win,35,27,7.674691074431486,7.064328694245446,8.8079153296718,7.978913446285251,9.452007167289732,8.766693919117447,8.38062624562959,9.127649111606061,6.265374923007074,5.7747617000246,7.039163466811547
refined_production,annual,fixed_total,1.0,trainval,alpha_dr,35,27,6.546316501537541,6.535300988628836,0.15836137976068532,0.13118879355842328,0.2133621002130326,0.16910695785724295,0.1470482660235084,0.19034341283848955,6.265374923007074,5.7747617000246,7.039163466811547
refined_production,annual,fixed_total,1.0,trainval,tau_olds,35,27,7.981694326983857,7.954424776315565,0.12436758085319077,0.11422712091450626,0.20222985852151876,0.15717367020559592,0.12179639289556787,0.18543272482127726,6.265374923007074,5.7747617000246,7.039163466811547
refined_production,annual,fixed_total,1.0,trainval,frac_fu_new,35,27,10.070631099396643,10.042423410956246,0.2367032145636494,0.19151212821682528,0.28130843762089186,0.23648060821992722,0.2129473005381577,0.26077584822669087,6.265374923007074,5.7747617000246,7.039163466811547
refined_production,annual,fixed_total,1.0,trainval,frac_fu_out,35,27,1.0497603765651853,1.0468200133101955,0.2367032145636494,0.19151212821682528,0.28130843762089186,0.23648060821992722,0.2129473005381577,0.26077584822669087,6.265374923007074,5.7747617000246,7.039163466811547
refined_production,annual,fixed_total,1.0,trainval,frac_eu_new,35,27,14.516285341889132,14.495577135718289,0.1557975483280183,0.13300276505471276,0.1888993455806176,0.16091495177064374,0.14467532671453842,0.17890947229108334,6.265374923007074,5.7747617000246,7.039163466811547
refined_production,annual,fixed_total,1.0,trainval,frac_eu_into,35,27,0.8602595064120777,0.8592984663756229,0.1557975483280183,0.13300276505471276,0.1888993455806176,0.16091495177064652,0.14467532671453842,0.17890947229108334,6.265374923007074,5.7747617000246,7.039163466811547
refined_production,annual,fixed_total,1.0,trainval,f_cohort_10yr,35,27,30.720127927962928,30.67627568308379,0.12797498557162168,0.09424451723702432,0.15613133035038418,0.1282617934291297,0.11266147654078185,0.14446072031157886,6.265374923007074,5.7747617000246,7.039163466811547
refined_production,annual,fixed_total,1.0,trainval,f_cohort_20yr,35,27,24.074983304902975,24.037387695623018,0.1387618660154688,0.09617257672134283,0.15881171225046176,0.13035603097411308,0.11550530615628829,0.14757363441411653,6.265374923007074,5.7747617000246,7.039163466811547
refined_production,annual,fixed_total,1.0,trainval,f_cohort_44yr,35,27,17.85308505974213,17.826183132080768,0.13392681178265864,0.10462241204753364,0.1648127733280602,0.13333453789413918,0.11817716401187894,0.14904940165380576,6.265374923007074,5.7747617000246,7.039163466811547
refined_production,quarterly,per_obs,1.0,trainval,alpha_cc,35,108,1.8336683649651062,1.3450072504835517,27.437382027494362,26.120862113677724,28.671494522508354,27.434854277556845,26.712179425988364,28.095152997897856,28.592764260595406,26.912223703792563,30.31257141084685
refined_production,quarterly,per_obs,1.0,trainval,alpha_refc,35,108,3.622748133578155,3.5477290179729466,1.5848751711887488,1.4115579679941759,1.9051768995265839,1.6435383002589454,1.508370588436353,1.758973570455158,28.592764260595406,26.912223703792563,30.31257141084685
refined_production,quarterly,per_obs,1.0,trainval,alpha_win,35,108,7.674691074431486,6.014931020639195,21.39775115003346,20.479717787900256,22.50907505362092,21.51920334931873,20.956809580769246,22.122060978214073,28.592764260595406,26.912223703792563,30.31257141084685
refined_production,quarterly,per_obs,1.0,trainval,alpha_dr,35,108,6.546316501537541,6.50945449072525,0.5443298451253797,0.41807794718534685,0.6300396983575374,0.5405566496693132,0.48312390518377435,0.5913485815948194,28.592764260595406,26.912223703792563,30.31257141084685
refined_production,quarterly,per_obs,1.0,trainval,tau_olds,35,108,7.981694326983857,7.902895197682082,0.4474151588216069,0.3777176242540814,0.6655222316586995,0.5156908926725157,0.4246292113502359,0.6003083810222298,28.592764260595406,26.912223703792563,30.31257141084685
refined_production,quarterly,per_obs,1.0,trainval,frac_fu_new,35,108,10.070631099396643,9.994061634812645,0.628258430626305,0.560766085678921,0.785431501804057,0.6639576920440038,0.6048609055414933,0.7267599806074221,28.592764260595406,26.912223703792563,30.31257141084685
refined_production,quarterly,per_obs,1.0,trainval,frac_fu_out,35,108,1.0497603765651853,1.041778792374309,0.628258430626305,0.560766085678921,0.785431501804057,0.6639576920440038,0.6048609055414933,0.7267599806074221,28.592764260595406,26.912223703792563,30.31257141084685
refined_production,quarterly,per_obs,1.0,trainval,frac_eu_new,35,108,14.516285341889132,14.45410041505079,0.5048968242629015,0.4561343361143111,0.6044970392801274,0.5270141879777646,0.48057238390205037,0.5721465071351739,28.592764260595406,26.912223703792563,30.31257141084685
refined_production,quarterly,per_obs,1.0,trainval,frac_eu_into,35,108,0.8602595064120777,0.8572982637869684,0.5048968242629015,0.4561343361143111,0.6044970392801274,0.5270141879777646,0.48057238390205037,0.5721465071351739,28.592764260595406,26.912223703792563,30.31257141084685
refined_production,quarterly,per_obs,1.0,trainval,f_cohort_10yr,35,108,30.720127927962928,30.507004981275227,0.6338184334418129,0.5710140766701177,0.9717595535251367,0.7357411123253249,0.6274209462618918,0.8680600045080589,28.592764260595406,26.912223703792563,30.31257141084685
refined_production,quarterly,per_obs,1.0,trainval,f_cohort_20yr,35,108,24.074983304902975,23.855286904274596,0.8073895120618291,0.6582702324237355,0.941831355548467,0.7999815052274373,0.712566804410153,0.88415105132571,28.592764260595406,26.912223703792563,30.31257141084685
refined_production,quarterly,per_obs,1.0,trainval,f_cohort_44yr,35,108,17.85308505974213,17.712789556094204,0.744699811379923,0.6039018745416846,0.8703843348684903,0.744396338576564,0.6772691709537204,0.811935623963389,28.592764260595406,26.912223703792563,30.31257141084685
refined_production,quarterly,fixed_total,1.0,trainval,alpha_cc,35,108,1.8336683649651062,1.6147381833195058,12.350362121374193,11.36627067792606,13.505496561251817,12.392359181208294,11.895649868170487,12.90377605760743,10.312720958258316,9.48423530363122,11.120613210884335
refined_production,quarterly,fixed_total,1.0,trainval,alpha_refc,35,108,3.622748133578155,3.584015779470212,0.794107383900533,0.7206907588674594,0.9381972863531929,0.8275522633051202,0.7674814859360501,0.9007249910627457,10.312720958258316,9.48423530363122,11.120613210884335
refined_production,quarterly,fixed_total,1.0,trainval,alpha_win,35,108,7.674691074431486,6.980015050653702,9.435634295094886,8.639734569050194,10.142543921851122,9.382252289254936,8.968676773378215,9.76458336426994,10.312720958258316,9.48423530363122,11.120613210884335
refined_production,quarterly,fixed_total,1.0,trainval,alpha_dr,35,108,6.546316501537541,6.530907295155854,0.23001081697500148,0.17973276648159398,0.2783835705243709,0.230379788846391,0.20604786355924443,0.2553633265974631,10.312720958258316,9.48423530363122,11.120613210884335
refined_production,quarterly,fixed_total,1.0,trainval,tau_olds,35,108,7.981694326983857,7.947598012811678,0.1810277142337835,0.16097041224139574,0.27798316327062866,0.2185403855133966,0.17871420202347776,0.24789723537491093,10.312720958258316,9.48423530363122,11.120613210884335
refined_production,quarterly,fixed_total,1.0,trainval,frac_fu_new,35,108,10.070631099396643,10.03726536213429,0.2910361715468879,0.2473291599164873,0.3513097796501552,0.2968057724340667,0.27153211637634955,0.32613478003912233,10.312720958258316,9.48423530363122,11.120613210884335
refined_production,quarterly,fixed_total,1.0,trainval,frac_fu_out,35,108,1.0497603765651853,1.0462823394325371,0.2910361715468879,0.2473291599164873,0.3513097796501552,0.2968057724340667,0.27153211637634955,0.32613478003912233,10.312720958258316,9.48423530363122,11.120613210884335
refined_production,quarterly,fixed_total,1.0,trainval,frac_eu_new,35,108,14.516285341889132,14.482986542227092,0.22938926094233647,0.19626560463091303,0.2671374784798508,0.2313643184431724,0.21272107604966561,0.25111085075122386,10.312720958258316,9.48423530363122,11.120613210884335
refined_production,quarterly,fixed_total,1.0,trainval,frac_eu_into,35,108,0.8602595064120777,0.8589760376531855,0.22938926094233647,0.19626560463091303,0.2671374784798508,0.2313643184431724,0.21272107604966561,0.25111085075122386,10.312720958258316,9.48423530363122,11.120613210884335
refined_production,quarterly,fixed_total,1.0,trainval,f_cohort_10yr,35,108,30.720127927962928,30.589345893421456,0.24856037366163264,0.21461710809517198,0.39758688264346365,0.29675694976122324,0.24363566697038763,0.34671729312473754,10.312720958258316,9.48423530363122,11.120613210884335
refined_production,quarterly,fixed_total,1.0,trainval,f_cohort_20yr,35,108,24.074983304902975,23.9940085779236,0.3039809196138554,0.2505603705726722,0.38453111568274023,0.3178699086215375,0.2810364357781092,0.35473935186595695,10.312720958258316,9.48423530363122,11.120613210884335
refined_production,quarterly,fixed_total,1.0,trainval,f_cohort_44yr,35,108,17.85308505974213,17.795316981339138,0.3014627157520433,0.24820037198493017,0.3542356109760114,0.30454706787014507,0.27307097282126547,0.3333292095988871,10.312720958258316,9.48423530363122,11.120613210884335
refined_production,monthly,per_obs,1.0,trainval,alpha_cc,35,324,1.8336683649651062,1.1172119478346976,40.06080309099889,39.26876146512224,40.940278861582456,40.078723945823334,39.523038059131395,40.578949509407074,55.82158966935639,53.37526244686609,58.33892324299798
refined_production,monthly,per_obs,1.0,trainval,alpha_refc,35,324,3.622748133578155,3.519615870494287,2.174527318190389,1.9014025539649815,2.594208627829142,2.236602893564829,2.0671808086844545,2.400214506588755,55.82158966935639,53.37526244686609,58.33892324299798
refined_production,monthly,per_obs,1.0,trainval,alpha_win,35,324,7.674691074431486,5.2423428303336586,31.55384490415649,30.5874193033575,32.74498717832887,31.57107914503031,30.995289175896247,32.12536689630756,55.82158966935639,53.37526244686609,58.33892324299798
refined_production,monthly,per_obs,1.0,trainval,alpha_dr,35,324,6.546316501537541,6.488928056754446,0.8632834123401767,0.6946893003837218,0.948724012229718,0.8525533940610591,0.7765159899770058,0.9274731344327325,55.82158966935639,53.37526244686609,58.33892324299798
refined_production,monthly,per_obs,1.0,trainval,tau_olds,35,324,7.981694326983857,7.875592134573314,0.7072229136446118,0.6114181712342792,1.0381996402709037,0.8219205036498117,0.692145372731523,0.9475195701081629,55.82158966935639,53.37526244686609,58.33892324299798
refined_production,monthly,per_obs,1.0,trainval,frac_fu_new,35,324,10.070631099396643,9.953905273312037,0.984199688293752,0.8476646295241141,1.1716505578693859,1.0057819460952244,0.9260347857402595,1.1010106047243562,55.82158966935639,53.37526244686609,58.33892324299798
refined_production,monthly,per_obs,1.0,trainval,frac_fu_out,35,324,1.0497603765651853,1.0375929020607524,0.984199688293752,0.8476646295241141,1.1716505578693859,1.0057819460952244,0.9260347857402595,1.1010106047243562,55.82158966935639,53.37526244686609,58.33892324299798
refined_production,monthly,per_obs,1.0,trainval,frac_eu_new,35,324,14.516285341889132,14.419626686746135,0.7854972410280103,0.6749853938155914,0.9228160973578092,0.8183798897531402,0.7500444156533392,0.8931924914441669,55.82158966935639,53.37526244686609,58.33892324299798
refined_production,monthly,per_obs,1.0,trainval,frac_eu_into,35,324,0.8602595064120777,0.8552535659798969,0.7854972410280103,0.6749853938155914,0.9228160973578092,0.8183798897531402,0.7500444156533392,0.8931924914441669,55.82158966935639,53.37526244686609,58.33892324299798
refined_production,monthly,per_obs,1.0,trainval,f_cohort_10yr,35,324,30.720127927962928,30.39262020978062,1.2697699749599778,1.0434486429919843,1.7513276749712925,1.3398060990006706,1.155042207416257,1.574451858657644,55.82158966935639,53.37526244686609,58.33892324299798
refined_production,monthly,per_obs,1.0,trainval,f_cohort_20yr,35,324,24.074983304902975,23.6630355606907,1.474467171738536,1.219098524747142,1.7060865257747304,1.4492162727070075,1.286889471844288,1.591405317265615,55.82158966935639,53.37526244686609,58.33892324299798
refined_production,monthly,per_obs,1.0,trainval,f_cohort_44yr,35,324,17.85308505974213,17.60486234328083,1.3468095976701067,1.111224267630495,1.4932118179803389,1.3100122393769316,1.212770115420836,1.4270506943706573,55.82158966935639,53.37526244686609,58.33892324299798
refined_production,monthly,fixed_total,1.0,trainval,alpha_cc,35,324,1.8336683649651062,1.608114578113105,12.684988790104557,11.688732700270037,13.862873308188561,12.74225545802831,12.239380786209308,13.262246114054545,10.721215714968022,9.853838184067424,11.490666905870548
refined_production,monthly,fixed_total,1.0,trainval,alpha_refc,35,324,3.622748133578155,3.582850109731616,0.8122397299375583,0.7337903728924511,0.9619865137917072,0.8479370439088335,0.7862018787918479,0.9225255311246128,10.721215714968022,9.853838184067424,11.490666905870548
refined_production,monthly,fixed_total,1.0,trainval,alpha_win,35,324,7.674691074431486,6.9763819217172545,9.456135322506597,8.663889913019851,10.172912213359409,9.415329988109477,8.99976588739576,9.793730391344107,10.721215714968022,9.853838184067424,11.490666905870548
refined_production,monthly,fixed_total,1.0,trainval,alpha_dr,35,324,6.546316501537541,6.53042922940881,0.23506229497151088,0.18535916618648285,0.28421060632395356,0.23584625685210692,0.21114027895572374,0.261388483796654,10.721215714968022,9.853838184067424,11.490666905870548
refined_production,monthly,fixed_total,1.0,trainval,tau_olds,35,324,7.981694326983857,7.9472098028008755,0.18795720735620414,0.1667563613011347,0.2832662262369501,0.2239843204212777,0.18461439597324825,0.2545345856393044,10.721215714968022,9.853838184067424,11.490666905870548
refined_production,monthly,fixed_total,1.0,trainval,frac_fu_new,35,324,10.070631099396643,10.03586450221134,0.2958849532426422,0.2526201027495456,0.35676441239083645,0.30344958384334597,0.2775530393217984,0.33288654387889083,10.721215714968022,9.853838184067424,11.490666905870548
refined_production,monthly,fixed_total,1.0,trainval,frac_fu_out,35,324,1.0497603765651853,1.0461363141014812,0.2958849532426422,0.2526201027495456,0.35676441239083645,0.30344958384334597,0.2775530393217984,0.33288654387889083,10.721215714968022,9.853838184067424,11.490666905870548
refined_production,monthly,fixed_total,1.0,trainval,frac_eu_new,35,324,14.516285341889132,14.482065153618516,0.23573653634286762,0.19877436502352408,0.2748513985324108,0.23811197914294369,0.22003713791076684,0.2580778481221291,10.721215714968022,9.853838184067424,11.490666905870548
refined_production,monthly,fixed_total,1.0,trainval,frac_eu_into,35,324,0.8602595064120777,0.8589480145406958,0.23573653634286762,0.19877436502352408,0.2748513985324108,0.23811197914294369,0.22003713791076684,0.2580778481221291,10.721215714968022,9.853838184067424,11.490666905870548
refined_production,monthly,fixed_total,1.0,trainval,f_cohort_10yr,35,324,30.720127927962928,30.586620247911192,0.26022754074847,0.22337048731365106,0.42223913974859806,0.31543497985091484,0.2572673374854173,0.3735408566410081,10.721215714968022,9.853838184067424,11.490666905870548
refined_production,monthly,fixed_total,1.0,trainval,f_cohort_20yr,35,324,24.074983304902975,23.986947690377875,0.3252558210912637,0.2664971631490043,0.412739490883951,0.33829295806839244,0.2990899659414348,0.3777044856801637,10.721215714968022,9.853838184067424,11.490666905870548
refined_production,monthly,fixed_total,1.0,trainval,f_cohort_44yr,35,324,17.85308505974213,17.792942214806157,0.3172405083820884,0.25946420264533754,0.37782815540008396,0.32020622722582215,0.2886633743447109,0.3523545125759031,10.721215714968022,9.853838184067424,11.490666905870548
eol_composition,annual,per_obs,1.0,trainval,alpha_cc,35,54,1.8336683649651062,1.8309347033543155,0.13132451105362097,0.1151197361660472,0.1723892066418653,0.14334852174582302,0.1283207602190084,0.16259812913007599,28.029271435277238,26.81713713185888,29.41159503734603
eol_composition,annual,per_obs,1.0,trainval,alpha_refc,35,54,3.622748133578155,3.6165372771632427,0.12392965629595132,0.09793754224016182,0.15968000283198003,0.12861982987167897,0.11445989205123297,0.14385589752402006,28.029271435277238,26.81713713185888,29.41159503734603
eol_composition,annual,per_obs,1.0,trainval,alpha_win,35,54,7.674691074431486,7.6668871721433,0.16429763545640075,0.13849917109265975,0.26178037082130734,0.1944064446384064,0.16058619148756614,0.23749501617159052,28.029271435277238,26.81713713185888,29.41159503734603
eol_composition,annual,per_obs,1.0,trainval,alpha_dr,35,54,6.546316501537541,6.525995988234125,0.3399348070907138,0.2833106062537505,0.406816041844843,0.34505966590769044,0.31481730685559706,0.3742251986362022,28.029271435277238,26.81713713185888,29.41159503734603
eol_composition,annual,per_obs,1.0,trainval,tau_olds,35,54,7.981694326983857,7.894409682834607,0.9128287257695322,0.8490918541500692,1.0238906324700814,0.9327050737655024,0.8858475173379676,0.9854054364113463,28.029271435277238,26.81713713185888,29.41159503734603
eol_composition,annual,per_obs,1.0,trainval,frac_fu_new,35,54,10.070631099396643,9.968525519861622,0.8492994644512697,0.7511686171311094,0.9950988096839808,0.8809493496364118,0.8207540873228614,1.00166716338137,28.029271435277238,26.81713713185888,29.41159503734603
eol_composition,annual,per_obs,1.0,trainval,frac_fu_out,35,54,1.0497603765651853,1.0391169133537772,0.8492994644512697,0.7511686171311094,0.9950988096839808,0.8809493496364118,0.8207540873228614,1.00166716338137,28.029271435277238,26.81713713185888,29.41159503734603
eol_composition,annual,per_obs,1.0,trainval,frac_eu_new,35,54,14.516285341889132,14.352192326855272,1.0450033097667788,0.858520121950157,1.2226918993674452,1.04046068736898,0.9385511334013774,1.1445260912606892,28.029271435277238,26.81713713185888,29.41159503734603
eol_composition,annual,per_obs,1.0,trainval,frac_eu_into,35,54,0.8602595064120777,0.8512539148086746,1.0450033097667788,0.858520121950157,1.2226918993674452,1.04046068736898,0.9385511334013774,1.1445260912606892,28.029271435277238,26.81713713185888,29.41159503734603
eol_composition,annual,per_obs,1.0,trainval,f_cohort_10yr,35,54,30.720127927962928,11.043928889466388,64.6724690632507,63.64231321887509,66.11695138886023,64.84481042894814,64.119246348195,65.60311666394986,28.029271435277238,26.81713713185888,29.41159503734603
eol_composition,annual,per_obs,1.0,trainval,f_cohort_20yr,35,54,24.074983304902975,8.656821601251737,64.48575924556688,62.436812484534116,65.80441297350006,64.32197633405204,63.38856625848692,65.19883402383427,28.029271435277238,26.81713713185888,29.41159503734603
eol_composition,annual,per_obs,1.0,trainval,f_cohort_44yr,35,54,17.85308505974213,6.644139640052098,61.032539776400775,60.123677762669985,62.74633751115687,61.39264773786037,60.57512913599146,62.24483626072459,28.029271435277238,26.81713713185888,29.41159503734603
eol_composition,annual,per_obs,2.0,trainval,alpha_cc,35,54,1.8336683649651062,1.8317425932796965,0.09522238096872915,0.08342618556007597,0.12978735333653568,0.10455067726058975,0.09124966710122862,0.11802070745109416,17.217896479379167,16.244524218342004,18.176499690019508
eol_composition,annual,per_obs,2.0,trainval,alpha_refc,35,54,3.622748133578155,3.618490609361997,0.08335823060092729,0.06725795487816932,0.11858691693203416,0.09097982255286685,0.0794642489379549,0.10249650175894187,17.217896479379167,16.244524218342004,18.176499690019508
eol_composition,annual,per_obs,2.0,trainval,alpha_win,35,54,7.674691074431486,7.669446929723228,0.1126972321237707,0.1032583846228563,0.1638537078580471,0.13048873973761366,0.109257077689906,0.14866673182200585,17.217896479379167,16.244524218342004,18.176499690019508
eol_composition,annual,per_obs,2.0,trainval,alpha_dr,35,54,6.546316501537541,6.5312620127798615,0.26872933718513625,0.22703036304920765,0.32602115516325303,0.2739374281165413,0.2506013709436261,0.29610410842645374,17.217896479379167,16.244524218342004,18.176499690019508
eol_composition,annual,per_obs,2.0,trainval,tau_olds,35,54,7.981694326983857,7.902362970594446,0.8044232114768679,0.7513382394570445,0.9373288685294301,0.8266906896531784,0.7849817277778615,0.8760155188630991,17.217896479379167,16.244524218342004,18.176499690019508
eol_composition,annual,per_obs,2.0,trainval,frac_fu_new,35,54,10.070631099396643,9.974876203621179,0.729141051009119,0.6582740516336893,0.8666521847997988,0.7713834409516229,0.7134003792451993,0.8527819742483733,17.217896479379167,16.244524218342004,18.176499690019508
eol_composition,annual,per_obs,2.0,trainval,frac_fu_out,35,54,1.0497603765651853,1.0397789072356978,0.729141051009119,0.6582740516336893,0.8666521847997988,0.7713834409516229,0.7134003792451993,0.8527819742483733,17.217896479379167,16.244524218342004,18.176499690019508
eol_composition,annual,per_obs,2.0,trainval,frac_eu_new,35,54,14.516285341889132,14.377867176235355,0.8739623439965927,0.7567173042837827,1.0642479571917496,0.8967714297248491,0.8142372919814123,0.9735247415611881,17.217896479379167,16.244524218342004,18.176499690019508
eol_composition,annual,per_obs,2.0,trainval,frac_eu_into,35,54,0.8602595064120777,0.8527767355422028,0.8739623439965927,0.7567173042837827,1.0642479571917496,0.8967714297248491,0.8142372919814123,0.9735247415611881,17.217896479379167,16.244524218342004,18.176499690019508
eol_composition,annual,per_obs,2.0,trainval,f_cohort_10yr,35,54,30.720127927962928,13.20645091178312,57.16162391676125,55.430744953532965,59.15808766364757,57.16740753040769,56.37251356862811,57.990178435028014,17.217896479379167,16.244524218342004,18.176499690019508
eol_composition,annual,per_obs,2.0,trainval,f_cohort_20yr,35,54,24.074983304902975,10.685966851195658,57.09551668015763,55.188097953894356,58.175274281628475,56.885819866932906,56.004779038749575,57.72754665460883,17.217896479379167,16.244524218342004,18.176499690019508
eol_composition,annual,per_obs,2.0,trainval,f_cohort_44yr,35,54,17.85308505974213,7.948002026860158,54.04438118704782,52.55311283864964,55.45780797361601,54.00042145711092,53.24355053638314,54.77508135024195,17.217896479379167,16.244524218342004,18.176499690019508
eol_composition,annual,per_obs,5.0,trainval,alpha_cc,35,54,1.8336683649651062,1.832474312320983,0.062305058674871905,0.052913343898997045,0.08001775646943599,0.06622003604478122,0.05884141062765802,0.07555009214700315,7.749935495153728,7.1299242207053535,8.259004236203651
eol_composition,annual,per_obs,5.0,trainval,alpha_refc,35,54,3.622748133578155,3.6198601221309126,0.05328284284453755,0.03938222239440736,0.079748452682471,0.058522414905906595,0.04913951364011182,0.06711668381897962,7.749935495153728,7.1299242207053535,8.259004236203651
eol_composition,annual,per_obs,5.0,trainval,alpha_win,35,54,7.674691074431486,7.6713688475323085,0.06973314877229964,0.059928668763992166,0.08351664418381755,0.07187967929261074,0.06551706700779203,0.08285153444543836,7.749935495153728,7.1299242207053535,8.259004236203651
eol_composition,annual,per_obs,5.0,trainval,alpha_dr,35,54,6.546316501537541,6.534358700278167,0.1862263714229373,0.16852908830548574,0.20488019454855122,0.1865539918294662,0.17434361789060993,0.1978107320825262,7.749935495153728,7.1299242207053535,8.259004236203651
eol_composition,annual,per_obs,5.0,trainval,tau_olds,35,54,7.981694326983857,7.922872927289496,0.6005931730933667,0.5524060209057269,0.6982147754982571,0.6144310792596808,0.5779268460579245,0.6557210875589747,7.749935495153728,7.1299242207053535,8.259004236203651
eol_composition,annual,per_obs,5.0,trainval,frac_fu_new,35,54,10.070631099396643,9.993215189561655,0.5582626849700012,0.4740152714763801,0.6392358236757434,0.570932361714116,0.5295605866589614,0.6239908143338857,7.749935495153728,7.1299242207053535,8.259004236203651
eol_composition,annual,per_obs,5.0,trainval,frac_fu_out,35,54,1.0497603765651853,1.0416905591070338,0.5582626849700012,0.4740152714763801,0.6392358236757434,0.570932361714116,0.5295605866589614,0.6239908143338857,7.749935495153728,7.1299242207053535,8.259004236203651
eol_composition,annual,per_obs,5.0,trainval,frac_eu_new,35,54,14.516285341889132,14.40884655277618,0.6608367592579434,0.5683271557460456,0.7860516080167468,0.6677349308871122,0.6149368757363549,0.7260382861620229,7.749935495153728,7.1299242207053535,8.259004236203651
eol_composition,annual,per_obs,5.0,trainval,frac_eu_into,35,54,0.8602595064120777,0.8546141771649273,0.6608367592579434,0.5683271557460456,0.7860516080167468,0.6677349308871122,0.6149368757363549,0.7260382861620229,7.749935495153728,7.1299242207053535,8.259004236203651
eol_composition,annual,per_obs,5.0,trainval,f_cohort_10yr,35,54,30.720127927962928,18.222848125913476,41.184252167658585,39.5034001520734,43.80382159269274,41.586029991789836,40.3233454701372,42.757317213529376,7.749935495153728,7.1299242207053535,8.259004236203651
eol_composition,annual,per_obs,5.0,trainval,f_cohort_20yr,35,54,24.074983304902975,14.393986698423314,40.343960694356106,37.73326609899078,42.64718567828573,40.35823032072285,39.07681294885339,41.66854282118419,7.749935495153728,7.1299242207053535,8.259004236203651
eol_composition,annual,per_obs,5.0,trainval,f_cohort_44yr,35,54,17.85308505974213,10.722817968390506,38.53247167736198,36.67449270148746,40.55899837276294,38.564498883639324,37.57465821014527,39.63260196059148,7.749935495153728,7.1299242207053535,8.259004236203651
eol_composition,annual,fixed_total,1.0,trainval,alpha_cc,35,54,1.8336683649651062,1.8309347033543155,0.13132451105362097,0.1151197361660472,0.1723892066418653,0.14334852174582302,0.1283207602190084,0.16259812913007599,28.029271435277238,26.81713713185888,29.41159503734603
eol_composition,annual,fixed_total,1.0,trainval,alpha_refc,35,54,3.622748133578155,3.6165372771632427,0.12392965629595132,0.09793754224016182,0.15968000283198003,0.12861982987167897,0.11445989205123297,0.14385589752402006,28.029271435277238,26.81713713185888,29.41159503734603
eol_composition,annual,fixed_total,1.0,trainval,alpha_win,35,54,7.674691074431486,7.6668871721433,0.16429763545640075,0.13849917109265975,0.26178037082130734,0.1944064446384064,0.16058619148756614,0.23749501617159052,28.029271435277238,26.81713713185888,29.41159503734603
eol_composition,annual,fixed_total,1.0,trainval,alpha_dr,35,54,6.546316501537541,6.525995988234125,0.3399348070907138,0.2833106062537505,0.406816041844843,0.34505966590769044,0.31481730685559706,0.3742251986362022,28.029271435277238,26.81713713185888,29.41159503734603
eol_composition,annual,fixed_total,1.0,trainval,tau_olds,35,54,7.981694326983857,7.894409682834607,0.9128287257695322,0.8490918541500692,1.0238906324700814,0.9327050737655024,0.8858475173379676,0.9854054364113463,28.029271435277238,26.81713713185888,29.41159503734603
eol_composition,annual,fixed_total,1.0,trainval,frac_fu_new,35,54,10.070631099396643,9.968525519861622,0.8492994644512697,0.7511686171311094,0.9950988096839808,0.8809493496364118,0.8207540873228614,1.00166716338137,28.029271435277238,26.81713713185888,29.41159503734603
eol_composition,annual,fixed_total,1.0,trainval,frac_fu_out,35,54,1.0497603765651853,1.0391169133537772,0.8492994644512697,0.7511686171311094,0.9950988096839808,0.8809493496364118,0.8207540873228614,1.00166716338137,28.029271435277238,26.81713713185888,29.41159503734603
eol_composition,annual,fixed_total,1.0,trainval,frac_eu_new,35,54,14.516285341889132,14.352192326855272,1.0450033097667788,0.858520121950157,1.2226918993674452,1.04046068736898,0.9385511334013774,1.1445260912606892,28.029271435277238,26.81713713185888,29.41159503734603
eol_composition,annual,fixed_total,1.0,trainval,frac_eu_into,35,54,0.8602595064120777,0.8512539148086746,1.0450033097667788,0.858520121950157,1.2226918993674452,1.04046068736898,0.9385511334013774,1.1445260912606892,28.029271435277238,26.81713713185888,29.41159503734603
eol_composition,annual,fixed_total,1.0,trainval,f_cohort_10yr,35,54,30.720127927962928,11.043928889466388,64.6724690632507,63.64231321887509,66.11695138886023,64.84481042894814,64.119246348195,65.60311666394986,28.029271435277238,26.81713713185888,29.41159503734603
eol_composition,annual,fixed_total,1.0,trainval,f_cohort_20yr,35,54,24.074983304902975,8.656821601251737,64.48575924556688,62.436812484534116,65.80441297350006,64.32197633405204,63.38856625848692,65.19883402383427,28.029271435277238,26.81713713185888,29.41159503734603
eol_composition,annual,fixed_total,1.0,trainval,f_cohort_44yr,35,54,17.85308505974213,6.644139640052098,61.032539776400775,60.123677762669985,62.74633751115687,61.39264773786037,60.57512913599146,62.24483626072459,28.029271435277238,26.81713713185888,29.41159503734603
eol_composition,annual,fixed_total,2.0,trainval,alpha_cc,35,54,1.8336683649651062,1.8317425932796965,0.09522238096872915,0.08342618556007597,0.12978735333653568,0.10455067726058975,0.09124966710122862,0.11802070745109416,17.217896479379167,16.244524218342004,18.176499690019508
eol_composition,annual,fixed_total,2.0,trainval,alpha_refc,35,54,3.622748133578155,3.618490609361997,0.08335823060092729,0.06725795487816932,0.11858691693203416,0.09097982255286685,0.0794642489379549,0.10249650175894187,17.217896479379167,16.244524218342004,18.176499690019508
eol_composition,annual,fixed_total,2.0,trainval,alpha_win,35,54,7.674691074431486,7.669446929723228,0.1126972321237707,0.1032583846228563,0.1638537078580471,0.13048873973761366,0.109257077689906,0.14866673182200585,17.217896479379167,16.244524218342004,18.176499690019508
eol_composition,annual,fixed_total,2.0,trainval,alpha_dr,35,54,6.546316501537541,6.5312620127798615,0.26872933718513625,0.22703036304920765,0.32602115516325303,0.2739374281165413,0.2506013709436261,0.29610410842645374,17.217896479379167,16.244524218342004,18.176499690019508
eol_composition,annual,fixed_total,2.0,trainval,tau_olds,35,54,7.981694326983857,7.902362970594446,0.8044232114768679,0.7513382394570445,0.9373288685294301,0.8266906896531784,0.7849817277778615,0.8760155188630991,17.217896479379167,16.244524218342004,18.176499690019508
eol_composition,annual,fixed_total,2.0,trainval,frac_fu_new,35,54,10.070631099396643,9.974876203621179,0.729141051009119,0.6582740516336893,0.8666521847997988,0.7713834409516229,0.7134003792451993,0.8527819742483733,17.217896479379167,16.244524218342004,18.176499690019508
eol_composition,annual,fixed_total,2.0,trainval,frac_fu_out,35,54,1.0497603765651853,1.0397789072356978,0.729141051009119,0.6582740516336893,0.8666521847997988,0.7713834409516229,0.7134003792451993,0.8527819742483733,17.217896479379167,16.244524218342004,18.176499690019508
eol_composition,annual,fixed_total,2.0,trainval,frac_eu_new,35,54,14.516285341889132,14.377867176235355,0.8739623439965927,0.7567173042837827,1.0642479571917496,0.8967714297248491,0.8142372919814123,0.9735247415611881,17.217896479379167,16.244524218342004,18.176499690019508
eol_composition,annual,fixed_total,2.0,trainval,frac_eu_into,35,54,0.8602595064120777,0.8527767355422028,0.8739623439965927,0.7567173042837827,1.0642479571917496,0.8967714297248491,0.8142372919814123,0.9735247415611881,17.217896479379167,16.244524218342004,18.176499690019508
eol_composition,annual,fixed_total,2.0,trainval,f_cohort_10yr,35,54,30.720127927962928,13.20645091178312,57.16162391676125,55.430744953532965,59.15808766364757,57.16740753040769,56.37251356862811,57.990178435028014,17.217896479379167,16.244524218342004,18.176499690019508
eol_composition,annual,fixed_total,2.0,trainval,f_cohort_20yr,35,54,24.074983304902975,10.685966851195658,57.09551668015763,55.188097953894356,58.175274281628475,56.885819866932906,56.004779038749575,57.72754665460883,17.217896479379167,16.244524218342004,18.176499690019508
eol_composition,annual,fixed_total,2.0,trainval,f_cohort_44yr,35,54,17.85308505974213,7.948002026860158,54.04438118704782,52.55311283864964,55.45780797361601,54.00042145711092,53.24355053638314,54.77508135024195,17.217896479379167,16.244524218342004,18.176499690019508
eol_composition,annual,fixed_total,5.0,trainval,alpha_cc,35,54,1.8336683649651062,1.832474312320983,0.062305058674871905,0.052913343898997045,0.08001775646943599,0.06622003604478122,0.05884141062765802,0.07555009214700315,7.749935495153728,7.1299242207053535,8.259004236203651
eol_composition,annual,fixed_total,5.0,trainval,alpha_refc,35,54,3.622748133578155,3.6198601221309126,0.05328284284453755,0.03938222239440736,0.079748452682471,0.058522414905906595,0.04913951364011182,0.06711668381897962,7.749935495153728,7.1299242207053535,8.259004236203651
eol_composition,annual,fixed_total,5.0,trainval,alpha_win,35,54,7.674691074431486,7.6713688475323085,0.06973314877229964,0.059928668763992166,0.08351664418381755,0.07187967929261074,0.06551706700779203,0.08285153444543836,7.749935495153728,7.1299242207053535,8.259004236203651
eol_composition,annual,fixed_total,5.0,trainval,alpha_dr,35,54,6.546316501537541,6.534358700278167,0.1862263714229373,0.16852908830548574,0.20488019454855122,0.1865539918294662,0.17434361789060993,0.1978107320825262,7.749935495153728,7.1299242207053535,8.259004236203651
eol_composition,annual,fixed_total,5.0,trainval,tau_olds,35,54,7.981694326983857,7.922872927289496,0.6005931730933667,0.5524060209057269,0.6982147754982571,0.6144310792596808,0.5779268460579245,0.6557210875589747,7.749935495153728,7.1299242207053535,8.259004236203651
eol_composition,annual,fixed_total,5.0,trainval,frac_fu_new,35,54,10.070631099396643,9.993215189561655,0.5582626849700012,0.4740152714763801,0.6392358236757434,0.570932361714116,0.5295605866589614,0.6239908143338857,7.749935495153728,7.1299242207053535,8.259004236203651
eol_composition,annual,fixed_total,5.0,trainval,frac_fu_out,35,54,1.0497603765651853,1.0416905591070338,0.5582626849700012,0.4740152714763801,0.6392358236757434,0.570932361714116,0.5295605866589614,0.6239908143338857,7.749935495153728,7.1299242207053535,8.259004236203651
eol_composition,annual,fixed_total,5.0,trainval,frac_eu_new,35,54,14.516285341889132,14.40884655277618,0.6608367592579434,0.5683271557460456,0.7860516080167468,0.6677349308871122,0.6149368757363549,0.7260382861620229,7.749935495153728,7.1299242207053535,8.259004236203651
eol_composition,annual,fixed_total,5.0,trainval,frac_eu_into,35,54,0.8602595064120777,0.8546141771649273,0.6608367592579434,0.5683271557460456,0.7860516080167468,0.6677349308871122,0.6149368757363549,0.7260382861620229,7.749935495153728,7.1299242207053535,8.259004236203651
eol_composition,annual,fixed_total,5.0,trainval,f_cohort_10yr,35,54,30.720127927962928,18.222848125913476,41.184252167658585,39.5034001520734,43.80382159269274,41.586029991789836,40.3233454701372,42.757317213529376,7.749935495153728,7.1299242207053535,8.259004236203651
eol_composition,annual,fixed_total,5.0,trainval,f_cohort_20yr,35,54,24.074983304902975,14.393986698423314,40.343960694356106,37.73326609899078,42.64718567828573,40.35823032072285,39.07681294885339,41.66854282118419,7.749935495153728,7.1299242207053535,8.259004236203651
eol_composition,annual,fixed_total,5.0,trainval,f_cohort_44yr,35,54,17.85308505974213,10.722817968390506,38.53247167736198,36.67449270148746,40.55899837276294,38.564498883639324,37.57465821014527,39.63260196059148,7.749935495153728,7.1299242207053535,8.259004236203651
eol_composition,quarterly,per_obs,1.0,trainval,alpha_cc,35,216,1.8336683649651062,1.8296693858371968,0.190932380025588,0.17760755030620246,0.24041219164390726,0.20361273743330077,0.18570719907582411,0.2271028863168545,43.67398078137437,41.94682806196312,45.53139423472152
eol_composition,quarterly,per_obs,1.0,trainval,alpha_refc,35,216,3.622748133578155,3.6144364851714723,0.1816088481671585,0.14257180016157833,0.23068347484475615,0.1876506703159031,0.16907330043904323,0.21174350390867347,43.67398078137437,41.94682806196312,45.53139423472152
eol_composition,quarterly,per_obs,1.0,trainval,alpha_win,35,216,7.674691074431486,7.662688892719977,0.2663613639479312,0.21381197047860567,0.4016815092807713,0.29895767664016026,0.24549217554387104,0.3801429247740018,43.67398078137437,41.94682806196312,45.53139423472152
eol_composition,quarterly,per_obs,1.0,trainval,alpha_dr,35,216,6.546316501537541,6.51879429393382,0.4438855652744822,0.36442342071044687,0.5421918026616734,0.45475866335312476,0.412520254987514,0.5037801763790373,43.67398078137437,41.94682806196312,45.53139423472152
eol_composition,quarterly,per_obs,1.0,trainval,tau_olds,35,216,7.981694326983857,7.888303424306742,1.06190566722153,0.9550794984228395,1.1619464561826554,1.0666250226088525,1.005430990106837,1.1416713817538005,43.67398078137437,41.94682806196312,45.53139423472152
eol_composition,quarterly,per_obs,1.0,trainval,frac_fu_new,35,216,10.070631099396643,9.96006576010035,0.9930372386953934,0.877541172727242,1.1260608103557057,1.0392182199704196,0.9460708358244307,1.1885133112562396,43.67398078137437,41.94682806196312,45.53139423472152
eol_composition,quarterly,per_obs,1.0,trainval,frac_fu_out,35,216,1.0497603765651853,1.0382350698521148,0.9930372386953934,0.877541172727242,1.1260608103557057,1.0392182199704196,0.9460708358244307,1.1885133112562396,43.67398078137437,41.94682806196312,45.53139423472152
eol_composition,quarterly,per_obs,1.0,trainval,frac_eu_new,35,216,14.516285341889132,14.333526395304249,1.1757675523741629,0.9455845350659298,1.409631522493271,1.1756566215831377,1.0495896250443282,1.2982748650008424,43.67398078137437,41.94682806196312,45.53139423472152
eol_composition,quarterly,per_obs,1.0,trainval,frac_eu_into,35,216,0.8602595064120777,0.8501468053898141,1.1757675523741629,0.9455845350659353,1.409631522493271,1.1756566215831377,1.0495896250443282,1.2982748650008424,43.67398078137437,41.94682806196312,45.53139423472152
eol_composition,quarterly,per_obs,1.0,trainval,f_cohort_10yr,35,216,30.720127927962928,8.96120590473173,71.80279686999359,70.54611043506003,72.94426454409535,71.70271585697293,71.10064348614932,72.27784529022836,43.67398078137437,41.94682806196312,45.53139423472152
eol_composition,quarterly,per_obs,1.0,trainval,f_cohort_20yr,35,216,24.074983304902975,7.209155258124822,70.28074463305514,68.98711461706205,71.5583648296213,70.28144618612674,69.51295814235985,71.00758229405182,43.67398078137437,41.94682806196312,45.53139423472152
eol_composition,quarterly,per_obs,1.0,trainval,f_cohort_44yr,35,216,17.85308505974213,5.463377230509259,68.42536935905979,66.29469506879576,69.46679271144896,68.27223413009133,67.53657767204294,69.00532024439521,43.67398078137437,41.94682806196312,45.53139423472152
eol_composition,quarterly,per_obs,2.0,trainval,alpha_cc,35,216,1.8336683649651062,1.8308781815000477,0.13375176350272078,0.11700315114326343,0.17467295833893393,0.14564779320048737,0.13035184317182757,0.16595605264537183,28.234832894173312,26.996162744668503,29.636910406534305
eol_composition,quarterly,per_obs,2.0,trainval,alpha_refc,35,216,3.622748133578155,3.6164181165676466,0.12720809341861816,0.0998720662105379,0.1618726116845326,0.1310358614609597,0.1169178761919798,0.14622573096689795,28.234832894173312,26.996162744668503,29.636910406534305
eol_composition,quarterly,per_obs,2.0,trainval,alpha_win,35,216,7.674691074431486,7.666746216204595,0.1657470777848058,0.14179199623082783,0.2664629141651387,0.1976872687641018,0.16307265842798735,0.2423366140801464,28.234832894173312,26.996162744668503,29.636910406534305
eol_composition,quarterly,per_obs,2.0,trainval,alpha_dr,35,216,6.546316501537541,6.525885399360162,0.3421897948882924,0.2866811799556279,0.41033078380432464,0.3483546843517482,0.31749780442562603,0.3777738855257673,28.234832894173312,26.996162744668503,29.636910406534305
eol_composition,quarterly,per_obs,2.0,trainval,tau_olds,35,216,7.981694326983857,7.894267446697898,0.9174943228294818,0.8549481693218675,1.02572960635674,0.9366495113599549,0.8893023316266291,0.9896363040052369,28.234832894173312,26.996162744668503,29.636910406534305
eol_composition,quarterly,per_obs,2.0,trainval,frac_fu_new,35,216,10.070631099396643,9.96834948986458,0.8519878892082278,0.7542192204825826,0.9981514878337927,0.8845592738965902,0.8228005430182594,1.0086207300002703,28.234832894173312,26.996162744668503,29.636910406534305
eol_composition,quarterly,per_obs,2.0,trainval,frac_fu_out,35,216,1.0497603765651853,1.0390985640255022,0.8519878892082278,0.7542192204825826,0.9981514878337927,0.8845592738965902,0.8228005430182594,1.0086207300002703,28.234832894173312,26.996162744668503,29.636910406534305
eol_composition,quarterly,per_obs,2.0,trainval,frac_eu_new,35,216,14.516285341889132,14.3517210708104,1.0487804648550592,0.863243375017958,1.2286647287679031,1.0439498338418063,0.9421299725861199,1.1478893634778942,28.234832894173312,26.996162744668503,29.636910406534305
eol_composition,quarterly,per_obs,2.0,trainval,frac_eu_into,35,216,0.8602595064120777,0.8512259637790384,1.0487804648550592,0.863243375017958,1.2286647287679031,1.0439498338418063,0.9421299725861199,1.1478893634778942,28.234832894173312,26.996162744668503,29.636910406534305
eol_composition,quarterly,per_obs,2.0,trainval,f_cohort_10yr,35,216,30.720127927962928,10.987100135298197,64.89866256543024,63.88686349823443,66.3516476332754,65.04432867742432,64.32440098695017,65.80052830175754,28.234832894173312,26.996162744668503,29.636910406534305
eol_composition,quarterly,per_obs,2.0,trainval,f_cohort_20yr,35,216,24.074983304902975,8.623041682060894,64.60692854032905,62.60737024851356,65.88677921989733,64.43982384781154,63.52520613924803,65.30382968853354,28.234832894173312,26.996162744668503,29.636910406534305
eol_composition,quarterly,per_obs,2.0,trainval,f_cohort_44yr,35,216,17.85308505974213,6.611467846991354,61.226088360093975,60.28227154831801,62.91219137721693,61.57809349643901,60.772615197965756,62.42980214766335,28.234832894173312,26.996162744668503,29.636910406534305
eol_composition,quarterly,per_obs,5.0,trainval,alpha_cc,35,216,1.8336683649651062,1.8319405875570158,0.08492671156760112,0.07611717592818645,0.11866084512130448,0.09479365200424639,0.08324118872379271,0.10834038089737597,14.538923048762047,13.624062865818502,15.377921009935207
eol_composition,quarterly,per_obs,5.0,trainval,alpha_refc,35,216,3.622748133578155,3.6187979909601715,0.07560643123341038,0.060235611899117636,0.10827788639538038,0.08275132421573517,0.07070831335788119,0.09312124848666614,14.538923048762047,13.624062865818502,15.377921009935207
eol_composition,quarterly,per_obs,5.0,trainval,alpha_win,35,216,7.674691074431486,7.669946649166539,0.10078656934575658,0.09281736789866768,0.14559112641631677,0.11577253448427638,0.09833301547756967,0.12946827298100927,14.538923048762047,13.624062865818502,15.377921009935207
eol_composition,quarterly,per_obs,5.0,trainval,alpha_dr,35,216,6.546316501537541,6.53181392035849,0.2470578871784257,0.21437150729097798,0.30195310951315335,0.25370078423891385,0.23429796289682336,0.27373754283014917,14.538923048762047,13.624062865818502,15.377921009935207
eol_composition,quarterly,per_obs,5.0,trainval,tau_olds,35,216,7.981694326983857,7.905909029049518,0.7691568895444867,0.7138400353181695,0.8971493551412024,0.7883996314472175,0.750273347501107,0.8360975846488372,14.538923048762047,13.624062865818502,15.377921009935207
eol_composition,quarterly,per_obs,5.0,trainval,frac_fu_new,35,216,10.070631099396643,9.977635647609802,0.7003643558897599,0.6225398877234611,0.8267644801757845,0.7353566758839691,0.6807150127420725,0.8067444784218836,14.538923048762047,13.624062865818502,15.377921009935207
eol_composition,quarterly,per_obs,5.0,trainval,frac_fu_out,35,216,1.0497603765651853,1.0400665510717213,0.7003643558897599,0.6225398877234611,0.8267644801757845,0.7353566758839691,0.6807150127420725,0.8067444784218836,14.538923048762047,13.624062865818502,15.377921009935207
eol_composition,quarterly,per_obs,5.0,trainval,frac_eu_new,35,216,14.516285341889132,14.383930124892956,0.8280253350318345,0.7267749914735333,1.0079349079354483,0.8477939727190215,0.7774698740618258,0.9180837086278926,14.538923048762047,13.624062865818502,15.377921009935207
eol_composition,quarterly,per_obs,5.0,trainval,frac_eu_into,35,216,0.8602595064120777,0.8531363397519659,0.8280253350318345,0.7267749914735333,1.0079349079354483,0.8477939727190215,0.7774698740618258,0.9180837086278926,14.538923048762047,13.624062865818502,15.377921009935207
eol_composition,quarterly,per_obs,5.0,trainval,f_cohort_10yr,35,216,30.720127927962928,14.201438847579626,54.90021094240658,52.233335062623055,56.2848619847339,54.25520670628529,53.445255929748924,55.260964914313476,14.538923048762047,13.624062865818502,15.377921009935207
eol_composition,quarterly,per_obs,5.0,trainval,f_cohort_20yr,35,216,24.074983304902975,11.352101827632143,54.074176573107835,52.32748433265551,55.28132109831428,53.86171330279364,52.850960004051366,54.729983588933436,14.538923048762047,13.624062865818502,15.377921009935207
eol_composition,quarterly,per_obs,5.0,trainval,f_cohort_44yr,35,216,17.85308505974213,8.453706863949352,50.82815085527679,49.41585824165654,52.70095013680249,51.13783894207813,50.33867701279495,52.00613469941791,14.538923048762047,13.624062865818502,15.377921009935207
eol_composition,quarterly,fixed_total,1.0,trainval,alpha_cc,35,216,1.8336683649651062,1.8308781815000477,0.13375176350272078,0.11700315114326343,0.17467295833893393,0.14564779320048737,0.13035184317182757,0.16595605264537183,28.234832894173312,26.996162744668503,29.636910406534305
eol_composition,quarterly,fixed_total,1.0,trainval,alpha_refc,35,216,3.622748133578155,3.6164181165676466,0.12720809341861816,0.0998720662105379,0.1618726116845326,0.1310358614609597,0.1169178761919798,0.14622573096689795,28.234832894173312,26.996162744668503,29.636910406534305
eol_composition,quarterly,fixed_total,1.0,trainval,alpha_win,35,216,7.674691074431486,7.666746216204595,0.1657470777848058,0.14179199623082783,0.2664629141651387,0.1976872687641018,0.16307265842798735,0.2423366140801464,28.234832894173312,26.996162744668503,29.636910406534305
eol_composition,quarterly,fixed_total,1.0,trainval,alpha_dr,35,216,6.546316501537541,6.525885399360162,0.3421897948882924,0.2866811799556279,0.41033078380432464,0.3483546843517482,0.31749780442562603,0.3777738855257673,28.234832894173312,26.996162744668503,29.636910406534305
eol_composition,quarterly,fixed_total,1.0,trainval,tau_olds,35,216,7.981694326983857,7.894267446697898,0.9174943228294818,0.8549481693218675,1.02572960635674,0.9366495113599549,0.8893023316266291,0.9896363040052369,28.234832894173312,26.996162744668503,29.636910406534305
eol_composition,quarterly,fixed_total,1.0,trainval,frac_fu_new,35,216,10.070631099396643,9.96834948986458,0.8519878892082278,0.7542192204825826,0.9981514878337927,0.8845592738965902,0.8228005430182594,1.0086207300002703,28.234832894173312,26.996162744668503,29.636910406534305
eol_composition,quarterly,fixed_total,1.0,trainval,frac_fu_out,35,216,1.0497603765651853,1.0390985640255022,0.8519878892082278,0.7542192204825826,0.9981514878337927,0.8845592738965902,0.8228005430182594,1.0086207300002703,28.234832894173312,26.996162744668503,29.636910406534305
eol_composition,quarterly,fixed_total,1.0,trainval,frac_eu_new,35,216,14.516285341889132,14.3517210708104,1.0487804648550592,0.863243375017958,1.2286647287679031,1.0439498338418063,0.9421299725861199,1.1478893634778942,28.234832894173312,26.996162744668503,29.636910406534305
eol_composition,quarterly,fixed_total,1.0,trainval,frac_eu_into,35,216,0.8602595064120777,0.8512259637790384,1.0487804648550592,0.863243375017958,1.2286647287679031,1.0439498338418063,0.9421299725861199,1.1478893634778942,28.234832894173312,26.996162744668503,29.636910406534305
eol_composition,quarterly,fixed_total,1.0,trainval,f_cohort_10yr,35,216,30.720127927962928,10.987100135298197,64.89866256543024,63.88686349823443,66.3516476332754,65.04432867742432,64.32440098695017,65.80052830175754,28.234832894173312,26.996162744668503,29.636910406534305
eol_composition,quarterly,fixed_total,1.0,trainval,f_cohort_20yr,35,216,24.074983304902975,8.623041682060894,64.60692854032905,62.60737024851356,65.88677921989733,64.43982384781154,63.52520613924803,65.30382968853354,28.234832894173312,26.996162744668503,29.636910406534305
eol_composition,quarterly,fixed_total,1.0,trainval,f_cohort_44yr,35,216,17.85308505974213,6.611467846991354,61.226088360093975,60.28227154831801,62.91219137721693,61.57809349643901,60.772615197965756,62.42980214766335,28.234832894173312,26.996162744668503,29.636910406534305
eol_composition,quarterly,fixed_total,2.0,trainval,alpha_cc,35,216,1.8336683649651062,1.8317248971616893,0.0955656829698226,0.08408449247537253,0.13108340326229984,0.1058078032646792,0.09221418813707971,0.11896508244740311,17.30087970013346,16.321195125461138,18.2748864430762
eol_composition,quarterly,fixed_total,2.0,trainval,alpha_refc,35,216,3.622748133578155,3.6184600661572306,0.08453364616528569,0.06807681497489337,0.11923805113092101,0.0918536626902805,0.08023599508018009,0.10352655941534006,17.30087970013346,16.321195125461138,18.2748864430762
eol_composition,quarterly,fixed_total,2.0,trainval,alpha_win,35,216,7.674691074431486,7.669409842780859,0.11315212415058395,0.10440809491699676,0.16562796672970337,0.13180282130164922,0.11020146754860405,0.15048991932831712,17.30087970013346,16.321195125461138,18.2748864430762
eol_composition,quarterly,fixed_total,2.0,trainval,alpha_dr,35,216,6.546316501537541,6.531206356545872,0.27061186354404576,0.22823773384241797,0.3287890661521353,0.2753482935704904,0.2517090427542279,0.29759921335184014,17.30087970013346,16.321195125461138,18.2748864430762
eol_composition,quarterly,fixed_total,2.0,trainval,tau_olds,35,216,7.981694326983857,7.902276873628095,0.8060430010772501,0.7535246499510095,0.9386403709279623,0.827880227231842,0.7863121942391582,0.8775549419837159,17.30087970013346,16.321195125461138,18.2748864430762
eol_composition,quarterly,fixed_total,2.0,trainval,frac_fu_new,35,216,10.070631099396643,9.97479739398862,0.7315774502150929,0.6609921290307186,0.8686535103155646,0.7733303141710168,0.7164886699475237,0.8536441607646272,17.30087970013346,16.321195125461138,18.2748864430762
eol_composition,quarterly,fixed_total,2.0,trainval,frac_fu_out,35,216,1.0497603765651853,1.0397706921368886,0.7315774502150929,0.6609921290307186,0.8686535103155646,0.7733303141710168,0.7164886699475237,0.8536441607646272,17.30087970013346,16.321195125461138,18.2748864430762
eol_composition,quarterly,fixed_total,2.0,trainval,frac_eu_new,35,216,14.516285341889132,14.37747449822585,0.8772133558023532,0.7575200378010183,1.0670467553147767,0.8979551987025658,0.8164963398758218,0.9761264371086598,17.30087970013346,16.321195125461138,18.2748864430762
eol_composition,quarterly,fixed_total,2.0,trainval,frac_eu_into,35,216,0.8602595064120777,0.8527534451148424,0.8772133558023532,0.7575200378010183,1.0670467553147767,0.8979551987025658,0.8164963398758218,0.9761264371086598,17.30087970013346,16.321195125461138,18.2748864430762
eol_composition,quarterly,fixed_total,2.0,trainval,f_cohort_10yr,35,216,30.720127927962928,13.168537352176736,57.25930896139113,55.55685510449615,59.267543709853044,57.27785948139723,56.48156601160631,58.09790767025252,17.30087970013346,16.321195125461138,18.2748864430762
eol_composition,quarterly,fixed_total,2.0,trainval,f_cohort_20yr,35,216,24.074983304902975,10.654933238126718,57.15869686779017,55.29470002055531,58.257909808822504,56.96500751880659,56.08582966747977,57.80965769769513,17.30087970013346,16.321195125461138,18.2748864430762
eol_composition,quarterly,fixed_total,2.0,trainval,f_cohort_44yr,35,216,17.85308505974213,7.935344500080874,54.137777126413276,52.64645783016408,55.569101281820565,54.1022725252996,53.34916962053401,54.87475325767805,17.30087970013346,16.321195125461138,18.2748864430762
eol_composition,quarterly,fixed_total,5.0,trainval,alpha_cc,35,216,1.8336683649651062,1.8324697685262346,0.06239698498223811,0.05317210651847315,0.08022288079406192,0.06647375722040605,0.058978774136819734,0.07596295749294768,7.771190981216074,7.147080549002989,8.281350708139968
eol_composition,quarterly,fixed_total,5.0,trainval,alpha_refc,35,216,3.622748133578155,3.6198419706223772,0.05349590013112859,0.03955812445711193,0.08012723015075052,0.058880725066684514,0.04929677666328791,0.06753805017135073,7.771190981216074,7.147080549002989,8.281350708139968
eol_composition,quarterly,fixed_total,5.0,trainval,alpha_win,35,216,7.674691074431486,7.671356092713992,0.06986323946249762,0.0603657016618131,0.08416118262650762,0.07222028252639456,0.06585505157716276,0.08326873079791408,7.771190981216074,7.147080549002989,8.281350708139968
eol_composition,quarterly,fixed_total,5.0,trainval,alpha_dr,35,216,6.546316501537541,6.534348522114333,0.1865419427394155,0.1688443907253867,0.20532786310824558,0.18700638045413553,0.1747943450185696,0.19842040601786293,7.771190981216074,7.147080549002989,8.281350708139968
eol_composition,quarterly,fixed_total,5.0,trainval,tau_olds,35,216,7.981694326983857,7.9228253847206975,0.6012019969306337,0.5530467077695611,0.6986512222849683,0.6148781294534778,0.5783228774450866,0.6562588845893225,7.771190981216074,7.147080549002989,8.281350708139968
eol_composition,quarterly,fixed_total,5.0,trainval,frac_fu_new,35,216,10.070631099396643,9.99317679290341,0.5588073805491311,0.4750187037050324,0.6399357040137388,0.5719196248896857,0.5300604100484996,0.6248339760279276,7.771190981216074,7.147080549002989,8.281350708139968
eol_composition,quarterly,fixed_total,5.0,trainval,frac_fu_out,35,216,1.0497603765651853,1.0416865566478017,0.5588073805491311,0.4750187037050324,0.6399357040137388,0.5719196248896857,0.5300604100484996,0.6248339760279276,7.771190981216074,7.147080549002989,8.281350708139968
eol_composition,quarterly,fixed_total,5.0,trainval,frac_eu_new,35,216,14.516285341889132,14.408719091503308,0.6616959061207961,0.5688231813008593,0.7870619951083846,0.6685230903009848,0.615387274489676,0.7270169614983613,7.771190981216074,7.147080549002989,8.281350708139968
eol_composition,quarterly,fixed_total,5.0,trainval,frac_eu_into,35,216,0.8602595064120777,0.8546066172113641,0.6616959061207961,0.5688231813008593,0.7870619951083846,0.6685230903009848,0.615387274489676,0.7270169614983613,7.771190981216074,7.147080549002989,8.281350708139968
eol_composition,quarterly,fixed_total,5.0,trainval,f_cohort_10yr,35,216,30.720127927962928,18.20908256938848,41.235332156334415,39.549480881922804,43.86301820010509,41.63378347563422,40.378959106496396,42.805890651320894,7.771190981216074,7.147080549002989,8.281350708139968
eol_composition,quarterly,fixed_total,5.0,trainval,f_cohort_20yr,35,216,24.074983304902975,14.385169933428214,40.38277974406612,37.77441943655525,42.68230410161203,40.39420099494893,39.103126342527545,41.69873037909373,7.771190981216074,7.147080549002989,8.281350708139968
eol_composition,quarterly,fixed_total,5.0,trainval,f_cohort_44yr,35,216,17.85308505974213,10.716960838068141,38.59466523865349,36.71175688964202,40.60070670168585,38.61901767367859,37.62856799188588,39.67987074596016,7.771190981216074,7.147080549002989,8.281350708139968
eol_composition,monthly,per_obs,1.0,trainval,alpha_cc,35,648,1.8336683649651062,1.8283908823424682,0.2640738174784607,0.23968496803420947,0.3202978311585336,0.2710011794281153,0.24941689284930235,0.30365441897302614,59.9561182010064,57.77889495570113,62.25868922241278
eol_composition,monthly,per_obs,1.0,trainval,alpha_refc,35,648,3.622748133578155,3.612382282504077,0.24250952988431607,0.20612957709308377,0.29686965011528343,0.2569972604509724,0.22998929295650616,0.2873932979969851,59.9561182010064,57.77889495570113,62.25868922241278
eol_composition,monthly,per_obs,1.0,trainval,alpha_win,35,648,7.674691074431486,7.658650086232721,0.36368526583712146,0.2779771778554707,0.5655557472968809,0.41327483998720993,0.3317975635732495,0.5285477881606826,59.9561182010064,57.77889495570113,62.25868922241278
eol_composition,monthly,per_obs,1.0,trainval,alpha_dr,35,648,6.546316501537541,6.51266922850835,0.567684462296314,0.4527236640126553,0.6781587421881896,0.5674647950172834,0.5117717623853157,0.6254275596492498,59.9561182010064,57.77889495570113,62.25868922241278
eol_composition,monthly,per_obs,1.0,trainval,tau_olds,35,648,7.981694326983857,7.878674745586864,1.1676258224980307,1.0252806511989176,1.348626272120096,1.1921400673208904,1.1095947516112203,1.288708581380038,59.9561182010064,57.77889495570113,62.25868922241278
eol_composition,monthly,per_obs,1.0,trainval,frac_fu_new,35,648,10.070631099396643,9.953210881261015,1.1060281991018162,0.9854957716506352,1.3050648957537048,1.1653683064776406,1.0647569479132035,1.3257288832627778,59.9561182010064,57.77889495570113,62.25868922241278
eol_composition,monthly,per_obs,1.0,trainval,frac_fu_out,35,648,1.0497603765651853,1.0375205187856855,1.1060281991018162,0.9854957716506352,1.3050648957537048,1.1653683064776406,1.0647569479132035,1.3257288832627778,59.9561182010064,57.77889495570113,62.25868922241278
eol_composition,monthly,per_obs,1.0,trainval,frac_eu_new,35,648,14.516285341889132,14.316878721043265,1.2903204147558522,1.0444981903268424,1.539523672244758,1.2842892621888895,1.1515316696525502,1.4284930149042974,59.9561182010064,57.77889495570113,62.25868922241278
eol_composition,monthly,per_obs,1.0,trainval,frac_eu_into,35,648,0.8602595064120777,0.8491594023809645,1.2903204147558744,1.0444981903268424,1.539523672244758,1.2842892621888895,1.1515316696525502,1.4284930149042974,59.9561182010064,57.77889495570113,62.25868922241278
eol_composition,monthly,per_obs,1.0,trainval,f_cohort_10yr,35,648,30.720127927962928,7.326730529749813,76.46635283631495,75.50041901952606,77.48382777284333,76.44319618758026,75.92815135215446,76.91222912687164,59.9561182010064,57.77889495570113,62.25868922241278
eol_composition,monthly,per_obs,1.0,trainval,f_cohort_20yr,35,648,24.074983304902975,6.22428126299234,74.89281081766659,74.04736580712918,76.06084212870361,74.93000936070118,74.34151388172143,75.5505807260258,59.9561182010064,57.77889495570113,62.25868922241278
eol_composition,monthly,per_obs,1.0,trainval,f_cohort_44yr,35,648,17.85308505974213,4.619519163752847,73.47660858123459,72.2605651564136,74.39582689438942,73.3791228431069,72.91781688925636,73.91704445535095,59.9561182010064,57.77889495570113,62.25868922241278
eol_composition,monthly,per_obs,2.0,trainval,alpha_cc,35,648,1.8336683649651062,1.8300061067574862,0.17897001960974768,0.164978842240604,0.2233939751186076,0.18948683856801762,0.17314842286274557,0.21202757299902397,40.06882954301919,38.45662442120733,41.83176765644184
eol_composition,monthly,per_obs,2.0,trainval,alpha_refc,35,648,3.622748133578155,3.6147522346472347,0.16773709320804242,0.13188913266235502,0.21942620998789408,0.1753645047147978,0.15719483766999942,0.19678348746360874,40.06882954301919,38.45662442120733,41.83176765644184
eol_composition,monthly,per_obs,2.0,trainval,alpha_win,35,648,7.674691074431486,7.66361664401047,0.24163046789278386,0.19948764946007835,0.3697361649473596,0.2761362971602288,0.22648974916688602,0.34861549324600727,40.06882954301919,38.45662442120733,41.83176765644184
eol_composition,monthly,per_obs,2.0,trainval,alpha_dr,35,648,6.546316501537541,6.520938609779778,0.4180746901479071,0.34627983822740904,0.5115159869649333,0.4303395452449593,0.38903446561702193,0.47349000671591535,40.06882954301919,38.45662442120733,41.83176765644184
eol_composition,monthly,per_obs,2.0,trainval,tau_olds,35,648,7.981694326983857,7.889848807920014,1.0360318512156685,0.9314135819046554,1.1413309703187435,1.0385764121367602,0.9780470696463262,1.1057720137729765,40.06882954301919,38.45662442120733,41.83176765644184
eol_composition,monthly,per_obs,2.0,trainval,frac_fu_new,35,648,10.070631099396643,9.962101061176503,0.9710636965072905,0.8524547836301799,1.088596124805019,1.0019766068752711,0.9190202826633631,1.155425500680629,40.06882954301919,38.45662442120733,41.83176765644184
eol_composition,monthly,per_obs,2.0,trainval,frac_fu_out,35,648,1.0497603765651853,1.0384472291898004,0.9710636965072905,0.8524547836301799,1.088596124805019,1.0019766068752711,0.9190202826633631,1.155425500680629,40.06882954301919,38.45662442120733,41.83176765644184
eol_composition,monthly,per_obs,2.0,trainval,frac_eu_new,35,648,14.516285341889132,14.33657477739199,1.1545232588843102,0.9276354974789736,1.370628480387126,1.1503960292108455,1.0272988521548065,1.2685813464990203,40.06882954301919,38.45662442120733,41.83176765644184
eol_composition,monthly,per_obs,2.0,trainval,frac_eu_into,35,648,0.8602595064120777,0.8503276103237869,1.1545232588843102,0.9276354974789736,1.370628480387126,1.1503960292108455,1.0272988521548065,1.2685813464990203,40.06882954301919,38.45662442120733,41.83176765644184
eol_composition,monthly,per_obs,2.0,trainval,f_cohort_10yr,35,648,30.720127927962928,9.314438813686632,70.40392136076309,69.3393767881317,71.55443462189189,70.41962341227473,69.77987549329094,71.04307866097368,40.06882954301919,38.45662442120733,41.83176765644184
eol_composition,monthly,per_obs,2.0,trainval,f_cohort_20yr,35,648,24.074983304902975,7.485150468411892,69.17025409080931,67.8400092866205,70.37806756187308,69.11503978546082,68.34235373410455,69.86009776552959,40.06882954301919,38.45662442120733,41.83176765644184
eol_composition,monthly,per_obs,2.0,trainval,f_cohort_44yr,35,648,17.85308505974213,5.658649109315255,66.91169588632755,65.14781527664425,68.02432933711358,66.88248257335891,66.11348338325712,67.6227574495498,40.06882954301919,38.45662442120733,41.83176765644184
eol_composition,monthly,per_obs,5.0,trainval,alpha_cc,35,648,1.8336683649651062,1.83138118365657,0.11013646372957098,0.09730763403188458,0.15348048524168045,0.12337908538277431,0.10818643681760887,0.138659122651974,21.969953325258388,20.888840756553208,23.15285578179451
eol_composition,monthly,per_obs,5.0,trainval,alpha_refc,35,648,3.622748133578155,3.617584321033125,0.10347551150646783,0.08207161611153979,0.13806844496973558,0.10805474491084321,0.09528999795301307,0.12151772629588886,21.969953325258388,20.888840756553208,23.15285578179451
eol_composition,monthly,per_obs,5.0,trainval,alpha_win,35,648,7.674691074431486,7.668472572711595,0.138627325383478,0.1198367589316629,0.2080353762466458,0.16001995491518595,0.1305214308075342,0.1861757815485643,21.969953325258388,20.888840756553208,23.15285578179451
eol_composition,monthly,per_obs,5.0,trainval,alpha_dr,35,648,6.546316501537541,6.529406406135064,0.305513893295406,0.2535458461209894,0.373548805949786,0.3099138850911787,0.2826517465231604,0.33285176866600374,21.969953325258388,20.888840756553208,23.15285578179451
eol_composition,monthly,per_obs,5.0,trainval,tau_olds,35,648,7.981694326983857,7.8977022416469245,0.8586790932440191,0.7946608369041319,0.9835936654384203,0.8777705655799523,0.8348745875067898,0.9326531799580429,21.969953325258388,20.888840756553208,23.15285578179451
eol_composition,monthly,per_obs,5.0,trainval,frac_fu_new,35,648,10.070631099396643,9.97158737896656,0.7991162141655739,0.718607227656054,0.9396327297617357,0.823957942093892,0.7662337556177623,0.9232988423334532,21.969953325258388,20.888840756553208,23.15285578179451
eol_composition,monthly,per_obs,5.0,trainval,frac_fu_out,35,648,1.0497603765651853,1.0394360808751835,0.7991162141655739,0.718607227656054,0.9396327297617357,0.823957942093892,0.7662337556177623,0.9232988423334532,21.969953325258388,20.888840756553208,23.15285578179451
eol_composition,monthly,per_obs,5.0,trainval,frac_eu_new,35,648,14.516285341889132,14.364817080318494,0.9692600257340089,0.7990713298630492,1.1263527614321145,0.9641413042630553,0.8738789546439307,1.0571246420342795,21.969953325258388,20.888840756553208,23.15285578179451
eol_composition,monthly,per_obs,5.0,trainval,frac_eu_into,35,648,0.8602595064120777,0.8519213548988488,0.9692600257340089,0.7990713298630492,1.1263527614321145,0.9641413042630553,0.8738789546439307,1.0571246420342795,21.969953325258388,20.888840756553208,23.15285578179451
eol_composition,monthly,per_obs,5.0,trainval,f_cohort_10yr,35,648,30.720127927962928,12.250599718711799,60.774214349187375,59.8400565546755,62.731625574050156,61.085303159194055,60.40586595907769,61.934931698772004,21.969953325258388,20.888840756553208,23.15285578179451
eol_composition,monthly,per_obs,5.0,trainval,f_cohort_20yr,35,648,24.074983304902975,9.521545358536928,61.145522310114075,59.244021592413965,62.39526513609136,60.87409125313367,59.934884559832796,61.80248834358831,21.969953325258388,20.888840756553208,23.15285578179451
eol_composition,monthly,per_obs,5.0,trainval,f_cohort_44yr,35,648,17.85308505974213,7.300383431424222,57.67276022785437,56.423420395910185,58.99573060233885,57.87355885764622,57.054519919065584,58.62421515375381,21.969953325258388,20.888840756553208,23.15285578179451
eol_composition,monthly,fixed_total,1.0,trainval,alpha_cc,35,648,1.8336683649651062,1.8308745841066298,0.1339961541556578,0.11713931156000501,0.17484733201276748,0.14582884442800592,0.13059689127495333,0.16622630908895708,28.248551492178727,27.008246561480952,29.652062275395377
eol_composition,monthly,fixed_total,1.0,trainval,alpha_refc,35,648,3.622748133578155,3.6164107014529994,0.12735608506293516,0.1000047005272453,0.16201979253698262,0.13123607653028335,0.1170596583093153,0.1464286906126655,28.248551492178727,27.008246561480952,29.652062275395377
eol_composition,monthly,fixed_total,1.0,trainval,alpha_win,35,648,7.674691074431486,7.666736862498673,0.16584950969507073,0.1420231686918405,0.26681971775653346,0.19792317115511215,0.1632962252153758,0.24257808195140007,28.248551492178727,27.008246561480952,29.652062275395377
eol_composition,monthly,fixed_total,1.0,trainval,alpha_dr,35,648,6.546316501537541,6.525877005421291,0.34237498272957634,0.2868377928180288,0.41065439359842526,0.3486006444164108,0.3176404148562906,0.3780104894448022,28.248551492178727,27.008246561480952,29.652062275395377
eol_composition,monthly,fixed_total,1.0,trainval,tau_olds,35,648,7.981694326983857,7.894257325078072,0.9176233042638593,0.8551603129168472,1.0258523004792741,0.9369251651431432,0.8896063447315528,0.9899757907257722,28.248551492178727,27.008246561480952,29.652062275395377
eol_composition,monthly,fixed_total,1.0,trainval,frac_fu_new,35,648,10.070631099396643,9.96833771160628,0.8521821593731049,0.7543998399333063,0.9983749241312512,0.8847811793755572,0.822908734862654,1.0090747351335694,28.248551492178727,27.008246561480952,29.652062275395377
eol_composition,monthly,fixed_total,1.0,trainval,frac_fu_out,35,648,1.0497603765651853,1.0390973362624405,0.8521821593731049,0.7543998399333063,0.9983749241312512,0.8847811793755572,0.822908734862654,1.0090747351335694,28.248551492178727,27.008246561480952,29.652062275395377
eol_composition,monthly,fixed_total,1.0,trainval,frac_eu_new,35,648,14.516285341889132,14.35168639445712,1.0490391251381292,0.8635495007580929,1.2291048343867017,1.044135956337719,0.9422707161663713,1.1481244985470596,28.248551492178727,27.008246561480952,29.652062275395377
eol_composition,monthly,fixed_total,1.0,trainval,frac_eu_into,35,648,0.8602595064120777,0.8512239070631855,1.0490391251381292,0.8635495007580929,1.2291048343867017,1.044135956337719,0.9422707161663713,1.1481244985470596,28.248551492178727,27.008246561480952,29.652062275395377
eol_composition,monthly,fixed_total,1.0,trainval,f_cohort_10yr,35,648,30.720127927962928,10.983032529115631,64.9257582065004,63.90448283854223,66.37049359321509,65.05815290738094,64.34166367330533,65.81453116840905,28.248551492178727,27.008246561480952,29.652062275395377
eol_composition,monthly,fixed_total,1.0,trainval,f_cohort_20yr,35,648,24.074983304902975,8.62078955945848,64.61493874754389,62.61903382266707,65.8923325553288,64.4482377345397,63.53360765557319,65.31066567363831,28.248551492178727,27.008246561480952,29.652062275395377
eol_composition,monthly,fixed_total,1.0,trainval,f_cohort_44yr,35,648,17.85308505974213,6.60922137688364,61.23946565419659,60.29349223184196,62.923424058547894,61.58911642122621,60.782822903399364,62.442532414350424,28.248551492178727,27.008246561480952,29.652062275395377
eol_composition,monthly,fixed_total,2.0,trainval,alpha_cc,35,648,1.8336683649651062,1.8317237016098824,0.09559279082103078,0.08413244617875293,0.13116933474101033,0.10587530357391295,0.09226061332937574,0.11908580087454101,17.306268474201275,16.32619137359275,18.28136598723696
eol_composition,monthly,fixed_total,2.0,trainval,alpha_refc,35,648,3.622748133578155,3.6184579725535935,0.08461632461758128,0.06812944979483482,0.11928287881483035,0.09191362578047091,0.0802781612167236,0.10358185878030501,17.306268474201275,16.32619137359275,18.28136598723696
eol_composition,monthly,fixed_total,2.0,trainval,alpha_win,35,648,7.674691074431486,7.6694073618524135,0.1131830531793998,0.1044576301604705,0.16574178673769424,0.13189823632233644,0.11027816751177366,0.15061065718874334,17.306268474201275,16.32619137359275,18.28136598723696
eol_composition,monthly,fixed_total,2.0,trainval,alpha_dr,35,648,6.546316501537541,6.5312019130003645,0.2706875358843508,0.22831956463156278,0.32897669860572076,0.2754302379840312,0.2517830377730679,0.2977037044322006,17.306268474201275,16.32619137359275,18.28136598723696
eol_composition,monthly,fixed_total,2.0,trainval,tau_olds,35,648,7.981694326983857,7.902271054711434,0.8061548580428735,0.7536711004289876,0.9387296907905185,0.827945003308922,0.7864153591743306,0.877691900775246,17.306268474201275,16.32619137359275,18.28136598723696
eol_composition,monthly,fixed_total,2.0,trainval,frac_fu_new,35,648,10.070631099396643,9.974792317575432,0.7317357256837465,0.6611709670763966,0.8687966676698355,0.7734427353763895,0.7165736307949144,0.8537011493932545,17.306268474201275,16.32619137359275,18.28136598723696
eol_composition,monthly,fixed_total,2.0,trainval,frac_fu_out,35,648,1.0497603765651853,1.0397701629726916,0.7317357256837465,0.6611709670763966,0.8687966676698355,0.7734427353763895,0.7165736307949144,0.8537011493932545,17.306268474201275,16.32619137359275,18.28136598723696
eol_composition,monthly,fixed_total,2.0,trainval,frac_eu_new,35,648,14.516285341889132,14.377449675982202,0.8774187706356185,0.7575737551204387,1.0672289781934852,0.8980371020123362,0.8165765900269184,0.9762938434437374,17.306268474201275,16.32619137359275,18.28136598723696
eol_composition,monthly,fixed_total,2.0,trainval,frac_eu_into,35,648,0.8602595064120777,0.8527519728636631,0.8774187706356185,0.7575737551204387,1.0672289781934852,0.8980371020123362,0.8165765900269184,0.9762938434437374,17.306268474201275,16.32619137359275,18.28136598723696
eol_composition,monthly,fixed_total,2.0,trainval,f_cohort_10yr,35,648,30.720127927962928,13.166034681741442,57.26570743061696,55.564971147193674,59.27468681592042,57.28426467196971,56.48896809540685,58.106051474196974,17.306268474201275,16.32619137359275,18.28136598723696
eol_composition,monthly,fixed_total,2.0,trainval,f_cohort_20yr,35,648,24.074983304902975,10.652908439850863,57.16220878501195,55.30177131257524,58.26316596128881,56.97010688392517,56.09197387929274,57.81553550474263,17.306268474201275,16.32619137359275,18.28136598723696
eol_composition,monthly,fixed_total,2.0,trainval,f_cohort_44yr,35,648,17.85308505974213,7.93450473346466,54.14391869273699,52.652691562886204,55.576162786231535,54.109087072855715,53.35732275726218,54.88115829854858,17.306268474201275,16.32619137359275,18.28136598723696
eol_composition,monthly,fixed_total,5.0,trainval,alpha_cc,35,648,1.8336683649651062,1.8324694705884765,0.06240426198380611,0.05319084107384686,0.08023735620309447,0.06648812612904953,0.05898775725823313,0.07598906248699744,7.772538036916114,7.1481696483727575,8.282771585349083
eol_composition,monthly,fixed_total,5.0,trainval,alpha_refc,35,648,3.622748133578155,3.6198407655467224,0.05351079193984809,0.039569058066890594,0.08015161954184613,0.05890422923284511,0.04930673979555156,0.06756543179952668,7.772538036916114,7.1481696483727575,8.282771585349083
eol_composition,monthly,fixed_total,5.0,trainval,alpha_win,35,648,7.674691074431486,7.6713552804486,0.06987183798259355,0.06039217238286154,0.08420076094655671,0.07224516410767601,0.06587341620903353,0.08330023574860679,7.772538036916114,7.1481696483727575,8.282771585349083
eol_composition,monthly,fixed_total,5.0,trainval,alpha_dr,35,648,6.546316501537541,6.534347808392329,0.1865639602744107,0.16886475209952345,0.20536047893811027,0.18703499654934286,0.17482487549563275,0.198436010048042,7.772538036916114,7.1481696483727575,8.282771585349083
eol_composition,monthly,fixed_total,5.0,trainval,tau_olds,35,648,7.981694326983857,7.922822407437284,0.6012398160530896,0.5530878059166577,0.6986785410883878,0.6149105328758564,0.5783735334260964,0.6562925783839435,7.772538036916114,7.1481696483727575,8.282771585349083
eol_composition,monthly,fixed_total,5.0,trainval,frac_fu_new,35,648,10.070631099396643,9.993174404595417,0.5588425025805921,0.4750866190992742,0.6399806829129384,0.5719869057043553,0.5300920637654305,0.624888802793111,7.772538036916114,7.1481696483727575,8.282771585349083
eol_composition,monthly,fixed_total,5.0,trainval,frac_fu_out,35,648,1.0497603765651853,1.0416863076911003,0.5588425025805921,0.4750866190992742,0.6399806829129384,0.5719869057043553,0.5300920637654305,0.624888802793111,7.772538036916114,7.1481696483727575,8.282771585349083
eol_composition,monthly,fixed_total,5.0,trainval,frac_eu_new,35,648,14.516285341889132,14.408711235911207,0.6617484819677388,0.568853469348074,0.7871251191282902,0.6685719224558323,0.6154147533444065,0.7270776938134049,7.772538036916114,7.1481696483727575,8.282771585349083
eol_composition,monthly,fixed_total,5.0,trainval,frac_eu_into,35,648,0.8602595064120777,0.8546061512823007,0.6617484819677388,0.568853469348074,0.7871251191282902,0.6685719224558323,0.6154147533444065,0.7270776938134049,7.772538036916114,7.1481696483727575,8.282771585349083
eol_composition,monthly,fixed_total,5.0,trainval,f_cohort_10yr,35,648,30.720127927962928,18.208233525376098,41.238450421992034,39.552331442295056,43.866619960239994,41.636618334757394,40.382379580415204,42.80889759479963,7.772538036916114,7.1481696483727575,8.282771585349083
eol_composition,monthly,fixed_total,5.0,trainval,f_cohort_20yr,35,648,24.074983304902975,14.384635475220666,40.38508593623642,37.77692560791232,42.68443592623906,40.39626089303337,39.10473121948995,41.70018763761604,7.772538036916114,7.1481696483727575,8.282771585349083
eol_composition,monthly,fixed_total,5.0,trainval,f_cohort_44yr,35,648,17.85308505974213,10.716606243631544,38.59870707339926,36.71409334217271,40.603242690956904,38.62249929856468,37.63190539330493,39.68248775518691,7.772538036916114,7.1481696483727575,8.282771585349083
all_stocks,annual,per_obs,1.0,trainval,alpha_cc,35,108,1.8336683649651062,1.6898303048679175,8.020798474213953,7.1910987840347556,8.573070188670274,7.930425947737288,7.558416279308394,8.298980793139727,24.402859497577587,22.893585633346746,27.07990131338342
all_stocks,annual,per_obs,1.0,trainval,alpha_refc,35,108,3.622748133578155,3.233610353606551,9.871379142030534,8.999016473182959,10.642302948056665,9.773531146748997,9.33038006522714,10.223430738714601,24.402859497577587,22.893585633346746,27.07990131338342
all_stocks,annual,per_obs,1.0,trainval,alpha_win,35,108,7.674691074431486,7.659247496688036,0.29985984024956114,0.21836141973460288,0.3445456332553387,0.2984176383168752,0.2602255633164574,0.3465705999143365,24.402859497577587,22.893585633346746,27.07990131338342
all_stocks,annual,per_obs,1.0,trainval,alpha_dr,35,108,6.546316501537541,6.420252954617397,2.372049505492968,2.062747953137661,2.7352386244612004,2.4034738922773995,2.246812388850045,2.5497369494889845,24.402859497577587,22.893585633346746,27.07990131338342
all_stocks,annual,per_obs,1.0,trainval,tau_olds,35,108,7.981694326983857,7.789343908511136,2.323476428081017,2.063322305661641,2.5977374072795714,2.339183587186666,2.200600590087365,2.469662230158187,24.402859497577587,22.893585633346746,27.07990131338342
all_stocks,annual,per_obs,1.0,trainval,frac_fu_new,35,108,10.070631099396643,9.95196816007187,1.084320919318582,1.0073608077615426,1.2572381217647033,1.134482316406632,1.0582952055808004,1.2076155320834392,24.402859497577587,22.893585633346746,27.07990131338342
all_stocks,annual,per_obs,1.0,trainval,frac_fu_out,35,108,1.0497603765651853,1.03739097780155,1.084320919318582,1.0073608077615426,1.2572381217647033,1.134482316406632,1.0582952055808004,1.2076155320834392,24.402859497577587,22.893585633346746,27.07990131338342
all_stocks,annual,per_obs,1.0,trainval,frac_eu_new,35,108,14.516285341889132,14.432214927578734,0.6724935252327202,0.5554265543412429,0.7491923398628364,0.6634444763703257,0.6030685181104112,0.7129630818561994,24.402859497577587,22.893585633346746,27.07990131338342
all_stocks,annual,per_obs,1.0,trainval,frac_eu_into,35,108,0.8602595064120777,0.8553614406230975,0.6724935252327202,0.5554265543412429,0.7491923398628364,0.6634444763703257,0.6030685181104112,0.7129630818561994,24.402859497577587,22.893585633346746,27.07990131338342
all_stocks,annual,per_obs,1.0,trainval,f_cohort_10yr,35,108,30.720127927962928,26.764465366774562,14.76750990885034,10.037582279782232,16.061027178960387,13.63767833926041,12.090068818854256,15.181838962160842,24.402859497577587,22.893585633346746,27.07990131338342
all_stocks,annual,per_obs,1.0,trainval,f_cohort_20yr,35,108,24.074983304902975,22.2431354600742,6.534407078038374,4.303972606081297,9.967656146390214,6.976505367654241,5.677672712820625,8.178943544216544,24.402859497577587,22.893585633346746,27.07990131338342
all_stocks,annual,per_obs,1.0,trainval,f_cohort_44yr,35,108,17.85308505974213,14.05416867144082,21.472773933605783,19.013206546031455,23.556165164829558,21.370436284180293,20.39475422265709,22.596022583525297,24.402859497577587,22.893585633346746,27.07990131338342
all_stocks,annual,fixed_total,1.0,trainval,alpha_cc,35,108,1.8336683649651062,1.6898303048679175,8.020798474213953,7.1910987840347556,8.573070188670274,7.930425947737288,7.558416279308394,8.298980793139727,24.402859497577587,22.893585633346746,27.07990131338342
all_stocks,annual,fixed_total,1.0,trainval,alpha_refc,35,108,3.622748133578155,3.233610353606551,9.871379142030534,8.999016473182959,10.642302948056665,9.773531146748997,9.33038006522714,10.223430738714601,24.402859497577587,22.893585633346746,27.07990131338342
all_stocks,annual,fixed_total,1.0,trainval,alpha_win,35,108,7.674691074431486,7.659247496688036,0.29985984024956114,0.21836141973460288,0.3445456332553387,0.2984176383168752,0.2602255633164574,0.3465705999143365,24.402859497577587,22.893585633346746,27.07990131338342
all_stocks,annual,fixed_total,1.0,trainval,alpha_dr,35,108,6.546316501537541,6.420252954617397,2.372049505492968,2.062747953137661,2.7352386244612004,2.4034738922773995,2.246812388850045,2.5497369494889845,24.402859497577587,22.893585633346746,27.07990131338342
all_stocks,annual,fixed_total,1.0,trainval,tau_olds,35,108,7.981694326983857,7.789343908511136,2.323476428081017,2.063322305661641,2.5977374072795714,2.339183587186666,2.200600590087365,2.469662230158187,24.402859497577587,22.893585633346746,27.07990131338342
all_stocks,annual,fixed_total,1.0,trainval,frac_fu_new,35,108,10.070631099396643,9.95196816007187,1.084320919318582,1.0073608077615426,1.2572381217647033,1.134482316406632,1.0582952055808004,1.2076155320834392,24.402859497577587,22.893585633346746,27.07990131338342
all_stocks,annual,fixed_total,1.0,trainval,frac_fu_out,35,108,1.0497603765651853,1.03739097780155,1.084320919318582,1.0073608077615426,1.2572381217647033,1.134482316406632,1.0582952055808004,1.2076155320834392,24.402859497577587,22.893585633346746,27.07990131338342
all_stocks,annual,fixed_total,1.0,trainval,frac_eu_new,35,108,14.516285341889132,14.432214927578734,0.6724935252327202,0.5554265543412429,0.7491923398628364,0.6634444763703257,0.6030685181104112,0.7129630818561994,24.402859497577587,22.893585633346746,27.07990131338342
all_stocks,annual,fixed_total,1.0,trainval,frac_eu_into,35,108,0.8602595064120777,0.8553614406230975,0.6724935252327202,0.5554265543412429,0.7491923398628364,0.6634444763703257,0.6030685181104112,0.7129630818561994,24.402859497577587,22.893585633346746,27.07990131338342
all_stocks,annual,fixed_total,1.0,trainval,f_cohort_10yr,35,108,30.720127927962928,26.764465366774562,14.76750990885034,10.037582279782232,16.061027178960387,13.63767833926041,12.090068818854256,15.181838962160842,24.402859497577587,22.893585633346746,27.07990131338342
all_stocks,annual,fixed_total,1.0,trainval,f_cohort_20yr,35,108,24.074983304902975,22.2431354600742,6.534407078038374,4.303972606081297,9.967656146390214,6.976505367654241,5.677672712820625,8.178943544216544,24.402859497577587,22.893585633346746,27.07990131338342
all_stocks,annual,fixed_total,1.0,trainval,f_cohort_44yr,35,108,17.85308505974213,14.05416867144082,21.472773933605783,19.013206546031455,23.556165164829558,21.370436284180293,20.39475422265709,22.596022583525297,24.402859497577587,22.893585633346746,27.07990131338342
all_stocks,quarterly,per_obs,1.0,trainval,alpha_cc,35,432,1.8336683649651062,1.406258803101675,23.77367980748204,22.161127071284803,25.278790020873707,23.740465602743882,22.89998524741211,24.55544364518023,62.97968436485433,60.7002442131307,69.91147527604929
all_stocks,quarterly,per_obs,1.0,trainval,alpha_refc,35,432,3.622748133578155,2.692127536045911,25.814041546924436,23.946224444773723,26.84004160053093,25.482981762003988,24.744805124948087,26.237119365359632,62.97968436485433,60.7002442131307,69.91147527604929
all_stocks,quarterly,per_obs,1.0,trainval,alpha_win,35,432,7.674691074431486,7.633870327171624,0.7740922250220938,0.5890656087897295,0.9337318347653945,0.7687790233303265,0.6782877797917364,0.8872247736494754,62.97968436485433,60.7002442131307,69.91147527604929
all_stocks,quarterly,per_obs,1.0,trainval,alpha_dr,35,432,6.546316501537541,6.186732578193223,5.8157171957547105,5.278997426054688,7.005911509528511,6.115311012656541,5.633124483742618,6.443874135292593,62.97968436485433,60.7002442131307,69.91147527604929
all_stocks,quarterly,per_obs,1.0,trainval,tau_olds,35,432,7.981694326983857,7.566731678329157,5.201215488131461,4.640760842447733,5.66670619836509,5.154312801839486,4.915489789020489,5.421880299200938,62.97968436485433,60.7002442131307,69.91147527604929
all_stocks,quarterly,per_obs,1.0,trainval,frac_fu_new,35,432,10.070631099396643,9.834760943068156,2.3285955968674887,2.152631955613171,2.638155396420827,2.3897299690537888,2.2300242789644154,2.574330131151825,62.97968436485433,60.7002442131307,69.91147527604929
all_stocks,quarterly,per_obs,1.0,trainval,frac_fu_out,35,432,1.0497603765651853,1.0251733232133138,2.3285955968674887,2.152631955613171,2.638155396420827,2.3897299690537888,2.2300242789644154,2.574330131151825,62.97968436485433,60.7002442131307,69.91147527604929
all_stocks,quarterly,per_obs,1.0,trainval,frac_eu_new,35,432,14.516285341889132,14.327992317123613,1.358065170963263,1.1277555901140157,1.5203651716428568,1.3325071013817884,1.222013670363964,1.4306647581195986,62.97968436485433,60.7002442131307,69.91147527604929
all_stocks,quarterly,per_obs,1.0,trainval,frac_eu_into,35,432,0.8602595064120777,0.8498185694235701,1.358065170963263,1.1277555901140157,1.5203651716428568,1.3325071013817884,1.222013670363964,1.4306647581195986,62.97968436485433,60.7002442131307,69.91147527604929
all_stocks,quarterly,per_obs,1.0,trainval,f_cohort_10yr,35,432,30.720127927962928,25.904920476759,17.08692212225421,12.306598648458822,18.988676811623783,16.432323876236037,14.61087023781249,17.99211819245889,62.97968436485433,60.7002442131307,69.91147527604929
all_stocks,quarterly,per_obs,1.0,trainval,f_cohort_20yr,35,432,24.074983304902975,21.947041696793463,8.34568227227468,5.680274097551097,12.084868394836418,8.699802644529997,7.392936560505714,10.21880470872184,62.97968436485433,60.7002442131307,69.91147527604929
all_stocks,quarterly,per_obs,1.0,trainval,f_cohort_44yr,35,432,17.85308505974213,13.468045117376843,25.895038392133717,23.209364846797257,27.986379229786927,25.696308279952365,24.52544757520207,27.043022295536023,62.97968436485433,60.7002442131307,69.91147527604929
all_stocks,quarterly,fixed_total,1.0,trainval,alpha_cc,35,432,1.8336683649651062,1.6806447032960823,8.457373776383381,7.672452085602011,9.1945949642103,8.459670997620368,8.07259223007279,8.855257475255874,23.87229006596779,22.59726131782166,26.775404885297
all_stocks,quarterly,fixed_total,1.0,trainval,alpha_refc,35,432,3.622748133578155,3.246451673069843,9.645295882683701,8.771283219902259,10.225160253196252,9.5456239051267,9.143645650411768,9.958109291293365,23.87229006596779,22.59726131782166,26.775404885297
all_stocks,quarterly,fixed_total,1.0,trainval,alpha_win,35,432,7.674691074431486,7.658639906261954,0.3328839916047155,0.247493953882455,0.39691732589972606,0.33805134145371285,0.2913928048908443,0.3940363142089398,23.87229006596779,22.59726131782166,26.775404885297
all_stocks,quarterly,fixed_total,1.0,trainval,alpha_dr,35,432,6.546316501537541,6.40174419787184,2.522751180043681,2.2828856619333426,3.0410480258029726,2.683446384063018,2.439466687725267,2.8458055110283045,23.87229006596779,22.59726131782166,26.775404885297
all_stocks,quarterly,fixed_total,1.0,trainval,tau_olds,35,432,7.981694326983857,7.783317027529286,2.3706945494899934,2.126222856158455,2.6269683134254596,2.3786963379209465,2.2510066807888975,2.505632561051807,23.87229006596779,22.59726131782166,26.775404885297
all_stocks,quarterly,fixed_total,1.0,trainval,frac_fu_new,35,432,10.070631099396643,9.94727322804248,1.1629964937279524,1.0839492315885546,1.3427183009934007,1.2004076072526793,1.1237069932227617,1.2985630017363026,23.87229006596779,22.59726131782166,26.775404885297
all_stocks,quarterly,fixed_total,1.0,trainval,frac_fu_out,35,432,1.0497603765651853,1.0369015791167528,1.1629964937279524,1.0839492315885546,1.3427183009934007,1.2004076072526793,1.1237069932227617,1.2985630017363026,23.87229006596779,22.59726131782166,26.775404885297
all_stocks,quarterly,fixed_total,1.0,trainval,frac_eu_new,35,432,14.516285341889132,14.427490528186796,0.699619564997267,0.5307369223287728,0.7865348400434014,0.6776046199194058,0.6193019496351482,0.7405817384959601,23.87229006596779,22.59726131782166,26.775404885297
all_stocks,quarterly,fixed_total,1.0,trainval,frac_eu_into,35,432,0.8602595064120777,0.8555374062860656,0.699619564997267,0.5307369223287728,0.7865348400434014,0.6776046199194058,0.6193019496351482,0.7405817384959601,23.87229006596779,22.59726131782166,26.775404885297
all_stocks,quarterly,fixed_total,1.0,trainval,f_cohort_10yr,35,432,30.720127927962928,26.799108721596305,14.468025755326808,10.089384624670107,16.046137719017366,13.459513872191785,11.950050222390708,15.013393488138533,23.87229006596779,22.59726131782166,26.775404885297
all_stocks,quarterly,fixed_total,1.0,trainval,f_cohort_20yr,35,432,24.074983304902975,22.231679051356068,6.36503157955689,4.355189607789189,9.793167852865782,6.874353950651355,5.6443838570829685,8.069293139438223,23.87229006596779,22.59726131782166,26.775404885297
all_stocks,quarterly,fixed_total,1.0,trainval,f_cohort_44yr,35,432,17.85308505974213,14.090270226713749,20.837031154577033,18.911154400798825,23.1219141045247,20.99782288378995,19.957591574027106,22.09010112177282,23.87229006596779,22.59726131782166,26.775404885297
all_stocks,monthly,per_obs,1.0,trainval,alpha_cc,35,1296,1.8336683649651062,1.0754194153113186,41.748757513090354,39.78371379535285,43.53680447191417,41.76210066831368,40.77789572386418,42.67933742656639,117.38348397267328,113.68033904077765,128.18575198463532
all_stocks,monthly,per_obs,1.0,trainval,alpha_refc,35,1296,3.622748133578155,2.0588649306761035,42.96634549841808,40.832293384279936,44.35827016921364,42.70720826200611,41.82304981701334,43.56212718990095,117.38348397267328,113.68033904077765,128.18575198463532
all_stocks,monthly,per_obs,1.0,trainval,alpha_win,35,1296,7.674691074431486,7.60171249515273,1.1957731245317516,0.9940274425301543,1.483533938181858,1.2199895352289132,1.0906313887317942,1.3780593707050648,117.38348397267328,113.68033904077765,128.18575198463532
all_stocks,monthly,per_obs,1.0,trainval,alpha_dr,35,1296,6.546316501537541,5.9803303504401,8.980627577925503,7.996486890186494,10.512689869890679,9.274840191578765,8.7719447204542,9.776833349293645,117.38348397267328,113.68033904077765,128.18575198463532
all_stocks,monthly,per_obs,1.0,trainval,tau_olds,35,1296,7.981694326983857,7.269402850789705,8.709981800782629,8.03215317428918,9.807589150622569,8.794535896776978,8.409417114492312,9.16074707767051,117.38348397267328,113.68033904077765,128.18575198463532
all_stocks,monthly,per_obs,1.0,trainval,frac_fu_new,35,1296,10.070631099396643,9.735567028965724,3.3271407434534495,3.0875245906474946,3.718935736450768,3.3957247523541874,3.2064159704163764,3.6502306759025664,117.38348397267328,113.68033904077765,128.18575198463532
all_stocks,monthly,per_obs,1.0,trainval,frac_fu_out,35,1296,1.0497603765651853,1.0148333713678546,3.3271407434534495,3.0875245906474946,3.718935736450768,3.3957247523541874,3.2064159704163764,3.6502306759025664,117.38348397267328,113.68033904077765,128.18575198463532
all_stocks,monthly,per_obs,1.0,trainval,frac_eu_new,35,1296,14.516285341889132,14.217695174393429,2.017202115017813,1.6310771785876033,2.155555165723383,1.9645983858050138,1.7963372074808914,2.0777507402604756,117.38348397267328,113.68033904077765,128.18575198463532
all_stocks,monthly,per_obs,1.0,trainval,frac_eu_into,35,1296,0.8602595064120777,0.8432766507812458,2.017202115017813,1.6310771785876033,2.155555165723383,1.9645983858050138,1.7963372074808914,2.0777507402604867,117.38348397267328,113.68033904077765,128.18575198463532
all_stocks,monthly,per_obs,1.0,trainval,f_cohort_10yr,35,1296,30.720127927962928,25.316750693289414,18.741918170329786,14.120831489862677,20.97712639898058,18.205761654246402,16.309540527228556,19.724803565812586,117.38348397267328,113.68033904077765,128.18575198463532
all_stocks,monthly,per_obs,1.0,trainval,f_cohort_20yr,35,1296,24.074983304902975,21.679544826161663,9.548131179469355,6.986587144106116,13.914824962597832,10.161758161804602,8.762855511413449,11.895731292015816,117.38348397267328,113.68033904077765,128.18575198463532
all_stocks,monthly,per_obs,1.0,trainval,f_cohort_44yr,35,1296,17.85308505974213,13.121471208879598,27.81292659867348,25.682750170265056,30.29501912098788,28.053432564017097,26.80729808545866,29.42233173951928,117.38348397267328,113.68033904077765,128.18575198463532
all_stocks,monthly,fixed_total,1.0,trainval,alpha_cc,35,1296,1.8336683649651062,1.6806362251842433,8.462454872045399,7.677495090736502,9.187971232832082,8.462492916955547,8.074277713443534,8.856001319655771,23.701985389967376,22.44395535043168,26.589902638370404
all_stocks,monthly,fixed_total,1.0,trainval,alpha_refc,35,1296,3.622748133578155,3.2536770208028636,9.518797431214365,8.752310503299505,10.17923776229079,9.442206675191922,9.037581014822566,9.836675682037432,23.701985389967376,22.44395535043168,26.589902638370404
all_stocks,monthly,fixed_total,1.0,trainval,alpha_win,35,1296,7.674691074431486,7.658627825100893,0.32679527572413436,0.2473772764360782,0.3959608720339125,0.3359145212173176,0.287702975153431,0.3911517899819139,23.701985389967376,22.44395535043168,26.589902638370404
all_stocks,monthly,fixed_total,1.0,trainval,alpha_dr,35,1296,6.546316501537541,6.401822693698388,2.523312797831734,2.281417715996298,3.0244906218386216,2.6539744120815114,2.419514527183292,2.823966033828679,23.701985389967376,22.44395535043168,26.589902638370404
all_stocks,monthly,fixed_total,1.0,trainval,tau_olds,35,1296,7.981694326983857,7.783373233639,2.361598658545272,2.117415037162862,2.6021937742216448,2.3660548524642526,2.2403287108493486,2.50082124741956,23.701985389967376,22.44395535043168,26.589902638370404
all_stocks,monthly,fixed_total,1.0,trainval,frac_fu_new,35,1296,10.070631099396643,9.947589927446037,1.1452831317381618,1.0611750040896095,1.3384303168968381,1.1907661826331517,1.1118964809008092,1.2911925403145008,23.701985389967376,22.44395535043168,26.589902638370404
all_stocks,monthly,fixed_total,1.0,trainval,frac_fu_out,35,1296,1.0497603765651853,1.036934591793104,1.1452831317381618,1.0611750040896095,1.3384303168968381,1.1907661826331517,1.1118964809008092,1.2911925403145008,23.701985389967376,22.44395535043168,26.589902638370404
all_stocks,monthly,fixed_total,1.0,trainval,frac_eu_new,35,1296,14.516285341889132,14.427440252665104,0.6963534609291999,0.5242086198177898,0.7815194678424509,0.671655381131353,0.6133137626758267,0.7353085819477578,23.701985389967376,22.44395535043168,26.589902638370404
all_stocks,monthly,fixed_total,1.0,trainval,frac_eu_into,35,1296,0.8602595064120777,0.8555849080207127,0.6963534609291999,0.5242086198177898,0.7815194678424509,0.671655381131353,0.6133137626758267,0.7353085819477578,23.701985389967376,22.44395535043168,26.589902638370404
all_stocks,monthly,fixed_total,1.0,trainval,f_cohort_10yr,35,1296,30.720127927962928,26.821668252394993,14.35019125093846,10.080345763700034,16.01716551141007,13.399290883768295,11.899775786651013,14.941975190658198,23.701985389967376,22.44395535043168,26.589902638370404
all_stocks,monthly,fixed_total,1.0,trainval,f_cohort_20yr,35,1296,24.074983304902975,22.234169435436083,6.311563786803831,4.3448109821954075,9.743870640290332,6.833035123982201,5.626874264393672,8.016238443523433,23.701985389967376,22.44395535043168,26.589902638370404
all_stocks,monthly,fixed_total,1.0,trainval,f_cohort_44yr,35,1296,17.85308505974213,14.120777567076614,20.66149967892601,18.812308526819333,22.96854451598975,20.88718498608724,19.85131346008808,21.947024193971608,23.701985389967376,22.44395535043168,26.589902638370404
all_flows,annual,per_obs,1.0,trainval,alpha_cc,35,189,1.8336683649651062,1.5533449619911013,15.7577101577834,14.342101651260968,16.75594393112988,15.634961363608813,15.059591106519598,16.270966890589644,42.39066358516585,39.74939617714041,47.38611712443743
all_flows,annual,per_obs,1.0,trainval,alpha_refc,35,189,3.622748133578155,3.2514171132987073,8.848076209663013,8.19665609681116,9.80279890835904,9.016709961449475,8.591123836903447,9.471239518657981,42.39066358516585,39.74939617714041,47.38611712443743
all_flows,annual,per_obs,1.0,trainval,alpha_win,35,189,7.674691074431486,5.072120325683185,34.263333087787565,32.74643937244343,35.68159003389978,34.241303222343504,33.4313340818103,34.94274148027644,42.39066358516585,39.74939617714041,47.38611712443743
all_flows,annual,per_obs,1.0,trainval,alpha_dr,35,189,6.546316501537541,5.561234516989101,16.046759127792754,14.708131938872427,16.9290448949398,15.888152345104958,15.352868035422201,16.505133258570126,42.39066358516585,39.74939617714041,47.38611712443743
all_flows,annual,per_obs,1.0,trainval,tau_olds,35,189,7.981694326983857,6.338648117079481,20.574188448277297,19.602929627086866,21.99875061025636,20.666157851956726,20.020467612688396,21.30624834974818,42.39066358516585,39.74939617714041,47.38611712443743
all_flows,annual,per_obs,1.0,trainval,frac_fu_new,35,189,10.070631099396643,9.242889366027248,7.38096419906078,6.749928320089349,7.986747049151456,7.371638439807149,7.058541535845886,7.6827912403228495,42.39066358516585,39.74939617714041,47.38611712443743
all_flows,annual,per_obs,1.0,trainval,frac_fu_out,35,189,1.0497603765651853,0.9667009273122469,7.38096419906078,6.749928320089349,7.986747049151456,7.371638439807149,7.058541535845886,7.6827912403228495,42.39066358516585,39.74939617714041,47.38611712443743
all_flows,annual,per_obs,1.0,trainval,frac_eu_new,35,189,14.516285341889132,13.7488513543083,4.989360265723031,4.491557535957192,5.278889375188611,4.895695130388036,4.63251575840763,5.122324251561383,42.39066358516585,39.74939617714041,47.38611712443743
all_flows,annual,per_obs,1.0,trainval,frac_eu_into,35,189,0.8602595064120777,0.8111345328116017,4.989360265723031,4.491557535957192,5.278889375188611,4.895695130388036,4.63251575840763,5.122324251561383,42.39066358516585,39.74939617714041,47.38611712443743
all_flows,annual,per_obs,1.0,trainval,f_cohort_10yr,35,189,30.720127927962928,25.33272977827939,17.823071576872117,12.977594206933794,20.44726693102819,17.292187183672297,15.583085565874915,19.02630897953852,42.39066358516585,39.74939617714041,47.38611712443743
all_flows,annual,per_obs,1.0,trainval,f_cohort_20yr,35,189,24.074983304902975,21.873739576579947,9.441031716838634,6.001037059598491,13.091874965218514,9.612108559468552,7.931118049760383,11.219646917871174,42.39066358516585,39.74939617714041,47.38611712443743
all_flows,annual,per_obs,1.0,trainval,f_cohort_44yr,35,189,17.85308505974213,13.194546045383282,26.749531567543283,24.30591098555088,29.436176192315898,26.865930076668505,25.549692176003944,28.168890229556524,42.39066358516585,39.74939617714041,47.38611712443743
all_flows,annual,fixed_total,1.0,trainval,alpha_cc,35,189,1.8336683649651062,1.5533449619911013,15.7577101577834,14.342101651260968,16.75594393112988,15.634961363608813,15.059591106519598,16.270966890589644,42.39066358516585,39.74939617714041,47.38611712443743
all_flows,annual,fixed_total,1.0,trainval,alpha_refc,35,189,3.622748133578155,3.2514171132987073,8.848076209663013,8.19665609681116,9.80279890835904,9.016709961449475,8.591123836903447,9.471239518657981,42.39066358516585,39.74939617714041,47.38611712443743
all_flows,annual,fixed_total,1.0,trainval,alpha_win,35,189,7.674691074431486,5.072120325683185,34.263333087787565,32.74643937244343,35.68159003389978,34.241303222343504,33.4313340818103,34.94274148027644,42.39066358516585,39.74939617714041,47.38611712443743
all_flows,annual,fixed_total,1.0,trainval,alpha_dr,35,189,6.546316501537541,5.561234516989101,16.046759127792754,14.708131938872427,16.9290448949398,15.888152345104958,15.352868035422201,16.505133258570126,42.39066358516585,39.74939617714041,47.38611712443743
all_flows,annual,fixed_total,1.0,trainval,tau_olds,35,189,7.981694326983857,6.338648117079481,20.574188448277297,19.602929627086866,21.99875061025636,20.666157851956726,20.020467612688396,21.30624834974818,42.39066358516585,39.74939617714041,47.38611712443743
all_flows,annual,fixed_total,1.0,trainval,frac_fu_new,35,189,10.070631099396643,9.242889366027248,7.38096419906078,6.749928320089349,7.986747049151456,7.371638439807149,7.058541535845886,7.6827912403228495,42.39066358516585,39.74939617714041,47.38611712443743
all_flows,annual,fixed_total,1.0,trainval,frac_fu_out,35,189,1.0497603765651853,0.9667009273122469,7.38096419906078,6.749928320089349,7.986747049151456,7.371638439807149,7.058541535845886,7.6827912403228495,42.39066358516585,39.74939617714041,47.38611712443743
all_flows,annual,fixed_total,1.0,trainval,frac_eu_new,35,189,14.516285341889132,13.7488513543083,4.989360265723031,4.491557535957192,5.278889375188611,4.895695130388036,4.63251575840763,5.122324251561383,42.39066358516585,39.74939617714041,47.38611712443743
all_flows,annual,fixed_total,1.0,trainval,frac_eu_into,35,189,0.8602595064120777,0.8111345328116017,4.989360265723031,4.491557535957192,5.278889375188611,4.895695130388036,4.63251575840763,5.122324251561383,42.39066358516585,39.74939617714041,47.38611712443743
all_flows,annual,fixed_total,1.0,trainval,f_cohort_10yr,35,189,30.720127927962928,25.33272977827939,17.823071576872117,12.977594206933794,20.44726693102819,17.292187183672297,15.583085565874915,19.02630897953852,42.39066358516585,39.74939617714041,47.38611712443743
all_flows,annual,fixed_total,1.0,trainval,f_cohort_20yr,35,189,24.074983304902975,21.873739576579947,9.441031716838634,6.001037059598491,13.091874965218514,9.612108559468552,7.931118049760383,11.219646917871174,42.39066358516585,39.74939617714041,47.38611712443743
all_flows,annual,fixed_total,1.0,trainval,f_cohort_44yr,35,189,17.85308505974213,13.194546045383282,26.749531567543283,24.30591098555088,29.436176192315898,26.865930076668505,25.549692176003944,28.168890229556524,42.39066358516585,39.74939617714041,47.38611712443743
all_flows,quarterly,per_obs,1.0,trainval,alpha_cc,35,756,1.8336683649651062,1.049740204771208,43.5028635592019,42.00922865475477,45.08471150535975,43.49156895977205,42.73460550905217,44.24317056682247,134.47766807207842,123.16516738431301,141.78977379527424
all_flows,quarterly,per_obs,1.0,trainval,alpha_refc,35,756,3.622748133578155,2.7087820826991296,24.0179295123914,22.338184586687575,25.71304567681566,23.95543118538703,23.186595985252993,24.736347400882565,134.47766807207842,123.16516738431301,141.78977379527424
all_flows,quarterly,per_obs,1.0,trainval,alpha_win,35,756,7.674691074431486,3.286620714789429,57.363348305388854,56.08348191168754,58.90369633565668,57.389946441366945,56.644143262088875,58.112121075513414,134.47766807207842,123.16516738431301,141.78977379527424
all_flows,quarterly,per_obs,1.0,trainval,alpha_dr,35,756,6.546316501537541,4.171510839178888,37.32451005968807,35.88980978663764,38.938835466453575,37.32305129854877,36.54519764745754,38.15202086887234,134.47766807207842,123.16516738431301,141.78977379527424
all_flows,quarterly,per_obs,1.0,trainval,tau_olds,35,756,7.981694326983857,4.53403577947184,42.179461460814935,41.067246519012976,43.79415307169097,42.34501495890703,41.55294441607957,43.23407197638839,134.47766807207842,123.16516738431301,141.78977379527424
all_flows,quarterly,per_obs,1.0,trainval,frac_fu_new,35,756,10.070631099396643,8.634310105222987,13.657745362199503,12.850085138668131,14.557839165603658,13.791300596900967,13.39769693876735,14.22147828994419,134.47766807207842,123.16516738431301,141.78977379527424
all_flows,quarterly,per_obs,1.0,trainval,frac_fu_out,35,756,1.0497603765651853,0.9017149707877801,13.657745362199503,12.850085138668131,14.557839165603658,13.791300596900967,13.39769693876735,14.22147828994419,134.47766807207842,123.16516738431301,141.78977379527424
all_flows,quarterly,per_obs,1.0,trainval,frac_eu_new,35,756,14.516285341889132,13.23803427989044,8.452095388301705,7.725390216803907,8.768225027909864,8.310369638599155,7.939871355557237,8.637104954216802,134.47766807207842,123.16516738431301,141.78977379527424
all_flows,quarterly,per_obs,1.0,trainval,frac_eu_into,35,756,0.8602595064120777,0.7745113135653325,8.452095388301705,7.725390216803907,8.768225027909864,8.310369638599155,7.939871355557237,8.637104954216802,134.47766807207842,123.16516738431301,141.78977379527424
all_flows,quarterly,per_obs,1.0,trainval,f_cohort_10yr,35,756,30.720127927962928,23.365498493176815,23.821161454214955,18.825779907749578,26.876875859074556,23.475589453770155,21.420023843803925,25.352191898752796,134.47766807207842,123.16516738431301,141.78977379527424
all_flows,quarterly,per_obs,1.0,trainval,f_cohort_20yr,35,756,24.074983304902975,20.66257171521592,13.902553868499346,9.960721271326033,17.592816707163944,14.082647703349764,12.239159056976012,16.068456509521965,134.47766807207842,123.16516738431301,141.78977379527424
all_flows,quarterly,per_obs,1.0,trainval,f_cohort_44yr,35,756,17.85308505974213,11.621733916035998,35.75657891424684,31.037335456504888,37.27681012422042,35.074267360177245,33.408876405430675,36.734539835299394,134.47766807207842,123.16516738431301,141.78977379527424
all_flows,quarterly,fixed_total,1.0,trainval,alpha_cc,35,756,1.8336683649651062,1.3880874644598102,24.86450812880543,23.410744649879568,26.416527231603727,24.863318468954773,24.182797102386242,25.58612521909453,56.86167628812697,52.017710722952444,61.717662061438816
all_flows,quarterly,fixed_total,1.0,trainval,alpha_refc,35,756,3.622748133578155,3.1633815668375758,11.063136629991789,10.201113232908066,12.381035346028973,11.307437070036375,10.809524520438181,11.77496188533246,56.86167628812697,52.017710722952444,61.717662061438816
all_flows,quarterly,fixed_total,1.0,trainval,alpha_win,35,756,7.674691074431486,4.79634710414985,38.03338344534526,36.712517861055595,39.83337510772354,38.15958677693251,37.172844223302064,38.99433648271756,56.86167628812697,52.017710722952444,61.717662061438816
all_flows,quarterly,fixed_total,1.0,trainval,alpha_dr,35,756,6.546316501537541,5.394363085674559,18.213881065430026,17.137550129784163,19.678463080129987,18.320284300698614,17.70770719970415,18.985693360693755,56.86167628812697,52.017710722952444,61.717662061438816
all_flows,quarterly,fixed_total,1.0,trainval,tau_olds,35,756,7.981694326983857,6.17939492295785,22.097007949114868,20.848239784901764,23.27250122945947,22.209360316587816,21.528706508394762,22.926814015115163,56.86167628812697,52.017710722952444,61.717662061438816
all_flows,quarterly,fixed_total,1.0,trainval,frac_fu_new,35,756,10.070631099396643,9.219828052210772,7.5812600882892545,6.958337075509507,8.47283171438531,7.6850083993294325,7.343474229982794,7.988064572052828,56.86167628812697,52.017710722952444,61.717662061438816
all_flows,quarterly,fixed_total,1.0,trainval,frac_fu_out,35,756,1.0497603765651853,0.9643456735176912,7.5812600882892545,6.958337075509507,8.47283171438531,7.6850083993294325,7.343474229982794,7.988064572052828,56.86167628812697,52.017710722952444,61.717662061438816
all_flows,quarterly,fixed_total,1.0,trainval,frac_eu_new,35,756,14.516285341889132,13.710864550357098,5.235457847753855,4.7533301285126335,5.494768439772891,5.110109342918828,4.838361621151899,5.348343059466942,56.86167628812697,52.017710722952444,61.717662061438816
all_flows,quarterly,fixed_total,1.0,trainval,frac_eu_into,35,756,0.8602595064120777,0.8085419840417752,5.235457847753855,4.7533301285126335,5.494768439772891,5.110109342918828,4.838361621151899,5.348343059466942,56.86167628812697,52.017710722952444,61.717662061438816
all_flows,quarterly,fixed_total,1.0,trainval,f_cohort_10yr,35,756,30.720127927962928,25.19135172296208,18.408521612360364,13.636912323361404,20.848527071756394,17.83219523854097,16.155967808584677,19.527074731576597,56.86167628812697,52.017710722952444,61.717662061438816
all_flows,quarterly,fixed_total,1.0,trainval,f_cohort_20yr,35,756,24.074983304902975,21.741625243835298,9.931057328081394,6.746978836482542,13.533401186196508,10.177198123086386,8.569244085054528,11.802414988124788,56.86167628812697,52.017710722952444,61.717662061438816
all_flows,quarterly,fixed_total,1.0,trainval,f_cohort_44yr,35,756,17.85308505974213,13.133457901322409,27.421449683327648,24.751402018876497,29.792617939723563,27.32501766784233,26.035393169964692,28.627901705515512,56.86167628812697,52.017710722952444,61.717662061438816
all_flows,monthly,per_obs,1.0,trainval,alpha_cc,35,2268,1.8336683649651062,0.7834577344050464,57.931648583086115,56.5133796375835,59.164997613233,57.8191299009511,57.091013234924205,58.44414298791822,235.77160167321927,219.7258499060199,247.78971811167867
all_flows,monthly,per_obs,1.0,trainval,alpha_refc,35,2268,3.622748133578155,2.237910344466299,37.74495843589377,35.46337615557611,39.348305679698385,37.55195446165114,36.662318677791205,38.39070763831328,235.77160167321927,219.7258499060199,247.78971811167867
all_flows,monthly,per_obs,1.0,trainval,alpha_win,35,2268,7.674691074431486,2.4135048705147666,68.96402306323486,67.58685946904035,69.92401782377567,68.8987759120169,68.32405950783064,69.44613424892734,235.77160167321927,219.7258499060199,247.78971811167867
all_flows,monthly,per_obs,1.0,trainval,alpha_dr,35,2268,6.546316501537541,3.092354241892778,53.12307866301305,51.89605335891848,54.705826638477674,53.32124921375149,52.65927957397629,54.02094889881376,235.77160167321927,219.7258499060199,247.78971811167867
all_flows,monthly,per_obs,1.0,trainval,tau_olds,35,2268,7.981694326983857,3.273362957516544,58.09753602907666,57.46649520931753,60.26276154757557,58.6351578317486,57.82632594513899,59.320561359305955,235.77160167321927,219.7258499060199,247.78971811167867
all_flows,monthly,per_obs,1.0,trainval,frac_fu_new,35,2268,10.070631099396643,8.261134771139773,17.835079847818356,17.121966209445247,18.918765716421092,17.901589799922245,17.399926430806005,18.438600395880158,235.77160167321927,219.7258499060199,247.78971811167867
all_flows,monthly,per_obs,1.0,trainval,frac_fu_out,35,2268,1.0497603765651853,0.8627428026155928,17.835079847818356,17.121966209445247,18.918765716421092,17.901589799922245,17.399926430806005,18.438600395880158,235.77160167321927,219.7258499060199,247.78971811167867
all_flows,monthly,per_obs,1.0,trainval,frac_eu_new,35,2268,14.516285341889132,12.919352039999094,10.414699238693458,9.45457437967785,10.881985321559867,10.300152444924642,9.876726099694922,10.665918900341541,235.77160167321927,219.7258499060199,247.78971811167867
all_flows,monthly,per_obs,1.0,trainval,frac_eu_into,35,2268,0.8602595064120777,0.7550051535971176,10.414699238693458,9.45457437967785,10.881985321559867,10.300152444924642,9.876726099694922,10.665918900341541,235.77160167321927,219.7258499060199,247.78971811167867
all_flows,monthly,per_obs,1.0,trainval,f_cohort_10yr,35,2268,30.720127927962928,22.177818212286155,27.999501937656213,24.523985924782707,32.03395497648335,28.124418407025075,25.937929389617345,30.09521478329281,235.77160167321927,219.7258499060199,247.78971811167867
all_flows,monthly,per_obs,1.0,trainval,f_cohort_20yr,35,2268,24.074983304902975,19.792552117797204,17.527778572109032,13.763449871012757,21.492534024269606,17.80109292184857,15.921394778070379,19.748696201004314,235.77160167321927,219.7258499060199,247.78971811167867
all_flows,monthly,per_obs,1.0,trainval,f_cohort_44yr,35,2268,17.85308505974213,10.942349787445625,40.338150767350434,35.84557633118889,43.335921914142176,40.230589479122514,38.435343482951936,41.795174113690834,235.77160167321927,219.7258499060199,247.78971811167867
all_flows,monthly,fixed_total,1.0,trainval,alpha_cc,35,2268,1.8336683649651062,1.379744477450635,25.3507834813542,23.879028255670903,26.89781273394852,25.34124892883456,24.646113290075824,26.0585711940586,58.197476013991036,53.25718968859837,63.03459889054375
all_flows,monthly,fixed_total,1.0,trainval,alpha_refc,35,2268,3.622748133578155,3.1508190378710306,11.39329988222022,10.522590149003014,12.700401116428289,11.638728701168091,11.123392517712045,12.112780141688928,58.197476013991036,53.25718968859837,63.03459889054375
all_flows,monthly,fixed_total,1.0,trainval,alpha_win,35,2268,7.674691074431486,4.774982670508032,38.21417521135071,36.89827194156823,40.05084634162462,38.340788369066885,37.36040979686917,39.18755572297354,58.197476013991036,53.25718968859837,63.03459889054375
all_flows,monthly,fixed_total,1.0,trainval,alpha_dr,35,2268,6.546316501537541,5.385223767607781,18.344547766536756,17.270171024110947,19.85656302296816,18.46059937153315,17.83426073438664,19.11512066976973,58.197476013991036,53.25718968859837,63.03459889054375
all_flows,monthly,fixed_total,1.0,trainval,tau_olds,35,2268,7.981694326983857,6.173158160594865,22.190034642557244,20.934525220844847,23.38533303306182,22.31266623067729,21.625539724463238,23.010283666345078,58.197476013991036,53.25718968859837,63.03459889054375
all_flows,monthly,fixed_total,1.0,trainval,frac_fu_new,35,2268,10.070631099396643,9.217972393681432,7.600053062737944,6.973400624915655,8.50049721704077,7.708554531705486,7.368233863294183,8.010988382444461,58.197476013991036,53.25718968859837,63.03459889054375
all_flows,monthly,fixed_total,1.0,trainval,frac_fu_out,35,2268,1.0497603765651853,0.9641952334738791,7.600053062737944,6.973400624915655,8.50049721704077,7.708554531705486,7.368233863294183,8.010988382444461,58.197476013991036,53.25718968859837,63.03459889054375
all_flows,monthly,fixed_total,1.0,trainval,frac_eu_new,35,2268,14.516285341889132,13.707676198108404,5.251393188677977,4.771078433271548,5.507971579419091,5.126261338369039,4.854786492957075,5.366259279242158,58.197476013991036,53.25718968859837,63.03459889054375
all_flows,monthly,fixed_total,1.0,trainval,frac_eu_into,35,2268,0.8602595064120777,0.8083888098762959,5.251393188677955,4.771078433271548,5.507971579419091,5.126261338369039,4.854786492957086,5.366259279242158,58.197476013991036,53.25718968859837,63.03459889054375
all_flows,monthly,fixed_total,1.0,trainval,f_cohort_10yr,35,2268,30.720127927962928,25.169215328182133,18.46044128478468,13.706463138065999,20.904187752937208,17.880742813696557,16.210650994792363,19.57076118165991,58.197476013991036,53.25718968859837,63.03459889054375
all_flows,monthly,fixed_total,1.0,trainval,f_cohort_20yr,35,2268,24.074983304902975,21.72980959566329,9.99627931662339,6.804564979280142,13.567974462923754,10.225549191051861,8.611141078366053,11.860620444818576,58.197476013991036,53.25718968859837,63.03459889054375
all_flows,monthly,fixed_total,1.0,trainval,f_cohort_44yr,35,2268,17.85308505974213,13.127806794002222,27.476590967464652,24.793595104823744,29.82927868596534,27.365766725413295,26.073972520642705,28.664586280221993,58.197476013991036,53.25718968859837,63.03459889054375
concentrate_stock,annual,per_obs,1.0,test,alpha_cc,35,27,12.866123464424417,12.74954527011722,1.036155446260989,0.8126974502565665,1.2149246791138046,1.0196975070741798,0.9323039731294558,1.1140919186788,5.301774071686613,4.874758452148113,5.780509177112014
concentrate_stock,annual,per_obs,1.0,test,alpha_refc,35,27,17.540400858583634,17.50972789433742,0.08234807100770958,0.05796730294022612,0.11602934935161513,0.08705742014127327,0.07370343829079529,0.10432847164775216,5.301774071686613,4.874758452148113,5.780509177112014
concentrate_stock,annual,per_obs,1.0,test,alpha_win,35,27,16.931061695567116,16.923344889149345,0.04823367221138408,0.03653242856352934,0.06007996673700888,0.048331564580869624,0.041382780251603135,0.05593646945724062,5.301774071686613,4.874758452148113,5.780509177112014
concentrate_stock,annual,per_obs,1.0,test,alpha_dr,35,27,16.74970470213306,16.739397389860212,0.056596214698689806,0.03876513182110575,0.08430686033886192,0.061611912699419125,0.05025251386375218,0.0792783059160862,5.301774071686613,4.874758452148113,5.780509177112014
concentrate_stock,annual,per_obs,1.0,test,tau_olds,35,27,13.881564545569692,13.873671446883584,0.05686029597165021,0.04020812699869758,0.07879609335859628,0.05814964630954933,0.04874796363660838,0.06795285308748289,5.301774071686613,4.874758452148113,5.780509177112014
concentrate_stock,annual,per_obs,1.0,test,frac_fu_new,35,27,18.054858043440014,18.04411561949701,0.041993877919832556,0.03185648719596923,0.053227590901938626,0.0438674627863872,0.03774558985540355,0.053227590901938626,5.301774071686613,4.874758452148113,5.780509177112014
concentrate_stock,annual,per_obs,1.0,test,frac_fu_out,35,27,1.8673655196342513,1.8664132402885112,0.041993877919832556,0.03185648719596923,0.053227590901938626,0.0438674627863872,0.03774558985540355,0.053227590901938626,5.301774071686613,4.874758452148113,5.780509177112014
concentrate_stock,annual,per_obs,1.0,test,frac_eu_new,35,27,22.521416004705365,22.51567581722569,0.0401429997616054,0.029186777337375513,0.05691924437724594,0.04300754460564993,0.03593711960679924,0.05320049517804071,5.301774071686613,4.874758452148113,5.780509177112014
concentrate_stock,annual,per_obs,1.0,test,frac_eu_into,35,27,1.5214996208131124,1.521111825788506,0.0401429997616054,0.029186777337375513,0.05691924437724594,0.04300754460564993,0.03593711960679924,0.05320049517804071,5.301774071686613,4.874758452148113,5.780509177112014
concentrate_stock,annual,per_obs,1.0,test,f_cohort_10yr,35,27,50.40387411173697,50.35898324944092,0.08365795460874015,0.047334399493326185,0.14119502064530165,0.09492515664787093,0.07175553567451143,0.11954679877174135,5.301774071686613,4.874758452148113,5.780509177112014
concentrate_stock,annual,per_obs,1.0,test,f_cohort_20yr,35,27,37.74565903961782,37.719636343198744,0.06881921743093766,0.05448964944878565,0.10152476566477886,0.07606531144026263,0.06273541427087026,0.09011898972743904,5.301774071686613,4.874758452148113,5.780509177112014
concentrate_stock,annual,per_obs,1.0,test,f_cohort_44yr,35,27,26.694178957225233,26.68162234151287,0.07637102567352727,0.058930834659798315,0.10934312069221797,0.0831540179279111,0.07131606104583965,0.09586233607474237,5.301774071686613,4.874758452148113,5.780509177112014
concentrate_stock,annual,fixed_total,1.0,test,alpha_cc,35,27,12.866123464424417,12.74954527011722,1.036155446260989,0.8126974502565665,1.2149246791138046,1.0196975070741798,0.9323039731294558,1.1140919186788,5.301774071686613,4.874758452148113,5.780509177112014
concentrate_stock,annual,fixed_total,1.0,test,alpha_refc,35,27,17.540400858583634,17.50972789433742,0.08234807100770958,0.05796730294022612,0.11602934935161513,0.08705742014127327,0.07370343829079529,0.10432847164775216,5.301774071686613,4.874758452148113,5.780509177112014
concentrate_stock,annual,fixed_total,1.0,test,alpha_win,35,27,16.931061695567116,16.923344889149345,0.04823367221138408,0.03653242856352934,0.06007996673700888,0.048331564580869624,0.041382780251603135,0.05593646945724062,5.301774071686613,4.874758452148113,5.780509177112014
concentrate_stock,annual,fixed_total,1.0,test,alpha_dr,35,27,16.74970470213306,16.739397389860212,0.056596214698689806,0.03876513182110575,0.08430686033886192,0.061611912699419125,0.05025251386375218,0.0792783059160862,5.301774071686613,4.874758452148113,5.780509177112014
concentrate_stock,annual,fixed_total,1.0,test,tau_olds,35,27,13.881564545569692,13.873671446883584,0.05686029597165021,0.04020812699869758,0.07879609335859628,0.05814964630954933,0.04874796363660838,0.06795285308748289,5.301774071686613,4.874758452148113,5.780509177112014
concentrate_stock,annual,fixed_total,1.0,test,frac_fu_new,35,27,18.054858043440014,18.04411561949701,0.041993877919832556,0.03185648719596923,0.053227590901938626,0.0438674627863872,0.03774558985540355,0.053227590901938626,5.301774071686613,4.874758452148113,5.780509177112014
concentrate_stock,annual,fixed_total,1.0,test,frac_fu_out,35,27,1.8673655196342513,1.8664132402885112,0.041993877919832556,0.03185648719596923,0.053227590901938626,0.0438674627863872,0.03774558985540355,0.053227590901938626,5.301774071686613,4.874758452148113,5.780509177112014
concentrate_stock,annual,fixed_total,1.0,test,frac_eu_new,35,27,22.521416004705365,22.51567581722569,0.0401429997616054,0.029186777337375513,0.05691924437724594,0.04300754460564993,0.03593711960679924,0.05320049517804071,5.301774071686613,4.874758452148113,5.780509177112014
concentrate_stock,annual,fixed_total,1.0,test,frac_eu_into,35,27,1.5214996208131124,1.521111825788506,0.0401429997616054,0.029186777337375513,0.05691924437724594,0.04300754460564993,0.03593711960679924,0.05320049517804071,5.301774071686613,4.874758452148113,5.780509177112014
concentrate_stock,annual,fixed_total,1.0,test,f_cohort_10yr,35,27,50.40387411173697,50.35898324944092,0.08365795460874015,0.047334399493326185,0.14119502064530165,0.09492515664787093,0.07175553567451143,0.11954679877174135,5.301774071686613,4.874758452148113,5.780509177112014
concentrate_stock,annual,fixed_total,1.0,test,f_cohort_20yr,35,27,37.74565903961782,37.719636343198744,0.06881921743093766,0.05448964944878565,0.10152476566477886,0.07606531144026263,0.06273541427087026,0.09011898972743904,5.301774071686613,4.874758452148113,5.780509177112014
concentrate_stock,annual,fixed_total,1.0,test,f_cohort_44yr,35,27,26.694178957225233,26.68162234151287,0.07637102567352727,0.058930834659798315,0.10934312069221797,0.0831540179279111,0.07131606104583965,0.09586233607474237,5.301774071686613,4.874758452148113,5.780509177112014
concentrate_stock,quarterly,per_obs,1.0,test,alpha_cc,35,108,12.866123464424417,12.497487741521281,2.8763502544692954,2.3545168154776808,3.3105278159757057,2.919341492508795,2.690073854158437,3.158418116447226,17.193076678433172,16.077998654365135,18.53944310939829
concentrate_stock,quarterly,per_obs,1.0,test,alpha_refc,35,108,17.540400858583634,17.45097027395274,0.3618442257425136,0.29902569959823766,0.48078164361905484,0.39716537297669885,0.3471503058336711,0.4677072403805105,17.193076678433172,16.077998654365135,18.53944310939829
concentrate_stock,quarterly,per_obs,1.0,test,alpha_win,35,108,16.931061695567116,16.903121692976015,0.18552279698889063,0.15437247478548022,0.277397958366421,0.21203593051987435,0.17821944515989951,0.25295677169265285,17.193076678433172,16.077998654365135,18.53944310939829
concentrate_stock,quarterly,per_obs,1.0,test,alpha_dr,35,108,16.74970470213306,16.669483606167987,0.27299642537014224,0.2115787483791487,0.32835273530869014,0.28171479776109565,0.24372360556160766,0.32140100906122293,17.193076678433172,16.077998654365135,18.53944310939829
concentrate_stock,quarterly,per_obs,1.0,test,tau_olds,35,108,13.881564545569692,13.856666316692122,0.27347706757665513,0.16253120838241597,0.3251569507491392,0.24729395375981678,0.21722100732333716,0.2862933363718123,17.193076678433172,16.077998654365135,18.53944310939829
concentrate_stock,quarterly,per_obs,1.0,test,frac_fu_new,35,108,18.054858043440014,18.01883281411902,0.1623532756878543,0.12246842246498302,0.23885422785135946,0.1801936677938848,0.1502349407421666,0.23001350655240116,17.193076678433172,16.077998654365135,18.53944310939829
concentrate_stock,quarterly,per_obs,1.0,test,frac_fu_out,35,108,1.8673655196342513,1.859875676467666,0.1623532756878543,0.12246842246498302,0.23885422785135946,0.1801936677938848,0.1502349407421666,0.23001350655240116,17.193076678433172,16.077998654365135,18.53944310939829
concentrate_stock,quarterly,per_obs,1.0,test,frac_eu_new,35,108,22.521416004705365,22.47354892618393,0.18536975676765044,0.1254844584825332,0.25529596475744043,0.1979414702872606,0.16601876154692108,0.23316045911733752,17.193076678433172,16.077998654365135,18.53944310939829
concentrate_stock,quarterly,per_obs,1.0,test,frac_eu_into,35,108,1.5214996208131124,1.5182658214017177,0.18536975676765044,0.1254844584825332,0.25529596475744043,0.1979414702872606,0.16601876154692108,0.23316045911733752,17.193076678433172,16.077998654365135,18.53944310939829
concentrate_stock,quarterly,per_obs,1.0,test,f_cohort_10yr,35,108,50.40387411173697,50.2645264068732,0.36526545015340695,0.21693536144580805,0.5372525667144468,0.3823789701734165,0.30358728439254246,0.4968390258255795,17.193076678433172,16.077998654365135,18.53944310939829
concentrate_stock,quarterly,per_obs,1.0,test,f_cohort_20yr,35,108,37.74565903961782,37.56660338530553,0.37496897763105164,0.23158767737863073,0.49237132829790253,0.3874389154834096,0.32784300039440106,0.45367757478722015,17.193076678433172,16.077998654365135,18.53944310939829
concentrate_stock,quarterly,per_obs,1.0,test,f_cohort_44yr,35,108,26.694178957225233,26.639350415057756,0.4387662361639677,0.309077523641732,0.5328163386485896,0.42845058397645297,0.3653480677595522,0.49421966584283217,17.193076678433172,16.077998654365135,18.53944310939829
concentrate_stock,quarterly,fixed_total,1.0,test,alpha_cc,35,108,12.866123464424417,12.735400001797593,1.07379653582087,0.8659082495082737,1.1998042185085267,1.071087167831139,0.9732232884520131,1.1633554880882302,5.508774216731579,5.056841531125595,6.0379957466244925
concentrate_stock,quarterly,fixed_total,1.0,test,alpha_refc,35,108,17.540400858583634,17.50930924198073,0.12782753073654618,0.10484956425538261,0.18035877702837766,0.14355172210373524,0.12404129977798828,0.17042790521923923,5.508774216731579,5.056841531125595,6.0379957466244925
concentrate_stock,quarterly,fixed_total,1.0,test,alpha_win,35,108,16.931061695567116,16.920833863791216,0.0637422922677211,0.052943835061330935,0.09878388063527255,0.07398384234184596,0.06162175533145353,0.09061373553394536,5.508774216731579,5.056841531125595,6.0379957466244925
concentrate_stock,quarterly,fixed_total,1.0,test,alpha_dr,35,108,16.74970470213306,16.719768604637284,0.09856863176255226,0.07429603455763045,0.11925637176627979,0.09959630753532123,0.08575793674612808,0.11426720110877531,5.508774216731579,5.056841531125595,6.0379957466244925
concentrate_stock,quarterly,fixed_total,1.0,test,tau_olds,35,108,13.881564545569692,13.873422029725717,0.09687298972340663,0.05391847930924509,0.11643298420688786,0.08585914513490889,0.07572465325698108,0.10141690225760058,5.508774216731579,5.056841531125595,6.0379957466244925
concentrate_stock,quarterly,fixed_total,1.0,test,frac_fu_new,35,108,18.054858043440014,18.042218478447325,0.05463436306989422,0.04182173789832877,0.08436269673055552,0.06221233355151179,0.05123063548185813,0.07911880997114595,5.508774216731579,5.056841531125595,6.0379957466244925
concentrate_stock,quarterly,fixed_total,1.0,test,frac_fu_out,35,108,1.8673655196342513,1.8643056571602308,0.05463436306989422,0.04182173789832877,0.08436269673055552,0.06221233355151179,0.05123063548185813,0.07911880997114595,5.508774216731579,5.056841531125595,6.0379957466244925
concentrate_stock,quarterly,fixed_total,1.0,test,frac_eu_new,35,108,22.521416004705365,22.506310791098464,0.06707044354469227,0.04365103214976629,0.08986864443086828,0.07020683749586476,0.058096000307300555,0.08475901763273508,5.508774216731579,5.056841531125595,6.0379957466244925
concentrate_stock,quarterly,fixed_total,1.0,test,frac_eu_into,35,108,1.5214996208131124,1.5204791442689023,0.06707044354469227,0.04365103214976629,0.08986864443086828,0.07020683749586476,0.058096000307300555,0.08475901763273508,5.508774216731579,5.056841531125595,6.0379957466244925
concentrate_stock,quarterly,fixed_total,1.0,test,f_cohort_10yr,35,108,50.40387411173697,50.35681466831826,0.12463782945825175,0.07764334220131675,0.1917648133662908,0.1365413214929806,0.10585417087936033,0.17908806521618192,5.508774216731579,5.056841531125595,6.0379957466244925
concentrate_stock,quarterly,fixed_total,1.0,test,f_cohort_20yr,35,108,37.74565903961782,37.679882650861195,0.13686927040764685,0.080054545766306,0.17159393844246584,0.13526372995675828,0.11490372249370329,0.15966015624436225,5.508774216731579,5.056841531125595,6.0379957466244925
concentrate_stock,quarterly,fixed_total,1.0,test,f_cohort_44yr,35,108,26.694178957225233,26.676818276661933,0.15446673067942562,0.10856308458424557,0.18636114434422701,0.15562698768375183,0.13155164096508853,0.17795040184305222,5.508774216731579,5.056841531125595,6.0379957466244925
concentrate_stock,monthly,per_obs,1.0,test,alpha_cc,35,324,12.866123464424417,12.205335600015573,5.135873802516833,4.108652631176978,5.767271557508558,5.117810122909278,4.721816674827228,5.482176496547398,35.142329402320776,33.48682811109657,37.27416836781157
concentrate_stock,monthly,per_obs,1.0,test,alpha_refc,35,324,17.540400858583634,17.36785822173464,0.6744410413023205,0.5648782115569295,0.8747191596059023,0.730229331652768,0.6403607670545985,0.8363793656818164,35.142329402320776,33.48682811109657,37.27416836781157
concentrate_stock,monthly,per_obs,1.0,test,alpha_win,35,324,16.931061695567116,16.87942903194831,0.35067645263000546,0.3070970888140234,0.497946171946384,0.40038479644807223,0.33821245118729193,0.4673740947642724,35.142329402320776,33.48682811109657,37.27416836781157
concentrate_stock,monthly,per_obs,1.0,test,alpha_dr,35,324,16.74970470213306,16.604017431835235,0.5213951978596865,0.4066054436970168,0.6028390996732746,0.5216596621473862,0.4588620546571498,0.5908792548740549,35.142329402320776,33.48682811109657,37.27416836781157
concentrate_stock,monthly,per_obs,1.0,test,tau_olds,35,324,13.881564545569692,13.833540351605349,0.4749848771220311,0.31777805813019144,0.6165668934922486,0.466676269765251,0.4017085366911477,0.5339842830339725,35.142329402320776,33.48682811109657,37.27416836781157
concentrate_stock,monthly,per_obs,1.0,test,frac_fu_new,35,324,18.054858043440014,17.98480534544142,0.30550974882479487,0.24374525783203427,0.43963193247448795,0.3406735559236901,0.2842901376954199,0.42565076573075067,35.142329402320776,33.48682811109657,37.27416836781157
concentrate_stock,monthly,per_obs,1.0,test,frac_fu_out,35,324,1.8673655196342513,1.8551941842811788,0.30550974882479487,0.24374525783203427,0.43963193247448795,0.3406735559236901,0.2842901376954199,0.42565076573075067,35.142329402320776,33.48682811109657,37.27416836781157
concentrate_stock,monthly,per_obs,1.0,test,frac_eu_new,35,324,22.521416004705365,22.415927696364236,0.35877959225500966,0.2242011354628648,0.454009102662023,0.3591779548536178,0.30351346133367096,0.41653914199316633,35.142329402320776,33.48682811109657,37.27416836781157
concentrate_stock,monthly,per_obs,1.0,test,frac_eu_into,35,324,1.5214996208131124,1.5143730519904544,0.35877959225500966,0.2242011354628648,0.454009102662023,0.3591779548536178,0.30351346133367096,0.41653914199316633,35.142329402320776,33.48682811109657,37.27416836781157
concentrate_stock,monthly,per_obs,1.0,test,f_cohort_10yr,35,324,50.40387411173697,50.13580310741635,0.6454501598725848,0.43527306428100543,0.9085107795345104,0.7118626252251986,0.5803521763221409,0.8879565136128253,35.142329402320776,33.48682811109657,37.27416836781157
concentrate_stock,monthly,per_obs,1.0,test,f_cohort_20yr,35,324,37.74565903961782,37.42495149804882,0.7213411777889478,0.44870567805428974,0.9407213285737348,0.726340856567595,0.6162286953199703,0.8496541052108397,35.142329402320776,33.48682811109657,37.27416836781157
concentrate_stock,monthly,per_obs,1.0,test,f_cohort_44yr,35,324,26.694178957225233,26.57827773426406,0.7293939000802885,0.5838828451890765,1.0113291858725448,0.779618747501068,0.669377352276046,0.9120175295893262,35.142329402320776,33.48682811109657,37.27416836781157
concentrate_stock,monthly,fixed_total,1.0,test,alpha_cc,35,324,12.866123464424417,12.736004635984441,1.0528669547551495,0.8522198551971782,1.1772771361064915,1.0572326600315707,0.9599797322162373,1.1522080087653985,5.481641993158712,5.033443918797652,6.010300135007888
concentrate_stock,monthly,fixed_total,1.0,test,alpha_refc,35,324,17.540400858583634,17.50932137226384,0.12813305386809581,0.1041362278191349,0.1807150352083675,0.14341066961680304,0.12380421147288323,0.16989726565098673,5.481641993158712,5.033443918797652,6.010300135007888
concentrate_stock,monthly,fixed_total,1.0,test,alpha_win,35,324,16.931061695567116,16.920776977206152,0.06324963112558368,0.05273692088959003,0.09871013709485954,0.0739554999492853,0.06165656523369201,0.09050746871867021,5.481641993158712,5.033443918797652,6.010300135007888
concentrate_stock,monthly,fixed_total,1.0,test,alpha_dr,35,324,16.74970470213306,16.719730470524258,0.09877917056578811,0.07430753067372842,0.118933673371302,0.09976818228608908,0.0858955651192761,0.11429730544585404,5.481641993158712,5.033443918797652,6.010300135007888
concentrate_stock,monthly,fixed_total,1.0,test,tau_olds,35,324,13.881564545569692,13.873437540349926,0.09494181907394594,0.05406283871186579,0.11612133957474846,0.08559621462084777,0.07546175225234819,0.10109449118103075,5.481641993158712,5.033443918797652,6.010300135007888
concentrate_stock,monthly,fixed_total,1.0,test,frac_fu_new,35,324,18.054858043440014,18.042211097477743,0.054495315872182815,0.041612482241792925,0.08405956950464644,0.062236921638719744,0.051052609326440734,0.07888337060865114,5.481641993158712,5.033443918797652,6.010300135007888
concentrate_stock,monthly,fixed_total,1.0,test,frac_fu_out,35,324,1.8673655196342513,1.8643080536592327,0.05449531587219392,0.041612482241792925,0.08405956950464644,0.06223692163872252,0.051052609326440734,0.07888337060865114,5.481641993158712,5.033443918797652,6.010300135007888
concentrate_stock,monthly,fixed_total,1.0,test,frac_eu_new,35,324,22.521416004705365,22.506309038767498,0.06707822427644006,0.043592322561880614,0.08918338396493586,0.06991358045262408,0.05786877017715519,0.08450570956066716,5.481641993158712,5.033443918797652,6.010300135007888
concentrate_stock,monthly,fixed_total,1.0,test,frac_eu_into,35,324,1.5214996208131124,1.5204790258850982,0.06707822427644006,0.043592322561880614,0.08918338396493586,0.06991358045262408,0.05786877017715519,0.08450570956066716,5.481641993158712,5.033443918797652,6.010300135007888
concentrate_stock,monthly,fixed_total,1.0,test,f_cohort_10yr,35,324,50.40387411173697,50.35695306980287,0.12482824100832346,0.0777381990195336,0.19200798953696308,0.13648612043217212,0.1059180280768568,0.17912549871205719,5.481641993158712,5.033443918797652,6.010300135007888
concentrate_stock,monthly,fixed_total,1.0,test,f_cohort_20yr,35,324,37.74565903961782,37.67944760217317,0.13758649366715225,0.0800677201436617,0.17244552480083497,0.13518835388317552,0.11477525445430237,0.15957972730142878,5.481641993158712,5.033443918797652,6.010300135007888
concentrate_stock,monthly,fixed_total,1.0,test,f_cohort_44yr,35,324,26.694178957225233,26.6768185163866,0.1533902149423838,0.10863529243966275,0.1872322776011015,0.15577680226229462,0.13162502445758784,0.17819786006454952,5.481641993158712,5.033443918797652,6.010300135007888
refined_stock,annual,per_obs,1.0,test,alpha_cc,35,27,12.866123464424417,12.855482969761514,0.14015419067834323,0.10572387311197362,0.18995016871101722,0.14697691597471974,0.12485869173493036,0.16845919495421247,5.8659969719647975,5.372380240709953,6.566695487332501
refined_stock,annual,per_obs,1.0,test,alpha_refc,35,27,17.540400858583634,16.9259304699454,2.537632504138898,2.0468952367336533,2.7678924417851913,2.541539283219871,2.317415550103447,2.7299828495320977,5.8659969719647975,5.372380240709953,6.566695487332501
refined_stock,annual,per_obs,1.0,test,alpha_win,35,27,16.931061695567116,16.92646450243799,0.09681837271701133,0.07348399484125578,0.1587608007431296,0.1093266447353386,0.08533336046959161,0.13508187325961263,5.8659969719647975,5.372380240709953,6.566695487332501
refined_stock,annual,per_obs,1.0,test,alpha_dr,35,27,16.74970470213306,16.715766452888946,0.12396501084463996,0.07005739536302125,0.1400574481374428,0.11805720454117208,0.09864592378140413,0.1411907530844858,5.8659969719647975,5.372380240709953,6.566695487332501
refined_stock,annual,per_obs,1.0,test,tau_olds,35,27,13.881564545569692,13.86831730747683,0.09313416413142539,0.07095085352145092,0.142806019137931,0.09985603858411185,0.08269063619051331,0.12066684766220415,5.8659969719647975,5.372380240709953,6.566695487332501
refined_stock,annual,per_obs,1.0,test,frac_fu_new,35,27,18.054858043440014,18.020413601434328,0.0889424025793506,0.07164247894858589,0.10930618375858403,0.08988877863565226,0.07716777281718268,0.10257483620813579,5.8659969719647975,5.372380240709953,6.566695487332501
refined_stock,annual,per_obs,1.0,test,frac_fu_out,35,27,1.8673655196342513,1.8658228703386905,0.0889424025793506,0.07164247894858589,0.10930618375858403,0.08988877863564948,0.07716777281718268,0.10257483620813579,5.8659969719647975,5.372380240709953,6.566695487332501
refined_stock,annual,per_obs,1.0,test,frac_eu_new,35,27,22.521416004705365,22.500701873007483,0.08143595194674003,0.039922319342411416,0.10375488360967466,0.07783557750713765,0.06172593999203557,0.09232765294162615,5.8659969719647975,5.372380240709953,6.566695487332501
refined_stock,annual,per_obs,1.0,test,frac_eu_into,35,27,1.5214996208131124,1.5201002175288245,0.08143595194674003,0.039922319342411416,0.10375488360967466,0.07783557750713765,0.06172593999203557,0.09232765294162615,5.8659969719647975,5.372380240709953,6.566695487332501
refined_stock,annual,per_obs,1.0,test,f_cohort_10yr,35,27,50.40387411173697,50.371506280470854,0.14065400366014558,0.09151699986060802,0.22709323344962673,0.15744796171843767,0.12467356905685456,0.19639035187985487,5.8659969719647975,5.372380240709953,6.566695487332501
refined_stock,annual,per_obs,1.0,test,f_cohort_20yr,35,27,37.74565903961782,37.64515418296285,0.14314108111677104,0.10760233145551967,0.18342779888177452,0.14714112599096274,0.1261260720319013,0.1726894553968905,5.8659969719647975,5.372380240709953,6.566695487332501
refined_stock,annual,per_obs,1.0,test,f_cohort_44yr,35,27,26.694178957225233,26.679784917827426,0.15584589904409363,0.11030250295110955,0.21172576310412583,0.16170052902451104,0.1331992138961957,0.19992020018440027,5.8659969719647975,5.372380240709953,6.566695487332501
refined_stock,annual,fixed_total,1.0,test,alpha_cc,35,27,12.866123464424417,12.855482969761514,0.14015419067834323,0.10572387311197362,0.18995016871101722,0.14697691597471974,0.12485869173493036,0.16845919495421247,5.8659969719647975,5.372380240709953,6.566695487332501
refined_stock,annual,fixed_total,1.0,test,alpha_refc,35,27,17.540400858583634,16.9259304699454,2.537632504138898,2.0468952367336533,2.7678924417851913,2.541539283219871,2.317415550103447,2.7299828495320977,5.8659969719647975,5.372380240709953,6.566695487332501
refined_stock,annual,fixed_total,1.0,test,alpha_win,35,27,16.931061695567116,16.92646450243799,0.09681837271701133,0.07348399484125578,0.1587608007431296,0.1093266447353386,0.08533336046959161,0.13508187325961263,5.8659969719647975,5.372380240709953,6.566695487332501
refined_stock,annual,fixed_total,1.0,test,alpha_dr,35,27,16.74970470213306,16.715766452888946,0.12396501084463996,0.07005739536302125,0.1400574481374428,0.11805720454117208,0.09864592378140413,0.1411907530844858,5.8659969719647975,5.372380240709953,6.566695487332501
refined_stock,annual,fixed_total,1.0,test,tau_olds,35,27,13.881564545569692,13.86831730747683,0.09313416413142539,0.07095085352145092,0.142806019137931,0.09985603858411185,0.08269063619051331,0.12066684766220415,5.8659969719647975,5.372380240709953,6.566695487332501
refined_stock,annual,fixed_total,1.0,test,frac_fu_new,35,27,18.054858043440014,18.020413601434328,0.0889424025793506,0.07164247894858589,0.10930618375858403,0.08988877863565226,0.07716777281718268,0.10257483620813579,5.8659969719647975,5.372380240709953,6.566695487332501
refined_stock,annual,fixed_total,1.0,test,frac_fu_out,35,27,1.8673655196342513,1.8658228703386905,0.0889424025793506,0.07164247894858589,0.10930618375858403,0.08988877863564948,0.07716777281718268,0.10257483620813579,5.8659969719647975,5.372380240709953,6.566695487332501
refined_stock,annual,fixed_total,1.0,test,frac_eu_new,35,27,22.521416004705365,22.500701873007483,0.08143595194674003,0.039922319342411416,0.10375488360967466,0.07783557750713765,0.06172593999203557,0.09232765294162615,5.8659969719647975,5.372380240709953,6.566695487332501
refined_stock,annual,fixed_total,1.0,test,frac_eu_into,35,27,1.5214996208131124,1.5201002175288245,0.08143595194674003,0.039922319342411416,0.10375488360967466,0.07783557750713765,0.06172593999203557,0.09232765294162615,5.8659969719647975,5.372380240709953,6.566695487332501
refined_stock,annual,fixed_total,1.0,test,f_cohort_10yr,35,27,50.40387411173697,50.371506280470854,0.14065400366014558,0.09151699986060802,0.22709323344962673,0.15744796171843767,0.12467356905685456,0.19639035187985487,5.8659969719647975,5.372380240709953,6.566695487332501
refined_stock,annual,fixed_total,1.0,test,f_cohort_20yr,35,27,37.74565903961782,37.64515418296285,0.14314108111677104,0.10760233145551967,0.18342779888177452,0.14714112599096274,0.1261260720319013,0.1726894553968905,5.8659969719647975,5.372380240709953,6.566695487332501
refined_stock,annual,fixed_total,1.0,test,f_cohort_44yr,35,27,26.694178957225233,26.679784917827426,0.15584589904409363,0.11030250295110955,0.21172576310412583,0.16170052902451104,0.1331992138961957,0.19992020018440027,5.8659969719647975,5.372380240709953,6.566695487332501
refined_stock,quarterly,per_obs,1.0,test,alpha_cc,35,108,12.866123464424417,12.807359610663,0.4340428956950859,0.36628076962696987,0.5782842995918858,0.46830781705690105,0.41523325583546766,0.5185743814730415,16.718161511511816,15.46872833528035,18.156212043976524
refined_stock,quarterly,per_obs,1.0,test,alpha_refc,35,108,17.540400858583634,16.46935916912846,5.166531973355326,4.569283042221883,5.910287058254754,5.23061958560396,4.873242431442804,5.597396599936771,16.718161511511816,15.46872833528035,18.156212043976524
refined_stock,quarterly,per_obs,1.0,test,alpha_win,35,108,16.931061695567116,16.905224210286065,0.279141579745823,0.2077448848546659,0.39673446089635855,0.31129751377654,0.25983834209401535,0.376320078780773,16.718161511511816,15.46872833528035,18.156212043976524
refined_stock,quarterly,per_obs,1.0,test,alpha_dr,35,108,16.74970470213306,16.586233274862746,0.3334189645749053,0.24200179811088018,0.4496848709660439,0.3410534531012921,0.29203977110550117,0.404636960246596,16.718161511511816,15.46872833528035,18.156212043976524
refined_stock,quarterly,per_obs,1.0,test,tau_olds,35,108,13.881564545569692,13.853354538946915,0.27426284882741125,0.20495216392927285,0.37564362004911533,0.29755572520842877,0.25100585933582886,0.3473003249485074,16.718161511511816,15.46872833528035,18.156212043976524
refined_stock,quarterly,per_obs,1.0,test,frac_fu_new,35,108,18.054858043440014,17.97395262246526,0.24429834926134042,0.19144263307732112,0.31993425016062504,0.25825793503234107,0.2249929911912807,0.2918880765555132,16.718161511511816,15.46872833528035,18.156212043976524
refined_stock,quarterly,per_obs,1.0,test,frac_fu_out,35,108,1.8673655196342513,1.862961965010338,0.24429834926134042,0.19144263307732112,0.31993425016062504,0.25825793503234107,0.2249929911912807,0.2918880765555132,16.718161511511816,15.46872833528035,18.156212043976524
refined_stock,quarterly,per_obs,1.0,test,frac_eu_new,35,108,22.521416004705365,22.47089779799686,0.21365007241563871,0.1264161981135492,0.30311700676914355,0.22045346300700597,0.18002649321530728,0.2619567304581516,16.718161511511816,15.46872833528035,18.156212043976524
refined_stock,quarterly,per_obs,1.0,test,frac_eu_into,35,108,1.5214996208131124,1.5180867167428225,0.21365007241563871,0.1264161981135492,0.30311700676914355,0.22045346300700597,0.18002649321530728,0.2619567304581516,16.718161511511816,15.46872833528035,18.156212043976524
refined_stock,quarterly,per_obs,1.0,test,f_cohort_10yr,35,108,50.40387411173697,50.297322805217945,0.4201513783234079,0.27387446517035396,0.5120571267557661,0.43140351358198215,0.3527292303659224,0.538876684545897,16.718161511511816,15.46872833528035,18.156212043976524
refined_stock,quarterly,per_obs,1.0,test,f_cohort_20yr,35,108,37.74565903961782,37.330542228525104,0.40672077906596105,0.3428292395958321,0.5998562740979874,0.4473559116010384,0.3880076984847658,0.5257659743232335,16.718161511511816,15.46872833528035,18.156212043976524
refined_stock,quarterly,per_obs,1.0,test,f_cohort_44yr,35,108,26.694178957225233,26.648534626623288,0.4383700032668525,0.3548159245803095,0.6394636495351713,0.4826679362051556,0.4044121109592069,0.5749750627572103,16.718161511511816,15.46872833528035,18.156212043976524
refined_stock,quarterly,fixed_total,1.0,test,alpha_cc,35,108,12.866123464424417,12.853546750312177,0.1509783574258794,0.12393860339643403,0.19783784504268098,0.15782637588160064,0.140073542200142,0.18087619608149197,5.479813774233701,4.996665665570621,6.071540418555669
refined_stock,quarterly,fixed_total,1.0,test,alpha_refc,35,108,17.540400858583634,17.111486963217306,2.1386215590901703,1.8709963176003708,2.43439753404906,2.150234607022913,2.0045358309953185,2.3000565123977132,5.479813774233701,4.996665665570621,6.071540418555669
refined_stock,quarterly,fixed_total,1.0,test,alpha_win,35,108,16.931061695567116,16.92138169096954,0.10995507860899201,0.06960008982032084,0.15330739206778077,0.1167560360699843,0.09412118752461507,0.14197835850410234,5.479813774233701,4.996665665570621,6.071540418555669
refined_stock,quarterly,fixed_total,1.0,test,alpha_dr,35,108,16.74970470213306,16.688152011321037,0.12004558578171398,0.08702650296501524,0.1602278284919878,0.12627791131003818,0.10593046974523013,0.15091359669634485,5.479813774233701,4.996665665570621,6.071540418555669
refined_stock,quarterly,fixed_total,1.0,test,tau_olds,35,108,13.881564545569692,13.871495926128647,0.0971819807879859,0.07235565506549246,0.13496021401820935,0.1050617868029291,0.08861858381735699,0.12478672904891464,5.479813774233701,4.996665665570621,6.071540418555669
refined_stock,quarterly,fixed_total,1.0,test,frac_fu_new,35,108,18.054858043440014,18.03355519972783,0.09175887545267436,0.06886615437639576,0.12067107891798323,0.09443291849615953,0.0827412601214661,0.1080567765042506,5.479813774233701,4.996665665570621,6.071540418555669
refined_stock,quarterly,fixed_total,1.0,test,frac_fu_out,35,108,1.8673655196342513,1.8657637271174436,0.09175887545267436,0.06886615437639576,0.12067107891798323,0.09443291849615676,0.0827412601214661,0.1080567765042506,5.479813774233701,4.996665665570621,6.071540418555669
refined_stock,quarterly,fixed_total,1.0,test,frac_eu_new,35,108,22.521416004705365,22.50296657259607,0.07697617573118043,0.042708537100322186,0.11288606889668373,0.07938170262455635,0.06416911277041248,0.0962394629541452,5.479813774233701,4.996665665570621,6.071540418555669
refined_stock,quarterly,fixed_total,1.0,test,frac_eu_into,35,108,1.5214996208131124,1.5202532158822393,0.07697617573118043,0.042708537100322186,0.11288606889668373,0.07938170262455635,0.06416911277041248,0.0962394629541452,5.479813774233701,4.996665665570621,6.071540418555669
refined_stock,quarterly,fixed_total,1.0,test,f_cohort_10yr,35,108,50.40387411173697,50.36832701382299,0.14765675415611135,0.09839079323593625,0.19687426080904347,0.15375609991185313,0.12625006121260718,0.19574865953941867,5.479813774233701,4.996665665570621,6.071540418555669
refined_stock,quarterly,fixed_total,1.0,test,f_cohort_20yr,35,108,37.74565903961782,37.590429763654235,0.1432824341387251,0.11669323579479585,0.2213981062374415,0.16319177549282415,0.13756470408456956,0.191811278178472,5.479813774233701,4.996665665570621,6.071540418555669
refined_stock,quarterly,fixed_total,1.0,test,f_cohort_44yr,35,108,26.694178957225233,26.677543132066237,0.1560185316907825,0.11923775492661548,0.23675067123213878,0.17783701148255948,0.14403593157482075,0.21193355682079806,5.479813774233701,4.996665665570621,6.071540418555669
refined_stock,monthly,per_obs,1.0,test,alpha_cc,35,324,12.866123464424417,12.736769154581234,0.9119752201179887,0.7418442673978953,1.0684990398083016,0.9118231264048149,0.8285924923948418,1.0151861305627063,33.92047268735456,31.620258470223945,36.19180455675161
refined_stock,monthly,per_obs,1.0,test,alpha_refc,35,324,17.540400858583634,15.881460821439632,8.172106347636433,7.216954245818941,9.415301396052579,8.248905482691242,7.691337427231144,8.828380596044672,33.92047268735456,31.620258470223945,36.19180455675161
refined_stock,monthly,per_obs,1.0,test,alpha_win,35,324,16.931061695567116,16.88557993579195,0.5018419585584355,0.40213968650150145,0.6926798816922708,0.5528127048854026,0.47292989871505764,0.6601892647204122,33.92047268735456,31.620258470223945,36.19180455675161
refined_stock,monthly,per_obs,1.0,test,alpha_dr,35,324,16.74970470213306,16.49524551467478,0.5767223620111839,0.4631934872541432,0.7907390558739569,0.6197023083193143,0.5318396309303419,0.7232789577153564,33.92047268735456,31.620258470223945,36.19180455675161
refined_stock,monthly,per_obs,1.0,test,tau_olds,35,324,13.881564545569692,13.83377630492738,0.5148301825986135,0.4002087879583227,0.6894113809045865,0.5459939661303204,0.46994021770381256,0.633926711363908,33.92047268735456,31.620258470223945,36.19180455675161
refined_stock,monthly,per_obs,1.0,test,frac_fu_new,35,324,18.054858043440014,17.90886594698839,0.4398003687210106,0.3366432964784727,0.5422502508195093,0.4562558062247174,0.4014564293580325,0.515389761289714,33.92047268735456,31.620258470223945,36.19180455675161
refined_stock,monthly,per_obs,1.0,test,frac_fu_out,35,324,1.8673655196342513,1.859047296428886,0.4398003687210106,0.3366432964784727,0.5422502508195093,0.4562558062247174,0.4014564293580325,0.515389761289714,33.92047268735456,31.620258470223945,36.19180455675161
refined_stock,monthly,per_obs,1.0,test,frac_eu_new,35,324,22.521416004705365,22.428756044313577,0.3705743204192036,0.25145015101553647,0.5450713158736242,0.40270637158510425,0.3304106309479027,0.4666801345348248,33.92047268735456,31.620258470223945,36.19180455675161
refined_stock,monthly,per_obs,1.0,test,frac_eu_into,35,324,1.5214996208131124,1.5152397082671514,0.3705743204192036,0.25145015101553647,0.5450713158736242,0.40270637158510425,0.3304106309479027,0.4666801345348248,33.92047268735456,31.620258470223945,36.19180455675161
refined_stock,monthly,per_obs,1.0,test,f_cohort_10yr,35,324,50.40387411173697,50.194033847237286,0.762364792022252,0.5150970195009985,0.8908818512479932,0.7790533555026236,0.6447796504929437,0.9488439387996705,33.92047268735456,31.620258470223945,36.19180455675161
refined_stock,monthly,per_obs,1.0,test,f_cohort_20yr,35,324,37.74565903961782,37.00157904297166,0.7739306193514262,0.6206441569560406,1.0709075773194077,0.8125569478555472,0.7116572657788589,0.9527575724766479,33.92047268735456,31.620258470223945,36.19180455675161
refined_stock,monthly,per_obs,1.0,test,f_cohort_44yr,35,324,26.694178957225233,26.615075908845018,0.8418605921287292,0.6373013344892597,1.1165563284493862,0.8646047733399304,0.7416163087477334,1.0149965828517848,33.92047268735456,31.620258470223945,36.19180455675161
refined_stock,monthly,fixed_total,1.0,test,alpha_cc,35,324,12.866123464424417,12.853873161804414,0.14910953795270743,0.1220637942714542,0.19235355882656346,0.15635639504815446,0.13760607460994723,0.17807836620370998,5.446173305511948,4.955718996478339,6.024233746408687
refined_stock,monthly,fixed_total,1.0,test,alpha_refc,35,324,17.540400858583634,17.129411287170775,2.0664505127534483,1.8027063126504483,2.3443046726632555,2.0729044074237257,1.9356068766082757,2.2120047239014284,5.446173305511948,4.955718996478339,6.024233746408687
refined_stock,monthly,fixed_total,1.0,test,alpha_win,35,324,16.931061695567116,16.921392921534398,0.10905175919118104,0.06934085325468464,0.1524210764778322,0.11472352418189502,0.09233092697346623,0.14062274974877553,5.446173305511948,4.955718996478339,6.024233746408687
refined_stock,monthly,fixed_total,1.0,test,alpha_dr,35,324,16.74970470213306,16.68797292426611,0.11877278153655801,0.08292150287483313,0.15819436821972177,0.12431020206565557,0.10428242915666575,0.14785843459491632,5.446173305511948,4.955718996478339,6.024233746408687
refined_stock,monthly,fixed_total,1.0,test,tau_olds,35,324,13.881564545569692,13.872131574419617,0.09394816656203009,0.0694243121576954,0.1297049320340471,0.10336974547256739,0.08609726669123186,0.12228717191810623,5.446173305511948,4.955718996478339,6.024233746408687
refined_stock,monthly,fixed_total,1.0,test,frac_fu_new,35,324,18.054858043440014,18.03369638394597,0.09099088882393858,0.06469161573061655,0.12029075511360565,0.09290822780870511,0.08083617545440736,0.1067479612186617,5.446173305511948,4.955718996478339,6.024233746408687
refined_stock,monthly,fixed_total,1.0,test,frac_fu_out,35,324,1.8673655196342513,1.8657671198754422,0.09099088882393858,0.06469161573061655,0.12029075511360565,0.09290822780870511,0.08083617545440736,0.1067479612186617,5.446173305511948,4.955718996478339,6.024233746408687
refined_stock,monthly,fixed_total,1.0,test,frac_eu_new,35,324,22.521416004705365,22.503027692996433,0.07676646622362115,0.04231873327169566,0.11014660950419142,0.07865237226412636,0.06282497025448253,0.09504760910521437,5.446173305511948,4.955718996478339,6.024233746408687
refined_stock,monthly,fixed_total,1.0,test,frac_eu_into,35,324,1.5214996208131124,1.5202573450482721,0.07676646622362115,0.04231873327169566,0.11014660950419142,0.07865237226412636,0.06282497025448253,0.09504760910521437,5.446173305511948,4.955718996478339,6.024233746408687
refined_stock,monthly,fixed_total,1.0,test,f_cohort_10yr,35,324,50.40387411173697,50.36927492361288,0.1441908354497201,0.09455486216525255,0.19159008623481633,0.15069056992996765,0.12285666535982176,0.18729391672183127,5.446173305511948,4.955718996478339,6.024233746408687
refined_stock,monthly,fixed_total,1.0,test,f_cohort_20yr,35,324,37.74565903961782,37.59128398930418,0.14219401092442352,0.1160167708011306,0.2206295353580412,0.16113797549852926,0.13537334829933356,0.18968257510323383,5.446173305511948,4.955718996478339,6.024233746408687
refined_stock,monthly,fixed_total,1.0,test,f_cohort_44yr,35,324,26.694178957225233,26.677860310127468,0.1549356236967947,0.11813754056292924,0.23028828716968874,0.172997969022734,0.14057615167848425,0.2082311368203027,5.446173305511948,4.955718996478339,6.024233746408687
inuse_stock,annual,per_obs,1.0,test,alpha_cc,35,27,12.866123464424417,12.833111699138888,0.07422859192298681,0.05108230834242056,0.15498287029816482,0.10036404431057466,0.0724611333711711,0.13884889668355216,5.224908990880818,4.895021380749833,5.536628629436048
inuse_stock,annual,per_obs,1.0,test,alpha_refc,35,27,17.540400858583634,17.528300530109448,0.08246356648908826,0.044174645440603344,0.11727630502362807,0.08339610204162462,0.06567967682601372,0.10967926120781235,5.224908990880818,4.895021380749833,5.536628629436048
inuse_stock,annual,per_obs,1.0,test,alpha_win,35,27,16.931061695567116,16.92489539432134,0.07543452406485462,0.03717349850412832,0.10180217062064623,0.07438214403748811,0.060326359263840335,0.09417704834944196,5.224908990880818,4.895021380749833,5.536628629436048
inuse_stock,annual,per_obs,1.0,test,alpha_dr,35,27,16.74970470213306,16.721500949716727,0.14029385779852355,0.09579119036252082,0.1928430746943266,0.1532183848777846,0.12481339942334024,0.2018870651790905,5.224908990880818,4.895021380749833,5.536628629436048
inuse_stock,annual,per_obs,1.0,test,tau_olds,35,27,13.881564545569692,13.836623294143056,0.5441621129655294,0.3818189957321194,0.769951819982817,0.5735551368077019,0.4754908084776077,0.69775022710864,5.224908990880818,4.895021380749833,5.536628629436048
inuse_stock,annual,per_obs,1.0,test,frac_fu_new,35,27,18.054858043440014,17.92568781848419,0.2546096490173344,0.1373846775173937,0.46924969691379825,0.2879914036821668,0.19425932918224476,0.3776543368172236,5.224908990880818,4.895021380749833,5.536628629436048
inuse_stock,annual,per_obs,1.0,test,frac_fu_out,35,27,1.8673655196342513,1.8574504302313377,0.2546096490173344,0.1373846775173937,0.46924969691379825,0.2879914036821668,0.19425932918224476,0.3776543368172236,5.224908990880818,4.895021380749833,5.536628629436048
inuse_stock,annual,per_obs,1.0,test,frac_eu_new,35,27,22.521416004705365,22.47316170395593,0.21795364334903367,0.12638147491982332,0.33755785051591825,0.23814685916531964,0.183957048520611,0.2940722831382747,5.224908990880818,4.895021380749833,5.536628629436048
inuse_stock,annual,per_obs,1.0,test,frac_eu_into,35,27,1.5214996208131124,1.519002762398269,0.21795364334903367,0.12638147491982332,0.33755785051591825,0.23814685916531964,0.183957048520611,0.2940722831382747,5.224908990880818,4.895021380749833,5.536628629436048
inuse_stock,annual,per_obs,1.0,test,f_cohort_10yr,35,27,50.40387411173697,45.48884676132156,9.858413493645024,7.216757672158486,14.111403605950384,10.277921506310339,8.741515735406352,11.824992890423612,5.224908990880818,4.895021380749833,5.536628629436048
inuse_stock,annual,per_obs,1.0,test,f_cohort_20yr,35,27,37.74565903961782,35.07141853485562,4.821393670606988,2.3593681988541726,8.116794459527842,5.418738353465574,4.098926507670359,6.662142137619082,5.224908990880818,4.895021380749833,5.536628629436048
inuse_stock,annual,per_obs,1.0,test,f_cohort_44yr,35,27,26.694178957225233,23.068977388260002,13.28951438643331,11.47213696280171,16.00750156958089,13.442666472822179,12.42691613835467,14.565917390256327,5.224908990880818,4.895021380749833,5.536628629436048
inuse_stock,annual,fixed_total,1.0,test,alpha_cc,35,27,12.866123464424417,12.833111699138888,0.07422859192298681,0.05108230834242056,0.15498287029816482,0.10036404431057466,0.0724611333711711,0.13884889668355216,5.224908990880818,4.895021380749833,5.536628629436048
inuse_stock,annual,fixed_total,1.0,test,alpha_refc,35,27,17.540400858583634,17.528300530109448,0.08246356648908826,0.044174645440603344,0.11727630502362807,0.08339610204162462,0.06567967682601372,0.10967926120781235,5.224908990880818,4.895021380749833,5.536628629436048
inuse_stock,annual,fixed_total,1.0,test,alpha_win,35,27,16.931061695567116,16.92489539432134,0.07543452406485462,0.03717349850412832,0.10180217062064623,0.07438214403748811,0.060326359263840335,0.09417704834944196,5.224908990880818,4.895021380749833,5.536628629436048
inuse_stock,annual,fixed_total,1.0,test,alpha_dr,35,27,16.74970470213306,16.721500949716727,0.14029385779852355,0.09579119036252082,0.1928430746943266,0.1532183848777846,0.12481339942334024,0.2018870651790905,5.224908990880818,4.895021380749833,5.536628629436048
inuse_stock,annual,fixed_total,1.0,test,tau_olds,35,27,13.881564545569692,13.836623294143056,0.5441621129655294,0.3818189957321194,0.769951819982817,0.5735551368077019,0.4754908084776077,0.69775022710864,5.224908990880818,4.895021380749833,5.536628629436048
inuse_stock,annual,fixed_total,1.0,test,frac_fu_new,35,27,18.054858043440014,17.92568781848419,0.2546096490173344,0.1373846775173937,0.46924969691379825,0.2879914036821668,0.19425932918224476,0.3776543368172236,5.224908990880818,4.895021380749833,5.536628629436048
inuse_stock,annual,fixed_total,1.0,test,frac_fu_out,35,27,1.8673655196342513,1.8574504302313377,0.2546096490173344,0.1373846775173937,0.46924969691379825,0.2879914036821668,0.19425932918224476,0.3776543368172236,5.224908990880818,4.895021380749833,5.536628629436048
inuse_stock,annual,fixed_total,1.0,test,frac_eu_new,35,27,22.521416004705365,22.47316170395593,0.21795364334903367,0.12638147491982332,0.33755785051591825,0.23814685916531964,0.183957048520611,0.2940722831382747,5.224908990880818,4.895021380749833,5.536628629436048
inuse_stock,annual,fixed_total,1.0,test,frac_eu_into,35,27,1.5214996208131124,1.519002762398269,0.21795364334903367,0.12638147491982332,0.33755785051591825,0.23814685916531964,0.183957048520611,0.2940722831382747,5.224908990880818,4.895021380749833,5.536628629436048
inuse_stock,annual,fixed_total,1.0,test,f_cohort_10yr,35,27,50.40387411173697,45.48884676132156,9.858413493645024,7.216757672158486,14.111403605950384,10.277921506310339,8.741515735406352,11.824992890423612,5.224908990880818,4.895021380749833,5.536628629436048
inuse_stock,annual,fixed_total,1.0,test,f_cohort_20yr,35,27,37.74565903961782,35.07141853485562,4.821393670606988,2.3593681988541726,8.116794459527842,5.418738353465574,4.098926507670359,6.662142137619082,5.224908990880818,4.895021380749833,5.536628629436048
inuse_stock,annual,fixed_total,1.0,test,f_cohort_44yr,35,27,26.694178957225233,23.068977388260002,13.28951438643331,11.47213696280171,16.00750156958089,13.442666472822179,12.42691613835467,14.565917390256327,5.224908990880818,4.895021380749833,5.536628629436048
inuse_stock,quarterly,per_obs,1.0,test,alpha_cc,35,108,12.866123464424417,12.820636202767952,0.13531040413817808,0.09953019775623684,0.2448565641136824,0.17036829443818347,0.13104229350653918,0.21370397578407974,9.34006604091275,8.89385279170306,9.808278202388989
inuse_stock,quarterly,per_obs,1.0,test,alpha_refc,35,108,17.540400858583634,17.517661277478272,0.13995481929705011,0.10560185245541698,0.20381715063164663,0.15178895106168488,0.12683980065328893,0.18941799180934304,9.34006604091275,8.89385279170306,9.808278202388989
inuse_stock,quarterly,per_obs,1.0,test,alpha_win,35,108,16.931061695567116,16.92059613907746,0.14030932314796907,0.07496336001537873,0.17615663387876013,0.13204054919362385,0.10653447797302484,0.1567394290730939,9.34006604091275,8.89385279170306,9.808278202388989
inuse_stock,quarterly,per_obs,1.0,test,alpha_dr,35,108,16.74970470213306,16.690961690479856,0.3328874711726493,0.2353005792815499,0.40152802395346243,0.3267720492767634,0.2856990671974091,0.3688517097262034,9.34006604091275,8.89385279170306,9.808278202388989
inuse_stock,quarterly,per_obs,1.0,test,tau_olds,35,108,13.881564545569692,13.771657565644848,1.1559094781335433,0.8154865344689899,1.544632315319866,1.1810322727508649,1.0204075955556946,1.3499449411812359,9.34006604091275,8.89385279170306,9.808278202388989
inuse_stock,quarterly,per_obs,1.0,test,frac_fu_new,35,108,18.054858043440014,17.894061793714634,0.37685856046998367,0.21901139739091136,0.6053798972439517,0.4211897256870156,0.3227842629653699,0.5208660811052868,9.34006604091275,8.89385279170306,9.808278202388989
inuse_stock,quarterly,per_obs,1.0,test,frac_fu_out,35,108,1.8673655196342513,1.854545501362637,0.37685856046998367,0.21901139739091136,0.6053798972439517,0.4211897256870156,0.3227842629653699,0.5208660811052868,9.34006604091275,8.89385279170306,9.808278202388989
inuse_stock,quarterly,per_obs,1.0,test,frac_eu_new,35,108,22.521416004705365,22.43877348835091,0.3177218433973339,0.2121016710027568,0.46070992320284,0.32922203276729844,0.26523683344948923,0.403713247442955,9.34006604091275,8.89385279170306,9.808278202388989
inuse_stock,quarterly,per_obs,1.0,test,frac_eu_into,35,108,1.5214996208131124,1.5179924242493783,0.3177218433973339,0.2121016710027568,0.46070992320284,0.32922203276729844,0.26523683344948923,0.403713247442955,9.34006604091275,8.89385279170306,9.808278202388989
inuse_stock,quarterly,per_obs,1.0,test,f_cohort_10yr,35,108,50.40387411173697,44.59134907941694,12.353573513471739,8.580862466813361,16.797320097593612,12.459575073746354,10.680242508909298,14.336566847855503,9.34006604091275,8.89385279170306,9.808278202388989
inuse_stock,quarterly,per_obs,1.0,test,f_cohort_20yr,35,108,37.74565903961782,34.32818393543657,6.416172227149685,3.07891817645205,10.303819546802973,6.889377564591387,5.285208404271058,8.611480556746304,9.34006604091275,8.89385279170306,9.808278202388989
inuse_stock,quarterly,per_obs,1.0,test,f_cohort_44yr,35,108,26.694178957225233,21.964400224926298,16.84314597752259,14.314343570382192,19.860049589350396,16.98504379634535,15.660199650246309,18.14799989205948,9.34006604091275,8.89385279170306,9.808278202388989
inuse_stock,quarterly,fixed_total,1.0,test,alpha_cc,35,108,12.866123464424417,12.833916336830654,0.07445228873936838,0.04871037409256429,0.14627402957198,0.09534302529997929,0.06855877210368844,0.13482948931110017,5.121904250863804,4.792877143130873,5.423501930073506
inuse_stock,quarterly,fixed_total,1.0,test,alpha_refc,35,108,17.540400858583634,17.528801722908792,0.07547068120461464,0.04573194113889345,0.11109474725942148,0.0798329384036206,0.06346064329442735,0.10524285582043102,5.121904250863804,4.792877143130873,5.423501930073506
inuse_stock,quarterly,fixed_total,1.0,test,alpha_win,35,108,16.931061695567116,16.925962007590847,0.07323044679168333,0.035749578230070966,0.10141539635399321,0.07253647896363069,0.058684310578160925,0.08920971087000851,5.121904250863804,4.792877143130873,5.423501930073506
inuse_stock,quarterly,fixed_total,1.0,test,alpha_dr,35,108,16.74970470213306,16.720765003236068,0.13347985268956641,0.08772632904765487,0.19327052425355817,0.14501202471424723,0.11717359230596358,0.19227169292678203,5.121904250863804,4.792877143130873,5.423501930073506
inuse_stock,quarterly,fixed_total,1.0,test,tau_olds,35,108,13.881564545569692,13.842864170632145,0.47922116135044046,0.3241689875191134,0.7116678064627902,0.5146574616802041,0.41920694844143624,0.6218767862278263,5.121904250863804,4.792877143130873,5.423501930073506
inuse_stock,quarterly,fixed_total,1.0,test,frac_fu_new,35,108,18.054858043440014,17.933259234089558,0.2537024548106115,0.13505753262508247,0.4620795358712959,0.2846314551535445,0.19293900373438255,0.37446815093828967,5.121904250863804,4.792877143130873,5.423501930073506
inuse_stock,quarterly,fixed_total,1.0,test,frac_fu_out,35,108,1.8673655196342513,1.8577584185967615,0.2537024548106115,0.13505753262508247,0.4620795358712959,0.2846314551535445,0.19293900373438255,0.37446815093828967,5.121904250863804,4.792877143130873,5.423501930073506
inuse_stock,quarterly,fixed_total,1.0,test,frac_eu_new,35,108,22.521416004705365,22.48065046691583,0.20970043485463163,0.12568444873361506,0.32981901844132966,0.23248303940746895,0.1813774444807459,0.28781337995389955,5.121904250863804,4.792877143130873,5.423501930073506
inuse_stock,quarterly,fixed_total,1.0,test,frac_eu_into,35,108,1.5214996208131124,1.519021714709042,0.20970043485463163,0.12568444873361506,0.32981901844132966,0.23248303940746895,0.1813774444807459,0.28781337995389955,5.121904250863804,4.792877143130873,5.423501930073506
inuse_stock,quarterly,fixed_total,1.0,test,f_cohort_10yr,35,108,50.40387411173697,45.713412900376994,9.339283809771338,6.876909493307421,13.380821720164626,9.771919468436689,8.305827350478157,11.278426749388021,5.121904250863804,4.792877143130873,5.423501930073506
inuse_stock,quarterly,fixed_total,1.0,test,f_cohort_20yr,35,108,37.74565903961782,35.244302226246184,4.4344189496384185,2.270152777282158,7.603427480833835,5.0995147910684855,3.864130159852047,6.250494425020847,5.121904250863804,4.792877143130873,5.423501930073506
inuse_stock,quarterly,fixed_total,1.0,test,f_cohort_44yr,35,108,26.694178957225233,23.34030359061543,12.285415298679004,10.907822578280719,15.128722409413186,12.68640740559972,11.739963474748032,13.722477545471119,5.121904250863804,4.792877143130873,5.423501930073506
inuse_stock,monthly,per_obs,1.0,test,alpha_cc,35,324,12.866123464424417,12.806492136337305,0.23740500182052315,0.17969775106883024,0.3865098203550299,0.27796902121396405,0.2247662360126912,0.3234087690385523,14.410406310050952,13.755841872947027,15.099049647488613
inuse_stock,monthly,per_obs,1.0,test,alpha_refc,35,324,17.540400858583634,17.494673191328854,0.2567308952694525,0.21582265379033183,0.3327206878198985,0.26751780556437954,0.24059122235978725,0.3210695212004122,14.410406310050952,13.755841872947027,15.099049647488613
inuse_stock,monthly,per_obs,1.0,test,alpha_win,35,324,16.931061695567116,16.912419463495027,0.20777401942702056,0.13275109254551887,0.2658511036246647,0.2152580765417994,0.17843269574633336,0.25469989240634594,14.410406310050952,13.755841872947027,15.099049647488613
inuse_stock,monthly,per_obs,1.0,test,alpha_dr,35,324,16.74970470213306,16.63192789190015,0.6584033534991485,0.5095177365395442,0.7358734177721593,0.6330545230624485,0.5725436703391429,0.6938884807756951,14.410406310050952,13.755841872947027,15.099049647488613
inuse_stock,monthly,per_obs,1.0,test,tau_olds,35,324,13.881564545569692,13.649334284583759,2.0579315528514996,1.4318977435952895,2.5454122892025532,2.0214123789322915,1.8004617849346594,2.298384537964837,14.410406310050952,13.755841872947027,15.099049647488613
inuse_stock,monthly,per_obs,1.0,test,frac_fu_new,35,324,18.054858043440014,17.85265812239827,0.6046388460016261,0.387623887567462,0.8433022192845752,0.6143277894412741,0.5063404691758588,0.7222574822805639,14.410406310050952,13.755841872947027,15.099049647488613
inuse_stock,monthly,per_obs,1.0,test,frac_fu_out,35,324,1.8673655196342513,1.8524247484229912,0.6046388460016261,0.387623887567462,0.8433022192845752,0.6143277894412741,0.5063404691758588,0.7222574822805639,14.410406310050952,13.755841872947027,15.099049647488613
inuse_stock,monthly,per_obs,1.0,test,frac_eu_new,35,324,22.521416004705365,22.39567845296634,0.42900639552680975,0.3070723569797096,0.6035570609732144,0.4464915065827746,0.36555713577133275,0.5238479427813303,14.410406310050952,13.755841872947027,15.099049647488613
inuse_stock,monthly,per_obs,1.0,test,frac_eu_into,35,324,1.5214996208131124,1.5169030506250847,0.42900639552680975,0.3070723569797096,0.6035570609732144,0.4464915065827718,0.36555713577133275,0.5238479427813303,14.410406310050952,13.755841872947027,15.099049647488613
inuse_stock,monthly,per_obs,1.0,test,f_cohort_10yr,35,324,50.40387411173697,44.04295043860017,13.579302473862388,9.626047666631932,18.53158045409988,13.918670441411138,11.984043927676069,15.936245328353072,14.410406310050952,13.755841872947027,15.099049647488613
inuse_stock,monthly,per_obs,1.0,test,f_cohort_20yr,35,324,37.74565903961782,33.75035991537526,7.401153783924275,3.8616424434845698,12.294094032373447,8.115186338463598,6.239583574512341,10.158282822963681,14.410406310050952,13.755841872947027,15.099049647488613
inuse_stock,monthly,per_obs,1.0,test,f_cohort_44yr,35,324,26.694178957225233,21.19589344499255,19.720476215809015,16.330816544282122,22.287161315763637,19.388452186388456,18.066751986561215,20.810498071419165,14.410406310050952,13.755841872947027,15.099049647488613
inuse_stock,monthly,fixed_total,1.0,test,alpha_cc,35,324,12.866123464424417,12.834226947208606,0.07443042970197711,0.04792578274311898,0.14411571787059652,0.0944179999509881,0.06853968301682167,0.13302985178731408,5.095890445431047,4.767696843460851,5.395570420311031
inuse_stock,monthly,fixed_total,1.0,test,alpha_refc,35,324,17.540400858583634,17.52894427481994,0.07301708707385668,0.04520874524031049,0.10966456113971068,0.0784454583334232,0.06261413467865129,0.10342172549295259,5.095890445431047,4.767696843460851,5.395570420311031
inuse_stock,monthly,fixed_total,1.0,test,alpha_win,35,324,16.931061695567116,16.926326012212183,0.07270846777442941,0.03553979362118653,0.1005647430393608,0.07173785864895699,0.057860407498838695,0.08851763078072672,5.095890445431047,4.767696843460851,5.395570420311031
inuse_stock,monthly,fixed_total,1.0,test,alpha_dr,35,324,16.74970470213306,16.720848746471617,0.13266596020971022,0.08469948543009531,0.19295580122895006,0.142478591930284,0.11495859719494739,0.1903232540569677,5.095890445431047,4.767696843460851,5.395570420311031
inuse_stock,monthly,fixed_total,1.0,test,tau_olds,35,324,13.881564545569692,13.844267047584813,0.4659576825831513,0.3143686195009987,0.6928382971215064,0.5013961595980776,0.4078171026627109,0.6024158474423003,5.095890445431047,4.767696843460851,5.395570420311031
inuse_stock,monthly,fixed_total,1.0,test,frac_fu_new,35,324,18.054858043440014,17.935151925773372,0.2529587070456474,0.13447606066261386,0.4603720910701603,0.2835917769948071,0.19283719394039833,0.37210185358474424,5.095890445431047,4.767696843460851,5.395570420311031
inuse_stock,monthly,fixed_total,1.0,test,frac_fu_out,35,324,1.8673655196342513,1.8578499515044213,0.2529587070456474,0.13447606066261386,0.4603720910701603,0.2835917769948071,0.19283719394039833,0.37210185358474424,5.095890445431047,4.767696843460851,5.395570420311031
inuse_stock,monthly,fixed_total,1.0,test,frac_eu_new,35,324,22.521416004705365,22.48248627768909,0.20780589131442762,0.12503344619719803,0.32732390415528556,0.23094345868845956,0.18052848845725444,0.2866893288118233,5.095890445431047,4.767696843460851,5.395570420311031
inuse_stock,monthly,fixed_total,1.0,test,frac_eu_into,35,324,1.5214996208131124,1.5190247694435262,0.20780589131442762,0.12503344619719803,0.32732390415528556,0.23094345868845956,0.18052848845725444,0.2866893288118233,5.095890445431047,4.767696843460851,5.395570420311031
inuse_stock,monthly,fixed_total,1.0,test,f_cohort_10yr,35,324,50.40387411173697,45.76418977544931,9.219452941082086,6.799562813569304,13.21187511783873,9.6748253132153,8.19581836587482,11.14581671142305,5.095890445431047,4.767696843460851,5.395570420311031
inuse_stock,monthly,fixed_total,1.0,test,f_cohort_20yr,35,324,37.74565903961782,35.28283666358825,4.348815931192851,2.248933604492337,7.486479587486993,5.026234142326771,3.814094905201443,6.164030617412952,5.095890445431047,4.767696843460851,5.395570420311031
inuse_stock,monthly,fixed_total,1.0,test,f_cohort_44yr,35,324,26.694178957225233,23.402052793763854,12.047833722983558,10.779170339605926,14.93110737174943,12.515962597677436,11.569893769540734,13.542775702348397,5.095890445431047,4.767696843460851,5.395570420311031
scrap_stock,annual,per_obs,1.0,test,alpha_cc,35,27,12.866123464424417,12.82910887910408,0.10178525449519027,0.08815088324809484,0.13755295624987562,0.1123616248410425,0.09814797884121207,0.13252349881056058,7.991533950428369,7.626143884847004,9.23842112078729
scrap_stock,annual,per_obs,1.0,test,alpha_refc,35,27,17.540400858583634,17.519890579630548,0.12297896061904678,0.09754170868973011,0.14529250594355614,0.12340272400132579,0.10907180611841039,0.14076317947295802,7.991533950428369,7.626143884847004,9.23842112078729
scrap_stock,annual,per_obs,1.0,test,alpha_win,35,27,16.931061695567116,16.891820049670223,0.18838575191828522,0.14635014193827844,0.2579071633609209,0.20462630918642866,0.17590184022428512,0.24624644997427447,7.991533950428369,7.626143884847004,9.23842112078729
scrap_stock,annual,per_obs,1.0,test,alpha_dr,35,27,16.74970470213306,16.50434303019982,1.16506518206132,0.9706495120055669,1.3023663023626009,1.1579483234148258,1.0553046537190802,1.2706522859541547,7.991533950428369,7.626143884847004,9.23842112078729
scrap_stock,annual,per_obs,1.0,test,tau_olds,35,27,13.881564545569692,13.8206173424737,0.3602846639605861,0.29639812472953,0.4355685597329684,0.3689328043361223,0.32798331605276565,0.434897857356914,7.991533950428369,7.626143884847004,9.23842112078729
scrap_stock,annual,per_obs,1.0,test,frac_fu_new,35,27,18.054858043440014,17.925819643021402,0.5968761520235066,0.4886592411082691,0.8194748747709424,0.654681202817059,0.5794703742910023,0.7518782723411999,7.991533950428369,7.626143884847004,9.23842112078729
scrap_stock,annual,per_obs,1.0,test,frac_fu_out,35,27,1.8673655196342513,1.8597039930136912,0.5968761520235066,0.4886592411082691,0.8194748747709424,0.6546812028170618,0.5794703742910023,0.7518782723411999,7.991533950428369,7.626143884847004,9.23842112078729
scrap_stock,annual,per_obs,1.0,test,frac_eu_new,35,27,22.521416004705365,22.491204085083822,0.27994412068301777,0.22590544610526786,0.45960372608800926,0.33717257434872083,0.2714100510709805,0.39136117721815245,7.991533950428369,7.626143884847004,9.23842112078729
scrap_stock,annual,per_obs,1.0,test,frac_eu_into,35,27,1.5214996208131124,1.5194585669007559,0.27994412068301777,0.22590544610526786,0.45960372608800926,0.33717257434872083,0.2714100510709805,0.39136117721815245,7.991533950428369,7.626143884847004,9.23842112078729
scrap_stock,annual,per_obs,1.0,test,f_cohort_10yr,35,27,50.40387411173697,50.27119108264693,0.21039136401768133,0.13411551343505135,0.27674721639414646,0.21362046104010102,0.17862684966303277,0.2498768693105946,7.991533950428369,7.626143884847004,9.23842112078729
scrap_stock,annual,per_obs,1.0,test,f_cohort_20yr,35,27,37.74565903961782,37.702207697091644,0.18175310493515617,0.12183677979452079,0.24094845024310585,0.18911364419455512,0.1597860620595415,0.22646543529676322,7.991533950428369,7.626143884847004,9.23842112078729
scrap_stock,annual,per_obs,1.0,test,f_cohort_44yr,35,27,26.694178957225233,26.647353543597674,0.22293762350760193,0.17694191570675755,0.29182046779003823,0.24197949857397427,0.20867163266400923,0.2836453126922489,7.991533950428369,7.626143884847004,9.23842112078729
scrap_stock,annual,fixed_total,1.0,test,alpha_cc,35,27,12.866123464424417,12.82910887910408,0.10178525449519027,0.08815088324809484,0.13755295624987562,0.1123616248410425,0.09814797884121207,0.13252349881056058,7.991533950428369,7.626143884847004,9.23842112078729
scrap_stock,annual,fixed_total,1.0,test,alpha_refc,35,27,17.540400858583634,17.519890579630548,0.12297896061904678,0.09754170868973011,0.14529250594355614,0.12340272400132579,0.10907180611841039,0.14076317947295802,7.991533950428369,7.626143884847004,9.23842112078729
scrap_stock,annual,fixed_total,1.0,test,alpha_win,35,27,16.931061695567116,16.891820049670223,0.18838575191828522,0.14635014193827844,0.2579071633609209,0.20462630918642866,0.17590184022428512,0.24624644997427447,7.991533950428369,7.626143884847004,9.23842112078729
scrap_stock,annual,fixed_total,1.0,test,alpha_dr,35,27,16.74970470213306,16.50434303019982,1.16506518206132,0.9706495120055669,1.3023663023626009,1.1579483234148258,1.0553046537190802,1.2706522859541547,7.991533950428369,7.626143884847004,9.23842112078729
scrap_stock,annual,fixed_total,1.0,test,tau_olds,35,27,13.881564545569692,13.8206173424737,0.3602846639605861,0.29639812472953,0.4355685597329684,0.3689328043361223,0.32798331605276565,0.434897857356914,7.991533950428369,7.626143884847004,9.23842112078729
scrap_stock,annual,fixed_total,1.0,test,frac_fu_new,35,27,18.054858043440014,17.925819643021402,0.5968761520235066,0.4886592411082691,0.8194748747709424,0.654681202817059,0.5794703742910023,0.7518782723411999,7.991533950428369,7.626143884847004,9.23842112078729
scrap_stock,annual,fixed_total,1.0,test,frac_fu_out,35,27,1.8673655196342513,1.8597039930136912,0.5968761520235066,0.4886592411082691,0.8194748747709424,0.6546812028170618,0.5794703742910023,0.7518782723411999,7.991533950428369,7.626143884847004,9.23842112078729
scrap_stock,annual,fixed_total,1.0,test,frac_eu_new,35,27,22.521416004705365,22.491204085083822,0.27994412068301777,0.22590544610526786,0.45960372608800926,0.33717257434872083,0.2714100510709805,0.39136117721815245,7.991533950428369,7.626143884847004,9.23842112078729
scrap_stock,annual,fixed_total,1.0,test,frac_eu_into,35,27,1.5214996208131124,1.5194585669007559,0.27994412068301777,0.22590544610526786,0.45960372608800926,0.33717257434872083,0.2714100510709805,0.39136117721815245,7.991533950428369,7.626143884847004,9.23842112078729
scrap_stock,annual,fixed_total,1.0,test,f_cohort_10yr,35,27,50.40387411173697,50.27119108264693,0.21039136401768133,0.13411551343505135,0.27674721639414646,0.21362046104010102,0.17862684966303277,0.2498768693105946,7.991533950428369,7.626143884847004,9.23842112078729
scrap_stock,annual,fixed_total,1.0,test,f_cohort_20yr,35,27,37.74565903961782,37.702207697091644,0.18175310493515617,0.12183677979452079,0.24094845024310585,0.18911364419455512,0.1597860620595415,0.22646543529676322,7.991533950428369,7.626143884847004,9.23842112078729
scrap_stock,annual,fixed_total,1.0,test,f_cohort_44yr,35,27,26.694178957225233,26.647353543597674,0.22293762350760193,0.17694191570675755,0.29182046779003823,0.24197949857397427,0.20867163266400923,0.2836453126922489,7.991533950428369,7.626143884847004,9.23842112078729
scrap_stock,quarterly,per_obs,1.0,test,alpha_cc,35,108,12.866123464424417,12.785637071959703,0.34242406956908056,0.2717056474824342,0.4107390528473087,0.3485657389598329,0.307920553301233,0.40085108047227536,21.36002396584173,20.033384140938054,24.09058069553718
scrap_stock,quarterly,per_obs,1.0,test,alpha_refc,35,108,17.540400858583634,17.437691938528573,0.3526392332370287,0.2820362063704285,0.4459666497228676,0.3652865231854041,0.3146369048643516,0.42525212639520915,21.36002396584173,20.033384140938054,24.09058069553718
scrap_stock,quarterly,per_obs,1.0,test,alpha_win,35,108,16.931061695567116,16.8373637882665,0.5246270310961587,0.3976991956426257,0.6778621146462105,0.5477141468877122,0.46614194050295654,0.6612711184563136,21.36002396584173,20.033384140938054,24.09058069553718
scrap_stock,quarterly,per_obs,1.0,test,alpha_dr,35,108,16.74970470213306,16.10391073177241,2.911457368447168,2.462323704507013,3.5155208769454385,2.9559064640912265,2.699014112847875,3.2483905016718886,21.36002396584173,20.033384140938054,24.09058069553718
scrap_stock,quarterly,per_obs,1.0,test,tau_olds,35,108,13.881564545569692,13.729514187949752,0.9629773474066017,0.7499541836227586,1.0957094512785037,0.9450784767363246,0.8318457603092466,1.0789725528779437,21.36002396584173,20.033384140938054,24.09058069553718
scrap_stock,quarterly,per_obs,1.0,test,frac_fu_new,35,108,18.054858043440014,17.81875272308204,1.1738087068626335,1.00170344669121,1.5108148270689736,1.2540923171344365,1.10779636223573,1.5013048033936438,21.36002396584173,20.033384140938054,24.09058069553718
scrap_stock,quarterly,per_obs,1.0,test,frac_fu_out,35,108,1.8673655196342513,1.8517900711086124,1.1738087068626335,1.00170344669121,1.5108148270689736,1.2540923171344365,1.10779636223573,1.5013048033936438,21.36002396584173,20.033384140938054,24.09058069553718
scrap_stock,quarterly,per_obs,1.0,test,frac_eu_new,35,108,22.521416004705365,22.45052019437787,0.5985694893518634,0.45563957549261125,0.7776843909874653,0.6193521476896613,0.5384660645819106,0.7353450951934792,21.36002396584173,20.033384140938054,24.09058069553718
scrap_stock,quarterly,per_obs,1.0,test,frac_eu_into,35,108,1.5214996208131124,1.5155606269533313,0.5985694893518634,0.45563957549261125,0.7776843909874653,0.6193521476896613,0.5384660645819106,0.7353450951934792,21.36002396584173,20.033384140938054,24.09058069553718
scrap_stock,quarterly,per_obs,1.0,test,f_cohort_10yr,35,108,50.40387411173697,50.071927580906696,0.52200927788153,0.34274026498792853,0.7157817377773268,0.5613585181977881,0.4624989067734564,0.6585734463473991,21.36002396584173,20.033384140938054,24.09058069553718
scrap_stock,quarterly,per_obs,1.0,test,f_cohort_20yr,35,108,37.74565903961782,37.58079137864451,0.47980446889173134,0.3285188563902697,0.6754871073377078,0.5022751513412943,0.42732036760060876,0.591070733460447,21.36002396584173,20.033384140938054,24.09058069553718
scrap_stock,quarterly,per_obs,1.0,test,f_cohort_44yr,35,108,26.694178957225233,26.564284483553173,0.6002416297987034,0.48298130385674987,0.7674166395094439,0.6174700266511596,0.5466834756557848,0.7072201813052403,21.36002396584173,20.033384140938054,24.09058069553718
scrap_stock,quarterly,fixed_total,1.0,test,alpha_cc,35,108,12.866123464424417,12.8371136689132,0.12890368832465526,0.11125414404110079,0.16472941586661016,0.1366726369781579,0.12114631778670226,0.15517039663571208,8.096372009453427,7.655983018559446,9.423668591630879
scrap_stock,quarterly,fixed_total,1.0,test,alpha_refc,35,108,17.540400858583634,17.503558322833598,0.1354422216405915,0.1081183106265482,0.17737879536323664,0.1402400628011613,0.12210435037889322,0.16191520561439354,8.096372009453427,7.655983018559446,9.423668591630879
scrap_stock,quarterly,fixed_total,1.0,test,alpha_win,35,108,16.931061695567116,16.892758404294202,0.22505523527018845,0.1680426179348049,0.2900719784061312,0.2335045584709955,0.19901825946457286,0.28026426200886134,8.096372009453427,7.655983018559446,9.423668591630879
scrap_stock,quarterly,fixed_total,1.0,test,alpha_dr,35,108,16.74970470213306,16.414917368398363,1.2092039313762681,1.032653539043027,1.4483080374580848,1.2592750078506743,1.1367449444198874,1.4002358374220814,8.096372009453427,7.655983018559446,9.423668591630879
scrap_stock,quarterly,fixed_total,1.0,test,tau_olds,35,108,13.881564545569692,13.817890620671733,0.4178783020928778,0.328283490229353,0.47922848648691563,0.4131261868923347,0.3561536151126199,0.4707883818115377,8.096372009453427,7.655983018559446,9.423668591630879
scrap_stock,quarterly,fixed_total,1.0,test,frac_fu_new,35,108,18.054858043440014,17.936145741987826,0.5054533246765969,0.43438612447579406,0.6895324026688743,0.5636936246652263,0.48810208216520934,0.6588440586923539,8.096372009453427,7.655983018559446,9.423668591630879
scrap_stock,quarterly,fixed_total,1.0,test,frac_fu_out,35,108,1.8673655196342513,1.860453926180576,0.5054533246765969,0.43438612447579406,0.6895324026688743,0.5636936246652263,0.48810208216520934,0.6588440586923539,8.096372009453427,7.655983018559446,9.423668591630879
scrap_stock,quarterly,fixed_total,1.0,test,frac_eu_new,35,108,22.521416004705365,22.49652928222384,0.2632298180351489,0.20486286081626282,0.34345044465267094,0.2736982727180648,0.23710871675718392,0.3230656725816572,8.096372009453427,7.655983018559446,9.423668591630879
scrap_stock,quarterly,fixed_total,1.0,test,frac_eu_into,35,108,1.5214996208131124,1.5198183260485643,0.2632298180351489,0.20486286081626282,0.34345044465267094,0.2736982727180648,0.23710871675718392,0.3230656725816572,8.096372009453427,7.655983018559446,9.423668591630879
scrap_stock,quarterly,fixed_total,1.0,test,f_cohort_10yr,35,108,50.40387411173697,50.26401815633131,0.2095687343208974,0.1530177170791014,0.2986365834650673,0.22948324252888286,0.18778287971734642,0.26696618918398696,8.096372009453427,7.655983018559446,9.423668591630879
scrap_stock,quarterly,fixed_total,1.0,test,f_cohort_20yr,35,108,37.74565903961782,37.687620450356064,0.1825839425334541,0.12813536428455952,0.27765923378333945,0.2018495688771299,0.16946641508527316,0.23568488396938925,8.096372009453427,7.655983018559446,9.423668591630879
scrap_stock,quarterly,fixed_total,1.0,test,f_cohort_44yr,35,108,26.694178957225233,26.639242495407675,0.24297719483532543,0.19288142802278418,0.3171187719618107,0.2507454327676545,0.21878102301485236,0.2848995402112864,8.096372009453427,7.655983018559446,9.423668591630879
scrap_stock,monthly,per_obs,1.0,test,alpha_cc,35,324,12.866123464424417,12.726903542454385,0.6207988877987014,0.44879251028961953,0.7477674432698422,0.6168025348727124,0.5316704441746312,0.6986009442262686,38.1191455913454,35.9435654629611,41.64373376643727
scrap_stock,monthly,per_obs,1.0,test,alpha_refc,35,324,17.540400858583634,17.341525085986508,0.6337039414194723,0.4920681301477048,0.7898372110703877,0.646404437601053,0.555696442171516,0.7533342436515267,38.1191455913454,35.9435654629611,41.64373376643727
scrap_stock,monthly,per_obs,1.0,test,alpha_win,35,324,16.931061695567116,16.788033247411647,0.8447695172767444,0.629839573719726,1.0765820960444705,0.8770159072939598,0.744942647825253,1.0446933144315107,38.1191455913454,35.9435654629611,41.64373376643727
scrap_stock,monthly,per_obs,1.0,test,alpha_dr,35,324,16.74970470213306,15.848704045437591,4.450067812753089,3.895128857560748,5.445887967120077,4.5669313820240225,4.207222786162607,5.008743488374368,38.1191455913454,35.9435654629611,41.64373376643727
scrap_stock,monthly,per_obs,1.0,test,tau_olds,35,324,13.881564545569692,13.633167433194028,1.5730473344864104,1.1644915621650487,1.7403324773295537,1.4823767887590518,1.3079443601081098,1.6925495764874177,38.1191455913454,35.9435654629611,41.64373376643727
scrap_stock,monthly,per_obs,1.0,test,frac_fu_new,35,324,18.054858043440014,17.7223692412483,1.7144401361724793,1.4934491662972782,2.2828298082641476,1.8553426726712203,1.6234338942309468,2.204430791679879,38.1191455913454,35.9435654629611,41.64373376643727
scrap_stock,monthly,per_obs,1.0,test,frac_fu_out,35,324,1.8673655196342513,1.8414898075036725,1.7144401361724793,1.4934491662972782,2.2828298082641476,1.8553426726712203,1.6234338942309468,2.204430791679879,38.1191455913454,35.9435654629611,41.64373376643727
scrap_stock,monthly,per_obs,1.0,test,frac_eu_new,35,324,22.521416004705365,22.37809570752827,0.9125221580277953,0.7128530687301016,1.1080469343246246,0.9236755481942693,0.8105101321027319,1.0766758429178291,38.1191455913454,35.9435654629611,41.64373376643727
scrap_stock,monthly,per_obs,1.0,test,frac_eu_into,35,324,1.5214996208131124,1.5078548215611316,0.9125221580277953,0.7128530687301016,1.1080469343246246,0.9236755481942693,0.8105101321027319,1.0766758429178291,38.1191455913454,35.9435654629611,41.64373376643727
scrap_stock,monthly,per_obs,1.0,test,f_cohort_10yr,35,324,50.40387411173697,49.8725327250073,0.862588948933618,0.5408101068818894,1.208245595426377,0.9192085557921087,0.7606308501913128,1.0875850066659032,38.1191455913454,35.9435654629611,41.64373376643727
scrap_stock,monthly,per_obs,1.0,test,f_cohort_20yr,35,324,37.74565903961782,37.430365651682706,0.8353103269549078,0.5573016303922596,1.080894177888192,0.832930575724003,0.7118943308415726,0.9651985066575719,38.1191455913454,35.9435654629611,41.64373376643727
scrap_stock,monthly,per_obs,1.0,test,f_cohort_44yr,35,324,26.694178957225233,26.49385350174584,0.9514944210206822,0.8362244613771108,1.247864329263082,0.9997226318672142,0.9008534147846081,1.1538710596860235,38.1191455913454,35.9435654629611,41.64373376643727
scrap_stock,monthly,fixed_total,1.0,test,alpha_cc,35,324,12.866123464424417,12.839867512878612,0.12840770614939157,0.1105712784577606,0.16215259892237155,0.13559925425292163,0.11999781208676397,0.1528887636591869,8.028255884326168,7.592615849246317,9.350208531772061
scrap_stock,monthly,fixed_total,1.0,test,alpha_refc,35,324,17.540400858583634,17.503958689498223,0.13439411168747473,0.1035276625283632,0.17650144629741682,0.13904079372080436,0.12052732003884903,0.1598863219130997,8.028255884326168,7.592615849246317,9.350208531772061
scrap_stock,monthly,fixed_total,1.0,test,alpha_win,35,324,16.931061695567116,16.896212370006296,0.21045220232276396,0.16573929035617052,0.2895671071411532,0.2283708632197956,0.1957124584968828,0.2749648761745216,8.028255884326168,7.592615849246317,9.350208531772061
scrap_stock,monthly,fixed_total,1.0,test,alpha_dr,35,324,16.74970470213306,16.42011436143466,1.17738310271579,1.01957958959919,1.4306655881935304,1.227267570161339,1.1092054389588324,1.3549855221690887,8.028255884326168,7.592615849246317,9.350208531772061
scrap_stock,monthly,fixed_total,1.0,test,tau_olds,35,324,13.881564545569692,13.81923290791818,0.41750043381515445,0.3143250063794012,0.4722437255373857,0.4041773057651882,0.3470144772828532,0.45913644755084526,8.028255884326168,7.592615849246317,9.350208531772061
scrap_stock,monthly,fixed_total,1.0,test,frac_fu_new,35,324,18.054858043440014,17.944900324522084,0.48264661261749886,0.4057273962199348,0.6497478529099987,0.5203220462795421,0.45591241512351055,0.6090575290559452,8.028255884326168,7.592615849246317,9.350208531772061
scrap_stock,monthly,fixed_total,1.0,test,frac_fu_out,35,324,1.8673655196342513,1.8607363510517538,0.48264661261749886,0.4057273962199348,0.6497478529099987,0.5203220462795421,0.45591241512351055,0.6090575290559452,8.028255884326168,7.592615849246317,9.350208531772061
scrap_stock,monthly,fixed_total,1.0,test,frac_eu_new,35,324,22.521416004705365,22.49776117012226,0.24803200470084885,0.19908873240621627,0.3180474062788652,0.252833346481926,0.22260570667115842,0.2931246325826864,8.028255884326168,7.592615849246317,9.350208531772061
scrap_stock,monthly,fixed_total,1.0,test,frac_eu_into,35,324,1.5214996208131124,1.5199015498107797,0.24803200470084885,0.19908873240621627,0.3180474062788652,0.252833346481926,0.22260570667115842,0.2931246325826864,8.028255884326168,7.592615849246317,9.350208531772061
scrap_stock,monthly,fixed_total,1.0,test,f_cohort_10yr,35,324,50.40387411173697,50.263982174244894,0.20151084821772303,0.14808724962939168,0.2915164864006836,0.2234245949106456,0.18367446145555189,0.26117705399114066,8.028255884326168,7.592615849246317,9.350208531772061
scrap_stock,monthly,fixed_total,1.0,test,f_cohort_20yr,35,324,37.74565903961782,37.688315866947924,0.17668538079265161,0.12692053130403114,0.27675743631324634,0.1970850596900553,0.16415994389901156,0.2323519058139878,8.028255884326168,7.592615849246317,9.350208531772061
scrap_stock,monthly,fixed_total,1.0,test,f_cohort_44yr,35,324,26.694178957225233,26.639288222313866,0.23247352722164383,0.18880675560707383,0.30688883342271933,0.24505822987963277,0.21288527168580318,0.275154423872187,8.028255884326168,7.592615849246317,9.350208531772061
concentrate_production,annual,per_obs,1.0,test,alpha_cc,35,0,12.866123464424417,12.866123464424417,0.0,0.0,0.0,0.0,0.0,0.0,0.0,0.0,0.0
concentrate_production,annual,per_obs,1.0,test,alpha_refc,35,0,17.540400858583634,17.540400858583634,0.0,0.0,0.0,0.0,0.0,0.0,0.0,0.0,0.0
concentrate_production,annual,per_obs,1.0,test,alpha_win,35,0,16.931061695567116,16.931061695567116,0.0,0.0,0.0,0.0,0.0,0.0,0.0,0.0,0.0
concentrate_production,annual,per_obs,1.0,test,alpha_dr,35,0,16.74970470213306,16.74970470213306,0.0,0.0,0.0,0.0,0.0,0.0,0.0,0.0,0.0
concentrate_production,annual,per_obs,1.0,test,tau_olds,35,0,13.881564545569692,13.881564545569692,0.0,0.0,0.0,0.0,0.0,0.0,0.0,0.0,0.0
concentrate_production,annual,per_obs,1.0,test,frac_fu_new,35,0,18.054858043440014,18.054858043440014,0.0,0.0,0.0,0.0,0.0,0.0,0.0,0.0,0.0
concentrate_production,annual,per_obs,1.0,test,frac_fu_out,35,0,1.8673655196342513,1.8673655196342513,0.0,0.0,0.0,0.0,0.0,0.0,0.0,0.0,0.0
concentrate_production,annual,per_obs,1.0,test,frac_eu_new,35,0,22.521416004705365,22.521416004705365,0.0,0.0,0.0,0.0,0.0,0.0,0.0,0.0,0.0
concentrate_production,annual,per_obs,1.0,test,frac_eu_into,35,0,1.5214996208131124,1.5214996208131124,0.0,0.0,0.0,0.0,0.0,0.0,0.0,0.0,0.0
concentrate_production,annual,per_obs,1.0,test,f_cohort_10yr,35,0,50.40387411173697,50.40387411173697,0.0,0.0,0.0,0.0,0.0,0.0,0.0,0.0,0.0
concentrate_production,annual,per_obs,1.0,test,f_cohort_20yr,35,0,37.74565903961782,37.74565903961782,0.0,0.0,0.0,0.0,0.0,0.0,0.0,0.0,0.0
concentrate_production,annual,per_obs,1.0,test,f_cohort_44yr,35,0,26.694178957225233,26.694178957225233,0.0,0.0,0.0,0.0,0.0,0.0,0.0,0.0,0.0
concentrate_production,annual,fixed_total,1.0,test,alpha_cc,35,0,12.866123464424417,12.866123464424417,0.0,0.0,0.0,0.0,0.0,0.0,0.0,0.0,0.0
concentrate_production,annual,fixed_total,1.0,test,alpha_refc,35,0,17.540400858583634,17.540400858583634,0.0,0.0,0.0,0.0,0.0,0.0,0.0,0.0,0.0
concentrate_production,annual,fixed_total,1.0,test,alpha_win,35,0,16.931061695567116,16.931061695567116,0.0,0.0,0.0,0.0,0.0,0.0,0.0,0.0,0.0
concentrate_production,annual,fixed_total,1.0,test,alpha_dr,35,0,16.74970470213306,16.74970470213306,0.0,0.0,0.0,0.0,0.0,0.0,0.0,0.0,0.0
concentrate_production,annual,fixed_total,1.0,test,tau_olds,35,0,13.881564545569692,13.881564545569692,0.0,0.0,0.0,0.0,0.0,0.0,0.0,0.0,0.0
concentrate_production,annual,fixed_total,1.0,test,frac_fu_new,35,0,18.054858043440014,18.054858043440014,0.0,0.0,0.0,0.0,0.0,0.0,0.0,0.0,0.0
concentrate_production,annual,fixed_total,1.0,test,frac_fu_out,35,0,1.8673655196342513,1.8673655196342513,0.0,0.0,0.0,0.0,0.0,0.0,0.0,0.0,0.0
concentrate_production,annual,fixed_total,1.0,test,frac_eu_new,35,0,22.521416004705365,22.521416004705365,0.0,0.0,0.0,0.0,0.0,0.0,0.0,0.0,0.0
concentrate_production,annual,fixed_total,1.0,test,frac_eu_into,35,0,1.5214996208131124,1.5214996208131124,0.0,0.0,0.0,0.0,0.0,0.0,0.0,0.0,0.0
concentrate_production,annual,fixed_total,1.0,test,f_cohort_10yr,35,0,50.40387411173697,50.40387411173697,0.0,0.0,0.0,0.0,0.0,0.0,0.0,0.0,0.0
concentrate_production,annual,fixed_total,1.0,test,f_cohort_20yr,35,0,37.74565903961782,37.74565903961782,0.0,0.0,0.0,0.0,0.0,0.0,0.0,0.0,0.0
concentrate_production,annual,fixed_total,1.0,test,f_cohort_44yr,35,0,26.694178957225233,26.694178957225233,0.0,0.0,0.0,0.0,0.0,0.0,0.0,0.0,0.0
concentrate_production,quarterly,per_obs,1.0,test,alpha_cc,35,0,12.866123464424417,12.866123464424417,0.0,0.0,0.0,0.0,0.0,0.0,0.0,0.0,0.0
concentrate_production,quarterly,per_obs,1.0,test,alpha_refc,35,0,17.540400858583634,17.540400858583634,0.0,0.0,0.0,0.0,0.0,0.0,0.0,0.0,0.0
concentrate_production,quarterly,per_obs,1.0,test,alpha_win,35,0,16.931061695567116,16.931061695567116,0.0,0.0,0.0,0.0,0.0,0.0,0.0,0.0,0.0
concentrate_production,quarterly,per_obs,1.0,test,alpha_dr,35,0,16.74970470213306,16.74970470213306,0.0,0.0,0.0,0.0,0.0,0.0,0.0,0.0,0.0
concentrate_production,quarterly,per_obs,1.0,test,tau_olds,35,0,13.881564545569692,13.881564545569692,0.0,0.0,0.0,0.0,0.0,0.0,0.0,0.0,0.0
concentrate_production,quarterly,per_obs,1.0,test,frac_fu_new,35,0,18.054858043440014,18.054858043440014,0.0,0.0,0.0,0.0,0.0,0.0,0.0,0.0,0.0
concentrate_production,quarterly,per_obs,1.0,test,frac_fu_out,35,0,1.8673655196342513,1.8673655196342513,0.0,0.0,0.0,0.0,0.0,0.0,0.0,0.0,0.0
concentrate_production,quarterly,per_obs,1.0,test,frac_eu_new,35,0,22.521416004705365,22.521416004705365,0.0,0.0,0.0,0.0,0.0,0.0,0.0,0.0,0.0
concentrate_production,quarterly,per_obs,1.0,test,frac_eu_into,35,0,1.5214996208131124,1.5214996208131124,0.0,0.0,0.0,0.0,0.0,0.0,0.0,0.0,0.0
concentrate_production,quarterly,per_obs,1.0,test,f_cohort_10yr,35,0,50.40387411173697,50.40387411173697,0.0,0.0,0.0,0.0,0.0,0.0,0.0,0.0,0.0
concentrate_production,quarterly,per_obs,1.0,test,f_cohort_20yr,35,0,37.74565903961782,37.74565903961782,0.0,0.0,0.0,0.0,0.0,0.0,0.0,0.0,0.0
concentrate_production,quarterly,per_obs,1.0,test,f_cohort_44yr,35,0,26.694178957225233,26.694178957225233,0.0,0.0,0.0,0.0,0.0,0.0,0.0,0.0,0.0
concentrate_production,quarterly,fixed_total,1.0,test,alpha_cc,35,0,12.866123464424417,12.866123464424417,0.0,0.0,0.0,0.0,0.0,0.0,0.0,0.0,0.0
concentrate_production,quarterly,fixed_total,1.0,test,alpha_refc,35,0,17.540400858583634,17.540400858583634,0.0,0.0,0.0,0.0,0.0,0.0,0.0,0.0,0.0
concentrate_production,quarterly,fixed_total,1.0,test,alpha_win,35,0,16.931061695567116,16.931061695567116,0.0,0.0,0.0,0.0,0.0,0.0,0.0,0.0,0.0
concentrate_production,quarterly,fixed_total,1.0,test,alpha_dr,35,0,16.74970470213306,16.74970470213306,0.0,0.0,0.0,0.0,0.0,0.0,0.0,0.0,0.0
concentrate_production,quarterly,fixed_total,1.0,test,tau_olds,35,0,13.881564545569692,13.881564545569692,0.0,0.0,0.0,0.0,0.0,0.0,0.0,0.0,0.0
concentrate_production,quarterly,fixed_total,1.0,test,frac_fu_new,35,0,18.054858043440014,18.054858043440014,0.0,0.0,0.0,0.0,0.0,0.0,0.0,0.0,0.0
concentrate_production,quarterly,fixed_total,1.0,test,frac_fu_out,35,0,1.8673655196342513,1.8673655196342513,0.0,0.0,0.0,0.0,0.0,0.0,0.0,0.0,0.0
concentrate_production,quarterly,fixed_total,1.0,test,frac_eu_new,35,0,22.521416004705365,22.521416004705365,0.0,0.0,0.0,0.0,0.0,0.0,0.0,0.0,0.0
concentrate_production,quarterly,fixed_total,1.0,test,frac_eu_into,35,0,1.5214996208131124,1.5214996208131124,0.0,0.0,0.0,0.0,0.0,0.0,0.0,0.0,0.0
concentrate_production,quarterly,fixed_total,1.0,test,f_cohort_10yr,35,0,50.40387411173697,50.40387411173697,0.0,0.0,0.0,0.0,0.0,0.0,0.0,0.0,0.0
concentrate_production,quarterly,fixed_total,1.0,test,f_cohort_20yr,35,0,37.74565903961782,37.74565903961782,0.0,0.0,0.0,0.0,0.0,0.0,0.0,0.0,0.0
concentrate_production,quarterly,fixed_total,1.0,test,f_cohort_44yr,35,0,26.694178957225233,26.694178957225233,0.0,0.0,0.0,0.0,0.0,0.0,0.0,0.0,0.0
concentrate_production,monthly,per_obs,1.0,test,alpha_cc,35,0,12.866123464424417,12.866123464424417,0.0,0.0,0.0,0.0,0.0,0.0,0.0,0.0,0.0
concentrate_production,monthly,per_obs,1.0,test,alpha_refc,35,0,17.540400858583634,17.540400858583634,0.0,0.0,0.0,0.0,0.0,0.0,0.0,0.0,0.0
concentrate_production,monthly,per_obs,1.0,test,alpha_win,35,0,16.931061695567116,16.931061695567116,0.0,0.0,0.0,0.0,0.0,0.0,0.0,0.0,0.0
concentrate_production,monthly,per_obs,1.0,test,alpha_dr,35,0,16.74970470213306,16.74970470213306,0.0,0.0,0.0,0.0,0.0,0.0,0.0,0.0,0.0
concentrate_production,monthly,per_obs,1.0,test,tau_olds,35,0,13.881564545569692,13.881564545569692,0.0,0.0,0.0,0.0,0.0,0.0,0.0,0.0,0.0
concentrate_production,monthly,per_obs,1.0,test,frac_fu_new,35,0,18.054858043440014,18.054858043440014,0.0,0.0,0.0,0.0,0.0,0.0,0.0,0.0,0.0
concentrate_production,monthly,per_obs,1.0,test,frac_fu_out,35,0,1.8673655196342513,1.8673655196342513,0.0,0.0,0.0,0.0,0.0,0.0,0.0,0.0,0.0
concentrate_production,monthly,per_obs,1.0,test,frac_eu_new,35,0,22.521416004705365,22.521416004705365,0.0,0.0,0.0,0.0,0.0,0.0,0.0,0.0,0.0
concentrate_production,monthly,per_obs,1.0,test,frac_eu_into,35,0,1.5214996208131124,1.5214996208131124,0.0,0.0,0.0,0.0,0.0,0.0,0.0,0.0,0.0
concentrate_production,monthly,per_obs,1.0,test,f_cohort_10yr,35,0,50.40387411173697,50.40387411173697,0.0,0.0,0.0,0.0,0.0,0.0,0.0,0.0,0.0
concentrate_production,monthly,per_obs,1.0,test,f_cohort_20yr,35,0,37.74565903961782,37.74565903961782,0.0,0.0,0.0,0.0,0.0,0.0,0.0,0.0,0.0
concentrate_production,monthly,per_obs,1.0,test,f_cohort_44yr,35,0,26.694178957225233,26.694178957225233,0.0,0.0,0.0,0.0,0.0,0.0,0.0,0.0,0.0
concentrate_production,monthly,fixed_total,1.0,test,alpha_cc,35,0,12.866123464424417,12.866123464424417,0.0,0.0,0.0,0.0,0.0,0.0,0.0,0.0,0.0
concentrate_production,monthly,fixed_total,1.0,test,alpha_refc,35,0,17.540400858583634,17.540400858583634,0.0,0.0,0.0,0.0,0.0,0.0,0.0,0.0,0.0
concentrate_production,monthly,fixed_total,1.0,test,alpha_win,35,0,16.931061695567116,16.931061695567116,0.0,0.0,0.0,0.0,0.0,0.0,0.0,0.0,0.0
concentrate_production,monthly,fixed_total,1.0,test,alpha_dr,35,0,16.74970470213306,16.74970470213306,0.0,0.0,0.0,0.0,0.0,0.0,0.0,0.0,0.0
concentrate_production,monthly,fixed_total,1.0,test,tau_olds,35,0,13.881564545569692,13.881564545569692,0.0,0.0,0.0,0.0,0.0,0.0,0.0,0.0,0.0
concentrate_production,monthly,fixed_total,1.0,test,frac_fu_new,35,0,18.054858043440014,18.054858043440014,0.0,0.0,0.0,0.0,0.0,0.0,0.0,0.0,0.0
concentrate_production,monthly,fixed_total,1.0,test,frac_fu_out,35,0,1.8673655196342513,1.8673655196342513,0.0,0.0,0.0,0.0,0.0,0.0,0.0,0.0,0.0
concentrate_production,monthly,fixed_total,1.0,test,frac_eu_new,35,0,22.521416004705365,22.521416004705365,0.0,0.0,0.0,0.0,0.0,0.0,0.0,0.0,0.0
concentrate_production,monthly,fixed_total,1.0,test,frac_eu_into,35,0,1.5214996208131124,1.5214996208131124,0.0,0.0,0.0,0.0,0.0,0.0,0.0,0.0,0.0
concentrate_production,monthly,fixed_total,1.0,test,f_cohort_10yr,35,0,50.40387411173697,50.40387411173697,0.0,0.0,0.0,0.0,0.0,0.0,0.0,0.0,0.0
concentrate_production,monthly,fixed_total,1.0,test,f_cohort_20yr,35,0,37.74565903961782,37.74565903961782,0.0,0.0,0.0,0.0,0.0,0.0,0.0,0.0,0.0
concentrate_production,monthly,fixed_total,1.0,test,f_cohort_44yr,35,0,26.694178957225233,26.694178957225233,0.0,0.0,0.0,0.0,0.0,0.0,0.0,0.0,0.0
concentrate_consumption,annual,per_obs,1.0,test,alpha_cc,35,27,12.866123464424417,12.764944794006539,0.7857357106703211,0.6345887336496381,0.8821083564660603,0.7756813915096139,0.7012733847432062,0.8448449666371816,4.146113721523049,3.8776682383133085,4.568583663207809
concentrate_consumption,annual,per_obs,1.0,test,alpha_refc,35,27,17.540400858583634,17.51342941141044,0.08640525429252088,0.06039667409297733,0.12196167966258553,0.09151981441205548,0.07806455770043574,0.10674148167503228,4.146113721523049,3.8776682383133085,4.568583663207809
concentrate_consumption,annual,per_obs,1.0,test,alpha_win,35,27,16.931061695567116,16.923092108163644,0.04785987677790038,0.03265917226544235,0.057382098611513666,0.04703189201474833,0.0407340125636646,0.05373523460615037,4.146113721523049,3.8776682383133085,4.568583663207809
concentrate_consumption,annual,per_obs,1.0,test,alpha_dr,35,27,16.74970470213306,16.742418830591948,0.05725045759270575,0.042557171339230315,0.07942874324949889,0.06127210014406359,0.050874955301871694,0.07435188795991698,4.146113721523049,3.8776682383133085,4.568583663207809
concentrate_consumption,annual,per_obs,1.0,test,tau_olds,35,27,13.881564545569692,13.875195367694108,0.05517341323879599,0.04076180834632348,0.07090323172187496,0.05525831733823039,0.04553359489645192,0.06440570375775279,4.146113721523049,3.8776682383133085,4.568583663207809
concentrate_consumption,annual,per_obs,1.0,test,frac_fu_new,35,27,18.054858043440014,18.042685023754167,0.040865109476539985,0.03015818276345117,0.05611708805857152,0.042945166001087665,0.03632699273382611,0.052122846503865894,4.146113721523049,3.8776682383133085,4.568583663207809
concentrate_consumption,annual,per_obs,1.0,test,frac_fu_out,35,27,1.8673655196342513,1.8664918910310813,0.040865109476539985,0.03015818276345117,0.05611708805857152,0.042945166001087665,0.03632699273382611,0.052122846503865894,4.146113721523049,3.8776682383133085,4.568583663207809
concentrate_consumption,annual,per_obs,1.0,test,frac_eu_new,35,27,22.521416004705365,22.51554554714524,0.03434270195508127,0.02885316264820692,0.05397628562334722,0.03877697695698901,0.03188728134384533,0.04654573952675989,4.146113721523049,3.8776682383133085,4.568583663207809
concentrate_consumption,annual,per_obs,1.0,test,frac_eu_into,35,27,1.5214996208131124,1.5211030250151456,0.03434270195508127,0.02885316264820692,0.05397628562334722,0.03877697695698901,0.03188728134384533,0.04654573952675989,4.146113721523049,3.8776682383133085,4.568583663207809
concentrate_consumption,annual,per_obs,1.0,test,f_cohort_10yr,35,27,50.40387411173697,50.359776821085106,0.07291352679594798,0.04367480047829386,0.1222578002649688,0.08363307829628575,0.06342468691760139,0.10355819664409349,4.146113721523049,3.8776682383133085,4.568583663207809
concentrate_consumption,annual,per_obs,1.0,test,f_cohort_20yr,35,27,37.74565903961782,37.72829426522423,0.06002742515999193,0.04530263807000501,0.0977205762098865,0.07240523748573702,0.057206315027974464,0.08688395614629418,4.146113721523049,3.8776682383133085,4.568583663207809
concentrate_consumption,annual,per_obs,1.0,test,f_cohort_44yr,35,27,26.694178957225233,26.67893333945258,0.07696159652383905,0.0520764674493468,0.08977224655128402,0.07403130352921228,0.06456002425280216,0.08482941580622572,4.146113721523049,3.8776682383133085,4.568583663207809
concentrate_consumption,annual,fixed_total,1.0,test,alpha_cc,35,27,12.866123464424417,12.764944794006539,0.7857357106703211,0.6345887336496381,0.8821083564660603,0.7756813915096139,0.7012733847432062,0.8448449666371816,4.146113721523049,3.8776682383133085,4.568583663207809
concentrate_consumption,annual,fixed_total,1.0,test,alpha_refc,35,27,17.540400858583634,17.51342941141044,0.08640525429252088,0.06039667409297733,0.12196167966258553,0.09151981441205548,0.07806455770043574,0.10674148167503228,4.146113721523049,3.8776682383133085,4.568583663207809
concentrate_consumption,annual,fixed_total,1.0,test,alpha_win,35,27,16.931061695567116,16.923092108163644,0.04785987677790038,0.03265917226544235,0.057382098611513666,0.04703189201474833,0.0407340125636646,0.05373523460615037,4.146113721523049,3.8776682383133085,4.568583663207809
concentrate_consumption,annual,fixed_total,1.0,test,alpha_dr,35,27,16.74970470213306,16.742418830591948,0.05725045759270575,0.042557171339230315,0.07942874324949889,0.06127210014406359,0.050874955301871694,0.07435188795991698,4.146113721523049,3.8776682383133085,4.568583663207809
concentrate_consumption,annual,fixed_total,1.0,test,tau_olds,35,27,13.881564545569692,13.875195367694108,0.05517341323879599,0.04076180834632348,0.07090323172187496,0.05525831733823039,0.04553359489645192,0.06440570375775279,4.146113721523049,3.8776682383133085,4.568583663207809
concentrate_consumption,annual,fixed_total,1.0,test,frac_fu_new,35,27,18.054858043440014,18.042685023754167,0.040865109476539985,0.03015818276345117,0.05611708805857152,0.042945166001087665,0.03632699273382611,0.052122846503865894,4.146113721523049,3.8776682383133085,4.568583663207809
concentrate_consumption,annual,fixed_total,1.0,test,frac_fu_out,35,27,1.8673655196342513,1.8664918910310813,0.040865109476539985,0.03015818276345117,0.05611708805857152,0.042945166001087665,0.03632699273382611,0.052122846503865894,4.146113721523049,3.8776682383133085,4.568583663207809
concentrate_consumption,annual,fixed_total,1.0,test,frac_eu_new,35,27,22.521416004705365,22.51554554714524,0.03434270195508127,0.02885316264820692,0.05397628562334722,0.03877697695698901,0.03188728134384533,0.04654573952675989,4.146113721523049,3.8776682383133085,4.568583663207809
concentrate_consumption,annual,fixed_total,1.0,test,frac_eu_into,35,27,1.5214996208131124,1.5211030250151456,0.03434270195508127,0.02885316264820692,0.05397628562334722,0.03877697695698901,0.03188728134384533,0.04654573952675989,4.146113721523049,3.8776682383133085,4.568583663207809
concentrate_consumption,annual,fixed_total,1.0,test,f_cohort_10yr,35,27,50.40387411173697,50.359776821085106,0.07291352679594798,0.04367480047829386,0.1222578002649688,0.08363307829628575,0.06342468691760139,0.10355819664409349,4.146113721523049,3.8776682383133085,4.568583663207809
concentrate_consumption,annual,fixed_total,1.0,test,f_cohort_20yr,35,27,37.74565903961782,37.72829426522423,0.06002742515999193,0.04530263807000501,0.0977205762098865,0.07240523748573702,0.057206315027974464,0.08688395614629418,4.146113721523049,3.8776682383133085,4.568583663207809
concentrate_consumption,annual,fixed_total,1.0,test,f_cohort_44yr,35,27,26.694178957225233,26.67893333945258,0.07696159652383905,0.0520764674493468,0.08977224655128402,0.07403130352921228,0.06456002425280216,0.08482941580622572,4.146113721523049,3.8776682383133085,4.568583663207809
concentrate_consumption,quarterly,per_obs,1.0,test,alpha_cc,35,108,12.866123464424417,12.333266297026098,4.152517744229978,3.6153244439141643,4.979034891064938,4.2382213539227855,3.8921162326679246,4.617955845750988,22.956943190489064,21.364411165774545,24.057205376806145
concentrate_consumption,quarterly,per_obs,1.0,test,alpha_refc,35,108,17.540400858583634,17.380799734248704,0.7309693015344676,0.5702369079933767,0.9181035245021674,0.7576537127906735,0.6725756031803809,0.8600606232275376,22.956943190489064,21.364411165774545,24.057205376806145
concentrate_consumption,quarterly,per_obs,1.0,test,alpha_win,35,108,16.931061695567116,16.883144268473906,0.4013909960594142,0.3057000470118143,0.5082052817203309,0.41139068891104524,0.3590603289719607,0.472871466273872,22.956943190489064,21.364411165774545,24.057205376806145
concentrate_consumption,quarterly,per_obs,1.0,test,alpha_dr,35,108,16.74970470213306,16.58486000262813,0.5146791750332502,0.42115101840989877,0.642764602032786,0.5298340939028062,0.47074934115292066,0.5967315810750606,22.956943190489064,21.364411165774545,24.057205376806145
concentrate_consumption,quarterly,per_obs,1.0,test,tau_olds,35,108,13.881564545569692,13.843632838442362,0.44809524814743984,0.3266458626237645,0.6107690899789686,0.4734399905838793,0.4116021105249501,0.5499380649055641,22.956943190489064,21.364411165774545,24.057205376806145
concentrate_consumption,quarterly,per_obs,1.0,test,frac_fu_new,35,108,18.054858043440014,17.974459487155897,0.30634206227098115,0.2646687430236494,0.4618824243292463,0.3592550465756461,0.29991241125160717,0.4209137953922082,22.956943190489064,21.364411165774545,24.057205376806145
concentrate_consumption,quarterly,per_obs,1.0,test,frac_fu_out,35,108,1.8673655196342513,1.8556461156574047,0.30634206227098115,0.2646687430236494,0.4618824243292463,0.3592550465756461,0.29991241125160717,0.4209137953922082,22.956943190489064,21.364411165774545,24.057205376806145
concentrate_consumption,quarterly,per_obs,1.0,test,frac_eu_new,35,108,22.521416004705365,22.41645784971183,0.33161992653234496,0.21899785310034448,0.44763377992420583,0.34327782129363604,0.2957672062545602,0.40013801901114254,22.956943190489064,21.364411165774545,24.057205376806145
concentrate_consumption,quarterly,per_obs,1.0,test,frac_eu_into,35,108,1.5214996208131124,1.5144088680384846,0.33161992653234496,0.21899785310034448,0.44763377992420583,0.34327782129363604,0.2957672062545602,0.40013801901114254,22.956943190489064,21.364411165774545,24.057205376806145
concentrate_consumption,quarterly,per_obs,1.0,test,f_cohort_10yr,35,108,50.40387411173697,50.1510214662548,0.6517319014332612,0.48137757088879685,0.8985156348256917,0.6781439089153407,0.567090927872882,0.885983464155371,22.956943190489064,21.364411165774545,24.057205376806145
concentrate_consumption,quarterly,per_obs,1.0,test,f_cohort_20yr,35,108,37.74565903961782,37.439016378778504,0.8035385136253126,0.6006356210742303,0.9548193212012168,0.7646509342620622,0.6592783887894971,0.8645161667246937,22.956943190489064,21.364411165774545,24.057205376806145
concentrate_consumption,quarterly,per_obs,1.0,test,f_cohort_44yr,35,108,26.694178957225233,26.558084004894717,0.739062614274022,0.5876399436800239,0.9975546029051097,0.7889049829188088,0.6815367287463847,0.8960108895867624,22.956943190489064,21.364411165774545,24.057205376806145
concentrate_consumption,quarterly,fixed_total,1.0,test,alpha_cc,35,108,12.866123464424417,12.661463003551285,1.6166934659610388,1.4203466828506373,1.966942253716275,1.6499877111691263,1.513780962524558,1.8321652486615436,8.280823519500634,7.708836229176278,8.814297359736866
concentrate_consumption,quarterly,fixed_total,1.0,test,alpha_refc,35,108,17.540400858583634,17.47721214735919,0.30413341160088203,0.21425518420273848,0.3894844103952244,0.3091057481436704,0.2723885711206575,0.36024667699382507,8.280823519500634,7.708836229176278,8.814297359736866
concentrate_consumption,quarterly,fixed_total,1.0,test,alpha_win,35,108,16.931061695567116,16.911975796398206,0.15379678255400542,0.11289262339487793,0.1899424554963003,0.15560676848222488,0.13631313248205768,0.18081938720378998,8.280823519500634,7.708836229176278,8.814297359736866
concentrate_consumption,quarterly,fixed_total,1.0,test,alpha_dr,35,108,16.74970470213306,16.685753371017995,0.2028177155091626,0.15730618263631868,0.23978989920707128,0.20173235222998853,0.17952091420331273,0.22801168948800576,8.280823519500634,7.708836229176278,8.814297359736866
concentrate_consumption,quarterly,fixed_total,1.0,test,tau_olds,35,108,13.881564545569692,13.868702043069476,0.17393781020040855,0.12618461056250752,0.21985160208594645,0.17580456558960178,0.15333579265384145,0.20694699647947346,8.280823519500634,7.708836229176278,8.814297359736866
concentrate_consumption,quarterly,fixed_total,1.0,test,frac_fu_new,35,108,18.054858043440014,18.023764685780066,0.12224122824371353,0.0968568812733217,0.178143306900852,0.13425403250818257,0.11475846454409022,0.16016033082892345,8.280823519500634,7.708836229176278,8.814297359736866
concentrate_consumption,quarterly,fixed_total,1.0,test,frac_fu_out,35,108,1.8673655196342513,1.862302050088431,0.12224122824371353,0.0968568812733217,0.178143306900852,0.13425403250818257,0.11475846454409022,0.16016033082892345,8.280823519500634,7.708836229176278,8.814297359736866
concentrate_consumption,quarterly,fixed_total,1.0,test,frac_eu_new,35,108,22.521416004705365,22.486198173127057,0.12684925441559525,0.08283213206586315,0.16402281685877207,0.13209991302400026,0.111797273270281,0.15588843041275946,8.280823519500634,7.708836229176278,8.814297359736866
concentrate_consumption,quarterly,fixed_total,1.0,test,frac_eu_into,35,108,1.5214996208131124,1.5191203779901452,0.12684925441559525,0.08283213206586315,0.16402281685877207,0.13209991302400026,0.111797273270281,0.15588843041275946,8.280823519500634,7.708836229176278,8.814297359736866
concentrate_consumption,quarterly,fixed_total,1.0,test,f_cohort_10yr,35,108,50.40387411173697,50.30512575501789,0.23544893787738053,0.17825311880887984,0.34580351545451804,0.25897868575292804,0.21239208096260342,0.334353231117851,8.280823519500634,7.708836229176278,8.814297359736866
concentrate_consumption,quarterly,fixed_total,1.0,test,f_cohort_20yr,35,108,37.74565903961782,37.639935741092096,0.28911875996397995,0.21701631461578663,0.36139723944398905,0.28584262102087366,0.24705025542670622,0.3227667720332339,8.280823519500634,7.708836229176278,8.814297359736866
concentrate_consumption,quarterly,fixed_total,1.0,test,f_cohort_44yr,35,108,26.694178957225233,26.64737492261367,0.2845179339736603,0.21124052236793922,0.36732528650224583,0.2923048284975083,0.2581656064499005,0.3334745068153344,8.280823519500634,7.708836229176278,8.814297359736866
concentrate_consumption,monthly,per_obs,1.0,test,alpha_cc,35,324,12.866123464424417,11.920116053867385,7.392171719300777,6.52166942293026,8.724579129452405,7.623660067130753,7.044828829104565,8.201244180930667,45.721908070728745,43.04704119293031,47.80243484146814
concentrate_consumption,monthly,per_obs,1.0,test,alpha_refc,35,324,17.540400858583634,17.25274871159224,1.344319726950205,1.090696264854335,1.6678726844125025,1.3609869726020767,1.218739338541902,1.5251781339800818,45.721908070728745,43.04704119293031,47.80243484146814
concentrate_consumption,monthly,per_obs,1.0,test,alpha_win,35,324,16.931061695567116,16.8446278310331,0.7694288618491751,0.5910632876237387,0.9117513931302945,0.7784449562845658,0.6865500809391856,0.886623330725167,45.721908070728745,43.04704119293031,47.80243484146814
concentrate_consumption,monthly,per_obs,1.0,test,alpha_dr,35,324,16.74970470213306,16.497324642691396,0.9833250789313297,0.8385487414729331,1.222866787424215,1.006036002669977,0.9079057150828906,1.1262297136984956,45.721908070728745,43.04704119293031,47.80243484146814
concentrate_consumption,monthly,per_obs,1.0,test,tau_olds,35,324,13.881564545569692,13.798592138423102,0.8274964983632338,0.6408624691615794,1.1651474353603142,0.9085470168665677,0.7910676149278928,1.0324602736230926,45.721908070728745,43.04704119293031,47.80243484146814
concentrate_consumption,monthly,per_obs,1.0,test,frac_fu_new,35,324,18.054858043440014,17.90446286479151,0.607378489159438,0.5038981551052757,0.8488885877975694,0.6754167810854056,0.5744263063809596,0.7753080782290922,45.721908070728745,43.04704119293031,47.80243484146814
concentrate_consumption,monthly,per_obs,1.0,test,frac_fu_out,35,324,1.8673655196342513,1.8473186742235064,0.607378489159438,0.5038981551052757,0.8488885877975694,0.6754167810854056,0.5744263063809596,0.7753080782290922,45.721908070728745,43.04704119293031,47.80243484146814
concentrate_consumption,monthly,per_obs,1.0,test,frac_eu_new,35,324,22.521416004705365,22.292500624986765,0.666646205784982,0.42917593008735544,0.8736057125222074,0.6653211126429692,0.5537511273614237,0.7647747858413934,45.721908070728745,43.04704119293031,47.80243484146814
concentrate_consumption,monthly,per_obs,1.0,test,frac_eu_into,35,324,1.5214996208131124,1.5071500773891067,0.666646205784982,0.42917593008735544,0.8736057125222074,0.6653211126429692,0.5537511273614237,0.7647747858413934,45.721908070728745,43.04704119293031,47.80243484146814
concentrate_consumption,monthly,per_obs,1.0,test,f_cohort_10yr,35,324,50.40387411173697,49.94641754395197,1.210583910109908,0.9206306856045177,1.7728972396097387,1.2997316805728993,1.0962549439170854,1.6717367395775895,45.721908070728745,43.04704119293031,47.80243484146814
concentrate_consumption,monthly,per_obs,1.0,test,f_cohort_20yr,35,324,37.74565903961782,37.10301928991693,1.5209022890710022,1.104095992070625,1.7388929019244104,1.4637749534153728,1.2787994954299498,1.6422034079429937,45.721908070728745,43.04704119293031,47.80243484146814
concentrate_consumption,monthly,per_obs,1.0,test,f_cohort_44yr,35,324,26.694178957225233,26.402274790388795,1.4372451677234,1.1103009911656914,1.9532452635362851,1.5054442511096,1.3168851927329528,1.6982863352631827,45.721908070728745,43.04704119293031,47.80243484146814
concentrate_consumption,monthly,fixed_total,1.0,test,alpha_cc,35,324,12.866123464424417,12.649196272137978,1.7291603494773211,1.5038639876238824,2.101085057439056,1.7505129035650797,1.6022495541898385,1.9467375325334546,8.704250748467183,8.07683402828901,9.233309845370034
concentrate_consumption,monthly,fixed_total,1.0,test,alpha_refc,35,324,17.540400858583634,17.4728684375786,0.3254662519539986,0.23121361413847574,0.40960652537600506,0.3294945648210146,0.2916863994570196,0.38423233017400027,8.704250748467183,8.07683402828901,9.233309845370034
concentrate_consumption,monthly,fixed_total,1.0,test,alpha_win,35,324,16.931061695567116,16.91059210665638,0.16316248885837048,0.12091543207840005,0.20836711800208962,0.16784246025846883,0.14639343051737197,0.19511217312334628,8.704250748467183,8.07683402828901,9.233309845370034
concentrate_consumption,monthly,fixed_total,1.0,test,alpha_dr,35,324,16.74970470213306,16.679037560708935,0.21605830664308545,0.16966049532712857,0.25744645465532456,0.21687489410885108,0.19252725042711027,0.24474592132643358,8.704250748467183,8.07683402828901,9.233309845370034
concentrate_consumption,monthly,fixed_total,1.0,test,tau_olds,35,324,13.881564545569692,13.867405399608314,0.18470786683351115,0.13556678508496733,0.23692137836939797,0.1888104935088175,0.16440732858760687,0.22229815147793985,8.704250748467183,8.07683402828901,9.233309845370034
concentrate_consumption,monthly,fixed_total,1.0,test,frac_fu_new,35,324,18.054858043440014,18.021110661109148,0.13052875492433058,0.10613594357169465,0.18975157775426021,0.1446448720878568,0.12297800393402669,0.1720496653514314,8.704250748467183,8.07683402828901,9.233309845370034
concentrate_consumption,monthly,fixed_total,1.0,test,frac_fu_out,35,324,1.8673655196342513,1.8619936769166427,0.13052875492433058,0.10613594357169465,0.18975157775426021,0.1446448720878568,0.12297800393402669,0.1720496653514314,8.704250748467183,8.07683402828901,9.233309845370034
concentrate_consumption,monthly,fixed_total,1.0,test,frac_eu_new,35,324,22.521416004705365,22.48287206147137,0.13589371137791018,0.08901393975913607,0.1757397390524551,0.14096072507032986,0.11908744305397789,0.16968497759072276,8.704250748467183,8.07683402828901,9.233309845370034
concentrate_consumption,monthly,fixed_total,1.0,test,frac_eu_into,35,324,1.5214996208131124,1.5188956728640617,0.13589371137791018,0.08901393975913607,0.1757397390524551,0.14096072507032986,0.11908744305397789,0.16968497759072276,8.704250748467183,8.07683402828901,9.233309845370034
concentrate_consumption,monthly,fixed_total,1.0,test,f_cohort_10yr,35,324,50.40387411173697,50.30056690730295,0.25486635162357274,0.19516545011398767,0.37106342931898517,0.2793443417223346,0.2283187052316782,0.357827805774813,8.704250748467183,8.07683402828901,9.233309845370034
concentrate_consumption,monthly,fixed_total,1.0,test,f_cohort_20yr,35,324,37.74565903961782,37.627595984165474,0.3127857837332493,0.23770378026296557,0.389161613025929,0.310023812252902,0.26857952998677326,0.3507013848600804,8.704250748467183,8.07683402828901,9.233309845370034
concentrate_consumption,monthly,fixed_total,1.0,test,f_cohort_44yr,35,324,26.694178957225233,26.643432515236135,0.30380858845509007,0.2315022083847429,0.39635352313784344,0.31835262491055893,0.27858023085782224,0.35962686697184054,8.704250748467183,8.07683402828901,9.233309845370034
refined_consumption,annual,per_obs,1.0,test,alpha_cc,35,27,12.866123464424417,12.79919112118938,0.5376813855798024,0.4855113688050472,0.6306372198216281,0.5601451929447748,0.5114532710989828,0.6364161257006395,8.816692066292529,7.9236084807922875,9.772167435571815
refined_consumption,annual,per_obs,1.0,test,alpha_refc,35,27,17.540400858583634,17.26337107898737,1.1352474663701373,1.0555947453614545,1.3172637302876045,1.1834241864993351,1.0941262766988813,1.2888309821139254,8.816692066292529,7.9236084807922875,9.772167435571815
refined_consumption,annual,per_obs,1.0,test,alpha_win,35,27,16.931061695567116,16.20036493601229,3.430280231782734,3.048298638008584,3.950227647580901,3.4424939007552946,3.1826787142848367,3.7044930779924434,8.816692066292529,7.9236084807922875,9.772167435571815
refined_consumption,annual,per_obs,1.0,test,alpha_dr,35,27,16.74970470213306,16.72494253153879,0.18374667019056545,0.14908882613353658,0.2528043279102832,0.20005705218347214,0.17130502992598884,0.23833302385223298,8.816692066292529,7.9236084807922875,9.772167435571815
refined_consumption,annual,per_obs,1.0,test,tau_olds,35,27,13.881564545569692,13.852502448117491,0.18646070027159567,0.1346546003670901,0.22884002649180002,0.19002243748025283,0.16185685926611293,0.22289955349359958,8.816692066292529,7.9236084807922875,9.772167435571815
refined_consumption,annual,per_obs,1.0,test,frac_fu_new,35,27,18.054858043440014,17.95965804298402,0.23866781230936773,0.1960071263652552,0.3063254743965904,0.24022056640899403,0.21583534161575546,0.2760423132822376,8.816692066292529,7.9236084807922875,9.772167435571815
refined_consumption,annual,per_obs,1.0,test,frac_fu_out,35,27,1.8673655196342513,1.8631034419345502,0.23866781230936773,0.1960071263652552,0.3063254743965904,0.24022056640899403,0.21583534161575546,0.2760423132822376,8.816692066292529,7.9236084807922875,9.772167435571815
refined_consumption,annual,per_obs,1.0,test,frac_eu_new,35,27,22.521416004705365,22.480567996654607,0.21571100576316393,0.15676032761405834,0.2634092347727268,0.21044357830872495,0.1834513052126785,0.23560621440105178,8.816692066292529,7.9236084807922875,9.772167435571815
refined_consumption,annual,per_obs,1.0,test,frac_eu_into,35,27,1.5214996208131124,1.51874001507841,0.21571100576316393,0.15676032761405834,0.2634092347727268,0.21044357830872495,0.1834513052126785,0.23560621440105178,8.816692066292529,7.9236084807922875,9.772167435571815
refined_consumption,annual,per_obs,1.0,test,f_cohort_10yr,35,27,50.40387411173697,50.33381747208276,0.211624112334996,0.1479551196711837,0.30887523218531276,0.22762729546387805,0.18762949292822628,0.2746269310967997,8.816692066292529,7.9236084807922875,9.772167435571815
refined_consumption,annual,per_obs,1.0,test,f_cohort_20yr,35,27,37.74565903961782,37.658478773382875,0.2059388123072381,0.15271606680604122,0.23844722456295986,0.2055957489715904,0.1773944937341787,0.23390230544170776,8.816692066292529,7.9236084807922875,9.772167435571815
refined_consumption,annual,per_obs,1.0,test,f_cohort_44yr,35,27,26.694178957225233,26.6701050357713,0.22149618409166294,0.16232771171116878,0.30060300039674304,0.2333559583149819,0.20078154522876757,0.2748722321822217,8.816692066292529,7.9236084807922875,9.772167435571815
refined_consumption,annual,fixed_total,1.0,test,alpha_cc,35,27,12.866123464424417,12.79919112118938,0.5376813855798024,0.4855113688050472,0.6306372198216281,0.5601451929447748,0.5114532710989828,0.6364161257006395,8.816692066292529,7.9236084807922875,9.772167435571815
refined_consumption,annual,fixed_total,1.0,test,alpha_refc,35,27,17.540400858583634,17.26337107898737,1.1352474663701373,1.0555947453614545,1.3172637302876045,1.1834241864993351,1.0941262766988813,1.2888309821139254,8.816692066292529,7.9236084807922875,9.772167435571815
refined_consumption,annual,fixed_total,1.0,test,alpha_win,35,27,16.931061695567116,16.20036493601229,3.430280231782734,3.048298638008584,3.950227647580901,3.4424939007552946,3.1826787142848367,3.7044930779924434,8.816692066292529,7.9236084807922875,9.772167435571815
refined_consumption,annual,fixed_total,1.0,test,alpha_dr,35,27,16.74970470213306,16.72494253153879,0.18374667019056545,0.14908882613353658,0.2528043279102832,0.20005705218347214,0.17130502992598884,0.23833302385223298,8.816692066292529,7.9236084807922875,9.772167435571815
refined_consumption,annual,fixed_total,1.0,test,tau_olds,35,27,13.881564545569692,13.852502448117491,0.18646070027159567,0.1346546003670901,0.22884002649180002,0.19002243748025283,0.16185685926611293,0.22289955349359958,8.816692066292529,7.9236084807922875,9.772167435571815
refined_consumption,annual,fixed_total,1.0,test,frac_fu_new,35,27,18.054858043440014,17.95965804298402,0.23866781230936773,0.1960071263652552,0.3063254743965904,0.24022056640899403,0.21583534161575546,0.2760423132822376,8.816692066292529,7.9236084807922875,9.772167435571815
refined_consumption,annual,fixed_total,1.0,test,frac_fu_out,35,27,1.8673655196342513,1.8631034419345502,0.23866781230936773,0.1960071263652552,0.3063254743965904,0.24022056640899403,0.21583534161575546,0.2760423132822376,8.816692066292529,7.9236084807922875,9.772167435571815
refined_consumption,annual,fixed_total,1.0,test,frac_eu_new,35,27,22.521416004705365,22.480567996654607,0.21571100576316393,0.15676032761405834,0.2634092347727268,0.21044357830872495,0.1834513052126785,0.23560621440105178,8.816692066292529,7.9236084807922875,9.772167435571815
refined_consumption,annual,fixed_total,1.0,test,frac_eu_into,35,27,1.5214996208131124,1.51874001507841,0.21571100576316393,0.15676032761405834,0.2634092347727268,0.21044357830872495,0.1834513052126785,0.23560621440105178,8.816692066292529,7.9236084807922875,9.772167435571815
refined_consumption,annual,fixed_total,1.0,test,f_cohort_10yr,35,27,50.40387411173697,50.33381747208276,0.211624112334996,0.1479551196711837,0.30887523218531276,0.22762729546387805,0.18762949292822628,0.2746269310967997,8.816692066292529,7.9236084807922875,9.772167435571815
refined_consumption,annual,fixed_total,1.0,test,f_cohort_20yr,35,27,37.74565903961782,37.658478773382875,0.2059388123072381,0.15271606680604122,0.23844722456295986,0.2055957489715904,0.1773944937341787,0.23390230544170776,8.816692066292529,7.9236084807922875,9.772167435571815
refined_consumption,annual,fixed_total,1.0,test,f_cohort_44yr,35,27,26.694178957225233,26.6701050357713,0.22149618409166294,0.16232771171116878,0.30060300039674304,0.2333559583149819,0.20078154522876757,0.2748722321822217,8.816692066292529,7.9236084807922875,9.772167435571815
refined_consumption,quarterly,per_obs,1.0,test,alpha_cc,35,108,12.866123464424417,12.391779438263,3.2879815853766203,3.0588475391002734,3.6984389037002963,3.3449014389221796,3.1656301773738904,3.5784030114149323,38.19782215217461,34.62020878494276,40.333712218453115
refined_consumption,quarterly,per_obs,1.0,test,alpha_refc,35,108,17.540400858583634,16.79015317194477,4.017157185861597,3.6597547722871218,4.502645977101283,4.03176092315932,3.807731751869442,4.314658014504285,38.19782215217461,34.62020878494276,40.333712218453115
refined_consumption,quarterly,per_obs,1.0,test,alpha_win,35,108,16.931061695567116,15.497025436007462,8.078771840126286,7.5663501801768565,9.188189742856235,8.273730723418154,7.882824331905569,8.771483133132884,38.19782215217461,34.62020878494276,40.333712218453115
refined_consumption,quarterly,per_obs,1.0,test,alpha_dr,35,108,16.74970470213306,16.55379696554817,0.9008204445934087,0.76958558525827,1.0094283403320636,0.9038594359116414,0.8282716032712578,1.0050509046226674,38.19782215217461,34.62020878494276,40.333712218453115
refined_consumption,quarterly,per_obs,1.0,test,tau_olds,35,108,13.881564545569692,13.781316902899368,0.7972146573370198,0.6482435887879112,1.007093124939623,0.842062381609876,0.7372937233547538,0.9664646691842582,38.19782215217461,34.62020878494276,40.333712218453115
refined_consumption,quarterly,per_obs,1.0,test,frac_fu_new,35,108,18.054858043440014,17.797756640538157,0.8380822290339318,0.694496144543838,0.953582093153188,0.8348596766043742,0.759511359762316,0.9121414241407,38.19782215217461,34.62020878494276,40.333712218453115
refined_consumption,quarterly,per_obs,1.0,test,frac_fu_out,35,108,1.8673655196342513,1.8499868616253412,0.8380822290339318,0.694496144543838,0.953582093153188,0.8348596766043742,0.759511359762316,0.9121414241407,38.19782215217461,34.62020878494276,40.333712218453115
refined_consumption,quarterly,per_obs,1.0,test,frac_eu_new,35,108,22.521416004705365,22.306172015073457,0.6978723815140531,0.513287790011907,0.8914082947268642,0.7168766427958051,0.6423198602663993,0.8347099386545875,38.19782215217461,34.62020878494276,40.333712218453115
refined_consumption,quarterly,per_obs,1.0,test,frac_eu_into,35,108,1.5214996208131124,1.507926824909083,0.6978723815140531,0.513287790011907,0.8914082947268642,0.7168766427958051,0.6423198602663993,0.8347099386545875,38.19782215217461,34.62020878494276,40.333712218453115
refined_consumption,quarterly,per_obs,1.0,test,f_cohort_10yr,35,108,50.40387411173697,50.00305305320103,1.018060887964456,0.7970061438230314,1.3573197934391157,1.0789447614570151,0.9454723231277884,1.2583530509817586,38.19782215217461,34.62020878494276,40.333712218453115
refined_consumption,quarterly,per_obs,1.0,test,f_cohort_20yr,35,108,37.74565903961782,37.018357140020626,1.146038285002815,0.9057234768940603,1.3536893390886928,1.1011084248801457,0.9736701503538503,1.2781165361119395,38.19782215217461,34.62020878494276,40.333712218453115
refined_consumption,quarterly,per_obs,1.0,test,f_cohort_44yr,35,108,26.694178957225233,26.481650457352472,1.1777323533817885,0.9142256141826122,1.4680155058729605,1.2135868846289672,1.0536640702594857,1.4185562199589996,38.19782215217461,34.62020878494276,40.333712218453115
refined_consumption,quarterly,fixed_total,1.0,test,alpha_cc,35,108,12.866123464424417,12.670981077150486,1.3606265049229904,1.2591959861904756,1.523038957142886,1.3781794054715912,1.2935605915295967,1.4748361441596691,14.801982688367765,13.074590827603627,15.796393318656042
refined_consumption,quarterly,fixed_total,1.0,test,alpha_refc,35,108,17.540400858583634,17.14063984922265,1.8137034442395006,1.6527609043149871,2.163380445544194,1.880006665364281,1.7440827572146822,2.0210318223075063,14.801982688367765,13.074590827603627,15.796393318656042
refined_consumption,quarterly,fixed_total,1.0,test,alpha_win,35,108,16.931061695567116,16.12115312319048,3.8094019723815986,3.3577068200306703,4.369266369720743,3.8659285268534402,3.5900086442124666,4.1446584058067,14.801982688367765,13.074590827603627,15.796393318656042
refined_consumption,quarterly,fixed_total,1.0,test,alpha_dr,35,108,16.74970470213306,16.66076306467724,0.3747917338379869,0.32659842966166197,0.42969282026567024,0.381903816028642,0.348052753945588,0.42937867450852374,14.801982688367765,13.074590827603627,15.796393318656042
refined_consumption,quarterly,fixed_total,1.0,test,tau_olds,35,108,13.881564545569692,13.842282325230189,0.33445297927303663,0.25909759220329454,0.4285158791030197,0.35024460209139296,0.30939632113184956,0.4099287347517522,14.801982688367765,13.074590827603627,15.796393318656042
refined_consumption,quarterly,fixed_total,1.0,test,frac_fu_new,35,108,18.054858043440014,17.929378801886767,0.3584308658053814,0.28579314878801054,0.45525791513577607,0.3697418527444901,0.33017708169313376,0.41130200334608125,14.801982688367765,13.074590827603627,15.796393318656042
refined_consumption,quarterly,fixed_total,1.0,test,frac_fu_out,35,108,1.8673655196342513,1.8594343857015874,0.3584308658053814,0.28579314878801054,0.45525791513577607,0.3697418527444901,0.33017708169313376,0.41130200334608125,14.801982688367765,13.074590827603627,15.796393318656042
refined_consumption,quarterly,fixed_total,1.0,test,frac_eu_new,35,108,22.521416004705365,22.44217517155032,0.2926429103828565,0.22278394903896825,0.39787790778104126,0.31606782011278645,0.28357710989380114,0.3681273386065831,14.801982688367765,13.074590827603627,15.796393318656042
refined_consumption,quarterly,fixed_total,1.0,test,frac_eu_into,35,108,1.5214996208131124,1.5161462763531939,0.2926429103828565,0.22278394903896825,0.39787790778104126,0.31606782011278645,0.28357710989380114,0.3681273386065831,14.801982688367765,13.074590827603627,15.796393318656042
refined_consumption,quarterly,fixed_total,1.0,test,f_cohort_10yr,35,108,50.40387411173697,50.24286667887821,0.4305303604484556,0.3273250170225339,0.5756197106079552,0.4511916751534423,0.39732231821267283,0.5358261872085268,14.801982688367765,13.074590827603627,15.796393318656042
refined_consumption,quarterly,fixed_total,1.0,test,f_cohort_20yr,35,108,37.74565903961782,37.45265910091776,0.44277110794654906,0.34544472141931903,0.5551123084928444,0.4629420792716027,0.4071103908696361,0.535692557314954,14.801982688367765,13.074590827603627,15.796393318656042
refined_consumption,quarterly,fixed_total,1.0,test,f_cohort_44yr,35,108,26.694178957225233,26.616385190751323,0.5026839643885839,0.3716418781733011,0.6027906466310129,0.5064441863540409,0.43740137298793336,0.5983010094849028,14.801982688367765,13.074590827603627,15.796393318656042
refined_consumption,monthly,per_obs,1.0,test,alpha_cc,35,324,12.866123464424417,12.138818169624301,5.6789107367691045,5.158270098053663,6.461052313402998,5.78212570080335,5.4674481830137065,6.177614219486638,71.8948439192404,66.58993110990602,75.20577344076568
refined_consumption,monthly,per_obs,1.0,test,alpha_refc,35,324,17.540400858583634,16.25672240251646,6.36665709650146,5.842990002111464,7.245519479368484,6.447191579188963,6.10499742102451,6.859772953569227,71.8948439192404,66.58993110990602,75.20577344076568
refined_consumption,monthly,per_obs,1.0,test,alpha_win,35,324,16.931061695567116,14.96750924485519,11.78995783480936,10.61724245402162,12.737083437147989,11.7521169852644,11.239437992954032,12.338160499018985,71.8948439192404,66.58993110990602,75.20577344076568
refined_consumption,monthly,per_obs,1.0,test,alpha_dr,35,324,16.74970470213306,16.446477098649563,1.5508007720682615,1.328018174234602,1.8176108354287956,1.5528635770344634,1.420199026262381,1.7202571379117793,71.8948439192404,66.58993110990602,75.20577344076568
refined_consumption,monthly,per_obs,1.0,test,tau_olds,35,324,13.881564545569692,13.708103508685053,1.3325036511809385,1.1240868212445188,1.7800156667134859,1.4213949734907332,1.2565947797396504,1.6333496042250872,71.8948439192404,66.58993110990602,75.20577344076568
refined_consumption,monthly,per_obs,1.0,test,frac_fu_new,35,324,18.054858043440014,17.667246959750532,1.3470389857386245,1.215238967651644,1.4714773419986227,1.3436696273017552,1.2311713132902191,1.4293675959201835,71.8948439192404,66.58993110990602,75.20577344076568
refined_consumption,monthly,per_obs,1.0,test,frac_fu_out,35,324,1.8673655196342513,1.839925622252363,1.3470389857386245,1.215238967651644,1.4714773419986227,1.3436696273017552,1.2311713132902191,1.4293675959201835,71.8948439192404,66.58993110990602,75.20577344076568
refined_consumption,monthly,per_obs,1.0,test,frac_eu_new,35,324,22.521416004705365,22.12533793028777,1.114874466023541,0.8382511195568154,1.432712573991024,1.1439571487982858,1.0059707060898204,1.297726400607796,71.8948439192404,66.58993110990602,75.20577344076568
refined_consumption,monthly,per_obs,1.0,test,frac_eu_into,35,324,1.5214996208131124,1.4981640996594525,1.114874466023541,0.8382511195568154,1.432712573991024,1.1439571487982858,1.0059707060898204,1.297726400607796,71.8948439192404,66.58993110990602,75.20577344076568
refined_consumption,monthly,per_obs,1.0,test,f_cohort_10yr,35,324,50.40387411173697,49.68867142104806,1.7499323805980405,1.3311166070522462,2.2727484178110657,1.8227308637234292,1.6166641958790917,2.126525173227123,71.8948439192404,66.58993110990602,75.20577344076568
refined_consumption,monthly,per_obs,1.0,test,f_cohort_20yr,35,324,37.74565903961782,36.426479034011244,1.9168257022890045,1.5003048257957563,2.2700502671150478,1.9406296490146442,1.7114331398692728,2.213215356423659,71.8948439192404,66.58993110990602,75.20577344076568
refined_consumption,monthly,per_obs,1.0,test,f_cohort_44yr,35,324,26.694178957225233,26.27449123771404,1.9814224273058567,1.626588802589224,2.671597166303852,2.1112694684128517,1.8526842732806248,2.417116596023361,71.8948439192404,66.58993110990602,75.20577344076568
refined_consumption,monthly,fixed_total,1.0,test,alpha_cc,35,324,12.866123464424417,12.66184428683545,1.4573262671561116,1.33199281764379,1.62064860407366,1.4663901296795068,1.3792039253044286,1.5708445845098895,15.461366479855661,13.683938815400143,16.55284659924062
refined_consumption,monthly,fixed_total,1.0,test,alpha_refc,35,324,17.540400858583634,17.125213770945155,1.9241753399547146,1.7406979618514007,2.335681438172199,1.9904472140062746,1.851792965880833,2.1329837510905225,15.461366479855661,13.683938815400143,16.55284659924062
refined_consumption,monthly,fixed_total,1.0,test,alpha_win,35,324,16.931061695567116,16.116690397856342,3.8297360315430518,3.3828470137622246,4.40777133062169,3.8927884159618262,3.6183056982111994,4.180150604355254,15.461366479855661,13.683938815400143,16.55284659924062
refined_consumption,monthly,fixed_total,1.0,test,alpha_dr,35,324,16.74970470213306,16.651882144489896,0.403226711863347,0.3436144729385582,0.4572575622771524,0.40736664473340345,0.37087020389614533,0.4558815836630703,15.461366479855661,13.683938815400143,16.55284659924062
refined_consumption,monthly,fixed_total,1.0,test,tau_olds,35,324,13.881564545569692,13.840469598125223,0.3527572836329651,0.27336693278838253,0.44858700327798373,0.36912573653548053,0.32463447543601975,0.4329673038256765,15.461366479855661,13.683938815400143,16.55284659924062
refined_consumption,monthly,fixed_total,1.0,test,frac_fu_new,35,324,18.054858043440014,17.925465508157757,0.379885760128873,0.3007831697657448,0.47037670102458295,0.38409795707263494,0.3447042064703254,0.42838302032656705,15.461366479855661,13.683938815400143,16.55284659924062
refined_consumption,monthly,fixed_total,1.0,test,frac_fu_out,35,324,1.8673655196342513,1.8588124696611228,0.379885760128873,0.3007831697657448,0.47037670102458295,0.38409795707263494,0.3447042064703254,0.42838302032656705,15.461366479855661,13.683938815400143,16.55284659924062
refined_consumption,monthly,fixed_total,1.0,test,frac_eu_new,35,324,22.521416004705365,22.4378702077408,0.30442576692844003,0.232155950635482,0.41187621611178393,0.330879807941839,0.29672810442734066,0.38555619651557405,15.461366479855661,13.683938815400143,16.55284659924062
refined_consumption,monthly,fixed_total,1.0,test,frac_eu_into,35,324,1.5214996208131124,1.5158554420289916,0.30442576692844003,0.232155950635482,0.41187621611178393,0.330879807941839,0.29672810442734066,0.38555619651557405,15.461366479855661,13.683938815400143,16.55284659924062
refined_consumption,monthly,fixed_total,1.0,test,f_cohort_10yr,35,324,50.40387411173697,50.232764649163265,0.44680375441148446,0.35076344630062817,0.6175741507218502,0.47991034131523724,0.42190748069564354,0.5648794105133637,15.461366479855661,13.683938815400143,16.55284659924062
refined_consumption,monthly,fixed_total,1.0,test,f_cohort_20yr,35,324,37.74565903961782,37.433465158631236,0.4819735656607427,0.3703125303581911,0.590422145196956,0.4937258810427836,0.431374262809181,0.5687699436398574,15.461366479855661,13.683938815400143,16.55284659924062
refined_consumption,monthly,fixed_total,1.0,test,f_cohort_44yr,35,324,26.694178957225233,26.610316161570964,0.5298514268323506,0.3968327418560458,0.6554620083300378,0.5415341947178159,0.4654766163682378,0.640555440983126,15.461366479855661,13.683938815400143,16.55284659924062
waelz_input,annual,per_obs,1.0,test,alpha_cc,35,27,12.866123464424417,12.826032231929462,0.25614789696000173,0.19189974183624892,0.3277713756270173,0.2594116269460933,0.2244259184609687,0.29343309015543717,12.802562714470398,11.577240739126408,14.119510357320639
waelz_input,annual,per_obs,1.0,test,alpha_refc,35,27,17.540400858583634,17.46992957349198,0.19318884746328813,0.16104717493177212,0.2587553921664043,0.20862032375727202,0.1851238107285269,0.26267285023168774,12.802562714470398,11.577240739126408,14.119510357320639
waelz_input,annual,per_obs,1.0,test,alpha_win,35,27,16.931061695567116,15.175695498085691,10.521323507148328,9.675255064158861,11.452828423285748,10.488984164469183,9.930289381769454,11.07005412593245,12.802562714470398,11.577240739126408,14.119510357320639
waelz_input,annual,per_obs,1.0,test,alpha_dr,35,27,16.74970470213306,16.662096917000245,0.31158117915188743,0.24447514831441586,0.44778788635922995,0.34426068219503836,0.2954111297678197,0.40549717795517193,12.802562714470398,11.577240739126408,14.119510357320639
waelz_input,annual,per_obs,1.0,test,tau_olds,35,27,13.881564545569692,13.827987887983777,0.30731165124937565,0.25040354060013037,0.5420775353945695,0.3844754323121091,0.29304772522548705,0.4735639579285078,12.802562714470398,11.577240739126408,14.119510357320639
waelz_input,annual,per_obs,1.0,test,frac_fu_new,35,27,18.054858043440014,17.847029440024887,0.4415077867588879,0.3472351948947183,0.6045092274234332,0.479431734280486,0.4172290836024384,0.5781645353925002,12.802562714470398,11.577240739126408,14.119510357320639
waelz_input,annual,per_obs,1.0,test,frac_fu_out,35,27,1.8673655196342513,1.8606362951577213,0.4415077867588879,0.3472351948947183,0.6045092274234332,0.479431734280486,0.4172290836024384,0.5781645353925002,12.802562714470398,11.577240739126408,14.119510357320639
waelz_input,annual,per_obs,1.0,test,frac_eu_new,35,27,22.521416004705365,22.444522917128086,0.3481470095227701,0.2934758776584667,0.43866759739008554,0.37005034552330396,0.32696004742905904,0.4262328305180807,12.802562714470398,11.577240739126408,14.119510357320639
waelz_input,annual,per_obs,1.0,test,frac_eu_into,35,27,1.5214996208131124,1.516304885119427,0.3481470095227701,0.2934758776584667,0.43866759739008554,0.37005034552330396,0.32696004742905904,0.4262328305180807,12.802562714470398,11.577240739126408,14.119510357320639
waelz_input,annual,per_obs,1.0,test,f_cohort_10yr,35,27,50.40387411173697,50.286812185975315,0.3060916367484512,0.2326471151137377,0.40499454376248245,0.3241856119542308,0.2695443759118399,0.41234455718347496,12.802562714470398,11.577240739126408,14.119510357320639
waelz_input,annual,per_obs,1.0,test,f_cohort_20yr,35,27,37.74565903961782,37.67013998058952,0.28419934645956824,0.19579410019150978,0.4421973483504704,0.32449599767055415,0.25735931455336813,0.4154157729493957,12.802562714470398,11.577240739126408,14.119510357320639
waelz_input,annual,per_obs,1.0,test,f_cohort_44yr,35,27,26.694178957225233,26.660431386348005,0.3425853229931053,0.21600319091357179,0.5086967910304496,0.3856419914283593,0.2994735951226124,0.4892368213364917,12.802562714470398,11.577240739126408,14.119510357320639
waelz_input,annual,fixed_total,1.0,test,alpha_cc,35,27,12.866123464424417,12.826032231929462,0.25614789696000173,0.19189974183624892,0.3277713756270173,0.2594116269460933,0.2244259184609687,0.29343309015543717,12.802562714470398,11.577240739126408,14.119510357320639
waelz_input,annual,fixed_total,1.0,test,alpha_refc,35,27,17.540400858583634,17.46992957349198,0.19318884746328813,0.16104717493177212,0.2587553921664043,0.20862032375727202,0.1851238107285269,0.26267285023168774,12.802562714470398,11.577240739126408,14.119510357320639
waelz_input,annual,fixed_total,1.0,test,alpha_win,35,27,16.931061695567116,15.175695498085691,10.521323507148328,9.675255064158861,11.452828423285748,10.488984164469183,9.930289381769454,11.07005412593245,12.802562714470398,11.577240739126408,14.119510357320639
waelz_input,annual,fixed_total,1.0,test,alpha_dr,35,27,16.74970470213306,16.662096917000245,0.31158117915188743,0.24447514831441586,0.44778788635922995,0.34426068219503836,0.2954111297678197,0.40549717795517193,12.802562714470398,11.577240739126408,14.119510357320639
waelz_input,annual,fixed_total,1.0,test,tau_olds,35,27,13.881564545569692,13.827987887983777,0.30731165124937565,0.25040354060013037,0.5420775353945695,0.3844754323121091,0.29304772522548705,0.4735639579285078,12.802562714470398,11.577240739126408,14.119510357320639
waelz_input,annual,fixed_total,1.0,test,frac_fu_new,35,27,18.054858043440014,17.847029440024887,0.4415077867588879,0.3472351948947183,0.6045092274234332,0.479431734280486,0.4172290836024384,0.5781645353925002,12.802562714470398,11.577240739126408,14.119510357320639
waelz_input,annual,fixed_total,1.0,test,frac_fu_out,35,27,1.8673655196342513,1.8606362951577213,0.4415077867588879,0.3472351948947183,0.6045092274234332,0.479431734280486,0.4172290836024384,0.5781645353925002,12.802562714470398,11.577240739126408,14.119510357320639
waelz_input,annual,fixed_total,1.0,test,frac_eu_new,35,27,22.521416004705365,22.444522917128086,0.3481470095227701,0.2934758776584667,0.43866759739008554,0.37005034552330396,0.32696004742905904,0.4262328305180807,12.802562714470398,11.577240739126408,14.119510357320639
waelz_input,annual,fixed_total,1.0,test,frac_eu_into,35,27,1.5214996208131124,1.516304885119427,0.3481470095227701,0.2934758776584667,0.43866759739008554,0.37005034552330396,0.32696004742905904,0.4262328305180807,12.802562714470398,11.577240739126408,14.119510357320639
waelz_input,annual,fixed_total,1.0,test,f_cohort_10yr,35,27,50.40387411173697,50.286812185975315,0.3060916367484512,0.2326471151137377,0.40499454376248245,0.3241856119542308,0.2695443759118399,0.41234455718347496,12.802562714470398,11.577240739126408,14.119510357320639
waelz_input,annual,fixed_total,1.0,test,f_cohort_20yr,35,27,37.74565903961782,37.67013998058952,0.28419934645956824,0.19579410019150978,0.4421973483504704,0.32449599767055415,0.25735931455336813,0.4154157729493957,12.802562714470398,11.577240739126408,14.119510357320639
waelz_input,annual,fixed_total,1.0,test,f_cohort_44yr,35,27,26.694178957225233,26.660431386348005,0.3425853229931053,0.21600319091357179,0.5086967910304496,0.3856419914283593,0.2994735951226124,0.4892368213364917,12.802562714470398,11.577240739126408,14.119510357320639
waelz_input,quarterly,per_obs,1.0,test,alpha_cc,35,108,12.866123464424417,12.745811186594116,0.6845838297962814,0.5500301585982914,0.8480720400666664,0.6929029981761925,0.6111004887929539,0.7884713251756548,32.36370724698865,30.1923046058199,35.35713463899532
waelz_input,quarterly,per_obs,1.0,test,alpha_refc,35,108,17.540400858583634,17.381555750319926,0.5824621844869426,0.4855045693872906,0.7696072964652689,0.6151320326212878,0.542433239207496,0.7097062321019421,32.36370724698865,30.1923046058199,35.35713463899532
waelz_input,quarterly,per_obs,1.0,test,alpha_win,35,108,16.931061695567116,13.826561693379604,19.26490861075164,17.498751110211117,21.02558839449369,19.4743245882511,18.50233126469211,20.56036014058838,32.36370724698865,30.1923046058199,35.35713463899532
waelz_input,quarterly,per_obs,1.0,test,alpha_dr,35,108,16.74970470213306,16.49506867274839,0.8279431075259414,0.6483710580820867,1.043114172197257,0.87621243468258,0.7665235309378349,1.0289717562856293,32.36370724698865,30.1923046058199,35.35713463899532
waelz_input,quarterly,per_obs,1.0,test,tau_olds,35,108,13.881564545569692,13.773946630657028,0.7752578216913664,0.6385364560690665,1.2373315988746858,0.9089304643148166,0.7464031513032765,1.089523966093231,32.36370724698865,30.1923046058199,35.35713463899532
waelz_input,quarterly,per_obs,1.0,test,frac_fu_new,35,108,18.054858043440014,17.68392387260048,0.8424363569130233,0.7065916612207401,1.0939395023746967,0.9021738101417043,0.7815639863888391,1.088524286664927,32.36370724698865,30.1923046058199,35.35713463899532
waelz_input,quarterly,per_obs,1.0,test,frac_fu_out,35,108,1.8673655196342513,1.8562171735758273,0.8424363569130233,0.7065916612207401,1.0939395023746967,0.9021738101417043,0.7815639863888391,1.088524286664927,32.36370724698865,30.1923046058199,35.35713463899532
waelz_input,quarterly,per_obs,1.0,test,frac_eu_new,35,108,22.521416004705365,22.35319487532882,0.6568830296679984,0.561035853238262,0.7999590035901005,0.6849446886122518,0.6132858754436477,0.7901578269852161,32.36370724698865,30.1923046058199,35.35713463899532
waelz_input,quarterly,per_obs,1.0,test,frac_eu_into,35,108,1.5214996208131124,1.5101349541995348,0.6568830296679984,0.561035853238262,0.7999590035901005,0.6849446886122518,0.6132858754436477,0.7901578269852161,32.36370724698865,30.1923046058199,35.35713463899532
waelz_input,quarterly,per_obs,1.0,test,f_cohort_10yr,35,108,50.40387411173697,50.11030885362075,0.8034527439505723,0.6381937015295547,1.0857600932747957,0.8598648647919566,0.7358425633132992,1.0013746961440473,32.36370724698865,30.1923046058199,35.35713463899532
waelz_input,quarterly,per_obs,1.0,test,f_cohort_20yr,35,108,37.74565903961782,37.50012504990418,0.8045083405177733,0.6233311806706054,1.0753987803569454,0.8643691075698678,0.7354862699935794,1.0141596752421211,32.36370724698865,30.1923046058199,35.35713463899532
waelz_input,quarterly,per_obs,1.0,test,f_cohort_44yr,35,108,26.694178957225233,26.535991535534592,0.8516511167631857,0.6577679491344468,1.343668429341105,0.9751760736785159,0.7995873641623796,1.1828857152535122,32.36370724698865,30.1923046058199,35.35713463899532
waelz_input,quarterly,fixed_total,1.0,test,alpha_cc,35,108,12.866123464424417,12.81286027683415,0.32637975866245394,0.24409238672793432,0.4059409629898647,0.32792007205714735,0.28565941784526316,0.3746376340924007,14.711027026904578,13.281318685833405,16.2759788082637
waelz_input,quarterly,fixed_total,1.0,test,alpha_refc,35,108,17.540400858583634,17.45742583735183,0.2806493540301602,0.21256056467721107,0.3506751807234809,0.2881170497834734,0.25454813241539975,0.3424909814424226,14.711027026904578,13.281318685833405,16.2759788082637
waelz_input,quarterly,fixed_total,1.0,test,alpha_win,35,108,16.931061695567116,14.982112553567339,11.949993539856374,11.161783906355367,13.304502910787663,12.105439305009677,11.456493110305406,12.79667250311325,14.711027026904578,13.281318685833405,16.2759788082637
waelz_input,quarterly,fixed_total,1.0,test,alpha_dr,35,108,16.74970470213306,16.639674265448747,0.41187649516571945,0.31046380452726674,0.5145267588906155,0.41954292389826675,0.36861259862323026,0.4990401388083099,14.711027026904578,13.281318685833405,16.2759788082637
waelz_input,quarterly,fixed_total,1.0,test,tau_olds,35,108,13.881564545569692,13.822310962637443,0.38464672616915774,0.31922024369656077,0.643554875794633,0.46045684496771044,0.36223370060217697,0.5658794299768788,14.711027026904578,13.281318685833405,16.2759788082637
waelz_input,quarterly,fixed_total,1.0,test,frac_fu_new,35,108,18.054858043440014,17.823951831969453,0.49589085082639706,0.3904843930721935,0.6671237706541211,0.5408031111576089,0.46207797891139046,0.6508455376143196,14.711027026904578,13.281318685833405,16.2759788082637
waelz_input,quarterly,fixed_total,1.0,test,frac_fu_out,35,108,1.8673655196342513,1.8601121065172854,0.49589085082639706,0.3904843930721935,0.6671237706541211,0.5408031111576089,0.46207797891139046,0.6508455376143196,14.711027026904578,13.281318685833405,16.2759788082637
waelz_input,quarterly,fixed_total,1.0,test,frac_eu_new,35,108,22.521416004705365,22.4355226489194,0.40411285269779107,0.32602248717059634,0.49559667756316483,0.41502369464040956,0.3699355061320353,0.4819144356589089,14.711027026904578,13.281318685833405,16.2759788082637
waelz_input,quarterly,fixed_total,1.0,test,frac_eu_into,35,108,1.5214996208131124,1.5156968458796265,0.40411285269779107,0.32602248717059634,0.49559667756316483,0.41502369464040956,0.3699355061320353,0.4819144356589089,14.711027026904578,13.281318685833405,16.2759788082637
waelz_input,quarterly,fixed_total,1.0,test,f_cohort_10yr,35,108,50.40387411173697,50.26895796319861,0.3995289428046611,0.30711215166144834,0.5168996374269985,0.4175738286819608,0.3598375675821941,0.49684926432679855,14.711027026904578,13.281318685833405,16.2759788082637
waelz_input,quarterly,fixed_total,1.0,test,f_cohort_20yr,35,108,37.74565903961782,37.63916108727152,0.36085229486186865,0.27769553138295433,0.5362072474896118,0.4105840137877931,0.34653831135773583,0.5016458128322077,14.711027026904578,13.281318685833405,16.2759788082637
waelz_input,quarterly,fixed_total,1.0,test,f_cohort_44yr,35,108,26.694178957225233,26.636060865636505,0.409723904616377,0.2873680991621774,0.6194299531196157,0.47772089848229227,0.3860029002853482,0.6035322941426835,14.711027026904578,13.281318685833405,16.2759788082637
waelz_input,monthly,per_obs,1.0,test,alpha_cc,35,324,12.866123464424417,12.672988394119175,1.0368623527831744,0.9040462527714066,1.339056651833781,1.1010099430953824,0.97700358578518,1.2470586449931487,53.192380994091025,50.021699013813645,57.25752191375722
waelz_input,monthly,per_obs,1.0,test,alpha_refc,35,324,17.540400858583634,17.309661253266476,0.9035042323508713,0.7656523029049123,1.1593472744516276,0.9703138647409515,0.8574848714703154,1.1157343847083667,53.192380994091025,50.021699013813645,57.25752191375722
waelz_input,monthly,per_obs,1.0,test,alpha_win,35,324,16.931061695567116,12.919046584202972,23.784370724409854,22.32874295862824,27.04425619597975,24.59272004731206,23.319357197859006,25.796433475794135,53.192380994091025,50.021699013813645,57.25752191375722
waelz_input,monthly,per_obs,1.0,test,alpha_dr,35,324,16.74970470213306,16.345999544356648,1.3475581933548586,1.0800634025145306,1.693032024216412,1.3946216336166162,1.2232966755484354,1.639499328628119,53.192380994091025,50.021699013813645,57.25752191375722
waelz_input,monthly,per_obs,1.0,test,tau_olds,35,324,13.881564545569692,13.732582869261133,1.22858097845161,1.017009562273563,1.7594655914495938,1.3503323859159782,1.1388036425904635,1.6076717402441765,53.192380994091025,50.021699013813645,57.25752191375722
waelz_input,monthly,per_obs,1.0,test,frac_fu_new,35,324,18.054858043440014,17.610341125682325,1.1820401008998394,1.010633001981398,1.527189150069308,1.279563896601152,1.1242653594627894,1.5107304489801687,53.192380994091025,50.021699013813645,57.25752191375722
waelz_input,monthly,per_obs,1.0,test,frac_fu_out,35,324,1.8673655196342513,1.8520735411794564,1.1820401008998394,1.010633001981398,1.527189150069308,1.279563896601152,1.1242653594627894,1.5107304489801687,53.192380994091025,50.021699013813645,57.25752191375722
waelz_input,monthly,per_obs,1.0,test,frac_eu_new,35,324,22.521416004705365,22.273011180568346,0.8838954484381878,0.7779948469106457,1.1225914537406845,0.9461679942498358,0.8428541285548485,1.0918478391892306,53.192380994091025,50.021699013813645,57.25752191375722
waelz_input,monthly,per_obs,1.0,test,frac_eu_into,35,324,1.5214996208131124,1.504717911987448,0.8838954484381878,0.7779948469106457,1.1225914537406845,0.9461679942498358,0.8428541285548485,1.0918478391892306,53.192380994091025,50.021699013813645,57.25752191375722
waelz_input,monthly,per_obs,1.0,test,f_cohort_10yr,35,324,50.40387411173697,49.90946130645183,1.2278966171115124,0.9482478758320756,1.728938597186036,1.3478230259073603,1.1472080264960827,1.5362521641908933,53.192380994091025,50.021699013813645,57.25752191375722
waelz_input,monthly,per_obs,1.0,test,f_cohort_20yr,35,324,37.74565903961782,37.35130723037816,1.3093209680752893,0.9972197926278126,1.673063938665098,1.3426938825926467,1.1697426872149308,1.5648259069635795,53.192380994091025,50.021699013813645,57.25752191375722
waelz_input,monthly,per_obs,1.0,test,f_cohort_44yr,35,324,26.694178957225233,26.403761997258616,1.3696555412858635,1.0401372920578744,2.076994625990208,1.4778904277145122,1.2283282217499303,1.7752297531852534,53.192380994091025,50.021699013813645,57.25752191375722
waelz_input,monthly,fixed_total,1.0,test,alpha_cc,35,324,12.866123464424417,12.812100335521306,0.3285343765658366,0.24684670537103437,0.41059516992079104,0.33233162710180897,0.2890569120997388,0.3798867293937358,14.808021341855598,13.383759855064891,16.403867991416952
waelz_input,monthly,fixed_total,1.0,test,alpha_refc,35,324,17.540400858583634,17.45670573125757,0.2861517023273974,0.21633445492201808,0.35833819891230023,0.2930005567255478,0.258563997027883,0.3466676284725412,14.808021341855598,13.383759855064891,16.403867991416952
waelz_input,monthly,fixed_total,1.0,test,alpha_win,35,324,16.931061695567116,14.972214725447337,12.013998479415733,11.225481371560065,13.394124238968892,12.194031287861053,11.530357027149574,12.87984828483945,14.808021341855598,13.383759855064891,16.403867991416952
waelz_input,monthly,fixed_total,1.0,test,alpha_dr,35,324,16.74970470213306,16.637930263381747,0.418964373446995,0.3139839418089485,0.5218532591310554,0.42505447020177445,0.37425848699111364,0.5057785510994117,14.808021341855598,13.383759855064891,16.403867991416952
waelz_input,monthly,fixed_total,1.0,test,tau_olds,35,324,13.881564545569692,13.821954827795462,0.3873207023880276,0.3231009378686922,0.649666643978436,0.46765921458986615,0.3675700090891909,0.5730152305379543,14.808021341855598,13.383759855064891,16.403867991416952
waelz_input,monthly,fixed_total,1.0,test,frac_fu_new,35,324,18.054858043440014,17.82294707226156,0.4984503600189205,0.39343383495719086,0.6716882848283423,0.5445424897802698,0.46508369602140665,0.6561534775689493,14.808021341855598,13.383759855064891,16.403867991416952
waelz_input,monthly,fixed_total,1.0,test,frac_fu_out,35,324,1.8673655196342513,1.8600809886878864,0.4984503600189205,0.39343383495719086,0.6716882848283423,0.5445424897802698,0.46508369602140665,0.6561534775689493,14.808021341855598,13.383759855064891,16.403867991416952
waelz_input,monthly,fixed_total,1.0,test,frac_eu_new,35,324,22.521416004705365,22.43497110754363,0.40681109477137545,0.32923068338207573,0.4975091196107062,0.4175537653878153,0.3725000693795777,0.48341476450379783,14.808021341855598,13.383759855064891,16.403867991416952
waelz_input,monthly,fixed_total,1.0,test,frac_eu_into,35,324,1.5214996208131124,1.5156595849012797,0.40681109477137545,0.32923068338207573,0.4975091196107062,0.4175537653878153,0.3725000693795777,0.48341476450379783,14.808021341855598,13.383759855064891,16.403867991416952
waelz_input,monthly,fixed_total,1.0,test,f_cohort_10yr,35,324,50.40387411173697,50.26788641865655,0.40430842784847654,0.311065240625058,0.5266933475557067,0.423778362985347,0.3651413909037393,0.5033462030824276,14.808021341855598,13.383759855064891,16.403867991416952
waelz_input,monthly,fixed_total,1.0,test,f_cohort_20yr,35,324,37.74565903961782,37.637455318591094,0.3677928171876954,0.2813930702308065,0.5421540147364068,0.41566852554799916,0.3527507461182078,0.5078167136629841,14.808021341855598,13.383759855064891,16.403867991416952
waelz_input,monthly,fixed_total,1.0,test,f_cohort_44yr,35,324,26.694178957225233,26.634725243273227,0.4151734636012261,0.29188155591951537,0.6267855108998743,0.4831918439959476,0.3909709106833803,0.6099038180483629,14.808021341855598,13.383759855064891,16.403867991416952
direct_reuse_recycling,annual,per_obs,1.0,test,alpha_cc,35,27,12.866123464424417,12.848713440942873,0.11734257822352268,0.09204270541898762,0.14453781245535313,0.12217082250432776,0.10785334245076994,0.1401419800186765,5.513657420088151,5.196904812835846,6.346256818966337
direct_reuse_recycling,annual,per_obs,1.0,test,alpha_refc,35,27,17.540400858583634,17.51229887856305,0.137489815498415,0.0942255167015349,0.15740451643260212,0.12730049393381848,0.11056289565303246,0.1454221577300463,5.513657420088151,5.196904812835846,6.346256818966337
direct_reuse_recycling,annual,per_obs,1.0,test,alpha_win,35,27,16.931061695567116,16.894368860504766,0.18005988445287668,0.1383627144193489,0.21706712544191653,0.18067045162694917,0.16184772268748593,0.2025986432261706,5.513657420088151,5.196904812835846,6.346256818966337
direct_reuse_recycling,annual,per_obs,1.0,test,alpha_dr,35,27,16.74970470213306,16.023979835872524,3.6382868130123036,3.0009498353390063,4.33111501864899,3.708387973414978,3.3928128614159005,4.097807924139824,5.513657420088151,5.196904812835846,6.346256818966337
direct_reuse_recycling,annual,per_obs,1.0,test,tau_olds,35,27,13.881564545569692,13.814387864997032,0.5638607382888905,0.4194580841298312,0.7581827915101536,0.5899682400311079,0.5096229633320182,0.6739507573100267,5.513657420088151,5.196904812835846,6.346256818966337
direct_reuse_recycling,annual,per_obs,1.0,test,frac_fu_new,35,27,18.054858043440014,17.712430645094887,1.7691428180641733,1.4302350993687596,1.882957141434144,1.6797001313376443,1.5589089705234038,1.8004397649020731,5.513657420088151,5.196904812835846,6.346256818966337
direct_reuse_recycling,annual,per_obs,1.0,test,frac_fu_out,35,27,1.8673655196342513,1.8366774098512384,1.7691428180641733,1.4302350993687596,1.882957141434144,1.6797001313376443,1.5589089705234038,1.8004397649020731,5.513657420088151,5.196904812835846,6.346256818966337
direct_reuse_recycling,annual,per_obs,1.0,test,frac_eu_new,35,27,22.521416004705365,22.283155507198476,1.33120583483064,1.0791627359795553,1.52650784517388,1.3115150280255201,1.2219424643610588,1.4215443891848145,5.513657420088151,5.196904812835846,6.346256818966337
direct_reuse_recycling,annual,per_obs,1.0,test,frac_eu_into,35,27,1.5214996208131124,1.5054032414142444,1.33120583483064,1.0791627359795553,1.52650784517388,1.3115150280255201,1.2219424643610588,1.4215443891848145,5.513657420088151,5.196904812835846,6.346256818966337
direct_reuse_recycling,annual,per_obs,1.0,test,f_cohort_10yr,35,27,50.40387411173697,50.273631448882085,0.33176584025678135,0.22698711954740602,0.40515107458520827,0.32740019085273075,0.28018605962722987,0.36936035530731326,5.513657420088151,5.196904812835846,6.346256818966337
direct_reuse_recycling,annual,per_obs,1.0,test,f_cohort_20yr,35,27,37.74565903961782,37.69503191743172,0.15791617325299212,0.1271718480055306,0.23534394115359292,0.18120793876119368,0.15168063587195357,0.23315761861764095,5.513657420088151,5.196904812835846,6.346256818966337
direct_reuse_recycling,annual,per_obs,1.0,test,f_cohort_44yr,35,27,26.694178957225233,26.647447373393835,0.2915193058283916,0.2458245202648257,0.39451475869301533,0.3159094367188975,0.2745816272829382,0.3825556921120521,5.513657420088151,5.196904812835846,6.346256818966337
direct_reuse_recycling,annual,fixed_total,1.0,test,alpha_cc,35,27,12.866123464424417,12.848713440942873,0.11734257822352268,0.09204270541898762,0.14453781245535313,0.12217082250432776,0.10785334245076994,0.1401419800186765,5.513657420088151,5.196904812835846,6.346256818966337
direct_reuse_recycling,annual,fixed_total,1.0,test,alpha_refc,35,27,17.540400858583634,17.51229887856305,0.137489815498415,0.0942255167015349,0.15740451643260212,0.12730049393381848,0.11056289565303246,0.1454221577300463,5.513657420088151,5.196904812835846,6.346256818966337
direct_reuse_recycling,annual,fixed_total,1.0,test,alpha_win,35,27,16.931061695567116,16.894368860504766,0.18005988445287668,0.1383627144193489,0.21706712544191653,0.18067045162694917,0.16184772268748593,0.2025986432261706,5.513657420088151,5.196904812835846,6.346256818966337
direct_reuse_recycling,annual,fixed_total,1.0,test,alpha_dr,35,27,16.74970470213306,16.023979835872524,3.6382868130123036,3.0009498353390063,4.33111501864899,3.708387973414978,3.3928128614159005,4.097807924139824,5.513657420088151,5.196904812835846,6.346256818966337
direct_reuse_recycling,annual,fixed_total,1.0,test,tau_olds,35,27,13.881564545569692,13.814387864997032,0.5638607382888905,0.4194580841298312,0.7581827915101536,0.5899682400311079,0.5096229633320182,0.6739507573100267,5.513657420088151,5.196904812835846,6.346256818966337
direct_reuse_recycling,annual,fixed_total,1.0,test,frac_fu_new,35,27,18.054858043440014,17.712430645094887,1.7691428180641733,1.4302350993687596,1.882957141434144,1.6797001313376443,1.5589089705234038,1.8004397649020731,5.513657420088151,5.196904812835846,6.346256818966337
direct_reuse_recycling,annual,fixed_total,1.0,test,frac_fu_out,35,27,1.8673655196342513,1.8366774098512384,1.7691428180641733,1.4302350993687596,1.882957141434144,1.6797001313376443,1.5589089705234038,1.8004397649020731,5.513657420088151,5.196904812835846,6.346256818966337
direct_reuse_recycling,annual,fixed_total,1.0,test,frac_eu_new,35,27,22.521416004705365,22.283155507198476,1.33120583483064,1.0791627359795553,1.52650784517388,1.3115150280255201,1.2219424643610588,1.4215443891848145,5.513657420088151,5.196904812835846,6.346256818966337
direct_reuse_recycling,annual,fixed_total,1.0,test,frac_eu_into,35,27,1.5214996208131124,1.5054032414142444,1.33120583483064,1.0791627359795553,1.52650784517388,1.3115150280255201,1.2219424643610588,1.4215443891848145,5.513657420088151,5.196904812835846,6.346256818966337
direct_reuse_recycling,annual,fixed_total,1.0,test,f_cohort_10yr,35,27,50.40387411173697,50.273631448882085,0.33176584025678135,0.22698711954740602,0.40515107458520827,0.32740019085273075,0.28018605962722987,0.36936035530731326,5.513657420088151,5.196904812835846,6.346256818966337
direct_reuse_recycling,annual,fixed_total,1.0,test,f_cohort_20yr,35,27,37.74565903961782,37.69503191743172,0.15791617325299212,0.1271718480055306,0.23534394115359292,0.18120793876119368,0.15168063587195357,0.23315761861764095,5.513657420088151,5.196904812835846,6.346256818966337
direct_reuse_recycling,annual,fixed_total,1.0,test,f_cohort_44yr,35,27,26.694178957225233,26.647447373393835,0.2915193058283916,0.2458245202648257,0.39451475869301533,0.3159094367188975,0.2745816272829382,0.3825556921120521,5.513657420088151,5.196904812835846,6.346256818966337
direct_reuse_recycling,quarterly,per_obs,1.0,test,alpha_cc,35,108,12.866123464424417,12.792371129364614,0.45769804487727495,0.3361526090118305,0.558133098521274,0.4495992572734142,0.3974041299159681,0.5070659447152237,17.836715166754814,17.069200960576786,20.18484768243728
direct_reuse_recycling,quarterly,per_obs,1.0,test,alpha_refc,35,108,17.540400858583634,17.45135272703829,0.4214081021278293,0.3154327628804243,0.5354468407146262,0.4285828572090089,0.37740326132046365,0.49868895534961877,17.836715166754814,17.069200960576786,20.18484768243728
direct_reuse_recycling,quarterly,per_obs,1.0,test,alpha_win,35,108,16.931061695567116,16.85020479698838,0.4819599640153993,0.44114383202065177,0.6130803093378379,0.5185504617424702,0.4654455880140518,0.5790196587128649,17.836715166754814,17.069200960576786,20.18484768243728
direct_reuse_recycling,quarterly,per_obs,1.0,test,alpha_dr,35,108,16.74970470213306,15.03759268391543,9.460174478126282,8.404953737970573,11.055554416556824,9.64860129568614,8.997616717606016,10.35901509163164,17.836715166754814,17.069200960576786,20.18484768243728
direct_reuse_recycling,quarterly,per_obs,1.0,test,tau_olds,35,108,13.881564545569692,13.755747605314872,1.3502516998177283,1.065277657123842,1.7622007507320459,1.4003193761042114,1.2060837973433491,1.6010780179547546,17.836715166754814,17.069200960576786,20.18484768243728
direct_reuse_recycling,quarterly,per_obs,1.0,test,frac_fu_new,35,108,18.054858043440014,17.457598364656555,3.2273645089497593,2.807173089414178,3.571131767490554,3.2100148531677974,2.981583328639431,3.4343442744249053,17.836715166754814,17.069200960576786,20.18484768243728
direct_reuse_recycling,quarterly,per_obs,1.0,test,frac_fu_out,35,108,1.8673655196342513,1.799142396856119,3.2273645089497593,2.807173089414178,3.571131767490554,3.2100148531677974,2.981583328639431,3.4343442744249053,17.836715166754814,17.069200960576786,20.18484768243728
direct_reuse_recycling,quarterly,per_obs,1.0,test,frac_eu_new,35,108,22.521416004705365,22.06918599967062,2.451286565799693,2.0554342953532476,2.7922882980545127,2.441955401262738,2.2752159632157767,2.614273159388314,17.836715166754814,17.069200960576786,20.18484768243728
direct_reuse_recycling,quarterly,per_obs,1.0,test,frac_eu_into,35,108,1.5214996208131124,1.4909479103417584,2.451286565799693,2.0554342953532476,2.7922882980545127,2.441955401262738,2.275215963215771,2.614273159388314,17.836715166754814,17.069200960576786,20.18484768243728
direct_reuse_recycling,quarterly,per_obs,1.0,test,f_cohort_10yr,35,108,50.40387411173697,50.00873072920516,0.806644140789925,0.628661095491484,0.998219245798776,0.8127531273598609,0.7179501204746863,0.9298962817571921,17.836715166754814,17.069200960576786,20.18484768243728
direct_reuse_recycling,quarterly,per_obs,1.0,test,f_cohort_20yr,35,108,37.74565903961782,37.5990420555485,0.49424389190069196,0.37547692713612024,0.6988206750684456,0.536626356026107,0.453832092007489,0.624128782111566,17.836715166754814,17.069200960576786,20.18484768243728
direct_reuse_recycling,quarterly,per_obs,1.0,test,f_cohort_44yr,35,108,26.694178957225233,26.551227522007505,0.7523168495616961,0.5875447765605835,0.9906778414310202,0.7855311505039986,0.6849127468684602,0.8990126486700334,17.836715166754814,17.069200960576786,20.18484768243728
direct_reuse_recycling,quarterly,fixed_total,1.0,test,alpha_cc,35,108,12.866123464424417,12.841413360174903,0.1714681833565157,0.12867308269794986,0.19618511269635652,0.1684885570352762,0.1474777693308782,0.18808540847081723,6.4099425158253736,6.103776366133543,7.5243757823054
direct_reuse_recycling,quarterly,fixed_total,1.0,test,alpha_refc,35,108,17.540400858583634,17.506014468746844,0.16196181146448385,0.12295115976246329,0.20986468353591525,0.1660473991912298,0.14355364310044139,0.18820597311178244,6.4099425158253736,6.103776366133543,7.5243757823054
direct_reuse_recycling,quarterly,fixed_total,1.0,test,alpha_win,35,108,16.931061695567116,16.89279859337387,0.21486991699374292,0.17174018807682434,0.2625892167495536,0.21875398823167358,0.19555734395894087,0.2417525659917097,6.4099425158253736,6.103776366133543,7.5243757823054
direct_reuse_recycling,quarterly,fixed_total,1.0,test,alpha_dr,35,108,16.74970470213306,15.85711459419752,4.254160141958296,3.78571004971876,5.112623605761474,4.3805376726885665,4.045750567779171,4.80203611853896,6.4099425158253736,6.103776366133543,7.5243757823054
direct_reuse_recycling,quarterly,fixed_total,1.0,test,tau_olds,35,108,13.881564545569692,13.81202874524092,0.6088004147274173,0.4791209800478202,0.80611787961552,0.6454778304588626,0.5555782056295089,0.7342357069703209,6.4099425158253736,6.103776366133543,7.5243757823054
direct_reuse_recycling,quarterly,fixed_total,1.0,test,frac_fu_new,35,108,18.054858043440014,17.707911060801592,1.803285926258047,1.4604942536182386,1.9206197123966484,1.722399836749025,1.5982031242882333,1.8579675157177677,6.4099425158253736,6.103776366133543,7.5243757823054
direct_reuse_recycling,quarterly,fixed_total,1.0,test,frac_fu_out,35,108,1.8673655196342513,1.8362460432921652,1.803285926258047,1.460494253618233,1.9206197123966484,1.7223998367490223,1.5982031242882333,1.8579675157177677,6.4099425158253736,6.103776366133543,7.5243757823054
direct_reuse_recycling,quarterly,fixed_total,1.0,test,frac_eu_new,35,108,22.521416004705365,22.276827700729502,1.3828748608177621,1.1231728827703402,1.5634097967348326,1.3498683276267132,1.2501799946084913,1.4519161738535458,6.4099425158253736,6.103776366133543,7.5243757823054
direct_reuse_recycling,quarterly,fixed_total,1.0,test,frac_eu_into,35,108,1.5214996208131124,1.5049757480834027,1.3828748608177621,1.1231728827703402,1.5634097967348326,1.3498683276267132,1.2501799946084913,1.4519161738535458,6.4099425158253736,6.103776366133543,7.5243757823054
direct_reuse_recycling,quarterly,fixed_total,1.0,test,f_cohort_10yr,35,108,50.40387411173697,50.24279948003819,0.37337452982237895,0.28700354321835597,0.4542207131063791,0.3707266412517146,0.3202089742525227,0.4177190209245396,6.4099425158253736,6.103776366133543,7.5243757823054
direct_reuse_recycling,quarterly,fixed_total,1.0,test,f_cohort_20yr,35,108,37.74565903961782,37.683908158024344,0.203558840498963,0.15406076755421494,0.28695667751150733,0.22157911363188398,0.18556074173852188,0.2744536075872994,6.4099425158253736,6.103776366133543,7.5243757823054
direct_reuse_recycling,quarterly,fixed_total,1.0,test,f_cohort_44yr,35,108,26.694178957225233,26.64069336210735,0.33786239877469093,0.2811557406908749,0.44123503734385117,0.35847682374039735,0.3128636902281823,0.42355061685317996,6.4099425158253736,6.103776366133543,7.5243757823054
direct_reuse_recycling,monthly,per_obs,1.0,test,alpha_cc,35,324,12.866123464424417,12.721342587549836,0.7983106738212342,0.6034463121692091,1.009475231911161,0.8198544290039661,0.7230379058444647,0.9307076819869808,34.294849350265736,32.70094439482795,37.59706345648578
direct_reuse_recycling,monthly,per_obs,1.0,test,alpha_refc,35,324,17.540400858583634,17.388433050347864,0.7669871074299839,0.5582868487495285,0.9663708547702266,0.7738012662868582,0.6730133837293983,0.89559121890187,34.294849350265736,32.70094439482795,37.59706345648578
direct_reuse_recycling,monthly,per_obs,1.0,test,alpha_win,35,324,16.931061695567116,16.81638098361173,0.8363819954228413,0.7091375134608169,1.0004714692740446,0.8538182154061685,0.7715370915162001,0.9488703006122423,34.294849350265736,32.70094439482795,37.59706345648578
direct_reuse_recycling,monthly,per_obs,1.0,test,alpha_dr,35,324,16.74970470213306,14.296594404797482,14.305373076432936,12.685713883877082,16.532574044379764,14.579196698622892,13.729218587387093,15.52407504715485,34.294849350265736,32.70094439482795,37.59706345648578
direct_reuse_recycling,monthly,per_obs,1.0,test,tau_olds,35,324,13.881564545569692,13.692877068844092,2.004641122210693,1.455809749144521,2.620510293216932,2.0666032775812413,1.7799620291960583,2.370857572717661,34.294849350265736,32.70094439482795,37.59706345648578
direct_reuse_recycling,monthly,per_obs,1.0,test,frac_fu_new,35,324,18.054858043440014,17.20088931989989,4.045138541493232,3.6453720612576292,4.755201229829109,4.164701619387479,3.872749466000047,4.493638860515514,34.294849350265736,32.70094439482795,37.59706345648578
direct_reuse_recycling,monthly,per_obs,1.0,test,frac_fu_out,35,324,1.8673655196342513,1.7870311227026725,4.045138541493232,3.6453720612576292,4.755201229829109,4.164701619387479,3.872749466000047,4.493638860515514,34.294849350265736,32.70094439482795,37.59706345648578
direct_reuse_recycling,monthly,per_obs,1.0,test,frac_eu_new,35,324,22.521416004705365,21.90341955553435,3.200958907986484,2.751934972067538,3.523576165307402,3.130029258661218,2.928629183840048,3.3487373228868025,34.294849350265736,32.70094439482795,37.59706345648578
direct_reuse_recycling,monthly,per_obs,1.0,test,frac_eu_into,35,324,1.5214996208131124,1.481664882882021,3.200958907986484,2.751934972067538,3.523576165307402,3.130029258661218,2.928629183840048,3.3487373228868025,34.294849350265736,32.70094439482795,37.59706345648578
direct_reuse_recycling,monthly,per_obs,1.0,test,f_cohort_10yr,35,324,50.40387411173697,49.770172595159245,1.2838125145520518,0.9556778110673514,1.4690795254087785,1.277837608760937,1.1125310522439424,1.4397443657884201,34.294849350265736,32.70094439482795,37.59706345648578
direct_reuse_recycling,monthly,per_obs,1.0,test,f_cohort_20yr,35,324,37.74565903961782,37.496274920233695,0.8428403707851473,0.6280205132688954,1.1227042823070243,0.8859545280165998,0.7731704467709821,1.0298296051637068,34.294849350265736,32.70094439482795,37.59706345648578
direct_reuse_recycling,monthly,per_obs,1.0,test,f_cohort_44yr,35,324,26.694178957225233,26.447158192943945,1.1975453674022751,0.9066093873645709,1.5765930285576824,1.2300403010383598,1.086747640838337,1.372827296067769,34.294849350265736,32.70094439482795,37.59706345648578
direct_reuse_recycling,monthly,fixed_total,1.0,test,alpha_cc,35,324,12.866123464424417,12.840963406500135,0.17494221815614885,0.13010787225933296,0.19971539323379028,0.1713306986464852,0.14997700551984128,0.19162638919898445,6.467374127158504,6.159198420826307,7.5945591379318245
direct_reuse_recycling,monthly,fixed_total,1.0,test,alpha_refc,35,324,17.540400858583634,17.505539145138187,0.16377308751607256,0.12453167280509492,0.212646489237045,0.16877059885269385,0.1459759036056163,0.1912553805785533,6.467374127158504,6.159198420826307,7.5945591379318245
direct_reuse_recycling,monthly,fixed_total,1.0,test,alpha_win,35,324,16.931061695567116,16.892693689559646,0.2168459148913615,0.17353295051872886,0.26532012676738215,0.22151680615632718,0.19788919809961558,0.24419212560584658,6.467374127158504,6.159198420826307,7.5945591379318245
direct_reuse_recycling,monthly,fixed_total,1.0,test,alpha_dr,35,324,16.74970470213306,15.848255659050494,4.28039636632509,3.825944652639812,5.161747076362983,4.41487286071591,4.090613776187052,4.8427160526681945,6.467374127158504,6.159198420826307,7.5945591379318245
direct_reuse_recycling,monthly,fixed_total,1.0,test,tau_olds,35,324,13.881564545569692,13.811743830209531,0.6114835214585002,0.4832308393281304,0.8092458870427643,0.6491935983708563,0.5595207475594388,0.7376077116680424,6.467374127158504,6.159198420826307,7.5945591379318245
direct_reuse_recycling,monthly,fixed_total,1.0,test,frac_fu_new,35,324,18.054858043440014,17.70761815987576,1.8051249255566892,1.4624502593285627,1.9233702715675483,1.7253691753248672,1.6005843791646268,1.8603585409920853,6.467374127158504,6.159198420826307,7.5945591379318245
direct_reuse_recycling,monthly,fixed_total,1.0,test,frac_fu_out,35,324,1.8673655196342513,1.8362151822993575,1.8051249255566892,1.4624502593285738,1.9233702715675483,1.725369175324873,1.6005843791646268,1.8603585409920853,6.467374127158504,6.159198420826307,7.5945591379318245
direct_reuse_recycling,monthly,fixed_total,1.0,test,frac_eu_new,35,324,22.521416004705365,22.276429219489202,1.3859935001572454,1.1258421296895915,1.565993205033095,1.3515725893882113,1.2518545274140758,1.4540504458772363,6.467374127158504,6.159198420826307,7.5945591379318245
direct_reuse_recycling,monthly,fixed_total,1.0,test,frac_eu_into,35,324,1.5214996208131124,1.504948827526725,1.3859935001572454,1.1258421296895915,1.565993205033095,1.3515725893882113,1.2518545274140758,1.4540504458772363,6.467374127158504,6.159198420826307,7.5945591379318245
direct_reuse_recycling,monthly,fixed_total,1.0,test,f_cohort_10yr,35,324,50.40387411173697,50.2406996518305,0.3751275403580667,0.2909906901959636,0.45768197201871974,0.37375259243261905,0.3237339644661885,0.4216503097959512,6.467374127158504,6.159198420826307,7.5945591379318245
direct_reuse_recycling,monthly,fixed_total,1.0,test,f_cohort_20yr,35,324,37.74565903961782,37.68309671549266,0.20715418555099507,0.1571441760515102,0.29182225897827485,0.22424897790254694,0.18762451438755767,0.27737465828599484,6.467374127158504,6.159198420826307,7.5945591379318245
direct_reuse_recycling,monthly,fixed_total,1.0,test,f_cohort_44yr,35,324,26.694178957225233,26.640269339364743,0.340715245675538,0.28460084955672094,0.44460703566608917,0.3613987345446462,0.31525202506903494,0.4266896667768638,6.467374127158504,6.159198420826307,7.5945591379318245
end_of_life,annual,per_obs,1.0,test,alpha_cc,35,27,12.866123464424417,12.79570057795044,0.12272053523816329,0.09375762555416944,0.28104842010391873,0.17274883092048554,0.11622808415144847,0.22122449546688738,4.504630264574548,4.212536480545488,4.805413339641303
end_of_life,annual,per_obs,1.0,test,alpha_refc,35,27,17.540400858583634,17.51717391402569,0.12071976523801986,0.060827265345420045,0.21777203694446357,0.1363676220173221,0.09796735599403861,0.19520658258995738,4.504630264574548,4.212536480545488,4.805413339641303
end_of_life,annual,per_obs,1.0,test,alpha_win,35,27,16.931061695567116,16.917192042168285,0.09791489400483577,0.06765352734956487,0.17949573943895625,0.12058425787880855,0.09043391196306705,0.1515222711945874,4.504630264574548,4.212536480545488,4.805413339641303
end_of_life,annual,per_obs,1.0,test,alpha_dr,35,27,16.74970470213306,16.72391450660057,0.12230439513460922,0.07449835402153493,0.28743493016217814,0.16599689315093813,0.10985855159214575,0.27371316307019944,4.504630264574548,4.212536480545488,4.805413339641303
end_of_life,annual,per_obs,1.0,test,tau_olds,35,27,13.881564545569692,13.872025439211008,0.10504146376413281,0.06011937195842254,0.17702543255428416,0.11712656160257351,0.08655232404762292,0.18094639723293393,4.504630264574548,4.212536480545488,4.805413339641303
end_of_life,annual,per_obs,1.0,test,frac_fu_new,35,27,18.054858043440014,17.738705090787985,0.4998501906132158,0.25743900548721443,1.0245601458971243,0.5992098285423075,0.40402872727196004,0.8403041832874547,4.504630264574548,4.212536480545488,4.805413339641303
end_of_life,annual,per_obs,1.0,test,frac_fu_out,35,27,1.8673655196342513,1.8418596878021158,0.4998501906132158,0.25743900548721443,1.0245601458971243,0.5992098285423075,0.40402872727196004,0.8403041832874547,4.504630264574548,4.212536480545488,4.805413339641303
end_of_life,annual,per_obs,1.0,test,frac_eu_new,35,27,22.521416004705365,22.232034253759917,0.7573520114805277,0.4333494380948655,1.03600367197349,0.7672986786837338,0.6213844439493854,0.9116490023592161,4.504630264574548,4.212536480545488,4.805413339641303
end_of_life,annual,per_obs,1.0,test,frac_eu_into,35,27,1.5214996208131124,1.5143701892708952,0.7573520114805277,0.4333494380948655,1.03600367197349,0.7672986786837338,0.6213844439493854,0.9116490023592161,4.504630264574548,4.212536480545488,4.805413339641303
end_of_life,annual,per_obs,1.0,test,f_cohort_10yr,35,27,50.40387411173697,43.05019931206013,15.656270962481344,12.29955489667096,21.51876401887901,16.340610136452383,14.05522967343047,18.578386344123704,4.504630264574548,4.212536480545488,4.805413339641303
end_of_life,annual,per_obs,1.0,test,f_cohort_20yr,35,27,37.74565903961782,32.818273957558695,8.74378655754734,4.07777136447518,14.704222810492425,9.903857358145562,7.374318035857886,12.687492280787609,4.504630264574548,4.212536480545488,4.805413339641303
end_of_life,annual,per_obs,1.0,test,f_cohort_44yr,35,27,26.694178957225233,19.408986910628673,23.659307650444216,20.162792647060083,26.381421153886276,23.420169323133663,21.825309584235804,25.00757882655076,4.504630264574548,4.212536480545488,4.805413339641303
end_of_life,annual,fixed_total,1.0,test,alpha_cc,35,27,12.866123464424417,12.79570057795044,0.12272053523816329,0.09375762555416944,0.28104842010391873,0.17274883092048554,0.11622808415144847,0.22122449546688738,4.504630264574548,4.212536480545488,4.805413339641303
end_of_life,annual,fixed_total,1.0,test,alpha_refc,35,27,17.540400858583634,17.51717391402569,0.12071976523801986,0.060827265345420045,0.21777203694446357,0.1363676220173221,0.09796735599403861,0.19520658258995738,4.504630264574548,4.212536480545488,4.805413339641303
end_of_life,annual,fixed_total,1.0,test,alpha_win,35,27,16.931061695567116,16.917192042168285,0.09791489400483577,0.06765352734956487,0.17949573943895625,0.12058425787880855,0.09043391196306705,0.1515222711945874,4.504630264574548,4.212536480545488,4.805413339641303
end_of_life,annual,fixed_total,1.0,test,alpha_dr,35,27,16.74970470213306,16.72391450660057,0.12230439513460922,0.07449835402153493,0.28743493016217814,0.16599689315093813,0.10985855159214575,0.27371316307019944,4.504630264574548,4.212536480545488,4.805413339641303
end_of_life,annual,fixed_total,1.0,test,tau_olds,35,27,13.881564545569692,13.872025439211008,0.10504146376413281,0.06011937195842254,0.17702543255428416,0.11712656160257351,0.08655232404762292,0.18094639723293393,4.504630264574548,4.212536480545488,4.805413339641303
end_of_life,annual,fixed_total,1.0,test,frac_fu_new,35,27,18.054858043440014,17.738705090787985,0.4998501906132158,0.25743900548721443,1.0245601458971243,0.5992098285423075,0.40402872727196004,0.8403041832874547,4.504630264574548,4.212536480545488,4.805413339641303
end_of_life,annual,fixed_total,1.0,test,frac_fu_out,35,27,1.8673655196342513,1.8418596878021158,0.4998501906132158,0.25743900548721443,1.0245601458971243,0.5992098285423075,0.40402872727196004,0.8403041832874547,4.504630264574548,4.212536480545488,4.805413339641303
end_of_life,annual,fixed_total,1.0,test,frac_eu_new,35,27,22.521416004705365,22.232034253759917,0.7573520114805277,0.4333494380948655,1.03600367197349,0.7672986786837338,0.6213844439493854,0.9116490023592161,4.504630264574548,4.212536480545488,4.805413339641303
end_of_life,annual,fixed_total,1.0,test,frac_eu_into,35,27,1.5214996208131124,1.5143701892708952,0.7573520114805277,0.4333494380948655,1.03600367197349,0.7672986786837338,0.6213844439493854,0.9116490023592161,4.504630264574548,4.212536480545488,4.805413339641303
end_of_life,annual,fixed_total,1.0,test,f_cohort_10yr,35,27,50.40387411173697,43.05019931206013,15.656270962481344,12.29955489667096,21.51876401887901,16.340610136452383,14.05522967343047,18.578386344123704,4.504630264574548,4.212536480545488,4.805413339641303
end_of_life,annual,fixed_total,1.0,test,f_cohort_20yr,35,27,37.74565903961782,32.818273957558695,8.74378655754734,4.07777136447518,14.704222810492425,9.903857358145562,7.374318035857886,12.687492280787609,4.504630264574548,4.212536480545488,4.805413339641303
end_of_life,annual,fixed_total,1.0,test,f_cohort_44yr,35,27,26.694178957225233,19.408986910628673,23.659307650444216,20.162792647060083,26.381421153886276,23.420169323133663,21.825309584235804,25.00757882655076,4.504630264574548,4.212536480545488,4.805413339641303
end_of_life,quarterly,per_obs,1.0,test,alpha_cc,35,108,12.866123464424417,12.766944160625632,0.2160092674745595,0.17091010765623582,0.3578611960319944,0.2514368205478512,0.20170078939606428,0.32416514912075867,8.711439340840627,8.130532921234416,9.181238607803547
end_of_life,quarterly,per_obs,1.0,test,alpha_refc,35,108,17.540400858583634,17.502180250136355,0.19266104305679654,0.11340587599751872,0.3049263450918216,0.20979432124892117,0.16026038785432184,0.28212492252043253,8.711439340840627,8.130532921234416,9.181238607803547
end_of_life,quarterly,per_obs,1.0,test,alpha_win,35,108,16.931061695567116,16.906838534618256,0.15794831260833586,0.12495999538152391,0.26798899680987587,0.1912419513681013,0.15115277527882331,0.22886033570686526,8.711439340840627,8.130532921234416,9.181238607803547
end_of_life,quarterly,per_obs,1.0,test,alpha_dr,35,108,16.74970470213306,16.716029288538696,0.19250555105756462,0.1379849652228926,0.40340682208534484,0.25357506101080507,0.1778660158424039,0.38502628505256986,8.711439340840627,8.130532921234416,9.181238607803547
end_of_life,quarterly,per_obs,1.0,test,tau_olds,35,108,13.881564545569692,13.861431131748963,0.15532447961588147,0.11278510956893029,0.29645071759435426,0.19331580496552425,0.144669501094985,0.2792499668285986,8.711439340840627,8.130532921234416,9.181238607803547
end_of_life,quarterly,per_obs,1.0,test,frac_fu_new,35,108,18.054858043440014,17.679354191211736,0.5746006393158476,0.3321221382365125,1.1460175175503295,0.7066534163014254,0.4982405757724351,0.986804795182139,8.711439340840627,8.130532921234416,9.181238607803547
end_of_life,quarterly,per_obs,1.0,test,frac_fu_out,35,108,1.8673655196342513,1.8376932778075248,0.5746006393158476,0.3321221382365125,1.1460175175503295,0.7066534163014254,0.4982405757724351,0.986804795182139,8.711439340840627,8.130532921234416,9.181238607803547
end_of_life,quarterly,per_obs,1.0,test,frac_eu_new,35,108,22.521416004705365,22.19600348420095,0.9695651864578325,0.49604922871595014,1.2334040462262608,0.9100762104234938,0.732145557444891,1.0800946615656726,8.711439340840627,8.130532921234416,9.181238607803547
end_of_life,quarterly,per_obs,1.0,test,frac_eu_into,35,108,1.5214996208131124,1.5118149262457359,0.9695651864578325,0.49604922871595014,1.2334040462262608,0.9100762104234938,0.732145557444891,1.0800946615656726,8.711439340840627,8.130532921234416,9.181238607803547
end_of_life,quarterly,per_obs,1.0,test,f_cohort_10yr,35,108,50.40387411173697,40.797575514024956,20.043499503299568,15.885140311215117,26.770920209747814,20.79721413505734,18.06071624385804,23.733304315164148,8.711439340840627,8.130532921234416,9.181238607803547
end_of_life,quarterly,per_obs,1.0,test,f_cohort_20yr,35,108,37.74565903961782,31.748591105369627,11.527770859199105,6.464192812816943,20.147147200535088,13.758049036440607,10.005753941492795,17.537899349036316,8.711439340840627,8.130532921234416,9.181238607803547
end_of_life,quarterly,per_obs,1.0,test,f_cohort_44yr,35,108,26.694178957225233,17.120570281749245,31.012212413434824,27.122999308556285,34.02731378010172,30.556586261486615,28.50913369264606,32.57119131386898,8.711439340840627,8.130532921234416,9.181238607803547
end_of_life,quarterly,fixed_total,1.0,test,alpha_cc,35,108,12.866123464424417,12.795206815083239,0.12537834033474748,0.09530587657335943,0.2840327768585782,0.17434804619353428,0.11745880050932356,0.22251865148591454,4.52604126100687,4.23006046274185,4.826564801905018
end_of_life,quarterly,fixed_total,1.0,test,alpha_refc,35,108,17.540400858583634,17.516966730465075,0.12191060055183334,0.061743387326218535,0.21890771203296744,0.1375200352104783,0.09928322651688304,0.1963083910015151,4.52604126100687,4.23006046274185,4.826564801905018
end_of_life,quarterly,fixed_total,1.0,test,alpha_win,35,108,16.931061695567116,16.91707089501269,0.098415174268629,0.06808233615847037,0.1806192102541293,0.12146097785951937,0.09122783238268983,0.1525642210708833,4.52604126100687,4.23006046274185,4.826564801905018
end_of_life,quarterly,fixed_total,1.0,test,alpha_dr,35,108,16.74970470213306,16.723826603402156,0.12300012378465564,0.07601641607311582,0.2895001394205232,0.1679172548875285,0.11091112400872793,0.27548212597685584,4.52604126100687,4.23006046274185,4.826564801905018
end_of_life,quarterly,fixed_total,1.0,test,tau_olds,35,108,13.881564545569692,13.871872858029464,0.10620573228241614,0.060860003780494054,0.1785526813149585,0.11823234593817122,0.08751222336276787,0.18220723361762614,4.52604126100687,4.23006046274185,4.826564801905018
end_of_life,quarterly,fixed_total,1.0,test,frac_fu_new,35,108,18.054858043440014,17.73826885583448,0.5004581679570519,0.258076806810964,1.0255150039197636,0.6005090173105493,0.40471406311826663,0.8416053078665664,4.52604126100687,4.23006046274185,4.826564801905018
end_of_life,quarterly,fixed_total,1.0,test,frac_fu_out,35,108,1.8673655196342513,1.841836720944744,0.5004581679570519,0.258076806810964,1.0255150039197636,0.6005090173105493,0.40471406311826663,0.8416053078665664,4.52604126100687,4.23006046274185,4.826564801905018
end_of_life,quarterly,fixed_total,1.0,test,frac_eu_new,35,108,22.521416004705365,22.23166459373141,0.7590249512611003,0.43364114011304467,1.0381988850600377,0.7690859740079797,0.6226238978254361,0.9128908588989737,4.52604126100687,4.23006046274185,4.826564801905018
end_of_life,quarterly,fixed_total,1.0,test,frac_eu_into,35,108,1.5214996208131124,1.5143072298579974,0.7590249512611003,0.43364114011304467,1.0381988850600377,0.7690859740079797,0.6226238978254361,0.9128908588989737,4.52604126100687,4.23006046274185,4.826564801905018
end_of_life,quarterly,fixed_total,1.0,test,f_cohort_10yr,35,108,50.40387411173697,42.98435957230321,15.692354810330889,12.390544178202472,21.582027230683764,16.413877068524204,14.094974361160418,18.624876730851636,4.52604126100687,4.23006046274185,4.826564801905018
end_of_life,quarterly,fixed_total,1.0,test,f_cohort_20yr,35,108,37.74565903961782,32.79936371240032,8.758952010807185,4.105653314544244,14.744670721289616,9.953682430981322,7.407996313041821,12.7449622746726,4.52604126100687,4.23006046274185,4.826564801905018
end_of_life,quarterly,fixed_total,1.0,test,f_cohort_44yr,35,108,26.694178957225233,19.37916050053352,23.72742844039013,20.266718393697875,26.439731868415784,23.47308114172691,21.867635326642983,25.078430913838318,4.52604126100687,4.23006046274185,4.826564801905018
end_of_life,monthly,per_obs,1.0,test,alpha_cc,35,324,12.866123464424417,12.741994874160262,0.3448155038216161,0.26437456124957515,0.4809021328250451,0.36284507015315326,0.3041444094599721,0.44157074516499306,13.438024872933116,12.529433441827193,14.18796589375132
end_of_life,monthly,per_obs,1.0,test,alpha_refc,35,324,17.540400858583634,17.484860172539786,0.2810411792374734,0.17901476255096638,0.3842067262338378,0.2852394151995008,0.22918952298246476,0.3692011100638326,13.438024872933116,12.529433441827193,14.18796589375132
end_of_life,monthly,per_obs,1.0,test,alpha_win,35,324,16.931061695567116,16.886873931457433,0.2609863746539487,0.16752890605388204,0.36469271721124574,0.2697079574033756,0.22261684577767338,0.32590963652983085,13.438024872933116,12.529433441827193,14.18796589375132
end_of_life,monthly,per_obs,1.0,test,alpha_dr,35,324,16.74970470213306,16.705480750283243,0.2640282478782119,0.21198148799096983,0.5420751942725344,0.3528061904309654,0.2511565674336469,0.48850825513875873,13.438024872933116,12.529433441827193,14.18796589375132
end_of_life,monthly,per_obs,1.0,test,tau_olds,35,324,13.881564545569692,13.852110920100364,0.22760984909828696,0.17977420109815956,0.3990508206069221,0.26820806176331147,0.2136550164535289,0.37453407778631487,13.438024872933116,12.529433441827193,14.18796589375132
end_of_life,monthly,per_obs,1.0,test,frac_fu_new,35,324,18.054858043440014,17.63891119721044,0.6628152928604414,0.3844037224655872,1.2236348131944352,0.7991345457208476,0.57569595840119,1.0983374710011151,13.438024872933116,12.529433441827193,14.18796589375132
end_of_life,monthly,per_obs,1.0,test,frac_fu_out,35,324,1.8673655196342513,1.8362463018807507,0.6628152928604414,0.3844037224655872,1.2236348131944352,0.7991345457208476,0.57569595840119,1.0983374710011151,13.438024872933116,12.529433441827193,14.18796589375132
end_of_life,monthly,per_obs,1.0,test,frac_eu_new,35,324,22.521416004705365,22.166241619500475,1.0477579905778134,0.5336915763490935,1.3721266665574827,1.0047206571548006,0.8050421669487939,1.1896607899448797,13.438024872933116,12.529433441827193,14.18796589375132
end_of_life,monthly,per_obs,1.0,test,frac_eu_into,35,324,1.5214996208131124,1.509825563998392,1.0477579905778134,0.5336915763490935,1.3721266665574827,1.004720657154795,0.8050421669487939,1.1896607899448797,13.438024872933116,12.529433441827193,14.18796589375132
end_of_life,monthly,per_obs,1.0,test,f_cohort_10yr,35,324,50.40387411173697,37.80066565500717,23.986891857736147,19.405260849995535,31.497928808787012,24.361811205860544,21.20860273432898,27.5920376967181,13.438024872933116,12.529433441827193,14.18796589375132
end_of_life,monthly,per_obs,1.0,test,f_cohort_20yr,35,324,37.74565903961782,30.293275346477742,14.090578032370482,8.063374527553202,24.79320654810526,16.80991769828134,12.576175076073737,21.251779907314464,13.438024872933116,12.529433441827193,14.18796589375132
end_of_life,monthly,per_obs,1.0,test,f_cohort_44yr,35,324,26.694178957225233,16.002136754737496,35.852088874254804,31.10980721054968,39.724685704973965,35.48323244963196,32.99150157564854,37.60012872888805,13.438024872933116,12.529433441827193,14.18796589375132
end_of_life,monthly,fixed_total,1.0,test,alpha_cc,35,324,12.866123464424417,12.79517729070532,0.1255439537558578,0.09540049953744578,0.2841158394968235,0.17448465679588132,0.11750273511479392,0.22260231461566082,4.527434158094514,4.231189600938796,4.827954406774947
end_of_life,monthly,fixed_total,1.0,test,alpha_refc,35,324,17.540400858583634,17.516953372831047,0.12199359957614231,0.06179582016440088,0.21898139709431996,0.13759495592382265,0.09934282278651896,0.19636626615165964,4.527434158094514,4.231189600938796,4.827954406774947
end_of_life,monthly,fixed_total,1.0,test,alpha_win,35,324,16.931061695567116,16.917063270665718,0.09844728186831908,0.06812363849882375,0.18069147434039423,0.12151929211575152,0.09127758532871955,0.1526095607913669,4.527434158094514,4.231189600938796,4.827954406774947
end_of_life,monthly,fixed_total,1.0,test,alpha_dr,35,324,16.74970470213306,16.723818617786915,0.12302651870663706,0.07610971269826905,0.2896329317584212,0.16800605700111604,0.11094826941550062,0.27564487366456003,4.527434158094514,4.231189600938796,4.827954406774947
end_of_life,monthly,fixed_total,1.0,test,tau_olds,35,324,13.881564545569692,13.871863340315539,0.10628931365546102,0.06093126196108356,0.178656051800391,0.11830438965725609,0.08758101434691579,0.18227730518949325,4.527434158094514,4.231189600938796,4.827954406774947
end_of_life,monthly,fixed_total,1.0,test,frac_fu_new,35,324,18.054858043440014,17.73824351972408,0.5004956940968919,0.2581159833717872,1.0255739487184778,0.6005890434018474,0.4048258781357672,0.84169271313001,4.527434158094514,4.231189600938796,4.827954406774947
end_of_life,monthly,fixed_total,1.0,test,frac_fu_out,35,324,1.8673655196342513,1.8418352681476888,0.5004956940968919,0.2581159833717872,1.0255739487184778,0.6005890434018474,0.4048258781357672,0.84169271313001,4.527434158094514,4.231189600938796,4.827954406774947
end_of_life,monthly,fixed_total,1.0,test,frac_eu_new,35,324,22.521416004705365,22.231641509313224,0.7591249184552451,0.43366087509855156,1.0383398831597224,0.769217855692389,0.6227082132631567,0.9130178853909765,4.527434158094514,4.231189600938796,4.827954406774947
end_of_life,monthly,fixed_total,1.0,test,frac_eu_into,35,324,1.5214996208131124,1.5143034733571434,0.7591249184552451,0.43366087509855156,1.0383398831597224,0.769217855692389,0.6227082132631567,0.9130178853909765,4.527434158094514,4.231189600938796,4.827954406774947
end_of_life,monthly,fixed_total,1.0,test,f_cohort_10yr,35,324,50.40387411173697,42.98046891854399,15.694577505262263,12.395923246190833,21.58578716659287,16.416297109876005,14.097363401558894,18.626524346084228,4.527434158094514,4.231189600938796,4.827954406774947
end_of_life,monthly,fixed_total,1.0,test,f_cohort_20yr,35,324,37.74565903961782,32.79824051870974,8.759906363800663,4.107391668325366,14.747139400922421,9.956674242469909,7.410042604532813,12.748401277290089,4.527434158094514,4.231189600938796,4.827954406774947
end_of_life,monthly,fixed_total,1.0,test,f_cohort_44yr,35,324,26.694178957225233,19.377386855730734,23.73148118004227,20.27289661176972,26.44317501817341,23.47791561157005,21.871046837507635,25.08260116997963,4.527434158094514,4.231189600938796,4.827954406774947
scrap_collection,annual,per_obs,1.0,test,alpha_cc,35,27,12.866123464424417,12.82786722319556,0.142791562661837,0.10051670017565129,0.1989026097557245,0.1496320952121155,0.12388839766342974,0.17560674390298403,6.387250928629208,5.6217867704825855,7.202906751195053
scrap_collection,annual,per_obs,1.0,test,alpha_refc,35,27,17.540400858583634,17.51842561979559,0.10926446034686954,0.09218423996446568,0.17264527296134702,0.12985171348476043,0.10659906081205706,0.15186708897292345,6.387250928629208,5.6217867704825855,7.202906751195053
scrap_collection,annual,per_obs,1.0,test,alpha_win,35,27,16.931061695567116,16.914572239976767,0.18192504144323163,0.10873248473752817,0.2482735352847376,0.18329850042726747,0.15330294554383728,0.2299196338984122,6.387250928629208,5.6217867704825855,7.202906751195053
scrap_collection,annual,per_obs,1.0,test,alpha_dr,35,27,16.74970470213306,16.67190963474348,0.3504444649215066,0.22959836077117712,0.48873928061438643,0.37348921162053683,0.31618509653885685,0.44077043732677623,6.387250928629208,5.6217867704825855,7.202906751195053
scrap_collection,annual,per_obs,1.0,test,tau_olds,35,27,13.881564545569692,13.247564062136355,5.155255334843101,4.450826168000188,5.766515983559961,5.201512132917877,4.827736550636052,5.564546493145478,6.387250928629208,5.6217867704825855,7.202906751195053
scrap_collection,annual,per_obs,1.0,test,frac_fu_new,35,27,18.054858043440014,17.77723409862914,0.995689401826394,0.7706595731257204,1.2759085273450876,1.023861205028223,0.8863251119597237,1.1650520087213179,6.387250928629208,5.6217867704825855,7.202906751195053
scrap_collection,annual,per_obs,1.0,test,frac_fu_out,35,27,1.8673655196342513,1.8460877181701338,0.995689401826394,0.7706595731257204,1.2759085273450876,1.023861205028223,0.8863251119597237,1.1650520087213179,6.387250928629208,5.6217867704825855,7.202906751195053
scrap_collection,annual,per_obs,1.0,test,frac_eu_new,35,27,22.521416004705365,22.236265710822487,1.0648099503202335,0.7672324250857454,1.185286335733221,0.9994236408162077,0.8917042542489539,1.11063784453449,6.387250928629208,5.6217867704825855,7.202906751195053
scrap_collection,annual,per_obs,1.0,test,frac_eu_into,35,27,1.5214996208131124,1.5124903964884242,1.0648099503202335,0.7672324250857454,1.185286335733221,0.9994236408162077,0.8917042542489539,1.11063784453449,6.387250928629208,5.6217867704825855,7.202906751195053
scrap_collection,annual,per_obs,1.0,test,f_cohort_10yr,35,27,50.40387411173697,48.88023063427342,3.493656258784772,2.2352070674983127,4.737032471252367,3.5880039119542517,3.0669605383441714,4.152501050468449,6.387250928629208,5.6217867704825855,7.202906751195053
scrap_collection,annual,per_obs,1.0,test,f_cohort_20yr,35,27,37.74565903961782,36.5323600041883,1.8783117711014485,0.9168391515637697,2.99144822138544,2.032673613319994,1.5406536547456773,2.5633790407660397,6.387250928629208,5.6217867704825855,7.202906751195053
scrap_collection,annual,per_obs,1.0,test,f_cohort_44yr,35,27,26.694178957225233,25.93620805864323,4.649978213202011,3.9353060259469883,5.535970150508662,4.714453496927168,4.309501192024806,5.126274168554623,6.387250928629208,5.6217867704825855,7.202906751195053
scrap_collection,annual,fixed_total,1.0,test,alpha_cc,35,27,12.866123464424417,12.82786722319556,0.142791562661837,0.10051670017565129,0.1989026097557245,0.1496320952121155,0.12388839766342974,0.17560674390298403,6.387250928629208,5.6217867704825855,7.202906751195053
scrap_collection,annual,fixed_total,1.0,test,alpha_refc,35,27,17.540400858583634,17.51842561979559,0.10926446034686954,0.09218423996446568,0.17264527296134702,0.12985171348476043,0.10659906081205706,0.15186708897292345,6.387250928629208,5.6217867704825855,7.202906751195053
scrap_collection,annual,fixed_total,1.0,test,alpha_win,35,27,16.931061695567116,16.914572239976767,0.18192504144323163,0.10873248473752817,0.2482735352847376,0.18329850042726747,0.15330294554383728,0.2299196338984122,6.387250928629208,5.6217867704825855,7.202906751195053
scrap_collection,annual,fixed_total,1.0,test,alpha_dr,35,27,16.74970470213306,16.67190963474348,0.3504444649215066,0.22959836077117712,0.48873928061438643,0.37348921162053683,0.31618509653885685,0.44077043732677623,6.387250928629208,5.6217867704825855,7.202906751195053
scrap_collection,annual,fixed_total,1.0,test,tau_olds,35,27,13.881564545569692,13.247564062136355,5.155255334843101,4.450826168000188,5.766515983559961,5.201512132917877,4.827736550636052,5.564546493145478,6.387250928629208,5.6217867704825855,7.202906751195053
scrap_collection,annual,fixed_total,1.0,test,frac_fu_new,35,27,18.054858043440014,17.77723409862914,0.995689401826394,0.7706595731257204,1.2759085273450876,1.023861205028223,0.8863251119597237,1.1650520087213179,6.387250928629208,5.6217867704825855,7.202906751195053
scrap_collection,annual,fixed_total,1.0,test,frac_fu_out,35,27,1.8673655196342513,1.8460877181701338,0.995689401826394,0.7706595731257204,1.2759085273450876,1.023861205028223,0.8863251119597237,1.1650520087213179,6.387250928629208,5.6217867704825855,7.202906751195053
scrap_collection,annual,fixed_total,1.0,test,frac_eu_new,35,27,22.521416004705365,22.236265710822487,1.0648099503202335,0.7672324250857454,1.185286335733221,0.9994236408162077,0.8917042542489539,1.11063784453449,6.387250928629208,5.6217867704825855,7.202906751195053
scrap_collection,annual,fixed_total,1.0,test,frac_eu_into,35,27,1.5214996208131124,1.5124903964884242,1.0648099503202335,0.7672324250857454,1.185286335733221,0.9994236408162077,0.8917042542489539,1.11063784453449,6.387250928629208,5.6217867704825855,7.202906751195053
scrap_collection,annual,fixed_total,1.0,test,f_cohort_10yr,35,27,50.40387411173697,48.88023063427342,3.493656258784772,2.2352070674983127,4.737032471252367,3.5880039119542517,3.0669605383441714,4.152501050468449,6.387250928629208,5.6217867704825855,7.202906751195053
scrap_collection,annual,fixed_total,1.0,test,f_cohort_20yr,35,27,37.74565903961782,36.5323600041883,1.8783117711014485,0.9168391515637697,2.99144822138544,2.032673613319994,1.5406536547456773,2.5633790407660397,6.387250928629208,5.6217867704825855,7.202906751195053
scrap_collection,annual,fixed_total,1.0,test,f_cohort_44yr,35,27,26.694178957225233,25.93620805864323,4.649978213202011,3.9353060259469883,5.535970150508662,4.714453496927168,4.309501192024806,5.126274168554623,6.387250928629208,5.6217867704825855,7.202906751195053
scrap_collection,quarterly,per_obs,1.0,test,alpha_cc,35,108,12.866123464424417,12.778031707781235,0.4052948338971074,0.28723267075193015,0.5350113652613453,0.40924505798154986,0.3542159674219947,0.47050939611550935,17.701047249019453,16.090103371583385,19.845447197650845
scrap_collection,quarterly,per_obs,1.0,test,alpha_refc,35,108,17.540400858583634,17.47705376552462,0.34500055755539716,0.26889303319040936,0.48857988153884757,0.3728827613159208,0.3165974747180833,0.435669001073713,17.701047249019453,16.090103371583385,19.845447197650845
scrap_collection,quarterly,per_obs,1.0,test,alpha_win,35,108,16.931061695567116,16.882340315478938,0.5172036907014066,0.2867852568691709,0.7122326749327779,0.5164523948090916,0.41538937313825297,0.6537132058346551,17.701047249019453,16.090103371583385,19.845447197650845
scrap_collection,quarterly,per_obs,1.0,test,alpha_dr,35,108,16.74970470213306,16.566086066866593,0.8435810026305335,0.6670494858746434,1.1098295956383675,0.867885969533605,0.752881844071851,0.9905828947815831,17.701047249019453,16.090103371583385,19.845447197650845
scrap_collection,quarterly,per_obs,1.0,test,tau_olds,35,108,13.881564545569692,12.199400137320247,11.975100317587328,10.613425829125472,12.966397524545016,11.90330188171041,11.256042139500583,12.552749389348396,17.701047249019453,16.090103371583385,19.845447197650845
scrap_collection,quarterly,per_obs,1.0,test,frac_fu_new,35,108,18.054858043440014,17.625925883178173,1.671546508348687,1.2792651154404477,2.136924551980568,1.731768104429246,1.5230317859646125,1.9443067228782862,17.701047249019453,16.090103371583385,19.845447197650845
scrap_collection,quarterly,per_obs,1.0,test,frac_fu_out,35,108,1.8673655196342513,1.82868833704354,1.671546508348687,1.2792651154404477,2.136924551980568,1.731768104429246,1.5230317859646125,1.9443067228782862,17.701047249019453,16.090103371583385,19.845447197650845
scrap_collection,quarterly,per_obs,1.0,test,frac_eu_new,35,108,22.521416004705365,22.07825663003632,1.5571564413282113,1.2258635579979582,1.908736208599704,1.57088581321094,1.410696612595258,1.725250747258994,17.701047249019453,16.090103371583385,19.845447197650845
scrap_collection,quarterly,per_obs,1.0,test,frac_eu_into,35,108,1.5214996208131124,1.500792286385209,1.5571564413282113,1.2258635579979582,1.908736208599704,1.57088581321094,1.410696612595258,1.725250747258994,17.701047249019453,16.090103371583385,19.845447197650845
scrap_collection,quarterly,per_obs,1.0,test,f_cohort_10yr,35,108,50.40387411173697,48.16816695389142,5.720167534891107,3.4327435430969278,7.394640979704198,5.531203058414971,4.732097374113725,6.3228708043916555,17.701047249019453,16.090103371583385,19.845447197650845
scrap_collection,quarterly,per_obs,1.0,test,f_cohort_20yr,35,108,37.74565903961782,35.625634555388494,3.003196381710649,1.6851943497763533,4.66561491569677,3.318271392049646,2.557849999885314,4.025409125604645,17.701047249019453,16.090103371583385,19.845447197650845
scrap_collection,quarterly,per_obs,1.0,test,f_cohort_44yr,35,108,26.694178957225233,25.341030378654946,7.385497373385929,6.218796081514311,8.609184310224089,7.292598414043333,6.695084445933341,7.875591091556577,17.701047249019453,16.090103371583385,19.845447197650845
scrap_collection,quarterly,fixed_total,1.0,test,alpha_cc,35,108,12.866123464424417,12.82502273607767,0.17832072134214005,0.11744154124422312,0.22977397763401797,0.17739118203721205,0.1483274727108297,0.2022716815875958,7.1550680027058435,6.2540119897328985,8.130697446523044
scrap_collection,quarterly,fixed_total,1.0,test,alpha_refc,35,108,17.540400858583634,17.51444053583186,0.13767689178334486,0.10885499083208572,0.19720972732503173,0.15350375884109202,0.13003891102199572,0.1820494525818228,7.1550680027058435,6.2540119897328985,8.130697446523044
scrap_collection,quarterly,fixed_total,1.0,test,alpha_win,35,108,16.931061695567116,16.91128428590461,0.22530222601455652,0.12951040457314655,0.2916019679523818,0.2134765551647877,0.17898019217129635,0.26921236358143363,7.1550680027058435,6.2540119897328985,8.130697446523044
scrap_collection,quarterly,fixed_total,1.0,test,alpha_dr,35,108,16.74970470213306,16.665552538881375,0.4153576333193243,0.26730879296327226,0.5492389723865176,0.41240839228794124,0.350601278222451,0.4834666967510448,7.1550680027058435,6.2540119897328985,8.130697446523044
scrap_collection,quarterly,fixed_total,1.0,test,tau_olds,35,108,13.881564545569692,13.138104463444517,5.8973639559037005,4.965738138056636,6.430802855350393,5.8328378077171195,5.440720366196605,6.239524485912618,7.1550680027058435,6.2540119897328985,8.130697446523044
scrap_collection,quarterly,fixed_total,1.0,test,frac_fu_new,35,108,18.054858043440014,17.77355510078208,1.0152404259944903,0.796177577069046,1.3129853039434036,1.0556590434263546,0.918019921421015,1.1974216813385286,7.1550680027058435,6.2540119897328985,8.130697446523044
scrap_collection,quarterly,fixed_total,1.0,test,frac_fu_out,35,108,1.8673655196342513,1.8449465941803624,1.0152404259944903,0.796177577069046,1.3129853039434036,1.0556590434263546,0.918019921421015,1.1974216813385286,7.1550680027058435,6.2540119897328985,8.130697446523044
scrap_collection,quarterly,fixed_total,1.0,test,frac_eu_new,35,108,22.521416004705365,22.23324448095557,1.0883588976387193,0.7797374202406671,1.2165724777323306,1.0233469200475547,0.916440176995087,1.1331030683861543,7.1550680027058435,6.2540119897328985,8.130697446523044
scrap_collection,quarterly,fixed_total,1.0,test,frac_eu_into,35,108,1.5214996208131124,1.5123026578138552,1.0883588976387193,0.7797374202406671,1.2165724777323306,1.0233469200475547,0.916440176995087,1.1331030683861543,7.1550680027058435,6.2540119897328985,8.130697446523044
scrap_collection,quarterly,fixed_total,1.0,test,f_cohort_10yr,35,108,50.40387411173697,48.8681972864293,3.5439334066828754,2.271642555120401,4.76337665393185,3.6077447565879717,3.0961682275560953,4.181307200541995,7.1550680027058435,6.2540119897328985,8.130697446523044
scrap_collection,quarterly,fixed_total,1.0,test,f_cohort_20yr,35,108,37.74565903961782,36.50901874612496,1.8871350240512008,0.9616760682878367,3.0278056435846357,2.060934257541083,1.571019354775799,2.5915952964305045,7.1550680027058435,6.2540119897328985,8.130697446523044
scrap_collection,quarterly,fixed_total,1.0,test,f_cohort_44yr,35,108,26.694178957225233,25.93276869238693,4.707235624504524,3.979734236515653,5.559801432376521,4.752359883086369,4.34127238866942,5.159264008412901,7.1550680027058435,6.2540119897328985,8.130697446523044
scrap_collection,monthly,per_obs,1.0,test,alpha_cc,35,324,12.866123464424417,12.725449926310057,0.7095517043088084,0.5275240209601129,0.9107552577718725,0.7031200051269337,0.6189974614172034,0.7993419016116055,31.812096864506323,29.238950387078873,35.00375663069684
scrap_collection,monthly,per_obs,1.0,test,alpha_refc,35,324,17.540400858583634,17.437433026741818,0.6276116674942323,0.4833781338971055,0.8314043123460568,0.6573912231215812,0.5599802898476891,0.7637447038649714,31.812096864506323,29.238950387078873,35.00375663069684
scrap_collection,monthly,per_obs,1.0,test,alpha_win,35,324,16.931061695567116,16.848408175765826,0.8442907652299159,0.4872359827510331,1.2088573440130035,0.8742631109070614,0.6925564855798205,1.0706691945522873,31.812096864506323,29.238950387078873,35.00375663069684
scrap_collection,monthly,per_obs,1.0,test,alpha_dr,35,324,16.74970470213306,16.455868965772453,1.3131699755661863,1.0385419977699262,1.5737438132388815,1.3104049434029041,1.1506387660851103,1.4889785515296294,31.812096864506323,29.238950387078873,35.00375663069684
scrap_collection,monthly,per_obs,1.0,test,tau_olds,35,324,13.881564545569692,11.327608332504722,17.363639726993483,15.621039579704332,18.93239925075222,17.4693845270346,16.55639391006016,18.265523231749793,31.812096864506323,29.238950387078873,35.00375663069684
scrap_collection,monthly,per_obs,1.0,test,frac_fu_new,35,324,18.054858043440014,17.53021250142812,2.1775877070860816,1.6589656192647628,2.679367222131801,2.1789884506160457,1.9262845631114356,2.4291564674490616,31.812096864506323,29.238950387078873,35.00375663069684
scrap_collection,monthly,per_obs,1.0,test,frac_fu_out,35,324,1.8673655196342513,1.8146403210719042,2.1775877070860816,1.6589656192647628,2.679367222131801,2.1789884506160457,1.9262845631114356,2.4291564674490616,31.812096864506323,29.238950387078873,35.00375663069684
scrap_collection,monthly,per_obs,1.0,test,frac_eu_new,35,324,22.521416004705365,22.00682753945266,1.8555477524826447,1.502530863536733,2.2993835882973324,1.8937511632249189,1.7002410031977222,2.089871333729365,31.812096864506323,29.238950387078873,35.00375663069684
scrap_collection,monthly,per_obs,1.0,test,frac_eu_into,35,324,1.5214996208131124,1.493067075005693,1.8555477524826447,1.502530863536733,2.2993835882973324,1.8937511632249189,1.7002410031977222,2.089871333729365,31.812096864506323,29.238950387078873,35.00375663069684
scrap_collection,monthly,per_obs,1.0,test,f_cohort_10yr,35,324,50.40387411173697,47.84546209105722,6.891949384983143,4.12662761120422,8.7178686463796,6.588853640550751,5.727902278899222,7.467603348192736,31.812096864506323,29.238950387078873,35.00375663069684
scrap_collection,monthly,per_obs,1.0,test,f_cohort_20yr,35,324,37.74565903961782,35.101325611994554,3.771579612330833,2.447293408638229,5.630803198047785,4.101895327756569,3.2383307257956018,5.029752190660069,31.812096864506323,29.238950387078873,35.00375663069684
scrap_collection,monthly,per_obs,1.0,test,f_cohort_44yr,35,324,26.694178957225233,25.01315736984115,8.89943626902221,7.322185527157183,10.317645212954002,8.694000886664766,7.9879069016339175,9.395897178363366,31.812096864506323,29.238950387078873,35.00375663069684
scrap_collection,monthly,fixed_total,1.0,test,alpha_cc,35,324,12.866123464424417,12.82484399116608,0.18020015942878942,0.11902002818450774,0.2317796833921748,0.17933449757383257,0.1498188075544582,0.20418071240650426,7.19946188528122,6.29082905300346,8.179936248665218
scrap_collection,monthly,fixed_total,1.0,test,alpha_refc,35,324,17.540400858583634,17.51417004767806,0.13946463353348149,0.10950354093631764,0.19973555584384406,0.15524370603699766,0.13156195369736778,0.1842074753280909,7.19946188528122,6.29082905300346,8.179936248665218
scrap_collection,monthly,fixed_total,1.0,test,alpha_win,35,324,16.931061695567116,16.911075920474666,0.2261381758700498,0.13074477087532954,0.2939747873775378,0.21540348856469993,0.17990289607321408,0.2720542603934839,7.19946188528122,6.29082905300346,8.179936248665218
scrap_collection,monthly,fixed_total,1.0,test,alpha_dr,35,324,16.74970470213306,16.665103969036732,0.4192419812480974,0.26945180681340886,0.5519835956844799,0.4147265592980093,0.3529363414594866,0.48564518645408117,7.19946188528122,6.29082905300346,8.179936248665218
scrap_collection,monthly,fixed_total,1.0,test,tau_olds,35,324,13.881564545569692,13.133152270232642,5.939653447519921,4.9876298948574815,6.476195284121072,5.8546297236004765,5.4774913870896444,6.269316850353551,7.19946188528122,6.29082905300346,8.179936248665218
scrap_collection,monthly,fixed_total,1.0,test,frac_fu_new,35,324,18.054858043440014,17.773333255854514,1.016438391543928,0.7977583362253737,1.3171965296926103,1.0577493744165556,0.9190195226196962,1.1993134382431048,7.19946188528122,6.29082905300346,8.179936248665218
scrap_collection,monthly,fixed_total,1.0,test,frac_fu_out,35,324,1.8673655196342513,1.8448804851600766,1.016438391543928,0.7977583362253737,1.3171965296926103,1.0577493744165556,0.9190195226196962,1.1993134382431048,7.19946188528122,6.29082905300346,8.179936248665218
scrap_collection,monthly,fixed_total,1.0,test,frac_eu_new,35,324,22.521416004705365,22.23306290383562,1.0897138268862072,0.7804861394071883,1.2194119846522744,1.0249459381287491,0.9179146793779291,1.1354754064685668,7.19946188528122,6.29082905300346,8.179936248665218
scrap_collection,monthly,fixed_total,1.0,test,frac_eu_into,35,324,1.5214996208131124,1.5122906291829037,1.0897138268862072,0.7804861394071883,1.2194119846522744,1.0249459381287491,0.9179146793779291,1.1354754064685668,7.19946188528122,6.29082905300346,8.179936248665218
scrap_collection,monthly,fixed_total,1.0,test,f_cohort_10yr,35,324,50.40387411173697,48.86746778924413,3.5477256395340384,2.273856303680988,4.765464643749789,3.6089611838557136,3.0971755335317708,4.184779928005822,7.19946188528122,6.29082905300346,8.179936248665218
scrap_collection,monthly,fixed_total,1.0,test,f_cohort_20yr,35,324,37.74565903961782,36.507616149956434,1.8879519462713157,0.9642913976393719,3.0299910669205676,2.062663059276154,1.5741905541069245,2.5946155752229805,7.19946188528122,6.29082905300346,8.179936248665218
scrap_collection,monthly,fixed_total,1.0,test,f_cohort_44yr,35,324,26.694178957225233,25.932541267423453,4.71117296232838,3.982297901936682,5.561209656790234,4.754043941255675,4.342809357671806,5.161400888672735,7.19946188528122,6.29082905300346,8.179936248665218
primary_refining,annual,per_obs,1.0,test,alpha_cc,35,27,12.866123464424417,12.764940042694452,0.7857700808920787,0.6346219397363129,0.8821579304819971,0.7757185890093277,0.7013062090941435,0.8448865104219272,4.146319052004073,3.8778614366928066,4.568811831452331
primary_refining,annual,per_obs,1.0,test,alpha_refc,35,27,17.540400858583634,17.51342814888214,0.08640934863529681,0.06039931503628582,0.12196723288365185,0.09152388675231216,0.07806822201418262,0.10674642580378868,4.146319052004073,3.8778614366928066,4.568811831452331
primary_refining,annual,per_obs,1.0,test,alpha_win,35,27,16.931061695567116,16.923091744342393,0.04786294435323857,0.032660741312640074,0.05738520871724773,0.047033977716340325,0.0407358587278972,0.053737563480948936,4.146319052004073,3.8778614366928066,4.568811831452331
primary_refining,annual,per_obs,1.0,test,alpha_dr,35,27,16.74970470213306,16.74241845764542,0.05725274559782445,0.042559251051915714,0.07943311303350575,0.061274690798432396,0.050877081446987216,0.07435518892037751,4.146319052004073,3.8778614366928066,4.568811831452331
primary_refining,annual,per_obs,1.0,test,tau_olds,35,27,13.881564545569692,13.875195079953155,0.055175697279752356,0.04076373886698348,0.07090727258217688,0.05526097545872355,0.04553616760776813,0.0644087772197266,4.146319052004073,3.8778614366928066,4.568811831452331
primary_refining,annual,per_obs,1.0,test,frac_fu_new,35,27,18.054858043440014,18.042684461600658,0.04086771755216212,0.030159178623101468,0.05611971042455144,0.042947206130330984,0.036328540645741425,0.05212482841365773,4.146319052004073,3.8778614366928066,4.568811831452331
primary_refining,annual,per_obs,1.0,test,frac_fu_out,35,27,1.8673655196342513,1.866491844372449,0.04086771755216212,0.030159178623101468,0.05611971042455144,0.042947206130330984,0.036328540645741425,0.05212482841365773,4.146319052004073,3.8778614366928066,4.568811831452331
primary_refining,annual,per_obs,1.0,test,frac_eu_new,35,27,22.521416004705365,22.515545274874285,0.03434414704730493,0.028854734260991277,0.053979648920354784,0.03877894513372726,0.03188866529725276,0.04654795675895773,4.146319052004073,3.8778614366928066,4.568811831452331
primary_refining,annual,per_obs,1.0,test,frac_eu_into,35,27,1.5214996208131124,1.5211030066210909,0.03434414704730493,0.028854734260991277,0.053979648920354784,0.03877894513372726,0.03188866529725276,0.04654795675895773,4.146319052004073,3.8778614366928066,4.568811831452331
primary_refining,annual,per_obs,1.0,test,f_cohort_10yr,35,27,50.40387411173697,50.35977502203609,0.07291592067213415,0.04367701666341817,0.12226448238322196,0.08363766602260125,0.06342777564482538,0.10356288840979722,4.146319052004073,3.8778614366928066,4.568811831452331
primary_refining,annual,per_obs,1.0,test,f_cohort_20yr,35,27,37.74565903961782,37.728293521958236,0.06003012934893137,0.0453045194524937,0.09772501964234737,0.07240852930106012,0.05720901775979059,0.08688841100187306,4.146319052004073,3.8778614366928066,4.568811831452331
primary_refining,annual,per_obs,1.0,test,f_cohort_44yr,35,27,26.694178957225233,26.678932599568668,0.07696541187589556,0.052078713786107844,0.08977588701516437,0.07403458217039305,0.06456256728181176,0.08483334463633696,4.146319052004073,3.8778614366928066,4.568811831452331
primary_refining,annual,fixed_total,1.0,test,alpha_cc,35,27,12.866123464424417,12.764940042694452,0.7857700808920787,0.6346219397363129,0.8821579304819971,0.7757185890093277,0.7013062090941435,0.8448865104219272,4.146319052004073,3.8778614366928066,4.568811831452331
primary_refining,annual,fixed_total,1.0,test,alpha_refc,35,27,17.540400858583634,17.51342814888214,0.08640934863529681,0.06039931503628582,0.12196723288365185,0.09152388675231216,0.07806822201418262,0.10674642580378868,4.146319052004073,3.8778614366928066,4.568811831452331
primary_refining,annual,fixed_total,1.0,test,alpha_win,35,27,16.931061695567116,16.923091744342393,0.04786294435323857,0.032660741312640074,0.05738520871724773,0.047033977716340325,0.0407358587278972,0.053737563480948936,4.146319052004073,3.8778614366928066,4.568811831452331
primary_refining,annual,fixed_total,1.0,test,alpha_dr,35,27,16.74970470213306,16.74241845764542,0.05725274559782445,0.042559251051915714,0.07943311303350575,0.061274690798432396,0.050877081446987216,0.07435518892037751,4.146319052004073,3.8778614366928066,4.568811831452331
primary_refining,annual,fixed_total,1.0,test,tau_olds,35,27,13.881564545569692,13.875195079953155,0.055175697279752356,0.04076373886698348,0.07090727258217688,0.05526097545872355,0.04553616760776813,0.0644087772197266,4.146319052004073,3.8778614366928066,4.568811831452331
primary_refining,annual,fixed_total,1.0,test,frac_fu_new,35,27,18.054858043440014,18.042684461600658,0.04086771755216212,0.030159178623101468,0.05611971042455144,0.042947206130330984,0.036328540645741425,0.05212482841365773,4.146319052004073,3.8778614366928066,4.568811831452331
primary_refining,annual,fixed_total,1.0,test,frac_fu_out,35,27,1.8673655196342513,1.866491844372449,0.04086771755216212,0.030159178623101468,0.05611971042455144,0.042947206130330984,0.036328540645741425,0.05212482841365773,4.146319052004073,3.8778614366928066,4.568811831452331
primary_refining,annual,fixed_total,1.0,test,frac_eu_new,35,27,22.521416004705365,22.515545274874285,0.03434414704730493,0.028854734260991277,0.053979648920354784,0.03877894513372726,0.03188866529725276,0.04654795675895773,4.146319052004073,3.8778614366928066,4.568811831452331
primary_refining,annual,fixed_total,1.0,test,frac_eu_into,35,27,1.5214996208131124,1.5211030066210909,0.03434414704730493,0.028854734260991277,0.053979648920354784,0.03877894513372726,0.03188866529725276,0.04654795675895773,4.146319052004073,3.8778614366928066,4.568811831452331
primary_refining,annual,fixed_total,1.0,test,f_cohort_10yr,35,27,50.40387411173697,50.35977502203609,0.07291592067213415,0.04367701666341817,0.12226448238322196,0.08363766602260125,0.06342777564482538,0.10356288840979722,4.146319052004073,3.8778614366928066,4.568811831452331
primary_refining,annual,fixed_total,1.0,test,f_cohort_20yr,35,27,37.74565903961782,37.728293521958236,0.06003012934893137,0.0453045194524937,0.09772501964234737,0.07240852930106012,0.05720901775979059,0.08688841100187306,4.146319052004073,3.8778614366928066,4.568811831452331
primary_refining,annual,fixed_total,1.0,test,f_cohort_44yr,35,27,26.694178957225233,26.678932599568668,0.07696541187589556,0.052078713786107844,0.08977588701516437,0.07403458217039305,0.06456256728181176,0.08483334463633696,4.146319052004073,3.8778614366928066,4.568811831452331
primary_refining,quarterly,per_obs,1.0,test,alpha_cc,35,108,12.866123464424417,12.33324944017353,4.152644882661649,3.6154421403130357,4.9791943349288434,4.238358897427732,3.892233654393207,4.618111921039475,22.957788890636575,21.365191502132152,24.058067926803485
primary_refining,quarterly,per_obs,1.0,test,alpha_refc,35,108,17.540400858583634,17.380794391550435,0.7309869674295477,0.5702562174539461,0.9181317325013316,0.7576806958176557,0.6725968738408028,0.8600880716033488,22.957788890636575,21.365191502132152,24.058067926803485
primary_refining,quarterly,per_obs,1.0,test,alpha_win,35,108,16.931061695567116,16.883142736340204,0.4014068797937753,0.305709977067109,0.5082204634906162,0.4114048561575351,0.35907136096041126,0.472891440012152,22.957788890636575,21.365191502132152,24.058067926803485
primary_refining,quarterly,per_obs,1.0,test,alpha_dr,35,108,16.74970470213306,16.58485517810662,0.5146932436963292,0.4211648124119449,0.6427871083398262,0.5298517321745799,0.4707653048295013,0.5967512537390585,22.957788890636575,21.365191502132152,24.058067926803485
primary_refining,quarterly,per_obs,1.0,test,tau_olds,35,108,13.881564545569692,13.84363128399896,0.448108926453028,0.3266564714476172,0.6107920648754983,0.4734560090144946,0.41161560718838697,0.5499573909009792,22.957788890636575,21.365191502132152,24.058067926803485
primary_refining,quarterly,per_obs,1.0,test,frac_fu_new,35,108,18.054858043440014,17.974457001377168,0.3063524625213754,0.2646782192003372,0.4618971524679938,0.359267105495803,0.299922361889976,0.42092854936853774,22.957788890636575,21.365191502132152,24.058067926803485
primary_refining,quarterly,per_obs,1.0,test,frac_fu_out,35,108,1.8673655196342513,1.8556457911116164,0.3063524625213754,0.2646782192003372,0.4618971524679938,0.359267105495803,0.299922361889976,0.42092854936853774,22.957788890636575,21.365191502132152,24.058067926803485
primary_refining,quarterly,per_obs,1.0,test,frac_eu_new,35,108,22.521416004705365,22.416453993212105,0.3316314931425257,0.219005348598883,0.4476472399829845,0.3432901264311894,0.29577730159521254,0.40015167105632576,22.957788890636575,21.365191502132152,24.058067926803485
primary_refining,quarterly,per_obs,1.0,test,frac_eu_into,35,108,1.5214996208131124,1.5144086075014533,0.3316314931425257,0.219005348598883,0.4476472399829845,0.3432901264311894,0.29577730159521254,0.40015167105632576,22.957788890636575,21.365191502132152,24.058067926803485
primary_refining,quarterly,per_obs,1.0,test,f_cohort_10yr,35,108,50.40387411173697,50.15101258574987,0.6517560398997868,0.48139594821675624,0.8985463244180036,0.6781665649085611,0.5671088598876106,0.8860154824536282,22.957788890636575,21.365191502132152,24.058067926803485
primary_refining,quarterly,per_obs,1.0,test,f_cohort_20yr,35,108,37.74565903961782,37.439004733828476,0.8035662111170683,0.6006543615200477,0.9548512007994336,0.764678479177408,0.6592999393472243,0.8645463687603494,22.957788890636575,21.365191502132152,24.058067926803485
primary_refining,quarterly,per_obs,1.0,test,f_cohort_44yr,35,108,26.694178957225233,26.55807871109633,0.739086559426505,0.5876633631561545,0.9975895495551113,0.7889306153973819,0.6815602375217722,0.8960395405311072,22.957788890636575,21.365191502132152,24.058067926803485
primary_refining,quarterly,fixed_total,1.0,test,alpha_cc,35,108,12.866123464424417,12.661454136388967,1.6167594179438138,1.4204087870244464,1.9670283183590875,1.6500585655325555,1.513846212005443,1.8322438052665868,8.281184581245883,7.709177011852788,8.81467517219029
primary_refining,quarterly,fixed_total,1.0,test,alpha_refc,35,108,17.540400858583634,17.477209698726817,0.30414622326710994,0.21426498410810346,0.38949849503927547,0.3091167805350514,0.2724005042609112,0.3602606369505823,8.281184581245883,7.709177011852788,8.81467517219029
primary_refining,quarterly,fixed_total,1.0,test,alpha_win,35,108,16.931061695567116,16.911975028689078,0.15380225938367298,0.11289756904508397,0.18995014790463838,0.15561305173705797,0.13631978603565464,0.18082716717433,8.281184581245883,7.709177011852788,8.81467517219029
primary_refining,quarterly,fixed_total,1.0,test,alpha_dr,35,108,16.74970470213306,16.685750477143703,0.2028257994183047,0.15731246361342377,0.23980015061852988,0.20174101937703304,0.17952777428354993,0.22802191188447396,8.281184581245883,7.709177011852788,8.81467517219029
primary_refining,quarterly,fixed_total,1.0,test,tau_olds,35,108,13.881564545569692,13.868701457440462,0.1739453168014382,0.1261902804215287,0.2198614457347703,0.17581236790386312,0.15334554578500526,0.20695569278633696,8.281184581245883,7.709177011852788,8.81467517219029
primary_refining,quarterly,fixed_total,1.0,test,frac_fu_new,35,108,18.054858043440014,18.02376341028893,0.12224642596105895,0.09686117156703089,0.17815104113246827,0.1342602072714999,0.11476350814864644,0.160167276302714,8.281184581245883,7.709177011852788,8.81467517219029
primary_refining,quarterly,fixed_total,1.0,test,frac_fu_out,35,108,1.8673655196342513,1.8623018582525321,0.12224642596105895,0.09686117156703089,0.17815104113246827,0.1342602072714999,0.11476350814864644,0.160167276302714,8.281184581245883,7.709177011852788,8.81467517219029
primary_refining,quarterly,fixed_total,1.0,test,frac_eu_new,35,108,22.521416004705365,22.486196622193315,0.12685474885469894,0.08283571601350181,0.16402996402752335,0.13210557022476366,0.11180178783105066,0.15589496320456142,8.281184581245883,7.709177011852788,8.81467517219029
primary_refining,quarterly,fixed_total,1.0,test,frac_eu_into,35,108,1.5214996208131124,1.519120273212315,0.12685474885469894,0.08283571601350181,0.16402996402752335,0.13210557022476366,0.11180178783105066,0.15589496320456142,8.281184581245883,7.709177011852788,8.81467517219029
primary_refining,quarterly,fixed_total,1.0,test,f_cohort_10yr,35,108,50.40387411173697,50.30512112508217,0.23545974698806482,0.17826156771968416,0.3458183145562732,0.2589900767898723,0.21240090118174182,0.3343681418819411,8.281184581245883,7.709177011852788,8.81467517219029
primary_refining,quarterly,fixed_total,1.0,test,f_cohort_20yr,35,108,37.74565903961782,37.63993080596253,0.2891320878793957,0.21702617351334608,0.36141373162447143,0.28585410803760036,0.2470615346921834,0.3227814613243063,8.281184581245883,7.709177011852788,8.81467517219029
primary_refining,quarterly,fixed_total,1.0,test,f_cohort_44yr,35,108,26.694178957225233,26.64737280494352,0.2845302066714517,0.21124944546858648,0.36734200544549234,0.29231694713643674,0.2581771400840094,0.33348752551128347,8.281184581245883,7.709177011852788,8.81467517219029
primary_refining,monthly,per_obs,1.0,test,alpha_cc,35,324,12.866123464424417,11.920095053997102,7.392335369788916,6.521824104087637,8.724788293192942,7.623842827187197,7.044992840658049,8.201365848035813,45.72330672789832,43.048348604949624,47.803819627220385
primary_refining,monthly,per_obs,1.0,test,alpha_refc,35,324,17.540400858583634,17.25274303228176,1.3443547297910752,1.0907217442483297,1.667909024886205,1.3610153057798502,1.2187714867518185,1.5252134009029694,45.72330672789832,43.048348604949624,47.803819627220385
primary_refining,monthly,per_obs,1.0,test,alpha_win,35,324,16.931061695567116,16.844625667054412,0.7694474615513425,0.59107915977194,0.9117726832134854,0.7784651357016226,0.6865677488594235,0.8866507912877242,45.72330672789832,43.048348604949624,47.803819627220385
primary_refining,monthly,per_obs,1.0,test,alpha_dr,35,324,16.74970470213306,16.497322007891793,0.9833445087092607,0.8385722291829212,1.2228979194162548,1.0060608785431886,0.9079287278780324,1.1262579647710047,45.72330672789832,43.048348604949624,47.803819627220385
primary_refining,monthly,per_obs,1.0,test,tau_olds,35,324,13.881564545569692,13.798589540442405,0.8275176492480218,0.6408806491013441,1.165175682702052,0.9085706836598623,0.7910877038955544,1.0324831532392609,45.72330672789832,43.048348604949624,47.803819627220385
primary_refining,monthly,per_obs,1.0,test,frac_fu_new,35,324,18.054858043440014,17.90445883725457,0.6073945187400454,0.5039093028014419,0.8489086891479092,0.6754345722479987,0.5744408508498111,0.7753245597455938,45.72330672789832,43.048348604949624,47.803819627220385
primary_refining,monthly,per_obs,1.0,test,frac_fu_out,35,324,1.8673655196342513,1.847318260320003,0.6073945187400454,0.5039093028014419,0.8489086891479092,0.6754345722479987,0.5744408508498111,0.7753245597455938,45.72330672789832,43.048348604949624,47.803819627220385
primary_refining,monthly,per_obs,1.0,test,frac_eu_new,35,324,22.521416004705365,22.292493463909263,0.6666660524164314,0.4291862436153038,0.8736281288578174,0.6653384904612508,0.5537616695679426,0.7647903647342802,45.72330672789832,43.048348604949624,47.803819627220385
primary_refining,monthly,per_obs,1.0,test,frac_eu_into,35,324,1.5214996208131124,1.50714992467941,0.6666660524164314,0.4291862436153038,0.8736281288578174,0.6653384904612508,0.5537616695679426,0.7647903647342802,45.72330672789832,43.048348604949624,47.803819627220385
primary_refining,monthly,per_obs,1.0,test,f_cohort_10yr,35,324,50.40387411173697,49.946405815748854,1.2106175169693811,0.920652042698128,1.7729468143752702,1.2997620497206874,1.0962825645701058,1.671779538671886,45.72330672789832,43.048348604949624,47.803819627220385
primary_refining,monthly,per_obs,1.0,test,f_cohort_20yr,35,324,37.74565903961782,37.10300190809342,1.5209368714028448,1.1041236037822255,1.7389313672863727,1.4638122755275402,1.2788282675607276,1.642243803121285,45.72330672789832,43.048348604949624,47.803819627220385
primary_refining,monthly,per_obs,1.0,test,f_cohort_44yr,35,324,26.694178957225233,26.402266160254914,1.4372784770774416,1.1103310902508712,1.9532901367363076,1.5054807802116765,1.316915356786691,1.6983337279990518,45.72330672789832,43.048348604949624,47.803819627220385
primary_refining,monthly,fixed_total,1.0,test,alpha_cc,35,324,12.866123464424417,12.649186941238696,1.729232469724118,1.5039297108758731,2.101175989416415,1.75058280051833,1.6023162345689124,1.9468213919948851,8.704627239203312,8.077187704099352,9.233702800943938
primary_refining,monthly,fixed_total,1.0,test,alpha_refc,35,324,17.540400858583634,17.472865829993562,0.32547945493279773,0.23122404699154053,0.40962064949929267,0.32950828167839785,0.29169824861999816,0.3842483919235251,8.704627239203312,8.077187704099352,9.233702800943938
primary_refining,monthly,fixed_total,1.0,test,alpha_win,35,324,16.931061695567116,16.910591234477742,0.16316859304228437,0.12092079399301237,0.20837569491626295,0.1678493915572843,0.14639972179063543,0.195120010297134,8.704627239203312,8.077187704099352,9.233702800943938
primary_refining,monthly,fixed_total,1.0,test,alpha_dr,35,324,16.74970470213306,16.67903449519937,0.21606714905710867,0.16966736917962688,0.25745741811823986,0.21688461399911318,0.19253499516204142,0.24475523923547793,8.704627239203312,8.077187704099352,9.233702800943938
primary_refining,monthly,fixed_total,1.0,test,tau_olds,35,324,13.881564545569692,13.867404757928849,0.18471640834758496,0.1355727578457866,0.23693294653191477,0.18881905928335163,0.16441452827150593,0.22230743776616713,8.704627239203312,8.077187704099352,9.233702800943938
primary_refining,monthly,fixed_total,1.0,test,frac_fu_new,35,324,18.054858043440014,18.02110922569058,0.13053421011272048,0.1061404876309957,0.18975976432443198,0.1446512368576569,0.12298296209861115,0.17205659955953911,8.704627239203312,8.077187704099352,9.233702800943938
primary_refining,monthly,fixed_total,1.0,test,frac_fu_out,35,324,1.8673655196342513,1.8619934764750106,0.13053421011272048,0.1061404876309957,0.18975976432443198,0.1446512368576569,0.12298296209861115,0.17205659955953911,8.704627239203312,8.077187704099352,9.233702800943938
primary_refining,monthly,fixed_total,1.0,test,frac_eu_new,35,324,22.521416004705365,22.48287027701686,0.13589902834133527,0.08901778482321987,0.17574721596724796,0.14096650671092947,0.1190922118140203,0.1696925764429702,8.704627239203312,8.077187704099352,9.233702800943938
primary_refining,monthly,fixed_total,1.0,test,frac_eu_into,35,324,1.5214996208131124,1.5188955523100585,0.13589902834133527,0.08901778482321987,0.17574721596724796,0.14096650671092947,0.1190922118140203,0.1696925764429702,8.704627239203312,8.077187704099352,9.233702800943938
primary_refining,monthly,fixed_total,1.0,test,f_cohort_10yr,35,324,50.40387411173697,50.30056232318465,0.2548777706919303,0.1951744644236586,0.37107910657953047,0.27935624506330026,0.22832756670012055,0.35784261810138385,8.704627239203312,8.077187704099352,9.233702800943938
primary_refining,monthly,fixed_total,1.0,test,f_cohort_20yr,35,324,37.74565903961782,37.62759057845759,0.3128001051360796,0.23771458636499543,0.3891788995467216,0.3100370090911658,0.2685909155503763,0.35071535233372475,8.704627239203312,8.077187704099352,9.233702800943938
primary_refining,monthly,fixed_total,1.0,test,f_cohort_44yr,35,324,26.694178957225233,26.64343022471488,0.30382171590404017,0.23151268098590694,0.3963701146467491,0.318366707212131,0.278592034684777,0.3596428239152516,8.704627239203312,8.077187704099352,9.233702800943938
refined_production,annual,per_obs,1.0,test,alpha_cc,35,27,12.866123464424417,12.7788787943271,0.7103324519350807,0.5941684477868692,0.7971358376914428,0.704976710410099,0.6418265024913494,0.7624635343959907,6.265374923007074,5.7747617000246,7.039163466811547
refined_production,annual,per_obs,1.0,test,alpha_refc,35,27,17.540400858583634,17.493835417745874,0.13268710522988947,0.11011933240026028,0.18107209398853796,0.14839370046253464,0.1285419811897892,0.17484466245881736,6.265374923007074,5.7747617000246,7.039163466811547
refined_production,annual,per_obs,1.0,test,alpha_win,35,27,16.931061695567116,16.157269857344243,3.6894991026353963,3.235367799038963,4.208016978685519,3.6828069531273684,3.437850242807133,3.9554099603814064,6.265374923007074,5.7747617000246,7.039163466811547
refined_production,annual,per_obs,1.0,test,alpha_dr,35,27,16.74970470213306,16.729072860560297,0.1368374046263776,0.10590635024654294,0.1824155487232637,0.14503559598079419,0.12404720377777179,0.17445801380833736,6.265374923007074,5.7747617000246,7.039163466811547
refined_production,annual,per_obs,1.0,test,tau_olds,35,27,13.881564545569692,13.862045181991139,0.14543316453000665,0.10351454993926534,0.1896192333130542,0.14767397435599405,0.12675401198019576,0.17621900941569013,6.265374923007074,5.7747617000246,7.039163466811547
refined_production,annual,per_obs,1.0,test,frac_fu_new,35,27,18.054858043440014,17.954384415623245,0.19786552230858234,0.16578838952723274,0.2601578476987998,0.21097188460697247,0.18861253973669334,0.24074161110653192,6.265374923007074,5.7747617000246,7.039163466811547
refined_production,annual,per_obs,1.0,test,frac_fu_out,35,27,1.8673655196342513,1.8637275809251252,0.19786552230858234,0.16578838952723274,0.2601578476987998,0.21097188460697247,0.18861253973669334,0.24074161110653192,6.265374923007074,5.7747617000246,7.039163466811547
refined_production,annual,per_obs,1.0,test,frac_eu_new,35,27,22.521416004705365,22.49100334216014,0.16792174750117628,0.1375985751517872,0.19956937736661517,0.1711614982420867,0.14883484707404748,0.19521256621792826,6.265374923007074,5.7747617000246,7.039163466811547
refined_production,annual,per_obs,1.0,test,frac_eu_into,35,27,1.5214996208131124,1.519445005129942,0.16792174750117628,0.1375985751517872,0.19956937736661517,0.1711614982420867,0.14883484707404748,0.19521256621792826,6.265374923007074,5.7747617000246,7.039163466811547
refined_production,annual,per_obs,1.0,test,f_cohort_10yr,35,27,50.40387411173697,50.341609646139005,0.16310436395186034,0.1171039749754077,0.20934963506210602,0.16458392874635075,0.14277955736960446,0.1905938027061682,6.265374923007074,5.7747617000246,7.039163466811547
refined_production,annual,per_obs,1.0,test,f_cohort_20yr,35,27,37.74565903961782,37.719566319795106,0.14902582413536258,0.11076395116913496,0.19435665118335277,0.15223167784311764,0.13012750491080416,0.17724411163626552,6.265374923007074,5.7747617000246,7.039163466811547
refined_production,annual,per_obs,1.0,test,f_cohort_44yr,35,27,26.694178957225233,26.67516349878243,0.16009301738505455,0.11458143454703418,0.22318973711926704,0.17017558513077735,0.1423511359022911,0.20629325023486245,6.265374923007074,5.7747617000246,7.039163466811547
refined_production,annual,fixed_total,1.0,test,alpha_cc,35,27,12.866123464424417,12.7788787943271,0.7103324519350807,0.5941684477868692,0.7971358376914428,0.704976710410099,0.6418265024913494,0.7624635343959907,6.265374923007074,5.7747617000246,7.039163466811547
refined_production,annual,fixed_total,1.0,test,alpha_refc,35,27,17.540400858583634,17.493835417745874,0.13268710522988947,0.11011933240026028,0.18107209398853796,0.14839370046253464,0.1285419811897892,0.17484466245881736,6.265374923007074,5.7747617000246,7.039163466811547
refined_production,annual,fixed_total,1.0,test,alpha_win,35,27,16.931061695567116,16.157269857344243,3.6894991026353963,3.235367799038963,4.208016978685519,3.6828069531273684,3.437850242807133,3.9554099603814064,6.265374923007074,5.7747617000246,7.039163466811547
refined_production,annual,fixed_total,1.0,test,alpha_dr,35,27,16.74970470213306,16.729072860560297,0.1368374046263776,0.10590635024654294,0.1824155487232637,0.14503559598079419,0.12404720377777179,0.17445801380833736,6.265374923007074,5.7747617000246,7.039163466811547
refined_production,annual,fixed_total,1.0,test,tau_olds,35,27,13.881564545569692,13.862045181991139,0.14543316453000665,0.10351454993926534,0.1896192333130542,0.14767397435599405,0.12675401198019576,0.17621900941569013,6.265374923007074,5.7747617000246,7.039163466811547
refined_production,annual,fixed_total,1.0,test,frac_fu_new,35,27,18.054858043440014,17.954384415623245,0.19786552230858234,0.16578838952723274,0.2601578476987998,0.21097188460697247,0.18861253973669334,0.24074161110653192,6.265374923007074,5.7747617000246,7.039163466811547
refined_production,annual,fixed_total,1.0,test,frac_fu_out,35,27,1.8673655196342513,1.8637275809251252,0.19786552230858234,0.16578838952723274,0.2601578476987998,0.21097188460697247,0.18861253973669334,0.24074161110653192,6.265374923007074,5.7747617000246,7.039163466811547
refined_production,annual,fixed_total,1.0,test,frac_eu_new,35,27,22.521416004705365,22.49100334216014,0.16792174750117628,0.1375985751517872,0.19956937736661517,0.1711614982420867,0.14883484707404748,0.19521256621792826,6.265374923007074,5.7747617000246,7.039163466811547
refined_production,annual,fixed_total,1.0,test,frac_eu_into,35,27,1.5214996208131124,1.519445005129942,0.16792174750117628,0.1375985751517872,0.19956937736661517,0.1711614982420867,0.14883484707404748,0.19521256621792826,6.265374923007074,5.7747617000246,7.039163466811547
refined_production,annual,fixed_total,1.0,test,f_cohort_10yr,35,27,50.40387411173697,50.341609646139005,0.16310436395186034,0.1171039749754077,0.20934963506210602,0.16458392874635075,0.14277955736960446,0.1905938027061682,6.265374923007074,5.7747617000246,7.039163466811547
refined_production,annual,fixed_total,1.0,test,f_cohort_20yr,35,27,37.74565903961782,37.719566319795106,0.14902582413536258,0.11076395116913496,0.19435665118335277,0.15223167784311764,0.13012750491080416,0.17724411163626552,6.265374923007074,5.7747617000246,7.039163466811547
refined_production,annual,fixed_total,1.0,test,f_cohort_44yr,35,27,26.694178957225233,26.67516349878243,0.16009301738505455,0.11458143454703418,0.22318973711926704,0.17017558513077735,0.1423511359022911,0.20629325023486245,6.265374923007074,5.7747617000246,7.039163466811547
refined_production,quarterly,per_obs,1.0,test,alpha_cc,35,108,12.866123464424417,12.372561244938048,3.6026373692956914,3.2661572395063954,4.4287828016105255,3.775217787575971,3.470932159351486,4.075738747329222,28.592764260595406,26.912223703792563,30.31257141084685
refined_production,quarterly,per_obs,1.0,test,alpha_refc,35,108,17.540400858583634,17.36062017436927,0.8375774078381415,0.6800915380075434,1.0221237234882052,0.844623437620437,0.7647744346068575,0.9827857256696215,28.592764260595406,26.912223703792563,30.31257141084685
refined_production,quarterly,per_obs,1.0,test,alpha_win,35,108,16.931061695567116,15.364657121517846,8.759056719419533,8.185500110097433,9.988203157090409,8.902892362583241,8.485640793391752,9.403592523151318,28.592764260595406,26.912223703792563,30.31257141084685
refined_production,quarterly,per_obs,1.0,test,alpha_dr,35,108,16.74970470213306,16.56966329847497,0.6551472375102119,0.5725616395127198,0.8924414493593824,0.7291252886916844,0.6451116672736901,0.8063762012375686,28.592764260595406,26.912223703792563,30.31257141084685
refined_production,quarterly,per_obs,1.0,test,tau_olds,35,108,13.881564545569692,13.806768368795698,0.7206991389158035,0.5136435296908937,0.8596209335873572,0.7046906230515432,0.6135992007009705,0.8110869018175926,28.592764260595406,26.912223703792563,30.31257141084685
refined_production,quarterly,per_obs,1.0,test,frac_fu_new,35,108,18.054858043440014,17.820620197763535,0.7370277493096267,0.6345855980064707,0.8088619328811775,0.7313857150953396,0.6727174141918535,0.7884643387274404,28.592764260595406,26.912223703792563,30.31257141084685
refined_production,quarterly,per_obs,1.0,test,frac_fu_out,35,108,1.8673655196342513,1.8527173359481826,0.7370277493096267,0.6345855980064707,0.8088619328811775,0.7313857150953396,0.6727174141918535,0.7884643387274404,28.592764260595406,26.912223703792563,30.31257141084685
refined_production,quarterly,per_obs,1.0,test,frac_eu_new,35,108,22.521416004705365,22.3693813373396,0.5642929988457501,0.4433205899872561,0.699190042051917,0.5893610301869856,0.5205645210935417,0.6865519100675066,28.592764260595406,26.912223703792563,30.31257141084685
refined_production,quarterly,per_obs,1.0,test,frac_eu_into,35,108,1.5214996208131124,1.5112284776177143,0.5642929988457501,0.4433205899872561,0.699190042051917,0.5893610301869856,0.5205645210935417,0.6865519100675066,28.592764260595406,26.912223703792563,30.31257141084685
refined_production,quarterly,per_obs,1.0,test,f_cohort_10yr,35,108,50.40387411173697,50.115327074226066,0.7860093013366987,0.5442394711817733,1.1820963417176422,0.8692700175480211,0.70789468285406,1.021608613170455,28.592764260595406,26.912223703792563,30.31257141084685
refined_production,quarterly,per_obs,1.0,test,f_cohort_20yr,35,108,37.74565903961782,37.41632502650577,0.9367695430768985,0.7338348144708517,1.1284151199339232,0.9500897914662187,0.8369538224191175,1.0557981117949866,28.592764260595406,26.912223703792563,30.31257141084685
refined_production,quarterly,per_obs,1.0,test,f_cohort_44yr,35,108,26.694178957225233,26.53131248001991,1.0049646313163962,0.8157065282989984,1.1849863175678044,1.008673159510018,0.9010341283694046,1.1371653279178218,28.592764260595406,26.912223703792563,30.31257141084685
refined_production,quarterly,fixed_total,1.0,test,alpha_cc,35,108,12.866123464424417,12.674699326382713,1.4579599256418163,1.260194700329198,1.7435690711086804,1.4806275381627265,1.3646555846408726,1.624934125980737,10.312720958258316,9.48423530363122,11.120613210884335
refined_production,quarterly,fixed_total,1.0,test,alpha_refc,35,108,17.540400858583634,17.46607945374028,0.3457864906984742,0.2733258425861529,0.44445763010986794,0.35377141971066617,0.31647372714630473,0.4121829658567555,10.312720958258316,9.48423530363122,11.120613210884335
refined_production,quarterly,fixed_total,1.0,test,alpha_win,35,108,16.931061695567116,16.077108390118365,4.0029053261204535,3.5690129629917577,4.583930899613975,4.094352151073583,3.8292139432362817,4.38633643296269,10.312720958258316,9.48423530363122,11.120613210884335
refined_production,quarterly,fixed_total,1.0,test,alpha_dr,35,108,16.74970470213306,16.676068440664665,0.2579971028674688,0.2226832016278879,0.35715621494085137,0.2894311152835283,0.25347425995358996,0.32185666806836544,10.312720958258316,9.48423530363122,11.120613210884335
refined_production,quarterly,fixed_total,1.0,test,tau_olds,35,108,13.881564545569692,13.853647271905736,0.2737008067556834,0.20242264113405906,0.3609165082824273,0.2802393411112103,0.24044217402435786,0.324748680995951,10.312720958258316,9.48423530363122,11.120613210884335
refined_production,quarterly,fixed_total,1.0,test,frac_fu_new,35,108,18.054858043440014,17.939616350608542,0.29494706138299964,0.26044027995231755,0.35673248243582867,0.3131531688396916,0.2837581163171621,0.34908227654795176,10.312720958258316,9.48423530363122,11.120613210884335
refined_production,quarterly,fixed_total,1.0,test,frac_fu_out,35,108,1.8673655196342513,1.8604659413239149,0.29494706138299964,0.26044027995231755,0.35673248243582867,0.3131531688396916,0.2837581163171621,0.34908227654795176,10.312720958258316,9.48423530363122,11.120613210884335
refined_production,quarterly,fixed_total,1.0,test,frac_eu_new,35,108,22.521416004705365,22.462766645504562,0.2421768347384834,0.19787099489619875,0.3052114173063003,0.25269278451088284,0.22336167972737409,0.2985619651624305,10.312720958258316,9.48423530363122,11.120613210884335
refined_production,quarterly,fixed_total,1.0,test,frac_eu_into,35,108,1.5214996208131124,1.5175373931376275,0.2421768347384834,0.19787099489619875,0.3052114173063003,0.25269278451088284,0.22336167972737409,0.2985619651624305,10.312720958258316,9.48423530363122,11.120613210884335
refined_production,quarterly,fixed_total,1.0,test,f_cohort_10yr,35,108,50.40387411173697,50.288938564668115,0.31804745090582287,0.22198719583080284,0.45122574648772673,0.3418241055894222,0.28534035042766526,0.4123711786532702,10.312720958258316,9.48423530363122,11.120613210884335
refined_production,quarterly,fixed_total,1.0,test,f_cohort_20yr,35,108,37.74565903961782,37.631360767710405,0.38645322560101336,0.28643786967915696,0.43362302939800035,0.37338697976588286,0.3284722930877837,0.4097592599893951,10.312720958258316,9.48423530363122,11.120613210884335
refined_production,quarterly,fixed_total,1.0,test,f_cohort_44yr,35,108,26.694178957225233,26.6369897900929,0.3667145496629276,0.33009532749324055,0.4541566031368016,0.3926072194808117,0.3512599006072259,0.4445467612424592,10.312720958258316,9.48423530363122,11.120613210884335
refined_production,monthly,per_obs,1.0,test,alpha_cc,35,324,12.866123464424417,12.00222773745026,6.565066178192492,5.663200295280202,7.740965102680558,6.714379978397969,6.217062338018875,7.2303530968330705,55.82158966935639,53.37526244686609,58.33892324299798
refined_production,monthly,per_obs,1.0,test,alpha_refc,35,324,17.540400858583634,17.233594220796995,1.4903929010946282,1.1667304976434423,1.7441126987484012,1.4892575420398817,1.3453096874646964,1.6620159846047922,55.82158966935639,53.37526244686609,58.33892324299798
refined_production,monthly,per_obs,1.0,test,alpha_win,35,324,16.931061695567116,14.732742376163992,12.680590385320745,11.689161742015582,13.859727950041258,12.75784569102234,12.246783167808218,13.383938921064036,55.82158966935639,53.37526244686609,58.33892324299798
refined_production,monthly,per_obs,1.0,test,alpha_dr,35,324,16.74970470213306,16.452381794825165,1.2277010841393432,1.040371570335985,1.5162294955351097,1.2837705738765108,1.158436635743998,1.415644419775225,55.82158966935639,53.37526244686609,58.33892324299798
refined_production,monthly,per_obs,1.0,test,tau_olds,35,324,13.881564545569692,13.747757131105152,1.2288123964385944,0.9119466827522182,1.5328295623903254,1.2355983072380479,1.0785609776413851,1.4208739938501913,55.82158966935639,53.37526244686609,58.33892324299798
refined_production,monthly,per_obs,1.0,test,frac_fu_new,35,324,18.054858043440014,17.705874753715662,1.1747199425687582,1.0585141597240388,1.304748994287197,1.190334062087306,1.1018366566249604,1.284074197157542,55.82158966935639,53.37526244686609,58.33892324299798
refined_production,monthly,per_obs,1.0,test,frac_fu_out,35,324,1.8673655196342513,1.8445483753132024,1.1747199425687582,1.0585141597240388,1.304748994287197,1.190334062087306,1.1018366566249604,1.284074197157542,55.82158966935639,53.37526244686609,58.33892324299798
refined_production,monthly,per_obs,1.0,test,frac_eu_new,35,324,22.521416004705365,22.246452980350682,0.9167612019586158,0.6993606115486606,1.2080655800683293,0.9645068675179974,0.8651382522599727,1.0967753611364373,55.82158966935639,53.37526244686609,58.33892324299798
refined_production,monthly,per_obs,1.0,test,frac_eu_into,35,324,1.5214996208131124,1.5029236956934011,0.9167612019586158,0.6993606115486606,1.2080655800683293,0.9645068675179974,0.8651382522599727,1.0967753611364373,55.82158966935639,53.37526244686609,58.33892324299798
refined_production,monthly,per_obs,1.0,test,f_cohort_10yr,35,324,50.40387411173697,49.92028951320158,1.3988288548142602,1.0088039467362142,2.197051024525215,1.5576267169261138,1.2572272989058497,1.8141584962895585,55.82158966935639,53.37526244686609,58.33892324299798
refined_production,monthly,per_obs,1.0,test,f_cohort_20yr,35,324,37.74565903961782,37.06917620412747,1.678514118003993,1.3287488519655277,2.0486246980447156,1.6961090692174885,1.51248132386112,1.8836662952852468,55.82158966935639,53.37526244686609,58.33892324299798
refined_production,monthly,per_obs,1.0,test,f_cohort_44yr,35,324,26.694178957225233,26.366561869535268,1.7921850151675134,1.3979925400563475,2.1309133078622366,1.8031437928253735,1.5977960441754036,2.002978921593168,55.82158966935639,53.37526244686609,58.33892324299798
refined_production,monthly,fixed_total,1.0,test,alpha_cc,35,324,12.866123464424417,12.663474605901165,1.5305645018231395,1.3315477993602554,1.8616270885823794,1.5719203298395712,1.44277696180658,1.7268799007389424,10.721215714968022,9.853838184067424,11.490666905870548
refined_production,monthly,fixed_total,1.0,test,alpha_refc,35,324,17.540400858583634,17.46234100892031,0.3637037788583486,0.2861787478807498,0.4644072484562001,0.3716544510730224,0.33365659180825125,0.43358881112590675,10.721215714968022,9.853838184067424,11.490666905870548
refined_production,monthly,fixed_total,1.0,test,alpha_win,35,324,16.931061695567116,16.07229339148891,4.018895234652753,3.5980198639791574,4.617359367709573,4.127158255401572,3.8547239653020426,4.417379776545616,10.721215714968022,9.853838184067424,11.490666905870548
refined_production,monthly,fixed_total,1.0,test,alpha_dr,35,324,16.74970470213306,16.669070522733996,0.27050964751906825,0.2364277389215741,0.3746011590660625,0.3032530034446007,0.2673842955045247,0.3392447008626287,10.721215714968022,9.853838184067424,11.490666905870548
refined_production,monthly,fixed_total,1.0,test,tau_olds,35,324,13.881564545569692,13.852577682290075,0.288840080307895,0.21081457702681883,0.3758234822762496,0.2925938790943411,0.25148237567741427,0.33895442968516765,10.721215714968022,9.853838184067424,11.490666905870548
refined_production,monthly,fixed_total,1.0,test,frac_fu_new,35,324,18.054858043440014,17.93731692517132,0.30481287627396325,0.2678236219039065,0.3703215145292649,0.32381239817207974,0.2943791225075154,0.36025960921139966,10.721215714968022,9.853838184067424,11.490666905870548
refined_production,monthly,fixed_total,1.0,test,frac_fu_out,35,324,1.8673655196342513,1.8601684687036668,0.30481287627396325,0.2678236219039065,0.3703215145292649,0.32381239817207974,0.2943791225075154,0.36025960921139966,10.721215714968022,9.853838184067424,11.490666905870548
refined_production,monthly,fixed_total,1.0,test,frac_eu_new,35,324,22.521416004705365,22.459994626357272,0.24648817827519487,0.2017802174251182,0.31614128012441567,0.26208459300684217,0.23125448404966442,0.31095057991482045,10.721215714968022,9.853838184067424,11.490666905870548
refined_production,monthly,fixed_total,1.0,test,frac_eu_into,35,324,1.5214996208131124,1.5173501213390599,0.24648817827519487,0.2017802174251182,0.31614128012441567,0.26208459300684217,0.23125448404966442,0.31095057991482045,10.721215714968022,9.853838184067424,11.490666905870548
refined_production,monthly,fixed_total,1.0,test,f_cohort_10yr,35,324,50.40387411173697,50.28471392242463,0.34804571317091915,0.23119726021859632,0.47424229967245046,0.3592447240673813,0.3000767876212618,0.4340037305534339,10.721215714968022,9.853838184067424,11.490666905870548
refined_production,monthly,fixed_total,1.0,test,f_cohort_20yr,35,324,37.74565903961782,37.6197732515078,0.40933950622970006,0.3031832020706893,0.46104119086488593,0.39692327778662884,0.3473538673711696,0.4350442383129094,10.721215714968022,9.853838184067424,11.490666905870548
refined_production,monthly,fixed_total,1.0,test,f_cohort_44yr,35,324,26.694178957225233,26.63320674607079,0.39788400667919444,0.34945617889676206,0.4737241967752326,0.4146645521639458,0.3705186205705979,0.4699012137716507,10.721215714968022,9.853838184067424,11.490666905870548
eol_composition,annual,per_obs,1.0,test,alpha_cc,35,54,12.866123464424417,12.717429320883202,0.6823617845706842,0.48821548823691496,1.011463173462196,0.7497509183537254,0.612447949035988,0.8966870119733739,28.029271435277238,26.81713713185888,29.41159503734603
eol_composition,annual,per_obs,1.0,test,alpha_refc,35,54,17.540400858583634,17.45860114576729,0.48559832138486136,0.3715021902904847,0.646279850558068,0.526849378257016,0.44027642505767295,0.6620019415454925,28.029271435277238,26.81713713185888,29.41159503734603
eol_composition,annual,per_obs,1.0,test,alpha_win,35,54,16.931061695567116,16.85285173503352,0.44526755313127886,0.3616948574571899,0.6735384167400993,0.49132120675546287,0.4083500270227747,0.5876705531839943,28.029271435277238,26.81713713185888,29.41159503734603
eol_composition,annual,per_obs,1.0,test,alpha_dr,35,54,16.74970470213306,16.677930529631297,0.5539425750341387,0.3712759122356857,0.791272263090248,0.5995640550708364,0.49437562005847924,0.7970555962934278,28.029271435277238,26.81713713185888,29.41159503734603
eol_composition,annual,per_obs,1.0,test,tau_olds,35,54,13.881564545569692,13.844963190618946,0.4353873449261081,0.3788674107826018,0.7478373462528942,0.5368536814344183,0.43359984642981075,0.6653430149757611,28.029271435277238,26.81713713185888,29.41159503734603
eol_composition,annual,per_obs,1.0,test,frac_fu_new,35,54,18.054858043440014,17.60702528754332,0.9642848873860466,0.7512618881438282,1.5424672596330236,1.0863558858952571,0.8776884902864879,1.3643733692197513,28.029271435277238,26.81713713185888,29.41159503734603
eol_composition,annual,per_obs,1.0,test,frac_fu_out,35,54,1.8673655196342513,1.8350018443497207,0.9642848873860466,0.7512618881438282,1.5424672596330236,1.0863558858952571,0.8776884902864879,1.3643733692197513,28.029271435277238,26.81713713185888,29.41159503734603
eol_composition,annual,per_obs,1.0,test,frac_eu_new,35,54,22.521416004705365,22.12082007899255,1.1220956956112804,0.7429591818525316,1.3971524963612425,1.1066673888030758,0.9219671642466176,1.285076810713326,28.029271435277238,26.81713713185888,29.41159503734603
eol_composition,annual,per_obs,1.0,test,frac_eu_into,35,54,1.5214996208131124,1.5082156652795466,1.1220956956112804,0.7429591818525316,1.3971524963612425,1.1066673888030758,0.9219671642466176,1.285076810713326,28.029271435277238,26.81713713185888,29.41159503734603
eol_composition,annual,per_obs,1.0,test,f_cohort_10yr,35,54,50.40387411173697,24.909165377483127,49.095124234670486,45.23606493525584,51.32945122177084,48.39567279162516,46.572983928493855,50.04957888655514,28.029271435277238,26.81713713185888,29.41159503734603
eol_composition,annual,per_obs,1.0,test,f_cohort_20yr,35,54,37.74565903961782,19.92650725471088,48.76207098929306,45.1880433657507,49.744948328534036,47.84352671298976,46.34956471234817,49.02904136629662,28.029271435277238,26.81713713185888,29.41159503734603
eol_composition,annual,per_obs,1.0,test,f_cohort_44yr,35,54,26.694178957225233,13.903030009450502,44.3454298569097,43.01590778731456,48.02360823285686,45.378059968236144,44.07592879655168,46.399639763700776,28.029271435277238,26.81713713185888,29.41159503734603
eol_composition,annual,per_obs,2.0,test,alpha_cc,35,54,12.866123464424417,12.750662757732876,0.448229336597028,0.33273279684943313,0.7500704589708029,0.5471177901168661,0.43534366976581973,0.6664051274318017,17.217896479379167,16.244524218342004,18.176499690019508
eol_composition,annual,per_obs,2.0,test,alpha_refc,35,54,17.540400858583634,17.486646558394362,0.34527831768711437,0.28801927907823877,0.49500996290581245,0.386632824655575,0.3160323420495381,0.49652715974286,17.217896479379167,16.244524218342004,18.176499690019508
eol_composition,annual,per_obs,2.0,test,alpha_win,35,54,16.931061695567116,16.88794100527582,0.29369238136736087,0.2175847714777912,0.46796314697498675,0.3506143479767715,0.27857338254779207,0.42542783651500216,17.217896479379167,16.244524218342004,18.176499690019508
eol_composition,annual,per_obs,2.0,test,alpha_dr,35,54,16.74970470213306,16.697130882678927,0.4143674660012642,0.24599580753474348,0.6186501143645551,0.43372119416828503,0.3396747702303249,0.6186501143645551,17.217896479379167,16.244524218342004,18.176499690019508
eol_composition,annual,per_obs,2.0,test,tau_olds,35,54,13.881564545569692,13.856793983003932,0.2978223203046859,0.23890854157714303,0.563318357232101,0.39238797223717925,0.2965075217061408,0.4896982944914918,17.217896479379167,16.244524218342004,18.176499690019508
eol_composition,annual,per_obs,2.0,test,frac_fu_new,35,54,18.054858043440014,17.664205084540004,0.7730117963948846,0.6144018364674986,1.3406029347680537,0.8751126505417095,0.7229971596770302,1.1734503161502041,17.217896479379167,16.244524218342004,18.176499690019508
eol_composition,annual,per_obs,2.0,test,frac_fu_out,35,54,1.8673655196342513,1.83755097467347,0.7730117963948846,0.6144018364674986,1.3406029347680537,0.8751126505417095,0.7229971596770302,1.1734503161502041,17.217896479379167,16.244524218342004,18.176499690019508
eol_composition,annual,per_obs,2.0,test,frac_eu_new,35,54,22.521416004705365,22.17463769353935,0.934720526033761,0.6187283531789378,1.253320671587388,0.9545847383609224,0.7852967384201381,1.1205121209519608,17.217896479379167,16.244524218342004,18.176499690019508
eol_composition,annual,per_obs,2.0,test,frac_eu_into,35,54,1.5214996208131124,1.5110075500121796,0.934720526033761,0.6187283531789378,1.253320671587388,0.9545847383609224,0.7852967384201381,1.1205121209519608,17.217896479379167,16.244524218342004,18.176499690019508
eol_composition,annual,per_obs,2.0,test,f_cohort_10yr,35,54,50.40387411173697,28.331952522128837,41.18310815549615,39.12181208649894,44.701818423245726,41.597943853834195,39.96477894089202,43.23628931816101,17.217896479379167,16.244524218342004,18.176499690019508
eol_composition,annual,per_obs,2.0,test,f_cohort_20yr,35,54,37.74565903961782,22.434264980445395,41.43654819052055,37.77054491160989,42.20739877599666,40.59543772561189,39.09907620792423,41.739249707144495,17.217896479379167,16.244524218342004,18.176499690019508
eol_composition,annual,per_obs,2.0,test,f_cohort_44yr,35,54,26.694178957225233,16.023701554438208,37.60813193111993,35.82277650243785,40.68973602268724,37.90418650190656,36.72258258641543,39.08616996203746,17.217896479379167,16.244524218342004,18.176499690019508
eol_composition,annual,per_obs,5.0,test,alpha_cc,35,54,12.866123464424417,12.78959490500594,0.3016450027371942,0.1879741879033059,0.4973166809063845,0.36001823282569845,0.28655746591380593,0.44812886273847274,7.749935495153728,7.1299242207053535,8.259004236203651
eol_composition,annual,per_obs,5.0,test,alpha_refc,35,54,17.540400858583634,17.51254122631286,0.21786450728866757,0.1710982978438358,0.3409806275429472,0.24612087400271432,0.19393859295261384,0.32412083026830407,7.749935495153728,7.1299242207053535,8.259004236203651
eol_composition,annual,per_obs,5.0,test,alpha_win,35,54,16.931061695567116,16.910434470170085,0.17903957431162354,0.1378860871661558,0.329740356174113,0.21394530660229782,0.16760092469816912,0.2708849674843805,7.749935495153728,7.1299242207053535,8.259004236203651
eol_composition,annual,per_obs,5.0,test,alpha_dr,35,54,16.74970470213306,16.712513137942622,0.2649742606336214,0.1415419466064327,0.42792363628454955,0.28203312584747786,0.2086613108292168,0.4225257627730572,7.749935495153728,7.1299242207053535,8.259004236203651
eol_composition,annual,per_obs,5.0,test,tau_olds,35,54,13.881564545569692,13.866962463283132,0.19636541315461997,0.12697144565643748,0.35185336944337786,0.24221442441451912,0.18264404948515334,0.30659115279337845,7.749935495153728,7.1299242207053535,8.259004236203651
eol_composition,annual,per_obs,5.0,test,frac_fu_new,35,54,18.054858043440014,17.75921121711851,0.6013210713454065,0.44270012012996296,1.1039425816648574,0.6668201385788247,0.5355333938993234,0.9165754602646348,7.749935495153728,7.1299242207053535,8.259004236203651
eol_composition,annual,per_obs,5.0,test,frac_fu_out,35,54,1.8673655196342513,1.8433407988761414,0.6013210713454065,0.44270012012996296,1.1039425816648574,0.6668201385788247,0.5355333938993234,0.9165754602646348,7.749935495153728,7.1299242207053535,8.259004236203651
eol_composition,annual,per_obs,5.0,test,frac_eu_new,35,54,22.521416004705365,22.25068750415345,0.6848955745246577,0.45707300190170885,1.052936179501418,0.7486550918253593,0.6209384953793751,0.8910326213167064,7.749935495153728,7.1299242207053535,8.259004236203651
eol_composition,annual,per_obs,5.0,test,frac_eu_into,35,54,1.5214996208131124,1.5142739612182128,0.6848955745246577,0.45707300190170885,1.052936179501418,0.7486550918253593,0.6209384953793751,0.8910326213167064,7.749935495153728,7.1299242207053535,8.259004236203651
eol_composition,annual,per_obs,5.0,test,f_cohort_10yr,35,54,50.40387411173697,33.880554232560485,30.729639021535917,27.789251124711463,33.32537993791061,30.41407255166835,29.02567974137051,31.872099064430113,7.749935495153728,7.1299242207053535,8.259004236203651
eol_composition,annual,per_obs,5.0,test,f_cohort_20yr,35,54,37.74565903961782,27.04774264029023,28.73435137111342,26.382770124161897,31.11286528027717,28.69969746402057,27.339099715990223,29.89263053965466,7.749935495153728,7.1299242207053535,8.259004236203651
eol_composition,annual,per_obs,5.0,test,f_cohort_44yr,35,54,26.694178957225233,19.3482786178277,26.43065957486983,25.274147265812303,28.70117790223381,26.777589205843086,25.71166671602344,28.01410868672251,7.749935495153728,7.1299242207053535,8.259004236203651
eol_composition,annual,fixed_total,1.0,test,alpha_cc,35,54,12.866123464424417,12.717429320883202,0.6823617845706842,0.48821548823691496,1.011463173462196,0.7497509183537254,0.612447949035988,0.8966870119733739,28.029271435277238,26.81713713185888,29.41159503734603
eol_composition,annual,fixed_total,1.0,test,alpha_refc,35,54,17.540400858583634,17.45860114576729,0.48559832138486136,0.3715021902904847,0.646279850558068,0.526849378257016,0.44027642505767295,0.6620019415454925,28.029271435277238,26.81713713185888,29.41159503734603
eol_composition,annual,fixed_total,1.0,test,alpha_win,35,54,16.931061695567116,16.85285173503352,0.44526755313127886,0.3616948574571899,0.6735384167400993,0.49132120675546287,0.4083500270227747,0.5876705531839943,28.029271435277238,26.81713713185888,29.41159503734603
eol_composition,annual,fixed_total,1.0,test,alpha_dr,35,54,16.74970470213306,16.677930529631297,0.5539425750341387,0.3712759122356857,0.791272263090248,0.5995640550708364,0.49437562005847924,0.7970555962934278,28.029271435277238,26.81713713185888,29.41159503734603
eol_composition,annual,fixed_total,1.0,test,tau_olds,35,54,13.881564545569692,13.844963190618946,0.4353873449261081,0.3788674107826018,0.7478373462528942,0.5368536814344183,0.43359984642981075,0.6653430149757611,28.029271435277238,26.81713713185888,29.41159503734603
eol_composition,annual,fixed_total,1.0,test,frac_fu_new,35,54,18.054858043440014,17.60702528754332,0.9642848873860466,0.7512618881438282,1.5424672596330236,1.0863558858952571,0.8776884902864879,1.3643733692197513,28.029271435277238,26.81713713185888,29.41159503734603
eol_composition,annual,fixed_total,1.0,test,frac_fu_out,35,54,1.8673655196342513,1.8350018443497207,0.9642848873860466,0.7512618881438282,1.5424672596330236,1.0863558858952571,0.8776884902864879,1.3643733692197513,28.029271435277238,26.81713713185888,29.41159503734603
eol_composition,annual,fixed_total,1.0,test,frac_eu_new,35,54,22.521416004705365,22.12082007899255,1.1220956956112804,0.7429591818525316,1.3971524963612425,1.1066673888030758,0.9219671642466176,1.285076810713326,28.029271435277238,26.81713713185888,29.41159503734603
eol_composition,annual,fixed_total,1.0,test,frac_eu_into,35,54,1.5214996208131124,1.5082156652795466,1.1220956956112804,0.7429591818525316,1.3971524963612425,1.1066673888030758,0.9219671642466176,1.285076810713326,28.029271435277238,26.81713713185888,29.41159503734603
eol_composition,annual,fixed_total,1.0,test,f_cohort_10yr,35,54,50.40387411173697,24.909165377483127,49.095124234670486,45.23606493525584,51.32945122177084,48.39567279162516,46.572983928493855,50.04957888655514,28.029271435277238,26.81713713185888,29.41159503734603
eol_composition,annual,fixed_total,1.0,test,f_cohort_20yr,35,54,37.74565903961782,19.92650725471088,48.76207098929306,45.1880433657507,49.744948328534036,47.84352671298976,46.34956471234817,49.02904136629662,28.029271435277238,26.81713713185888,29.41159503734603
eol_composition,annual,fixed_total,1.0,test,f_cohort_44yr,35,54,26.694178957225233,13.903030009450502,44.3454298569097,43.01590778731456,48.02360823285686,45.378059968236144,44.07592879655168,46.399639763700776,28.029271435277238,26.81713713185888,29.41159503734603
eol_composition,annual,fixed_total,2.0,test,alpha_cc,35,54,12.866123464424417,12.750662757732876,0.448229336597028,0.33273279684943313,0.7500704589708029,0.5471177901168661,0.43534366976581973,0.6664051274318017,17.217896479379167,16.244524218342004,18.176499690019508
eol_composition,annual,fixed_total,2.0,test,alpha_refc,35,54,17.540400858583634,17.486646558394362,0.34527831768711437,0.28801927907823877,0.49500996290581245,0.386632824655575,0.3160323420495381,0.49652715974286,17.217896479379167,16.244524218342004,18.176499690019508
eol_composition,annual,fixed_total,2.0,test,alpha_win,35,54,16.931061695567116,16.88794100527582,0.29369238136736087,0.2175847714777912,0.46796314697498675,0.3506143479767715,0.27857338254779207,0.42542783651500216,17.217896479379167,16.244524218342004,18.176499690019508
eol_composition,annual,fixed_total,2.0,test,alpha_dr,35,54,16.74970470213306,16.697130882678927,0.4143674660012642,0.24599580753474348,0.6186501143645551,0.43372119416828503,0.3396747702303249,0.6186501143645551,17.217896479379167,16.244524218342004,18.176499690019508
eol_composition,annual,fixed_total,2.0,test,tau_olds,35,54,13.881564545569692,13.856793983003932,0.2978223203046859,0.23890854157714303,0.563318357232101,0.39238797223717925,0.2965075217061408,0.4896982944914918,17.217896479379167,16.244524218342004,18.176499690019508
eol_composition,annual,fixed_total,2.0,test,frac_fu_new,35,54,18.054858043440014,17.664205084540004,0.7730117963948846,0.6144018364674986,1.3406029347680537,0.8751126505417095,0.7229971596770302,1.1734503161502041,17.217896479379167,16.244524218342004,18.176499690019508
eol_composition,annual,fixed_total,2.0,test,frac_fu_out,35,54,1.8673655196342513,1.83755097467347,0.7730117963948846,0.6144018364674986,1.3406029347680537,0.8751126505417095,0.7229971596770302,1.1734503161502041,17.217896479379167,16.244524218342004,18.176499690019508
eol_composition,annual,fixed_total,2.0,test,frac_eu_new,35,54,22.521416004705365,22.17463769353935,0.934720526033761,0.6187283531789378,1.253320671587388,0.9545847383609224,0.7852967384201381,1.1205121209519608,17.217896479379167,16.244524218342004,18.176499690019508
eol_composition,annual,fixed_total,2.0,test,frac_eu_into,35,54,1.5214996208131124,1.5110075500121796,0.934720526033761,0.6187283531789378,1.253320671587388,0.9545847383609224,0.7852967384201381,1.1205121209519608,17.217896479379167,16.244524218342004,18.176499690019508
eol_composition,annual,fixed_total,2.0,test,f_cohort_10yr,35,54,50.40387411173697,28.331952522128837,41.18310815549615,39.12181208649894,44.701818423245726,41.597943853834195,39.96477894089202,43.23628931816101,17.217896479379167,16.244524218342004,18.176499690019508
eol_composition,annual,fixed_total,2.0,test,f_cohort_20yr,35,54,37.74565903961782,22.434264980445395,41.43654819052055,37.77054491160989,42.20739877599666,40.59543772561189,39.09907620792423,41.739249707144495,17.217896479379167,16.244524218342004,18.176499690019508
eol_composition,annual,fixed_total,2.0,test,f_cohort_44yr,35,54,26.694178957225233,16.023701554438208,37.60813193111993,35.82277650243785,40.68973602268724,37.90418650190656,36.72258258641543,39.08616996203746,17.217896479379167,16.244524218342004,18.176499690019508
eol_composition,annual,fixed_total,5.0,test,alpha_cc,35,54,12.866123464424417,12.78959490500594,0.3016450027371942,0.1879741879033059,0.4973166809063845,0.36001823282569845,0.28655746591380593,0.44812886273847274,7.749935495153728,7.1299242207053535,8.259004236203651
eol_composition,annual,fixed_total,5.0,test,alpha_refc,35,54,17.540400858583634,17.51254122631286,0.21786450728866757,0.1710982978438358,0.3409806275429472,0.24612087400271432,0.19393859295261384,0.32412083026830407,7.749935495153728,7.1299242207053535,8.259004236203651
eol_composition,annual,fixed_total,5.0,test,alpha_win,35,54,16.931061695567116,16.910434470170085,0.17903957431162354,0.1378860871661558,0.329740356174113,0.21394530660229782,0.16760092469816912,0.2708849674843805,7.749935495153728,7.1299242207053535,8.259004236203651
eol_composition,annual,fixed_total,5.0,test,alpha_dr,35,54,16.74970470213306,16.712513137942622,0.2649742606336214,0.1415419466064327,0.42792363628454955,0.28203312584747786,0.2086613108292168,0.4225257627730572,7.749935495153728,7.1299242207053535,8.259004236203651
eol_composition,annual,fixed_total,5.0,test,tau_olds,35,54,13.881564545569692,13.866962463283132,0.19636541315461997,0.12697144565643748,0.35185336944337786,0.24221442441451912,0.18264404948515334,0.30659115279337845,7.749935495153728,7.1299242207053535,8.259004236203651
eol_composition,annual,fixed_total,5.0,test,frac_fu_new,35,54,18.054858043440014,17.75921121711851,0.6013210713454065,0.44270012012996296,1.1039425816648574,0.6668201385788247,0.5355333938993234,0.9165754602646348,7.749935495153728,7.1299242207053535,8.259004236203651
eol_composition,annual,fixed_total,5.0,test,frac_fu_out,35,54,1.8673655196342513,1.8433407988761414,0.6013210713454065,0.44270012012996296,1.1039425816648574,0.6668201385788247,0.5355333938993234,0.9165754602646348,7.749935495153728,7.1299242207053535,8.259004236203651
eol_composition,annual,fixed_total,5.0,test,frac_eu_new,35,54,22.521416004705365,22.25068750415345,0.6848955745246577,0.45707300190170885,1.052936179501418,0.7486550918253593,0.6209384953793751,0.8910326213167064,7.749935495153728,7.1299242207053535,8.259004236203651
eol_composition,annual,fixed_total,5.0,test,frac_eu_into,35,54,1.5214996208131124,1.5142739612182128,0.6848955745246577,0.45707300190170885,1.052936179501418,0.7486550918253593,0.6209384953793751,0.8910326213167064,7.749935495153728,7.1299242207053535,8.259004236203651
eol_composition,annual,fixed_total,5.0,test,f_cohort_10yr,35,54,50.40387411173697,33.880554232560485,30.729639021535917,27.789251124711463,33.32537993791061,30.41407255166835,29.02567974137051,31.872099064430113,7.749935495153728,7.1299242207053535,8.259004236203651
eol_composition,annual,fixed_total,5.0,test,f_cohort_20yr,35,54,37.74565903961782,27.04774264029023,28.73435137111342,26.382770124161897,31.11286528027717,28.69969746402057,27.339099715990223,29.89263053965466,7.749935495153728,7.1299242207053535,8.259004236203651
eol_composition,annual,fixed_total,5.0,test,f_cohort_44yr,35,54,26.694178957225233,19.3482786178277,26.43065957486983,25.274147265812303,28.70117790223381,26.777589205843086,25.71166671602344,28.01410868672251,7.749935495153728,7.1299242207053535,8.259004236203651
eol_composition,quarterly,per_obs,1.0,test,alpha_cc,35,216,12.866123464424417,12.67379184154329,0.9976048088083722,0.7206004311481717,1.3676921786203555,1.0410643593603748,0.8757727731292908,1.2075908661493995,43.67398078137437,41.94682806196312,45.53139423472152
eol_composition,quarterly,per_obs,1.0,test,alpha_refc,35,216,17.540400858583634,17.422219025291348,0.7297958257115322,0.5795155808946628,0.9103721807793896,0.7356537987501743,0.6371199999978872,0.9206668124658091,43.67398078137437,41.94682806196312,45.53139423472152
eol_composition,quarterly,per_obs,1.0,test,alpha_win,35,216,16.931061695567116,16.79507119118034,0.6343235473727726,0.5438795670873131,0.9447285272371708,0.7138537832998421,0.5955027407969549,0.8345291554725631,43.67398078137437,41.94682806196312,45.53139423472152
eol_composition,quarterly,per_obs,1.0,test,alpha_dr,35,216,16.74970470213306,16.634826772512195,0.7517781581026117,0.6335326962570775,1.1274607530601888,0.8475599497867109,0.7138736036201798,1.0318871361687576,43.67398078137437,41.94682806196312,45.53139423472152
eol_composition,quarterly,per_obs,1.0,test,tau_olds,35,216,13.881564545569692,13.822117464582103,0.7369940153278742,0.6088802216035305,0.9114691119924412,0.750806926428127,0.6495932311724184,0.9128876890813542,43.67398078137437,41.94682806196312,45.53139423472152
eol_composition,quarterly,per_obs,1.0,test,frac_fu_new,35,216,18.054858043440014,17.554283527825877,1.1505667547542564,0.8782672427287863,1.8819547998229325,1.3317665472570268,1.090183066980005,1.6075916115993905,43.67398078137437,41.94682806196312,45.53139423472152
eol_composition,quarterly,per_obs,1.0,test,frac_fu_out,35,216,1.8673655196342513,1.831542352661279,1.1505667547542564,0.8782672427287919,1.8819547998229325,1.3317665472570268,1.090183066980005,1.6075916115993905,43.67398078137437,41.94682806196312,45.53139423472152
eol_composition,quarterly,per_obs,1.0,test,frac_eu_new,35,216,22.521416004705365,22.065188685483154,1.308975381095412,0.9255038893158762,1.642202196525061,1.2882852493690755,1.0927751846702805,1.511517862361511,43.67398078137437,41.94682806196312,45.53139423472152
eol_composition,quarterly,per_obs,1.0,test,frac_eu_into,35,216,1.5214996208131124,1.504136852827755,1.308975381095412,0.9255038893158762,1.642202196525061,1.2882852493690755,1.0927751846702805,1.511517862361511,43.67398078137437,41.94682806196312,45.53139423472152
eol_composition,quarterly,per_obs,1.0,test,f_cohort_10yr,35,216,50.40387411173697,22.10363781456469,54.60069120963475,50.5423883939803,56.53119368069619,53.77234860819371,52.210848468602705,55.38896649128445,43.67398078137437,41.94682806196312,45.53139423472152
eol_composition,quarterly,per_obs,1.0,test,f_cohort_20yr,35,216,37.74565903961782,17.87625917178721,54.42001386336578,51.50509396053022,55.70758300321351,53.74611073333606,52.51528779673655,54.81753670294353,43.67398078137437,41.94682806196312,45.53139423472152
eol_composition,quarterly,per_obs,1.0,test,f_cohort_44yr,35,216,26.694178957225233,12.521472118368482,50.644554223797314,48.89710959721158,53.739966491212776,51.41310352450727,50.30879446697385,52.41508296252856,43.67398078137437,41.94682806196312,45.53139423472152
eol_composition,quarterly,per_obs,2.0,test,alpha_cc,35,216,12.866123464424417,12.715346476876972,0.7072650317009321,0.4989782313173208,1.024115255640573,0.7606414454777222,0.6227689759087163,0.9090331356552239,28.234832894173312,26.996162744668503,29.636910406534305
eol_composition,quarterly,per_obs,2.0,test,alpha_refc,35,216,17.540400858583634,17.45685808151086,0.498968951257206,0.37811638154389704,0.6551499995414656,0.5365889141582508,0.4477558469160814,0.6745866260997713,28.234832894173312,26.996162744668503,29.636910406534305
eol_composition,quarterly,per_obs,2.0,test,alpha_win,35,216,16.931061695567116,16.851228514893435,0.4510299745681401,0.3711584592402728,0.6795685148442365,0.49901669845295316,0.4171332918655568,0.5992307581731859,28.234832894173312,26.996162744668503,29.636910406534305
eol_composition,quarterly,per_obs,2.0,test,alpha_dr,35,216,16.74970470213306,16.675515022116194,0.5600704421569236,0.3817905860674098,0.7984328447559141,0.6103697898107996,0.5021700140423246,0.8033709979076542,28.234832894173312,26.996162744668503,29.636910406534305
eol_composition,quarterly,per_obs,2.0,test,tau_olds,35,216,13.881564545569692,13.843994332638475,0.4484278487698612,0.38548788255439725,0.7553154324556777,0.5415299891896791,0.44125634990122564,0.676570346375438,28.234832894173312,26.996162744668503,29.636910406534305
eol_composition,quarterly,per_obs,2.0,test,frac_fu_new,35,216,18.054858043440014,17.605616478362528,0.9701472986095583,0.7593100670573449,1.5523481259995475,1.097120304240956,0.886617724864136,1.3730346372496705,28.234832894173312,26.996162744668503,29.636910406534305
eol_composition,quarterly,per_obs,2.0,test,frac_fu_out,35,216,1.8673655196342513,1.8349079267870287,0.9701472986095583,0.7593100670573449,1.5523481259995475,1.097120304240956,0.886617724864136,1.3730346372496705,28.234832894173312,26.996162744668503,29.636910406534305
eol_composition,quarterly,per_obs,2.0,test,frac_eu_new,35,216,22.521416004705365,22.119151366784877,1.138353247572299,0.7497842241508179,1.401761355161596,1.111026814594096,0.9293442201779745,1.29288970289832,28.234832894173312,26.996162744668503,29.636910406534305
eol_composition,quarterly,per_obs,2.0,test,frac_eu_into,35,216,1.5214996208131124,1.5078847691850292,1.138353247572299,0.7497842241508179,1.401761355161596,1.111026814594096,0.9293442201779745,1.29288970289832,28.234832894173312,26.996162744668503,29.636910406534305
eol_composition,quarterly,per_obs,2.0,test,f_cohort_10yr,35,216,50.40387411173697,24.80748010378176,49.3839495317545,45.45533749852201,51.55089787670485,48.57363170571883,46.81699443284356,50.27010943044689,28.234832894173312,26.996162744668503,29.636910406534305
eol_composition,quarterly,per_obs,2.0,test,f_cohort_20yr,35,216,37.74565903961782,19.89481396498963,48.970468642200984,45.430878360626764,49.895697594655665,48.02681510571432,46.54818792543066,49.214242757220696,28.234832894173312,26.996162744668503,29.636910406534305
eol_composition,quarterly,per_obs,2.0,test,f_cohort_44yr,35,216,26.694178957225233,13.840649960711653,44.73781271373465,43.356704728558924,48.31072530649355,45.61566437460097,44.34930406465168,46.65097172400097,28.234832894173312,26.996162744668503,29.636910406534305
eol_composition,quarterly,per_obs,5.0,test,alpha_cc,35,216,12.866123464424417,12.759834543058307,0.3957810075748358,0.29015595543714356,0.7024841259645198,0.500441689142947,0.3969787769906141,0.6109477920219264,14.538923048762047,13.624062865818502,15.377921009935207
eol_composition,quarterly,per_obs,5.0,test,alpha_refc,35,216,17.540400858583634,17.493326376828726,0.3080662941843393,0.2645563935603723,0.4499925049071152,0.35283108347657355,0.283826682883781,0.4620642709566136,14.538923048762047,13.624062865818502,15.377921009935207
eol_composition,quarterly,per_obs,5.0,test,alpha_win,35,216,16.931061695567116,16.89491742341005,0.2727185433620605,0.1978058032650054,0.43228044346842465,0.3131776054180413,0.24752618378462987,0.3833051192077275,14.538923048762047,13.624062865818502,15.377921009935207
eol_composition,quarterly,per_obs,5.0,test,alpha_dr,35,216,16.74970470213306,16.700680984461744,0.3678482103130598,0.2267464290291621,0.5833557311969773,0.3995618881222657,0.3098675162940767,0.5712021992565153,14.538923048762047,13.624062865818502,15.377921009935207
eol_composition,quarterly,per_obs,5.0,test,tau_olds,35,216,13.881564545569692,13.859343211821896,0.2613723000598034,0.21322385499791263,0.5047742353283369,0.3546894110912302,0.2647768845841336,0.4483929761493255,14.538923048762047,13.624062865818502,15.377921009935207
eol_composition,quarterly,per_obs,5.0,test,frac_fu_new,35,216,18.054858043440014,17.684864553515244,0.7319498220248799,0.5875179044934287,1.2907187211620041,0.8282429474203212,0.6827958671295598,1.1198974148063034,14.538923048762047,13.624062865818502,15.377921009935207
eol_composition,quarterly,per_obs,5.0,test,frac_fu_out,35,216,1.8673655196342513,1.8385864727262105,0.7319498220248799,0.5875179044934287,1.2907187211620041,0.8282429474203212,0.6827958671295598,1.1198974148063034,14.538923048762047,13.624062865818502,15.377921009935207
eol_composition,quarterly,per_obs,5.0,test,frac_eu_new,35,216,22.521416004705365,22.189888539209214,0.8566789263578567,0.58539044799788,1.2207571054444977,0.9071055378895188,0.7498059387225864,1.0741977037235562,14.538923048762047,13.624062865818502,15.377921009935207
eol_composition,quarterly,per_obs,5.0,test,frac_eu_into,35,216,1.5214996208131124,1.511636835130138,0.8566789263578567,0.58539044799788,1.2207571054444977,0.9071055378895188,0.7498059387225864,1.0741977037235562,14.538923048762047,13.624062865818502,15.377921009935207
eol_composition,quarterly,per_obs,5.0,test,f_cohort_10yr,35,216,50.40387411173697,29.553584516796676,39.16389475815527,36.467858495935275,42.373572734908066,39.15712200188711,37.651092765501545,40.90432264667223,14.538923048762047,13.624062865818502,15.377921009935207
eol_composition,quarterly,per_obs,5.0,test,f_cohort_20yr,35,216,37.74565903961782,23.46829663901349,38.71949159197576,35.57781226417505,40.19027205347297,38.071384018304286,36.645182919060545,39.29940619227085,14.538923048762047,13.624062865818502,15.377921009935207
eol_composition,quarterly,per_obs,5.0,test,f_cohort_44yr,35,216,26.694178957225233,16.74546539887046,35.43961077665574,33.62830624923764,37.945541504597514,35.55481161679569,34.32264692891551,36.66718406846802,14.538923048762047,13.624062865818502,15.377921009935207
eol_composition,quarterly,fixed_total,1.0,test,alpha_cc,35,216,12.866123464424417,12.715346476876972,0.7072650317009321,0.4989782313173208,1.024115255640573,0.7606414454777222,0.6227689759087163,0.9090331356552239,28.234832894173312,26.996162744668503,29.636910406534305
eol_composition,quarterly,fixed_total,1.0,test,alpha_refc,35,216,17.540400858583634,17.45685808151086,0.498968951257206,0.37811638154389704,0.6551499995414656,0.5365889141582508,0.4477558469160814,0.6745866260997713,28.234832894173312,26.996162744668503,29.636910406534305
eol_composition,quarterly,fixed_total,1.0,test,alpha_win,35,216,16.931061695567116,16.851228514893435,0.4510299745681401,0.3711584592402728,0.6795685148442365,0.49901669845295316,0.4171332918655568,0.5992307581731859,28.234832894173312,26.996162744668503,29.636910406534305
eol_composition,quarterly,fixed_total,1.0,test,alpha_dr,35,216,16.74970470213306,16.675515022116194,0.5600704421569236,0.3817905860674098,0.7984328447559141,0.6103697898107996,0.5021700140423246,0.8033709979076542,28.234832894173312,26.996162744668503,29.636910406534305
eol_composition,quarterly,fixed_total,1.0,test,tau_olds,35,216,13.881564545569692,13.843994332638475,0.4484278487698612,0.38548788255439725,0.7553154324556777,0.5415299891896791,0.44125634990122564,0.676570346375438,28.234832894173312,26.996162744668503,29.636910406534305
eol_composition,quarterly,fixed_total,1.0,test,frac_fu_new,35,216,18.054858043440014,17.605616478362528,0.9701472986095583,0.7593100670573449,1.5523481259995475,1.097120304240956,0.886617724864136,1.3730346372496705,28.234832894173312,26.996162744668503,29.636910406534305
eol_composition,quarterly,fixed_total,1.0,test,frac_fu_out,35,216,1.8673655196342513,1.8349079267870287,0.9701472986095583,0.7593100670573449,1.5523481259995475,1.097120304240956,0.886617724864136,1.3730346372496705,28.234832894173312,26.996162744668503,29.636910406534305
eol_composition,quarterly,fixed_total,1.0,test,frac_eu_new,35,216,22.521416004705365,22.119151366784877,1.138353247572299,0.7497842241508179,1.401761355161596,1.111026814594096,0.9293442201779745,1.29288970289832,28.234832894173312,26.996162744668503,29.636910406534305
eol_composition,quarterly,fixed_total,1.0,test,frac_eu_into,35,216,1.5214996208131124,1.5078847691850292,1.138353247572299,0.7497842241508179,1.401761355161596,1.111026814594096,0.9293442201779745,1.29288970289832,28.234832894173312,26.996162744668503,29.636910406534305
eol_composition,quarterly,fixed_total,1.0,test,f_cohort_10yr,35,216,50.40387411173697,24.80748010378176,49.3839495317545,45.45533749852201,51.55089787670485,48.57363170571883,46.81699443284356,50.27010943044689,28.234832894173312,26.996162744668503,29.636910406534305
eol_composition,quarterly,fixed_total,1.0,test,f_cohort_20yr,35,216,37.74565903961782,19.89481396498963,48.970468642200984,45.430878360626764,49.895697594655665,48.02681510571432,46.54818792543066,49.214242757220696,28.234832894173312,26.996162744668503,29.636910406534305
eol_composition,quarterly,fixed_total,1.0,test,f_cohort_44yr,35,216,26.694178957225233,13.840649960711653,44.73781271373465,43.356704728558924,48.31072530649355,45.61566437460097,44.34930406465168,46.65097172400097,28.234832894173312,26.996162744668503,29.636910406534305
eol_composition,quarterly,fixed_total,2.0,test,alpha_cc,35,216,12.866123464424417,12.749698286114711,0.4524197151723808,0.33677021277532804,0.7559429428011244,0.5513046780653785,0.43934908529367767,0.672113010861286,17.30087970013346,16.321195125461138,18.2748864430762
eol_composition,quarterly,fixed_total,2.0,test,alpha_refc,35,216,17.540400858583634,17.48606784927847,0.3483517078040066,0.2896478772112909,0.49833447406521514,0.3895840264146244,0.3180640991273298,0.5023731544704202,17.30087970013346,16.321195125461138,18.2748864430762
eol_composition,quarterly,fixed_total,2.0,test,alpha_win,35,216,16.931061695567116,16.887322126107968,0.29523545108280924,0.22038837205814454,0.4711497704163514,0.3548140890084428,0.2827091290737438,0.4299178431228734,17.30087970013346,16.321195125461138,18.2748864430762
eol_composition,quarterly,fixed_total,2.0,test,alpha_dr,35,216,16.74970470213306,16.69624928244818,0.4199583410055885,0.24783858123048064,0.6202553446561287,0.4377585310022414,0.34276139348585755,0.6233508544399302,17.30087970013346,16.321195125461138,18.2748864430762
eol_composition,quarterly,fixed_total,2.0,test,tau_olds,35,216,13.881564545569692,13.856419038347154,0.30265532564088815,0.241375416914813,0.568649936638177,0.3958076687990364,0.3008576796765361,0.493852919378579,17.30087970013346,16.321195125461138,18.2748864430762
eol_composition,quarterly,fixed_total,2.0,test,frac_fu_new,35,216,18.054858043440014,17.662943334122684,0.7753177300287906,0.616258024977212,1.343643037667519,0.8838708144940005,0.7268313637640245,1.177570951400786,17.30087970013346,16.321195125461138,18.2748864430762
eol_composition,quarterly,fixed_total,2.0,test,frac_fu_out,35,216,1.8673655196342513,1.8374994822507154,0.7753177300287906,0.616258024977212,1.343643037667519,0.8838708144940005,0.7268313637640245,1.177570951400786,17.30087970013346,16.321195125461138,18.2748864430762
eol_composition,quarterly,fixed_total,2.0,test,frac_eu_new,35,216,22.521416004705365,22.173430410549162,0.9398759932616629,0.6212506678779262,1.2554517149620414,0.9577091382430875,0.7892655146552741,1.1221021726871783,17.30087970013346,16.321195125461138,18.2748864430762
eol_composition,quarterly,fixed_total,2.0,test,frac_eu_into,35,216,1.5214996208131124,1.5108928465728373,0.9398759932616629,0.6212506678779262,1.2554517149620414,0.9577091382430875,0.7892655146552741,1.1221021726871783,17.30087970013346,16.321195125461138,18.2748864430762
eol_composition,quarterly,fixed_total,2.0,test,f_cohort_10yr,35,216,50.40387411173697,28.237347940076873,41.452767435037806,39.27477147838033,44.87251634938582,41.74961563714473,40.10285333685833,43.36671084370745,17.30087970013346,16.321195125461138,18.2748864430762
eol_composition,quarterly,fixed_total,2.0,test,f_cohort_20yr,35,216,37.74565903961782,22.398317392714247,41.56422594408101,37.84398186788334,42.34989248742259,40.7259244900611,39.20011518412021,41.84440509060305,17.30087970013346,16.321195125461138,18.2748864430762
eol_composition,quarterly,fixed_total,2.0,test,f_cohort_44yr,35,216,26.694178957225233,15.98857051856922,37.69231057395031,35.95540497213403,40.808225266765334,38.03867147849178,36.87404513747107,39.19262061866189,17.30087970013346,16.321195125461138,18.2748864430762
eol_composition,quarterly,fixed_total,5.0,test,alpha_cc,35,216,12.866123464424417,12.789299837754848,0.30228837601269376,0.1888507262447825,0.4992431548938858,0.36156998862818535,0.28748168444636124,0.44900467106586683,7.771190981216074,7.147080549002989,8.281350708139968
eol_composition,quarterly,fixed_total,5.0,test,alpha_refc,35,216,17.540400858583634,17.51234581912621,0.21858097104126006,0.17174217375826584,0.34258679613567433,0.24740473035213817,0.19463618462003396,0.3255397603837251,7.771190981216074,7.147080549002989,8.281350708139968
eol_composition,quarterly,fixed_total,5.0,test,alpha_win,35,216,16.931061695567116,16.910290823337014,0.17976078338339807,0.1386823605080023,0.3310867103703208,0.21444966023542178,0.16826133240208652,0.2721053398932527,7.771190981216074,7.147080549002989,8.281350708139968
eol_composition,quarterly,fixed_total,5.0,test,alpha_dr,35,216,16.74970470213306,16.71233187607165,0.2655350837880266,0.14224794303058785,0.42972841674088214,0.2834304789627595,0.209461738900657,0.424689255843147,7.771190981216074,7.147080549002989,8.281350708139968
eol_composition,quarterly,fixed_total,5.0,test,tau_olds,35,216,13.881564545569692,13.866876072708381,0.19694438703814487,0.12781451254858522,0.35320602349095953,0.24341654033734617,0.18357486217338015,0.307829307217089,7.771190981216074,7.147080549002989,8.281350708139968
eol_composition,quarterly,fixed_total,5.0,test,frac_fu_new,35,216,18.054858043440014,17.75878589545794,0.602337114257645,0.4448508466416867,1.104987876935798,0.6681453035130291,0.5368104071370339,0.9178673607883492,7.771190981216074,7.147080549002989,8.281350708139968
eol_composition,quarterly,fixed_total,5.0,test,frac_fu_out,35,216,1.8673655196342513,1.843309642411656,0.602337114257645,0.4448508466416867,1.104987876935798,0.6681453035130291,0.5368104071370394,0.9178673607883492,7.771190981216074,7.147080549002989,8.281350708139968
eol_composition,quarterly,fixed_total,5.0,test,frac_eu_new,35,216,22.521416004705365,22.25021873946522,0.6855312205207187,0.4589231882559275,1.0542523979620522,0.7498860565022303,0.6220603815069503,0.892022333522613,7.771190981216074,7.147080549002989,8.281350708139968
eol_composition,quarterly,fixed_total,5.0,test,frac_eu_into,35,216,1.5214996208131124,1.514230949118436,0.6855312205207187,0.4589231882559275,1.0542523979620522,0.7498860565022303,0.6220603815069503,0.892022333522613,7.771190981216074,7.147080549002989,8.281350708139968
eol_composition,quarterly,fixed_total,5.0,test,f_cohort_10yr,35,216,50.40387411173697,33.83397113206291,30.79718146756687,27.82943161690783,33.40225713739484,30.473140626761364,29.10044737797024,31.93699868190248,7.771190981216074,7.147080549002989,8.281350708139968
eol_composition,quarterly,fixed_total,5.0,test,f_cohort_20yr,35,216,37.74565903961782,27.033214025070443,28.809862846751578,26.42621315345393,31.15719213355498,28.747557709402955,27.38533665827653,29.936457999524112,7.771190981216074,7.147080549002989,8.281350708139968
eol_composition,quarterly,fixed_total,5.0,test,f_cohort_44yr,35,216,26.694178957225233,19.31931364730264,26.487112143067936,25.345030595630107,28.745964328097315,26.836467617556757,25.76110244825682,28.073689734201885,7.771190981216074,7.147080549002989,8.281350708139968
eol_composition,monthly,per_obs,1.0,test,alpha_cc,35,648,12.866123464424417,12.628537084772057,1.2211717665633115,0.9658316118395405,1.7563851003311537,1.32857417960299,1.1479823870542416,1.5056801658125896,59.9561182010064,57.77889495570113,62.25868922241278
eol_composition,monthly,per_obs,1.0,test,alpha_refc,35,648,17.540400858583634,17.381478676565205,0.9202812088802359,0.7843572694883394,1.1414056937733064,0.963605537612508,0.8477251825103505,1.2131949825033572,59.9561182010064,57.77889495570113,62.25868922241278
eol_composition,monthly,per_obs,1.0,test,alpha_win,35,648,16.931061695567116,16.741085454286953,0.8685548047039138,0.6746334443583246,1.1650221466898647,0.9256794919667966,0.7914071106893572,1.0864275583619243,59.9561182010064,57.77889495570113,62.25868922241278
eol_composition,monthly,per_obs,1.0,test,alpha_dr,35,648,16.74970470213306,16.591099281227102,0.9966920218152819,0.8052070606881845,1.3708754333881856,1.0856558222437362,0.9255298051702776,1.2765283034086639,59.9561182010064,57.77889495570113,62.25868922241278
eol_composition,monthly,per_obs,1.0,test,tau_olds,35,648,13.881564545569692,13.79541656636493,0.9610476561549675,0.7869008905683705,1.2220570600466274,0.9831221502656418,0.8664068950900716,1.1540302943283454,59.9561182010064,57.77889495570113,62.25868922241278
eol_composition,monthly,per_obs,1.0,test,frac_fu_new,35,648,18.054858043440014,17.509551467803384,1.3006188078521497,1.0048487684382879,2.0865456500338606,1.5404857414081818,1.2646020628330257,1.8758502168082114,59.9561182010064,57.77889495570113,62.25868922241278
eol_composition,monthly,per_obs,1.0,test,frac_fu_out,35,648,1.8673655196342513,1.8290426683703425,1.3006188078521497,1.0048487684382879,2.0865456500338553,1.5404857414081818,1.2646020628330257,1.8758502168082114,59.9561182010064,57.77889495570113,62.25868922241278
eol_composition,monthly,per_obs,1.0,test,frac_eu_new,35,648,22.521416004705365,22.02440740555279,1.4461102708336115,1.0455223765368948,1.8502451226280248,1.4697168704050356,1.2550593162680646,1.6796112218871562,59.9561182010064,57.77889495570113,62.25868922241278
eol_composition,monthly,per_obs,1.0,test,frac_eu_into,35,648,1.5214996208131124,1.5004000642395474,1.4461102708336115,1.0455223765368948,1.8502451226280248,1.4697168704050356,1.2550593162680646,1.6796112218871562,59.9561182010064,57.77889495570113,62.25868922241278
eol_composition,monthly,per_obs,1.0,test,f_cohort_10yr,35,648,50.40387411173697,20.521599765551613,57.98046848434204,54.64546062876899,59.64095118393662,57.070938648905255,55.58906886954988,58.55568029738777,59.9561182010064,57.77889495570113,62.25868922241278
eol_composition,monthly,per_obs,1.0,test,f_cohort_20yr,35,648,37.74565903961782,16.62613714124289,58.162423416890775,55.430742443947906,59.220223748750854,57.35070151830749,56.1189457391022,58.429854964908934,59.9561182010064,57.77889495570113,62.25868922241278
eol_composition,monthly,per_obs,1.0,test,f_cohort_44yr,35,648,26.694178957225233,11.70467673674826,54.81262051479781,52.53923522715591,57.39091522659198,54.93240277365899,53.84426265832805,55.971655102266084,59.9561182010064,57.77889495570113,62.25868922241278
eol_composition,monthly,per_obs,2.0,test,alpha_cc,35,648,12.866123464424417,12.683002052537715,0.9438473784385781,0.6646884824948185,1.2926572900079925,0.9800542081937619,0.8162225281858171,1.1427859239848293,40.06882954301919,38.45662442120733,41.83176765644184
eol_composition,monthly,per_obs,2.0,test,alpha_refc,35,648,17.540400858583634,17.430386790171507,0.6732739054930881,0.5325131321727683,0.8457983816421877,0.6903806651895106,0.593166115624133,0.8623221422699667,40.06882954301919,38.45662442120733,41.83176765644184
eol_composition,monthly,per_obs,2.0,test,alpha_win,35,648,16.931061695567116,16.8075576577376,0.5811919066913918,0.5066645877060572,0.8882896638052695,0.668493169864276,0.5571289864334805,0.7831137329272653,40.06882954301919,38.45662442120733,41.83176765644184
eol_composition,monthly,per_obs,2.0,test,alpha_dr,35,648,16.74970470213306,16.643533151942922,0.7071485896579466,0.600294671119167,1.0515971681128167,0.7989525608663006,0.662781727418138,0.987324258802269,40.06882954301919,38.45662442120733,41.83176765644184
eol_composition,monthly,per_obs,2.0,test,tau_olds,35,648,13.881564545569692,13.827695504654507,0.6640181710789284,0.5685698841305653,0.8730846357591859,0.6993295533895799,0.6014932418527574,0.8632455544104523,40.06882954301919,38.45662442120733,41.83176765644184
eol_composition,monthly,per_obs,2.0,test,frac_fu_new,35,648,18.054858043440014,17.565022730818722,1.1152477579266629,0.8487586711407091,1.8429410109249034,1.2809439186423077,1.048328374116697,1.5542769367785259,40.06882954301919,38.45662442120733,41.83176765644184
eol_composition,monthly,per_obs,2.0,test,frac_fu_out,35,648,1.8673655196342513,1.8322233909308552,1.1152477579266629,0.8487586711407091,1.8429410109249034,1.2809439186423077,1.048328374116697,1.5542769367785259,40.06882954301919,38.45662442120733,41.83176765644184
eol_composition,monthly,per_obs,2.0,test,frac_eu_new,35,648,22.521416004705365,22.075766299478737,1.2794902370812822,0.8991101499073118,1.5837270023988381,1.2499216021956583,1.0565244798241336,1.464915154794283,40.06882954301919,38.45662442120733,41.83176765644184
eol_composition,monthly,per_obs,2.0,test,frac_eu_into,35,648,1.5214996208131124,1.50494047145707,1.2794902370812822,0.8991101499073118,1.5837270023988381,1.2499216021956583,1.0565244798241336,1.464915154794283,40.06882954301919,38.45662442120733,41.83176765644184
eol_composition,monthly,per_obs,2.0,test,f_cohort_10yr,35,648,50.40387411173697,22.67556649839026,53.7771079570925,49.40505461716354,55.6485400737577,52.83356863964672,51.303631365360616,54.48359701670702,40.06882954301919,38.45662442120733,41.83176765644184
eol_composition,monthly,per_obs,2.0,test,f_cohort_20yr,35,648,37.74565903961782,18.257370252828665,53.03657495627613,50.51660772079434,54.6467188125488,52.69271720955577,51.43048185201448,53.813014604599196,40.06882954301919,38.45662442120733,41.83176765644184
eol_composition,monthly,per_obs,2.0,test,f_cohort_44yr,35,648,26.694178957225233,12.712204579853683,49.49236549846017,48.127616422733425,52.62553210243698,50.399354614676454,49.257792264872904,51.42237321113339,40.06882954301919,38.45662442120733,41.83176765644184
eol_composition,monthly,per_obs,5.0,test,alpha_cc,35,648,12.866123464424417,12.734092358441158,0.5479806523726483,0.42143803272909897,0.8684373363063158,0.6424794084082336,0.5199566280096157,0.7781082000614947,21.969953325258388,20.888840756553208,23.15285578179451
eol_composition,monthly,per_obs,5.0,test,alpha_refc,35,648,17.540400858583634,17.474205321445076,0.41444540389891094,0.3171495460502771,0.5659344361103824,0.4499753651478311,0.3698272381594203,0.5730179742151564,21.969953325258388,20.888840756553208,23.15285578179451
eol_composition,monthly,per_obs,5.0,test,alpha_win,35,648,16.931061695567116,16.873031890834874,0.3671263436353822,0.27828423638928124,0.5680102009030075,0.41516582135882607,0.338790363571867,0.4997196097808132,21.969953325258388,20.888840756553208,23.15285578179451
eol_composition,monthly,per_obs,5.0,test,alpha_dr,35,648,16.74970470213306,16.687944459444182,0.4825665185966277,0.314211367658751,0.6973346265110203,0.5129611629431124,0.41115845091644343,0.7085614669221307,21.969953325258388,20.888840756553208,23.15285578179451
eol_composition,monthly,per_obs,5.0,test,tau_olds,35,648,13.881564545569692,13.851297513197089,0.35936860194216713,0.2955321235513564,0.6631378459596049,0.4609384513849346,0.3618457131320474,0.5740831159073312,21.969953325258388,20.888840756553208,23.15285578179451
eol_composition,monthly,per_obs,5.0,test,frac_fu_new,35,648,18.054858043440014,17.63311200889915,0.8567026724556115,0.6826006537548279,1.4227868144342404,0.9786008645683325,0.7990125360801181,1.263634066876096,21.969953325258388,20.888840756553208,23.15285578179451
eol_composition,monthly,per_obs,5.0,test,frac_fu_out,35,648,1.8673655196342513,1.8361518604363365,0.8567026724556115,0.6826006537548279,1.4227868144342348,0.9786008645683325,0.7990125360801181,1.263634066876096,21.969953325258388,20.888840756553208,23.15285578179451
eol_composition,monthly,per_obs,5.0,test,frac_eu_new,35,648,22.521416004705365,22.14786080488715,1.021463061442729,0.6793797100546395,1.3054350065638376,1.030791636959122,0.8547899752804455,1.1969837349806944,21.969953325258388,20.888840756553208,23.15285578179451
eol_composition,monthly,per_obs,5.0,test,frac_eu_into,35,648,1.5214996208131124,1.5095213475942812,1.021463061442729,0.6793797100546395,1.3054350065638376,1.030791636959122,0.8547899752804455,1.1969837349806944,21.969953325258388,20.888840756553208,23.15285578179451
eol_composition,monthly,per_obs,5.0,test,f_cohort_10yr,35,648,50.40387411173697,26.508323469027868,46.135036635204266,42.835147805888994,48.38592787258827,45.224423442030265,43.347890697732325,46.77099112758018,21.969953325258388,20.888840756553208,23.15285578179451
eol_composition,monthly,per_obs,5.0,test,f_cohort_20yr,35,648,37.74565903961782,21.05780072125605,45.03875256307066,40.9296761104338,46.3757612999968,44.30982221927513,42.77245358853254,45.45826699676909,21.969953325258388,20.888840756553208,23.15285578179451
eol_composition,monthly,per_obs,5.0,test,f_cohort_44yr,35,648,26.694178957225233,14.901644459916897,41.25129064172255,39.176385629632065,44.53846897966365,41.71435022708144,40.372689636643486,42.81014227981014,21.969953325258388,20.888840756553208,23.15285578179451
eol_composition,monthly,fixed_total,1.0,test,alpha_cc,35,648,12.866123464424417,12.715210260243552,0.7081434658138375,0.4997708912019727,1.024903231366503,0.7612337654537615,0.6233445782058866,0.9098054873048711,28.248551492178727,27.008246561480952,29.652062275395377
eol_composition,monthly,fixed_total,1.0,test,alpha_refc,35,648,17.540400858583634,17.456741629227963,0.4996001062488542,0.37856320370940333,0.6557841321145674,0.5369477670047529,0.4482248489464824,0.6755148554774326,28.248551492178727,27.008246561480952,29.652062275395377
eol_composition,monthly,fixed_total,1.0,test,alpha_win,35,648,16.931061695567116,16.85110462492279,0.4511688105260703,0.371645637414586,0.6799736903227271,0.4997587205318954,0.41775986478312377,0.5995081680736425,28.248551492178727,27.008246561480952,29.652062275395377
eol_composition,monthly,fixed_total,1.0,test,alpha_dr,35,648,16.74970470213306,16.675358352984144,0.5604973539576008,0.3824470294855886,0.7989276349943564,0.6112797090545685,0.5026558009718962,0.8038457100487839,28.248551492178727,27.008246561480952,29.652062275395377
eol_composition,monthly,fixed_total,1.0,test,tau_olds,35,648,13.881564545569692,13.843933629125981,0.44950172685430667,0.3859822542394198,0.7558027920235411,0.5418563182452929,0.4415214912467824,0.6772630071498142,28.248551492178727,27.008246561480952,29.652062275395377
eol_composition,monthly,fixed_total,1.0,test,frac_fu_new,35,648,18.054858043440014,17.605527742270873,0.9705382826420528,0.7598259296920429,1.552983309317757,1.0974581049071175,0.8875348898323587,1.3735943117461957,28.248551492178727,27.008246561480952,29.652062275395377
eol_composition,monthly,fixed_total,1.0,test,frac_fu_out,35,648,1.8673655196342513,1.8349016321925875,0.9705382826420528,0.7598259296920429,1.552983309317757,1.0974581049071175,0.8875348898323587,1.3735943117461957,28.248551492178727,27.008246561480952,29.652062275395377
eol_composition,monthly,fixed_total,1.0,test,frac_eu_new,35,648,22.521416004705365,22.119061072121315,1.13937811606164,0.7502045932769208,1.4020706285274631,1.111330277736694,0.9296505487107976,1.2932463677443828,28.248551492178727,27.008246561480952,29.652062275395377
eol_composition,monthly,fixed_total,1.0,test,frac_eu_into,35,648,1.5214996208131124,1.5078645295172017,1.13937811606164,0.7502045932769208,1.4020706285274631,1.111330277736694,0.9296505487107976,1.2932463677443828,28.248551492178727,27.008246561480952,29.652062275395377
eol_composition,monthly,fixed_total,1.0,test,f_cohort_10yr,35,648,50.40387411173697,24.800944008580192,49.40143950372546,45.47011111785068,51.56392149509257,48.58425546241693,46.83350682301971,50.286558039532295,28.248551492178727,27.008246561480952,29.652062275395377
eol_composition,monthly,fixed_total,1.0,test,f_cohort_20yr,35,648,37.74565903961782,19.89281205516564,48.97645379898206,45.44517314573047,49.90458607860282,48.036836681382525,46.55907677542672,49.22487668847772,28.248551492178727,27.008246561480952,29.652062275395377
eol_composition,monthly,fixed_total,1.0,test,f_cohort_44yr,35,648,26.694178957225233,13.836701213564398,44.76137418626902,43.3766528351221,48.32768069535834,45.63218714654532,44.362987167298655,46.66718265793402,28.248551492178727,27.008246561480952,29.652062275395377
eol_composition,monthly,fixed_total,2.0,test,alpha_cc,35,648,12.866123464424417,12.749638326451251,0.4526803667811774,0.33702878845103257,0.7563342364847625,0.5517956792040174,0.439599850016581,0.6724791291964904,17.306268474201275,16.32619137359275,18.28136598723696
eol_composition,monthly,fixed_total,2.0,test,alpha_refc,35,648,17.540400858583634,17.486029331243913,0.3485404833103889,0.28976006170612356,0.49857927311632855,0.38985334588265697,0.3181715385066508,0.5027585515743282,17.306268474201275,16.32619137359275,18.28136598723696
eol_composition,monthly,fixed_total,2.0,test,alpha_win,35,648,16.931061695567116,16.88728200903993,0.29534562430784117,0.2205726491852189,0.47134925919080084,0.35505058003374723,0.2830514048453525,0.43024629298805683,17.306268474201275,16.32619137359275,18.28136598723696
eol_composition,monthly,fixed_total,2.0,test,alpha_dr,35,648,16.74970470213306,16.696192091847113,0.4202106535925454,0.24796417604825982,0.6203625267048651,0.43800926591184564,0.3430201533546784,0.6238384912692685,17.306268474201275,16.32619137359275,18.28136598723696
eol_composition,monthly,fixed_total,2.0,test,tau_olds,35,648,13.881564545569692,13.85639532362038,0.30303176607975324,0.2415837366013085,0.5689847734322351,0.3960283419037952,0.3011350309599259,0.4941700373909508,17.306268474201275,16.32619137359275,18.28136598723696
eol_composition,monthly,fixed_total,2.0,test,frac_fu_new,35,648,18.054858043440014,17.662869417999826,0.7754607868396102,0.6165124347292716,1.3438362634202061,0.8844486761257264,0.7269362204762375,1.1778236491494176,17.306268474201275,16.32619137359275,18.28136598723696
eol_composition,monthly,fixed_total,2.0,test,frac_fu_out,35,648,1.8673655196342513,1.8374962708917268,0.7754607868396102,0.6165124347292716,1.3438362634202061,0.8844486761257264,0.7269362204762375,1.1778236491494176,17.306268474201275,16.32619137359275,18.28136598723696
eol_composition,monthly,fixed_total,2.0,test,frac_eu_new,35,648,22.521416004705365,22.173356115376905,0.9401911297222121,0.6214216894677771,1.2555951489904904,0.9579112877815543,0.7894590736441498,1.1222025123071688,17.306268474201275,16.32619137359275,18.28136598723696
eol_composition,monthly,fixed_total,2.0,test,frac_eu_into,35,648,1.5214996208131124,1.5108859422251304,0.9401911297222121,0.6214216894677771,1.2555951489904904,0.9579112877815543,0.7894590736441498,1.1222025123071688,17.306268474201275,16.32619137359275,18.28136598723696
eol_composition,monthly,fixed_total,2.0,test,f_cohort_10yr,35,648,50.40387411173697,28.231705096213393,41.46843674702938,39.28386935364718,44.884000648382944,41.75703163523193,40.1105031590521,43.37361759751051,17.306268474201275,16.32619137359275,18.28136598723696
eol_composition,monthly,fixed_total,2.0,test,f_cohort_20yr,35,648,37.74565903961782,22.396137658915276,41.571731025305134,37.848395673593274,42.35859567062691,40.73111152537656,39.210285285010045,41.85117611302151,17.306268474201275,16.32619137359275,18.28136598723696
eol_composition,monthly,fixed_total,2.0,test,f_cohort_44yr,35,648,26.694178957225233,15.98644777048984,37.69759918282147,35.9632960397748,40.81530506031486,38.04973925677103,36.881842802111706,39.19742812834688,17.306268474201275,16.32619137359275,18.28136598723696
eol_composition,monthly,fixed_total,5.0,test,alpha_cc,35,648,12.866123464424417,12.789281781340733,0.3023316575198942,0.18890703877035842,0.4993581264827629,0.3616573474121254,0.2875379572542247,0.44905854846620796,7.772538036916114,7.1481696483727575,8.282771585349083
eol_composition,monthly,fixed_total,5.0,test,alpha_refc,35,648,17.540400858583634,17.51233352805165,0.218625763589686,0.17178280610112284,0.3426853922831541,0.24748532115467792,0.19467612405650314,0.32562820790864033,7.772538036916114,7.1481696483727575,8.282771585349083
eol_composition,monthly,fixed_total,5.0,test,alpha_win,35,648,16.931061695567116,16.91028164684174,0.17980504194698987,0.13873468194335326,0.3311681048528192,0.21448201373487907,0.16830305825446534,0.27217854916561923,7.772538036916114,7.1481696483727575,8.282771585349083
eol_composition,monthly,fixed_total,5.0,test,alpha_dr,35,648,16.74970470213306,16.712319978113193,0.26556947780025375,0.1422924171446016,0.42983892852562766,0.28349371533497314,0.2095114601713577,0.42478432737848015,7.772538036916114,7.1481696483727575,8.282771585349083
eol_composition,monthly,fixed_total,5.0,test,tau_olds,35,648,13.881564545569692,13.866870842504902,0.19697975976626925,0.12786855475961367,0.35328875088833644,0.24346352346388822,0.1836308977793355,0.3079076790583113,7.772538036916114,7.1481696483727575,8.282771585349083
eol_composition,monthly,fixed_total,5.0,test,frac_fu_new,35,648,18.054858043440014,17.758760475435864,0.6023999438655281,0.4449857246733524,1.1050517557512518,0.6682260850453758,0.5368812570400117,0.9179670706680076,7.772538036916114,7.1481696483727575,8.282771585349083
eol_composition,monthly,fixed_total,5.0,test,frac_fu_out,35,648,1.8673655196342513,1.8433077763991816,0.6023999438655281,0.4449857246733524,1.1050517557512518,0.6682260850453758,0.5368812570400117,0.9179670706680076,7.772538036916114,7.1481696483727575,8.282771585349083
eol_composition,monthly,fixed_total,5.0,test,frac_eu_new,35,648,22.521416004705365,22.250190398082825,0.6855732404970949,0.45903498495615813,1.0543309284845537,0.7499607669122998,0.6221010052642972,0.8920809539986863,7.772538036916114,7.1481696483727575,8.282771585349083
eol_composition,monthly,fixed_total,5.0,test,frac_eu_into,35,648,1.5214996208131124,1.5142283942047217,0.6855732404970949,0.45903498495615813,1.0543309284845537,0.7499607669122998,0.6221010052642972,0.8920809539986863,7.772538036916114,7.1481696483727575,8.282771585349083
eol_composition,monthly,fixed_total,5.0,test,f_cohort_10yr,35,648,50.40387411173697,33.83117624656656,30.80122093286285,27.831827611389524,33.40686546274932,30.476640165937578,29.103586409450365,31.94053015228159,7.772538036916114,7.1481696483727575,8.282771585349083
eol_composition,monthly,fixed_total,5.0,test,f_cohort_20yr,35,648,37.74565903961782,27.032346370254636,28.814340938971085,26.4288026732008,31.159808393351813,28.75034941534546,27.38786041253347,29.939831294898266,7.772538036916114,7.1481696483727575,8.282771585349083
eol_composition,monthly,fixed_total,5.0,test,f_cohort_44yr,35,648,26.694178957225233,19.317594307200597,26.49045384693405,25.349232863455498,28.74861684957711,26.83993786617271,25.764154336683355,28.077074272978862,7.772538036916114,7.1481696483727575,8.282771585349083
all_stocks,annual,per_obs,1.0,test,alpha_cc,35,108,12.866123464424417,12.676245922152098,1.4691679180587336,1.2227254459944936,1.670631544772433,1.4493770691334729,1.337036321557683,1.564128361696665,24.402859497577587,22.893585633346746,27.07990131338342
all_stocks,annual,per_obs,1.0,test,alpha_refc,35,108,17.540400858583634,16.894446671516757,2.9186991206550883,2.4429610622168196,3.156802159139077,2.8730394867114732,2.6682888023672358,3.089731751584668,24.402859497577587,22.893585633346746,27.07990131338342
all_stocks,annual,per_obs,1.0,test,alpha_win,35,108,16.931061695567116,16.8715520161442,0.43265330036734717,0.3560326122114543,0.5477907371712831,0.4650730829246025,0.41142054989746213,0.5214133844975488,24.402859497577587,22.893585633346746,27.07990131338342
all_stocks,annual,per_obs,1.0,test,alpha_dr,35,108,16.74970470213306,16.45792976241997,1.5787595937658105,1.3517940346202961,1.7746627618384914,1.5720936788173823,1.4591320566229249,1.6872767797849408,24.402859497577587,22.893585633346746,27.07990131338342
all_stocks,annual,per_obs,1.0,test,tau_olds,35,108,13.881564545569692,13.753718186476108,1.0983051442707614,0.8724727871636029,1.4160630647563677,1.177094742727261,1.0452211126785738,1.3296604972693582,24.402859497577587,22.893585633346746,27.07990131338342
all_stocks,annual,per_obs,1.0,test,frac_fu_new,35,108,18.054858043440014,17.794887582178536,1.1310390609182819,0.8963848692048693,1.315547965021957,1.1335292899789158,1.0106439431705305,1.2516595840196043,24.402859497577587,22.893585633346746,27.07990131338342
all_stocks,annual,per_obs,1.0,test,frac_fu_out,35,108,1.8673655196342513,1.844894742955782,1.1310390609182819,0.8963848692048693,1.315547965021957,1.1335292899789158,1.0106439431705305,1.2516595840196043,24.402859497577587,22.893585633346746,27.07990131338342
all_stocks,annual,per_obs,1.0,test,frac_eu_new,35,108,22.521416004705365,22.376804939816893,0.6923245643554843,0.5246097478318557,0.882594532990516,0.7253842953295925,0.6358489179628946,0.8228714287423833,24.402859497577587,22.893585633346746,27.07990131338342
all_stocks,annual,per_obs,1.0,test,frac_eu_into,35,108,1.5214996208131124,1.5149595779413785,0.6923245643554843,0.5246097478318557,0.882594532990516,0.7253842953295925,0.6358489179628946,0.8228714287423833,24.402859497577587,22.893585633346746,27.07990131338342
all_stocks,annual,per_obs,1.0,test,f_cohort_10yr,35,108,50.40387411173697,45.295190467467386,10.149918172283956,7.629384307814025,14.476896535968415,10.689290577362515,9.126780282316599,12.19994418551531,24.402859497577587,22.893585633346746,27.07990131338342
all_stocks,annual,per_obs,1.0,test,f_cohort_20yr,35,108,37.74565903961782,34.89313989954366,5.175706516257616,2.6750514087687085,8.483046946179584,5.768786465705993,4.442500720801562,6.992759071134325,24.402859497577587,22.893585633346746,27.07990131338342
all_stocks,annual,per_obs,1.0,test,f_cohort_44yr,35,108,26.694178957225233,22.982168811785236,13.612395605981732,11.868661954896565,16.353316903918838,13.797869085018412,12.78181119745393,14.939679860436211,24.402859497577587,22.893585633346746,27.07990131338342
all_stocks,annual,fixed_total,1.0,test,alpha_cc,35,108,12.866123464424417,12.676245922152098,1.4691679180587336,1.2227254459944936,1.670631544772433,1.4493770691334729,1.337036321557683,1.564128361696665,24.402859497577587,22.893585633346746,27.07990131338342
all_stocks,annual,fixed_total,1.0,test,alpha_refc,35,108,17.540400858583634,16.894446671516757,2.9186991206550883,2.4429610622168196,3.156802159139077,2.8730394867114732,2.6682888023672358,3.089731751584668,24.402859497577587,22.893585633346746,27.07990131338342
all_stocks,annual,fixed_total,1.0,test,alpha_win,35,108,16.931061695567116,16.8715520161442,0.43265330036734717,0.3560326122114543,0.5477907371712831,0.4650730829246025,0.41142054989746213,0.5214133844975488,24.402859497577587,22.893585633346746,27.07990131338342
all_stocks,annual,fixed_total,1.0,test,alpha_dr,35,108,16.74970470213306,16.45792976241997,1.5787595937658105,1.3517940346202961,1.7746627618384914,1.5720936788173823,1.4591320566229249,1.6872767797849408,24.402859497577587,22.893585633346746,27.07990131338342
all_stocks,annual,fixed_total,1.0,test,tau_olds,35,108,13.881564545569692,13.753718186476108,1.0983051442707614,0.8724727871636029,1.4160630647563677,1.177094742727261,1.0452211126785738,1.3296604972693582,24.402859497577587,22.893585633346746,27.07990131338342
all_stocks,annual,fixed_total,1.0,test,frac_fu_new,35,108,18.054858043440014,17.794887582178536,1.1310390609182819,0.8963848692048693,1.315547965021957,1.1335292899789158,1.0106439431705305,1.2516595840196043,24.402859497577587,22.893585633346746,27.07990131338342
all_stocks,annual,fixed_total,1.0,test,frac_fu_out,35,108,1.8673655196342513,1.844894742955782,1.1310390609182819,0.8963848692048693,1.315547965021957,1.1335292899789158,1.0106439431705305,1.2516595840196043,24.402859497577587,22.893585633346746,27.07990131338342
all_stocks,annual,fixed_total,1.0,test,frac_eu_new,35,108,22.521416004705365,22.376804939816893,0.6923245643554843,0.5246097478318557,0.882594532990516,0.7253842953295925,0.6358489179628946,0.8228714287423833,24.402859497577587,22.893585633346746,27.07990131338342
all_stocks,annual,fixed_total,1.0,test,frac_eu_into,35,108,1.5214996208131124,1.5149595779413785,0.6923245643554843,0.5246097478318557,0.882594532990516,0.7253842953295925,0.6358489179628946,0.8228714287423833,24.402859497577587,22.893585633346746,27.07990131338342
all_stocks,annual,fixed_total,1.0,test,f_cohort_10yr,35,108,50.40387411173697,45.295190467467386,10.149918172283956,7.629384307814025,14.476896535968415,10.689290577362515,9.126780282316599,12.19994418551531,24.402859497577587,22.893585633346746,27.07990131338342
all_stocks,annual,fixed_total,1.0,test,f_cohort_20yr,35,108,37.74565903961782,34.89313989954366,5.175706516257616,2.6750514087687085,8.483046946179584,5.768786465705993,4.442500720801562,6.992759071134325,24.402859497577587,22.893585633346746,27.07990131338342
all_stocks,annual,fixed_total,1.0,test,f_cohort_44yr,35,108,26.694178957225233,22.982168811785236,13.612395605981732,11.868661954896565,16.353316903918838,13.797869085018412,12.78181119745393,14.939679860436211,24.402859497577587,22.893585633346746,27.07990131338342
all_stocks,quarterly,per_obs,1.0,test,alpha_cc,35,432,12.866123464424417,12.356949113643863,3.9276313834199827,3.3103581993236375,4.27620217719239,3.9012135018551772,3.614823458658406,4.138672658814935,62.97968436485433,60.7002442131307,69.91147527604929
all_stocks,quarterly,per_obs,1.0,test,alpha_refc,35,432,17.540400858583634,16.313376276026826,5.985839968277428,5.479602984129967,6.957792703239402,6.205201545387473,5.805728322720594,6.5984570221833465,62.97968436485433,60.7002442131307,69.91147527604929
all_stocks,quarterly,per_obs,1.0,test,alpha_win,35,432,16.931061695567116,16.772414193787405,1.1774632845189092,0.93183138336424,1.4849917279466052,1.2190505939410623,1.0873025341601061,1.3785581150807025,62.97968436485433,60.7002442131307,69.91147527604929
all_stocks,quarterly,per_obs,1.0,test,alpha_dr,35,432,16.74970470213306,15.958818020619018,3.9171120143120297,3.539251787026254,4.238471216075263,3.923923955477124,3.6885611483493452,4.169046156868699,62.97968436485433,60.7002442131307,69.91147527604929
all_stocks,quarterly,per_obs,1.0,test,tau_olds,35,432,13.881564545569692,13.550489412289718,2.674744605107482,2.2800537708309365,3.346114584805587,2.7775535737760175,2.526176370358968,3.0119954293220506,62.97968436485433,60.7002442131307,69.91147527604929
all_stocks,quarterly,per_obs,1.0,test,frac_fu_new,35,432,18.054858043440014,17.53559926752412,2.1414166967377413,1.793405963595085,2.5144534603610325,2.212827437421344,2.0016253270588424,2.455706434247551,62.97968436485433,60.7002442131307,69.91147527604929
all_stocks,quarterly,per_obs,1.0,test,frac_fu_out,35,432,1.8673655196342513,1.8266444576376317,2.1414166967377413,1.793405963595085,2.5144534603610325,2.212827437421344,2.0016253270588424,2.455706434247551,62.97968436485433,60.7002442131307,69.91147527604929
all_stocks,quarterly,per_obs,1.0,test,frac_eu_new,35,432,22.521416004705365,22.204192735564696,1.4207531312204313,1.1283722452800904,1.6723939418236022,1.4118743287355073,1.2669752200321849,1.5578017312143477,62.97968436485433,60.7002442131307,69.91147527604929
all_stocks,quarterly,per_obs,1.0,test,frac_eu_into,35,432,1.5214996208131124,1.4999434729591952,1.4207531312204313,1.1283722452800904,1.6723939418236022,1.4118743287355073,1.2669752200321849,1.5578017312143477,62.97968436485433,60.7002442131307,69.91147527604929
all_stocks,quarterly,per_obs,1.0,test,f_cohort_10yr,35,432,50.40387411173697,44.11671681597521,13.981252902556008,9.913853228288522,17.957092216154162,13.659920937802926,11.826882883924771,15.36636175895325,62.97968436485433,60.7002442131307,69.91147527604929
all_stocks,quarterly,per_obs,1.0,test,f_cohort_20yr,35,432,37.74565903961782,33.95121245087604,7.434606422813461,4.172725323229864,11.42455350382251,8.011853578838249,6.43886186045367,9.70962913602198,62.97968436485433,60.7002442131307,69.91147527604929
all_stocks,quarterly,per_obs,1.0,test,f_cohort_44yr,35,432,26.694178957225233,21.65959674655778,18.080646555616696,15.402873676221269,20.82138818288157,18.050896445839776,16.74892824490677,19.242681644364335,62.97968436485433,60.7002442131307,69.91147527604929
all_stocks,quarterly,fixed_total,1.0,test,alpha_cc,35,432,12.866123464424417,12.669515321482505,1.5269878331942932,1.269329822062254,1.662138576164801,1.5041630053933497,1.3868909747651703,1.6211979748924077,23.87229006596779,22.59726131782166,26.775404885297
all_stocks,quarterly,fixed_total,1.0,test,alpha_refc,35,432,17.540400858583634,16.98756726063076,2.5278035612163907,2.206138856670398,2.867535937784921,2.573700404813628,2.4146043675285167,2.7442936509182614,23.87229006596779,22.59726131782166,26.775404885297
all_stocks,quarterly,fixed_total,1.0,test,alpha_win,35,432,16.931061695567116,16.8665293430786,0.48603096387129785,0.3985806904815703,0.6287468591894441,0.5154084194653547,0.4593854570698441,0.5896175139087967,23.87229006596779,22.59726131782166,26.775404885297
all_stocks,quarterly,fixed_total,1.0,test,alpha_dr,35,432,16.74970470213306,16.353251626275952,1.6503145177429568,1.4871559244882093,1.9023417296661127,1.6806876264461619,1.5604199327477697,1.804387064079449,23.87229006596779,22.59726131782166,26.775404885297
all_stocks,quarterly,fixed_total,1.0,test,tau_olds,35,432,13.881564545569692,13.756793928177666,1.137919132578391,0.8446177109247222,1.4107312386228865,1.1626848904516762,1.0430562869908955,1.3220544995586059,23.87229006596779,22.59726131782166,26.775404885297
all_stocks,quarterly,fixed_total,1.0,test,frac_fu_new,35,432,18.054858043440014,17.79193401363455,1.044945478871817,0.8241896190264331,1.3346905879865367,1.072068723832531,0.9552690899831295,1.2046338016998503,23.87229006596779,22.59726131782166,26.775404885297
all_stocks,quarterly,fixed_total,1.0,test,frac_fu_out,35,432,1.8673655196342513,1.8463149956352907,1.044945478871817,0.8241896190264331,1.3346905879865367,1.072068723832531,0.9552690899831295,1.2046338016998503,23.87229006596779,22.59726131782166,26.775404885297
all_stocks,quarterly,fixed_total,1.0,test,frac_eu_new,35,432,22.521416004705365,22.393083424069598,0.6901585441438929,0.5001756342599972,0.8269387534055039,0.6910834261328852,0.6057339442478493,0.7733609225787808,23.87229006596779,22.59726131782166,26.775404885297
all_stocks,quarterly,fixed_total,1.0,test,frac_eu_into,35,432,1.5214996208131124,1.5148006591030616,0.6901585441438929,0.5001756342599972,0.8269387534055039,0.6910834261328852,0.6057339442478493,0.7733609225787808,23.87229006596779,22.59726131782166,26.775404885297
all_stocks,quarterly,fixed_total,1.0,test,f_cohort_10yr,35,432,50.40387411173697,45.51963464933948,9.690206454309337,7.399455024808854,13.863650046091614,10.262425992479468,8.714005654751878,11.651290881405764,23.87229006596779,22.59726131782166,26.775404885297
all_stocks,quarterly,fixed_total,1.0,test,f_cohort_20yr,35,432,37.74565903961782,35.072766015434105,4.84705871145461,2.687225026485879,8.047395477430076,5.526293263534302,4.327881989667248,6.705436063590447,23.87229006596779,22.59726131782166,26.775404885297
all_stocks,quarterly,fixed_total,1.0,test,f_cohort_44yr,35,432,26.694178957225233,23.215743818394806,12.697701213054668,11.318148355097929,15.5837269882053,13.14155876666048,12.18640542650239,14.213418526658444,23.87229006596779,22.59726131782166,26.775404885297
all_stocks,monthly,per_obs,1.0,test,alpha_cc,35,1296,12.866123464424417,12.006187760977218,6.724684313819829,5.803892617923956,7.312698350745506,6.639621123577891,6.2427468929695085,7.064462736795907,117.38348397267328,113.68033904077765,128.18575198463532
all_stocks,monthly,per_obs,1.0,test,alpha_refc,35,1296,17.540400858583634,15.665546394555545,9.64990025508209,8.760806602634974,10.88832139721896,9.87143672222455,9.33713058124167,10.455454838921568,117.38348397267328,113.68033904077765,128.18575198463532
all_stocks,monthly,per_obs,1.0,test,alpha_win,35,1296,16.931061695567116,16.686065019877454,1.9274887568411891,1.4914471331831936,2.4127112579049204,2.004339527231366,1.7910367320856824,2.2574000053201315,117.38348397267328,113.68033904077765,128.18575198463532
all_stocks,monthly,per_obs,1.0,test,alpha_dr,35,1296,16.74970470213306,15.622101326716216,6.120937780632629,5.631278744698176,6.948598793839738,6.161713992125842,5.842651106566477,6.535527625317478,117.38348397267328,113.68033904077765,128.18575198463532
all_stocks,monthly,per_obs,1.0,test,tau_olds,35,1296,13.881564545569692,13.27028597203381,4.772673832289264,4.112022897833755,5.486198281928156,4.782189078006882,4.431322977258823,5.139753152211279,117.38348397267328,113.68033904077765,128.18575198463532
all_stocks,monthly,per_obs,1.0,test,frac_fu_new,35,1296,18.054858043440014,17.336252894001973,3.2078389786480033,2.698576079419235,3.8299663967959976,3.290023996508509,2.983932471740014,3.650044175486972,117.38348397267328,113.68033904077765,128.18575198463532
all_stocks,monthly,per_obs,1.0,test,frac_fu_out,35,1296,1.8673655196342513,1.8065019865236098,3.2078389786480033,2.698576079419235,3.8299663967959976,3.290023996508509,2.983932471740014,3.650044175486972,117.38348397267328,113.68033904077765,128.18575198463532
all_stocks,monthly,per_obs,1.0,test,frac_eu_new,35,1296,22.521416004705365,22.024439818209846,2.065487205141947,1.7285019535107138,2.4892377056957846,2.120528349417877,1.931749076914141,2.313470298922049,117.38348397267328,113.68033904077765,128.18575198463532
all_stocks,monthly,per_obs,1.0,test,frac_eu_into,35,1296,1.5214996208131124,1.4904602795899553,2.065487205141947,1.7285019535107138,2.4892377056957846,2.120528349417877,1.931749076914141,2.313470298922049,117.38348397267328,113.68033904077765,128.18575198463532
all_stocks,monthly,per_obs,1.0,test,f_cohort_10yr,35,1296,50.40387411173697,43.25084361867812,16.426867343679707,11.87318836517921,20.420259397937848,15.99063492247748,13.897585468186758,17.945771416077438,117.38348397267328,113.68033904077765,128.18575198463532
all_stocks,monthly,per_obs,1.0,test,f_cohort_20yr,35,1296,37.74565903961782,33.09764515836757,9.222855927236795,5.774489924337511,14.135230318999392,9.965967022511126,8.232261453935163,12.019082580930629,117.38348397267328,113.68033904077765,128.18575198463532
all_stocks,monthly,per_obs,1.0,test,f_cohort_44yr,35,1296,26.694178957225233,20.678707294111152,21.66529664270611,18.077410452712854,24.166303759193184,21.279293321984383,19.897995013009073,22.728645321611207,117.38348397267328,113.68033904077765,128.18575198463532
all_stocks,monthly,fixed_total,1.0,test,alpha_cc,35,1296,12.866123464424417,12.67332478669341,1.4984985824526453,1.2546717755743175,1.6447032390001615,1.4841523191740786,1.369639192736849,1.5977675249596923,23.701985389967376,22.44395535043168,26.589902638370404
all_stocks,monthly,fixed_total,1.0,test,alpha_refc,35,1296,17.540400858583634,17.002193435771304,2.4259689039396903,2.138856896624258,2.77337944464941,2.4894247384710577,2.334876688312887,2.641434780492963,23.701985389967376,22.44395535043168,26.589902638370404
all_stocks,monthly,fixed_total,1.0,test,alpha_win,35,1296,16.931061695567116,16.869557346926904,0.4847203210707862,0.3932538458671142,0.6272984443030871,0.5071324242487657,0.4527881486473484,0.5823150839809776,23.701985389967376,22.44395535043168,26.589902638370404
all_stocks,monthly,fixed_total,1.0,test,alpha_dr,35,1296,16.74970470213306,16.357448103245552,1.6110562826038066,1.4416472270361635,1.8675729663612972,1.6403724747657638,1.5237818424229332,1.7583525006230671,23.701985389967376,22.44395535043168,26.589902638370404
all_stocks,monthly,fixed_total,1.0,test,tau_olds,35,1296,13.881564545569692,13.75884683791782,1.1243124824003692,0.8112087499775988,1.3889940202171713,1.135860797987348,1.0208626849473657,1.2893925975961062,23.701985389967376,22.44395535043168,26.589902638370404
all_stocks,monthly,fixed_total,1.0,test,frac_fu_new,35,1296,18.054858043440014,17.79524043812906,0.9993213649304167,0.8041522634263831,1.289366698613037,1.0300602004140846,0.9204218716851842,1.1638415541809166,23.701985389967376,22.44395535043168,26.589902638370404
all_stocks,monthly,fixed_total,1.0,test,frac_fu_out,35,1296,1.8673655196342513,1.8471974583744855,0.9993213649304167,0.8041522634263831,1.2893666986130314,1.0300602004140846,0.9204218716852064,1.1638415541809277,23.701985389967376,22.44395535043168,26.589902638370404
all_stocks,monthly,fixed_total,1.0,test,frac_eu_new,35,1296,22.521416004705365,22.397007851695832,0.6721522865162588,0.4868917126768846,0.794798404661623,0.664809801726779,0.5866474664187715,0.7437533006882546,23.701985389967376,22.44395535043168,26.589902638370404
all_stocks,monthly,fixed_total,1.0,test,frac_eu_into,35,1296,1.5214996208131124,1.5149318728111694,0.6721522865162588,0.4868917126768846,0.794798404661623,0.664809801726779,0.5866474664187715,0.7437533006882546,23.701985389967376,22.44395535043168,26.589902638370404
all_stocks,monthly,fixed_total,1.0,test,f_cohort_10yr,35,1296,50.40387411173697,45.572326569954214,9.585667028435196,7.320340105680051,13.694811502763176,10.130544579686763,8.609501530798902,11.541975906021552,23.701985389967376,22.44395535043168,26.589902638370404
all_stocks,monthly,fixed_total,1.0,test,f_cohort_20yr,35,1296,37.74565903961782,35.113942166681966,4.761433747003885,2.6618807067264827,7.927276216633883,5.455934120021839,4.263365836344818,6.60612174251996,23.701985389967376,22.44395535043168,26.589902638370404
all_stocks,monthly,fixed_total,1.0,test,f_cohort_44yr,35,1296,26.694178957225233,23.277177791430923,12.498792936729208,11.18298589469424,15.371173218801093,12.957327374323874,12.012653422189961,13.99553992860411,23.701985389967376,22.44395535043168,26.589902638370404
all_flows,annual,per_obs,1.0,test,alpha_cc,35,189,12.866123464424417,12.533021637690572,2.3538594170634974,2.0919256686133036,2.612845238381112,2.344745887040331,2.16908350814935,2.4911800468811807,42.39066358516585,39.74939617714041,47.38611712443743
all_flows,annual,per_obs,1.0,test,alpha_refc,35,189,17.540400858583634,17.083994996118253,1.9216012518760373,1.7693676915467804,2.274897938938519,1.9804320991828188,1.8447873507565327,2.1131591196465016,42.39066358516585,39.74939617714041,47.38611712443743
all_flows,annual,per_obs,1.0,test,alpha_win,35,189,16.931061695567116,14.952886500816573,12.145717892403084,11.080086217062991,13.104137489363332,12.142071366377827,11.539439796696888,12.755659583526903,42.39066358516585,39.74939617714041,47.38611712443743
all_flows,annual,per_obs,1.0,test,alpha_dr,35,189,16.74970470213306,15.898332386393728,4.513768351444369,3.8952405725008132,5.590430611799024,4.735359448988655,4.398143298971502,5.082910900890908,42.39066358516585,39.74939617714041,47.38611712443743
all_flows,annual,per_obs,1.0,test,tau_olds,35,189,13.881564545569692,13.051925912900998,6.866899924921055,6.245268958246314,7.681572512994089,6.9060952412435315,6.559340145757531,7.3026639465023635,42.39066358516585,39.74939617714041,47.38611712443743
all_flows,annual,per_obs,1.0,test,frac_fu_new,35,189,18.054858043440014,16.95326150192455,4.167165659095917,3.5974526743658366,4.5826601876637,4.183446680955977,3.8811997411098806,4.522928132113679,42.39066358516585,39.74939617714041,47.38611712443743
all_flows,annual,per_obs,1.0,test,frac_fu_out,35,189,1.8673655196342513,1.7749424068540907,4.167165659095917,3.5974526743658366,4.5826601876637,4.183446680955977,3.8811997411098806,4.522928132113679,42.39066358516585,39.74939617714041,47.38611712443743
all_flows,annual,per_obs,1.0,test,frac_eu_new,35,189,22.521416004705365,21.6229054186374,3.63329565245869,3.061781758425214,4.186325470662878,3.6495990413689006,3.406336574149199,3.9170311223861445,42.39066358516585,39.74939617714041,47.38611712443743
all_flows,annual,per_obs,1.0,test,frac_eu_into,35,189,1.5214996208131124,1.4762923364054663,3.63329565245869,3.061781758425214,4.186325470662878,3.6495990413689006,3.406336574149199,3.9170311223861445,42.39066358516585,39.74939617714041,47.38611712443743
all_flows,annual,per_obs,1.0,test,f_cohort_10yr,35,189,50.40387411173697,42.52890769089362,16.50292871608596,13.263888219582999,22.41604667042296,17.110827896072433,14.878245143478669,19.424931403915934,42.39066358516585,39.74939617714041,47.38611712443743
all_flows,annual,per_obs,1.0,test,f_cohort_20yr,35,189,37.74565903961782,32.552728880655046,9.618384374312017,4.875656489698688,15.573586459374944,10.782140512627997,8.188886541750994,13.49240019060426,42.39066358516585,39.74939617714041,47.38611712443743
all_flows,annual,per_obs,1.0,test,f_cohort_44yr,35,189,26.694178957225233,19.264790854644925,24.391862138064337,21.12501806500763,27.309999709566448,24.1994658875064,22.602169919787713,25.788184342340962,42.39066358516585,39.74939617714041,47.38611712443743
all_flows,annual,fixed_total,1.0,test,alpha_cc,35,189,12.866123464424417,12.533021637690572,2.3538594170634974,2.0919256686133036,2.612845238381112,2.344745887040331,2.16908350814935,2.4911800468811807,42.39066358516585,39.74939617714041,47.38611712443743
all_flows,annual,fixed_total,1.0,test,alpha_refc,35,189,17.540400858583634,17.083994996118253,1.9216012518760373,1.7693676915467804,2.274897938938519,1.9804320991828188,1.8447873507565327,2.1131591196465016,42.39066358516585,39.74939617714041,47.38611712443743
all_flows,annual,fixed_total,1.0,test,alpha_win,35,189,16.931061695567116,14.952886500816573,12.145717892403084,11.080086217062991,13.104137489363332,12.142071366377827,11.539439796696888,12.755659583526903,42.39066358516585,39.74939617714041,47.38611712443743
all_flows,annual,fixed_total,1.0,test,alpha_dr,35,189,16.74970470213306,15.898332386393728,4.513768351444369,3.8952405725008132,5.590430611799024,4.735359448988655,4.398143298971502,5.082910900890908,42.39066358516585,39.74939617714041,47.38611712443743
all_flows,annual,fixed_total,1.0,test,tau_olds,35,189,13.881564545569692,13.051925912900998,6.866899924921055,6.245268958246314,7.681572512994089,6.9060952412435315,6.559340145757531,7.3026639465023635,42.39066358516585,39.74939617714041,47.38611712443743
all_flows,annual,fixed_total,1.0,test,frac_fu_new,35,189,18.054858043440014,16.95326150192455,4.167165659095917,3.5974526743658366,4.5826601876637,4.183446680955977,3.8811997411098806,4.522928132113679,42.39066358516585,39.74939617714041,47.38611712443743
all_flows,annual,fixed_total,1.0,test,frac_fu_out,35,189,1.8673655196342513,1.7749424068540907,4.167165659095917,3.5974526743658366,4.5826601876637,4.183446680955977,3.8811997411098806,4.522928132113679,42.39066358516585,39.74939617714041,47.38611712443743
all_flows,annual,fixed_total,1.0,test,frac_eu_new,35,189,22.521416004705365,21.6229054186374,3.63329565245869,3.061781758425214,4.186325470662878,3.6495990413689006,3.406336574149199,3.9170311223861445,42.39066358516585,39.74939617714041,47.38611712443743
all_flows,annual,fixed_total,1.0,test,frac_eu_into,35,189,1.5214996208131124,1.4762923364054663,3.63329565245869,3.061781758425214,4.186325470662878,3.6495990413689006,3.406336574149199,3.9170311223861445,42.39066358516585,39.74939617714041,47.38611712443743
all_flows,annual,fixed_total,1.0,test,f_cohort_10yr,35,189,50.40387411173697,42.52890769089362,16.50292871608596,13.263888219582999,22.41604667042296,17.110827896072433,14.878245143478669,19.424931403915934,42.39066358516585,39.74939617714041,47.38611712443743
all_flows,annual,fixed_total,1.0,test,f_cohort_20yr,35,189,37.74565903961782,32.552728880655046,9.618384374312017,4.875656489698688,15.573586459374944,10.782140512627997,8.188886541750994,13.49240019060426,42.39066358516585,39.74939617714041,47.38611712443743
all_flows,annual,fixed_total,1.0,test,f_cohort_44yr,35,189,26.694178957225233,19.264790854644925,24.391862138064337,21.12501806500763,27.309999709566448,24.1994658875064,22.602169919787713,25.788184342340962,42.39066358516585,39.74939617714041,47.38611712443743
all_flows,quarterly,per_obs,1.0,test,alpha_cc,35,756,12.866123464424417,11.788224595438498,8.622558906257694,7.692116043170872,9.78753522399537,8.651297512440815,8.13522711246769,9.186905788169675,134.47766807207842,123.16516738431301,141.78977379527424
all_flows,quarterly,per_obs,1.0,test,alpha_refc,35,756,17.540400858583634,16.275392505273068,6.49585867007959,6.000367566120806,7.403644954231165,6.64036047535114,6.245887073861933,6.990341752055935,134.47766807207842,123.16516738431301,141.78977379527424
all_flows,quarterly,per_obs,1.0,test,alpha_win,35,756,16.931061695567116,13.367277234369652,21.44209265927064,20.838308506152497,24.125970226472056,22.203365672307413,21.235909123981124,23.345080271491515,134.47766807207842,123.16516738431301,141.78977379527424
all_flows,quarterly,per_obs,1.0,test,alpha_dr,35,756,16.74970470213306,14.646071201620718,12.117238450905266,11.212095392009502,13.511474453047445,12.246322476054642,11.606071134824315,12.934797792354614,134.47766807207842,123.16516738431301,141.78977379527424
all_flows,quarterly,per_obs,1.0,test,tau_olds,35,756,13.881564545569692,11.799762322233075,16.022327988397134,15.212347951519506,17.166285098951647,16.25498526352332,15.69411999349244,16.92326838129296,134.47766807207842,123.16516738431301,141.78977379527424
all_flows,quarterly,per_obs,1.0,test,frac_fu_new,35,756,18.054858043440014,16.019510374635622,8.651872918036375,7.537449821410974,9.153031186541778,8.631193491660373,8.137216079088915,9.060721661429117,134.47766807207842,123.16516738431301,141.78977379527424
all_flows,quarterly,per_obs,1.0,test,frac_fu_out,35,756,1.8673655196342513,1.7026067601542738,8.651872918036375,7.537449821410974,9.153031186541778,8.631193491660373,8.137216079088915,9.060721661429117,134.47766807207842,123.16516738431301,141.78977379527424
all_flows,quarterly,per_obs,1.0,test,frac_eu_new,35,756,22.521416004705365,20.89183855420683,6.897280050479226,5.963722247658709,7.695591373659999,6.859211043633481,6.459852653274156,7.318683869114018,134.47766807207842,123.16516738431301,141.78977379527424
all_flows,quarterly,per_obs,1.0,test,frac_eu_into,35,756,1.5214996208131124,1.4274868306456001,6.897280050479226,5.963722247658709,7.695591373659999,6.859211043633481,6.459852653274156,7.318683869114018,134.47766807207842,123.16516738431301,141.78977379527424
all_flows,quarterly,per_obs,1.0,test,f_cohort_10yr,35,756,50.40387411173697,39.706032106336,21.962527824880695,19.19270143999483,29.054049436792145,23.28009759010252,20.617208986046226,26.293434549779306,134.47766807207842,123.16516738431301,141.78977379527424
all_flows,quarterly,per_obs,1.0,test,f_cohort_20yr,35,756,37.74565903961782,30.940138265366375,13.99819003699152,9.106741136953577,22.249458775794082,16.244170656567626,13.02149893179403,20.180086637788442,134.47766807207842,123.16516738431301,141.78977379527424
all_flows,quarterly,per_obs,1.0,test,f_cohort_44yr,35,756,26.694178957225233,16.71607334516189,33.38524941897395,29.271698202972843,35.95523469459694,32.685538585365606,30.756753093046655,34.59963898170021,134.47766807207842,123.16516738431301,141.78977379527424
all_flows,quarterly,fixed_total,1.0,test,alpha_cc,35,756,12.866123464424417,12.292428077999206,4.051316909945002,3.632827482185447,4.759230710291673,4.215533529672963,3.9134919777494726,4.517082425624963,56.86167628812697,52.017710722952444,61.717662061438816
all_flows,quarterly,fixed_total,1.0,test,alpha_refc,35,756,17.540400858583634,16.921161912617126,2.9896569172506604,2.6970267277740434,3.466724016369105,3.0569308919753846,2.855253922628187,3.263826435514783,56.86167628812697,52.017710722952444,61.717662061438816
all_flows,quarterly,fixed_total,1.0,test,alpha_win,35,756,16.931061695567116,14.657811444151532,14.124901014701452,13.262602875112666,15.620599860414153,14.258862099003466,13.658627417961512,15.025254116414466,56.86167628812697,52.017710722952444,61.717662061438816
all_flows,quarterly,fixed_total,1.0,test,alpha_dr,35,756,16.74970470213306,15.642992648058403,5.522154903281972,5.128841252190586,6.576793074138193,5.825226053867105,5.42522968036,6.212374232884815,56.86167628812697,52.017710722952444,61.717662061438816
all_flows,quarterly,fixed_total,1.0,test,tau_olds,35,756,13.881564545569692,12.950480578951357,7.711506856755435,7.225382834295524,8.625471684595372,7.980801260643272,7.585457241985122,8.350323899703982,56.86167628812697,52.017710722952444,61.717662061438816
all_flows,quarterly,fixed_total,1.0,test,frac_fu_new,35,756,18.054858043440014,16.869017933555135,4.556899855553653,3.9965077914426606,4.993348111482798,4.578374438344857,4.265347455461438,4.920843689545801,56.86167628812697,52.017710722952444,61.717662061438816
all_flows,quarterly,fixed_total,1.0,test,frac_fu_out,35,756,1.8673655196342513,1.7691993984845555,4.556899855553653,3.9965077914426606,4.993348111482798,4.578374438344857,4.265347455461438,4.920843689545801,56.86167628812697,52.017710722952444,61.717662061438816
all_flows,quarterly,fixed_total,1.0,test,frac_eu_new,35,756,22.521416004705365,21.55139743667834,3.9866624829958397,3.283128687409198,4.5224888691828005,3.9718109185035626,3.704935222026612,4.274990383179055,56.86167628812697,52.017710722952444,61.717662061438816
all_flows,quarterly,fixed_total,1.0,test,frac_eu_into,35,756,1.5214996208131124,1.473306368737321,3.9866624829958397,3.283128687409198,4.5224888691828005,3.9718109185035626,3.704935222026612,4.274990383179055,56.86167628812697,52.017710722952444,61.717662061438816
all_flows,quarterly,fixed_total,1.0,test,f_cohort_10yr,35,756,50.40387411173697,42.19818985469204,16.98282194498907,13.80333778959441,22.977082093859835,17.710365790356693,15.436907105754067,19.897791129750495,56.86167628812697,52.017710722952444,61.717662061438816
all_flows,quarterly,fixed_total,1.0,test,f_cohort_20yr,35,756,37.74565903961782,32.396644680241586,10.137051367691763,5.376335551130956,16.03885093949978,11.339772984076898,8.773742991599281,14.098533197409292,56.86167628812697,52.017710722952444,61.717662061438816
all_flows,quarterly,fixed_total,1.0,test,f_cohort_44yr,35,756,26.694178957225233,19.143428740706447,25.11220198583769,21.52561085907217,27.915974124077707,24.720969153607427,23.100758730905838,26.35525214685542,56.86167628812697,52.017710722952444,61.717662061438816
all_flows,monthly,per_obs,1.0,test,alpha_cc,35,2268,12.866123464424417,11.174874201974962,13.305298428287227,11.721746904749198,14.761462742638765,13.317200065394438,12.522314273989066,14.052329865211382,235.77160167321927,219.7258499060199,247.78971811167867
all_flows,monthly,per_obs,1.0,test,alpha_refc,35,2268,17.540400858583634,15.517214490930963,10.922613701837792,10.251404884387473,12.238291287469204,11.176871104016728,10.655948770444095,11.630937383054274,235.77160167321927,219.7258499060199,247.78971811167867
all_flows,monthly,per_obs,1.0,test,alpha_win,35,2268,16.931061695567116,12.293276254689795,27.671537312378437,25.95683433935305,30.38872437555309,28.163147391311227,27.007816069409266,29.48163749357657,235.77160167321927,219.7258499060199,247.78971811167867
all_flows,monthly,per_obs,1.0,test,alpha_dr,35,2268,16.74970470213306,13.697318769096166,18.513999622443656,17.193749626381916,20.34067355353195,18.56551848972618,17.724085739626027,19.46778586135577,235.77160167321927,219.7258499060199,247.78971811167867
all_flows,monthly,per_obs,1.0,test,tau_olds,35,2268,13.881564545569692,10.674399434669322,23.721541258577506,22.48557643091172,24.944004511994002,23.76926970843745,23.08745047643463,24.475172855705452,235.77160167321927,219.7258499060199,247.78971811167867
all_flows,monthly,per_obs,1.0,test,frac_fu_new,35,2268,18.054858043440014,15.324856204473868,11.902903008676946,10.52092212953899,12.77178706433083,11.877957103582668,11.254540653780321,12.50638493774241,235.77160167321927,219.7258499060199,247.78971811167867
all_flows,monthly,per_obs,1.0,test,frac_fu_out,35,2268,1.8673655196342513,1.6332637538566672,11.902903008676946,10.52092212953899,12.77178706433083,11.877957103582668,11.254540653780321,12.50638493774241,235.77160167321927,219.7258499060199,247.78971811167867
all_flows,monthly,per_obs,1.0,test,frac_eu_new,35,2268,22.521416004705365,20.564460816247664,8.958223152359446,8.255059285828054,10.017693607307965,9.073017832876722,8.554165107425876,9.598254275360274,235.77160167321927,219.7258499060199,247.78971811167867
all_flows,monthly,per_obs,1.0,test,frac_eu_into,35,2268,1.5214996208131124,1.3809078804756438,8.958223152359446,8.255059285828054,10.017693607307965,9.07301783287673,8.554165107425876,9.598254275360274,235.77160167321927,219.7258499060199,247.78971811167867
all_flows,monthly,per_obs,1.0,test,f_cohort_10yr,35,2268,50.40387411173697,36.19486798887664,28.083110031341384,23.60539383551612,34.53851596052146,28.356057042549082,25.297925846307013,31.419797307114248,235.77160167321927,219.7258499060199,247.78971811167867
all_flows,monthly,per_obs,1.0,test,f_cohort_20yr,35,2268,37.74565903961782,28.444004904233086,17.864529761406068,12.743088186236307,27.9019532721403,20.644781600065844,16.99524826138538,25.22149090165791,235.77160167321927,219.7258499060199,247.78971811167867
all_flows,monthly,per_obs,1.0,test,f_cohort_44yr,35,2268,26.694178957225233,15.261467730243409,38.88503904549852,35.29857219545396,42.49045113949229,38.5290792850421,36.245861768780344,40.55964129629807,235.77160167321927,219.7258499060199,247.78971811167867
all_flows,monthly,fixed_total,1.0,test,alpha_cc,35,2268,12.866123464424417,12.27122875459346,4.301803267825388,3.791151182679026,4.978001003661243,4.400096900108561,4.089902068015089,4.712357699196323,58.197476013991036,53.25718968859837,63.03459889054375
all_flows,monthly,fixed_total,1.0,test,alpha_refc,35,2268,17.540400858583634,16.898492377376762,3.071564775157909,2.7955121054906162,3.608678059263454,3.174210389619647,2.9680201619450175,3.3975745839415428,58.197476013991036,53.25718968859837,63.03459889054375
all_flows,monthly,fixed_total,1.0,test,alpha_win,35,2268,16.931061695567116,14.644816846551148,14.207702394563903,13.38666994668144,15.736690857854096,14.373577588876202,13.766145871854452,15.147617633808093,58.197476013991036,53.25718968859837,63.03459889054375
all_flows,monthly,fixed_total,1.0,test,alpha_dr,35,2268,16.74970470213306,15.623320873491107,5.62359283738918,5.22988395145566,6.653057824476488,5.909343496147962,5.507265443232379,6.301234201080074,58.197476013991036,53.25718968859837,63.03459889054375
all_flows,monthly,fixed_total,1.0,test,tau_olds,35,2268,13.881564545569692,12.940983859922639,7.800123256112334,7.309868672674529,8.730362422766035,8.053783051721272,7.66853840030492,8.428703440446856,58.197476013991036,53.25718968859837,63.03459889054375
all_flows,monthly,fixed_total,1.0,test,frac_fu_new,35,2268,18.054858043440014,16.862451506381237,4.596128035114844,4.039818117556704,5.034911065144071,4.6117755854248035,4.3097982546626,4.948123028614775,58.197476013991036,53.25718968859837,63.03459889054375
all_flows,monthly,fixed_total,1.0,test,frac_fu_out,35,2268,1.8673655196342513,1.7687352027230892,4.596128035114844,4.039818117556704,5.03491106514406,4.611775585424807,4.3097982546626,4.948123028614775,58.197476013991036,53.25718968859837,63.03459889054375
all_flows,monthly,fixed_total,1.0,test,frac_eu_new,35,2268,22.521416004705365,21.54358791219429,4.00598281769029,3.3049265910859438,4.554897338219349,3.99593470839692,3.7294213529222744,4.303546742281411,58.197476013991036,53.25718968859837,63.03459889054375
all_flows,monthly,fixed_total,1.0,test,frac_eu_into,35,2268,1.5214996208131124,1.4730080150045464,4.00598281769029,3.3049265910859438,4.554897338219349,3.99593470839692,3.7294213529222744,4.303546742281411,58.197476013991036,53.25718968859837,63.03459889054375
all_flows,monthly,fixed_total,1.0,test,f_cohort_10yr,35,2268,50.40387411173697,42.166262001396014,17.027730627082928,13.85597429346041,23.036076354782193,17.75802622082426,15.491324283339159,19.94785212467663,58.197476013991036,53.25718968859837,63.03459889054375
all_flows,monthly,fixed_total,1.0,test,f_cohort_20yr,35,2268,37.74565903961782,32.38137465323979,10.192625812452983,5.42099950128585,16.075454313710203,11.38187613804718,8.821603266178741,14.163439644796703,58.197476013991036,53.25718968859837,63.03459889054375
all_flows,monthly,fixed_total,1.0,test,f_cohort_44yr,35,2268,26.694178957225233,19.13495123237497,25.15887324119561,21.564607501298532,27.972868775515654,24.76988914553445,23.15325672832152,26.39542585639905,58.197476013991036,53.25718968859837,63.03459889054375
