channel,f_per_yr,amplitude_nats,phase_rad,peak_to_trough_pct,harmonic_of_year,boxcar_gain,attenuation_median_pct,attenuation_rms_pct,covariance_median_pct,covariance_rms_pct,quadrature_median_pct,quadrature_rms_pct,total_median_pct,total_rms_pct
alpha_cc,0.35,0.05,0.0,10.517091807564771,False,0.8103319580097552,-0.9150539358716014,8.115101367680012,-0.08924996640714555,0.4246528685111217,0.4821470530585348,1.8563702866951415,-1.4424503685525947,7.225001690003263
alpha_refc,0.35,0.05,0.0,10.517091807564771,False,0.8103319580097552,-1.5024543871595797,5.889911717876584,-0.018559877706192385,0.205834757061929,0.32106215283573825,3.029819021344049,-1.446499694082204,6.140597195017095
alpha_win,0.35,0.05,0.0,10.517091807564771,False,0.8103319580097552,-2.4281668403158263,7.488385301542988,0.0017492900369564524,0.04119978569752103,0.06080802660133333,0.3029369521723835,-2.494912944147587,7.251732395902932
alpha_dr,0.35,0.05,0.0,10.517091807564771,False,0.8103319580097552,-3.053254077510892,6.475636281216834,-0.0008532698443253217,0.03974068494814187,0.06080802660131113,0.3029369521723835,-3.1367874598010714,6.2423076183769854
alpha_cc,0.35,0.05,1.5707963267948966,10.517091807564771,False,0.8103319580097552,-0.3131045364101137,6.662808229584671,-0.03998687740521811,0.27260070112375967,0.601204792813026,1.7398938550692744,1.0009352072638311,5.826373956077124
alpha_refc,0.35,0.05,1.5707963267948966,10.517091807564771,False,0.8103319580097552,-2.141538080159555,6.436897113300688,-0.052526007233810734,0.19510392766355356,0.2922906294265726,2.760763694921331,-2.3149030472910392,6.894180922073256
alpha_win,0.35,0.05,1.5707963267948966,10.517091807564771,False,0.8103319580097552,-2.2242368609729946,6.459884363840596,-0.002133874444287809,0.04439826219835297,0.004468277252578368,0.37123066330182475,-2.218245424355314,6.191631724583746
alpha_dr,0.35,0.05,1.5707963267948966,10.517091807564771,False,0.8103319580097552,-1.2160748255074072,5.790235967704294,-0.002087550356888457,0.04295641812377404,0.004468277252578368,0.37123066330182475,-1.2110796929192036,5.523136341787116
alpha_cc,0.35,0.05,3.141592653589793,10.517091807564771,False,0.8103319580097552,-0.0172295981211823,7.68425883152366,-0.006049959620113565,0.3814595772313245,0.6520450692371949,1.9310680544812886,0.0984107055045369,6.489156861702083
alpha_refc,0.35,0.05,3.141592653589793,10.517091807564771,False,0.8103319580097552,-1.3064671410318418,7.740541476190765,-0.056271943052155216,0.3291666873550092,0.40181401043259957,3.02359825491032,-1.8634286450034399,7.178504975207756
alpha_win,0.35,0.05,3.141592653589793,10.517091807564771,False,0.8103319580097552,-1.484109394086608,5.06957919804405,0.00015643736543946574,0.029356510996314533,-0.02625348528435545,0.2846598099331077,-1.6298533077372834,4.937263878945752
alpha_dr,0.35,0.05,3.141592653589793,10.517091807564771,False,0.8103319580097552,-2.040886268745401,4.762302912528482,4.614672937108821e-05,0.028281638188243363,-0.02625348528431104,0.2846598099331077,-2.215904137201985,4.626248613563866
alpha_cc,0.35,0.05,4.71238898038469,10.517091807564771,False,0.8103319580097552,-1.6601483607923462,9.008490239665235,-0.040603396872296305,0.5550257881682175,0.39219961388945457,2.0502477259698226,-1.6219454271216849,7.818077955791081
alpha_refc,0.35,0.05,4.71238898038469,10.517091807564771,False,0.8103319580097552,-3.097018552905184,7.313939835339367,-0.06462008805238062,0.3321478786886267,0.0921994690243011,3.279838464799578,-1.388376738296715,6.469753890715491
alpha_win,0.35,0.05,4.71238898038469,10.517091807564771,False,0.8103319580097552,-2.956354769502545,6.335828520549502,0.0016805223004734415,0.027869715767225856,-0.019746134352471856,0.20395791343850167,-3.10461987191053,6.217308032535018
alpha_dr,0.35,0.05,4.71238898038469,10.517091807564771,False,0.8103319580097552,-1.5895423915743612,5.600996734887587,-0.0012125157006215304,0.026147130996312384,-0.01974613435244965,0.20395791343850167,-1.9116112291853726,5.483683942680284
alpha_cc,0.35,0.1,0.0,22.140275816016985,False,0.8103319580097552,0.09276897760015501,10.400058217002805,-0.17785224965155555,0.5136797150518957,0.2755218764611378,2.6103980668513493,-0.48912256261061104,8.925242735990913
alpha_refc,0.35,0.1,0.0,22.140275816016985,False,0.8103319580097552,0.775924966167052,7.696037150451707,-0.027032711562025025,0.2562868840479071,0.06997809460751458,3.438428661778281,0.4359622605662139,7.225855909181611
alpha_win,0.35,0.1,0.0,22.140275816016985,False,0.8103319580097552,-2.543132858451802,10.486315767493814,-0.0007408385493290481,0.05485982719031224,0.05071223488497534,0.43000640859081063,-2.164643012602918,10.116294994376096
alpha_dr,0.35,0.1,0.0,22.140275816016985,False,0.8103319580097552,-0.39423662932212,9.475141964465884,-0.00019780231051980124,0.052918609229934965,0.05071223488497534,0.43000640859081063,-0.3117855121991475,9.109892712546387
alpha_cc,0.35,0.1,1.5707963267948966,22.140275816016985,False,0.8103319580097552,-1.233728489390029,8.040033902660149,-0.08461670575997671,0.25133987728886975,0.7197605168025367,2.440312461439853,0.618469390590981,6.575562827118442
alpha_refc,0.35,0.1,1.5707963267948966,22.140275816016985,False,0.8103319580097552,-3.30887518362466,8.586823063981575,-0.06476291295931524,0.22004914543434229,0.8548216807767295,2.939540330967594,-2.2213748679045686,8.526320847020319
alpha_win,0.35,0.1,1.5707963267948966,22.140275816016985,False,0.8103319580097552,-1.3130051478213889,8.983688845780824,0.001830059104035442,0.06162179912290178,-0.052600568795058145,0.5353325563751898,-1.4002524696571372,8.556511618762919
alpha_dr,0.35,0.1,1.5707963267948966,22.140275816016985,False,0.8103319580097552,-0.04492716914574757,8.537061909368472,0.0029320510773533925,0.06012690035468449,-0.05260056879508035,0.535332556375212,0.05692366154181894,8.11759165019279
alpha_cc,0.35,0.1,3.141592653589793,22.140275816016985,False,0.8103319580097552,-0.3412668649113715,9.700055486998703,-0.03968621867530553,0.39887339459763194,-0.029986387922098512,2.701153051937233,0.5547378864687591,7.692182177971518
alpha_refc,0.35,0.1,3.141592653589793,22.140275816016985,False,0.8103319580097552,-1.2529516756473957,10.551133570621364,-0.10623674255276772,0.4495728348772099,0.46202024767754146,3.4245303830713336,-1.8775059311319842,8.97465276582825
alpha_win,0.35,0.1,3.141592653589793,22.140275816016985,False,0.8103319580097552,-2.1572313275087462,6.860793014570432,0.001630454656931235,0.03911687275190978,-0.08559432668713285,0.40747487774939195,-2.2373717110992453,6.633215519517011
alpha_dr,0.35,0.1,3.141592653589793,22.140275816016985,False,0.8103319580097552,-2.0826766637480842,7.0551171304090055,0.0017550532749766035,0.03883288796389106,-0.08559432668715505,0.40747487774939195,-2.139853261126412,6.821595265797242
alpha_cc,0.35,0.1,4.71238898038469,22.140275816016985,False,0.8103319580097552,-2.046943930145384,11.832482433705028,-0.08144406745216326,0.7662370207637936,0.021822221474865344,2.894947934019032,-1.757295840078743,9.928531894034109
alpha_refc,0.35,0.1,4.71238898038469,22.140275816016985,False,0.8103319580097552,-0.7376729580412245,9.913203838817708,-0.14758466194151332,0.4587460168039348,0.21319185999169044,3.89043705118044,-3.3592904471834273,7.790864926712193
alpha_win,0.35,0.1,4.71238898038469,22.140275816016985,False,0.8103319580097552,-3.3562536415131072,8.775602061193833,0.002009583094420009,0.03872499321406764,-0.02007648241957316,0.30118869008204374,-3.0130265737576933,8.572509483300706
alpha_dr,0.35,0.1,4.71238898038469,22.140275816016985,False,0.8103319580097552,-0.0025052740640463256,8.24643022054845,0.0006223742089916939,0.035925364383748715,-0.020076482419595365,0.30118869008204374,-0.2507025138791863,8.038524265467872
alpha_cc,0.35,0.2,0.0,49.182469764127035,False,0.8103319580097552,1.4754335690050802,16.758330012091484,-0.5307725633894922,0.9430799427020853,-1.4960555274708187,4.604420235028139,-1.022688827633822,13.562184600646399
alpha_refc,0.35,0.2,0.0,49.182469764127035,False,0.8103319580097552,0.007087381387238523,13.787125686559776,-0.061337654520132734,0.5900823675819566,-0.2670842715072119,4.765313141657912,2.59683423966397,11.260340754993802
alpha_win,0.35,0.2,0.0,49.182469764127035,False,0.8103319580097552,-2.811581841675248,17.537599150961512,-0.006155351599290704,0.09714614015605694,-0.033341527390395864,0.7416593004440974,-2.2931827855733222,16.853728211365237
alpha_dr,0.35,0.2,0.0,49.182469764127035,False,0.8103319580097552,0.7392672490155849,16.555762428683618,-0.0030181489379721427,0.09346657831514893,-0.03334152739037366,0.7416593004441197,0.47319349670464916,15.881873998327745
alpha_cc,0.35,0.2,1.5707963267948966,49.182469764127035,False,0.8103319580097552,-2.1108514778941156,13.763885159872835,-0.4115479425080171,0.6018945521006014,0.14701122262215094,4.372464600850012,-1.9308524885531475,10.505153755643338
alpha_refc,0.35,0.2,1.5707963267948966,49.182469764127035,False,0.8103319580097552,-2.3962021484668194,15.008166442796455,-0.20300035505120828,0.5084477772122398,0.03712533437647547,3.9489534915106317,-1.9182389164652092,13.16503928554833
alpha_win,0.35,0.2,1.5707963267948966,49.182469764127035,False,0.8103319580097552,-2.282750200177719,15.707295061883887,0.027581883078631186,0.1102644206993908,-0.19531678141188058,0.8961982868814777,-2.7114612739333355,14.936767673789685
alpha_dr,0.35,0.2,1.5707963267948966,49.182469764127035,False,0.8103319580097552,-1.5619062283728002,15.506802628808636,0.031580709538192586,0.10950974718142437,-0.19531678141188058,0.8961982868814777,-0.9735502000021601,14.75453359455392
alpha_cc,0.35,0.2,3.141592653589793,49.182469764127035,False,0.8103319580097552,1.1877806649401412,15.807318684478645,-0.38323776520826636,0.6320797232778785,0.303563186689626,4.63139200455529,-2.5346427465031574,11.88792420156446
alpha_refc,0.35,0.2,3.141592653589793,49.182469764127035,False,0.8103319580097552,-1.4003155256543276,17.422391945927185,-0.41189136374992774,0.8096622691540212,1.2928291139148174,4.72715711227103,-1.4768521765525788,13.708052030087181
alpha_win,0.35,0.2,3.141592653589793,49.182469764127035,False,0.8103319580097552,-3.912940414859367,13.031257073524461,0.02316552396139926,0.08927847559387914,-0.1825625668086861,0.730442433102052,-3.1962529810946716,12.513200092039867
alpha_dr,0.35,0.2,3.141592653589793,49.182469764127035,False,0.8103319580097552,-1.0275456882473333,13.642916310144093,0.029410148114417112,0.09080638992544632,-0.1825625668086861,0.730442433102052,-0.26318530032766185,13.122130122201359
alpha_cc,0.35,0.2,4.71238898038469,49.182469764127035,False,0.8103319580097552,-2.940662451360354,18.711097462779925,-0.42256341187529856,1.3626396899760973,1.3256001448115562,4.9480522081670975,-0.2011527676755942,15.058789335895838
alpha_refc,0.35,0.2,4.71238898038469,49.182469764127035,False,0.8103319580097552,0.3182504546905385,16.594498389879075,-0.3750934797762673,0.8460747052584816,0.38240037368804103,5.507720347427991,-2.5515837876894487,12.01107691931005
alpha_win,0.35,0.2,4.71238898038469,49.182469764127035,False,0.8103319580097552,-4.284562211804943,15.331970788260453,0.014370739202607119,0.09128176774562125,-0.15584719817001158,0.6205141641560274,-4.695367522441185,14.844406658064146
alpha_dr,0.35,0.2,4.71238898038469,49.182469764127035,False,0.8103319580097552,1.050497429060937,15.041639403831386,0.017132491509830317,0.08585736331481186,-0.15584719817003378,0.6205141641560274,1.4223712663437915,14.546886784585134
alpha_cc,0.35,0.4,0.0,122.55409284924679,False,0.8103319580097552,2.6910036392034264,32.65914184272152,-1.9819780657162278,2.7967135682678057,-2.9559432699830746,9.261668098206922,-5.122034948034249,25.101580920723876
alpha_refc,0.35,0.4,0.0,122.55409284924679,False,0.8103319580097552,-1.271650984303574,29.335187083483017,-0.4892787310454616,1.9206887668514083,-3.172728853241802,8.41221588867409,2.439117641329558,22.19066487416439
alpha_win,0.35,0.4,0.0,122.55409284924679,False,0.8103319580097552,1.681481754206815,33.95064884412851,0.02696471656524757,0.26746350818966924,-0.18313778321406016,1.446765591331589,2.6352514854181663,32.46578907050408
alpha_dr,0.35,0.4,0.0,122.55409284924679,False,0.8103319580097552,1.5839093209948585,32.97356821820221,0.006507877258843386,0.25992531740381963,-0.18313778321406016,1.446765591331589,2.5367805463231585,31.511294067017026
alpha_cc,0.35,0.4,1.5707963267948966,122.55409284924679,False,0.8103319580097552,-2.631310639335571,29.43060004931155,-1.5918668417315929,2.2496875449276033,-1.6089837842716226,8.829175723596716,-7.21674932778531,21.946053642625095
alpha_refc,0.35,0.4,1.5707963267948966,122.55409284924679,False,0.8103319580097552,-0.2729580929715536,31.16710275155925,-1.026225449814533,1.7973352606533322,-0.9333861287699308,7.046765996336757,-0.39290790875398107,24.97837856330094
alpha_win,0.35,0.4,1.5707963267948966,122.55409284924679,False,0.8103319580097552,-7.6586046610468745,32.06730857183642,0.10811492120827992,0.28757061619921753,-0.30374911547510486,1.6988135121480008,-6.985652859364366,30.441290020897192
alpha_dr,0.35,0.4,1.5707963267948966,122.55409284924679,False,0.8103319580097552,-2.7773623350438204,32.09647173765162,0.1200324286822152,0.289834338191719,-0.30374911547506045,1.698813512148023,-1.443089513034046,30.502028750233666
alpha_cc,0.35,0.4,3.141592653589793,122.55409284924679,False,0.8103319580097552,-0.13935227337172895,31.428386623397554,-1.6105628415591489,2.1490033833336364,0.6957273967078237,8.942343470996095,-5.365487098550847,23.228994492017897
alpha_refc,0.35,0.4,3.141592653589793,122.55409284924679,False,0.8103319580097552,-5.027754964316921,33.68048521766642,-1.3000775496714634,2.1323181457446605,1.9065425900336441,8.267553932837224,-6.484933657097947,25.338720150911943
alpha_win,0.35,0.4,3.141592653589793,122.55409284924679,False,0.8103319580097552,-1.734706956544818,28.540893118200785,0.10622910245543515,0.2811464323364321,-0.44551601407477603,1.4953881226762666,-0.40316437316421094,27.245092058711485
alpha_dr,0.35,0.4,3.141592653589793,122.55409284924679,False,0.8103319580097552,-0.5349364354353847,29.501571361196135,0.11034767246600463,0.2863001674973775,-0.44551601407475383,1.4953881226762666,0.8256857148595032,28.205568366403778
alpha_cc,0.35,0.4,4.71238898038469,122.55409284924679,False,0.8103319580097552,-0.9976607431673168,34.99714928626854,-1.7928859962986876,3.3850421811344678,0.4470629646595725,9.60670370764387,1.07340599883754,27.196652054447124
alpha_refc,0.35,0.4,4.71238898038469,122.55409284924679,False,0.8103319580097552,-1.5948744420170913,32.558807097490195,-1.054786685288589,2.235231996207765,-1.1095399533028405,9.627608606239946,-4.495673313478655,22.893467049609264
alpha_win,0.35,0.4,4.71238898038469,122.55409284924679,False,0.8103319580097552,-2.2618339201221915,31.070440140140953,0.06548385032085768,0.28663836842002244,-0.11475247991367121,1.3591859389140204,-3.021908411143015,29.796728723517994
alpha_dr,0.35,0.4,4.71238898038469,122.55409284924679,False,0.8103319580097552,-0.2706692335354366,31.006613967404807,0.09200634652437589,0.27568437891623,-0.11475247991364901,1.3591859389140204,0.9246567817450257,29.730200729553815
alpha_cc,0.65,0.05,0.0,10.517091807564771,False,0.4363325927744836,-1.6912893970571385,6.880097067675761,-0.029245650676001933,0.48529346777381743,0.6772312749362186,2.181555032426341,-0.1783372131487715,5.990619567336952
alpha_refc,0.65,0.05,0.0,10.517091807564771,False,0.4363325927744836,-2.6176893809697233,7.483012368893349,-0.05258615895481489,0.3659962148733431,0.18587027641121523,3.153501737522002,-2.1726719267683103,7.507039279391403
alpha_win,0.65,0.05,0.0,10.517091807564771,False,0.4363325927744836,-2.5282169387901177,6.578921515732117,-0.0013511505438934535,0.027214239288664288,-0.06550104401135126,0.24434134252708795,-2.2706723705215204,6.438857260929787
alpha_dr,0.65,0.05,0.0,10.517091807564771,False,0.4363325927744836,-1.8066538984484959,6.152465278087149,-0.0020368462875119953,0.027142434156868234,-0.06550104401132906,0.24434134252708795,-2.022343637704971,6.005544268238472
alpha_cc,0.65,0.05,1.5707963267948966,10.517091807564771,False,0.4363325927744836,0.8977239651922542,8.168242117538881,-0.020919111340533814,0.27309209533741274,0.6880643932447139,2.677971584089689,-0.5443341843399119,6.578644494463326
alpha_refc,0.65,0.05,1.5707963267948966,10.517091807564771,False,0.4363325927744836,-1.8724969660158797,6.184398738603236,-0.037547628506406916,0.25128248127808117,0.38627152780927876,2.8640497044917446,-0.9184502158097962,6.301467716387377
alpha_win,0.65,0.05,1.5707963267948966,10.517091807564771,False,0.4363325927744836,-1.2662582652575693,8.284526520792944,4.020487867073541e-05,0.03990711019883353,-0.033163701659433276,0.36529253430679365,-1.2034719570893526,8.103516082877071
alpha_dr,0.65,0.05,1.5707963267948966,10.517091807564771,False,0.4363325927744836,-0.5166072042910197,7.313557393058789,-0.000733202049119086,0.039475531683685894,-0.033163701659433276,0.36529253430681585,-1.4932060668787495,7.1231717129843775
alpha_cc,0.65,0.05,3.141592653589793,10.517091807564771,False,0.4363325927744836,-0.588930490151951,9.871343378083196,-0.07640949782072859,0.3505640059145998,0.5570160620630649,2.9139169709861745,-1.570918863870041,7.585819676035288
alpha_refc,0.65,0.05,3.141592653589793,10.517091807564771,False,0.4363325927744836,-2.2590257171334005,7.5534056845331765,-0.020557548694799532,0.15122527445663447,0.2789545203974564,3.411479951105245,-2.056472699973666,6.64015850941877
alpha_win,0.65,0.05,3.141592653589793,10.517091807564771,False,0.4363325927744836,-3.678215969444265,7.536499680179332,0.004193518378370342,0.04845728134521554,0.014022668020796658,0.3396700445189582,-3.1956630694102484,7.397909242020972
alpha_dr,0.65,0.05,3.141592653589793,10.517091807564771,False,0.4363325927744836,-1.8706932991043201,6.724466001229756,-0.0002798058518327373,0.04624777112101075,0.014022668020796658,0.3396700445189582,-1.7466524237105263,6.608501741970185
alpha_cc,0.65,0.05,4.71238898038469,10.517091807564771,False,0.4363325927744836,-0.25713929034715255,8.73247529886607,-0.10004162274833694,0.5522955739810653,0.10349482309128799,2.497374980724798,0.8156422160384258,7.036897405732412
alpha_refc,0.65,0.05,4.71238898038469,10.517091807564771,False,0.4363325927744836,-2.7641916438085445,8.639463188033991,-0.024871124341352413,0.27806317441270156,0.19436195584718874,3.713627673330211,-0.9770987488715299,7.724408867872112
alpha_win,0.65,0.05,4.71238898038469,10.517091807564771,False,0.4363325927744836,-3.0921755916470617,5.555887738448062,1.5006465114986156e-05,0.03266984812859697,-0.012930575465863736,0.21655588410085524,-3.2273662391980706,5.4442699402016625
alpha_dr,0.65,0.05,4.71238898038469,10.517091807564771,False,0.4363325927744836,-1.7291967471948722,5.365601021857591,-0.0034612406065615,0.030338654644990193,-0.012930575465874838,0.21655588410087745,-1.586918665372794,5.2812558257416375
alpha_cc,0.65,0.1,0.0,22.140275816016985,False,0.4363325927744836,-2.4656534657703344,9.464700704474716,-0.09787528528715228,0.6268919823836594,-0.14328755826955586,3.950084951083399,-1.2928183747240918,6.738021243456638
alpha_refc,0.65,0.1,0.0,22.140275816016985,False,0.4363325927744836,-1.51727175369194,11.075207091113647,-0.07295227015339245,0.5187705954417199,0.8201984597034473,4.079327064841154,-3.6077595420971997,10.097349175284842
alpha_win,0.65,0.1,0.0,22.140275816016985,False,0.4363325927744836,-2.1707170059617753,10.125212342755452,0.0035453187854583845,0.04072343025354197,-0.07673818761888551,0.3510635259870165,-2.4026124056977016,9.965743751519263
alpha_dr,0.65,0.1,0.0,22.140275816016985,False,0.4363325927744836,-1.045529464787276,10.031789865432383,0.003348729849883547,0.04128394720261941,-0.07673818761886331,0.3510635259870165,-0.8775268464649377,9.861470788849758
alpha_cc,0.65,0.1,1.5707963267948966,22.140275816016985,False,0.4363325927744836,-0.5654257634039817,11.352467508721297,-0.11015743219563445,0.2534973782035488,-0.8016769783714572,4.550469506065213,1.3820965024238907,7.735648817130869
alpha_refc,0.65,0.1,1.5707963267948966,22.140275816016985,False,0.4363325927744836,1.928039363847911,9.23400264226193,-0.049976564591358574,0.30589198971107123,0.2773847553380282,3.6759138689363757,-0.15518500747773167,8.16130511151647
alpha_win,0.65,0.1,1.5707963267948966,22.140275816016985,False,0.4363325927744836,0.14204930118284498,12.465445871581181,0.0026177420325401712,0.05622708681862765,-0.05396652928122414,0.5262521668603526,-0.3280021197470062,12.223978124428147
alpha_dr,0.65,0.1,1.5707963267948966,22.140275816016985,False,0.4363325927744836,0.05045797659866125,11.533918253805343,0.00467537487947034,0.0560929584742631,-0.05396652928117973,0.5262521668603526,-0.4190301833281618,11.280644012519158
alpha_cc,0.65,0.1,3.141592653589793,22.140275816016985,False,0.4363325927744836,-4.078539601658438,13.955790981052218,-0.2453197308214805,0.42603208138554116,1.3649201379092313,4.820154749622052,-3.522252777689927,9.473179764511741
alpha_refc,0.65,0.1,3.141592653589793,22.140275816016985,False,0.4363325927744836,-2.357119216512449,11.180445332588285,-0.033257895350291555,0.12762255868008499,-0.4956653398391242,4.4792241646644415,-1.017606195549925,8.76465854239128
alpha_win,0.65,0.1,3.141592653589793,22.140275816016985,False,0.4363325927744836,-3.4803513025850608,11.456172702261448,0.008526392936802907,0.06983332775616358,-0.03334783897539495,0.4861821779712061,-2.717538894007243,11.291869458160587
alpha_dr,0.65,0.1,3.141592653589793,22.140275816016985,False,0.4363325927744836,-3.411828809279005,10.791003011361777,0.008200085507037436,0.0668131492064461,-0.03334783897543936,0.4861821779712061,-2.656054285274567,10.656155041507986
alpha_cc,0.65,0.1,4.71238898038469,22.140275816016985,False,0.4363325927744836,-0.0298189132708071,12.185348253363749,-0.23081632047093903,0.7724219060101678,0.20160876824057983,4.3353703857162085,-0.3450879301034826,8.531321531395264
alpha_refc,0.65,0.1,4.71238898038469,22.140275816016985,False,0.4363325927744836,-4.155704080760114,12.7003776983168,0.009268321019240133,0.35396902510040906,0.06470401858515995,4.984331073922821,-0.9160519761597707,10.377276959851777
alpha_win,0.65,0.1,4.71238898038469,22.140275816016985,False,0.4363325927744836,-1.046052899267702,8.689611764128369,0.0024772250508453553,0.04086220531940299,0.00011178202050654562,0.3222351788827016,-1.0975172289566015,8.561031364976767
alpha_dr,0.65,0.1,4.71238898038469,22.140275816016985,False,0.4363325927744836,-1.053077002599001,8.970493025595228,0.0006718634842028948,0.03806598922542204,0.00011178202050654562,0.3222351788827016,-0.8548060415951908,8.869767422174268
alpha_cc,0.65,0.2,0.0,49.182469764127035,False,0.4363325927744836,-3.1670800516345077,18.071974233977507,-0.5508664128387353,1.1315157304146117,-1.5840297169427697,8.04731633525333,-1.9615683812161389,10.316204278097407
alpha_refc,0.65,0.2,0.0,49.182469764127035,False,0.4363325927744836,1.0282042841352368,20.38979085630721,-0.11016314588522258,0.9271795516321069,1.6804902283976908,6.777132303929445,-3.287795638720614,16.81404409922893
alpha_win,0.65,0.2,0.0,49.182469764127035,False,0.4363325927744836,-3.214890609188148,19.40954287851937,0.02126183483934785,0.09180869964811045,0.04551422592340426,0.660095307028663,-2.991438245938216,19.158147900116518
alpha_dr,0.65,0.2,0.0,49.182469764127035,False,0.4363325927744836,-3.09593545595227,19.616607344813673,0.021752222804583,0.09259377097103894,0.04551422592340426,0.660095307028663,-3.4588300401979244,19.3509793920142
alpha_cc,0.65,0.2,1.5707963267948966,49.182469764127035,False,0.4363325927744836,-3.195068080668606,20.282678361036876,-0.47031593438058295,0.6965117790420638,-2.2201959392113,8.724357142023887,-0.46193692306594203,11.596568423691899
alpha_refc,0.65,0.2,1.5707963267948966,49.182469764127035,False,0.4363325927744836,3.693071201159448,18.2109525894981,-0.16915203830097925,0.5465598988930065,0.4947342434472146,6.409589007868188,4.801193373064727,14.216285188792078
alpha_win,0.65,0.2,1.5707963267948966,49.182469764127035,False,0.4363325927744836,4.7410461753184086,22.253234738677506,0.021471297507469345,0.10818387439697208,-0.10472533414441765,0.878560166633946,5.825061824238809,21.85218811709504
alpha_dr,0.65,0.2,1.5707963267948966,49.182469764127035,False,0.4363325927744836,5.040450341137248,21.3722708718755,0.022504831253189472,0.1077418396085994,-0.10472533414443985,0.878560166633946,3.619477077117028,20.957714313895302
alpha_cc,0.65,0.2,3.141592653589793,49.182469764127035,False,0.4363325927744836,-3.605133081496281,23.78339782601222,-0.6632318618600253,0.9812474812584071,3.0652380777726806,8.98015715389915,-2.6751019442738833,14.210832477987179
alpha_refc,0.65,0.2,3.141592653589793,49.182469764127035,False,0.4363325927744836,-1.710101036513323,20.544558409008573,-0.004368448188096785,0.32668755612443867,-0.8915222034985182,7.276254532737325,-0.7424832005021531,15.154524485120024
alpha_win,0.65,0.2,3.141592653589793,49.182469764127035,False,0.4363325927744836,-4.088796583989362,21.07236251297362,0.03624613882324823,0.12245441202927143,-0.13020836811380443,0.8220773101344392,-3.5300239446102166,20.808684906296058
alpha_dr,0.65,0.2,3.141592653589793,49.182469764127035,False,0.4363325927744836,-2.7508702093951176,20.564043583847536,0.03981830825885435,0.11762178416570013,-0.13020836811380443,0.8220773101344392,-2.179125819094163,20.335794815223096
alpha_cc,0.65,0.2,4.71238898038469,49.182469764127035,False,0.4363325927744836,-3.3340497246604595,21.266965578525053,-0.749036608737863,1.4589200908481148,1.0199001173351707,8.493147907813192,-2.300920540620055,12.79794010051134
alpha_refc,0.65,0.2,4.71238898038469,49.182469764127035,False,0.4363325927744836,-5.141474018950076,22.348242577169163,0.03941097766080315,0.6197178380466628,0.0281715581641917,8.034364960836982,-3.1600987142042958,17.045640366166825
alpha_win,0.65,0.2,4.71238898038469,49.182469764127035,False,0.4363325927744836,-3.0538013552941057,17.634823780203135,0.030374034672342454,0.07133348529970718,0.029019655489048723,0.653169537229914,-3.382470441297236,17.391567083207214
alpha_dr,0.65,0.2,4.71238898038469,49.182469764127035,False,0.4363325927744836,-3.802172064474796,18.274342567213253,0.027576153535435743,0.068843348605796,0.029019655489048723,0.653169537229914,-4.342525462682412,18.057145861821745
alpha_cc,0.65,0.4,0.0,122.55409284924679,False,0.4363325927744836,5.761141928886904,40.216055135722975,-2.494704870170239,3.3313445945887477,-2.7634726572752677,16.92318082557702,-6.703364066733409,20.513644106721006
alpha_refc,0.65,0.4,0.0,122.55409284924679,False,0.4363325927744836,3.6774570138729867,43.118135785586475,-0.3135323869286055,2.233099373327696,2.2039281542303835,13.213161966186227,0.5967151745944532,32.95806030843347
alpha_win,0.65,0.4,0.0,122.55409284924679,False,0.4363325927744836,3.3290480698892733,41.93448132764965,0.1441753654374045,0.2503807170018302,0.10955465944904041,1.3667121950591055,4.255856630133548,41.39443476359601
alpha_dr,0.65,0.4,0.0,122.55409284924679,False,0.4363325927744836,4.874919051151183,42.4707539461614,0.1280375267129763,0.2520403319068887,0.10955465944901821,1.3667121950591055,4.484758818871071,41.916496771666715
alpha_cc,0.65,0.4,1.5707963267948966,122.55409284924679,False,0.4363325927744836,15.707599205585133,42.81855231844827,-2.2758923766344585,2.831065383307596,-4.072982614294929,17.702358535470374,-2.306342771033143,21.766737512845925
alpha_refc,0.65,0.4,1.5707963267948966,122.55409284924679,False,0.4363325927744836,11.343602776871498,40.67030455008391,-0.38660270311271505,1.5585375966846504,0.26520148983828484,13.085882174398723,16.963621506694725,29.682243706977584
alpha_win,0.65,0.4,1.5707963267948966,122.55409284924679,False,0.4363325927744836,15.228719954340075,45.56811747240337,0.11865172693210635,0.2872211156033311,-0.20837146799495,1.6412426664135449,16.537504734537766,44.71955623020614
alpha_dr,0.65,0.4,1.5707963267948966,122.55409284924679,False,0.4363325927744836,12.719797811986533,44.708169531661255,0.11795082293941661,0.28556180197085723,-0.20837146799492778,1.6412426664135449,15.232603729365302,43.844682516516144
alpha_cc,0.65,0.4,3.141592653589793,122.55409284924679,False,0.4363325927744836,-1.8798875983907504,47.53512791239012,-2.3089987795104183,3.342675078390145,4.891489764760504,17.871773676868564,-6.331047705092163,25.588736025951153
alpha_refc,0.65,0.4,3.141592653589793,122.55409284924679,False,0.4363325927744836,0.6702183913610549,43.4268254181366,-0.07591554256505262,1.2026248302072995,-1.895800252428681,13.763458837134479,-0.14231175088383896,31.21885525377255
alpha_win,0.65,0.4,3.141592653589793,122.55409284924679,False,0.4363325927744836,-1.6388536014021904,44.23704665806299,0.12021388042915415,0.2833289104520409,-0.1748494140114909,1.5686192258926202,-0.5852274179785621,43.67067427357614
alpha_dr,0.65,0.4,3.141592653589793,122.55409284924679,False,0.4363325927744836,-0.3462739569029982,43.87423205224916,0.11992188096141554,0.27435931506716305,-0.1748494140114687,1.5686192258926202,0.7330308096524352,43.35607784405984
alpha_cc,0.65,0.4,4.71238898038469,122.55409284924679,False,0.4363325927744836,-6.355821887293633,43.66553504384634,-2.938595958179846,4.01586658733033,2.390678923965428,17.46312157765495,-6.578337276031099,23.631894388030837
alpha_refc,0.65,0.4,4.71238898038469,122.55409284924679,False,0.4363325927744836,-9.399374551948082,45.2824367047282,-0.2698410994255718,1.6171058164559327,0.6877045278903315,14.880576944637758,-4.038076734820195,32.95239831015746
alpha_win,0.65,0.4,4.71238898038469,122.55409284924679,False,0.4363325927744836,-8.132074924080657,39.49628336633941,0.11419494873357028,0.19230096927260742,-0.08075606953694692,1.4213666517139512,-8.895608006105693,38.90459480581665
alpha_dr,0.65,0.4,4.71238898038469,122.55409284924679,False,0.4363325927744836,-8.51185555882602,40.51173386269109,0.11399640453253479,0.19184441380402095,-0.08075606953694692,1.4213666517139512,-8.003307085944943,39.948660300771245
alpha_cc,1.0,0.05,0.0,10.517091807564771,True,3.8981718325193755e-17,-1.1896749690210595,7.1682417739724835,-0.032737499198998155,0.3337210969966531,-1.6569591494850266,2.105747654646417,-2.168968076129929,6.869785250552329
alpha_refc,1.0,0.05,0.0,10.517091807564771,True,3.8981718325193755e-17,-2.6093798734408646,5.985529623779451,-0.02519842137940209,0.29377603021358834,-0.8958847676955539,2.9192820204984704,-3.6392564400282157,6.658301279054957
alpha_win,1.0,0.05,0.0,10.517091807564771,True,3.8981718325193755e-17,-1.8235211858403266,5.406498145532979,-0.003235776794641154,0.022166552533597894,-0.06798274960260198,0.283321299382866,-1.89703534156479,5.34171054950936
alpha_dr,1.0,0.05,0.0,10.517091807564771,True,3.8981718325193755e-17,-1.507715369696483,4.5376790871368256,-0.005782992071967641,0.021950930980341177,-0.06798274960264639,0.283321299382866,-1.5189813152130527,4.470940879592411
alpha_cc,1.0,0.05,1.5707963267948966,10.517091807564771,True,3.8981718325193755e-17,-5.990077951949302,9.408192108652823,-0.06454621100349112,0.3951168587610132,1.8322910318635088,2.332883309918765,-3.6292203571585246,7.754123541787017
alpha_refc,1.0,0.05,1.5707963267948966,10.517091807564771,True,3.8981718325193755e-17,-7.319349408890174,9.034450293908304,-0.030881279479955115,0.26084593874340367,-0.11791831222414118,2.881795516925889,-7.425241511763348,8.920548901098435
alpha_win,1.0,0.05,1.5707963267948966,10.517091807564771,True,3.8981718325193755e-17,-6.583504027337527,9.121263970692484,0.002550123622935274,0.031732136225115504,-0.029677902156566294,0.25214559947877024,-6.589022300466906,9.092684030648869
alpha_dr,1.0,0.05,1.5707963267948966,10.517091807564771,True,3.8981718325193755e-17,-6.287867205716779,8.029976188763444,0.0007628732848319331,0.03000608559686757,-0.029677902156588498,0.25214559947877024,-6.235393093211783,8.01060198819128
alpha_cc,1.0,0.05,3.141592653589793,10.517091807564771,True,3.8981718325193755e-17,-1.1512881771223227,6.931244288281491,-0.03419593230697959,0.4890859914027379,2.704946025940802,3.067248833607139,2.220251317035804,6.481573184180278
alpha_refc,1.0,0.05,3.141592653589793,10.517091807564771,True,3.8981718325193755e-17,-2.524494970756075,5.793035136439806,-0.05383376904926074,0.21755741448601373,1.7267561220891459,3.6333955882276836,-1.1096901155071448,5.988117680283933
alpha_win,1.0,0.05,3.141592653589793,10.517091807564771,True,3.8981718325193755e-17,-1.7635423355146895,5.230055380927179,0.0032595610545582687,0.049489234175514873,0.10410146161572431,0.26654863571993204,-1.5820224589180643,5.016286421016836
alpha_dr,1.0,0.05,3.141592653589793,10.517091807564771,True,3.8981718325193755e-17,-1.4591672809561973,4.3910273996809135,0.0031693651690423152,0.04768416735680958,0.10410146161574652,0.26654863571993204,-1.2231698630494003,4.1858467609587
alpha_cc,1.0,0.05,4.71238898038469,10.517091807564771,True,3.8981718325193755e-17,3.8962056897293706,8.186061402329736,-0.050785314107826274,0.4087096236972565,-0.8143641173467331,1.5424644327025838,3.8080956370550867,7.2308416261520625
alpha_refc,1.0,0.05,4.71238898038469,10.517091807564771,True,3.8981718325193755e-17,2.429157868074716,6.582942927088542,-0.04311519261031016,0.22541908523152632,0.7176178249761245,2.9386411043824445,3.029882264587691,7.597300881268798
alpha_win,1.0,0.05,4.71238898038469,10.517091807564771,True,3.8981718325193755e-17,3.2420431639371694,5.381213173394994,-0.00011228099874305286,0.031415075001040016,0.05711281313247607,0.23590954478358572,3.380161536093995,5.2440542652663735
alpha_dr,1.0,0.05,4.71238898038469,10.517091807564771,True,3.8981718325193755e-17,3.5673013589556213,5.480418184431701,-0.00015373446492494836,0.030305218577209025,0.05711281313252048,0.23590954478358572,3.7403425044725713,5.3744187454333625
alpha_cc,1.0,0.1,0.0,22.140275816016985,True,3.8981718325193755e-17,-1.023569737730956,7.26153716615725,-0.13247801321679686,0.35128170443823326,-3.8145285887347002,3.9194150658782956,-4.184193689202475,7.94948138830216
alpha_refc,1.0,0.1,0.0,22.140275816016985,True,3.8981718325193755e-17,-2.4691722073449385,6.025134143502009,0.029009980328331686,0.3602297492263151,-2.3314729366084586,3.712734530989281,-4.628647914395401,7.425199665808502
alpha_win,1.0,0.1,0.0,22.140275816016985,True,3.8981718325193755e-17,-1.6693909294290155,5.404511079440111,-0.006551715344937925,0.02990589276612443,-0.2030073959758627,0.3734996220799536,-1.8837492417215884,5.404771563833433
alpha_dr,1.0,0.1,0.0,22.140275816016985,True,3.8981718325193755e-17,-1.3472852415337244,4.544533814678431,-0.006711777082979431,0.030569356088538946,-0.2030073959758738,0.3734996220799536,-1.474381049411666,4.537005253500559
alpha_cc,1.0,0.1,1.5707963267948966,22.140275816016985,True,3.8981718325193755e-17,-10.406938960911793,13.536339045929346,-0.14461618016367028,0.4374497292295665,3.003627429460365,3.4391988297342246,-6.984930727592564,10.575644795245376
alpha_refc,1.0,0.1,1.5707963267948966,22.140275816016985,True,3.8981718325193755e-17,-11.6746316831013,13.595375952333487,-0.006025827716749088,0.28056257107471616,-0.3632788243420726,2.9429934518003797,-12.024201598243177,13.566591575909136
alpha_win,1.0,0.1,1.5707963267948966,22.140275816016985,True,3.8981718325193755e-17,-10.973209402164997,13.965219178793053,0.006320320537378521,0.03224139562156836,-0.07362766666170195,0.27613798077441576,-11.050112570114978,14.021634441429898
alpha_dr,1.0,0.1,1.5707963267948966,22.140275816016985,True,3.8981718325193755e-17,-10.69082455384931,12.839623964914715,0.0030224430470848773,0.029849787697067143,-0.07362766666172416,0.27613798077441576,-10.689859410452584,12.906351390420712
alpha_cc,1.0,0.1,3.141592653589793,22.140275816016985,True,3.8981718325193755e-17,-0.9467321661917771,6.788510538979331,-0.11722389682219392,0.6231792795359903,4.8456658782111806,5.0905061445460476,4.6041696593208,7.405481617901577
alpha_refc,1.0,0.1,3.141592653589793,22.140275816016985,True,3.8981718325193755e-17,-2.2992608914275126,5.641198454416418,-0.05887359684736415,0.23238735388595444,3.305323344529354,4.847445727787636,1.1702260494285799,6.40554376957323
alpha_win,1.0,0.1,3.141592653589793,22.140275816016985,True,3.8981718325193755e-17,-1.5493332279862604,5.05262487339786,0.01019465257281471,0.06987595514966749,0.19346395838155672,0.3530719578623387,-1.2988464972464087,4.769707243108701
alpha_dr,1.0,0.1,3.141592653589793,22.140275816016985,True,3.8981718325193755e-17,-1.2501081370240974,4.252141586350966,0.008971900908516517,0.06775876483582355,0.19346395838157893,0.3530719578623387,-0.8809664167323539,3.9871583715601844
alpha_cc,1.0,0.1,4.71238898038469,22.140275816016985,True,3.8981718325193755e-17,9.427473122180219,12.11560845014381,-0.12816272884609292,0.45815524332226687,-2.1236088934565522,2.2212603155428168,7.916142500610923,10.074080635793647
alpha_refc,1.0,0.1,4.71238898038469,22.140275816016985,True,3.8981718325193755e-17,7.8833701227598585,10.608007230861949,-0.01340493907595608,0.215542104160793,1.0946800817418278,3.053327818538887,9.132179749969982,12.222629559962783
alpha_win,1.0,0.1,4.71238898038469,22.140275816016985,True,3.8981718325193755e-17,8.739353425762374,9.41336714593033,0.0031577831153484226,0.030901586849130247,0.09569593387328545,0.2431779074159479,8.903342405278902,9.389500371967173
alpha_dr,1.0,0.1,4.71238898038469,22.140275816016985,True,3.8981718325193755e-17,9.081163163841754,10.011072760172679,0.0023599552694930637,0.029850356889982166,0.09569593387330766,0.2431779074159479,9.325465144449808,10.008525428583571
alpha_cc,1.0,0.2,0.0,49.182469764127035,True,3.8981718325193755e-17,-0.31918373145400913,7.447176309461634,-0.5242362354782593,0.6635572471296758,-7.86231432565182,8.087885821899764,-7.881817293956783,10.881725163307854
alpha_refc,1.0,0.2,0.0,49.182469764127035,True,3.8981718325193755e-17,-1.8220970853051521,6.047508450174521,0.15019837504364197,0.5248396849564907,-5.523757100053917,6.3031607679365775,-5.977041391550808,9.16823578255288
alpha_win,1.0,0.2,0.0,49.182469764127035,True,3.8981718325193755e-17,-0.9914138867738176,5.276133455103782,-0.010319056592422715,0.06784354261748504,-0.4539769406291194,0.6016162777733314,-1.4504137310635157,5.355263238726993
alpha_dr,1.0,0.2,0.0,49.182469764127035,True,3.8981718325193755e-17,-0.6554862960417296,4.498094405186026,-0.010500992440720669,0.06838669510533801,-0.4539769406291305,0.6016162777733314,-0.9472015988832183,4.54781240479476
alpha_cc,1.0,0.2,1.5707963267948966,49.182469764127035,True,3.8981718325193755e-17,-18.323805684979945,23.501624048822343,-0.5283009366055302,0.7138225547047128,5.81965312441548,6.094022249465447,-13.08790022285784,17.572662389023307
alpha_refc,1.0,0.2,1.5707963267948966,49.182469764127035,True,3.8981718325193755e-17,-19.481077893209353,23.952876311416116,0.0804405963935606,0.3444103763599715,-0.9982922935197647,3.231488046213271,-20.028784411088964,24.313483511484122
alpha_win,1.0,0.2,1.5707963267948966,49.182469764127035,True,3.8981718325193755e-17,-18.841364022752348,24.578568029392443,0.022245185536950984,0.03993879054537963,-0.18092036226027286,0.35124139803683896,-19.03583239730189,24.783729748671846
alpha_dr,1.0,0.2,1.5707963267948966,49.182469764127035,True,3.8981718325193755e-17,-18.58276553080763,23.391917900647808,0.016529765644945904,0.035958297856808485,-0.18092036226027286,0.35124139803681675,-18.66354929175662,23.60607907766754
alpha_cc,1.0,0.2,3.141592653589793,49.182469764127035,True,3.8981718325193755e-17,-0.16499591816866443,6.51553235732274,-0.4807237308970036,1.0225328281877166,9.291050791330168,9.516486589014805,9.63420592283808,10.902178869225088
alpha_refc,1.0,0.2,3.141592653589793,49.182469764127035,True,3.8981718325193755e-17,-1.4811406699700824,5.295824513110814,0.11788845608387,0.37491105471636477,7.007671060179255,7.857214329900564,4.959119007857327,8.92194422286825
alpha_win,1.0,0.2,3.141592653589793,49.182469764127035,True,3.8981718325193755e-17,-0.7504972768000218,4.5885250635211206,0.028582913022301426,0.11455862193336941,0.42754630247785474,0.6013474761807913,-0.35477867255618856,4.239497673551518
alpha_dr,1.0,0.2,3.141592653589793,49.182469764127035,True,3.8981718325193755e-17,-0.4604836991283001,3.931005685009503,0.028099970410355724,0.11196546823624143,0.42754630247787695,0.6013474761807913,0.1989080086286732,3.644900049934985
alpha_cc,1.0,0.2,4.71238898038469,49.182469764127035,True,3.8981718325193755e-17,21.842705713531394,23.472746572480574,-0.46822800232060313,0.7214963635138405,-3.8712737671584674,4.138392243017175,16.982032651751865,18.393395599208297
alpha_refc,1.0,0.2,4.71238898038469,49.182469764127035,True,3.8981718325193755e-17,20.125712015053953,22.116165142903334,0.12367446102143909,0.2669175208160235,2.1225385810311526,3.4292261347272035,22.771581961452945,24.919884945212512
alpha_win,1.0,0.2,4.71238898038469,49.182469764127035,True,3.8981718325193755e-17,21.078420255541474,20.984330227295377,0.013654222541736871,0.03260732709531311,0.16955199054873304,0.28067587405937733,21.30274250930979,21.13175556169946
alpha_dr,1.0,0.2,4.71238898038469,49.182469764127035,True,3.8981718325193755e-17,21.457334254188698,21.890318861550263,0.010980551634265368,0.03161774314783816,0.16955199054873304,0.28067587405937733,21.873052772592104,22.048433705594086
alpha_cc,1.0,0.4,0.0,122.55409284924679,True,3.8981718325193755e-17,2.601844072636683,8.448462783004928,-1.8855997265831093,2.131767207884283,-14.65195386163105,16.983436627112347,-14.094046677435534,17.433815856064516
alpha_refc,1.0,0.4,0.0,122.55409284924679,True,3.8981718325193755e-17,0.9608000977251008,6.652176208292349,0.5050317259933434,1.0007380079239736,-10.900043097603607,12.563623672108903,-8.268770688432891,12.121874790946286
alpha_win,1.0,0.4,0.0,122.55409284924679,True,3.8981718325193755e-17,1.8662951678146689,5.41572616948145,0.016789003478234754,0.16735116373660652,-0.8880047847481309,1.1039598937460537,0.9197379224027413,5.240862869020768
alpha_dr,1.0,0.4,0.0,122.55409284924679,True,3.8981718325193755e-17,2.235101930392558,5.192040558390376,0.016998164026871265,0.1670829300367771,-0.8880047847481309,1.1039598937460537,1.680341741411473,4.910730274571384
alpha_cc,1.0,0.4,1.5707963267948966,122.55409284924679,True,3.8981718325193755e-17,-31.11693184364973,45.69829935326211,-2.025141191084756,2.1271536251284973,12.495449523429226,12.733062010197704,-23.27051456677015,32.50394887776946
alpha_refc,1.0,0.4,1.5707963267948966,122.55409284924679,True,3.8981718325193755e-17,-32.09561679074993,46.50588079894327,0.6397430821406314,0.7162107868396106,-1.9508076289707743,4.324884727512357,-32.83047860848729,47.404599340045195
alpha_win,1.0,0.4,1.5707963267948966,122.55409284924679,True,3.8981718325193755e-17,-31.555646044519847,47.398089402646626,0.08662116491431338,0.10217527186926478,-0.4283055281289361,0.584580154625991,-31.910054547877486,47.94182511382454
alpha_dr,1.0,0.4,1.5707963267948966,122.55409284924679,True,3.8981718325193755e-17,-31.335597850748197,46.041491902594124,0.07674205555696645,0.09684606057416278,-0.4283055281289361,0.584580154625991,-31.466636492551903,46.5924255973293
alpha_cc,1.0,0.4,3.141592653589793,122.55409284924679,True,3.8981718325193755e-17,2.9143457247598814,6.876067575310318,-1.9101274483686925,2.527558054572965,19.555496651595416,19.216816534915203,21.603951676964293,21.441676284191825
alpha_refc,1.0,0.4,3.141592653589793,122.55409284924679,True,3.8981718325193755e-17,1.6518377432076958,5.5059378748210985,0.3611830710049224,0.9154637248121267,14.343373495103528,14.87719543284831,16.322730370358187,18.707750733942994
alpha_win,1.0,0.4,3.141592653589793,122.55409284924679,True,3.8981718325193755e-17,2.354576592385871,4.4723736223990285,0.08728592709719152,0.2196789459134152,0.9730330136445753,1.211154273890247,3.0824282247353674,4.841785027515266
alpha_dr,1.0,0.4,3.141592653589793,122.55409284924679,True,3.8981718325193755e-17,2.6303254206383464,4.478959547735495,0.08618205824757474,0.21643308015257823,0.9730330136445753,1.211154273890247,4.000446628650334,5.008920341687451
alpha_cc,1.0,0.4,4.71238898038469,122.55409284924679,True,3.8981718325193755e-17,53.29251559143924,54.429033626427085,-1.9601050653619057,2.085373340711083,-7.625990210792621,8.14363201781454,39.31721864122324,40.55327600287444
alpha_refc,1.0,0.4,4.71238898038469,122.55409284924679,True,3.8981718325193755e-17,51.13786580939483,53.00245473923388,0.46010965886260635,0.7367823210451041,3.7873445128772554,4.594098038009675,57.39034025327459,59.438570784433175
alpha_win,1.0,0.4,4.71238898038469,122.55409284924679,True,3.8981718325193755e-17,52.33554217179124,51.7417446115888,0.06237685259720127,0.07915290421998122,0.31139252737455436,0.4035614190994963,52.73283767725512,52.286954975699665
alpha_dr,1.0,0.4,4.71238898038469,122.55409284924679,True,3.8981718325193755e-17,52.80822538658754,52.9971367925335,0.06307613482683383,0.07922412941387957,0.31139252737453216,0.4035614190994963,53.737880463281165,53.55232253866535
alpha_cc,1.35,0.05,0.0,10.517091807564771,False,0.21008606318771428,-1.8672348854928744,8.673238687710638,-0.0384017569510009,0.4141908630226565,0.5678259566076482,1.531143733290552,-0.8822289006670037,8.040847404711338
alpha_refc,1.35,0.05,0.0,10.517091807564771,False,0.21008606318771428,-1.4118618557444895,6.352077265828271,-0.03754335417436305,0.24797993123031326,0.13603150085994553,2.8546684404375577,-1.3425197220830132,6.246725603744663
alpha_win,1.35,0.05,0.0,10.517091807564771,False,0.21008606318771428,-4.447588492568332,7.147388090219287,0.001301237603978933,0.029190994091732314,0.0016665038388152809,0.23831438624275503,-4.747965288820577,7.053601583038205
alpha_dr,1.35,0.05,0.0,10.517091807564771,False,0.21008606318771428,-2.728403404465596,6.177255140512039,-0.0014999116571101645,0.02777867465033612,0.0016665038387930764,0.23831438624273282,-2.4087940926925677,6.0891713872917475
alpha_cc,1.35,0.05,1.5707963267948966,10.517091807564771,False,0.21008606318771428,0.12538061365756636,6.995426227898394,-0.05318869627756184,0.41568669732456875,0.882492064126783,1.670540743062232,1.8572067084183352,6.275045238085686
alpha_refc,1.35,0.05,1.5707963267948966,10.517091807564771,False,0.21008606318771428,-1.8648967337077105,5.903450480575101,-0.0210445743227039,0.2528023670254065,0.1943308296163737,2.986088907544393,-2.1032055990384935,6.788749564300933
alpha_win,1.35,0.05,1.5707963267948966,10.517091807564771,False,0.21008606318771428,-1.628856741027962,7.053280408417617,0.0014672571632123876,0.031846188914630424,0.00787096026111378,0.22786990028331733,-1.5908813784098697,6.897869693058345
alpha_dr,1.35,0.05,1.5707963267948966,10.517091807564771,False,0.21008606318771428,-0.9003728030037239,6.170480226731723,0.00020256063844037442,0.030298148105911693,0.00787096026106937,0.22786990028331733,-1.1319305581744432,6.01315539234708
alpha_cc,1.35,0.05,3.141592653589793,10.517091807564771,False,0.21008606318771428,-1.073790187362722,6.9195474722800965,-0.05838773024334776,0.38017647820287603,0.5602556399661562,1.6614762004149686,0.03149040409240467,6.494299641842294
alpha_refc,1.35,0.05,3.141592653589793,10.517091807564771,False,0.21008606318771428,-1.9661669957302008,7.231981140679378,-0.022180505158819752,0.23148446526974897,0.22932318108848104,2.921427825284928,-1.810194275328425,7.857000007740034
alpha_win,1.35,0.05,3.141592653589793,10.517091807564771,False,0.21008606318771428,-1.919257265349017,5.3574223219505335,0.0023442649823124384,0.034203036624647076,0.00480974198688866,0.240094045390582,-2.0938794486805468,5.221247110119065
alpha_dr,1.35,0.05,3.141592653589793,10.517091807564771,False,0.21008606318771428,-1.2781889894703302,4.955056785322021,-0.0015400318850944394,0.03286398113508948,0.00480974198688866,0.24009404539055978,-1.1920254798070018,4.835959662651401
alpha_cc,1.35,0.05,4.71238898038469,10.517091807564771,False,0.21008606318771428,-1.4416695746803376,8.64131298053945,-0.04736016775506169,0.3765031843362854,0.459742299415411,1.5246923938985857,-0.5765332515654809,8.239813218013282
alpha_refc,1.35,0.05,4.71238898038469,10.517091807564771,False,0.21008606318771428,-2.8539700567555393,7.639575821592759,-0.02532629782791007,0.22378656560175791,0.35785592310544345,2.787033255302429,-2.413589651928827,7.422404629745838
alpha_win,1.35,0.05,4.71238898038469,10.517091807564771,False,0.21008606318771428,-2.290331621740771,5.522689362203881,0.0003856968763260582,0.03170187281269499,0.0039907393736937635,0.25074042088448767,-2.1901720675190806,5.469114391225394
alpha_dr,1.35,0.05,4.71238898038469,10.517091807564771,False,0.21008606318771428,-0.7423544632599643,5.012096723006021,-0.00041213928416716783,0.030515793775709454,0.0039907393736937635,0.25074042088446546,-0.7047878778343675,4.981005221139623
alpha_cc,1.35,0.1,0.0,22.140275816016985,False,0.21008606318771428,-0.16653003572967284,11.200414238966584,-0.09335813155212369,0.45482024084961825,0.46537042657563976,1.570423180705105,-2.1448990049153793,10.88043676652184
alpha_refc,1.35,0.1,0.0,22.140275816016985,False,0.21008606318771428,-2.922475979586614,8.303484989208965,-0.02170205979319384,0.24789797722390983,0.30659387399900595,2.8452648662676827,-1.477331985954189,8.156786507891045
alpha_win,1.35,0.1,0.0,22.140275816016985,False,0.21008606318771428,-4.2399698782893624,9.87677727224925,0.0024913175386886977,0.02696319269228642,-0.01414959868818455,0.23914869704706465,-3.920561884499607,9.82516015216457
alpha_dr,1.35,0.1,0.0,22.140275816016985,False,0.21008606318771428,-3.865955895026252,8.940550608334341,0.0002819618660110379,0.025283532460718128,-0.014149598688162346,0.23914869704706465,-4.226748958836335,8.896931807704345
alpha_cc,1.35,0.1,1.5707963267948966,22.140275816016985,False,0.21008606318771428,2.0427785227783657,8.49164264074771,-0.10293080410226363,0.4576199104770806,0.7291372070264979,1.8355929486653988,3.133252250528118,8.1571541996335
alpha_refc,1.35,0.1,1.5707963267948966,22.140275816016985,False,0.21008606318771428,-1.0776065352239073,7.636899762128069,0.003984522676292457,0.25661759756065994,0.22169880554998578,3.1022855727707466,-0.35864777192156083,9.04118609964575
alpha_win,1.35,0.1,1.5707963267948966,22.140275816016985,False,0.21008606318771428,-0.6026927660630288,9.772664115341101,0.0036384182290127853,0.03220272229391696,0.016622421258238873,0.2185832983092606,-0.49105043874193566,9.632752184261628
alpha_dr,1.35,0.1,1.5707963267948966,22.140275816016985,False,0.21008606318771428,0.9717309857639966,8.970728166035213,1.5109226381149199e-05,0.03030701123223345,0.016622421258238873,0.2185832983092606,1.076134139171403,8.831476156915752
alpha_cc,1.35,0.1,3.141592653589793,22.140275816016985,False,0.21008606318771428,-0.6970171527624025,8.328892123862829,-0.1221191279716427,0.3909941734819622,0.5171421879780036,1.8150456176123209,1.334546498942557,8.476070615693686
alpha_refc,1.35,0.1,3.141592653589793,22.140275816016985,False,0.21008606318771428,-1.28111382783902,9.682723316030373,0.016763148426890417,0.22127828497551238,0.12528370996731653,2.9768937386401406,0.4401195308213257,10.658367133554613
alpha_win,1.35,0.1,3.141592653589793,22.140275816016985,False,0.21008606318771428,-2.946222705224988,7.17496054262643,0.00434502035588924,0.03668363359858873,0.012783685094297503,0.24268792426611618,-2.988481204334814,7.086293669743338
alpha_dr,1.35,0.1,3.141592653589793,22.140275816016985,False,0.21008606318771428,-2.3478937924723886,7.203889089942095,-0.0010663241213126895,0.035219773391181874,0.012783685094297503,0.24268792426611618,-2.438909058667138,7.136405567800885
alpha_cc,1.35,0.1,4.71238898038469,22.140275816016985,False,0.21008606318771428,0.5124057201245424,11.17108487531544,-0.09492992234590991,0.3794908391749674,0.3825800655295808,1.5599052332301744,0.7837092914992461,11.199440577716402
alpha_refc,1.35,0.1,4.71238898038469,22.140275816016985,False,0.21008606318771428,-3.1648467366040434,10.324434039565332,-0.002367706328698649,0.2006745061804205,0.34996870036718697,2.7083482575138262,-1.871256122525411,10.012650784273402
alpha_win,1.35,0.1,4.71238898038469,22.140275816016985,False,0.21008606318771428,-2.6038569996762684,7.448412260609816,0.0015632355711669987,0.03200994333050211,0.011759658749688207,0.26408612398536313,-2.9940684171924303,7.483285721452404
alpha_dr,1.35,0.1,4.71238898038469,22.140275816016985,False,0.21008606318771428,-1.989860953731104,7.3058973772884395,0.0009648201486189834,0.030842715428236467,0.011759658749710411,0.26408612398536313,-1.6396913031381133,7.362587558510714
alpha_cc,1.35,0.2,0.0,49.182469764127035,False,0.21008606318771428,-4.318648413333737,17.598774166583087,-0.3098777511066575,0.6152677503578508,0.7287899573450218,1.8436351573058118,-2.9640663151446756,18.01699011791853
alpha_refc,1.35,0.2,0.0,49.182469764127035,False,0.21008606318771428,-3.534912395030021,14.257248772601372,0.10449826784919569,0.26011294806322915,0.6529411549333064,2.880315079320228,0.6725545007499667,14.43995161201408
alpha_win,1.35,0.2,0.0,49.182469764127035,False,0.21008606318771428,-5.160253958295636,16.4867396010687,0.010405882184150173,0.025604399282030954,-0.03954045150154073,0.24435368732502738,-5.635718548361968,16.496815629568328
alpha_dr,1.35,0.2,0.0,49.182469764127035,False,0.21008606318771428,-6.1394172973679995,15.62452608899958,0.0058475190136464406,0.022922562122218437,-0.039540451501518525,0.24435368732502738,-5.971911721031642,15.641971684949185
alpha_cc,1.35,0.2,1.5707963267948966,49.182469764127035,False,0.21008606318771428,3.3685464312418922,14.07945943686968,-0.34755668463088973,0.6244775352842513,0.7953116886146194,2.290720471826191,1.119601787798552,14.597103243218523
alpha_refc,1.35,0.2,1.5707963267948966,49.182469764127035,False,0.21008606318771428,0.27108333061118817,13.562066925649674,0.12104495371940693,0.27817737377164864,0.5988038783944827,3.3615295603824036,0.150688457793291,15.654651577801793
alpha_win,1.35,0.2,1.5707963267948966,49.182469764127035,False,0.21008606318771428,1.1870722897373343,16.47505304342176,0.008440149590938084,0.034271493593784896,0.01796258414528129,0.205111466574337,1.272101817119542,16.378267602585495
alpha_dr,1.35,0.2,1.5707963267948966,49.182469764127035,False,0.21008606318771428,0.4484734413970015,15.789561510009609,0.005682967244324821,0.031435296742832186,0.017962584145259086,0.20511146657431478,0.301907880559682,15.694760369936201
alpha_cc,1.35,0.2,3.141592653589793,49.182469764127035,False,0.21008606318771428,1.6856383848905976,13.768998627676554,-0.3299734894735784,0.5210454383348884,0.263028892415873,2.240834190820906,-0.5804757086872225,14.911913300478519
alpha_refc,1.35,0.2,3.141592653589793,49.182469764127035,False,0.21008606318771428,0.9013622554201683,16.07863930436697,0.14585571511032125,0.26275664842079216,0.2541078571283606,3.128756048083159,2.9630708543345374,17.67572572989171
alpha_win,1.35,0.2,3.141592653589793,49.182469764127035,False,0.21008606318771428,0.11350995574539446,13.149826390483721,0.006590710887244278,0.04194994933117702,0.027780781930175635,0.25127174915540174,-0.1304656653661973,13.140739002420698
alpha_dr,1.35,0.2,3.141592653589793,49.182469764127035,False,0.21008606318771428,-1.1764505053548535,13.573169708237254,0.0035633497438070094,0.040053080090118875,0.02778078193019784,0.25127174915540174,-1.4218687951964903,13.57837287635264
alpha_cc,1.35,0.2,4.71238898038469,49.182469764127035,False,0.21008606318771428,1.827802855477234,17.611354245398523,-0.3081731852548897,0.4819462577668965,0.604489605462688,1.8284502411307413,1.5139768197699244,18.467503751607506
alpha_refc,1.35,0.2,4.71238898038469,49.182469764127035,False,0.21008606318771428,-3.436663198624712,16.93657355574203,0.14243203489694434,0.20769609680237888,0.22438760105993882,2.60714505336499,0.670911432892618,16.868709191781583
alpha_win,1.35,0.2,4.71238898038469,49.182469764127035,False,0.21008606318771428,-0.3166973625680969,13.492857788110157,0.006978310263017207,0.03460549769518373,0.006616545870596902,0.2942259192521446,0.04948847932799705,13.631819995009376
alpha_dr,1.35,0.2,4.71238898038469,49.182469764127035,False,0.21008606318771428,-1.3394150813335504,13.70896278493765,0.006187643617505678,0.03322648337016343,0.006616545870574697,0.2942259192521446,-1.1806334328647528,13.8608416427497
alpha_cc,1.35,0.4,0.0,122.55409284924679,False,0.21008606318771428,-3.547913209153375,33.228704430922626,-1.1371438363260378,1.409811635059799,0.7195245087210367,2.889249931498994,-7.593701222162952,35.27098969643547
alpha_refc,1.35,0.4,0.0,122.55409284924679,False,0.21008606318771428,-3.842862716565687,29.39513863644525,0.5692123095332402,0.6138065505006729,0.4581004465878946,3.2041212544034803,-2.5760835805231364,30.79635652918813
alpha_win,1.35,0.4,0.0,122.55409284924679,False,0.21008606318771428,-5.02929666548283,32.15590019762773,0.03954783536519457,0.05046602524709787,-0.0212671704223788,0.26976672281044944,-5.074262276205632,32.26988762412368
alpha_dr,1.35,0.4,0.0,122.55409284924679,False,0.21008606318771428,-5.6305262649618,31.361435581244802,0.03958914256330104,0.046812236761795134,-0.021267170422401005,0.26976672281044944,-6.027135576644616,31.480722473149704
alpha_cc,1.35,0.4,1.5707963267948966,122.55409284924679,False,0.21008606318771428,9.969609633971487,29.37473443527381,-1.2003013863452816,1.4438617228774264,0.9024009042404968,3.4936585551523347,7.286383467902824,31.317443895671904
alpha_refc,1.35,0.4,1.5707963267948966,122.55409284924679,False,0.21008606318771428,2.583477889745067,29.037388868469606,0.659506467827442,0.6450820475008667,0.40259222570404596,3.9783061160046262,2.5382923287487813,32.5438493273295
alpha_win,1.35,0.4,1.5707963267948966,122.55409284924679,False,0.21008606318771428,2.9147784365355367,32.58048578109154,0.029330281085160337,0.053376893598100494,0.0561306067511369,0.20373250852887548,3.060397917768465,32.58209299637394
alpha_dr,1.35,0.4,1.5707963267948966,122.55409284924679,False,0.21008606318771428,6.294468937959907,32.00012602131179,0.026516472843751693,0.04925676135483226,0.0561306067511369,0.20373250852887548,6.462236198728188,32.00260431055704
alpha_cc,1.35,0.4,3.141592653589793,122.55409284924679,False,0.21008606318771428,4.945102251064082,28.750780976675316,-1.2355036187671753,1.3406251780085032,0.18903703686643514,3.3595029231927365,2.3893445921158607,31.45429724771498
alpha_refc,1.35,0.4,3.141592653589793,122.55409284924679,False,0.21008606318771428,5.80990375049959,31.79276612763133,0.7011719354901746,0.7634184916770259,0.36590763549915195,3.5915898740967567,7.410158823284019,34.82720492456224
alpha_win,1.35,0.4,3.141592653589793,122.55409284924679,False,0.21008606318771428,4.020904245022261,28.428379789408666,0.019289844715464355,0.06106511479395671,0.0540481106459767,0.2823310045556138,3.5517883679931916,28.53896597847303
alpha_dr,1.35,0.4,3.141592653589793,122.55409284924679,False,0.21008606318771428,2.9278395058979223,29.17769483601291,0.018496752618024637,0.0583165463008406,0.0540481106459767,0.2823310045556138,3.08082792622697,29.297556447587535
alpha_cc,1.35,0.4,4.71238898038469,122.55409284924679,False,0.21008606318771428,3.1840048465767934,33.34472842679064,-1.1500996025568755,1.2426851409577333,1.2879866321888978,2.8527500444567977,3.068931880561898,35.850867866891335
alpha_refc,1.35,0.4,4.71238898038469,122.55409284924679,False,0.21008606318771428,-2.6603543400244956,32.74746908520978,0.6700112654891344,0.7030237050529964,0.1757568675679666,2.7297567317134064,-2.102836797691976,33.8559631110265
alpha_win,1.35,0.4,4.71238898038469,122.55409284924679,False,0.21008606318771428,7.2829244572529594,28.70629932618547,0.03402878481122418,0.05729175090378735,-0.025723499466145938,0.36784961188827126,7.114244774747935,28.991275945193372
alpha_dr,1.35,0.4,4.71238898038469,122.55409284924679,False,0.21008606318771428,5.235426751183869,29.22788801674654,0.029977985399454177,0.05535452766616267,-0.025723499466145938,0.36784961188827126,5.597438402984722,29.521155286687662
alpha_cc,2.0,0.05,0.0,10.517091807564771,True,3.8981718325193755e-17,-1.1800818166238014,7.109026522709727,-0.037627578880239376,0.3640768478704981,-0.8448073511759469,1.6104830122964708,-1.3282134746041452,6.589960999052491
alpha_refc,2.0,0.05,0.0,10.517091807564771,True,3.8981718325193755e-17,-2.588155546910209,5.93742088119118,-0.02648638258128111,0.2621904757915239,-0.01756289132675004,2.8025392532453175,-2.764991727658961,6.23274400243885
alpha_win,2.0,0.05,0.0,10.517091807564771,True,3.8981718325193755e-17,-1.8085133341753212,5.362347216943131,-0.0023996213517119003,0.02500518182237954,-0.03320312434896833,0.2515137129811107,-1.7947221072358466,5.257019877377966
alpha_dr,2.0,0.05,0.0,10.517091807564771,True,3.8981718325193755e-17,-1.4955820753912108,4.500990804223948,-0.003311511976467063,0.024139714105797516,-0.03320312434899053,0.2515137129811107,-1.4429097723185347,4.395636526786784
alpha_cc,2.0,0.05,1.5707963267948966,10.517091807564771,True,3.8981718325193755e-17,-5.990359107170084,9.41244141711648,-0.04599980490516131,0.3892814140850742,0.8860754969524987,1.7518993478325084,-4.475104954173692,8.304245415580658
alpha_refc,2.0,0.05,1.5707963267948966,10.517091807564771,True,3.8981718325193755e-17,-7.318941255721323,9.035100337180758,-0.027044126466202467,0.24195770327148924,-0.06093864411491623,2.832802340826479,-7.565559781171716,9.005790894269028
alpha_win,2.0,0.05,1.5707963267948966,10.517091807564771,True,3.8981718325193755e-17,-6.583215026002954,9.122773726035316,0.0009032759325178219,0.03173414377015682,-0.005903527026018818,0.24098196255371018,-6.526594492584225,9.057785944632668
alpha_dr,2.0,0.05,1.5707963267948966,10.517091807564771,True,3.8981718325193755e-17,-6.288078976869738,8.031265254085241,-0.0009409250682379522,0.03032640741502668,-0.005903527025996613,0.24098196255368798,-6.1897725774388235,7.975554850543709
alpha_cc,2.0,0.05,3.141592653589793,10.517091807564771,True,3.8981718325193755e-17,-1.1608794868816275,6.990139419369457,-0.0341883487793293,0.4264880902137502,1.8635943749650385,2.3709853933367553,1.3871375569618705,6.302500586068049
alpha_refc,2.0,0.05,3.141592653589793,10.517091807564771,True,3.8981718325193755e-17,-2.545721962271963,5.84109529453265,-0.033365759248260574,0.2231979839302456,0.5961928027148566,3.0426703102163666,-1.9968026066212952,6.027277834261402
alpha_win,2.0,0.05,3.141592653589793,10.517091807564771,True,3.8981718325193755e-17,-1.7785520755245865,5.274076884578127,0.0016057287020032618,0.040406370759948906,0.044675389063519866,0.24227206808495882,-1.6423184719039696,5.1007607472013605
alpha_dr,2.0,0.05,3.141592653589793,10.517091807564771,True,3.8981718325193755e-17,-1.4712991857405044,4.427624033476385,0.00015641510469066588,0.03884859193141743,0.044675389063519866,0.24227206808495882,-1.3039899592631854,4.260147877723841
alpha_cc,2.0,0.05,4.71238898038469,10.517091807564771,True,3.8981718325193755e-17,3.896514477140367,8.184004142426238,-0.034021985975585256,0.397408633367502,0.12690745670731474,1.4544581291477288,4.734942655338092,7.6498076289021055
alpha_refc,2.0,0.05,4.71238898038469,10.517091807564771,True,3.8981718325193755e-17,2.4287095907571166,6.584227166910472,-0.028556110657673717,0.23522396139279422,0.65785593335288,2.978015260959066,2.808450404798335,7.603472825503688
alpha_win,2.0,0.05,4.71238898038469,10.517091807564771,True,3.8981718325193755e-17,3.2417257532810773,5.381097795454437,5.616346430148411e-05,0.03163180294016854,0.008286025749515424,0.2366483081670312,3.335391493901141,5.2225095104849295
alpha_dr,2.0,0.05,4.71238898038469,10.517091807564771,True,3.8981718325193755e-17,3.5675339414739327,5.4804245172583865,-0.0005268691336324238,0.030376218885375117,0.008286025749537629,0.2366483081670312,3.6893633882102206,5.346654580349464
alpha_cc,2.0,0.1,0.0,22.140275816016985,True,3.8981718325193755e-17,-1.0043655992248768,7.143027242035949,-0.05970102905195063,0.3520942094097368,-2.228366823290062,2.4576180845091944,-2.495956652011966,7.04363216806545
alpha_refc,2.0,0.1,0.0,22.140275816016985,True,3.8981718325193755e-17,-2.426690835987111,5.929132115891744,0.014361092417058963,0.28303687236814756,-0.3565947687993787,2.810483078021897,-2.801753502264015,6.330541888706498
alpha_win,2.0,0.1,0.0,22.140275816016985,True,3.8981718325193755e-17,-1.6393520899793845,5.316328490019617,-0.0036251083809890616,0.022161093275596677,-0.07101649079260808,0.278457558082601,-1.6846560725119697,5.238872731651734
alpha_dr,2.0,0.1,0.0,22.140275816016985,True,3.8981718325193755e-17,-1.3229970378891287,4.471290710477538,-0.00448274155736561,0.021991882445293598,-0.07101649079263028,0.27845755808257877,-1.3264767015608525,4.390134414078406
alpha_cc,2.0,0.1,1.5707963267948966,22.140275816016985,True,3.8981718325193755e-17,-10.407476035228068,13.54431225269277,-0.06440239386081847,0.39690158990977054,1.351886467265162,2.0069235043889133,-8.606298199955232,12.055223695332584
alpha_refc,2.0,0.1,1.5707963267948966,22.140275816016985,True,3.8981718325193755e-17,-11.673852021206155,13.597404629582744,0.005652879671980138,0.23544848775181038,-0.4315599665290826,2.839988246156455,-12.177398233883352,13.772521341801447
alpha_win,2.0,0.1,1.5707963267948966,22.140275816016985,True,3.8981718325193755e-17,-10.972657345119618,13.968296567912208,0.0015932122120698722,0.03179642391888393,-0.008522809664301967,0.24372723173455846,-10.932011573605994,13.941615018673282
alpha_dr,2.0,0.1,1.5707963267948966,22.140275816016985,True,3.8981718325193755e-17,-10.691229089332577,12.842182952086013,-0.0003090772686231702,0.030248526372722573,-0.008522809664257558,0.24372723173455846,-10.603148591119583,12.825544807968136
alpha_cc,2.0,0.1,3.141592653589793,22.140275816016985,True,3.8981718325193755e-17,-0.9659289298265761,6.9057435528837585,-0.041293099745320916,0.4729772536068211,3.213607355089221,3.503416484497879,2.946923847505012,6.635769294971716
alpha_refc,2.0,0.1,3.141592653589793,22.140275816016985,True,3.8981718325193755e-17,-2.341752928973284,5.737006836199932,-0.014442912628864768,0.20832941915189807,1.0586900236108976,3.2826649560109944,-1.400844362948428,5.996591694007947
alpha_win,2.0,0.1,3.141592653589793,22.140275816016985,True,3.8981718325193755e-17,-1.5793796252423387,5.140287755364348,0.0015233041539941539,0.050175112125394605,0.09309452717991551,0.2620819523278417,-1.3904507050132686,4.933427756899977
alpha_dr,2.0,0.1,3.141592653589793,22.140275816016985,True,3.8981718325193755e-17,-1.2743907793278941,4.325013859442195,0.0019265268960122484,0.048467833716636655,0.09309452717991551,0.2620819523278639,-1.04792793417251,4.128260921389426
alpha_cc,2.0,0.1,4.71238898038469,22.140275816016985,True,3.8981718325193755e-17,9.428120954888941,12.11468866073291,-0.05669105179033629,0.4125363443532537,-0.2952995860821428,1.4341846695159477,9.862478533440711,11.451938987096044
alpha_refc,2.0,0.1,4.71238898038469,22.140275816016985,True,3.8981718325193755e-17,7.882429630758092,10.611137635880997,0.0026021558824362856,0.22239510872994472,0.9573239025323588,3.1194933160104243,8.644450674317184,12.278217061805519
alpha_win,2.0,0.1,4.71238898038469,22.140275816016985,True,3.8981718325193755e-17,8.738687495302111,9.41466440751,0.0002552430824032115,0.0315630305226966,0.019178008397524593,0.23500145511694548,8.854100302161427,9.314248497961074
alpha_dr,2.0,0.1,4.71238898038469,22.140275816016985,True,3.8981718325193755e-17,9.081651117724011,10.012175252756194,0.0002308401562567397,0.030323105342944245,0.01917800839750239,0.23500145511694548,9.217183450761347,9.929066323302704
alpha_cc,2.0,0.2,0.0,49.182469764127035,True,3.8981718325193755e-17,-0.2806399417003891,7.21233330142268,-0.18440774784981295,0.3902697314607906,-4.852255354677815,4.811634637245521,-4.480364002373561,8.177352453065323
alpha_refc,2.0,0.2,0.0,49.182469764127035,True,3.8981718325193755e-17,-1.7368615426887724,5.859179195118891,0.1360922951091803,0.3469161963801204,-0.8233601978394511,3.0583865608339478,-2.440010386053504,6.429812161635318
alpha_win,2.0,0.2,0.0,49.182469764127035,True,3.8981718325193755e-17,-0.9311432871976,5.1030722584498145,-0.006886529141747477,0.03071333034676549,-0.1884075487328496,0.3605510294682146,-1.0919825025447305,5.052027184557351
alpha_dr,2.0,0.2,0.0,49.182469764127035,True,3.8981718325193755e-17,-0.6067422674346346,4.355375236941583,-0.0070376147624506835,0.03150262420625882,-0.1884075487328496,0.3605510294682146,-0.721743091204885,4.28760517355824
alpha_cc,2.0,0.2,1.5707963267948966,49.182469764127035,True,3.8981718325193755e-17,-18.32478744511895,23.51640258533059,-0.17314491291023915,0.4513098959784134,2.1098798086799153,2.670343882785464,-16.02996831840252,21.135288504136994
alpha_refc,2.0,0.2,1.5707963267948966,49.182469764127035,True,3.8981718325193755e-17,-19.479652721761408,23.95827670251096,0.100967642285954,0.23667490894077048,-1.1777410678628475,3.02580408098323,-20.410111931885254,24.86810613405128
alpha_win,2.0,0.2,1.5707963267948966,49.182469764127035,True,3.8981718325193755e-17,-18.84035489370475,24.585004023754607,0.003318381084382871,0.03212977066779921,-0.014512573013769625,0.25060076544478616,-18.827922009844933,24.601151254704966
alpha_dr,2.0,0.2,1.5707963267948966,49.182469764127035,True,3.8981718325193755e-17,-18.583505018267054,23.39716121968678,0.001174672201731397,0.030165638020873686,-0.01451257301379183,0.25060076544478616,-18.51361911948214,23.422201454355363
alpha_cc,2.0,0.2,3.141592653589793,49.182469764127035,True,3.8981718325193755e-17,-0.20351013924931882,6.745022865181882,-0.12977190785274928,0.6004048743130541,5.713112439188284,6.067329827655299,6.396811137972036,8.412015147059137
alpha_refc,2.0,0.2,3.141592653589793,49.182469764127035,True,3.8981718325193755e-17,-1.5664189774093007,5.483006569905302,0.09361512710019948,0.23593800531938047,2.3032359893570664,3.958712318826252,0.7926401448101306,6.365813701035838
alpha_win,2.0,0.2,3.141592653589793,49.182469764127035,True,3.8981718325193755e-17,-0.8107981785098195,4.759061480239568,0.007444548409152318,0.07132377080254493,0.19473046873839106,0.3384370971799555,-0.5465904193709292,4.509544870547155
alpha_dr,2.0,0.2,3.141592653589793,49.182469764127035,True,3.8981718325193755e-17,-0.5092054301991,4.071662472023507,0.006484467996892285,0.06943756189017325,0.19473046873839106,0.3384370971799555,-0.15893866020594283,3.8511821607199126
alpha_cc,2.0,0.2,4.71238898038469,49.182469764127035,True,3.8981718325193755e-17,21.84413419725635,23.476566796576883,-0.16524066115263247,0.4774659876854548,-1.1011159165383977,1.634195961160101,21.298264304680046,22.02732263421545
alpha_refc,2.0,0.2,4.71238898038469,49.182469764127035,True,3.8981718325193755e-17,20.12363816389118,22.122937924123743,0.1032429363498677,0.21823152926705447,1.549750852996179,3.5085573636332024,22.049351556228846,25.055533407463983
alpha_win,2.0,0.2,4.71238898038469,49.182469764127035,True,3.8981718325193755e-17,21.076951838415248,20.988749420996268,0.00223527707354787,0.03143076583664861,0.031036722497224112,0.23266821986249742,21.21642600835831,20.94304589350906
alpha_dr,2.0,0.2,4.71238898038469,49.182469764127035,True,3.8981718325193755e-17,21.45841019422816,21.893884587039047,0.0010447087649856357,0.03010812387918005,0.031036722497246316,0.23266821986249742,21.626517415068047,21.85542295195684
alpha_cc,2.0,0.4,0.0,122.55409284924679,True,3.8981718325193755e-17,2.679992765721373,8.038250066609255,-0.6376566126900074,0.7849112689443993,-9.24485018446919,10.099863420720023,-7.304203529711972,10.244078782458278
alpha_refc,2.0,0.4,0.0,122.55409284924679,True,3.8981718325193755e-17,1.1335093829116571,6.352813778077038,0.6014921706607446,0.7064122253193306,-2.553059923391443,4.164803282494245,-0.6861626445889502,6.5042343138512315
alpha_win,2.0,0.4,0.0,122.55409284924679,True,3.8981718325193755e-17,1.9884192538994538,5.160399463176546,-0.005501129277751815,0.06923820371513845,-0.42502191537761025,0.5784111157974392,1.5994715169792117,4.930558174503319
alpha_dr,2.0,0.4,0.0,122.55409284924679,True,3.8981718325193755e-17,2.333916770601374,4.997908683747321,-0.006126079158397246,0.06988013533768545,-0.42502191537758804,0.5784111157974392,1.9910939184927479,4.717106675921756
alpha_cc,2.0,0.4,1.5707963267948966,122.55409284924679,True,3.8981718325193755e-17,-31.1185844711664,45.72830962880605,-0.6587495520248399,0.8175960096273638,4.024127401869038,4.4757967713984215,-28.10514830320451,41.01776931388574
alpha_refc,2.0,0.4,1.5707963267948966,122.55409284924679,True,3.8981718325193755e-17,-32.09321786777456,46.51979724004276,0.5797016193283655,0.5730412918821592,-2.8133392870055673,4.01004009305348,-33.6318297278844,49.34788221795105
alpha_win,2.0,0.4,1.5707963267948966,122.55409284924679,True,3.8981718325193755e-17,-31.553947410615223,47.41266838976452,0.01134929639892146,0.03578564292401332,-0.06243598693945751,0.2720062799578704,-31.58861375869654,47.49641278255474
alpha_dr,2.0,0.4,1.5707963267948966,122.55409284924679,True,3.8981718325193755e-17,-31.336842671313136,46.05323976076154,0.007868833891744309,0.03254683197024821,-0.062435986939479715,0.2720062799578704,-31.297719381753375,46.14480967054602
alpha_cc,2.0,0.4,3.141592653589793,122.55409284924679,True,3.8981718325193755e-17,2.8363164184035172,7.249041294040559,-0.5845902747108833,1.0533401147607702,11.861850397062534,11.749990106671483,15.36504334718316,15.588199704191696
alpha_refc,2.0,0.4,3.141592653589793,122.55409284924679,True,3.8981718325193755e-17,1.478955790306613,5.777993894344968,0.5724853130636198,0.6536199077342708,4.068715696806957,5.887281176252501,6.2274821586423945,10.136613958929818
alpha_win,2.0,0.4,3.141592653589793,122.55409284924679,True,3.8981718325193755e-17,2.2323301580881028,4.687005633098207,0.01274990888031624,0.11724973440350173,0.3875342987037067,0.5683133594258427,2.6544223430152947,4.681806786283205
alpha_dr,2.0,0.4,3.141592653589793,122.55409284924679,True,3.8981718325193755e-17,2.5316006091371523,4.6403182868073545,0.012664725268440868,0.11517031154772983,0.3875342987037289,0.5683133594258427,3.1634331567062413,4.725564760030965
alpha_cc,2.0,0.4,4.71238898038469,122.55409284924679,True,3.8981718325193755e-17,53.29601518189073,54.445950739584184,-0.6363775985938624,0.8426502677836956,-2.3895901973927547,2.5639490812282784,49.78353976900356,50.18371945885167
alpha_refc,2.0,0.4,4.71238898038469,122.55409284924679,True,3.8981718325193755e-17,51.132784925292384,53.01834870251718,0.5384015947654586,0.58236744070288,3.058116273349598,4.575415211833445,56.83540711563027,59.700179472205186
alpha_win,2.0,0.4,4.71238898038469,122.55409284924679,True,3.8981718325193755e-17,52.33194461736244,51.75401215307125,0.008374914794262445,0.032596554421227,0.053199944008675004,0.2318739162074701,52.49870239871959,51.77061683801445
alpha_dr,2.0,0.4,4.71238898038469,122.55409284924679,True,3.8981718325193755e-17,52.81086125563661,53.007028193222006,0.0037121591730304715,0.03071822302844751,0.05319994400869721,0.2318739162074701,53.07537319149274,53.02659853800908
alpha_cc,2.7,0.05,0.0,10.517091807564771,False,0.09537707681490445,-0.42403415528908805,7.982663970421933,-0.025946531611265033,0.3754442595910845,0.33527430632225297,1.603815622852478,0.8154773245467206,7.050488242287356
alpha_refc,2.7,0.05,0.0,10.517091807564771,False,0.09537707681490445,-3.34831277077583,6.683554829441207,-0.04036600324698325,0.23138405800988693,0.29199511527966404,2.860038162195022,-3.105713101184271,7.378023869177519
alpha_win,2.7,0.05,0.0,10.517091807564771,False,0.09537707681490445,-3.0216836403245018,6.2783325423513725,0.0006182838015345027,0.03306512127512207,0.01980102000957995,0.24674335148726634,-3.089650687378487,6.143639767916764
alpha_dr,2.7,0.05,0.0,10.517091807564771,False,0.09537707681490445,-2.431756682962727,5.737474499720485,-0.0001630965598797829,0.03152303389848399,0.01980102000957995,0.24674335148726634,-2.6728763178008097,5.613510375735364
alpha_cc,2.7,0.05,1.5707963267948966,10.517091807564771,False,0.09537707681490445,-0.838192780056346,8.871016902591311,-0.03685861651346878,0.3861536682869149,0.40195677897614246,1.7435003307248342,-0.5217270320228895,7.884396716146869
alpha_refc,2.7,0.05,1.5707963267948966,10.517091807564771,False,0.09537707681490445,-2.4622686576632025,7.016098402087656,-0.03211551003147184,0.23040190847005704,0.2578937325472319,2.8568157955994877,-3.200501041541215,7.158795439759458
alpha_win,2.7,0.05,1.5707963267948966,10.517091807564771,False,0.09537707681490445,-3.093930938607725,7.078890610087196,0.0010737032962282456,0.03402114931809752,0.00955438274652387,0.24033826665830205,-3.0808649770352914,6.958561849530054
alpha_dr,2.7,0.05,1.5707963267948966,10.517091807564771,False,0.09537707681490445,-1.198979202325401,6.559707843323026,-0.000801557143492726,0.03308882914550004,0.00955438274652387,0.24033826665830205,-1.1862950165212882,6.448910977884692
alpha_cc,2.7,0.05,3.141592653589793,10.517091807564771,False,0.09537707681490445,-0.7645859747491879,8.209541468336834,-0.04295660471621554,0.40923023433518946,0.6725051422036055,1.6770611786201206,-0.13888572453299997,7.401801760919047
alpha_refc,2.7,0.05,3.141592653589793,10.517091807564771,False,0.09537707681490445,-2.635339899686595,7.485917241117845,-0.020750395222801643,0.24877906221345558,0.31015927104578456,2.914529825821055,-1.1603969489025756,7.181914059031547
alpha_win,2.7,0.05,3.141592653589793,10.517091807564771,False,0.09537707681490445,-1.7689662560022912,6.940590781118394,-9.66576372718464e-05,0.030764247428605174,-0.012602304711295531,0.23286095432912823,-1.6481406286872002,6.8267362695655365
alpha_dr,2.7,0.05,3.141592653589793,10.517091807564771,False,0.09537707681490445,-1.8635291899476325,6.135452926927987,-0.002284322892387447,0.02970395375319068,-0.012602304711273327,0.23286095432912823,-2.3086596678087212,6.028335834159315
alpha_cc,2.7,0.05,4.71238898038469,10.517091807564771,False,0.09537707681490445,-0.8185916557603479,7.185458271249545,-0.028278877814946757,0.3975264142639823,0.5787446699662357,1.523858448771831,-0.2727942534219485,6.450320434281909
alpha_refc,2.7,0.05,4.71238898038469,10.517091807564771,False,0.09537707681490445,-0.3269716665025846,7.094936511559968,-0.029533747271326405,0.24962658688756356,0.1338455767986524,2.9178620580605052,-1.6206889004599323,7.351123293966189
alpha_win,2.7,0.05,4.71238898038469,10.517091807564771,False,0.09537707681490445,-1.67686858252587,6.0424299544032944,0.00013493725754543107,0.029844372908005568,-0.013026111282088415,0.2391802884513794,-1.5832109135458294,5.91460056655424
alpha_dr,2.7,0.05,4.71238898038469,10.517091807564771,False,0.09537707681490445,-0.5368025064852011,5.160186247959819,-0.0009391646551115684,0.02809292848924283,-0.01302611128206621,0.2391802884513794,-0.547751518854156,5.038003320160822
alpha_cc,2.7,0.1,0.0,22.140275816016985,False,0.09537707681490445,1.9191718360580312,10.501389582812992,-0.03589986419347824,0.36631727239453404,0.8276613741841743,1.789599213163573,2.125211412099337,9.22622816818115
alpha_refc,2.7,0.1,0.0,22.140275816016985,False,0.09537707681490445,-3.6012317666646143,9.289085091773664,-0.025580774749056623,0.2156314824918848,0.28095144701392183,2.8535123574946253,-1.9254223746336674,10.200667283089992
alpha_win,2.7,0.1,0.0,22.140275816016985,False,0.09537707681490445,-2.219713814376123,9.039488285288911,0.0008832567060856888,0.034856994325616064,0.023178562156855875,0.25696393263971995,-2.330480932369283,8.91614402511911
alpha_dr,2.7,0.1,0.0,22.140275816016985,False,0.09537707681490445,0.21136311540466135,8.798479034975193,-0.0007187407231823428,0.03310736075621268,0.023178562156900284,0.25696393263971995,-0.42636900290076163,8.687556847788503
alpha_cc,2.7,0.1,1.5707963267948966,22.140275816016985,False,0.09537707681490445,2.4411978265074685,11.844403179020691,-0.04979496777025583,0.38673641716575613,0.583664072281187,2.0296199793899072,1.0391209755927777,10.486671260026403
alpha_refc,2.7,0.1,1.5707963267948966,22.140275816016985,False,0.09537707681490445,-2.8735328429721263,9.720525507276578,-0.018898846143577952,0.21462031416366045,0.38650954062342535,2.847413976967128,-2.2543695579725354,9.826104746310648
alpha_win,2.7,0.1,1.5707963267948966,22.140275816016985,False,0.09537707681490445,-2.2047048637182654,10.141397775435589,0.0006637716293944607,0.0367675263363898,0.019618077898697628,0.24427143462344425,-1.9414674239609853,10.031378576621153
alpha_dr,2.7,0.1,1.5707963267948966,22.140275816016985,False,0.09537707681490445,0.39809895297020503,9.870806792745125,-0.0024463416337217048,0.036153335317967716,0.01961807789876424,0.24427143462344425,0.11109159102433708,9.769822712798337
alpha_cc,2.7,0.1,3.141592653589793,22.140275816016985,False,0.09537707681490445,1.539015830023338,10.851433555121925,-0.05579159885567009,0.4336255927412047,0.2588831109680889,1.9187081440432907,2.001051364870876,9.77521661280325
alpha_refc,2.7,0.1,3.141592653589793,22.140275816016985,False,0.09537707681490445,-2.2922595916841093,10.477543649762477,0.0023062470740464747,0.2520710622353928,0.2839820106897317,2.9623288595100883,-1.5536024040836094,9.89756146912173
alpha_win,2.7,0.1,3.141592653589793,22.140275816016985,False,0.09537707681490445,-0.7980388439600583,9.990141300454635,-0.00038869504870309157,0.03033115457526936,-0.021891909400739706,0.22963141906642281,-0.7097849782663035,9.889905003724909
alpha_dr,2.7,0.1,3.141592653589793,22.140275816016985,False,0.09537707681490445,-2.271118662279692,9.335214717860275,-0.0033860129115548254,0.029532431845358253,-0.021891909400739706,0.22963141906642281,-2.2849680225993207,9.242551448619807
alpha_cc,2.7,0.1,4.71238898038469,22.140275816016985,False,0.09537707681490445,-0.7050250505354128,9.18184024866051,-0.04021953980761772,0.40924171883287563,0.47046086086137695,1.6348817520830616,0.49550215493392447,8.223184690652484
alpha_refc,2.7,0.1,4.71238898038469,22.140275816016985,False,0.09537707681490445,-1.099384262707781,9.841482986200202,-0.013374879993022226,0.25263989407200427,0.07585710714026472,2.968864881727473,-0.9498839288646588,10.121290076712164
alpha_win,2.7,0.1,4.71238898038469,22.140275816016985,False,0.09537707681490445,-2.9480476821289625,8.637324079574737,0.00015285018697408503,0.028578718603755604,0.008628760249518308,0.2419576580728222,-2.782172441281372,8.527093897130422
alpha_dr,2.7,0.1,4.71238898038469,22.140275816016985,False,0.09537707681490445,-1.1529076079289324,7.952465533440001,-0.001445151801826583,0.02633420380000473,0.008628760249518308,0.2419576580728222,-0.7909194085303661,7.852216781271437
alpha_cc,2.7,0.2,0.0,49.182469764127035,False,0.09537707681490445,1.652749190480729,17.744524553078467,-0.10042268363934514,0.3701195798748502,0.4980504505199157,2.452875758420503,2.152070900199754,15.546108252883473
alpha_refc,2.7,0.2,0.0,49.182469764127035,False,0.09537707681490445,-2.8077538349405295,16.6910002631425,0.055516427615454056,0.18732392688098898,0.31924935542630983,2.8821328936844193,-0.9446289845579381,17.771647360055187
alpha_win,2.7,0.2,0.0,49.182469764127035,False,0.09537707681490445,-1.3068083365541439,16.568038129147446,0.0004023736487113183,0.039496510425474085,-0.0025124005599064247,0.28285600612025785,-0.9647500586140279,16.43432984361859
alpha_dr,2.7,0.2,0.0,49.182469764127035,False,0.09537707681490445,-2.599644818952007,16.61685486794895,-5.0712512345008065e-05,0.03740006713230937,-0.0025124005599064247,0.28285600612028006,-2.4765728400802933,16.49264795620582
alpha_cc,2.7,0.2,1.5707963267948966,49.182469764127035,False,0.09537707681490445,-0.8591366097281283,19.38585897349001,-0.10736168842343519,0.4065047010566314,0.6340281907410317,2.7906402205277514,-1.300878661428917,17.079230344668673
alpha_refc,2.7,0.2,1.5707963267948966,49.182469764127035,False,0.09537707681490445,-2.594434541590762,17.05025397422084,0.05207550731249899,0.19485289657119598,0.6541404907393078,2.8722070907102992,-2.943240042778905,17.171083736578517
alpha_win,2.7,0.2,1.5707963267948966,49.182469764127035,False,0.09537707681490445,-0.7970085191016496,17.770730109979425,0.00011090758338383466,0.04323483212116397,0.01906069246775388,0.25854470195418866,-1.033262363486931,17.6487449995409
alpha_dr,2.7,0.2,1.5707963267948966,49.182469764127035,False,0.09537707681490445,-1.389170119062677,17.752673964185163,-0.001345890503146041,0.04310429631653179,0.019060692467776086,0.25854470195418866,-1.6251400279235106,17.636460041592827
alpha_cc,2.7,0.2,3.141592653589793,49.182469764127035,False,0.09537707681490445,3.151053232133161,18.168877767635138,-0.12001463272759416,0.5013018177197015,0.1874946606866601,2.637488518936837,3.8359132783098104,16.247692506763634
alpha_refc,2.7,0.2,3.141592653589793,49.182469764127035,False,0.09537707681490445,-2.51131808533932,18.14418459335485,0.06452652684640903,0.2679756527387722,0.3503730163139096,3.098505690244746,-0.5820233984949796,17.34901292876261
alpha_win,2.7,0.2,3.141592653589793,49.182469764127035,False,0.09537707681490445,0.815405823164328,17.700070067089023,-0.0008316930286023094,0.03097808763374843,-0.015680379815230516,0.2313886820928257,0.837479682620379,17.58837211778348
alpha_dr,2.7,0.2,3.141592653589793,49.182469764127035,False,0.09537707681490445,-0.7872361437226694,17.21890831571631,-0.005101572949772759,0.030685645285966068,-0.015680379815186107,0.2313886820928479,-0.7543996814458498,17.112677578000234
alpha_cc,2.7,0.2,4.71238898038469,49.182469764127035,False,0.09537707681490445,1.116438123401653,15.91177096349834,-0.10352741478198979,0.44924405451662874,0.5914794237080079,2.1931711160561473,0.5459851991686859,14.141679656203877
alpha_refc,2.7,0.2,4.71238898038469,49.182469764127035,False,0.09537707681490445,0.5304755659322868,17.216755570895657,0.06150772368156421,0.2607078510594052,0.0783426524119335,3.110138839594967,1.450696550913655,17.56847845281817
alpha_win,2.7,0.2,4.71238898038469,49.182469764127035,False,0.09537707681490445,-0.13085829566139573,15.93268002749979,-0.001048830777738985,0.02803392799244353,0.037854928439462476,0.25392657793545936,-0.5220205961069979,15.819298745063293
alpha_dr,2.7,0.2,4.71238898038469,49.182469764127035,False,0.09537707681490445,-0.8869884368797321,15.485168943241522,-0.0027287676922838067,0.02475106909707314,0.03785492843944027,0.25392657793548157,-1.2787517187482278,15.38069211776072
alpha_cc,2.7,0.4,0.0,122.55409284924679,False,0.09537707681490445,5.429843383948119,36.17934421330518,-0.35429419676898943,0.5272658996657631,0.5183674328644639,4.29765180574937,2.0498629057041695,31.46075788479157
alpha_refc,2.7,0.4,0.0,122.55409284924679,False,0.09537707681490445,1.5168286282962073,35.17100751996105,0.3481731008172506,0.39395796657941684,0.05547203540161583,3.1061677815985123,4.423106157892942,36.53659188587437
alpha_win,2.7,0.4,0.0,122.55409284924679,False,0.09537707681490445,3.1397038159952206,35.063152017455025,0.0036372927342487316,0.05201494321764866,-0.06528881832186251,0.3515900823742646,3.400755302650582,34.84848764415616
alpha_dr,2.7,0.4,0.0,122.55409284924679,False,0.09537707681490445,1.8015283488560074,35.3824387279031,0.0032285374786944487,0.04940025891373434,-0.0652888183218403,0.3515900823742646,2.0125779634830643,35.174417512491814
alpha_cc,2.7,0.4,1.5707963267948966,122.55409284924679,False,0.09537707681490445,-5.817023371815733,37.82374769344374,-0.36009747686632787,0.5769256198428829,0.9562224180895473,4.67085304884145,-2.4527778416329027,33.00190694033358
alpha_refc,2.7,0.4,1.5707963267948966,122.55409284924679,False,0.09537707681490445,5.502415812099026,35.11530892880372,0.3836933028506184,0.43438086628950767,0.9205009024412236,3.1010667975014394,4.334651149759972,35.432457589536504
alpha_win,2.7,0.4,1.5707963267948966,122.55409284924679,False,0.09537707681490445,-2.903743097845335,36.069148122305414,0.0037820873510119313,0.059056021410763826,0.0008035954366603093,0.30966789719855115,-3.044538988274814,35.86990034258961
alpha_dr,2.7,0.4,1.5707963267948966,122.55409284924679,False,0.09537707681490445,-3.4759414652189347,36.30809974417264,0.007138472915269034,0.05948202472505493,0.0008035954366603093,0.30966789719855115,-3.6170576009997957,36.11125608679493
alpha_cc,2.7,0.4,3.141592653589793,122.55409284924679,False,0.09537707681490445,4.624575651288687,36.53666260273391,-0.38001866795014383,0.7494863997586698,-0.953632370422719,4.490080227247639,4.051306154534839,32.251600554333095
alpha_refc,2.7,0.4,3.141592653589793,122.55409284924679,False,0.09537707681490445,1.892979842307363,36.7502919808981,0.419010173029033,0.49752249102568147,0.32054185105634403,3.530751190497572,1.5562098187747342,35.839170577643095
alpha_win,2.7,0.4,3.141592653589793,122.55409284924679,False,0.09537707681490445,5.152845367297942,36.24910434106647,-0.00033195077249192906,0.037781049111096365,-0.06098997632084657,0.2680368106201536,4.89918004957548,36.05427653191591
alpha_dr,2.7,0.4,3.141592653589793,122.55409284924679,False,0.09537707681490445,3.677556198978227,35.92516628694455,-0.003848648494275686,0.038153507704019596,-0.06098997632084657,0.2680368106201536,3.8198619420576785,35.73364500450964
alpha_cc,2.7,0.4,4.71238898038469,122.55409284924679,False,0.09537707681490445,9.574793249903557,33.61910833545374,-0.3406286937283398,0.6427988294020137,-0.10067301195162415,3.9024629844360392,6.981179745551591,29.505833215440937
alpha_refc,2.7,0.4,4.71238898038469,122.55409284924679,False,0.09537707681490445,8.931882971187699,35.38448592631924,0.37640047929314857,0.45207106676281583,0.34650770171322787,3.541554858411966,9.248616592305003,36.02643429361858
alpha_win,2.7,0.4,4.71238898038469,122.55409284924679,False,0.09537707681490445,2.6304585871560926,33.929584746452775,-0.004677168528266495,0.034727735132267235,-0.03869952262579579,0.30033991892786105,2.537976852836721,33.74535842739785
alpha_dr,2.7,0.4,4.71238898038469,122.55409284924679,False,0.09537707681490445,2.808111300085181,33.68108857337661,-0.004704179608405745,0.02993990237845079,-0.038699522625773586,0.30033991892786105,2.71873806287255,33.50389434841801
alpha_cc,3.0,0.05,0.0,10.517091807564771,True,3.8981718325193755e-17,-1.1768818498925526,7.0892063803438266,-0.041690864368859604,0.3730941437219526,-0.42559671538492383,1.4820925404616325,-0.9184124020950923,6.481040831380835
alpha_refc,3.0,0.05,0.0,10.517091807564771,True,3.8981718325193755e-17,-2.581083070142387,5.9213671715549365,-0.03632962900183001,0.25505603131219523,0.24926576286969926,2.8375229154465442,-2.6111929221791397,6.1540076611441785
alpha_win,3.0,0.05,0.0,10.517091807564771,True,3.8981718325193755e-17,-1.803518295737172,5.347626705896458,-0.001572585387255021,0.02692499468737175,-0.024578981339040684,0.2458050357505126,-1.7711870138435448,5.231889056156813
alpha_dr,3.0,0.05,0.0,10.517091807564771,True,3.8981718325193755e-17,-1.491535396956467,4.488757188426895,-0.004334558224605711,0.025880907869457737,-0.02457898133901848,0.2458050357505126,-1.4222220004958541,4.373722462407215
alpha_cc,3.0,0.05,1.5707963267948966,10.517091807564771,True,3.8981718325193755e-17,-5.9904112078492,9.413233226672645,-0.03759432295115106,0.38933560159279956,0.6493431075557998,1.6445104546031653,-4.676566146726047,8.449184605435779
alpha_refc,3.0,0.05,1.5707963267948966,10.517091807564771,True,3.8981718325193755e-17,-7.31886588878583,9.035220763174268,-0.03232504789240087,0.24079526029276987,0.11101351601108256,2.842317101952485,-7.428276743578522,8.89387625185607
alpha_win,3.0,0.05,1.5707963267948966,10.517091807564771,True,3.8981718325193755e-17,-6.583161624742473,9.123053601713549,0.0004306856262514813,0.031725853752662125,-0.003954307914511013,0.23963633246786298,-6.516112044363531,9.053543994491452
alpha_dr,3.0,0.05,1.5707963267948966,10.517091807564771,True,3.8981718325193755e-17,-6.28811826330542,8.031504108271914,-0.0009223610764497181,0.030376379766194894,-0.003954307914488808,0.23963633246786298,-6.184631139132534,7.971164654798013
alpha_cc,3.0,0.05,3.141592653589793,10.517091807564771,True,3.8981718325193755e-17,-1.1640791122713212,7.009899586914381,-0.031398260151715984,0.4116490117908045,1.4370116522808507,2.0748586562950644,0.9754765298913393,6.26781208077809
alpha_refc,3.0,0.05,3.141592653589793,10.517091807564771,True,3.8981718325193755e-17,-2.552794932280611,5.857140024998997,-0.03459267592450521,0.22862835599659626,0.36038947217615913,2.9396448202444914,-2.410468946258826,6.071795544027592
alpha_win,3.0,0.05,3.141592653589793,10.517091807564771,True,3.8981718325193755e-17,-1.7835474635213844,5.288773392908208,0.0033512183418515917,0.03738935701471657,0.030518144395985658,0.2394657321452387,-1.66693831101975,5.125867117351812
alpha_dr,3.0,0.05,3.141592653589793,10.517091807564771,True,3.8981718325193755e-17,-1.4753456067006954,4.4398406486802156,-0.0002877691627767298,0.035909114667354025,0.030518144395963454,0.2394657321452387,-1.3252680726552168,4.2819513928328945
alpha_cc,3.0,0.05,4.71238898038469,10.517091807564771,True,3.8981718325193755e-17,3.8965716984437737,8.183620353971088,-0.03226211453625227,0.39370952465243025,0.3600953968335707,1.5023973003559288,4.959559389212376,7.753778781711818
alpha_refc,3.0,0.05,4.71238898038469,10.517091807564771,True,3.8981718325193755e-17,2.428626815955215,6.584465417533769,-0.03451288792286622,0.23883909003439285,0.4881625671358636,2.9398330503499936,2.6510272812390046,7.517023127177236
alpha_win,3.0,0.05,4.71238898038469,10.517091807564771,True,3.8981718325193755e-17,3.2416671032512223,5.38107639668175,6.444176143816094e-05,0.0316855101547997,-0.0004755401952216687,0.2377493343382664,3.323717496631673,5.219787407399057
alpha_dr,3.0,0.05,4.71238898038469,10.517091807564771,True,3.8981718325193755e-17,3.567577089017382,5.4804257118896915,-0.0007529175204745719,0.030403260886391337,-0.0004755401952660776,0.2377493343382664,3.683668758398251,5.34331637248735
alpha_cc,3.0,0.1,0.0,22.140275816016985,True,3.8981718325193755e-17,-0.9979599893826796,7.103408662259669,-0.03696673101271086,0.36199117466952924,-1.4032364266430064,1.8835915244275858,-1.6768307867477072,6.717778434027277
alpha_refc,3.0,0.1,0.0,22.140275816016985,True,3.8981718325193755e-17,-2.412534584141235,5.897103481789956,-0.013059078741795016,0.2667900070079332,0.11350676442840602,2.8099727628212,-2.5050497450484044,6.1613884407139
alpha_win,3.0,0.1,0.0,22.140275816016985,True,3.8981718325193755e-17,-1.62935403423633,5.286946582543139,-0.003914955026695921,0.023629358894927677,-0.045777108586864124,0.260313471045337,-1.6385424099100154,5.1896011923227015
alpha_dr,3.0,0.1,0.0,22.140275816016985,True,3.8981718325193755e-17,-1.3148966768610548,4.446882125403606,-0.004578719619652283,0.022983502914142306,-0.04577710858688633,0.260313471045337,-1.2855810839880633,4.3474921185510995
alpha_cc,3.0,0.1,1.5707963267948966,22.140275816016985,True,3.8981718325193755e-17,-10.40757555999311,13.545797813810644,-0.05184742280932575,0.39227524633305144,0.8674703170735931,1.7457627927960573,-8.989444629914068,12.428822457747014
alpha_refc,3.0,0.1,1.5707963267948966,22.140275816016985,True,3.8981718325193755e-17,-11.673708052810984,13.59778064746202,-0.013824409691176598,0.2344160983551724,-0.08496745086145063,2.827771594176043,-11.920201214193716,13.499762415563165
alpha_win,3.0,0.1,1.5707963267948966,22.140275816016985,True,3.8981718325193755e-17,-10.972555336211798,13.968867044345213,0.0007940897390534829,0.031805591584865844,-0.004518171520517811,0.24075940442531696,-10.91203292535221,13.931765383079163
alpha_dr,3.0,0.1,1.5707963267948966,22.140275816016985,True,3.8981718325193755e-17,-10.691304135905455,12.842657124797551,-0.0009802045607298915,0.03040746606002287,-0.004518171520540015,0.24075940442531696,-10.593304608118824,12.815397645466952
alpha_cc,3.0,0.1,3.141592653589793,22.140275816016985,True,3.8981718325193755e-17,-0.9723331735023932,6.9451228936678655,-0.03549450985117497,0.4379952912425322,2.44933186696632,2.798568233922949,2.120381642566005,6.407575700012669
alpha_refc,3.0,0.1,3.141592653589793,22.140275816016985,True,3.8981718325193755e-17,-2.3559111549387057,5.768999701386268,-0.024653106622396503,0.2147372774037981,0.5314669474229206,3.016143264702653,-1.862227162254504,6.025290758166824
alpha_win,3.0,0.1,3.141592653589793,22.140275816016985,True,3.8981718325193755e-17,-1.5893790800387109,5.169573285540663,0.001401560286251602,0.04369595614597266,0.06431443675982695,0.24829501649097363,-1.4295576071638227,4.982422510540752
alpha_dr,3.0,0.1,3.141592653589793,22.140275816016985,True,3.8981718325193755e-17,-1.2824901098540509,4.349353651469023,-0.0002592587423633219,0.04210739800099006,0.06431443675982695,0.24829501649097363,-1.0911971754923755,4.170221886829362
alpha_cc,3.0,0.1,4.71238898038469,22.140275816016985,True,3.8981718325193755e-17,9.428241004706429,12.114516439669764,-0.04329121355376442,0.4009029436690126,0.16226525467424313,1.4625497321364644,10.33871597717999,11.791218808429216
alpha_refc,3.0,0.1,4.71238898038469,22.140275816016985,True,3.8981718325193755e-17,7.882255969330498,10.61171817465183,-0.01353223033253581,0.2306384912401649,0.6710700970296468,3.018439882890256,8.388839500525535,12.003854630940047
alpha_win,3.0,0.1,4.71238898038469,22.140275816016985,True,3.8981718325193755e-17,8.738564447694763,9.414904864397222,6.300189028252134e-05,0.031721712165788674,0.001990917782013213,0.23698241987715196,8.8293210739403,9.304950418881797
alpha_dr,3.0,0.1,4.71238898038469,22.140275816016985,True,3.8981718325193755e-17,9.081741640815322,10.012379569032891,-0.0005345162893410915,0.030458346596895503,0.001990917781968804,0.23698241987715196,9.20510695553256,9.919396104375245
alpha_cc,3.0,0.2,0.0,49.182469764127035,True,3.8981718325193755e-17,-0.26778460829466333,7.134040273967868,-0.09299426405181555,0.3625582393958604,-3.3257717171093715,3.339974511092758,-2.8383946601157284,7.2283267601797485
alpha_refc,3.0,0.2,0.0,49.182469764127035,True,3.8981718325193755e-17,-1.7084565437729404,5.796399129333363,0.06762180686195052,0.2974307382160424,-0.1662399846627194,2.796130681153697,-1.8862972945816514,6.120516852661062
alpha_win,3.0,0.2,0.0,49.182469764127035,True,3.8981718325193755e-17,-0.9110818506544494,5.045516705058883,-0.0046370564901754285,0.0235484519623963,-0.1098989472070655,0.3069356721073335,-1.0031490761606476,4.962306361199853
alpha_dr,3.0,0.2,0.0,49.182469764127035,True,3.8981718325193755e-17,-0.5904864579944102,4.307909615408989,-0.005485920604553218,0.02386585649385431,-0.10989894720702109,0.3069356721073335,-0.6414853745398852,4.213226605736309
alpha_cc,3.0,0.2,1.5707963267948966,49.182469764127035,True,3.8981718325193755e-17,-18.324969373846766,23.51915631280257,-0.09250342372060238,0.41225668143003436,1.3338800372133974,2.005924554895655,-16.72864900957014,22.01527484209247
alpha_refc,3.0,0.2,1.5707963267948966,49.182469764127035,True,3.8981718325193755e-17,-19.47938955299785,23.959277929225475,0.05236325930859653,0.22067555617604206,-0.5650814024508732,2.8773041368166163,-19.956022123735284,24.258016984032405
alpha_win,3.0,0.2,1.5707963267948966,49.182469764127035,True,3.8981718325193755e-17,-18.8401684250486,24.58619714526207,0.001207921433099557,0.032098300324290285,-0.005993576275153956,0.2433823159226245,-18.79122684091413,24.578181109523655
alpha_dr,3.0,0.2,1.5707963267948966,49.182469764127035,True,3.8981718325193755e-17,-18.583642201775564,23.39813284317995,-0.000497911317065558,0.03056968942922733,-0.005993576275153956,0.2433823159226245,-18.495309214208,23.398759292482673
alpha_cc,3.0,0.2,3.141592653589793,49.182469764127035,True,3.8981718325193755e-17,-0.2163599951751971,6.822313344577613,-0.07058146040211932,0.5054262122875297,4.2252556188877355,4.492316023801579,4.831778128716824,7.428224610134815
alpha_refc,3.0,0.2,3.141592653589793,49.182469764127035,True,3.8981718325193755e-17,-1.5948318913206694,5.545575007245196,0.04488997295382102,0.20541300970111642,0.9304310428186913,3.2236854013626637,-0.7273389091968063,6.079859323997749
alpha_win,3.0,0.2,3.141592653589793,49.182469764127035,True,3.8981718325193755e-17,-0.8308652243883774,4.816149268628811,0.0038094061975746385,0.057410606967889244,0.13273959855966133,0.2868996110235278,-0.6123640054811141,4.594788358557267
alpha_dr,3.0,0.2,3.141592653589793,49.182469764127035,True,3.8981718325193755e-17,-0.5254571079658099,4.11874585013976,0.00287866801154113,0.05570331448139232,0.13273959855963913,0.28689961102355,-0.2488896183852063,3.9185676075070175
alpha_cc,3.0,0.2,4.71238898038469,49.182469764127035,True,3.8981718325193755e-17,21.844398910023322,23.4772766594471,-0.09309999555814352,0.4284817069777791,-0.21689068169983283,1.445815772967296,22.376980275871627,22.92633914241302
alpha_refc,3.0,0.2,4.71238898038469,49.182469764127035,True,3.8981718325193755e-17,20.123255233662828,22.124193686941098,0.04955300043074651,0.21480178243804549,1.029756282317451,3.2252522585353605,21.543926146772762,24.330305311326185
alpha_win,3.0,0.2,4.71238898038469,49.182469764127035,True,3.8981718325193755e-17,21.076680513985213,20.989568528805826,0.0004480080220803373,0.031904608157473646,0.006585901851452469,0.235803408645352,21.18798698234057,20.919867587692664
alpha_dr,3.0,0.2,4.71238898038469,49.182469764127035,True,3.8981718325193755e-17,21.458609799429507,21.894545310198453,0.0001689387232550743,0.030647995026478192,0.006585901851452469,0.235803408645352,21.59895262600562,21.831807532175173
alpha_cc,3.0,0.4,0.0,122.55409284924679,True,3.8981718325193755e-17,2.7060529981561388,7.903432277691125,-0.3249204082241275,0.49822272610482443,-6.4789841854019254,6.903880786396077,-3.850100645135013,7.80450739599996
alpha_refc,3.0,0.4,0.0,122.55409284924679,True,3.8981718325193755e-17,1.1910716905525476,6.254601153283956,0.3809410229073995,0.48918465873402095,-0.4024334536536056,2.8976083244909745,1.0034277781975964,6.539387206877878
alpha_win,3.0,0.4,0.0,122.55409284924679,True,3.8981718325193755e-17,2.029073467638254,5.077849835732873,-0.004953815499586511,0.042985444695409214,-0.27405007865388686,0.443898973803436,1.7661751866143494,4.853900015558343
alpha_dr,3.0,0.4,0.0,122.55409284924679,True,3.8981718325193755e-17,2.3668676153042023,4.935342443393598,-0.004669477787799803,0.043846727505103544,-0.27405007865392017,0.443898973803436,2.1479975245608296,4.680290614607152
alpha_cc,3.0,0.4,1.5707963267948966,122.55409284924679,True,3.8981718325193755e-17,-31.11889071629288,45.73390355264242,-0.3083013445796423,0.5481305761448452,2.128906923125551,2.752654153606704,-29.239116114447494,43.13755305321359
alpha_refc,3.0,0.4,1.5707963267948966,122.55409284924679,True,3.8981718325193755e-17,-32.09277487528912,46.522377925495384,0.30385747261885143,0.37277576012111346,-1.4234279094501257,3.326859517338243,-32.90846889366262,48.02394443558193
alpha_win,3.0,0.4,1.5707963267948966,122.55409284924679,True,3.8981718325193755e-17,-31.55363352674978,47.415371323179656,0.002856438257126115,0.03336340390458492,-0.010525163105534752,0.25034906068668317,-31.52397360398561,47.43709031612335
alpha_dr,3.0,0.4,1.5707963267948966,122.55409284924679,True,3.8981718325193755e-17,-31.337073596682774,46.05541692571724,0.0006432151510527007,0.03140646049686335,-0.010525163105556956,0.25034906068668317,-31.26421225231909,46.0846849095323
alpha_cc,3.0,0.4,3.141592653589793,122.55409284924679,True,3.8981718325193755e-17,2.8102783018505884,7.376916973892889,-0.2620775381322771,0.7196150270504909,8.141610173621183,8.303139101521406,11.979026643169632,12.660177184326304
alpha_refc,3.0,0.4,3.141592653589793,122.55409284924679,True,3.8981718325193755e-17,1.4213615250608047,5.871176132797573,0.3047059815892039,0.4162535848947879,2.0264117363223866,3.869024632664564,3.9222553415700245,8.070522764911935
alpha_win,3.0,0.4,3.141592653589793,122.55409284924679,True,3.8981718325193755e-17,2.1916532960861934,4.762040025679792,0.0011981290879425899,0.08737907032034808,0.27524004109817923,0.4196809611226371,2.517487470114377,4.688933274370166
alpha_dr,3.0,0.4,3.141592653589793,122.55409284924679,True,3.8981718325193755e-17,2.4986664464852426,4.696817637209039,0.0011876778768016294,0.08559576672024782,0.27524004109822364,0.4196809611226371,2.964451740857177,4.69367981262323
alpha_cc,3.0,0.4,4.71238898038469,122.55409284924679,True,3.8981718325193755e-17,53.2966636950154,54.44909652133696,-0.29877277223436804,0.5723858150519012,-0.9357750172302448,1.6429441150379809,52.63233029684058,52.67230830868876
alpha_refc,3.0,0.4,4.71238898038469,122.55409284924679,True,3.8981718325193755e-17,51.13184678186706,53.02129517682077,0.32332803217476336,0.37610265273384513,2.0139439398563885,3.795683010097073,54.787907118918675,57.61552304372035
alpha_win,3.0,0.4,4.71238898038469,122.55409284924679,True,3.8981718325193755e-17,52.33127989943769,51.756285875929755,0.001689823060302409,0.03275643196667399,0.015250129484312147,0.23495121748899894,52.48811431763096,51.70612379885318
alpha_dr,3.0,0.4,4.71238898038469,122.55409284924679,True,3.8981718325193755e-17,52.81135026137316,53.00886092592763,0.0006334919751882495,0.03136253461826222,0.015250129484312147,0.23495121748899894,52.999261514784536,52.96091644487228
alpha_cc,4.35,0.05,0.0,10.517091807564771,False,0.06519912305825612,-2.370618955737236,8.895629389632242,-0.02857749409002075,0.3960786025470675,0.48396793243750125,1.5359327017766322,-1.5833730295777948,8.220932340309894
alpha_refc,4.35,0.05,0.0,10.517091807564771,False,0.06519912305825612,-1.6948753278436368,6.5674851198109785,-0.03647621618606545,0.2467565287267215,0.297035977564164,2.864557045835925,-0.9178049609055106,6.343036370640198
alpha_win,4.35,0.05,0.0,10.517091807564771,False,0.06519912305825612,-4.932909434543175,7.166029401026797,0.0007908669649614453,0.030636257896698993,0.00616515129057138,0.23738936527983867,-5.226433133463737,7.07563311827184
alpha_dr,4.35,0.05,0.0,10.517091807564771,False,0.06519912305825612,-2.6861095607677687,6.222626440848611,-0.0012966798328850615,0.02933551627364306,0.006165151290615789,0.23738936527983867,-2.3566662848189646,6.140114341079594
alpha_cc,4.35,0.05,1.5707963267948966,10.517091807564771,False,0.06519912305825612,0.350447828077205,7.193832798334343,-0.033933029507859924,0.3971829901761259,0.6997809460428162,1.6054658777973074,1.0064486999780131,6.453715620837386
alpha_refc,4.35,0.05,1.5707963267948966,10.517091807564771,False,0.06519912305825612,-1.9425610136489913,5.886821538923925,-0.030758096582605976,0.24481023160884963,0.2683193534797734,2.893351721126791,-2.753801256267785,6.674729852168504
alpha_win,4.35,0.05,1.5707963267948966,10.517091807564771,False,0.06519912305825612,-1.877385268206322,7.2838127414466936,8.29454048778544e-05,0.031639573791908404,-0.0020289121176353397,0.23344833439813417,-2.0654742693053785,7.126314627030572
alpha_dr,4.35,0.05,1.5707963267948966,10.517091807564771,False,0.06519912305825612,-0.7918687164238603,6.370393773540339,-0.0006390186764515526,0.030275033006166296,-0.0020289121176131353,0.23344833439815638,-1.221400449483423,6.21073889669046
alpha_cc,4.35,0.05,3.141592653589793,10.517091807564771,False,0.06519912305825612,-1.2410857123623997,6.831141896329962,-0.03593609592250635,0.3856658271033764,0.6497402848537837,1.610746548161024,0.2632889133713956,6.346665521072725
alpha_refc,4.35,0.05,3.141592653589793,10.517091807564771,False,0.06519912305825612,-2.290390438989365,7.215236343220233,-0.029230705580129968,0.23562313595695272,0.30505639885862745,2.8989078557648984,-1.2853440901979818,7.805988567920319
alpha_win,4.35,0.05,3.141592653589793,10.517091807564771,False,0.06519912305825612,-2.529180488495686,5.562559867513306,0.0005786113379979696,0.032818207727780546,0.0015830403625516354,0.24027400445367775,-2.7136577076157242,5.418647205426597
alpha_dr,4.35,0.05,3.141592653589793,10.517091807564771,False,0.06519912305825612,-1.6028927371091295,5.148327429106492,-0.0012934605646441888,0.03149552512693443,0.001583040362529431,0.24027400445367775,-1.7017397439426984,5.01819436705091
alpha_cc,4.35,0.05,4.71238898038469,10.517091807564771,False,0.06519912305825612,-0.9333446602786455,8.618894293414225,-0.03080893209967961,0.3841958632150311,0.4390253799056332,1.5433851318983782,0.11399937112841485,8.160941420495416
alpha_refc,4.35,0.05,4.71238898038469,10.517091807564771,False,0.06519912305825612,-3.1399290173166117,7.811071377784629,-0.0413884260537567,0.23704129976025445,0.33766917949293873,2.8697991608090057,-2.0113020187182196,7.546107781050182
alpha_win,4.35,0.05,4.71238898038469,10.517091807564771,False,0.06519912305825612,-2.2783610549357514,5.442055129195644,3.4292963202453564e-05,0.03185305084325574,-0.0009026806912393326,0.24414664204690517,-2.283879972809577,5.385352589465531
alpha_dr,4.35,0.05,4.71238898038469,10.517091807564771,False,0.06519912305825612,-1.2323652158823917,5.000921304115291,-0.0011246437187306668,0.030598109923474226,-0.0009026806912837415,0.24414664204690517,-1.3295384285901712,4.966397254561272
alpha_cc,4.35,0.1,0.0,22.140275816016985,False,0.06519912305825612,-1.447631877283606,11.6740857419662,-0.031437623531660464,0.4041432819414936,0.4819729736866396,1.5301685997300085,-1.0148078096878344,11.200524094426312
alpha_refc,4.35,0.1,0.0,22.140275816016985,False,0.06519912305825612,-3.3973685347960303,8.790753933740469,-0.03152743445641315,0.24833612099892655,0.2907994623173371,2.851263521593328,-1.0094271830622503,8.32874733854747
alpha_win,4.35,0.1,0.0,22.140275816016985,False,0.06519912305825612,-3.222545906175356,10.03735444988434,0.0009973648502858978,0.029678830375479137,0.0002907038731514433,0.23654036142801704,-3.6853712185484944,9.986276480362587
alpha_dr,4.35,0.1,0.0,22.140275816016985,False,0.06519912305825612,-3.965682363583156,9.150636804048883,-0.002499303860814539,0.028385203108127754,0.0002907038731514433,0.23654036142801704,-4.428225734542501,9.109504357279864
alpha_cc,4.35,0.1,1.5707963267948966,22.140275816016985,False,0.06519912305825612,3.368582424220179,8.964937552061647,-0.042666311625416675,0.4060797199314292,0.8333587856854008,1.6684441544850825,2.3587118773710003,8.504361051817444
alpha_refc,4.35,0.1,1.5707963267948966,22.140275816016985,False,0.06519912305825612,-0.5242919243323763,7.770576126386786,-0.020336302657586458,0.2441851281570706,0.23728302124585987,2.9086587827942267,-0.3665900751290474,8.884496307110679
alpha_win,4.35,0.1,1.5707963267948966,22.140275816016985,False,0.06519912305825612,0.8322827323348436,10.241568840607695,0.0005453346394013181,0.031708096816251974,-0.0009271771632013426,0.22860147862158176,0.9301114025482393,10.091173140765886
alpha_dr,4.35,0.1,1.5707963267948966,22.140275816016985,False,0.06519912305825612,1.1270804604172735,9.391607365703724,-0.00045986651305840454,0.030292999102909945,-0.000927177163223547,0.22860147862158176,1.2929931825130137,9.241210934582345
alpha_cc,4.35,0.1,3.141592653589793,22.140275816016985,False,0.06519912305825612,-0.6693672118934568,8.340163128734757,-0.04594893853999693,0.383463519463767,0.7216538296678232,1.6769557194079576,0.060405739818492066,8.308538838583646
alpha_refc,4.35,0.1,3.141592653589793,22.140275816016985,False,0.06519912305825612,-0.24328111478562064,9.794921140830404,-0.013154656107305929,0.22661863336272958,0.30697535906794027,2.9201704200558565,0.16338030369413836,10.60457066519007
alpha_win,4.35,0.1,3.141592653589793,22.140275816016985,False,0.06519912305825612,-1.6091367385683286,7.6602107011639164,0.0009610198169696105,0.034021915202298025,0.006518638017061207,0.24231255763920156,-1.9412070083240973,7.551692787172226
alpha_dr,4.35,0.1,3.141592653589793,22.140275816016985,False,0.06519912305825612,-2.45862341523041,7.651828601432031,-0.0021496275725896297,0.03268706876085048,0.006518638017061207,0.24231255763920156,-2.4114355426879674,7.560245749705841
alpha_cc,4.35,0.1,4.71238898038469,22.140275816016985,False,0.06519912305825612,-0.15274347703433389,11.250070746287143,-0.0351941293070146,0.380064146016279,0.47644071151631273,1.5472066592593814,0.07731395972148114,11.126186771078839
alpha_refc,4.35,0.1,4.71238898038469,22.140275816016985,False,0.06519912305825612,-4.209435551723906,10.706775102124455,-0.038492555907354564,0.22860922617431445,0.37610504793850197,2.861521885782614,-3.0594676289015688,10.213223599901266
alpha_win,4.35,0.1,4.71238898038469,22.140275816016985,False,0.06519912305825612,-3.436640853412487,7.487378725360516,0.0002436764478419562,0.032142863903383834,0.0017126799342515042,0.24998007124725774,-3.1616216015834753,7.510475767029501
alpha_dr,4.35,0.1,4.71238898038469,22.140275816016985,False,0.06519912305825612,-2.676997506941381,7.454233538965749,-0.0011154327194562441,0.03094542520096777,0.0017126799342515042,0.24998007124725774,-2.6584186944409782,7.497110263129447
alpha_cc,4.35,0.2,0.0,49.182469764127035,False,0.06519912305825612,-2.7134693835876855,18.57967355415997,-0.05347562494646407,0.4265030347059273,0.43784176078196513,1.5848323912664775,-0.48462531625700356,18.559141182848048
alpha_refc,4.35,0.2,0.0,49.182469764127035,False,0.06519912305825612,-3.2277831405782997,15.251708346505733,-0.009090146203849514,0.2462105649108759,0.2734144523093507,2.831799613788455,-0.9634466940853792,14.680434613070293
alpha_win,4.35,0.2,0.0,49.182469764127035,False,0.06519912305825612,-7.811155415889615,17.038790227117296,0.0005557508656162113,0.028094869193107108,-0.01644565713169177,0.23603268466971805,-8.29927647468499,17.03551687564886
alpha_dr,4.35,0.2,0.0,49.182469764127035,False,0.06519912305825612,-8.766069274540033,16.245797355483926,-0.0017970568893410643,0.02679755985035559,-0.016445657131713975,0.23603268466971805,-8.60515622685667,16.251015767669163
alpha_cc,4.35,0.2,1.5707963267948966,49.182469764127035,False,0.06519912305825612,2.9940183770650997,15.066425592557508,-0.06887869159112325,0.4296386269716068,0.6750948491051512,1.848289109898893,3.2606376480134536,15.202145559135015
alpha_refc,4.35,0.2,1.5707963267948966,49.182469764127035,False,0.06519912305825612,0.27423118196681084,14.11348425532568,0.010872147259766152,0.23802393635281582,0.18227084604029997,2.9463014348703798,0.6392146202619298,15.507900127153263
alpha_win,4.35,0.2,1.5707963267948966,49.182469764127035,False,0.06519912305825612,4.07470773306946,17.40950392711367,0.0004290402637163737,0.03217213639403749,0.0014037026690338905,0.2199867387886023,3.912278435334904,17.27885250508312
alpha_dr,4.35,0.2,1.5707963267948966,49.182469764127035,False,0.06519912305825612,3.0777708618055177,16.654891175804142,-0.001621745310131928,0.03066588940421333,0.001403702669011686,0.2199867387886023,2.9190366031988546,16.52537837396293
alpha_cc,4.35,0.2,3.141592653589793,49.182469764127035,False,0.06519912305825612,2.5735196777350255,14.200295309258127,-0.0735987479804967,0.38637439875433,0.44495922615443995,1.8580884082948668,3.167152269265827,14.88669647123466
alpha_refc,4.35,0.2,3.141592653589793,49.182469764127035,False,0.06519912305825612,2.2624672221329023,16.587536777192334,0.02368939820238669,0.20833097969381598,0.2662175491973784,2.9712578352413033,3.5441704736074,17.66961841649608
alpha_win,4.35,0.2,3.141592653589793,49.182469764127035,False,0.06519912305825612,1.670978628247033,14.141819002461276,0.001719641080066836,0.03661710260967066,0.016029844001197446,0.24760066019153815,1.118023051537298,14.087645664915382
alpha_dr,4.35,0.2,3.141592653589793,49.182469764127035,False,0.06519912305825612,0.6137467708569933,14.503623437664892,-0.0026547063146975525,0.03525857170056934,0.01602984400121965,0.24760066019153815,0.7667336456870677,14.460349365716807
alpha_cc,4.35,0.2,4.71238898038469,49.182469764127035,False,0.06519912305825612,-0.4926785430867442,18.034488797852923,-0.059699885123309926,0.37739402124763455,0.34691031655817994,1.6264833768405484,-0.34380190144776,18.500286166648337
alpha_refc,4.35,0.2,4.71238898038469,49.182469764127035,False,0.06519912305825612,-5.483143453368456,17.762845541645955,-0.012534169456912547,0.20720003771523832,0.32188522918512597,2.851787099809955,-1.76904122747491,17.139054068753712
alpha_win,4.35,0.2,4.71238898038469,49.182469764127035,False,0.06519912305825612,-2.3347529023357128,13.919647298642502,6.977445052847031e-05,0.033103460337513546,0.0070510774069054705,0.26259662609724455,-2.000895848491824,14.021984880118854
alpha_dr,4.35,0.2,4.71238898038469,49.182469764127035,False,0.06519912305825612,-2.234099873194506,14.258166274136542,-0.001352027843704029,0.0320202336518971,0.007051077406883266,0.26259662609724455,-2.57620435227518,14.371250552111814
alpha_cc,4.35,0.4,0.0,122.55409284924679,False,0.06519912305825612,-0.8823434506640804,35.31657773656669,-0.16326300114337666,0.5050473626851515,0.5914316082502813,1.9377685418653812,-0.48844774849141626,36.298264986185316
alpha_refc,4.35,0.4,0.0,122.55409284924679,False,0.06519912305825612,-3.6497777776740126,31.453886265998033,0.13770183753714083,0.2757846607659653,0.25292138236134853,2.8166994035018655,-4.097055171315955,30.983151092034845
alpha_win,4.35,0.4,0.0,122.55409284924679,False,0.06519912305825612,-9.559710075099447,33.684300688181956,0.0003124213910910001,0.026643956489258436,-0.02907486546256388,0.2398921751584293,-10.037300052707621,33.74160964894843
alpha_dr,4.35,0.4,0.0,122.55409284924679,False,0.06519912305825612,-10.494955939473583,32.973681848799565,-0.0008011442857669415,0.02519188514011894,-0.02907486546256388,0.2398921751584293,-10.327691986064869,33.0365766656642
alpha_cc,4.35,0.4,1.5707963267948966,122.55409284924679,False,0.06519912305825612,8.091097058688801,31.408570354500288,-0.17371238554628743,0.5107925307185956,0.6098741741234592,2.372900748828899,8.037526149544515,32.56569062235148
alpha_refc,4.35,0.4,1.5707963267948966,122.55409284924679,False,0.06519912305825612,4.849924276627071,30.560389009291345,0.11724895087079634,0.27197859247698464,0.3371368077558001,3.0484818163436067,5.278225115081825,32.44096988132126
alpha_win,4.35,0.4,1.5707963267948966,122.55409284924679,False,0.06519912305825612,6.0551589453017085,34.555306445955836,-0.001257071654148234,0.034264149150597945,0.026695882157312667,0.20776619579587763,5.869308501259551,34.45912880704838
alpha_dr,4.35,0.4,1.5707963267948966,122.55409284924679,False,0.06519912305825612,5.0366208941115875,33.88416591281565,-0.0008170532567741695,0.03260789111061424,0.026695882157312667,0.20776619579587763,4.85425978367946,33.78801490571992
alpha_cc,4.35,0.4,3.141592653589793,122.55409284924679,False,0.06519912305825612,6.33106523120941,30.228500978179373,-0.1900638714324443,0.4358224020255763,0.5523373357074979,2.3716253357844552,8.231966195723306,31.993831119867533
alpha_refc,4.35,0.4,3.141592653589793,122.55409284924679,False,0.06519912305825612,10.73066342965725,33.32084720807045,0.15940270187995154,0.26269196006654116,0.18464355834308943,3.1088682434877724,12.462263197717682,34.939691650243645
alpha_win,4.35,0.4,3.141592653589793,122.55409284924679,False,0.06519912305825612,7.843862110326105,30.50897849152685,-0.00043368621802652996,0.04247321592789621,0.0272743346307891,0.2632261320860918,7.9941576840699025,30.51692428767541
alpha_dr,4.35,0.4,3.141592653589793,122.55409284924679,False,0.06519912305825612,8.647026130480961,31.1911639460009,-0.0043204448572642384,0.04105982207849301,0.0272743346307891,0.2632261320860918,8.030532183683503,31.204646742081522
alpha_cc,4.35,0.4,4.71238898038469,122.55409284924679,False,0.06519912305825612,0.84986487986487,34.68685699629606,-0.15538312105449759,0.4076913971853724,0.42589202134515336,2.0406846520041766,0.6691802093087285,36.292122367927185
alpha_refc,4.35,0.4,4.71238898038469,122.55409284924679,False,0.06519912305825612,-3.713890729329561,34.58443669079338,0.1429709984535732,0.23515458012177692,0.3224214264927694,2.8579783027681938,-2.3695637172362782,34.07201280977441
alpha_win,4.35,0.4,4.71238898038469,122.55409284924679,False,0.06519912305825612,1.7328484823669665,30.053539455812395,-0.0008062361022020959,0.036604744514012744,-0.0045812716967352785,0.2917184804094308,1.376760535080912,30.24101671728394
alpha_dr,4.35,0.4,4.71238898038469,122.55409284924679,False,0.06519912305825612,0.10667935941672813,30.712205499162227,-0.0007593749557388563,0.03569691658444896,-0.0045812716967352785,0.29171848040945303,0.02460724267316916,30.906090556189557
