seed,channel,stage,split,parent_stock,n_years,r_pearson_levels,r_spearman_levels,r_pearson_exposure,r_pearson_diffs,r_spearman_diffs,slope_alpha_on_stock,r_pearson_log,compensation_fraction,sd_ratio_sum_vs_indep,sd_log_a,sd_log_b,sd_log_sum,median_e_alpha,median_e_stock,median_log_a,median_log_b
0,alpha_cc,A,train,Concentrate,21,-0.2898707675432104,-0.35454545454545455,-0.2926856677125701,-0.2658542301051673,-0.18646616541353384,-3.9975552256785694e-05,-0.3422806890061224,0.08978090604678644,0.954054030940184,0.0033766666375193073,0.025295660569785286,0.02434749478197624,-0.0013741111909575388,4.71643794662873,-0.0005380604372015041,0.005023137967532065
0,alpha_cc,A,val,Concentrate,7,-0.9626599938591981,-1.0,-0.9576518841448987,-0.919678740633026,-0.8571428571428573,-0.0017808106478815152,-0.9353609309369217,0.9319845030903441,0.26079780848323086,0.1216055639278539,0.13240674292541088,0.04688522205081932,-0.7772040960867743,397.29645324949206,-0.1574144721078421,0.21811136486539429
0,alpha_cc,A,test,Concentrate,13,-0.8841985024928098,-0.8571428571428571,-0.8019918437864233,-0.9244628460418952,-0.9560439560439561,-0.0019747389753719405,-0.7281452550733787,0.7190399266962264,0.5300566698983926,0.11743535550768776,0.100174426480937,0.08181777710351727,-0.9767303126968692,478.8220246951728,-0.16881541843440884,0.20131052127936488
0,alpha_cc,A,all,Concentrate,39,-0.935146403779287,-0.8823886639676114,-0.9205160065023972,-0.896901352878312,-0.7612430244009191,-0.0020447269350673766,-0.9122849786110258,0.9111611638159404,0.29805844424216466,0.12622406365171293,0.1201086890882573,0.05193287695118729,-0.008298086577410047,110.83627367351255,-0.003315993062955158,0.03991517500609287
0,alpha_refc,A,train,Refined,21,-0.06099173163780639,-0.04805194805194805,-0.15032585820336425,-0.07262019139006261,-0.26766917293233083,-3.700909057264043e-05,-0.22221401785649061,0.04774034145595456,0.9758379263709961,0.00831578406018453,0.07651010075769582,0.07510115999721043,0.0012168871236442058,10.202412085656135,0.00022568826198998693,0.012042432437541883
0,alpha_refc,A,val,Refined,7,-0.7326500008351088,-0.7142857142857144,-0.9197916498439743,-0.4627068920731686,-0.5357142857142858,-0.005212527871308886,-0.9363954785885359,0.8494986452920122,0.38794504083437864,0.13498374984324496,0.21138778933798888,0.09730030551855941,0.2938878541839074,-117.68611977149783,0.02818206076432439,-0.051305029767796384
0,alpha_refc,A,test,Refined,13,-0.8526518464804355,-0.8131868131868131,-0.9112174899081852,-0.4556429612237073,-0.6758241758241759,-0.012248626660537536,-0.9697498553936236,0.966985735396217,0.1816982790336303,0.32249180966503893,0.299012390574571,0.07990787414097607,-0.5284806238215243,28.086392118101912,-0.05289555187619266,0.0638772109147725
0,alpha_refc,A,all,Refined,39,-0.7943536712231758,-0.5566801619433198,-0.8409141949136255,-0.42937356201146565,-0.4903162271583324,-0.010294624055431346,-0.9224739450615816,0.9223634793059361,0.2786333086586454,0.20154913313992762,0.20469267611199712,0.08004158019437144,0.0003146696993061582,15.064270951179424,4.211449454505356e-05,0.007008391443368289
0,alpha_win,A,train,Scrap,21,-0.07950400444012658,-0.1077922077922078,0.05007085936386669,0.03441743313552842,0.08120300751879699,-2.461388143918041e-06,-0.02802270556485935,0.026813413678285263,0.9865021978291355,0.036287619943922836,0.02690359941461675,0.04456321020936897,0.00014709446919508595,-46.17756480678736,0.0026291864000476117,-0.004813431342670427
0,alpha_win,A,val,Scrap,7,-0.849730068217158,-0.8928571428571429,-0.8426684120555951,0.3619519090075742,-0.03571428571428572,-0.00018828903186768854,-0.8789947157417846,0.612740715552349,0.6223016024787748,0.2577407294704243,0.10464247748433017,0.17310763094960757,0.07212061513250939,-746.678739184717,0.33997668459987374,-0.1649204885760014
0,alpha_win,A,test,Scrap,13,-0.9121208679756997,-0.7032967032967032,-0.9292326564677686,-0.7135178451896346,-0.6648351648351648,-0.00019619540479573838,-0.9842370748341124,0.9584223132995776,0.20390607323084403,0.5057576833587082,0.40120716650167976,0.13163523305732278,0.22988546699446114,-1586.88668971257,0.7416741663911812,-0.4838621396360434
0,alpha_win,A,all,Scrap,39,-0.897665403545169,-0.7945344129554656,-0.8730664153786295,-0.7028780075041937,-0.35944851734325417,-0.00017278169288443537,-0.9683694681839345,0.9135943025094861,0.29394846060238833,0.3870219327783486,0.2742133286142306,0.1394254676350604,0.0024574244397894685,-107.5779151594893,0.02194655241833887,-0.0327082522083888
0,alpha_dr,A,train,Scrap,21,-0.28450365204695427,-0.29740259740259745,-0.06488835007468022,-0.1844455142539952,-0.156390977443609,-2.8534697105103648e-05,-0.12553950792925053,0.11490916528707874,0.9407926629778324,0.041229443683605455,0.02690359941461675,0.04631596606184429,-0.00017459376053508002,-46.17756480678736,-0.0002882683572867917,-0.004813431342670427
0,alpha_dr,A,val,Scrap,7,-0.9128563701505698,-0.9285714285714288,-0.8950162086560355,-0.13454494013822538,-0.42857142857142866,-0.0004536007484514269,-0.8497552069030256,0.7863555625758523,0.46221687271685336,0.15593792302171303,0.10464247748433017,0.08680167537624016,0.2180218976521574,-746.678739184717,0.2971997373036235,-0.1649204885760014
0,alpha_dr,A,test,Scrap,13,-0.9591770442671351,-0.8791208791208791,-0.9514504806957661,-0.8376310120283409,-0.8846153846153846,-0.0008043450220454697,-0.947496790633269,0.8811521862143713,0.3447431127457497,0.5900088925719643,0.40120716650167976,0.2459731078038343,0.4294732514963562,-1586.88668971257,0.40388323809094007,-0.4838621396360434
0,alpha_dr,A,all,Scrap,39,-0.8287410912128814,-0.8350202429149798,-0.7292072423130873,-0.8191237222485025,-0.6349710033920559,-0.0005836299172450867,-0.8932094174590274,0.8620985572044599,0.3713508351889626,0.3584389947259178,0.2742133286142306,0.16759053833418014,0.010038608484223333,-107.5779151594893,0.03253979345433011,-0.0327082522083888
0,alpha_cc,B,train,Concentrate,21,-0.10917756789761261,0.13376623376623376,-0.3962884342547405,0.04917726584772843,0.11879699248120301,-0.00020911652892832176,-0.3985205329912988,0.2654487384348847,0.8570596604467599,0.03199395985051417,0.012206318795236665,0.029348602260861337,0.036018315097697595,2.448386158369658,0.01410214748693217,3.5059193875142114e-05
0,alpha_cc,B,val,Concentrate,7,-0.4389658851629516,-0.5357142857142858,-0.11193301492942301,-0.7391594526353478,-0.7500000000000002,-0.0006619760038297172,-0.10380965460743591,0.0949857321432933,0.9513223785114627,0.031968770549497684,0.020842400743452418,0.03630523354687916,0.016122239002327454,-39.17511990594767,0.003134309375539157,0.0007736244674649839
0,alpha_cc,B,test,Concentrate,13,-0.8757007062228326,-0.8516483516483516,-0.756359477708528,-0.9120032961574128,-0.8406593406593407,-0.0023280830126289507,-0.7746082538812273,0.755003824616676,0.4949708833692382,0.13414809655404836,0.10686311325492194,0.08489210510532794,1.239251042031439,-343.8749374394263,0.15913949046984666,-0.1773559778771716
0,alpha_cc,B,all,Concentrate,39,-0.9250657952169347,-0.5491902834008097,-0.8986387459364114,-0.8777112169391378,-0.5599080862238756,-0.0026660619886039027,-0.8871893001677298,0.8829435255912745,0.34213516979218234,0.117356099960442,0.10639772861386343,0.05419677128879973,0.06776011684558192,-13.755727477651135,0.019026309738901848,-0.0034625780602990375
0,alpha_refc,B,train,Refined,21,0.16429380603435087,0.212987012987013,0.05174017702171618,0.024702213040363304,-0.07669172932330826,0.004767523889919393,0.06468007576056045,-0.028416311960526974,1.0141086292703199,0.08208152100300421,0.01899645510346665,0.08543972868966401,-0.004091429847507655,3.451258063895466,-0.0006998091729171207,-0.0009427618570381213
0,alpha_refc,B,val,Refined,7,0.3228758953520568,0.1785714285714286,0.28151306679718713,-0.01712827101318786,-0.1785714285714286,0.005247290868217298,0.22788782211702702,-0.19448638342342464,1.092925607451589,0.11124647360273944,0.06241170497900263,0.1394112137533247,-0.31968462905725126,-18.86743267339807,-0.01958927854174286,0.03387876130631984
0,alpha_refc,B,test,Refined,13,-0.8573495770059345,-0.8076923076923077,-0.8797051650746215,-0.5912882825694277,-0.6648351648351648,-0.011835156583523165,-0.9465102967031467,0.9376395500496401,0.24972074393281776,0.33774791572950125,0.29437450611312377,0.11188214064241069,0.16187431451183087,-79.62333243254193,0.020688657494081664,-0.0036423460973145083
0,alpha_refc,B,all,Refined,39,-0.7930891539467775,-0.31963562753036434,-0.8033617210132236,-0.5759382593629554,-0.488784330889594,-0.011418716954054935,-0.867119105238249,0.8515499586829077,0.3852921506040479,0.2044416601982762,0.16890709683769156,0.10217581697256471,0.09374895034219577,1.3874947932981172,0.012012692767765287,-0.0011979630612257708
0,alpha_win,B,train,Scrap,21,-0.2966609643442903,-0.31428571428571433,-0.4892153722537932,-0.09972084551878342,-0.08270676691729321,-1.7989973446012356e-05,-0.5231570442895143,0.2822075956791646,0.8472263005365422,0.05434701931074582,0.015915336772500528,0.047977973228138855,4.505906188286002e-05,2.741188624484039,0.0004884129409656879,0.0013024186045953456
0,alpha_win,B,val,Scrap,7,0.2891283111338513,0.25,0.3606358149332512,-0.036227268751129804,-0.21428571428571433,7.224702362786021e-05,0.36164524258359915,-0.10931405563487193,1.0532397901878146,0.09067378973695625,0.01403211855877612,0.09663804527647733,0.00796429164145529,24.0205502611293,0.03876192957568403,-0.00021740683829563068
0,alpha_win,B,test,Scrap,13,-0.8903586591098376,-0.4010989010989011,-0.9104458950437676,-0.6515470511220274,-0.32417582417582413,-0.0001771289918960924,-0.9629668275950953,0.9410807519035773,0.24273287395081591,0.5040873827268165,0.40646488189019464,0.15718107035744355,0.06313170819852856,-202.41680783239735,0.2801864290614442,-0.056153216047736265
0,alpha_win,B,all,Scrap,39,-0.8877074761116488,-0.5301619433198381,-0.9073770396384859,-0.6733930740500748,-0.1257249151985994,-0.00017507092597715413,-0.9172861776095583,0.8943077806965047,0.32510339786519493,0.28971804845407034,0.2310655241458908,0.12047606607058045,0.002073796308877371,-8.312912628291997,0.01683682322519875,-0.00024221018926695592
0,alpha_dr,B,train,Scrap,21,-0.12249069732563972,-0.2324675324675325,-0.2974823639403644,0.16430650193577137,0.04661654135338346,-3.0999216272239754e-05,-0.33573187184467507,0.15912707027269304,0.9169912375411812,0.06314617595158849,0.015915336772500528,0.05971533597495835,-0.0011451223802342314,2.741188624484039,-0.0038755670893171335,0.0013024186045953456
0,alpha_dr,B,val,Scrap,7,-0.0049878119212463,0.14285714285714288,-0.008841486774538842,-0.10908537135804713,0.03571428571428572,-5.772684825317584e-06,-0.13580194723411432,0.0312331339349301,0.9842595521838078,0.12038800748685904,0.01403211855877612,0.11929523279034542,0.02470073561098196,24.0205502611293,0.04534498723734748,-0.00021740683829563068
0,alpha_dr,B,test,Scrap,13,-0.9544598556717964,-0.945054945054945,-0.9529043393029117,-0.8227136307949204,-0.7967032967032966,-0.000719791579269813,-0.9478037548116286,0.8802665126548416,0.3460252698072186,0.5998974465165068,0.40646488189019464,0.2507407710832056,0.1120919093709073,-202.41680783239735,0.12206348181210784,-0.056153216047736265
0,alpha_dr,B,all,Scrap,39,-0.9498278936675563,-0.5655870445344131,-0.9403787697295899,-0.8296318727805706,-0.5045409782251887,-0.000725144896933152,-0.9356808438510005,0.8638158976155026,0.3690313027163107,0.34648297556788404,0.2310655241458908,0.1536880156473582,0.002470788087449771,-8.312912628291997,0.005887505810404647,-0.00024221018926695592
1,alpha_cc,A,train,Concentrate,21,-0.1569857662272316,-0.21688311688311687,-0.1735860863767586,-0.21729323212115773,-0.26315789473684204,-2.556404207809984e-05,-0.1641844798491788,0.05550977303027807,0.9718488704370253,0.004395772104192559,0.025237625833317057,0.024896419316838374,-0.002610412427336506,1.4529853441129035,-0.0008008599775091163,0.001131353294646864
1,alpha_cc,A,val,Concentrate,7,-0.9905013758275205,-0.9285714285714288,-0.9686468665505967,-0.969065248351324,-0.8928571428571429,-0.0014440122355051112,-0.9296371177756363,0.9206674688092527,0.28166031170675676,0.20034148739677973,0.2303268314135357,0.0859812383257176,-1.477315192743287,962.8667486795316,-0.38991886144727683,0.41634128883590904
1,alpha_cc,A,test,Concentrate,13,-0.6469071281020187,-0.576923076923077,-0.6747830243050297,-0.6117675960605451,-0.6538461538461539,-0.0009204100260533506,-0.8824156464719642,0.8821302628628765,0.34332162346278655,0.1419079442679263,0.14556383535720946,0.06979374365965936,-2.664080750100086,2156.9737603301987,-0.6462081419923122,0.6637227847498313
1,alpha_cc,A,all,Concentrate,39,-0.9664621921883148,-0.8601214574898787,-0.9664654112216197,-0.7044623790204337,-0.5791662107451581,-0.0013616861058172228,-0.9860741154295897,0.9860114714772353,0.11827310988878512,0.3245887777181607,0.32095047066784305,0.05398841386064714,-0.014371465875715472,113.79407871377066,-0.0056827975936288855,0.04454417349655149
1,alpha_refc,A,train,Refined,21,-0.08433601579190637,-0.13766233766233765,-0.010831170681620155,-0.2566424883580093,-0.35939849624060144,-0.00015121852355389363,-0.007884318038335466,0.004560965547806612,0.9977169109783564,0.022846589812207944,0.07170856409947043,0.07508828893695697,0.034582122992432573,15.742336815109923,0.004066001642387018,0.017567756480639574
1,alpha_refc,A,val,Refined,7,-0.9184957925294748,-0.8214285714285715,-0.9773253264725231,-0.7284098465363708,-0.7142857142857144,-0.00893093012103259,-0.9916114993168573,0.9830246204945097,0.13028959860821732,0.33964975426248534,0.38760790548553464,0.06714679514817881,-0.19772688079047995,-117.21897501964486,-0.015469568196733618,-0.05293213544337494
1,alpha_refc,A,test,Refined,13,-0.36749093101111563,-0.19780219780219782,-0.279925980504405,-0.2856321426679059,-0.2692307692307692,-0.008075770068674869,-0.933491202957201,0.9171143920061308,0.28789860714124554,0.26266605678329813,0.21749648156755622,0.09818067579369497,-2.883481217442961,775.7475989445913,-0.43611640786977324,0.47962228855638855
1,alpha_refc,A,all,Refined,39,-0.7286870906801837,-0.8222672064777328,-0.7067431957163219,-0.4214603852285908,-0.44435933909618114,-0.006473984426526838,-0.9612059410294037,0.9611916873119296,0.1969982555457545,0.3047278905914075,0.3030728688605482,0.084666231755643,-0.15141935266573903,77.77524316894659,-0.025172302463397855,0.05048745087425033
1,alpha_win,A,train,Scrap,21,-0.13003402958382757,-0.23896103896103899,0.0374454321379424,-0.0280812451902348,-0.022556390977443608,-4.778813722207056e-06,-0.0533914661497599,0.04858605678098389,0.9754045023573636,0.0457415925979667,0.029424741940100054,0.053050785977590074,-2.1689407861014143e-05,-37.22734647880861,-0.00015666839782779718,-0.00308678512397087
1,alpha_win,A,val,Scrap,7,-0.8811595511743148,-0.9642857142857145,-0.8101109927866093,-0.5490704309078984,-0.4642857142857144,-0.0001746386988621157,-0.7993805629806231,0.5788723388059088,0.648943496149003,0.21656145329255688,0.09281450460010457,0.15289939939226796,0.04611175487494368,-553.4532753852177,0.2302306834305945,-0.12759436005063307
1,alpha_win,A,test,Scrap,13,-0.8598923656783567,-0.6208791208791209,-0.8504002233573611,-0.655758240641071,-0.3736263736263736,-0.00019377937640357103,-0.9305788942791551,0.8914489149315141,0.3294709168780848,0.5330230586337391,0.3967652528527123,0.21892747360432427,0.038785048447637915,281.3325813810243,0.18110069906279525,0.050431042931299075
1,alpha_win,A,all,Scrap,39,-0.833727759257933,-0.45222672064777325,-0.8346629544588956,-0.6410926562583883,-0.35310208994419523,-0.00017015482175903264,-0.8725478739394137,0.8347202715652475,0.4065460963221175,0.32212105157332727,0.23864945789580785,0.16298165566293027,0.002526192312620072,-72.74368867774456,0.032708312399532424,-0.006997353340198131
1,alpha_dr,A,train,Scrap,21,-0.14077036626351452,-0.3116883116883117,0.009395638614054761,-0.06786641717131342,-0.10977443609022557,-1.3315092916385048e-05,-0.09400091974107683,0.08664644984201379,0.9556953228712518,0.04430036982530963,0.029424741940100054,0.05082590619451373,0.004158016306074819,-37.22734647880861,0.011297147276818742,-0.00308678512397087
1,alpha_dr,A,val,Scrap,7,-0.9176351947846326,-0.9285714285714288,-0.8855923158510035,-0.6462027609852893,-0.642857142857143,-0.0003282795057567935,-0.519706791169464,0.4793933887383189,0.7215307417301643,0.139475060597195,0.09281450460010457,0.12088132672519063,0.17947194589229976,-553.4532753852177,0.2809296181697025,-0.12759436005063307
1,alpha_dr,A,test,Scrap,13,-0.9078143158744375,-0.9175824175824175,-0.8935108128879671,-0.8346090753292352,-0.8956043956043955,-0.0007277788988069945,-0.9522179334738549,0.9096257128678837,0.30062316466319805,0.538174252163998,0.3967652528527123,0.20100299468411106,-0.09298546766509264,281.3325813810243,-0.11080384248859981,0.050431042931299075
1,alpha_dr,A,all,Scrap,39,-0.9030238748711824,-0.7799595141700405,-0.8903188528247468,-0.7629759890835622,-0.6467884888937521,-0.0006814339053083975,-0.93510866319339,0.8704621121398108,0.35991372280060274,0.35004106377429095,0.23864945789580785,0.15247871771600038,0.004919234193181077,-72.74368867774456,0.012008204716499105,-0.006997353340198131
1,alpha_cc,B,train,Concentrate,21,-0.3164412258412085,-0.06493506493506493,-0.5388053230118816,-0.2141520110314296,0.009022556390977442,-0.0005554354073694637,-0.5349843296394529,0.3903580155118336,0.7807957380058926,0.031848318453377295,0.013801176993748178,0.027101462522009467,0.005263966337478276,0.9432329256956109,0.0019433339068631872,0.001077008248749678
1,alpha_cc,B,val,Concentrate,7,-0.5843025503738832,-0.8571428571428573,-0.059681351845408744,-0.866935766943711,-0.7857142857142859,-0.0007111356387708798,-0.08063352981554552,0.07916057377121313,0.9596037860642208,0.029091869356513245,0.023995020007075023,0.0361873426242657,-0.0017864241210983067,-23.259134681986097,-0.00032785893203124417,-0.004490299899503114
1,alpha_cc,B,test,Concentrate,13,-0.5957394166512961,-0.5274725274725275,-0.675710772739036,-0.5027946776944017,-0.45604395604395603,-0.0014758018998887448,-0.6140547098169256,0.6123068262902005,0.6226501214243835,0.07016726365793219,0.07567311877134666,0.06425636364743265,-0.7195123833163999,286.610707746594,-0.13542899281373333,0.1025804394019394
1,alpha_cc,B,all,Concentrate,39,-0.8320390536143832,-0.7354251012145749,-0.8729447779567501,-0.5122290769079925,-0.4522376627639786,-0.002068276287651641,-0.8275153085358599,0.8232382670714827,0.42043041389570907,0.07742202611219648,0.06992199401625379,0.0438604956641501,-0.02754703360965305,17.425708435656816,-0.009922050018239537,0.005386942589599819
1,alpha_refc,B,train,Refined,21,-0.20077250969188454,-0.051948051948051945,-0.2516375770633286,-0.21333710805870262,-0.2781954887218045,-0.0039713915205635275,-0.21437488064773116,0.14188974478523425,0.926342407112384,0.08544136548549074,0.03232238289353401,0.08462209314862479,0.0465351095811295,12.219925430800402,0.0059808987223628485,0.002644909129251083
1,alpha_refc,B,val,Refined,7,-0.12993244641866222,-0.07142857142857144,-0.3800004084289234,-0.3144231227655984,-0.07142857142857144,-0.0015724322740607191,-0.30829340049548315,0.29943220776606455,0.8369992785145848,0.1231117240833687,0.09658324049341648,0.13097051406993,-0.30026858667987266,5.062130186489867,-0.04196388054207012,0.019838477878942662
1,alpha_refc,B,test,Refined,13,-0.6851633804173014,-0.8296703296703297,-0.5525122394684245,-0.5621745795302301,-0.5549450549450549,-0.013396029516642573,-0.9020523190555649,0.8501701418315449,0.38707862013866773,0.28187735571065947,0.1991117797560832,0.13358438428296704,-1.7489151077307756,355.2630982947792,-0.1975935307822001,0.2139287109610173
1,alpha_refc,B,all,Refined,39,-0.738185385245814,-0.5447368421052632,-0.6723488438345502,-0.5626187242288361,-0.5610022978444031,-0.009800103929878467,-0.8796625058723891,0.8556171488045383,0.37997743511353627,0.22112922006923444,0.17455173597361723,0.10704743326488778,-0.17204346785732572,30.600244050358924,-0.02065046585955055,0.025880106609120546
1,alpha_win,B,train,Scrap,21,-0.1728175751603354,-0.21688311688311687,-0.3520995784740502,0.13799789565370105,0.2526315789473684,-1.3994228774803994e-05,-0.44980465636516753,0.21476165964380975,0.886136750369936,0.05637416356345749,0.014327342880323203,0.051543300753755586,-0.0027807858167304828,2.5710895131976486,-0.03328226812281132,0.0012534131697474749
1,alpha_win,B,val,Scrap,7,-0.0751164668048557,0.0,0.40122324447264684,-0.4975870290633259,-0.3571428571428572,-2.6241425457953236e-05,0.41168732840630357,-0.08305525301220534,1.0406994056941732,0.11030385834420069,0.011242122725903496,0.11538783224806441,0.0028473186765742564,1.4817577984781565,0.014528879396195293,-0.0005192959456223889
1,alpha_win,B,test,Scrap,13,-0.7629298015221065,-0.532967032967033,-0.7479629096314837,-0.5439306864065923,-0.08241758241758242,-0.00014350604646165452,-0.9335191488137475,0.9040520035338979,0.3097547359865577,0.5404813174998337,0.4189816307753826,0.2118291368917431,-0.031990191577222105,1944.6186600055853,-0.17883225107290168,0.3630626355369504
1,alpha_win,B,all,Scrap,39,-0.74156954879931,-0.615587044534413,-0.7345498517269344,-0.5872946018930223,-0.2530911478279899,-9.990661979110027e-05,-0.9236684774924571,0.9166471658327863,0.2887089090541089,0.3534333937711553,0.31231170477469666,0.13616956989321197,-0.003895562949570816,40.51218893459804,-0.04154661140883498,0.009368930599020331
1,alpha_dr,B,train,Scrap,21,0.08861421006377511,0.10259740259740259,-0.10117462585320038,0.1968604766920349,0.07669172932330826,2.8190206733332702e-05,-0.1964246249834731,0.0820896084131976,0.9580764017482125,0.06542774907316132,0.014327342880323203,0.06417011718366976,-0.0020493814699847346,2.5710895131976486,-0.007863966974937409,0.0012534131697474749
1,alpha_dr,B,val,Scrap,7,-0.5100912502332831,-0.5,-0.47249947352014,-0.5586600464119541,-0.7857142857142859,-0.0005946009066482657,-0.6009731273686371,0.09759555365681014,0.9499497072704375,0.13753437229972093,0.011242122725903496,0.13108648168109457,0.010191457549240224,1.4817577984781565,0.013800187655051643,-0.0005192959456223889
1,alpha_dr,B,test,Scrap,13,-0.8249444637696073,-0.8736263736263737,-0.7979058888361501,-0.7526404843183981,-0.8571428571428571,-0.0005458107764738694,-0.9365462692375933,0.9020021678229692,0.3130460544025925,0.552088336345206,0.4189816307753826,0.2169630803198814,-0.3832380807516782,1944.6186600055853,-0.5867526117560911,0.3630626355369504
1,alpha_dr,B,all,Scrap,39,-0.8432740592215795,-0.7091093117408906,-0.8294411593300384,-0.7393976928246955,-0.49469307364044207,-0.0004270758828734006,-0.9554726005710514,0.8946526883632009,0.32457250597793885,0.450643247765433,0.31231170477469666,0.17795867937826776,-0.008432266668750688,40.51218893459804,-0.023504811799400782,0.009368930599020331
2,alpha_cc,A,train,Concentrate,21,-0.5421466710517368,-0.5922077922077922,-0.3402362838398313,-0.6234065437138517,-0.6481203007518795,-0.00020084966000709093,-0.325449868132445,0.23410869416037383,0.8751521615351391,0.01172820739300761,0.02762998442880504,0.026268663965143896,0.003696041021080898,-0.6394401473235121,0.0010732421076815601,0.004891293844357492
2,alpha_cc,A,val,Concentrate,7,-0.9418552531576294,-0.9285714285714288,-0.9449989381709768,-0.8545337184267169,-0.9285714285714288,-0.001724420141730938,-0.9063109512455972,0.901194720770992,0.31433307053030224,0.11619779563731092,0.12925668301703802,0.054633599566146926,-0.8513860110122264,471.3246778477469,-0.19726663909582842,0.239580429194457
2,alpha_cc,A,test,Concentrate,13,-0.8871296309382197,-0.8626373626373626,-0.9294381699261883,-0.8646113477916485,-0.8076923076923077,-0.001829211622802263,-0.8822812394038563,0.8805343929226614,0.3456379711162224,0.12428658048830489,0.13236579638641532,0.06275767034420288,-1.5114135769636143,810.7896848543683,-0.33744694110304985,0.27716733166929775
2,alpha_cc,A,all,Concentrate,39,-0.9609676740836154,-0.9277327935222671,-0.975105285799024,-0.8327733959119203,-0.915526862895284,-0.0019724690746766417,-0.9645739076852258,0.9644671647811855,0.18850155229815618,0.17018110789526336,0.16766794019565703,0.04503339076552867,-0.05978266934706111,139.2271894666394,-0.017081781009488428,0.04290590581182219
2,alpha_refc,A,train,Refined,21,-0.024540118529523446,0.01948051948051948,-0.016961888991496515,-0.2607884841845681,-0.26766917293233083,-6.478832918245864e-05,-0.00412923102802932,0.0033542397981656687,0.9983214713717392,0.03408229637765804,0.06642699073669925,0.07453489783693748,0.055150769421269175,17.192173171504805,0.0073542679758107354,0.02853389438499132
2,alpha_refc,A,val,Refined,7,-0.8781763657286414,-0.7500000000000002,-0.8597513735426516,-0.8432098419660902,-0.8571428571428573,-0.008235159885007509,-0.8525900853579086,0.8461715478163081,0.3922097043466567,0.24067749393026056,0.2722034591323817,0.14250786152508307,1.062562041945311,-108.55677648374285,0.09834431057791138,-0.06313270370498181
2,alpha_refc,A,test,Refined,13,-0.8127332291202123,-0.7857142857142857,-0.8797535363202579,-0.4868805645612338,-0.7417582417582418,-0.008848705151460834,-0.9342779626297446,0.9335583278713366,0.25776282146318813,0.2887025338211049,0.30026303243173874,0.1073689805078987,1.9181446810357636,-225.65689744835004,0.22130640616742436,-0.2409879728512596
2,alpha_refc,A,all,Refined,39,-0.7863204702583498,-0.6463562753036438,-0.8304135800217913,-0.548406453771972,-0.5695371484845169,-0.007168052002893762,-0.9081820419652763,0.9075226826934756,0.3041008341102082,0.2044921245204925,0.21243725336793887,0.08966933567524961,0.13640075281326958,-0.9018544081916389,0.016718771151765344,-0.014833500066048444
2,alpha_win,A,train,Scrap,21,0.13139669561685718,0.015584415584415586,0.10860807585773738,0.22663757391764444,0.048120300751879695,3.362386126217514e-06,0.009781816975017158,-0.009731762383171466,1.004854100047948,0.04120208449565643,0.03722974952842535,0.05580031829371979,-0.0005899551964799188,-38.650060698484594,-0.004897385889882866,-0.00180641318674013
2,alpha_win,A,val,Scrap,7,0.26276074291557927,0.07142857142857144,-0.07884011761651642,0.24803505605231846,0.3214285714285715,1.6117799496719786e-05,-0.16928339529424494,0.16378653715174463,0.9144470803979066,0.083596617891231,0.06456307561468062,0.09658909893412441,0.006578601021465846,-547.6762751244387,0.03212487983637491,-0.11654090830808705
2,alpha_win,A,test,Scrap,13,-0.8959130179103679,-0.8626373626373626,-0.911299279682051,-0.6512557911254351,-0.5824175824175823,-0.00018747780182291483,-0.9842898258989183,0.9307152529325415,0.26321995947773114,0.5827764078830939,0.41576027689713824,0.1884340470753246,0.001888163010203281,-150.92726723867418,0.008906578213361493,-0.044579490770251695
2,alpha_win,A,all,Scrap,39,-0.8767541876880023,-0.5973684210526315,-0.8825521477587135,-0.6311347175471973,-0.27606959185906554,-0.000175356616474338,-0.9653810062575018,0.9156725417193943,0.29039190464027353,0.34386581252371984,0.24770057961595632,0.123065634111839,0.001371065292750967,-81.05491208681678,0.008906578213361493,-0.012415101744903012
2,alpha_dr,A,train,Scrap,21,-0.24653145417789785,-0.3532467532467533,0.03974980991824682,-0.2002424449574091,-0.1789473684210526,-3.465865440667783e-05,-0.0325306792964493,0.025249518818173142,0.9872945260568534,0.07820876465597952,0.03722974952842535,0.08551740428039167,-0.0004018937323567173,-38.650060698484594,-0.0009874528794302506,-0.00180641318674013
2,alpha_dr,A,val,Scrap,7,-0.9299239645593449,-0.9285714285714288,-0.9693043254230289,-0.8206797808817785,-0.8214285714285715,-0.00030314682935322023,-0.8794255173396203,0.5913741418813077,0.6392384986205794,0.16707236559376254,0.06456307561468062,0.11449610241568375,0.11465896271734322,-547.6762751244387,0.23631081858999048,-0.11654090830808705
2,alpha_dr,A,test,Scrap,13,-0.9366096227390225,-0.9230769230769231,-0.9437977035165913,-0.7963877319050494,-0.9065934065934067,-0.0006980965897609529,-0.9704832533883074,0.9070640911060621,0.3048539140210239,0.602994091773,0.41576027689713824,0.22328514652895817,0.015833468585509936,-150.92726723867418,0.018179920818357814,-0.044579490770251695
2,alpha_dr,A,all,Scrap,39,-0.926010488549037,-0.7886639676113361,-0.9235202276669847,-0.7680162116425341,-0.7236021446547762,-0.000668466355473308,-0.9494793828869048,0.8708763951241636,0.35933773093823085,0.37764644913575,0.24770057961595632,0.16228879772484334,0.0035688023282876014,-81.05491208681678,0.01331945339263818,-0.012415101744903012
2,alpha_cc,B,train,Concentrate,21,-0.23529201199274147,-0.07662337662337662,-0.4915827797433303,-0.0757349480920668,0.08721804511278194,-0.00030065947998333156,-0.4702518585645452,0.4141458691932441,0.7654110861535492,0.028142262515699727,0.0168180059705093,0.02509372276048621,0.016518725114293975,-0.45043623138258226,0.006371277521009189,-0.0008966156428629191
2,alpha_cc,B,val,Concentrate,7,-0.3700258787823315,-0.7142857142857144,0.5408397702197663,-0.7000032290825468,-0.6071428571428572,-0.0006364646712812888,0.5196131703770912,-0.4390505697884366,1.199604338850288,0.03622631873376782,0.019943295892250735,0.04960739213153903,0.06278204090274375,-37.33351896090744,0.011696846165957231,0.0016654177588861785
2,alpha_cc,B,test,Concentrate,13,-0.907272558941193,-0.8846153846153846,-0.8417319006906612,-0.8811758958464015,-0.8736263736263737,-0.0020714469541486227,-0.7969333071025524,0.7920982013476153,0.4559624969801625,0.11715231410230438,0.1049033706365157,0.07170274032715543,-0.23113290328784863,155.11085314293086,-0.04480653333799989,0.04650327314161551
2,alpha_cc,B,all,Concentrate,39,-0.8626058015724407,-0.724493927125506,-0.8245873281441896,-0.834547702165585,-0.7713097713097713,-0.002019443170143948,-0.7766691245450111,0.76598993911787,0.48374586394317626,0.07709168380195361,0.06524867272641494,0.04885717557463157,0.0005850449868702867,0.6375001744759174,0.00021617163294540553,0.00323869009388833
2,alpha_refc,B,train,Refined,21,-0.16381391225164763,-0.1961038961038961,-0.29456267441339334,-0.08980930824669693,-0.1969924812030075,-0.0033779124499249166,-0.2576915796299951,0.16726289403054598,0.9125443035652867,0.08533866509561062,0.031459748828616484,0.08299841804025437,0.0710893075381751,3.5121048455041546,0.01474532646784632,0.0054277640910029845
2,alpha_refc,B,val,Refined,7,-0.3450493901381241,-0.5714285714285715,-0.33172448462620396,-0.6208784846623918,-0.6785714285714287,-0.004601481541487253,-0.30600260085214204,0.28287572889873674,0.8468319025056055,0.12560413417028404,0.08405520190587032,0.12798562374398814,-0.3553699166918083,-30.607397413805757,-0.04985948549771302,0.023592804670415468
2,alpha_refc,B,test,Refined,13,-0.7605100357954553,-0.6978021978021978,-0.7722897597128048,-0.5801888452243085,-0.5494505494505494,-0.009913384891227008,-0.904465737933736,0.8604081764274807,0.3736198918319517,0.31132920324963265,0.22637298195656982,0.14381725981177784,1.9875409607111703,-259.36778106576526,0.12279133331513625,-0.17234328442461244
2,alpha_refc,B,all,Refined,39,-0.7002828919778332,-0.61417004048583,-0.7145972222962237,-0.5560299091300255,-0.4356056461319619,-0.00843086055245663,-0.8345542560746511,0.7956226624452712,0.4520811183346732,0.19273659359690007,0.14114013744275217,0.10799718601718787,0.3377147591891383,-4.491956297412003,0.04242989889584736,-0.00018879673853078316
2,alpha_win,B,train,Scrap,21,0.1625167556468254,0.059740259740259746,-0.06538645454146542,0.29137943117015364,0.21804511278195485,1.1154023444489245e-05,-0.23567831145481075,0.14229111289003743,0.9261257404423886,0.05763180687525114,0.019361125188821854,0.05630569043028892,-0.0005046942284025885,8.887507815910794,-0.004188125969246226,0.00210433989005665
2,alpha_win,B,val,Scrap,7,0.7839144257600082,0.6785714285714287,0.5245898178053757,0.7349856029218048,0.5357142857142858,0.00031698522214011375,0.510022589406497,-0.09709802862876006,1.0474244739496783,0.10236314153921468,0.009833868483633634,0.107711287143833,0.006445804134115912,-8.533947423415157,0.0355499446154901,0.00613738434230271
2,alpha_win,B,test,Scrap,13,-0.8527442312360423,-0.9285714285714285,-0.8503958059606551,-0.64566595967291,-0.5384615384615384,-0.00017448036982032207,-0.9910740299064479,0.9403080428076839,0.24431937539277587,0.5676745909132911,0.40928428346439644,0.1709830822667871,-0.011503004836406955,679.3825621606074,-0.05604426777355731,0.11891825631566633
2,alpha_win,B,all,Scrap,39,-0.8425494407682242,-0.3734817813765182,-0.8423491408880726,-0.66232380738328,-0.1686180107232739,-0.00015164759176194747,-0.97056930464941,0.9340299442554547,0.256846366033365,0.3450356611914725,0.26108268518718203,0.11113281800962463,-0.0005046942284025885,19.185465880554148,-0.004188125969246226,0.005600367289979147
2,alpha_dr,B,train,Scrap,21,-0.233413675348223,-0.36623376623376624,-0.16009294749346256,-0.07606455210593244,-0.19097744360902258,-7.401240615485688e-05,-0.20718612463745792,0.07535822382163986,0.9615829533526268,0.10281511958007845,0.019361125188821854,0.10060291142463336,-0.002034120048689969,8.887507815910794,-0.004427207856447124,0.00210433989005665
2,alpha_dr,B,val,Scrap,7,0.04829188540387937,0.25,-0.42368297795414184,-0.008807720385822993,0.03571428571428572,6.648878188779911e-05,-0.5452197849006536,0.07795850495340452,0.9602299178043743,0.136843921622368,0.009833868483633634,0.1317404787203451,0.03453889718462688,-8.533947423415157,0.0533762410844254,0.00613738434230271
2,alpha_dr,B,test,Scrap,13,-0.8971200111171762,-0.8736263736263737,-0.8839770606540217,-0.7808402288593109,-0.8406593406593407,-0.0006512922521178004,-0.9517522847917974,0.8859749849989433,0.3376759023102725,0.6002842529968093,0.40928428346439644,0.2453337574091953,-0.1329502908118394,679.3825621606074,-0.16721722146997492,0.11891825631566633
2,alpha_dr,B,all,Scrap,39,-0.900476026369897,-0.6678137651821863,-0.891115797633061,-0.7854318433005608,-0.513732355837619,-0.0005932652493557965,-0.9386364187585909,0.863549806518557,0.36939165323737755,0.3950012653308006,0.26108268518718203,0.1749022350236489,-0.020376506773765735,19.185465880554148,-0.044378473225230586,0.005600367289979147
3,alpha_cc,A,train,Concentrate,21,-0.08703985969839322,-0.031168831168831172,-0.2926303985255429,-0.03706750000051783,-0.09924812030075188,-8.096464590519539e-06,-0.279918099899047,0.05762995479171468,0.9707574595171985,0.002591563824110694,0.02490563121313871,0.02430786504776595,-0.0023195095853218994,3.6483830205863796,-0.0008895929630118316,0.005764953011671459
3,alpha_cc,A,val,Concentrate,7,-0.9735991173892414,-1.0,-0.9761333448946578,-0.6563014329938781,-0.42857142857142866,-0.0012984020541897928,-0.9890353112727021,0.9816678743095325,0.13539618048699723,0.30505387510173254,0.2698994351338975,0.05514857324299877,-1.8364918747234298,1131.6205376066769,-0.44252975096743574,0.35228984060492596
3,alpha_cc,A,test,Concentrate,13,-0.6669508876615203,-0.4835164835164835,-0.6615520264740121,-0.5761255792984585,-0.6098901098901099,-0.0007069922706951949,-0.8979226329235066,0.8970496734905066,0.32085873294877515,0.17824539745458817,0.18628438150687604,0.08272513020703845,-3.4188130564016874,3765.139119030573,-0.9505853460895776,0.997092707820272
3,alpha_cc,A,all,Concentrate,39,-0.9660668697665419,-0.8293522267206479,-0.9600851653355577,-0.6369109022431861,-0.5857314804683225,-0.0010203382554925782,-0.9913339144138094,0.9910739489563446,0.09447778068760633,0.4567116061395151,0.4463699924661155,0.06033511603112233,-0.01031860761173009,114.76037334179182,-0.003025631788579952,0.03915048665872778
3,alpha_refc,A,train,Refined,21,-0.09686448094413633,-0.05324675324675325,-0.1075108167610901,-0.24670054802205985,-0.30225563909774433,-0.00010004973479822955,-0.09406377981113384,0.04198862714185473,0.9787805539844696,0.01729193800554719,0.07340188900074034,0.07381101185170713,-0.020806080723169806,8.887255145840072,-0.002788569553181297,0.014131801123506982
3,alpha_refc,A,val,Refined,7,-0.9438793148658624,-0.8928571428571429,-0.9828183902148919,-0.7579268520417708,-0.6071428571428572,-0.010328824828225851,-0.9966230715316103,0.9948238525741974,0.07194544756829742,0.40693580300970006,0.38318644194669454,0.04021413281962407,-0.05480297955671354,-115.15183335564598,-0.004263706746681084,-0.04383045564595456
3,alpha_refc,A,test,Refined,13,-0.639671651955795,-0.2747252747252747,-0.7186896358120282,-0.1955603459068464,-0.2582417582417582,-0.010842443058385097,-0.9790508885277164,0.9780069806814808,0.14830043600245796,0.31975305297372525,0.3053166922389217,0.06556494564725472,-3.4346059724411377,880.9204288329581,-0.5028410650609387,0.47447995426083445
3,alpha_refc,A,all,Refined,39,-0.8029261930212975,-0.8137651821862348,-0.8075946255122578,-0.35984700740441794,-0.34522376627639784,-0.006677391487689445,-0.9772215116732569,0.9763544060908849,0.15377123888788555,0.36768742309553065,0.35251429933103895,0.07832684469422156,-0.09502279277975134,86.07331288289868,-0.009933129620487424,0.07541914607872435
3,alpha_win,A,train,Scrap,21,0.016978944142773775,-0.059740259740259746,0.057795234882050316,0.02209204466088435,0.1639097744360902,3.3331151872105174e-07,0.015366759179265475,-0.015365117757454156,1.0076532725880734,0.03417897881399336,0.033683023863886614,0.04835422105836002,6.538720599844061e-05,-7.44538181547432,0.00047216080734280297,-0.0003372302574522479
3,alpha_win,A,val,Scrap,7,-0.9207835711381119,-0.8571428571428573,-0.9704125647970229,-0.7367165268738253,-0.6785714285714287,-5.2944956351123544e-05,-0.9458110498034737,0.9188254937005454,0.28491140078883215,0.12975529327508128,0.16524394359995626,0.059859876511156686,0.05054248237135195,-1045.6308600561447,0.20334306004648406,-0.3097299371918858
3,alpha_win,A,test,Scrap,13,-0.9124300323547431,-0.7802197802197801,-0.9136885707933895,-0.7666099253370774,-0.7472527472527472,-0.00022348267326387564,-0.973928536744656,0.9124074702459118,0.29596035165894796,0.5295079263020606,0.3675118744392617,0.190760996563354,0.06264237050587743,-1138.5549526213003,0.25827539633592633,-0.3427713940858226
3,alpha_win,A,all,Scrap,39,-0.7111880979701548,-0.7813765182186235,-0.6028752771030529,-0.7262610141954915,-0.586388007440639,-0.00014102408566484917,-0.8724924525072499,0.8561915319902051,0.3792208696917864,0.3119895799409424,0.25676027709838356,0.1532274469660947,0.002653291862283899,-125.90062734506455,0.023974076938423128,-0.02948229937119784
3,alpha_dr,A,train,Scrap,21,-0.4701287480251382,-0.464935064935065,-0.19545793350397292,-0.48553973474905027,-0.4992481203007519,-2.8458658641748964e-05,-0.22256684023957515,0.22220036381061417,0.8819294961556654,0.03180324445234178,0.033683023863886614,0.04085525853825825,0.002726685436892251,-7.44538181547432,0.006673839668135395,-0.0003372302574522479
3,alpha_dr,A,val,Scrap,7,-0.8387459136449933,-0.8214285714285715,-0.7369556528236251,-0.7205678699356366,-0.6071428571428572,-0.00023628748177301968,-0.4140434937662344,0.40400163887522184,0.7720093011905869,0.20642256107439094,0.16524394359995626,0.20413163118044403,0.2550853727731441,-1045.6308600561447,0.4105868326885397,-0.3097299371918858
3,alpha_dr,A,test,Scrap,13,-0.9506555357240464,-0.9065934065934067,-0.9427646928532474,-0.8658560685887776,-0.7912087912087913,-0.0008400029695245096,-0.9677029573484666,0.8862140658926883,0.3373217071392111,0.5624911313968042,0.3675118744392617,0.22664937707898003,0.08200619136718545,-1138.5549526213003,0.08187752519565787,-0.3427713940858226
3,alpha_dr,A,all,Scrap,39,-0.7069445594886206,-0.7637651821862348,-0.5753268251612652,-0.820462688632797,-0.6627639785534523,-0.0005184507545181807,-0.7556068847421962,0.7163103543701346,0.5326252393849408,0.35705362474948976,0.25676027709838356,0.2342419743531032,0.006217724441899164,-125.90062734506455,0.013383592649186718,-0.02948229937119784
3,alpha_cc,B,train,Concentrate,21,-0.22229562588221116,-0.1012987012987013,-0.45881827643648765,-0.14887809397506505,0.009022556390977442,-0.0005181430176195019,-0.44158961842907185,0.25080067464799083,0.8655630106191051,0.034198827060742155,0.010654162350873218,0.031004449493864026,0.00952967733452148,-1.2837668790164116,0.0033431236294341193,0.0005820646571352839
3,alpha_cc,B,val,Concentrate,7,-0.49943103771209024,-0.5357142857142858,0.27946129290203015,-0.8405435906675204,-0.642857142857143,-0.0008630736913497064,0.26193544601664165,-0.22204892108705682,1.1054632156191615,0.03905050456492028,0.021630439832314486,0.0493489704462246,-0.002069860059068951,-54.52237095179157,-0.00040311207479670763,0.004197073676343699
3,alpha_cc,B,test,Concentrate,13,-0.8158946453090294,-0.8626373626373626,-0.8667389041014838,-0.6725377081940455,-0.5549450549450549,-0.001938845385174917,-0.8970656848732517,0.8963341845902821,0.3219717618203774,0.10265397755033219,0.1068858768027624,0.047715334957997686,-0.7950190480581254,351.89223973438493,-0.16546865253325982,0.16891323590537421
3,alpha_cc,B,all,Concentrate,39,-0.9129189763541679,-0.6947368421052632,-0.9348265924685782,-0.6421865027156413,-0.4962249699091804,-0.0022009390473740624,-0.9247362858807172,0.922337345167949,0.2786802017224243,0.10408600600153098,0.09684474726165311,0.03962044728390601,-0.05294789946559231,14.458055456913371,-0.014879434316402929,0.004197073676343699
3,alpha_refc,B,train,Refined,21,-0.025939548680621188,0.08961038961038961,-0.11936138417214934,-0.09908720408618965,-0.19097744360902258,-0.000552684259230522,-0.10304151777419979,0.0641819834879293,0.967376874083762,0.08132993137487766,0.028422696261376845,0.08334280155483081,0.04528837703696453,-0.8867544424816742,0.007113625190814599,0.0027476630893881193
3,alpha_refc,B,val,Refined,7,-0.20732442657155328,-0.42857142857142866,-0.5546797371339856,-0.2718184568357719,-0.14285714285714288,-0.0027677279672216662,-0.4196943867273615,0.406498754372419,0.7703903203101535,0.12258902857913463,0.09508024206107057,0.11951811285264405,-0.7783972724176031,11.86648306866914,-0.057000702772203926,0.010589033954364169
3,alpha_refc,B,test,Refined,13,-0.852568005455888,-0.7362637362637362,-0.8793531218414125,-0.5889634111953905,-0.4945054945054945,-0.01343699522055203,-0.9286599758372588,0.914191554005503,0.2929307870376499,0.3166835945847569,0.2651310555231551,0.12098537124952227,-0.3943812768071462,25.234292184457786,-0.0482260506455896,0.007087408468395395
3,alpha_refc,B,all,Refined,39,-0.8314439684262974,-0.32894736842105265,-0.8658216664579375,-0.5793334191468249,-0.40956340956340953,-0.013296895163574693,-0.8726271989325393,0.8517385000136454,0.38504739966185286,0.20541437853286884,0.16468064205830923,0.10137412573823255,0.04350390898696421,-0.8867544424816742,0.005273727469782052,0.003203356025508697
3,alpha_win,B,train,Scrap,21,-0.10914729017302183,-0.04935064935064935,-0.28420140837837415,0.012876129139964164,0.007518796992481202,-5.776210506897017e-06,-0.34082925288185145,0.2200643771605201,0.8831396394905394,0.06308916833454808,0.02309745998111325,0.059333155630805864,-0.0019339134193528534,4.792831130887407,-0.021257845318960022,0.006068136094793175
3,alpha_win,B,val,Scrap,7,-0.6475886005858723,-0.7857142857142859,-0.9021121059608429,-0.56048556197284,-0.5714285714285715,-6.485366859449715e-05,-0.9086326442464293,0.6416987565451058,0.59858269558591,0.06139533326471342,0.025385951828689766,0.03976785171912405,0.004523881926301598,-36.83402769661461,0.02414637183927648,0.0045202184236714515
3,alpha_win,B,test,Scrap,13,-0.9226856450981397,-0.8296703296703297,-0.9280957625226717,-0.785406249135376,-0.8461538461538461,-0.0002347832969892348,-0.9894100257796674,0.9021440367214715,0.31281937804191173,0.5426909270169344,0.3507822368986315,0.20214077904340538,-0.009803222582753013,173.69722870945907,-0.0551894786621947,0.0441079483174498
3,alpha_win,B,all,Scrap,39,-0.9175923168793503,-0.5455465587044535,-0.9219445533312219,-0.7834470015112873,-0.634533318743845,-0.00021948637843465345,-0.9807036215772753,0.8941449109656825,0.3253537905639299,0.33123699893187714,0.2140682098104841,0.12831614774062539,-0.0027168954408891832,37.172937193704,-0.016932325397051917,0.014310178974527688
3,alpha_dr,B,train,Scrap,21,-0.4424780336877765,-0.45714285714285713,-0.39433753257011306,-0.31602334761271605,-0.3578947368421052,-0.00010600992978096285,-0.4409812916821571,0.2361122853216811,0.874006701735358,0.07957268176598993,0.02309745998111325,0.0724176887481626,-0.0033913804641454437,4.792831130887407,-0.008391234287865479,0.006068136094793175
3,alpha_dr,B,val,Scrap,7,-0.573625235642745,-0.5714285714285715,-0.6239937980859672,-0.3564243300721968,-0.1785714285714286,-0.000483508252745553,-0.6960404450074231,0.20526924288154297,0.8914767283100873,0.1683322900470953,0.025385951828689766,0.151761198571307,0.046404236171362634,-36.83402769661461,0.11614522932423821,0.0045202184236714515
3,alpha_dr,B,test,Scrap,13,-0.9475453800819628,-0.9560439560439561,-0.942045062779449,-0.8549373391430753,-0.5879120879120878,-0.0008498762676626693,-0.9508927101166672,0.8609724358558251,0.37286400221015553,0.5518704144715043,0.3507822368986315,0.2438225913253999,-0.21835783587553137,173.69722870945907,-0.29570766076239097,0.0441079483174498
3,alpha_dr,B,all,Scrap,39,-0.9501776395069437,-0.7710526315789474,-0.944434035293311,-0.8481817214584071,-0.5653791443265127,-0.0008372690127889446,-0.9252954336019733,0.7888369101509559,0.45952485226486295,0.3823456442421524,0.2140682098104841,0.20136072295916715,-0.009323145269909072,37.172937193704,-0.018510411324818288,0.014310178974527688
4,alpha_cc,A,train,Concentrate,21,-0.3877656871896272,-0.3,-0.19275035856096798,-0.3620922715899196,-0.33533834586466166,-9.219233231572743e-05,-0.1924470856181845,0.1011149680581018,0.9480954761741552,0.007717069825392108,0.02718431152443612,0.026791707993791183,0.0039235458728388295,6.714272603984455,0.0015458619663621942,0.010691369995497801
4,alpha_cc,A,val,Concentrate,7,-0.9771330159530719,-0.9642857142857145,-0.9935254953918394,-0.8032064411152269,-0.7857142857142859,-0.0016622078761579153,-0.9872379987374298,0.9855546735281151,0.12018871191540799,0.16668620315809518,0.17671729021374116,0.029197024753227843,-1.5068210977404077,844.2774888866975,-0.3472894674923681,0.31455798068275875
4,alpha_cc,A,test,Concentrate,13,-0.9377193338613625,-0.9285714285714285,-0.960236529316794,-0.875601758095935,-0.8461538461538461,-0.001882116442036435,-0.9662741449064124,0.9644114488037759,0.18864928093216798,0.14520464121806745,0.1545142037899563,0.040000332926967606,-2.1898344872716184,1523.6949763584776,-0.48064581369329384,0.5213842213784421
4,alpha_cc,A,all,Concentrate,39,-0.9854295635139659,-0.886842105263158,-0.987034695081015,-0.8384413431821027,-0.7890359995623153,-0.001642073566275718,-0.9914799169780051,0.991240626258522,0.09359152601319165,0.2718845882244538,0.2659757554450208,0.03559731660230137,-0.03683384100057463,128.08332856475363,-0.011568360889272267,0.047309470738577275
4,alpha_refc,A,train,Refined,21,-0.1772972010414407,-0.0974025974025974,-0.2000010975336025,-0.3151871995828531,-0.09473684210526315,-0.00011065752643863854,-0.20362465564761478,0.037220227394133866,0.9812134184803356,0.006700531960370019,0.0726970330220205,0.07163365841701068,-0.00012227427078315145,17.68201454366789,-2.2680242370620718e-05,0.022582841765757422
4,alpha_refc,A,val,Refined,7,-0.9533282648695321,-0.9642857142857145,-0.980468056904551,-0.8885985326082745,-0.9285714285714288,-0.008046705020401255,-0.9683840822921792,0.9640409482390733,0.1896287208228931,0.4555159136249901,0.5008554257606165,0.12838171178333746,0.11279411307447162,-70.33010997830911,0.008718654317396268,-0.04676561403775903
4,alpha_refc,A,test,Refined,13,-0.8397361372862598,-0.8516483516483516,-0.9003661388114332,-0.6398562353958182,-0.8681318681318682,-0.010337859660773399,-0.9609137124557308,0.9608958286196425,0.19774774684015373,0.38142782829282906,0.37910779227437863,0.10634525726694503,-1.8666988801025255,487.6515459118866,-0.17579629602477165,0.28506698482889536
4,alpha_refc,A,all,Refined,39,-0.8667876639056875,-0.738259109311741,-0.8766981833314581,-0.7067854203462999,-0.7513951198161725,-0.008051209345574588,-0.948322329604477,0.945617621507722,0.23320029693865751,0.3001934699990556,0.32377318092359514,0.10296398993275586,-0.024508103669353964,61.83284303381748,-0.004165966090281525,0.053253404883893296
4,alpha_win,A,train,Scrap,21,0.004133717804900309,-0.06753246753246753,0.1863072150870747,-0.12253233478649915,-0.07218045112781954,1.0696649058869543e-07,0.1432053950515103,-0.13898849689799542,1.0672340403575944,0.03129821792944934,0.024479769061172187,0.0424061056360778,0.00022607602478032923,5.983065134782009,0.00403806622828462,0.0034771016687393796
4,alpha_win,A,val,Scrap,7,0.2208596978530164,0.14285714285714288,-0.013898150688637392,-0.4243049517927261,0.0,3.6735009417005864e-05,-0.1365089411844138,0.08314479424070959,0.9575255640239014,0.28389981763212657,0.09643447956934514,0.2870959858917032,0.08490356907430063,-344.0273150604612,0.34927245913478133,-0.06232089808479202
4,alpha_win,A,test,Scrap,13,-0.7701413599667417,-0.5879120879120878,-0.7048621703894699,-0.6110156404607932,-0.4230769230769231,-0.00011558115815166606,-0.8930528754915429,0.8765071809948602,0.3514154507205677,0.5444766755077223,0.448463077323856,0.24788467820297383,0.09369944547499803,4228.814212580092,0.34927245913478133,0.6659166665669076
4,alpha_win,A,all,Scrap,39,-0.4432743753239511,0.10708502024291498,-0.4187449599695146,-0.6180377821174167,-0.22507933034248823,-3.487110929226438e-05,-0.3805541321854707,0.37357935083189076,0.7914674024671574,0.3521102031831155,0.4270414928568096,0.4380656116549579,0.0029207596231299315,80.20626059376173,0.0297530885452022,0.02142384067744807
4,alpha_dr,A,train,Scrap,21,-0.2677421871439584,-0.3090909090909091,-0.13497871077105444,-0.2219745744321608,-0.21804511278195485,-1.553322612830338e-05,-0.1932363338604582,0.1924688249306182,0.8986273838857693,0.02238903927643544,0.024479769061172187,0.02981125305564661,0.0014785706460946901,5.983065134782009,0.0036244785919962164,0.0034771016687393796
4,alpha_dr,A,val,Scrap,7,-0.6940951179530326,-0.6071428571428572,-0.7360140070139601,-0.7315602599979613,-0.6071428571428572,-0.00026020398445451436,-0.859014983212253,0.5283250618108486,0.6867859478681487,0.28042749549084167,0.09643447956934514,0.20366323078144016,0.16211878323481377,-344.0273150604612,0.33467173089985836,-0.06232089808479202
4,alpha_dr,A,test,Scrap,13,-0.8366049328978492,-0.8736263736263737,-0.7718390860019411,-0.7597207836361619,-0.9065934065934067,-0.00044618751148524133,-0.9581810172221419,0.9313917211899616,0.26193182091918205,0.5696940688552473,0.448463077323856,0.18990878269156097,-0.42645513059258744,4228.814212580092,-0.626323697619123,0.6659166665669076
4,alpha_dr,A,all,Scrap,39,-0.8183479696426702,-0.8698380566801619,-0.7934526787932642,-0.7625619988740157,-0.7008425429478061,-0.0002630521484136304,-0.9699084825099982,0.9437448954726183,0.2371815855571036,0.5401305959122238,0.4270414928568096,0.16331213765508212,-0.005302248380121721,80.20626059376173,-0.010374635650123643,0.02142384067744807
4,alpha_cc,B,train,Concentrate,21,-0.17343380186300442,0.051948051948051945,-0.3852936997982175,-0.06155503823107247,-0.021052631578947364,-0.0002836039256487262,-0.3780098885736356,0.28114499605915655,0.8478531735747903,0.032263112127530164,0.01438196791724463,0.02994913861337213,0.01076863813239326,1.8243725663655823,0.004287492627960576,0.00043044755850729643
4,alpha_cc,B,val,Concentrate,7,-0.5838983982135088,-0.39285714285714296,0.21665686474495774,-0.8858438812667729,-0.7857142857142859,-0.0008884292695725777,0.18410095964786058,-0.16285583655868627,1.0783579352694939,0.03685620381459087,0.022234146252703226,0.04641622621881092,0.029036755819950244,-57.100101054347306,0.005637941237541355,-0.001237951921742031
4,alpha_cc,B,test,Concentrate,13,-0.9477431009280559,-0.8846153846153846,-0.9206355919547352,-0.9158391123728683,-0.9175824175824175,-0.0022448520179483436,-0.9079661187937648,0.9073245838876013,0.30442637223538754,0.13322099531158535,0.12830455046920863,0.05630644641557993,-0.24046566495936617,70.54739613377978,-0.046110858466609006,-0.001237951921742031
4,alpha_cc,B,all,Concentrate,39,-0.9033798463699843,-0.6779352226720649,-0.8874107014968093,-0.8749840489056744,-0.7507385928438561,-0.0021390025016170726,-0.8557239805829151,0.8520113092667637,0.38469298243305183,0.08117818678695275,0.07394531805245734,0.04224238664744933,0.01076863813239326,8.535966754724768,0.0034361350281124636,0.00043044755850729643
4,alpha_refc,B,train,Refined,21,-0.17792116338822336,0.014285714285714285,-0.10473363198613246,-0.339052282353415,-0.40451127819548865,-0.0036523655106291157,-0.09648106378190922,0.056487403033557475,0.9713457659178026,0.0871005007916762,0.02816347481287837,0.08891755885119142,0.06372531160130279,10.968364461700162,0.00818124338033055,0.0033575772155263195
4,alpha_refc,B,val,Refined,7,0.13066146787648347,0.28571428571428575,0.02542019590607847,-0.17061972026716832,-0.10714285714285716,0.001505547747679701,-0.0009672274675521945,0.0009382722892711781,0.9995307537593472,0.10456991797136832,0.08161841472307799,0.13258930243661932,0.33796139767701305,-21.220650694567894,0.02168372973298771,0.041775456067341565
4,alpha_refc,B,test,Refined,13,-0.8383466031501996,-0.901098901098901,-0.8455834045160724,-0.5836714540647111,-0.7747252747252747,-0.010880896549268994,-0.9554001929331393,0.9548782568765104,0.21241879183228973,0.32949480702682066,0.31877914800589824,0.09738584397314957,-0.35865487545251185,191.53366973562538,-0.03559072499980109,0.045531484175588055
4,alpha_refc,B,all,Refined,39,-0.8164377818308015,-0.4706477732793522,-0.8268579287060092,-0.5793923247122955,-0.5616588248167195,-0.010582529702448572,-0.8846735959643782,0.8829799096912329,0.34208199354652846,0.20250012708379964,0.1903401183160387,0.0950690494068038,0.06372531160130279,10.968364461700162,0.00818124338033055,0.007411543929817022
4,alpha_win,B,train,Scrap,21,-0.36643733449197907,-0.3246753246753247,-0.3504783472781432,-0.5531021073325627,-0.5488721804511278,-4.160979320233862e-05,-0.49769829791519393,0.18621541021463275,0.9021000996482416,0.06989186865454013,0.013567871331376172,0.06422648900139148,-0.0001931115797398214,0.6897231364869185,-0.0027350124201941384,-0.0016073988084350788
4,alpha_win,B,val,Scrap,7,-0.04013875223219288,-0.21428571428571433,-0.053003965125096114,-0.242499770955794,0.14285714285714288,-1.7934868656385274e-05,-0.1199924605910789,0.014059067598043418,0.9929455838070668,0.13780502432774594,0.008100947911645598,0.13706911615140005,0.007784278982451959,-6.971101368209929,0.04119428332091157,0.0016380299673297571
4,alpha_win,B,test,Scrap,13,-0.679253342248744,-0.37912087912087916,-0.6382551557690488,-0.48839884748053297,-0.005494505494505494,-7.990315151326774e-05,-0.8313040003135342,0.8297740376786885,0.41258449113037626,0.5433781133152643,0.5113675624678946,0.3078545449719646,-0.015410581359473846,4838.965776730063,-0.06946685164995436,0.7393311037679258
4,alpha_win,B,all,Scrap,39,-0.6115688675848104,-0.22651821862348182,-0.5946723943293891,-0.5447806481517273,-0.276726118831382,-4.3078914196999626e-05,-0.7389795877245348,0.7067399095330671,0.5415349392854841,0.33315017577789824,0.45011717685044494,0.30325691271687316,0.00032029162570643144,36.78804843397984,0.00476713191289857,0.008341715075363965
4,alpha_dr,B,train,Scrap,21,-0.18996778886221719,-0.2909090909090909,-0.34943519624186675,0.0496268819575528,-0.156390977443609,-6.69957741331554e-05,-0.4650957029228054,0.16548088265402802,0.9135201789484302,0.07377155296158923,0.013567871331376172,0.06852210769907892,-0.00554829144613006,0.6897231364869185,-0.014211569965012272,-0.0016073988084350788
4,alpha_dr,B,val,Scrap,7,-0.6506923325112911,-0.7142857142857144,-0.32131482997872446,-0.730657882002484,-0.7857142857142859,-0.0014063937788610901,-0.5255431382389959,0.04098998183035746,0.9792905688148144,0.20741228819693605,0.008100947911645598,0.20327176267522254,0.02333539090318637,-6.971101368209929,0.060091020783173965,0.0016380299673297571
4,alpha_dr,B,test,Scrap,13,-0.7657348304964849,-0.8021978021978022,-0.7151691844523266,-0.7079964956477353,-0.5384615384615384,-0.0003214808356464212,-0.9202007668030711,0.9091351232172183,0.30143801482689886,0.5976193344898131,0.5113675624678946,0.23709314841006834,-0.5318098713727986,4838.965776730063,-0.9360469535663959,0.7393311037679258
4,alpha_dr,B,all,Scrap,39,-0.8180962388397311,-0.8178137651821863,-0.7967068570600152,-0.730898626570675,-0.6822409453988401,-0.0002361957123813514,-0.9581791518784174,0.9239194164099376,0.275827090022105,0.5905178762482567,0.45011717685044494,0.20480358042460683,-0.017455323655488075,36.78804843397984,-0.05435378903535515,0.008341715075363965
5,alpha_cc,A,train,Concentrate,21,-0.4565139506082487,-0.535064935064935,-0.2730331592269604,-0.5766033302839273,-0.706766917293233,-0.00014066383832199875,-0.27076546531268214,0.17347215108470523,0.9091357703419741,0.010353198564073384,0.028567652984427403,0.027624857721654524,-0.010162761904780382,1.2003142275568734,-0.0025263126777703704,0.006897263208388793
5,alpha_cc,A,val,Concentrate,7,-0.9716785131753672,-1.0,-0.980471345199606,-0.4191523381515442,-0.3214285714285715,-0.001603663729087891,-0.989184875108798,0.9870221032809156,0.11392057197488267,0.2058680185839858,0.19268322584643496,0.032122463601120414,-1.2712998041009622,780.195450569162,-0.28440735252303995,0.2690980960831295
5,alpha_cc,A,test,Concentrate,13,-0.7680999090431018,-0.7912087912087913,-0.6507292279035761,-0.9083744826442011,-0.9120879120879121,-0.0014437459795724281,-0.8390249676160291,0.8322917848528827,0.4095219348790945,0.14861353504976038,0.13087396048235247,0.08109565943695837,-2.7669884566742287,2068.222633461084,-0.6581566413472724,0.6217829158582067
5,alpha_cc,A,all,Concentrate,39,-0.9734060501758294,-0.9182186234817814,-0.9625674118016769,-0.8701020356301244,-0.9282197176934018,-0.0014002351520411057,-0.9860671087034534,0.9855956635476524,0.12001806719135101,0.3287834392816275,0.318770190358106,0.054961590069253025,-0.03739481684828405,131.65089023369342,-0.012838123657962441,0.048618730770983554
5,alpha_refc,A,train,Refined,21,-0.2605705972487821,-0.33246753246753247,-0.20317898889880096,-0.4931746790160232,-0.5488721804511278,-0.0005461098339464513,-0.1919832069326606,0.13507993772338756,0.9300107861076733,0.02988430612015251,0.07265447341863783,0.07306206559996793,-0.016558123833683602,16.109825976509285,-0.002249395634826623,0.023640726725806083
5,alpha_refc,A,val,Refined,7,-0.8209991621928729,-0.8214285714285715,-0.9589277434361871,-0.6612621785076152,-0.5,-0.00929696603204246,-0.9652659732581899,0.9652242946316627,0.18648245324517063,0.23582240968151896,0.2336410629769931,0.061905533553254496,1.3328867132184072,-124.4489477736197,0.1346943167230772,-0.16672571646198708
5,alpha_refc,A,test,Refined,13,-0.8191431510710405,-0.8131868131868131,-0.8767383997413586,-0.4003309049027181,-0.4010989010989011,-0.012659686340237458,-0.9125709289789325,0.9055828776433062,0.30727369291349005,0.30995893958082127,0.2737701490005165,0.12707342066331412,-1.3109985010848142,92.35099651116889,-0.15345201207895398,0.06517607879429566
5,alpha_refc,A,all,Refined,39,-0.8195011695410044,-0.6809716599190284,-0.8556699268154782,-0.4576643363952661,-0.4903162271583324,-0.010888420363205392,-0.908785571376128,0.9051446682581573,0.3079859278308713,0.23331633398909685,0.21330686564464138,0.0973626920111553,-0.04646404084025413,30.557718240101906,-0.0037317223473189998,0.021583139662070927
5,alpha_win,A,train,Scrap,21,-0.08274078130734389,-0.1012987012987013,-0.021338379340616023,-0.08381518226967588,-0.009022556390977442,-1.7578763385279513e-06,-0.04852560386537736,0.04622704961684253,0.9766129992904853,0.051031616465354056,0.037277375847432626,0.06171876307037782,-0.0005755937803174627,-62.86607930501464,-0.00336334936962146,-0.010738845668845087
5,alpha_win,A,val,Scrap,7,-0.2923475545771094,-0.42857142857142866,-0.3365121778274827,0.19401505093448995,0.5357142857142858,-2.55461482939347e-05,-0.19143242058942864,0.1863104434029588,0.9020474248048388,0.15290517047649074,0.12100922090215815,0.17589513700103163,0.03627188508853446,-622.321099038907,0.17894814909904344,-0.14397157556408224
5,alpha_win,A,test,Scrap,13,-0.8187326569794879,-0.4175824175824176,-0.8259556088677212,-0.586352043269858,-0.22527472527472525,-0.00015233685813889603,-0.8847123578996419,0.8836956578497288,0.34103422430933694,0.4797876216727328,0.4573181026644419,0.22604575975255262,-0.03343735118739391,-598.3097703989811,-0.17681821283536991,-0.18502353199763277
5,alpha_win,A,all,Scrap,39,-0.7634140379479465,-0.27672064777327937,-0.7255895868525069,-0.5882460007389719,-0.05066199803041908,-0.0001464654511147948,-0.7336138734792956,0.7151751150786215,0.533689877102216,0.330883554967215,0.2637954013845007,0.22584097261952657,-0.001063192939489116,-122.69465206280279,-0.006048796765180553,-0.0366450475020752
5,alpha_dr,A,train,Scrap,21,-0.23855292087640828,-0.3649350649350649,-0.0012382724166151813,-0.24434372715208577,-0.24060150375939846,-2.7181193296804537e-05,-0.06262802718848379,0.05289169058212187,0.9731948979612861,0.06777595005359935,0.037277375847432626,0.07527762972132518,0.0028251592333145004,-62.86607930501464,0.01085850739909111,-0.010738845668845087
5,alpha_dr,A,val,Scrap,7,-0.9695339842157353,-0.9642857142857145,-0.9350663478076832,-0.5120486105449098,-0.3571428571428572,-0.0006302335041312194,-0.8879875916997321,0.7739758026228061,0.475420022061749,0.2068922940941718,0.12100922090215815,0.11394981192470968,0.24868702206458398,-622.321099038907,0.41801984698715033,-0.14397157556408224
5,alpha_dr,A,test,Scrap,13,-0.9253018131187453,-0.9505494505494506,-0.9089404160490091,-0.8072055388414555,-0.8681318681318682,-0.0006859779749936774,-0.9295176055098866,0.8776218631881476,0.34982586641335206,0.6439382124307517,0.4573181026644419,0.27629517745244575,0.1860117713626055,-598.3097703989811,0.20244878624728394,-0.18502353199763277
5,alpha_dr,A,all,Scrap,39,-0.9090634134715465,-0.7807692307692309,-0.8727291231981275,-0.7823499565699543,-0.7408906882591093,-0.0006611816259950032,-0.9016220494693113,0.8337219720992355,0.4077720293261475,0.3938904776196367,0.2637954013845007,0.19331048919855356,0.010501123578838367,-122.69465206280279,0.038695936326708535,-0.0366450475020752
5,alpha_cc,B,train,Concentrate,21,-0.19791926018311448,-0.08051948051948052,-0.3950374755052198,-0.1265753957266728,-0.1894736842105263,-0.00028097819556299465,-0.36536477263922706,0.2969072844559275,0.8385062406112864,0.03027919581359877,0.015546009426693543,0.028540122841070183,0.0027301112511115555,-1.0574395300716333,0.0010667956837193682,0.0011943802185596653
5,alpha_cc,B,val,Concentrate,7,-0.2051490065931656,-0.28571428571428575,-0.07695488130831864,-0.46097248676745706,-0.7142857142857144,-0.00041210962977121084,-0.10851004978877032,0.09028170215064475,0.9537915379417848,0.03592417621616236,0.019224455373819206,0.03886189791068461,0.0072355616419272906,21.92004174819658,0.0013806107944058787,-0.001992805131030728
5,alpha_cc,B,test,Concentrate,13,-0.9286573832008792,-0.9120879120879121,-0.8303386484988212,-0.9290278266134949,-0.9175824175824175,-0.002375415448423692,-0.7925389409950075,0.75386319008996,0.4961217692361826,0.13862197194246123,0.1007640369167899,0.0850229429156222,-0.13552797696602426,147.21952064510242,-0.02407424392648827,0.07752216726208605
5,alpha_cc,B,all,Concentrate,39,-0.9044045322913016,-0.5404858299595141,-0.8578048535289836,-0.8805337532755078,-0.7045628624575992,-0.0023307241413335674,-0.8191861350647562,0.7862414447194057,0.4623403024619358,0.09382844334835708,0.07031477920484183,0.054210154508442986,-0.01807522629004188,10.871937199767444,-0.007118050305805701,0.0026323316790302087
5,alpha_refc,B,train,Refined,21,-0.08276363626538827,-0.03506493506493507,-0.18707872917772106,-0.12287143111163412,-0.2646616541353383,-0.0018820184757289925,-0.1831014931608299,0.10678202396000865,0.9451020982094958,0.0829130899632402,0.026680245310235415,0.0823184251819298,0.0663815887140542,5.561449883790431,0.012237572059615953,0.001955092135478509
5,alpha_refc,B,val,Refined,7,0.01328913246222943,-0.03571428571428572,-0.31413193051526683,-0.1933278042569772,-0.10714285714285716,0.00019204515641307404,-0.24376315248178676,0.21789117024049565,0.8843691705161958,0.12547934460121765,0.07744154048236183,0.1304025001667474,-0.30012140325343495,-17.01073591383215,-0.04194287352947135,0.0072949221031421985
5,alpha_refc,B,test,Refined,13,-0.6785485738529318,-0.6758241758241759,-0.5929990027513424,-0.4889175985587597,-0.4175824175824176,-0.01002303427371973,-0.7967807663108625,0.7687380153952494,0.4808970623789987,0.31551727139740404,0.24102982477377713,0.1909388599343839,-1.2928064281594285,270.8759091016873,-0.16763383503370655,0.1713171034191623
5,alpha_refc,B,all,Refined,39,-0.7615983755978998,-0.5040485829959515,-0.7149046236423788,-0.4900584798370315,-0.39752708173760803,-0.00915814380011336,-0.8453807779139219,0.8209394893769995,0.42315542135603157,0.24668764976969962,0.19338955506141647,0.13264037128034073,-0.290364069732008,21.10525421716102,-0.03686469613706267,0.026346505914900398
5,alpha_win,B,train,Scrap,21,-0.2356705303184073,-0.24415584415584415,-0.5035823923696942,-0.1753894644203114,-0.156390977443609,-2.092695713595192e-05,-0.5805380438616555,0.20999472436985692,0.8888224095004261,0.06509878592357653,0.012186510903394737,0.05886637318910755,-0.002083868128111885,-16.391233991118042,-0.020194956714115975,-0.0014610477936365385
5,alpha_win,B,val,Scrap,7,0.885108440648297,0.8571428571428573,0.5987710166792752,0.7351629737385666,0.7857142857142859,0.00022901321643469013,0.5810963531125997,-0.16307333115711484,1.0784587758264639,0.1309324145678546,0.01874850722039082,0.14264550335041587,0.010728958414614104,-22.28451797760954,0.051873686084543236,0.006944542108545448
5,alpha_win,B,test,Scrap,13,-0.7182824724708718,-0.510989010989011,-0.7095266069591692,-0.4609967483077486,0.07142857142857142,-0.00011135757282031257,-0.8768606968603126,0.8768589957161058,0.35091452560971903,0.45589298192761724,0.45679188181081914,0.22646829294215284,-0.06392318857108298,1958.6140970685756,-0.3966500753250355,0.33685593966353267
5,alpha_win,B,all,Scrap,39,-0.7604306383767643,-0.4848178137651822,-0.7566739454307737,-0.5164879682442596,0.02527628843418317,-9.45048863590193e-05,-0.906016356199064,0.9017496570731068,0.31344910739527265,0.3572914245990178,0.32418402173055316,0.15122171552804667,-0.0054019813449639464,21.123718104952786,-0.032753134668567,0.0049337871411854195
5,alpha_dr,B,train,Scrap,21,-0.242770294227099,-0.348051948051948,-0.326101690600354,-0.13986684778980193,-0.2150375939849624,-8.986638010405771e-05,-0.36725091981986674,0.09913797416161149,0.9491375168216609,0.0886124960438667,0.012186510903394737,0.08489707739633373,-0.005727322542336433,-16.391233991118042,-0.016846027173426315,-0.0014610477936365385
5,alpha_dr,B,val,Scrap,7,-0.24158490345360703,-0.25,-0.16977685678159124,-0.21348323173363082,0.21428571428571433,-0.00014502192784699689,-0.3015797245252675,0.10800551693127527,0.9444545955569938,0.10122911104895345,0.01874850722039082,0.09723222877953633,0.03562937584454556,-22.28451797760954,0.07161661166401026,0.006944542108545448
5,alpha_dr,B,test,Scrap,13,-0.828140694177326,-0.8406593406593407,-0.8026134835300979,-0.6793452540028072,-0.7637362637362637,-0.0004902549439815497,-0.90142378449617,0.8524365802163814,0.3841398440459133,0.640113148141302,0.45679188181081914,0.30208237240715463,-0.36056738069126737,1958.6140970685756,-0.5406188531669329,0.33685593966353267
5,alpha_dr,B,all,Scrap,39,-0.8474136701482045,-0.6431174089068826,-0.832605022057778,-0.7049271220893933,-0.4386694386694387,-0.0004090092723163802,-0.9287457644292664,0.8658694861510285,0.36623832930070466,0.4734925325506312,0.32418402173055316,0.21016160063368144,-0.005727322542336433,21.123718104952786,-0.016846027173426315,0.0049337871411854195
6,alpha_cc,A,train,Concentrate,21,-0.3164571409297024,-0.37922077922077924,-0.18836169763168567,-0.3358490068936103,-0.37293233082706767,-0.00010768032020053763,-0.17137414188255914,0.12033743098316312,0.9379032834023115,0.010345479600666414,0.02522295622041992,0.02556928831209792,-0.007869485996402137,6.2724995550217955,-0.003049598369213702,0.006161941897312673
6,alpha_cc,A,val,Concentrate,7,-0.9374202416124857,-0.6785714285714287,-0.9647724121083402,-0.8821394983814451,-0.7500000000000002,-0.0016368638851403184,-0.9378255862401682,0.923386310091387,0.2767917807822568,0.10813359422700843,0.12902215187298063,0.046596143089031115,-1.2051121771968587,587.4268971456713,-0.25597830175138947,0.2593607014357735
6,alpha_cc,A,test,Concentrate,13,-0.6636767255340174,-0.6318681318681317,-0.7473015110517272,-0.557507514124592,-0.521978021978022,-0.0008603322523362569,-0.7232256024436315,0.7204785538967929,0.5286978779068506,0.1144356236265176,0.12487453470004095,0.0895501863426632,-1.9316219033455138,1286.8534551979315,-0.416812051344571,0.43372324104044235
6,alpha_cc,A,all,Concentrate,39,-0.9492729262343533,-0.8831983805668017,-0.9625594546314988,-0.6019229181571546,-0.488784330889594,-0.001590413849130005,-0.9636856575490382,0.9636743011267512,0.19059301895202985,0.21418142620490635,0.2131441408931349,0.05759067231554946,-0.035202424344416894,115.59766787448325,-0.013720973306735718,0.045115094628711994
6,alpha_refc,A,train,Refined,21,-0.29744744863396644,-0.3116883116883117,-0.17136200755849154,-0.5133947380953984,-0.5097744360902255,-0.0005539460421566857,-0.13685680466770617,0.07636796121824031,0.9610577707826724,0.02192510616501815,0.07189655356570053,0.07223821081517323,0.023539350730140463,14.571688232480085,0.005317852957968938,0.031336783247621014
6,alpha_refc,A,val,Refined,7,-0.8660623748021402,-0.7500000000000002,-0.9458391379410347,-0.6777271803843223,-0.7500000000000002,-0.008663685151623112,-0.9720467613498714,0.9526004313834143,0.21771441986369597,0.2642290753968963,0.3232847070690524,0.09090196415112427,0.10741238442922807,-44.511479097519214,0.014593745844742934,-0.052422461414310284
6,alpha_refc,A,test,Refined,13,-0.8667160778416301,-0.6428571428571429,-0.923381360567493,-0.5132917041320069,-0.5934065934065934,-0.011375571173091398,-0.9893188635374902,0.988404767641387,0.10768116064852325,0.3827608830148589,0.3666495013853925,0.057074849930337485,2.1917085991214167,-248.22507205914872,0.19809225642843664,-0.22703242617635144
6,alpha_refc,A,all,Refined,39,-0.7825022763053946,-0.7878542510121458,-0.8292059766985042,-0.5258920678649402,-0.5430572272677535,-0.009100309350968668,-0.9485371139829054,0.9483963585036074,0.2271643490875991,0.23298816056863025,0.2370369732703993,0.07550268057969026,0.056811308283508666,-1.4522096836584524,0.009107857019973853,0.006078295726068106
6,alpha_win,A,train,Scrap,21,-0.2945851332998858,-0.3051948051948052,-0.014448274235611114,-0.34064160050067194,-0.24360902255639094,-7.859284971490552e-06,-0.12262848680745175,0.11839784777904412,0.9389367136399321,0.041907645298889656,0.03210234129343141,0.0495667087913871,-0.0009195271631835811,-29.03639799959501,-0.006663623233820637,-0.0005040915119334244
6,alpha_win,A,val,Scrap,7,-0.516626428020302,-0.42857142857142866,-0.1532632371941831,-0.5591404483267517,-0.5357142857142858,-5.863217177498859e-05,-0.09033210691550742,0.06823295157318594,0.9652808132490845,0.21016715165704308,0.09590394440641384,0.22299407121937187,0.02256650437828911,-821.7309876538529,0.11929091947813864,-0.19634745483587857
6,alpha_win,A,test,Scrap,13,-0.8756414292521948,-0.5054945054945055,-0.8686986608495711,-0.7975164330917655,-0.6923076923076923,-0.00017919441390892353,-0.9085038125930296,0.8703875999004049,0.3600172219486105,0.5595875167384228,0.41668174571316124,0.2511779722471384,-0.05132264150531338,240.85504631628646,-0.278620972383141,0.010681506686566422
6,alpha_win,A,all,Scrap,39,-0.8587182399228521,-0.4694331983805668,-0.837763115920155,-0.7385512154698923,-0.37936316883685306,-0.0001649224625994439,-0.8781494456113574,0.8216600575891393,0.4223031404226835,0.372329075215617,0.2575102538946293,0.19117811542049434,-0.0017609596191325988,-72.71159816403974,-0.018576981585692875,-0.0013581260435824305
6,alpha_dr,A,train,Scrap,21,-0.3092270411993353,-0.4207792207792207,-0.05928803204794838,-0.17511343692568468,-0.10375939849624059,-3.951073208413311e-05,-0.16104576455108235,0.12697709961263193,0.9343569448488988,0.06575950086972254,0.03210234129343141,0.06837343139968642,0.002076703236060712,-29.03639799959501,0.004798342939332123,-0.0005040915119334244
6,alpha_dr,A,val,Scrap,7,-0.7665682887377785,-0.7857142857142859,-0.7175058704163542,-0.7104558200803454,-0.5357142857142858,-0.0003236070015131273,-0.6960128540349232,0.5411565756862838,0.6773798227831385,0.20091739884465223,0.09590394440641384,0.15080697280954852,0.20035698891650766,-821.7309876538529,0.38720162850822726,-0.19634745483587857
6,alpha_dr,A,test,Scrap,13,-0.9453777420222733,-0.8956043956043955,-0.9392103424515768,-0.8609656285443207,-0.7747252747252747,-0.0007118991534723425,-0.9608532017948668,0.8808122194610107,0.3452358332198285,0.6361743260578293,0.41668174571316124,0.2625475839927003,-0.11247900697165647,240.85504631628646,-0.14582413237307645,0.010681506686566422
6,alpha_dr,A,all,Scrap,39,-0.9310155724827929,-0.7688259109311741,-0.917110643068454,-0.8128518378013158,-0.5846372688477951,-0.0006575840812435326,-0.9486772394728477,0.8466974278771422,0.391538723656879,0.4186629190713312,0.2575102538946293,0.19244842052542102,0.002076703236060712,-72.71159816403974,0.004798342939332123,-0.0013581260435824305
6,alpha_cc,B,train,Concentrate,21,-0.36838940767982215,-0.20649350649350648,-0.4521967996513904,-0.35880294053148115,-0.13082706766917293,-0.00046805798451252583,-0.4327017074392142,0.3802890959970966,0.7872171898548096,0.02889594842219536,0.0171935030512355,0.026469613282976666,0.019697250034071523,-1.4158780567538543,0.00782849907784422,2.9316790164379825e-05
6,alpha_cc,B,val,Concentrate,7,-0.47670284196627605,-0.42857142857142866,0.24769774444705236,-0.8143903953286773,-0.8928571428571429,-0.0007321138342998454,0.2119128170313474,-0.17587980037314926,1.0843799151465086,0.03598049506257603,0.019169422866988948,0.04420843891296816,0.057771913482860704,-49.305897662414736,0.01054523168717747,0.004245325812559209
6,alpha_cc,B,test,Concentrate,13,-0.8027952445771868,-0.7857142857142857,-0.7870388376384322,-0.6518295253092622,-0.4175824175824176,-0.0018333809934559587,-0.7349258678366895,0.7347887329070056,0.5149866669079834,0.09238666282477324,0.09061890873095514,0.06664469116541057,-0.32270950951201804,137.09263264841456,-0.0613400724505353,0.045110651061408547
6,alpha_cc,B,all,Concentrate,39,-0.8028740789362815,-0.6127530364372469,-0.814257724054858,-0.6100606445691446,-0.5034467666046613,-0.0017722798055322677,-0.7636161209304876,0.7607137485053876,0.4891689396257824,0.06817747865694551,0.06247637026798388,0.04523547401560142,-0.02175015158586069,5.195904554281242,-0.005122574573241501,0.00437602972503548
6,alpha_refc,B,train,Refined,21,-0.008321877088227288,0.03636363636363636,-0.027338008535742076,-0.29425263096313986,-0.5263157894736841,-0.00015036667211539316,-0.05175503715427813,0.03347807418048173,0.9831184698801657,0.07633327153111166,0.028013348713609304,0.07993857156633317,0.1015001638325641,9.484308786078373,0.01299947983093741,0.003956126360566969
6,alpha_refc,B,val,Refined,7,0.21534561003380437,0.1785714285714286,0.36492830862769277,-0.303934137178733,0.0,0.0022989472694026057,0.3013495493525508,-0.2904542159839687,1.1359816089990054,0.0970552528003547,0.0738640858085683,0.13855076088965698,-0.053943218972943185,-19.205948109220117,-0.003052463247409154,0.004589895407341338
6,alpha_refc,B,test,Refined,13,-0.8153477827899481,-0.6538461538461539,-0.8481518164327676,-0.6729503090346785,-0.5439560439560439,-0.010199726422088749,-0.9509240992947564,0.936799242708814,0.251397607966317,0.4258141415030051,0.35801211739359545,0.13985715956779296,5.567251066377025,-664.9468712011354,0.5104104464958059,-0.5549328475054338
6,alpha_refc,B,all,Refined,39,-0.8404896570063046,-0.4817813765182187,-0.8578680102544742,-0.6553761345740475,-0.4412955465587044,-0.009215632131412391,-0.927592657805688,0.9234894675744411,0.2766053730959666,0.2967507720240527,0.27006440510715285,0.11098592096264849,0.20643707527042832,-1.1935596600504823,0.025441906862723407,-0.0021388889244038367
6,alpha_win,B,train,Scrap,21,-0.3130113014663735,-0.4246753246753247,-0.31386403414284486,-0.10877799918020652,-0.1894736842105263,-1.4362207830971355e-05,-0.31439230816908154,0.21135974817697,0.8880541941925786,0.061312132490897536,0.023685005581619664,0.058369938902423264,-0.0024116689793149126,-1.5998508049333395,-0.02415588646315836,0.0040490929842089685
6,alpha_win,B,val,Scrap,7,-0.775424363202727,-0.5357142857142858,-0.7272802631221035,-0.2698827684337593,-0.3214285714285715,-0.00020693011887102684,-0.732263536225276,0.17385493310446626,0.9089252262400542,0.15395009593754808,0.01854058044472798,0.14094023622961355,-0.0007922006665091463,-3.0223050890435843,-0.004457661411697567,-0.0025272967786804656
6,alpha_win,B,test,Scrap,13,-0.7946921420587163,-0.5989010989010989,-0.7783114508140336,-0.7106166629670063,-0.5659340659340659,-0.00012957855208985377,-0.925115402472532,0.9069439892899505,0.30505083299353486,0.552857371490105,0.45271079787535323,0.21797762401191442,-0.06542779220976344,1984.80774638995,-0.3451740418282627,0.339836786836738
6,alpha_win,B,all,Scrap,39,-0.8045463684608084,-0.7558704453441296,-0.7940386132756422,-0.6941260694586832,-0.1926906663748769,-0.00010275375005949032,-0.94663680345471,0.926451311383044,0.2711986147032392,0.403933134506109,0.3279555314859218,0.1411058687620479,-0.004334479349744055,59.81066239581014,-0.04329491002493757,0.007427575560742028
6,alpha_dr,B,train,Scrap,21,-0.3687981379124979,-0.4753246753246753,-0.33142523664175905,-0.07984518737584245,-0.10225563909774435,-8.757019988196064e-05,-0.36545846610230137,0.17651064020556675,0.9074631451438858,0.09197876868098877,0.023685005581619664,0.08619024272081605,-0.005214686994549522,-1.5998508049333395,-0.011269864387450146,0.0040490929842089685
6,alpha_dr,B,val,Scrap,7,-0.7946171410838632,-0.642857142857143,-0.6950469231051702,-0.7912284098440833,-0.6785714285714287,-0.0006726132242722317,-0.7816294487074928,0.18658818091391607,0.9018934632682976,0.1530898462358588,0.01854058044472798,0.1390796166999107,0.041631633924898326,-3.0223050890435843,0.09922696205664616,-0.0025272967786804656
6,alpha_dr,B,test,Scrap,13,-0.8791521474715477,-0.8901098901098902,-0.8564124766549424,-0.8242293806380209,-0.7417582417582418,-0.0005208403980693513,-0.94849349124633,0.8832816735807713,0.34164063929695004,0.6632757160757825,0.45271079787535323,0.27435290716566246,-0.4017582024549688,1984.80774638995,-0.6260865410415348,0.339836786836738
6,alpha_dr,B,all,Scrap,39,-0.8864211820178373,-0.7799595141700405,-0.8720390111757984,-0.8076803393604589,-0.538242696137433,-0.0004279665923238439,-0.9582329285705502,0.8687941441551906,0.3622234888087869,0.514309818066509,0.3279555314859218,0.22094724852603634,-0.01996365018356311,59.81066239581014,-0.07088081462218976,0.007427575560742028
7,alpha_cc,A,train,Concentrate,21,-0.32848032965179236,-0.44285714285714284,-0.28820456514438214,-0.40001540428251897,-0.5503759398496241,-0.00011728143878133947,-0.28491608295055754,0.20492475343021255,0.8916699201889606,0.012699683447008083,0.029924195870664604,0.028985986014912,-0.009160861243874496,2.9881833236122475,-0.0032575743737681684,0.004503786141447641
7,alpha_cc,A,val,Concentrate,7,-0.9057392034074108,-0.9285714285714288,-0.9299039080604146,-0.6433853274868868,-0.5714285714285715,-0.0018499557058483651,-0.9216099516483278,0.9215586682108081,0.28007379704140817,0.10044498315895525,0.10151025673837823,0.03999619240829018,-0.7516466060676548,413.34838756885847,-0.15824121574197436,0.17196760529072108
7,alpha_cc,A,test,Concentrate,13,-0.7938698937413066,-0.8131868131868131,-0.8689667402193125,-0.8255603450448631,-0.7802197802197801,-0.0014255671854398618,-0.7987691550591676,0.7851076393505397,0.4635648397467826,0.09407622031876457,0.11333950899003356,0.06828135349971676,-1.4373735823308484,747.3511348089714,-0.31089469901221234,0.2908815950705579
7,alpha_cc,A,all,Concentrate,39,-0.9448877915986449,-0.8989878542510121,-0.9671635366178768,-0.7794881346422055,-0.7531458584090163,-0.0018651730070228197,-0.9564034010117091,0.9563722743718291,0.20887251046552505,0.1588461957168726,0.16013295228619018,0.047112062352531556,-0.04962997488832377,137.56663690645996,-0.016206309405727093,0.049364085961888904
7,alpha_refc,A,train,Refined,21,-0.1812978101672289,-0.14935064935064934,-0.10157797827581416,-0.42247302301289397,-0.4421052631578947,-0.0003363166915208615,-0.12008386468463847,0.07382759332591775,0.9623785152808028,0.024667750583855296,0.07176766787145152,0.07303366256700412,0.011188867550108839,29.390951724101058,0.0015901027772420306,0.021842865004038536
7,alpha_refc,A,val,Refined,7,-0.918143156454804,-0.8571428571428573,-0.9749079084418139,-0.7649279313237252,-0.6785714285714287,-0.009790600036917169,-0.9657764992512515,0.9642571501540513,0.18905779498859243,0.32857731300080095,0.3475475722660371,0.09042268219750452,-0.13155599639992488,-124.1331044803153,-0.010265865691541975,-0.05842085097665528
7,alpha_refc,A,test,Refined,13,-0.5908914462018453,-0.576923076923077,-0.47368379584253095,-0.36577118710145334,-0.3626373626373627,-0.010431714583238208,-0.9443644222864941,0.922598584809519,0.278211098251815,0.32099740091422163,0.2584338032806621,0.11465111496371513,-2.9938074126365137,863.4848451985647,-0.488762128946461,0.45631061171606113
7,alpha_refc,A,all,Refined,39,-0.7626617259435491,-0.8388663967611336,-0.7175301074335961,-0.4699561967040517,-0.5325527957106904,-0.006819729456479736,-0.9525961366840608,0.95221641416921,0.218594569536368,0.3087691199791291,0.3001714267519709,0.09413314038984076,-0.1327383568392566,87.74594924855961,-0.022643187622178207,0.06876545630764852
7,alpha_win,A,train,Scrap,21,-0.028700627055701745,-0.04025974025974026,-0.1400902201930858,0.10112686726914137,0.26766917293233083,-7.979940337477898e-07,-0.19668754480803216,0.19241164816132225,0.8986591967140144,0.043361588646813796,0.035133037722823855,0.05015257249044622,0.00016897200799166623,-41.68216766020669,0.0021234726084147226,0.0006298720064847885
7,alpha_win,A,val,Scrap,7,-0.7958192929815769,-0.7857142857142859,-0.747952211970808,-0.12874272384947502,-0.10714285714285716,-0.00010465763633652808,-0.6475776481367046,0.570775964592062,0.6551519178083339,0.2071754109777226,0.1240211495754664,0.15819293439573484,0.04668629153270337,-757.543644772089,0.20838052063856227,-0.14603700552895127
7,alpha_win,A,test,Scrap,13,-0.8340016495225147,-0.39560439560439564,-0.8745306046336805,-0.5703784375988747,-0.1868131868131868,-0.0001801273395737418,-0.9262333902490653,0.8971944423614984,0.3206330576196124,0.5197509517349816,0.40326933372922746,0.21092859948303272,0.24296499963466348,-1120.9140984252658,0.7512859061564681,-0.3525632098540097
7,alpha_win,A,all,Scrap,39,-0.8211836498601807,-0.6724696356275305,-0.8647606571481213,-0.5583883946605265,-0.029871977240398292,-0.00017534801107228548,-0.8556091417423937,0.763521825089259,0.4862902167540911,0.40068703017187784,0.2463735509903711,0.22873740748929827,0.005070730093085271,-143.571002417003,0.0512486966628547,-0.04516962102111144
7,alpha_dr,A,train,Scrap,21,-0.3609225488522531,-0.4402597402597402,-0.17098913997959378,-0.1959153692843571,-0.19849624060150375,-4.443561866179597e-05,-0.26000066118622095,0.21376552919416775,0.8866986358429972,0.0670565498357077,0.035133037722823855,0.06712555360483453,0.003865008257162683,-41.68216766020669,0.01562957516287833,0.0006298720064847885
7,alpha_dr,A,val,Scrap,7,-0.9179613689494542,-0.7500000000000002,-0.8683326289356889,-0.5056036887665483,-0.5,-0.00033895836249855395,-0.50375468341583,0.4695600057766634,0.7283131155096251,0.1812375719957587,0.1240211495754664,0.1599444303142759,0.2947896885407697,-757.543644772089,0.2939287172569838,-0.14603700552895127
7,alpha_dr,A,test,Scrap,13,-0.9426122624895965,-0.9560439560439561,-0.949667934671191,-0.7830266669235119,-0.9395604395604396,-0.0007504674449115604,-0.9722278608326961,0.928178395666025,0.2679955304365635,0.5481140495073294,0.40326933372922746,0.18236601924224416,0.18859872420216928,-1120.9140984252658,0.19287851986466398,-0.3525632098540097
7,alpha_dr,A,all,Scrap,39,-0.8409546448385836,-0.8453441295546559,-0.7674009495884068,-0.763782198779829,-0.6870554765291608,-0.0006229425885086139,-0.888113827910047,0.8448786893300297,0.3938544282726426,0.33880214942400455,0.2463735509903711,0.16499013910466956,0.014393969358450859,-143.571002417003,0.041396157870360606,-0.04516962102111144
7,alpha_cc,B,train,Concentrate,21,0.27558976564273835,0.15714285714285717,-0.03404408741058399,0.3299696837102834,0.11428571428571428,0.0003923416580408064,-0.019320265464919995,0.01556670918637032,0.9921861170232276,0.027118770882050988,0.013722380653439142,0.030155463947183176,0.00969129393837509,-6.910047198191933,0.0037956822165844395,0.0014844975636965074
7,alpha_cc,B,val,Concentrate,7,-0.08541240578965519,-0.28571428571428575,0.5587281203749567,-0.42094320346085007,-0.39285714285714296,-0.00018013482723584206,0.5639527351641249,-0.3532248522480758,1.1632819315402763,0.03581524534763346,0.0126056668998288,0.04416849351128969,0.009920795924597492,-18.03406891187842,0.0018187908673286124,0.007579809297881823
7,alpha_cc,B,test,Concentrate,13,-0.9081501447979087,-0.8956043956043955,-0.7750040487869875,-0.8795478725654591,-0.7417582417582418,-0.0019135419299086348,-0.7923631277847331,0.7919351946793363,0.4561412120392803,0.10004143393419457,0.1033847412218529,0.06562204999718992,0.29916115970033097,-91.33450557749052,0.05089566069179319,-0.01873523959272827
7,alpha_cc,B,all,Concentrate,39,-0.8474535076057514,-0.45222672064777325,-0.7614851989001924,-0.8021463284216075,-0.6323448955027902,-0.0018109632519277754,-0.7369282772075486,0.7366155131525702,0.5132099831915098,0.06457506549346016,0.06272050844306976,0.046199735249535294,0.025212685345018304,-10.778934091452129,0.009808892305477213,0.0014844975636965074
7,alpha_refc,B,train,Refined,21,-0.03315015527826337,-0.015584415584415586,-0.1251116134139382,-0.17676161657957137,-0.34736842105263155,-0.0008044069707428497,-0.11329554504009412,0.052890230269639994,0.9731956482282276,0.08399139001392748,0.020808319188237407,0.08421117528394137,0.052772683277301446,5.729300520900836,0.009165654291451553,-0.00015933963471148616
7,alpha_refc,B,val,Refined,7,0.34156369071115805,0.3571428571428572,0.2464393931613219,-0.04283796809129648,-0.1785714285714286,0.008246567891980538,0.19132303393303476,-0.12533222423550433,1.0608167722257715,0.12645688695647295,0.04718704555473512,0.14318260776403993,-0.5644742268455794,8.30477113989366,-0.06510846049656571,0.020482836953330974
7,alpha_refc,B,test,Refined,13,-0.7591913187959831,-0.8296703296703297,-0.6368118738402119,-0.6003305709165138,-0.7142857142857143,-0.009418920773562878,-0.8910620580414538,0.8226985427143205,0.4210717958800845,0.4019695925696663,0.268132089858637,0.20345846310862428,0.3277736088999621,59.6299163340143,0.03838377911265045,0.033732390762931
7,alpha_refc,B,all,Refined,39,-0.7428807567607413,-0.3744939271255061,-0.6362906514312078,-0.5904662785296161,-0.5866068497647445,-0.009120851810693754,-0.8349572588678693,0.7745608463061984,0.4748043320082511,0.24237199349489366,0.16370902549526709,0.13887099656032545,0.0697732034875953,10.433204909433755,0.011479946301817145,0.001771175833273908
7,alpha_win,B,train,Scrap,21,-0.06107571523140627,-0.17792207792207793,-0.23198524550811672,0.06557979163868448,0.14586466165413534,-4.136484414177494e-06,-0.39339175427470047,0.26778613296674036,0.8556949614396825,0.05754901487474578,0.022610723133637926,0.05290889969675652,-0.00035348592885073304,7.509904128587095,-0.002007021238795037,0.004539038122663541
7,alpha_win,B,val,Scrap,7,-0.14551222155599103,-0.42857142857142866,0.06084577754769977,-0.328683646407734,-0.07142857142857144,-8.471025953755362e-05,0.027931638922973772,-0.00321740860583299,1.0016074124155796,0.149542157697055,0.008641542493055009,0.15003240949113078,-0.0003484224008368786,24.09061592447597,-0.0017924622036871174,0.0008208803354730065
7,alpha_win,B,test,Scrap,13,-0.8141051244801909,-0.25274725274725274,-0.8434211600252928,-0.5544971082693901,-0.2802197802197803,-0.00017048870156512294,-0.9081040146145469,0.8758687967886462,0.35232258402116917,0.5094970105886983,0.38875230816785394,0.22579330537622402,0.12422391165038071,577.6891595330662,0.46284614461152374,0.09969205032933282
7,alpha_win,B,all,Scrap,39,-0.6541709154578921,0.03360323886639676,-0.681114794987616,-0.5689564462839515,-0.02199365357260094,-0.00011941168920450038,-0.540293858749787,0.5175435361401063,0.6945908607661734,0.3257420130675811,0.24242054181206946,0.2820377429009216,0.0012185670344234123,38.249008444215406,0.01988035697876578,0.008870121926216612
7,alpha_dr,B,train,Scrap,21,-0.21860153029802012,-0.24155844155844156,-0.2583467557789082,-0.10594716032833591,-0.24661654135338343,-5.057819534412373e-05,-0.3558526194820114,0.182180005545965,0.904334006025448,0.08210438805840217,0.022610723133637926,0.07701387900617264,-0.0005763432865614759,7.509904128587095,-0.001318801827237981,0.004539038122663541
7,alpha_dr,B,val,Scrap,7,-0.09405076423015366,-0.3214285714285715,-0.3132564561173915,0.04205564564807733,0.21428571428571433,-0.00010778757314451276,-0.3987831009781031,0.06438282509744463,0.9672730611893186,0.10634813625269596,0.008641542493055009,0.10320673175598319,-0.008142172810761461,24.09061592447597,-0.02061293930815089,0.0008208803354730065
7,alpha_dr,B,test,Scrap,13,-0.91804173631818,-0.8846153846153846,-0.9213038302605531,-0.7428520934955485,-0.8901098901098902,-0.0007092449551783564,-0.954060803678153,0.903051230017358,0.3113659743495458,0.5432081253383566,0.38875230816785394,0.20798767552704175,-0.28528636230032556,577.6891595330662,-0.38830879966323717,0.09969205032933282
7,alpha_dr,B,all,Scrap,39,-0.9300309120473574,-0.591497975708502,-0.9321769198388381,-0.756546144248727,-0.5216106795054163,-0.000692886582344636,-0.9285825555218954,0.8256079519186369,0.41760273955203303,0.39745215469555156,0.24242054181206946,0.19441456603523674,-0.01992226445826295,38.249008444215406,-0.06020700013613034,0.008870121926216612
8,alpha_cc,A,train,Concentrate,21,-0.38385766717155834,-0.348051948051948,-0.3473586342173182,-0.37208565880930755,-0.33684210526315783,-9.031439005484392e-05,-0.35152121227460253,0.18384211277806545,0.9034145710701895,0.006631746110299454,0.02348847604178784,0.022049397252847346,0.0014003149861063768,18.898733392021995,0.0005584962314078012,0.012753664765544848
8,alpha_cc,A,val,Concentrate,7,-0.9578041901691345,-0.9642857142857145,-0.9004356056094132,-0.8226321497032557,-1.0,-0.0013666988220244964,-0.8746703223083628,0.874374911881068,0.3544362962775286,0.23515019962634862,0.22911655159687008,0.11636635931384846,-1.5967661808557843,939.4291314530487,-0.3723874713499893,0.37440551709533576
8,alpha_cc,A,test,Concentrate,13,-0.9655588338218435,-0.9065934065934067,-0.8751661396584945,-0.9248259611731536,-0.9230769230769231,-0.0016714949267600432,-0.8456794242709627,0.840895639942979,0.3988788789307113,0.21846357383897236,0.1963704403148369,0.11716973402895667,-2.234510227689589,1575.1857225402778,-0.5204740583716148,0.4887643204295875
8,alpha_cc,A,all,Concentrate,39,-0.9888201443524309,-0.8937246963562754,-0.9669277751093319,-0.9107493559172405,-0.7538023853813327,-0.0015997397530543452,-0.9594772893109037,0.9585234828645472,0.20365784329471026,0.2907744921540923,0.27808881485593573,0.08194114399767936,-0.023080435898853224,109.50951311165113,-0.009174617717927602,0.037742395920076
8,alpha_refc,A,train,Refined,21,-0.3508945584636651,-0.20649350649350648,-0.2564151534241773,-0.5187702094352294,-0.6165413533834586,-0.0008564940501850832,-0.23597528214809044,0.17755158137227872,0.9068894191839054,0.03285348571860469,0.07242494566971246,0.0721232242874746,0.0626177150563505,18.87268569425163,0.005964245257312761,0.024686688733263296
8,alpha_refc,A,val,Refined,7,-0.9561693183215563,-0.8928571428571429,-0.9835820354786139,-0.7198258257104752,-0.5,-0.007995033301280834,-0.9841448543904662,0.9815308795614393,0.13590114215326043,0.44959092589824,0.4836219879092119,0.089738213932825,-0.3372709424564784,83.78158103029045,-0.0472591573838419,-0.009866986717350201
8,alpha_refc,A,test,Refined,13,-0.8671558966441372,-0.9175824175824175,-0.9243750335619829,-0.475097053499725,-0.6153846153846153,-0.014136451169900997,-0.981198866392954,0.9811435583447273,0.13731875929847545,0.33882557043642836,0.3424423723470608,0.06615138581936589,-3.418008193688987,770.8498556035463,-0.4634528351316909,0.35381116794895195
8,alpha_refc,A,all,Refined,39,-0.8673190223212162,-0.8095141700404859,-0.8657896409336794,-0.5374490496552583,-0.6813655761024182,-0.007920057994369935,-0.970514815026551,0.9705069967762563,0.17173527076213463,0.3469633931984256,0.34557349660885817,0.08409850744848092,-0.19238487068969157,86.68188595507945,-0.031903978683194945,0.07151762859058586
8,alpha_win,A,train,Scrap,21,-0.17705915819577306,-0.2935064935064935,0.0018353412120572033,-0.1782304177477316,-0.1639097744360902,-4.599029918186895e-06,-0.13989691275400304,0.12521982420975775,0.9352968383300791,0.04982313541765172,0.030843236024479814,0.05480592101214325,-0.0019483143203663372,-0.9377501934859538,-0.012910703499344534,0.008088748522926181
8,alpha_win,A,val,Scrap,7,-0.9424343671641848,-0.8928571428571429,-0.9567358841364326,-0.015121370974622128,0.42857142857142866,-7.571100914856771e-05,-0.8562637161593167,0.8499393688268202,0.38737660122054324,0.19157114525958316,0.21641006213653333,0.11195975837905842,0.0962895717556855,-1206.5318330473456,0.39058098218507054,-0.27469624932654213
8,alpha_win,A,test,Scrap,13,-0.8500856231451556,-0.2912087912087912,-0.8639810005276264,-0.6367203443526714,-0.21428571428571427,-0.0001924574990305121,-0.9469014060040263,0.9253246740707556,0.2732678647943157,0.5274507288272602,0.42518278086585576,0.18513462592303112,0.13035767951753818,-1634.142135659386,0.4915154791654639,-0.5008759667460856
8,alpha_win,A,all,Scrap,39,-0.7492345684202987,-0.8230769230769232,-0.6956072848561413,-0.6114850112918458,-0.12747565379144327,-0.00013630034674675209,-0.9289797111507739,0.9207615863426936,0.2814931858097216,0.34143387548251025,0.29876181478486613,0.12771098385008212,0.005267360711923769,-137.1410421180658,0.04601988879359675,-0.03363856242306262
8,alpha_dr,A,train,Scrap,21,-0.3170332159496893,-0.45324675324675323,-0.0597614411646661,-0.21015418357273327,-0.1413533834586466,-4.811766912737402e-05,-0.15148631073422755,0.10278708046817119,0.9472132386806199,0.07884764273079047,0.030843236024479814,0.08019633326521525,0.0004169522000725956,-0.9377501934859538,0.003308071057152251,0.008088748522926181
8,alpha_dr,A,val,Scrap,7,-0.9141758873994109,-0.8928571428571429,-0.8933992896681336,-0.49759972185518236,-0.39285714285714296,-0.00017923173880961957,-0.5398598174035061,0.5093503468568057,0.7004638842532813,0.15335599146713544,0.21641006213653333,0.1857898753894979,0.21854750348309626,-1206.5318330473456,0.2978193709421363,-0.27469624932654213
8,alpha_dr,A,test,Scrap,13,-0.9359632394467903,-0.967032967032967,-0.9240222242331293,-0.8059165682888086,-0.8626373626373626,-0.0008042289608521131,-0.9142663323670942,0.8334039585027581,0.4081617834844928,0.6582255706171631,0.42518278086585576,0.319838787082512,0.020036643442490787,-1634.142135659386,0.022941435729070286,-0.5008759667460856
8,alpha_dr,A,all,Scrap,39,-0.6297472411343604,-0.6479757085020244,-0.5094615249058934,-0.748780837322327,-0.6636393478498741,-0.0004508589100120871,-0.5877833459326272,0.5581743940522961,0.6646996358865439,0.4132040676645352,0.29876181478486613,0.3389291799116229,0.011882060901141744,-137.1410421180658,0.02129779549798827,-0.03363856242306262
8,alpha_cc,B,train,Concentrate,21,-0.29001227455861234,-0.23766233766233766,-0.5070377717325558,-0.25693748557716545,-0.20902255639097742,-0.0004922928047005036,-0.49500246804100523,0.3612423313693158,0.7992231657244954,0.030440954136192824,0.013194384415669887,0.026516189996122628,0.01862817457404997,-1.9884632178400352,0.006738571029384133,-0.0007011883788070605
8,alpha_cc,B,val,Concentrate,7,-0.20963712729907064,-0.28571428571428575,0.5018556787533773,-0.46937643963000375,-0.42857142857142866,-0.00046503837199453406,0.5239992314149688,-0.29262162093075583,1.1369351876561635,0.039595844785024925,0.012085987577288798,0.04706832063240434,0.052738826823928164,11.484063052748752,0.009630940682805011,0.0030417302664167423
8,alpha_cc,B,test,Concentrate,13,-0.9055671466005796,-0.7857142857142857,-0.9119857301404292,-0.8480027619981474,-0.8901098901098902,-0.0022841648787866225,-0.9284325175852464,0.9259615872479365,0.27210000505708093,0.12045053081620961,0.11196659530732639,0.0447477114624983,0.2622099388743946,-52.314670381587575,0.047249350671970225,-0.041599679209633145
8,alpha_cc,B,all,Concentrate,39,-0.8579790711871407,-0.6520242914979757,-0.8721076661804175,-0.7943115859535617,-0.6982164350585404,-0.0021165397179179293,-0.8647567859809131,0.8575013680294655,0.37748990975989605,0.07324283341594177,0.06431458800965466,0.03679486706841656,0.03440568258314958,-4.709116096325715,0.009630940682805011,0.0012777402125916382
8,alpha_refc,B,train,Refined,21,-0.252916463300579,-0.17142857142857143,-0.25238090168306176,-0.4398397518229271,-0.5458646616541353,-0.0031533128927592954,-0.23895315589211438,0.18664569142952794,0.9018615794956962,0.083020377036659,0.039920361220695366,0.0830791159124574,0.06171656823426286,13.983061224303242,0.007924374049404825,0.006976018250755445
8,alpha_refc,B,val,Refined,7,-0.1642595392467246,0.07142857142857144,-0.34582972392703526,-0.3664387621483663,-0.4642857142857144,-0.0019516030843684576,-0.2582807817382311,0.2555213543788126,0.8628317597429915,0.11619146856457194,0.10032424465980969,0.132453560117147,-0.41731993010905644,-6.779600923610133,-0.05881154242269182,0.03592719584619353
8,alpha_refc,B,test,Refined,13,-0.8679964136560387,-0.7197802197802198,-0.8882687312388875,-0.6392908594345857,-0.7197802197802198,-0.010272936523325895,-0.9653374834150007,0.9577356106979966,0.2055830472145097,0.3703807527348706,0.3265620478615505,0.10151404289718324,3.146550430034278,-368.9130518220961,0.29374075277284595,-0.29783255001653774
8,alpha_refc,B,all,Refined,39,-0.8015053859838789,-0.6931174089068826,-0.8069778024937925,-0.6297448956724115,-0.5787285260969471,-0.00867347888999747,-0.9063697545354663,0.8986340190372587,0.3183802458739255,0.226248867089804,0.19844604942961686,0.09581573197681625,0.06171656823426286,4.730100960698451,0.007924374049404825,0.0002570721746035787
8,alpha_win,B,train,Scrap,21,-0.30988885695827795,-0.1922077922077922,-0.3570507686912927,-0.2220448031950682,-0.18345864661654135,-1.8998865893501517e-05,-0.38110600440413145,0.22106252359707246,0.8825743461051468,0.06932952364704938,0.02216216112154864,0.0642387073718696,-0.0030836777701833823,2.1375597170381297,-0.027970900072033178,0.001313300275734619
8,alpha_win,B,val,Scrap,7,-0.31651084646827954,-0.28571428571428575,-0.687393834610076,-0.3573144619363971,-0.3214285714285715,-5.666123330935327e-05,-0.6967552757567154,0.297875383473076,0.8379287657831804,0.09267608251281623,0.0208091100447262,0.07958945129208207,0.014873060458925669,-9.227340611999352,0.07728659607692023,-0.0028922299735079093
8,alpha_win,B,test,Scrap,13,-0.7411112552514831,-0.41208791208791207,-0.750356256277862,-0.4430502927320425,-0.06043956043956044,-0.0001229692070713218,-0.9335946157607418,0.9273197091222819,0.2695928242326158,0.5121482831058678,0.4559332610460369,0.1848571481384733,0.0073892599537462855,1268.4350073812857,0.034412312089219466,0.2344486584729708
8,alpha_win,B,all,Scrap,39,-0.7264486561899784,-0.013157894736842106,-0.7370404025434759,-0.5000202333585799,-0.08480140059087428,-9.971661808609352e-05,-0.8824762681322629,0.882447913257149,0.3428586979250359,0.30355096955090805,0.3011272900087656,0.1465979903017348,8.486272978913689e-05,35.59764664122531,0.0004360909419247605,0.00773095268656121
8,alpha_dr,B,train,Scrap,21,-0.32790408527371157,-0.3766233766233766,-0.27848278955026895,-0.11644992779676211,-0.09924812030075188,-8.947191849928891e-05,-0.29642146791281726,0.13015483343296466,0.9326549021835651,0.09582070668926217,0.02216216112154864,0.0917268311338737,-1.814800654892368e-05,2.1375597170381297,-5.2933833118995466e-05,0.001313300275734619
8,alpha_dr,B,val,Scrap,7,-0.26122164474658427,-0.21428571428571433,-0.48686059346505894,-0.21959741985766734,-0.14285714285714288,-0.00017887484424378505,-0.5793263443243334,0.17343953941242526,0.909153705699743,0.13582599880929166,0.0208091100447262,0.12492751505380251,0.003451223327383013,-9.227340611999352,0.004694637331206286,-0.0028922299735079093
8,alpha_dr,B,test,Scrap,13,-0.844869859273795,-0.9065934065934067,-0.8369290550570411,-0.6445850836763273,-0.8076923076923077,-0.0005218992992642701,-0.9120530757371264,0.8510580500471792,0.3859299806348566,0.6642925939668307,0.4559332610460369,0.3109455334842209,-0.3553323225555389,1268.4350073812857,-0.5302615874597447,0.2344486584729708
8,alpha_dr,B,all,Scrap,39,-0.8780347679814792,-0.6761133603238867,-0.8731256158126304,-0.6728797491297922,-0.513294671189408,-0.0004920747634338303,-0.9176651048119508,0.8048175413613539,0.4417945887385291,0.5083089512292339,0.3011272900087656,0.2610163538555301,-0.006989002646567266,35.59764664122531,-0.01513361938789215,0.00773095268656121
9,alpha_cc,A,train,Concentrate,21,-0.20460527740804466,-0.32597402597402597,-0.12078175750875324,-0.3835154938442707,-0.3759398496240601,-4.1670572899159244e-05,-0.12059715858775305,0.04939880190531468,0.9749877938183048,0.005234792304777418,0.02443804032053074,0.024367300687540033,-0.0036814728912388794,6.764066661783772,-0.001361361837688202,0.006470192693449839
9,alpha_cc,A,val,Concentrate,7,-0.8781419174928013,-0.8928571428571429,-0.9078464111199177,-0.728054686314482,-0.7142857142857144,-0.001473135672678957,-0.8983761163247148,0.8876500600298921,0.33518642569487783,0.06543491992498228,0.07642870325955267,0.033724277851354734,-0.21208474502890873,197.7165379557514,-0.05416196687971153,0.07418316665710911
9,alpha_cc,A,test,Concentrate,13,-0.8912851242867099,-0.8461538461538461,-0.8929701994536854,-0.8443424327744737,-0.901098901098901,-0.0018173195364996038,-0.881904424510091,0.8799923226386456,0.34642124265315255,0.09259651665337039,0.09890518841134818,0.046935094239427086,0.1837285596497118,-93.69130800866742,0.025253119756431408,-0.015843431738588265
9,alpha_cc,A,all,Concentrate,39,-0.8641434167479082,-0.7653846153846154,-0.878764475869949,-0.7851615802953074,-0.774811248495459,-0.0016321472388163515,-0.8852587321602936,0.8789807411671101,0.34787822414300357,0.06369715932256263,0.07177868670032705,0.0333845447590303,-0.004452667943012134,10.5964146207682,-0.001963807584973498,0.006470192693449839
9,alpha_refc,A,train,Refined,21,-0.35453802999999395,-0.36103896103896105,-0.22587299373995426,-0.5967917561811379,-0.7368421052631579,-0.000715226691393322,-0.2227949496021903,0.14460550468573108,0.9248753944798558,0.02713783815671616,0.07361935283231932,0.07256749026006672,0.025434152894053597,21.63569341969452,0.004200019943940703,0.02562180566298
9,alpha_refc,A,val,Refined,7,-0.911947549649452,-0.7857142857142859,-0.9802794474517343,-0.8311006588720589,-0.8214285714285715,-0.008615813434886195,-0.9615159429539994,0.9539456602965107,0.21460274859257808,0.32957359440810424,0.3737917136223711,0.10694432493387847,0.1372395052969253,-117.95737198369397,0.010598230659918162,-0.05535525772064531
9,alpha_refc,A,test,Refined,13,-0.888111680625309,-0.9615384615384615,-0.9333293681669333,-0.5425051583504964,-0.7747252747252747,-0.01165935807579067,-0.9739890291902206,0.9739869662056164,0.1612855659827736,0.37488032096351354,0.3756526920236882,0.08559542144662247,-0.6751801550202305,-44.97653453461862,-0.07608723114772342,0.0485071738830305
9,alpha_refc,A,all,Refined,39,-0.8490383312249146,-0.7941295546558704,-0.8965098283746203,-0.601673785129498,-0.7277601488127805,-0.010334866765885678,-0.9480995206317888,0.9480612963097683,0.22790064433922005,0.2544831343759895,0.2522081639380482,0.08165417186958292,-0.004939926509859305,7.515781812307466,-0.00032072413110739717,0.02562180566298
9,alpha_win,A,train,Scrap,21,-0.21473045556515488,-0.23896103896103899,-0.021597231498434403,-0.32298322708681837,-0.2270676691729323,-5.069519491712137e-06,-0.09261193106881155,0.09259895379881289,0.9525760054721025,0.03641017645836318,0.035805683834091044,0.048644354380741245,-0.00034543420343792486,22.81180508326179,-0.003983236587032479,0.010956379146884743
9,alpha_win,A,val,Scrap,7,-0.35339622234201284,-0.5,-0.22552176325424905,0.07755407490001846,-0.21428571428571433,-2.1441583907728352e-05,-0.1820777049364035,0.18072064533587795,0.9051405165299596,0.10726822386261611,0.09490342483595253,0.1296379013332378,0.018699400504291225,-212.77760885150474,0.08012866799710583,-0.04015830582195967
9,alpha_win,A,test,Scrap,13,-0.9214856773904135,-0.7637362637362637,-0.9261551800855115,-0.633794640038748,-0.45604395604395603,-0.00019720282981496254,-0.9601517216313638,0.9137931266339175,0.2936100702736241,0.6213894119802251,0.4524852586660297,0.22569195357054828,0.019515597060607875,-1618.974478635424,0.08364757527553146,-0.5011826072208585
9,alpha_win,A,all,Scrap,39,-0.6431837411602492,-0.6987854251012147,-0.5321157727111235,-0.6431353426165594,-0.3962140277929752,-0.00011900235030793634,-0.687382456745464,0.6790474135231892,0.5665267747219108,0.3595357863215316,0.3074435909774649,0.26800222170100313,0.002470456606093935,-112.45012546618818,0.024425671287117368,-0.028744610403576232
9,alpha_dr,A,train,Scrap,21,-0.4209547233510361,-0.5844155844155844,-0.14498790774888623,-0.42093691701309954,-0.3218045112781954,-3.156331102408606e-05,-0.21641568089023203,0.2149154541947901,0.8860499680070023,0.04029369745464159,0.035805683834091044,0.047761537480709194,-0.00040150671496289037,22.81180508326179,-0.003195903859727345,0.010956379146884743
9,alpha_dr,A,val,Scrap,7,-0.9436273764757899,-0.6071428571428572,-0.8663537133682946,-0.6457290917639986,-0.6785714285714287,-0.00050569758503617,-0.7720932621875704,0.5780333831357688,0.6495895757047147,0.21080443824074355,0.09490342483595253,0.15017349330236401,0.10851833151770729,-212.77760885150474,0.22123312571114673,-0.04015830582195967
9,alpha_dr,A,test,Scrap,13,-0.9619898450201125,-0.7637362637362637,-0.9321818234015121,-0.8312685119712773,-0.8186813186813187,-0.0007679414700144983,-0.8938948628186519,0.8260898958709693,0.4170253039433347,0.6766803484766011,0.4524852586660297,0.3394696641087947,0.345566452758188,-1618.974478635424,0.32915396149379406,-0.5011826072208585
9,alpha_dr,A,all,Scrap,39,-0.8000695997698012,-0.7961538461538462,-0.6832258825472277,-0.8142207377982631,-0.6384724805777436,-0.0005389114929309854,-0.8039141378645299,0.7798678142837738,0.4691824652693514,0.3938569353295331,0.3074435909774649,0.2344245419186851,0.007887118122784698,-112.45012546618818,0.026124330633162218,-0.028744610403576232
9,alpha_cc,B,train,Concentrate,21,0.1673188933697036,0.3038961038961039,-0.09754822689584736,0.22399754700723407,0.23609022556390977,0.00027904239673630913,-0.10697494526782103,0.07622585091105472,0.9611317022598648,0.026571861679723738,0.011127083255289919,0.027687864214408657,-0.002873132014769464,-1.2540764809523353,-0.0010205352791070599,0.0011940784955895012
9,alpha_cc,B,val,Concentrate,7,0.05301221650887089,0.0,0.38048771437300366,-0.2647464707742258,-0.3214285714285715,9.989319403872994e-05,0.3681368645035748,-0.2539819638790071,1.119813361180785,0.031375972172566415,0.012556839433807072,0.03784448720475017,-0.009399865491609205,-25.31822348477408,-0.002339410814988785,0.004583429816764628
9,alpha_cc,B,test,Concentrate,13,-0.9235079682595679,-0.9175824175824175,-0.9016095937303957,-0.9003306679736619,-0.8681318681318682,-0.0021233594855435624,-0.8800999976066401,0.8773419291880447,0.3502257426460188,0.12101292404116139,0.11179037125615218,0.057698258708311884,0.11139604531329006,-70.99998513771925,0.024231598527377995,-0.0013621322921819612
9,alpha_cc,B,all,Concentrate,39,-0.8771471089654851,-0.5257085020242915,-0.8781698592099142,-0.8280671361686173,-0.5841995841995842,-0.002001507245428974,-0.8308424842418736,0.8256809661180582,0.41751530975754864,0.07262366988862597,0.06494460687581892,0.04067721921829507,0.024111693554036417,-8.152695948407995,0.006859423346140758,0.0012018842091841009
9,alpha_refc,B,train,Refined,21,0.012432686320395582,0.14675324675324675,-0.046289317899066,-0.187333053430599,-0.2270676691729323,0.00020050521214652522,-0.03332519834039361,0.023036166346617332,0.9884148084955945,0.07775399111699283,0.031201296813998008,0.08281007490159188,0.09059917078227198,3.1006166933092913,0.014881107060092047,0.0013764957695254765
9,alpha_refc,B,val,Refined,7,-0.10738238095177637,-0.42857142857142866,-0.41350143068779716,-0.3135628432411797,-0.25,-0.0012019359956377108,-0.2596274579872012,0.25562935272251697,0.8627691738104016,0.10590604825072485,0.08875849730299022,0.11921884772301658,-0.7560433034469121,-26.393452784305964,-0.05014968733566172,0.009813306005237443
9,alpha_refc,B,test,Refined,13,-0.8588469109589393,-0.8131868131868131,-0.8780304144048005,-0.5822100349977616,-0.4010989010989011,-0.010672837619647527,-0.9756697209876277,0.9697015071240039,0.1740646227008695,0.3804768118572663,0.34054061486056053,0.0888804907902865,4.020983136317151,-544.794199574859,0.37443376687007257,-0.3711395479394275
9,alpha_refc,B,all,Refined,39,-0.8068793851422538,-0.5165991902834008,-0.8115967660887033,-0.5607392137621282,-0.41437794069373013,-0.008590296326798282,-0.9304742218954016,0.9279903597014241,0.2683461203344962,0.2446675033534282,0.22740915880015922,0.08963608509593222,0.14765262562286185,-11.843663030452262,0.018854956278224755,-0.006756257047523917
9,alpha_win,B,train,Scrap,21,-0.3549130089975062,-0.37922077922077924,-0.4016292339951542,-0.18797886322832771,-0.05413533834586466,-1.3707743673559724e-05,-0.4576187228909456,0.3578944558375115,0.8013148845257329,0.042763679258372246,0.020604405763679584,0.038037344805771874,0.0005329735884007092,42.54449654360997,0.009493767484090476,0.00949078169211326
9,alpha_win,B,val,Scrap,7,0.1425431565954136,0.14285714285714288,0.43344041850632037,-0.11849731489289995,0.0,3.063976342137319e-05,0.44745123885562205,-0.1581927561353849,1.0761936424897636,0.08110010067202447,0.014814511642860566,0.08872363929871065,0.0035496713115054646,10.920548880268143,0.01700365601639242,0.005570725155100931
9,alpha_win,B,test,Scrap,13,-0.917477848361154,-0.6813186813186813,-0.9334436538175813,-0.6342984292612632,-0.43956043956043955,-0.00019165444082110516,-0.9556997083009309,0.8837988483905923,0.3408829001422742,0.6101813645992878,0.40873638660611816,0.25035446741804107,-0.01793098434152343,-55.50572313102157,-0.08812619661578114,-0.017760293991365472
9,alpha_win,B,all,Scrap,39,-0.9159010994959134,-0.2939271255060729,-0.9221580577322477,-0.6677030355206969,-0.26950432213590103,-0.0001953035153563667,-0.9405591612463745,0.852440883391422,0.38413424295235377,0.3687341843259434,0.23491270732235764,0.167945704587438,-0.0016720550832061837,17.70416727116799,-0.01525588062186678,0.004150434494794908
9,alpha_dr,B,train,Scrap,21,-0.15019150558861727,-0.3077922077922078,-0.26640231942021025,-0.07449831726522435,-0.17593984962406017,-3.0070842453159257e-05,-0.27238792309356674,0.14513877885138363,0.9245870543916438,0.07139161534563243,0.020604405763679584,0.06870188438376257,0.0020332381811142275,42.54449654360997,0.009007518036301843,0.00949078169211326
9,alpha_dr,B,val,Scrap,7,-0.25279501481159233,-0.21428571428571433,-0.1213496721482812,-0.21690582776175343,-0.3571428571428572,-0.0002707289572984108,-0.24784288493427922,0.055919529044654304,0.9716380349468343,0.12962673190662233,0.014814511642860566,0.12677013006360405,0.04920649108211744,10.920548880268143,0.07939089959710019,0.005570725155100931
9,alpha_dr,B,test,Scrap,13,-0.9635266648681222,-0.9065934065934067,-0.9533730144534023,-0.8464612906487247,-0.7857142857142857,-0.0007248070523757925,-0.9136355469291051,0.82719468205322,0.41569859026316175,0.6431273228188018,0.40873638660611816,0.31677165079150704,-0.056055718427067136,-55.50572313102157,-0.06531716162759729,-0.017760293991365472
9,alpha_dr,B,all,Scrap,39,-0.9599955095513504,-0.5866396761133603,-0.9445699638438129,-0.8520394565572375,-0.5605646131961922,-0.0007292054049453825,-0.9015169135566646,0.8060454204856683,0.44040274694230935,0.38040850991344144,0.23491270732235764,0.196902198814255,0.0020332381811142275,17.70416727116799,0.009007518036301843,0.004150434494794908
10,alpha_cc,A,train,Concentrate,21,-0.5414484125201372,-0.525974025974026,-0.3698883770219827,-0.5284506314589124,-0.4766917293233082,-0.00023609411211111196,-0.3944171050951345,0.31179218333990993,0.8295829172904238,0.01615315945419534,0.03294827510342889,0.03044143626793953,-0.0015671465044282407,-2.7528894154165755,-0.0006692419853273623,0.00525852184533715
10,alpha_cc,A,val,Concentrate,7,-0.9744379852958585,-0.8928571428571429,-0.9461435065356689,-0.8307639892293911,-0.8571428571428573,-0.0016226503231520713,-0.9200629560211468,0.9189451846592475,0.2847012738657003,0.18950896797102992,0.19908941225198057,0.0782541436366768,-1.5146369426504087,994.8562104677449,-0.34854756602610926,0.38029090620426764
10,alpha_cc,A,test,Concentrate,13,-0.8903301397497095,-0.8351648351648352,-0.9003369036654808,-0.7474993013582245,-0.6703296703296703,-0.0016949562914138137,-0.7818785970240095,0.7768018022274247,0.4724385650775933,0.18608653177600204,0.16599296639619363,0.11780865663227619,-2.044150806875015,1279.8460538260483,-0.46274541339975883,0.4577024578040474
10,alpha_cc,A,all,Concentrate,39,-0.9735198366480755,-0.9103238866396761,-0.9742272887125166,-0.7265686263544484,-0.7354196301564722,-0.001652391770812912,-0.9575516595190998,0.9568992828572664,0.2076071220905814,0.26290665888416387,0.25337617885740465,0.07580344133865453,-0.08082214808872301,129.87761040133228,-0.027021951598796834,0.04873621566272579
10,alpha_refc,A,train,Refined,21,-0.3283800157777604,-0.2025974025974026,-0.13224112220602927,-0.5931810756499258,-0.7127819548872181,-0.0008462427238293078,-0.13338027516745987,0.10139671241894843,0.9479468801473274,0.03412082119046271,0.07404350163035436,0.07728337484752534,0.0038540056778071374,4.136860619118977,0.00045395509018586466,0.014409314899440417
10,alpha_refc,A,val,Refined,7,-0.851010756585678,-0.7142857142857144,-0.889408679530684,-0.7362886504431008,-0.7500000000000002,-0.009022379730361572,-0.846271531574351,0.8341839469294459,0.40720517318736776,0.24089174448866985,0.28553930732464683,0.15212344274084072,-0.962988420613593,76.63901570373946,-0.09833887558653531,0.04741027699233502
10,alpha_refc,A,test,Refined,13,-0.8605611946511608,-0.7472527472527472,-0.8802128529631572,-0.504968371781623,-0.48901098901098894,-0.011592490775453148,-0.9788186507015821,0.977563481121983,0.1497882467953242,0.3661942177791103,0.3481015570294177,0.07567982043204584,1.6272180207730402,-125.63706889221328,0.190732702728448,-0.15396359071516752
10,alpha_refc,A,all,Refined,39,-0.7816223677572031,-0.7267206477732794,-0.7962373278801046,-0.5253528511169241,-0.5476529160739687,-0.009347813465425507,-0.9146319662414477,0.9138993654618777,0.2934290962704999,0.22997667547803707,0.22095080314708115,0.09357974597571642,0.010550582177999424,1.9654992850347526,0.002481635850163366,0.01283782321965976
10,alpha_win,A,train,Scrap,21,0.011581276619557379,-0.15844155844155844,0.11563890894793576,-0.02604582474759613,-0.10526315789473684,3.171106044022625e-07,-0.04504180566957921,0.04193756463303401,0.9788066383954319,0.05436490333720862,0.03708796043791175,0.06441603399447961,3.272856337638297e-05,-42.10382931308527,0.00035589670610391977,0.0006679454773497184
10,alpha_win,A,val,Scrap,7,-0.9391973576682043,-0.8571428571428573,-0.9520694336496536,-0.3413485337303381,-0.5357142857142858,-9.671636087317944e-05,-0.8923066349507623,0.8920124057681325,0.32861465918590355,0.2564621104221219,0.2631343682033497,0.12074632965766831,0.09980037425068894,-1498.369489683641,0.4448911852910815,-0.3374523680509327
10,alpha_win,A,test,Scrap,13,-0.9001912628332409,-0.6428571428571429,-0.9258347572279889,-0.5906979880463795,-0.3736263736263736,-0.00022346825148329415,-0.9665919948580253,0.9046521779547496,0.3087844264940355,0.5787272954837945,0.40055935409430743,0.21733095534917146,0.18092564020620058,-1935.5790487804707,0.6098418483984677,-0.6436057313589254
10,alpha_win,A,all,Scrap,39,-0.8304830145017802,-0.8437246963562753,-0.7879155554386577,-0.587008228404553,-0.29729729729729726,-0.00015618810504674927,-0.961671785187801,0.9306969944784322,0.26325464007604465,0.418804398459104,0.32379706988830653,0.13936136397981164,0.005075933754173395,-210.58759362220053,0.03869628864593766,-0.05270912027434704
10,alpha_dr,A,train,Scrap,21,-0.4164514869614878,-0.5298701298701299,-0.18775322316259505,-0.21409425431177975,-0.16842105263157892,-4.910776249452623e-05,-0.24680170493503353,0.20947049821861885,0.8891172598602398,0.06680543968775685,0.03708796043791175,0.06793742353591713,-0.002648797288099358,-42.10382931308527,-0.008113875906075707,0.0006679454773497184
10,alpha_dr,A,val,Scrap,7,-0.8480059421387783,-0.9285714285714288,-0.8751366118657088,0.1848934152353396,0.28571428571428575,-0.00041083792767047077,-0.8857837792335876,0.8857322237965141,0.3380351700688642,0.2603105567845641,0.2631343682033497,0.1251192702874322,0.32487994311904056,-1498.369489683641,0.415883133334708,-0.3374523680509327
10,alpha_dr,A,test,Scrap,13,-0.9462856952481093,-0.9230769230769231,-0.9376433783052929,-0.8145350263277739,-0.6813186813186813,-0.00080338585922482,-0.9108491811312979,0.8546462318228105,0.3812528926804222,0.5745371652213991,0.40055935409430743,0.2670242433023538,0.2056137639947757,-1935.5790487804707,0.2136131991220051,-0.6436057313589254
10,alpha_dr,A,all,Scrap,39,-0.7195115418380773,-0.8145748987854251,-0.6068100515319692,-0.7698394398517895,-0.6052084473137104,-0.0004494242699552057,-0.7629702737415677,0.7566763200757766,0.4932785013805319,0.3683404163345542,0.32379706988830653,0.24191737845388547,0.005118084868611372,-210.58759362220053,0.020952092927652544,-0.05270912027434704
10,alpha_cc,B,train,Concentrate,21,-0.24917208977952013,-0.20129870129870128,-0.42687170770748945,-0.1823471015776397,-0.1894736842105263,-0.0003289175859033383,-0.4342371160259896,0.38881389872607036,0.7817839223685338,0.033181089501233565,0.02055681814201811,0.030515295568190704,0.012982776430203735,-3.0005284051719627,0.004786127373364479,0.000503798584660764
10,alpha_cc,B,val,Concentrate,7,0.08144407712776089,-0.10714285714285716,-0.01590863160629508,-0.19777210525758013,-0.42857142857142866,0.00021926471356904879,-0.05928301221747519,0.03201347236549743,0.9838630634567509,0.03582047120863941,0.010503277130591331,0.0367262387911058,0.05231313821351602,-5.926079300332276,0.009755877799964674,-0.0019242626705455734
10,alpha_cc,B,test,Concentrate,13,-0.8647939713382592,-0.9230769230769231,-0.8272887475232674,-0.7416762727971649,-0.7472527472527472,-0.002361134968248595,-0.7735630886072786,0.7695136312764854,0.48008995899051526,0.14511139662138486,0.13096846682938154,0.09384507032934461,-0.30157566596565033,100.93528940894703,-0.0595901323838377,0.03763103087848929
10,alpha_cc,B,all,Concentrate,39,-0.8444018926499322,-0.6186234817813765,-0.8392093603584612,-0.6565218403783902,-0.5822300032826347,-0.0022552736394482794,-0.7886876852316939,0.7810619189651313,0.46790819722982907,0.09568284265413428,0.08321391719833203,0.059333568256171934,-0.014904489455942471,0.2007135955548165,-0.005865739507692425,0.0008488312025951572
10,alpha_refc,B,train,Refined,21,-0.12963222234910393,0.0038961038961038965,-0.2630059946724866,-0.2732475066472589,-0.22255639097744356,-0.0018848414501960366,-0.23922256888833782,0.17757038856143814,0.9068790500604598,0.07869306863729994,0.03497561453347203,0.07809641298902618,-0.0048924055672561195,7.0635816594531775,-0.0008031657168219297,0.005150857147666166
10,alpha_refc,B,val,Refined,7,-0.013393372848304998,0.28571428571428575,-0.2615449246210734,-0.3655369739326732,-0.21428571428571433,-0.00020188031528554093,-0.15029666870834865,0.13360420313619525,0.9308038444612294,0.123397860691867,0.0752335982660752,0.13452330081469205,-0.7795400548667635,2.528255001891239,-0.060291392833001556,-0.007488749970719688
10,alpha_refc,B,test,Refined,13,-0.7632636476922516,-0.5714285714285714,-0.8245361246859614,-0.49991515560452804,-0.6153846153846153,-0.010138522029173612,-0.9797562702954968,0.9614920701851043,0.19623437470253693,0.3870726324843848,0.3186221252136872,0.09838082363488898,5.455547272296821,-459.72513204710185,0.4694797577123144,-0.4202580445264035
10,alpha_refc,B,all,Refined,39,-0.7881458083933015,-0.5431174089068828,-0.8292886015726189,-0.4921884873395119,-0.404748878433089,-0.009131168457219927,-0.9426908457996022,0.9298440498844184,0.26486968515778025,0.26942407330070145,0.22820587873187076,0.09352085156823502,0.21460720514168052,-3.2963398565126454,0.027170585088585497,-0.005317533445911238
10,alpha_win,B,train,Scrap,21,-0.4265890070217546,-0.535064935064935,-0.43788240090994224,-0.25738328052256193,-0.14736842105263157,-2.8110371424824664e-05,-0.5412896487364384,0.31649163192400487,0.8267456489610303,0.09399872677637693,0.030344224499768157,0.0816619352747755,-0.004359777191080119,21.6726940522708,-0.032438910554025924,0.006646460925630038
10,alpha_win,B,val,Scrap,7,0.09111231028554143,0.14285714285714288,-0.21594709078776633,0.10734445947754458,0.07142857142857144,3.2539176192819904e-05,-0.30663940640949877,0.07854803464122186,0.9599228955279576,0.16333860028489955,0.02127513967555655,0.1581169011557147,0.017465961683038322,-37.70522301776782,0.0935459897287847,0.003631363852674596
10,alpha_win,B,test,Scrap,13,-0.8600587316935056,-0.5549450549450549,-0.8782120963054697,-0.5226086260414301,-0.23626373626373626,-0.00019023101732459742,-0.9591799028731983,0.9031316972075586,0.3112367311106474,0.5439752263354606,0.38313772089195575,0.2070843849761629,0.05385014248483205,1012.22262994845,0.21531279290237282,0.18958647401493067
10,alpha_win,B,all,Scrap,39,-0.7281501530899956,0.03785425101214575,-0.7320475143543892,-0.5636923227453462,-0.18940803151329466,-0.00012460151270338152,-0.7232194226441787,0.7076127653241612,0.5407284296907634,0.32075291351605834,0.26009050247831245,0.22329498254666308,0.004029694297255831,103.45241991012085,0.02259953603420728,0.0176843765897452
10,alpha_dr,B,train,Scrap,21,-0.33428203005441137,-0.45194805194805193,-0.33374410780053626,0.013381835379675043,0.012030075187969924,-5.917896517899731e-05,-0.35852616895824907,0.22003194125098027,0.8831580032751896,0.08848101221069385,0.030344224499768157,0.08261026861763132,-0.010276060450132962,21.6726940522708,-0.029874956576765088,0.006646460925630038
10,alpha_dr,B,val,Scrap,7,-0.5057335931426155,-0.42857142857142866,-0.127607349453757,-0.5032168728291802,-0.5,-0.00047319317369155296,-0.26012672351841976,0.07046031918550909,0.9641263821794791,0.1541516420099237,0.02127513967555655,0.15003045786259175,0.0009063976631750181,-37.70522301776782,0.0012350921565962292,0.003631363852674596
10,alpha_dr,B,test,Scrap,13,-0.9289080547555293,-0.8736263736263737,-0.914780138488565,-0.7652620448019014,-0.7417582417582418,-0.0007187349833070548,-0.8615758778520739,0.7969785572986681,0.4505790082786058,0.5715470385006008,0.38313772089195575,0.31003651388462417,-0.3237526861087934,1012.22262994845,-0.47156771558208654,0.18958647401493067
10,alpha_dr,B,all,Scrap,39,-0.9212871435512208,-0.7295546558704454,-0.9063795355785134,-0.7721769890402801,-0.5658168289747237,-0.0006123937183565736,-0.8910955825957748,0.7910920460939653,0.4570644964400918,0.42781640234875146,0.26009050247831245,0.22884007659198438,-0.013594465169495862,103.45241991012085,-0.042130991593083644,0.0176843765897452
11,alpha_cc,A,train,Concentrate,21,-0.21074642946053987,-0.2311688311688312,-0.2393572984445468,-0.1022397689538071,-0.10827067669172932,-2.6123436590624395e-05,-0.25151394387231096,0.06395651680404432,0.9674934021459556,0.0032333983262115445,0.025013203648390093,0.024401465276477467,-0.0006716175749668096,3.921083549783134,-0.00023603352846901515,0.009207237220381081
11,alpha_cc,A,val,Concentrate,7,-0.9684835577854528,-1.0,-0.9467861975155722,-0.9239754960806029,-0.8214285714285715,-0.0016344377174748114,-0.8993335898393483,0.8947495624652209,0.32442323827799263,0.1353201963262769,0.1497287978233189,0.06547425886036189,-0.9418105511477615,594.5231751064798,-0.24290294424216397,0.2077486920610312
11,alpha_cc,A,test,Concentrate,13,-0.8747565645520333,-0.8571428571428571,-0.928935826525398,-0.7424583915812245,-0.7472527472527472,-0.0019206532087871367,-0.8757378422746482,0.8756919798628333,0.35257342517150475,0.1346689819271296,0.1360543262299803,0.06749411565021436,-1.3162140280885026,664.5856913330026,-0.2909957820464346,0.2077486920610312
11,alpha_cc,A,all,Concentrate,39,-0.9523133021984507,-0.8696356275303644,-0.970784094345252,-0.728472463918598,-0.6809278914542072,-0.00195854130688326,-0.9610095645096285,0.9609662429951898,0.1975696257141014,0.16652854725486432,0.1649547834571954,0.04630967868264859,-0.017319539376176696,123.09903807347769,-0.005208049198550668,0.041269428943703446
11,alpha_refc,A,train,Refined,21,-0.06312180571061896,-0.059740259740259746,-0.06865399397029479,-0.35921744834844893,-0.3639097744360902,-9.501804630864862e-05,-0.04096734080979347,0.02145171501293069,0.9892159951128314,0.0194416895131259,0.0687603496327241,0.07068545301034747,0.0021771614183210275,19.2634057217316,0.0003096048771324966,0.020913355123716393
11,alpha_refc,A,val,Refined,7,-0.8173084535138481,-0.8214285714285715,-0.9371884400315228,-0.5099572464793908,-0.42857142857142866,-0.008151446129238503,-0.9576107288516404,0.9360583489221814,0.2528668643334246,0.24077305396006918,0.2982810049379639,0.09693189460797767,0.48678485690745,-112.10670354899298,0.046257149423421406,-0.03428391264773456
11,alpha_refc,A,test,Refined,13,-0.8394509578942977,-0.8846153846153846,-0.8702734158281769,-0.46567851466438936,-0.4340659340659341,-0.01205186418090026,-0.9623554696131404,0.9575228892154855,0.20609975930241778,0.35693051066515485,0.3228264306611831,0.0991886635169047,-0.9504559134065786,169.29231467047407,-0.110951551848542,0.1806285399271257
11,alpha_refc,A,all,Refined,39,-0.8208856981562567,-0.7133603238866397,-0.855536973922024,-0.47555538645495504,-0.42269394900973845,-0.010642931975616303,-0.9338715424420251,0.9332205274408533,0.2584172450885326,0.23784027572090236,0.2291207420768804,0.08534200124960074,-0.03149987667524634,43.188287896503425,-0.002448488451516795,0.021596950381466584
11,alpha_win,A,train,Scrap,21,-0.1770234356149647,-0.22857142857142856,-0.1005849769410396,-0.1709907226963798,-0.2556390977443609,-3.794988272238462e-06,-0.23329781932654223,0.23221128997299584,0.8762355334195276,0.035393005528069246,0.03213078401429295,0.04188600268408916,-0.0002853867262264803,17.810922650752673,-0.0018379715274272623,0.012866206208220987
11,alpha_win,A,val,Scrap,7,-0.8801529126832314,-1.0,-0.9032036772020443,0.12126166637236839,-0.10714285714285716,-0.00022855983540896597,-0.8040539827020954,0.5304382049906834,0.6852457916757436,0.4440512170945255,0.16725008088034254,0.32515188858690985,0.12311117370355745,-442.40684478197136,0.5254364609871491,-0.09181221622394276
11,alpha_win,A,test,Scrap,13,-0.8751481202051768,-0.41208791208791207,-0.8721697791470765,-0.4204041220379229,-0.21978021978021978,-0.00022649452879277586,-0.924478010211826,0.8599200752848983,0.374272527331491,0.5456072728518381,0.3712194337845661,0.24698900683303743,0.26364504234456426,-2024.2142344842616,0.8381176466967205,-0.6760075509923986
11,alpha_win,A,all,Scrap,39,-0.8092738148501333,-0.831174089068826,-0.750830996210014,-0.46749247218819906,-0.1635846372688478,-0.0001603363637673396,-0.8720547643589162,0.8277602052358402,0.41501782463426784,0.4474202532323031,0.32304661597336665,0.2290296834488033,0.003724237499947547,-84.00153785803104,0.04040849543885949,-0.032822361871900796
11,alpha_dr,A,train,Scrap,21,-0.3151446444635934,-0.2922077922077922,-0.1671631249144998,-0.1990550157249714,-0.22406015037593985,-2.3136588372614962e-05,-0.2549048287309376,0.2490163464746936,0.8665931303243215,0.039919303161384354,0.03213078401429295,0.044407618129260036,-0.0007487863589149268,17.810922650752673,-0.0021878058267258416,0.012866206208220987
11,alpha_dr,A,val,Scrap,7,-0.9445260837124986,-0.7500000000000002,-0.8948112362955994,-0.9678030757795032,-0.8214285714285715,-0.0006798889485177342,-0.9071308583574661,0.7489818896746806,0.5010170758819698,0.3168460260618959,0.16725008088034254,0.1795040031695578,0.1391325765117279,-442.40684478197136,0.26747284386811593,-0.09181221622394276
11,alpha_dr,A,test,Scrap,13,-0.930948108954998,-0.7802197802197801,-0.8951018844400268,-0.7897001937743897,-0.7912087912087913,-0.0007737703063863629,-0.8894298745466909,0.8535937836032186,0.3826306527145747,0.4954946501492552,0.3712194337845661,0.23689714556087646,0.6779767110046017,-2024.2142344842616,0.5748642385240502,-0.6760075509923986
11,alpha_dr,A,all,Scrap,39,-0.7890447850923529,-0.8789473684210526,-0.6967849542744022,-0.7653262691087732,-0.6100229784440311,-0.00045517388773311484,-0.877396440790075,0.8766854930809315,0.35116165354302076,0.33632122233883854,0.32304661597336665,0.163760004531374,0.011878011786872422,-84.00153785803104,0.03324514310261906,-0.032822361871900796
11,alpha_cc,B,train,Concentrate,21,0.10947044382702564,0.24155844155844156,-0.22703520578125247,0.2990903893035918,0.2857142857142857,0.00020014805990108622,-0.23964579679683096,0.16179311567611354,0.9155363915890435,0.031118980358682435,0.012090439459106572,0.030565339294037434,0.027169250147057955,3.8792657767810397,0.010782219587534336,0.0005177145570085528
11,alpha_cc,B,val,Concentrate,7,-0.296053701253492,-0.03571428571428572,0.6423624131587308,-0.6195465019529875,-0.5357142857142858,-0.0005562796113190082,0.6327195071005782,-0.4040898957114052,1.184942992599815,0.0335983435281087,0.012126511108130256,0.04232587441679337,0.12784598244823897,-45.97145492926279,0.023188533451582227,0.005341021270926838
11,alpha_cc,B,test,Concentrate,13,-0.7988678087552451,-0.7362637362637362,-0.8828888110400943,-0.6205444973042338,-0.5824175824175823,-0.0019868819669004284,-0.9142595070285402,0.9139960128981047,0.29326436384582305,0.10053944395605466,0.09815410124384392,0.04120589460065294,0.8934669909492614,-186.28242305910362,0.14488962400171168,-0.09794527434619749
11,alpha_cc,B,all,Concentrate,39,-0.8447042061720711,-0.49554655870445347,-0.9088744663988895,-0.5582477280711046,-0.39687055476529154,-0.002131121381195967,-0.8928128844934715,0.892491386420492,0.32788506153758823,0.07962983541028576,0.07752096610584754,0.036438654614876095,0.0720094820042001,-12.527297138996573,0.019627580362309383,-0.0012894663816869212
11,alpha_refc,B,train,Refined,21,0.11599160905096395,0.0987012987012987,-0.09239513279351622,0.020563020083046106,-0.02857142857142857,0.0024172385100407856,-0.07031352727384932,0.04164519850874227,0.9789559752569356,0.07629398478292156,0.02502434732209369,0.07860345979396458,0.06986781931063657,2.8376803748669204,0.011495424526624776,0.0011251508224177087
11,alpha_refc,B,val,Refined,7,0.11414540995748743,0.25,-0.08185913312066972,-0.019569559558544627,-0.25,0.002449278249091832,-0.07700428350788671,0.06618322254460957,0.9663419567913785,0.13234812692217976,0.0752722766165027,0.1471315285002066,-0.455810752745724,-5.271640601380568,-0.0644142768655176,0.022855781039186063
11,alpha_refc,B,test,Refined,13,-0.8439320016906107,-0.8736263736263737,-0.7928618291385203,-0.6512416504476211,-0.6318681318681317,-0.010828352594839762,-0.923387703347626,0.9042643312503281,0.3094118109408106,0.3962498114837825,0.3227072988497066,0.15811939978156442,-0.5897597423041656,76.15233078068195,-0.07401515253248281,0.0602139133596733
11,alpha_refc,B,all,Refined,39,-0.8038417064827273,-0.5172064777327935,-0.7559103598595704,-0.6327090169373413,-0.38155159207790784,-0.010825154588109905,-0.8708368756366175,0.8453230592565834,0.3932898940265522,0.2409059714817271,0.18854341734022875,0.12031348368957821,0.06986781931063657,6.580632691347262,0.011495424526624776,0.0030679042804795387
11,alpha_win,B,train,Scrap,21,-0.42059238608265825,-0.4922077922077922,-0.49856338445974807,-0.4454291481549431,-0.431578947368421,-3.685499377646028e-05,-0.6607127524963953,0.2909884446226858,0.8420282390616802,0.07677333551773817,0.017816583639325173,0.06636323491030384,-0.002247206353017145,16.850813867895795,-0.01851919392077228,0.0035906281834705567
11,alpha_win,B,val,Scrap,7,-0.10135573688063103,0.0,-0.03413286032032468,0.6099775192200019,0.7142857142857144,-4.3105979184686664e-05,-0.06779819005365816,0.007263210251471451,0.9963617765392891,0.2068609644339664,0.011112468455309926,0.20640553599449735,0.021662649174871595,-2.09384007504741,0.11477677343653525,-0.003958582059745197
11,alpha_win,B,test,Scrap,13,-0.8871870692680628,-0.5164835164835164,-0.9085068992539658,-0.5491429277501845,-0.3131868131868132,-0.00021348441039952548,-0.9735144847313558,0.9083179698788549,0.3027904062567787,0.5388624163866642,0.3697418301246551,0.19787804211589577,0.03670760875250262,-439.5137208558576,0.16259228444309404,-0.10311844655553948
11,alpha_win,B,all,Scrap,39,-0.871505743382366,-0.6576923076923078,-0.8795093330794921,-0.5817965235083897,-0.17343254185359447,-0.00021347950907068465,-0.9297436073957653,0.8513821163566264,0.3855099008370259,0.31970308172902145,0.2088405268223494,0.14721452914725344,0.0025392195295808745,-5.905424728548951,0.025652194857820554,-0.003958582059745197
11,alpha_dr,B,train,Scrap,21,-0.24683529744172944,-0.3168831168831169,-0.3295082423498,-0.18871331362961324,-0.3744360902255639,-6.123486004722299e-05,-0.40488408401496107,0.2034321931172777,0.8925064744206186,0.06611853180153042,0.017816583639325173,0.06111610961620353,0.0030525843113461404,16.850813867895795,0.011092024176658999,0.0035906281834705567
11,alpha_dr,B,val,Scrap,7,-0.9197519776992303,-0.8928571428571429,-0.7709516518516795,-0.8378573318156991,-0.5714285714285715,-0.0009249001770781989,-0.7663790172421099,0.09904639737775177,0.9491857577009087,0.17124602776295483,0.011112468455309926,0.16288616401897904,0.014658018215746582,-2.09384007504741,0.03607035284832272,-0.003958582059745197
11,alpha_dr,B,test,Scrap,13,-0.9331442877344517,-0.8681318681318682,-0.9297929078519367,-0.7656197355862968,-0.8626373626373626,-0.0007642622298336126,-0.92097186530597,0.8742138012888414,0.3546635006751591,0.512053833878706,0.3697418301246551,0.22400254415947546,-0.06530981667346114,-439.5137208558576,-0.0765227098593757,-0.10311844655553948
11,alpha_dr,B,all,Scrap,39,-0.9040206138989219,-0.5238866396761134,-0.8769230228255044,-0.7733430497564332,-0.6699857752489331,-0.0007726375943465664,-0.8735558809215693,0.8071956198490545,0.4390949557338885,0.31241506813530484,0.2088405268223494,0.16500715242452296,-0.001987119853966851,-5.905424728548951,-0.005564669149000556,-0.003958582059745197
12,alpha_cc,A,train,Concentrate,21,-0.42134501599087626,-0.4246753246753247,-0.28961194164987974,-0.42329123468374674,-0.5578947368421052,-7.045371834558745e-05,-0.2851945909574687,0.09843056366936043,0.9495101033325762,0.004623892677283032,0.025971484196538025,0.025047968092597687,0.0009342208268905416,8.238188556757677,0.0003656474033981727,0.009212956429839103
12,alpha_cc,A,val,Concentrate,7,-0.8815152460073621,-0.5357142857142858,-0.929403276664448,-0.6251102289592186,-0.7500000000000002,-0.0015892340116448105,-0.9006438362939928,0.8867941943295524,0.3364607044967474,0.09671752396096012,0.11538801716390054,0.05065792630531987,-0.9037018611096084,489.1901224701842,-0.19690421634338606,0.20091173080017644
12,alpha_cc,A,test,Concentrate,13,-0.8109450603628933,-0.7967032967032966,-0.8112457968382529,-0.8224410356488803,-0.8076923076923077,-0.001377838087522875,-0.8913756940687131,0.8839740718464956,0.3406257890317533,0.14761301376872107,0.16799113780421002,0.07617433355165945,-2.386344362468379,1600.9378598695362,-0.5491916451907342,0.5287339363723316
12,alpha_cc,A,all,Concentrate,39,-0.9705381484336658,-0.9002024291497976,-0.9707856850571632,-0.7789985395907325,-0.7312616259984681,-0.0015576069430945675,-0.9811026273630032,0.9809473072495025,0.13803149187956176,0.2678692240278528,0.26314462809355094,0.051830598482318406,-0.02266855801701917,121.77516158060598,-0.006530043006792052,0.042478741072836
12,alpha_refc,A,train,Refined,21,-0.2917285222556867,-0.2922077922077922,-0.2278628579900498,-0.5088264365677595,-0.5233082706766917,-0.0007814195797779968,-0.2206080418965832,0.17345553321068286,0.9091449096757442,0.036172692574243874,0.07443276826939045,0.07523799340765966,0.0035700126432987034,21.408124577686408,0.0006536023021073145,0.033992653737389134
12,alpha_refc,A,val,Refined,7,-0.8436626259616591,-0.7142857142857144,-0.8727300056683311,-0.8237568032784609,-0.8928571428571429,-0.0069268988925474985,-0.9061994446534972,0.8878439287795868,0.3348971054225658,0.2009298745110446,0.2461523383221715,0.10641288367707649,1.7004406016237041,-122.82459337636942,0.15304839575840523,-0.14846754306925458
12,alpha_refc,A,test,Refined,13,-0.8167887735214187,-0.8571428571428571,-0.8675894124792454,-0.4920020128288703,-0.7637362637362637,-0.010571450329189358,-0.9074577966179447,0.9067450704330505,0.3053767010872792,0.2800053924234571,0.2691213303085648,0.11859838405547374,0.9835762052873189,-234.40249381252875,0.10367599064038968,-0.2125095554829084
12,alpha_refc,A,all,Refined,39,-0.743823955431962,-0.7285425101214575,-0.7822311432731048,-0.5259734837361374,-0.5774154721523143,-0.007710552978273127,-0.8878337360264488,0.8866672246576858,0.33664933587089435,0.1864015942463342,0.19621153158289373,0.09110984946444042,0.06706364731105197,-15.566940837236416,0.008935753148129777,-0.032140757150613375
12,alpha_win,A,train,Scrap,21,-0.1340199231828963,-0.14415584415584418,-0.022011777793378668,0.05757051293570551,0.09323308270676692,-3.872530357018183e-06,-0.17070545205686108,0.1575085094543946,0.9178733521274084,0.04957944564314982,0.03301715783978861,0.05467516731581238,-0.0006803812729515857,11.411608661178889,-0.007427429006243269,0.006019868661283567
12,alpha_win,A,val,Scrap,7,-0.9141350710373404,-0.8928571428571429,-0.9196337135921148,-0.3553604613028113,-0.21428571428571433,-0.0001429355323738353,-0.9446875941010362,0.8838208197625861,0.3408506714639329,0.3549547599785728,0.24541741332418696,0.14708904670751427,0.06098558863774742,-1197.6698722680158,0.2944577230495604,-0.24503292411478306
12,alpha_win,A,test,Scrap,13,-0.9058761722280522,-0.7802197802197801,-0.9213950779545742,-0.6746261585259606,-0.8681318681318682,-0.00019202473839511006,-0.987276539833386,0.9729502469531343,0.16446809127264078,0.5380748861420213,0.4533207762193203,0.11571640038203838,0.15174816093727234,-1800.0698165652834,0.5754519066912297,-0.6287486991864961
12,alpha_win,A,all,Scrap,39,-0.8064799456585177,-0.8105263157894738,-0.7470951288538565,-0.6732686869408281,-0.5719444140496772,-0.00013497413806676597,-0.9536591908978916,0.9503784856929997,0.2227588703217008,0.3697819476295327,0.34030663861394667,0.11194543007698518,0.0026025243591086267,-87.60210358490576,0.025410171233151146,-0.033783101715622266
12,alpha_dr,A,train,Scrap,21,-0.21411387483814412,-0.3363636363636363,-0.03137361600938658,-0.0462881746617471,-0.04060150375939849,-2.8311629899906056e-05,-0.15764716907135956,0.12236309310475725,0.9368227724042807,0.06935825907804327,0.03301715783978861,0.0719629961233465,8.553153244134082e-05,11.411608661178889,0.0003213038155349679,0.006019868661283567
12,alpha_dr,A,val,Scrap,7,-0.8091639601075094,-0.8214285714285715,-0.7462902387660907,-0.9629254615099007,-0.8928571428571429,-0.00024650094663599954,-0.4354345122531584,0.4350913040763987,0.7516040818965803,0.23586122777160046,0.24541741332418696,0.25583285346649787,0.24281869527047828,-1197.6698722680158,0.35741381047458354,-0.24503292411478306
12,alpha_dr,A,test,Scrap,13,-0.9599281819983068,-0.9560439560439561,-0.9700599644308405,-0.7765757896470973,-0.7582417582417583,-0.0007637717754327534,-0.9798946869107517,0.9351314485564308,0.2546930533869528,0.6169527545113592,0.4533207762193203,0.19499085051807413,0.2857915165085435,-1800.0698165652834,0.3024444882921824,-0.6287486991864961
12,alpha_dr,A,all,Scrap,39,-0.7083006747997364,-0.7645748987854252,-0.6021680473674668,-0.7640746765300277,-0.6181201444359339,-0.0004422362230324051,-0.745789393505617,0.739675416461506,0.5102201324315749,0.3869647574345836,0.34030663861394667,0.2629244749532295,0.011043493277639205,-87.60210358490576,0.0357348156192433,-0.033783101715622266
12,alpha_cc,B,train,Concentrate,21,0.2694631631215834,0.38831168831168833,0.15263873538429562,0.26571582124539905,0.2992481203007519,0.0004908469261045358,0.13427229178783714,-0.08376849186563692,1.0410420221420638,0.027724410148072955,0.009708764773930586,0.030580829241023403,0.014726491173340683,-1.63284916197631,0.005740961422088908,0.001125634084758076
12,alpha_cc,B,val,Concentrate,7,-0.30315581598850205,-0.3571428571428572,-0.09799843082729613,-0.3916583629707502,-0.39285714285714296,-0.0010205802126548615,-0.11344785677724277,0.05708014506510679,0.9710406041638492,0.05145322068961421,0.013886975713923262,0.051750925638474964,0.032364739396231634,15.521499532340613,0.008491065817179955,0.001976111668085423
12,alpha_cc,B,test,Concentrate,13,-0.8514722426694576,-0.7142857142857143,-0.7966909346363441,-0.8917474511330897,-0.8516483516483516,-0.0017855804086669158,-0.8047302234922781,0.8029074847340332,0.44395102800417846,0.13295571885016574,0.14222146822370418,0.08643279497061708,-1.544043721386446,820.613662129801,-0.29960284194413656,0.3073921105063331
12,alpha_cc,B,all,Concentrate,39,-0.9598433811250742,-0.6615384615384616,-0.9520112542115016,-0.8211316851283749,-0.573695152642521,-0.001969792601860276,-0.948808331195534,0.9473001432081154,0.22956449375259363,0.1804383587009609,0.17053970518205858,0.05699573342287684,-0.02655339413833735,18.292532175031738,-0.008596980946673716,0.004350405670367152
12,alpha_refc,B,train,Refined,21,-0.24809967435718844,-0.2675324675324675,-0.3474496012607526,-0.3069903735718749,-0.3669172932330827,-0.004730992544674247,-0.3014057426415253,0.20177753488387615,0.89343296621298,0.08894610586559411,0.034165480432242185,0.08512822183995677,0.053882738840806965,6.204702456926725,0.009357551459926672,0.0026388759465731937
12,alpha_refc,B,val,Refined,7,-0.4623143121911199,-0.25,-0.16728446462582774,-0.809402453257959,-0.5357142857142858,-0.007058712204610765,-0.19971345599192739,0.18349228898660983,0.9036081623211414,0.14129673602559695,0.09307615681927343,0.1528886280949956,0.07906769510035616,-37.90189251240395,0.007660545359029491,-0.004862718960906953
12,alpha_refc,B,test,Refined,13,-0.7828759175455929,-0.6208791208791209,-0.7477654564622086,-0.6181393867937844,-0.5659340659340659,-0.009980426292484475,-0.814757439685292,0.7905107407966183,0.4576999663571996,0.30299931854534784,0.23667344053447312,0.1759753129152164,2.6110804683579243,-288.69236600418367,0.20223795606222517,-0.18543965998715617
12,alpha_refc,B,all,Refined,39,-0.7347619686036002,-0.6388663967611337,-0.7043474054808263,-0.6044111884726808,-0.47171462960936644,-0.008540974081575758,-0.758932683593188,0.7368608543540317,0.5129709013637794,0.193384545918461,0.15149111893528946,0.12601466308893547,0.20932820726073675,-6.933324665437397,0.02626946543717734,-0.004862718960906953
12,alpha_win,B,train,Scrap,21,-0.5445579475981134,-0.5792207792207792,-0.6334411055826191,-0.3879302190309335,-0.41654135338345866,-3.1781253483599006e-05,-0.6586338759418757,0.3592884305700703,0.8004446073463982,0.07394845026747784,0.021946102633815474,0.06174331430075239,-0.0010940310684515175,8.379528247290182,-0.010358649277692145,0.007290808291831041
12,alpha_win,B,val,Scrap,7,0.21243931215598286,0.21428571428571433,-0.014494428975914223,0.41369648638548323,0.1785714285714286,0.00011683118353233457,-0.07810311279347514,0.01310580964055116,0.9934254830431163,0.17965646065545138,0.015180926983775853,0.17911134832351985,0.014840659427773017,-32.58815250080761,0.08003185256901868,0.004343105547601311
12,alpha_win,B,test,Scrap,13,-0.8596593834394035,-0.9560439560439561,-0.8718460906987086,-0.6433604797566098,-0.9340659340659341,-0.0001515103854071955,-0.9949304576782055,0.9782246377864607,0.14756477294239045,0.5290415090234307,0.439886679000754,0.10152898297774743,0.015271402926777089,769.5978254248821,0.06985984661884737,0.1411258141583982
12,alpha_win,B,all,Scrap,39,-0.8226156974801321,-0.33461538461538465,-0.8344229752446191,-0.6693128972605615,-0.6078345552029762,-0.0001239911778950484,-0.9178074923470546,0.912980998823787,0.29498983232683285,0.31539724986016354,0.2845909535286086,0.12531598473409117,0.0005438113750022844,66.81301559384337,0.00325117854842083,0.010632849286496437
12,alpha_dr,B,train,Scrap,21,-0.3218204599715299,-0.34415584415584416,-0.3269526836064126,-0.09997973724696786,-0.18496240601503755,-9.521135105141252e-05,-0.4210545496754126,0.18410549692350603,0.9032687878347695,0.095330504033812,0.021946102633815474,0.08836137256852937,-0.002084223830254417,8.379528247290182,-0.006412515032355737,0.007290808291831041
12,alpha_dr,B,val,Scrap,7,-0.6876395182308177,-0.7500000000000002,-0.548725240688026,-0.5202663224529355,-0.4642857142857144,-0.0009913142288329336,-0.5967668030471511,0.09353289815850747,0.9520856588781771,0.1925202930778609,0.015180926983775853,0.18386478427167752,0.008273625420685105,-32.58815250080761,0.011217768704445463,0.004343105547601311
12,alpha_dr,B,test,Scrap,13,-0.9105573641796947,-0.967032967032967,-0.9153139280763313,-0.7533331620467537,-0.9120879120879121,-0.0005766852326908235,-0.9617121474373835,0.9199989034341456,0.2828446509408556,0.5937888516806054,0.439886679000754,0.20901540153323966,-0.2156439681223956,769.5978254248821,-0.3226797149521228,0.1411258141583982
12,alpha_dr,B,all,Scrap,39,-0.9219420827265724,-0.7289473684210527,-0.9253571152310605,-0.7701880300896189,-0.6273115220483642,-0.0005389692668456858,-0.9446513444899669,0.8685781381881984,0.3625215328939808,0.4312063302515771,0.2845909535286086,0.18729804371041203,-0.010863887697745933,66.81301559384337,-0.02969076957326089,0.010632849286496437
13,alpha_cc,A,train,Concentrate,21,-0.40853003614800676,-0.2571428571428571,-0.11639100167694885,-0.5464916930990712,-0.38195488721804516,-0.00010013972577630399,-0.1415211586250765,0.07427989463665631,0.9621434952039866,0.008021187274076386,0.028290347933959136,0.02829230729685376,0.0017781365145266292,-1.7893619763337938,0.0006751857177512699,0.009249930377085214
13,alpha_cc,A,val,Concentrate,7,-0.7011813942431525,-0.3571428571428572,-0.1809982414265222,-0.7576055639186524,-0.8928571428571429,-0.002005418389008965,-0.15505141029686112,0.09503194108551008,0.9512980915120611,0.0746502496573877,0.025558437994565784,0.0750615399509282,0.015491765206538943,98.54926946788146,0.003688670280121764,0.0024407041029972376
13,alpha_cc,A,test,Concentrate,13,-0.8032717027379039,-0.7417582417582418,-0.7149759003369976,-0.6341656596813051,-0.35714285714285715,-0.002253550009716165,-0.7662028852180518,0.7614992342781383,0.48836540184769617,0.1320326163028495,0.11815048421481923,0.08652774988254228,0.6567353018604525,-198.94306402992106,0.12038887585623526,-0.1175673281127132
13,alpha_cc,A,all,Concentrate,39,-0.7860709650325487,-0.7459514170040488,-0.7040810456741055,-0.6226437483832955,-0.39183718131086553,-0.002026608647882461,-0.7383277536413017,0.7365609591731935,0.5132631302039982,0.08619551415330723,0.08042850044891009,0.06050937026777172,0.018979019683917464,-16.00011574745281,0.0052373786664488,-5.2016556226774924e-05
13,alpha_refc,A,train,Refined,21,-0.08455732587701502,-0.08441558441558442,-0.07604637080877942,-0.25141605491846875,-0.2601503759398496,-0.00018145140490961203,-0.10107647978341608,0.07113969588950661,0.9637739901608122,0.029903928757236152,0.07267054646909327,0.0757360392343637,-0.0075291912072019684,18.512327097564253,-0.0011183412010782323,0.020803245561500816
13,alpha_refc,A,val,Refined,7,-0.6208419487741202,-0.642857142857143,-0.45248638422074333,-0.8171925982861442,-0.8214285714285715,-0.005309305003237795,-0.6940240129783265,0.6796902816391371,0.5659591136830141,0.15246703199000378,0.18715930740413986,0.13662351729333666,1.4919175956251651,-156.85048767939134,0.18580543691788565,-0.058827320729101906
13,alpha_refc,A,test,Refined,13,-0.4934823597771327,-0.4505494505494505,-0.666340568638607,-0.5428638343874631,-0.6428571428571429,-0.008074821912304062,-0.9707302932559254,0.96699458197445,0.18167393325832415,0.4090077443069171,0.3746012816836232,0.1007616528112106,11.749604527998795,-825.4778598432201,0.8422106290299829,-0.779282169948365
13,alpha_refc,A,all,Refined,39,-0.7934693894587694,-0.7321862348178138,-0.8618205355068217,-0.5344734603357899,-0.4150344676660466,-0.013134263755916142,-0.9747585312489172,0.9702914574259612,0.1723616621352869,0.4162876598680307,0.3782126309653841,0.09694331640745471,0.25227026194848,-55.1376965346459,0.030473458344633997,-0.05373609138247204
13,alpha_win,A,train,Scrap,21,-0.18786582214953074,-0.22597402597402597,-0.0801060791789989,-0.07060691386469457,-0.13383458646616542,-4.770037121713208e-06,-0.24034752275445864,0.23505786423279076,0.8746097048210758,0.038106303811004515,0.030834258284717773,0.042872310353991465,0.00036003563053518817,3.7527445790760794,0.0039081468415225196,-0.0037431854470550974
13,alpha_win,A,val,Scrap,7,-0.60620621957379,-0.5357142857142858,-0.7425598988823323,0.1742166914910012,0.4642857142857144,-0.00034310974854013273,-0.8746848075821433,0.35849851254746723,0.8009378798961458,0.3446506064924252,0.0738742765479688,0.28231378734218365,0.1641842547465085,-786.5135698854824,0.6532612167981091,-0.19664038931482963
13,alpha_win,A,test,Scrap,13,-0.875788781922147,-0.5989010989010989,-0.9009580653225486,-0.7365534547680443,-0.7087912087912087,-0.000212918793919391,-0.9639413762452536,0.9019993215316281,0.3130506004919524,0.5054092006916424,0.34962379802875104,0.19238615269638504,0.4170783634383547,-649.4779007017987,1.0508279124349813,-0.17018171273141114
13,alpha_win,A,all,Scrap,39,-0.6927276185956522,-0.6514170040485829,-0.7846900345169557,-0.7037815290722258,-0.4609913557281978,-0.00020921518454131963,-0.6570656895740197,0.46054429239736144,0.7344764853980272,0.5043173876414487,0.20632223288907217,0.4002087432907153,0.0036873594883627403,-235.5620454372829,0.05762361191681409,-0.03380903092077325
13,alpha_dr,A,train,Scrap,21,-0.4030770107876289,-0.48571428571428565,-0.13021460009032082,-0.3082308926053347,-0.21654135338345865,-4.450711150419804e-05,-0.23204981129748686,0.1912514002442728,0.8993045089154881,0.05859921181962587,0.030834258284717773,0.05954875788421992,-0.0016503868630979301,3.7527445790760794,-0.0047486457192313924,-0.0037431854470550974
13,alpha_dr,A,val,Scrap,7,-0.39400121056120535,-0.3571428571428572,-0.1984711792427938,-0.4266017885151847,-0.42857142857142866,-0.0001249825558244017,-0.05190854154295059,0.044751797322356957,0.977367997571868,0.12910579663364297,0.0738742765479688,0.14538070685624024,0.052021539784653514,-786.5135698854824,0.09032622889949361,-0.19664038931482963
13,alpha_dr,A,test,Scrap,13,-0.9588590193370921,-0.9615384615384615,-0.9614528541648982,-0.8193366538572696,-0.7802197802197801,-0.000848751606855147,-0.9319621668742051,0.8656462027712001,0.36654303598458926,0.5158575541591272,0.34962379802875104,0.22842008462917504,-0.10874544975368539,-649.4779007017987,-0.13638043931717586,-0.17018171273141114
13,alpha_dr,A,all,Scrap,39,-0.8498900236275807,-0.6050607287449392,-0.7775369329806162,-0.7912846944401792,-0.58682569208885,-0.0007380204392715349,-0.8230573774507021,0.7470714946184148,0.5029199791036196,0.3227009313290734,0.20632223288907217,0.19262869563066723,0.00038676533608084096,-235.5620454372829,0.0009493625980977471,-0.03380903092077325
13,alpha_cc,B,train,Concentrate,21,0.13428115983009506,0.27792207792207796,-0.0795451199747636,0.23414269622836764,0.24962406015037594,0.0002409275321700135,-0.10612693191958174,0.07516602589492308,0.961682886457421,0.030440023176828084,0.012637919751296293,0.03169634472176869,0.0025882647850297147,-1.1337421661548888,0.0009184596907652054,0.0009078457390581107
13,alpha_cc,B,val,Concentrate,7,0.17771044263069136,0.03571428571428572,0.892422593404856,0.013840860492305042,0.28571428571428575,0.0004640641484313495,0.8836587549038172,-0.44502855887421,1.202093406884095,0.03927196354650378,0.010611028123166538,0.04890143517687057,0.11534450582154498,-4.996671561458243,0.02094460457731162,0.003689784233053217
13,alpha_cc,B,test,Concentrate,13,-0.6070786926145176,-0.4230769230769231,-0.6600242514396549,-0.4778262621831201,-0.3736263736263736,-0.0019228826350947761,-0.7370520210939392,0.7181125512223202,0.5309307382113789,0.10389945062947945,0.08262037079630503,0.07047837381962485,0.8972853757284103,-382.8417184414004,0.1471425816478258,-0.17636787417712085
13,alpha_cc,B,all,Concentrate,39,-0.7871356504530924,-0.48846153846153856,-0.8331858033494189,-0.39829893628976043,-0.13163365794944742,-0.0023087241740294413,-0.8385880397538306,0.8357769158709947,0.40524447452001783,0.08930069019454635,0.08227062099653042,0.04920520453869902,0.07761497113019367,-11.687503906922075,0.02094460457731162,-0.0010079844941692784
13,alpha_refc,B,train,Refined,21,0.10073078005379775,0.29480519480519485,-0.07852387090160014,0.155976475258893,0.1819548872180451,0.003253658299190489,-0.0625092547147824,0.029315856676952155,0.9852330401093174,0.08462009685261059,0.021073362464750167,0.08591688218126396,0.06678982892760477,3.3150887930232216,0.00857299340494544,0.0037277947605645068
13,alpha_refc,B,val,Refined,7,-0.24012330672203325,-0.42857142857142866,-0.02419008286551668,-0.5154999074271938,-0.5357142857142858,-0.004093568555011882,-0.06196034511038388,0.04891557440292952,0.9752355744111627,0.1427043434784805,0.06981074655058711,0.15493074353272948,0.25672173460398007,-12.57693600398079,0.02466161811031986,-0.026093270201787533
13,alpha_refc,B,test,Refined,13,-0.6117753738347397,-0.47802197802197804,-0.7462099653015368,-0.5085559755654637,-0.5,-0.009507967896689435,-0.9710310311126615,0.9586780437749391,0.2032780269115697,0.4614608399482309,0.39308896962565243,0.1232248939841752,10.556853949215167,-794.2116209125725,0.7633900259185982,-0.7821151239810646
13,alpha_refc,B,all,Refined,39,-0.8148393367697583,-0.5325910931174089,-0.8788009461654541,-0.5031729319426238,-0.3233395338658496,-0.012348295716608088,-0.965612594365404,0.9606178889235036,0.19844926574945135,0.4008026533276018,0.36196158743212864,0.1071734363927718,0.4769994501931043,-8.607706265075876,0.03862996355744386,-0.008329063069536957
13,alpha_win,B,train,Scrap,21,-0.24897025751053606,-0.45324675324675323,-0.444013500608551,-0.009937065422994905,-0.048120300751879695,-1.6380321582046046e-05,-0.6063776184535098,0.3953149437858159,0.7776149794173104,0.07138155951037065,0.0264665898784945,0.059199984242540055,-0.0019239842234509141,15.183533971879342,-0.011588150324608248,0.003799545315830599
13,alpha_win,B,val,Scrap,7,0.5087947631270181,0.42857142857142866,0.22205058525900753,0.2166352920528167,0.3214285714285715,0.00016841112372901817,0.15715938782514224,-0.03990282982052278,1.0197562600055579,0.14097683601685512,0.01819516113765002,0.14495444144366765,0.03200712071943432,-22.10632007368622,0.14217050935424935,0.005297500688811851
13,alpha_win,B,test,Scrap,13,-0.8737535709219352,-0.5,-0.8835032303947981,-0.6107872997243297,-0.6923076923076923,-0.00021921005540245615,-0.9504638274893464,0.8995501020661004,0.3169383188159796,0.4725611042356895,0.3380807188019166,0.18415522844534432,0.07510617286169538,1042.124858426093,0.3025683300092328,0.1891100454227761
13,alpha_win,B,all,Scrap,39,-0.6939544662840278,0.28016194331983807,-0.6767158580204407,-0.6337819562406463,-0.29598424335266443,-0.0001321140854101352,-0.6215224845215678,0.6086401528380876,0.6255876015091031,0.28261474671936393,0.23014270614829,0.22800652225642737,0.00120509326042946,67.06369098146524,0.02133903542960791,0.015330535431452574
13,alpha_dr,B,train,Scrap,21,-0.15372609243191832,-0.34415584415584416,-0.15858647030788267,0.07251481665377069,0.05263157894736842,-2.79357481005381e-05,-0.190330836779369,0.12450262617879937,0.935680166414358,0.07106339335810312,0.0264665898784945,0.07095446155645817,0.0042217005335954405,15.183533971879342,0.011700494434057018,0.003799545315830599
13,alpha_dr,B,val,Scrap,7,-0.5870007031690465,-0.6785714285714287,-0.5480795005558451,-0.33485605320320044,-0.25,-0.0004349257755065941,-0.5593586359126195,0.16096529349358682,0.9159883768402376,0.1237827732646401,0.01819516113765002,0.11460196621765777,-0.007664694775853298,-22.10632007368622,-0.01652971039003237,0.005297500688811851
13,alpha_dr,B,test,Scrap,13,-0.9311664388512604,-0.8956043956043955,-0.9155846532338046,-0.7139772043599887,-0.6868131868131868,-0.0008503987339535793,-0.8727120601685826,0.8040106485608699,0.44270684593659726,0.5096849701177883,0.3380807188019166,0.2707677519347941,-0.2725248381925176,1042.124858426093,-0.3792721109267186,0.1891100454227761
13,alpha_dr,B,all,Scrap,39,-0.9091346476222413,-0.6991902834008098,-0.8858353217797699,-0.7315238315297397,-0.4935988620199146,-0.000691473637060159,-0.897918758591493,0.8147829979612354,0.4303684491674135,0.36020866310822347,0.23014270614829,0.18396222377041516,-0.013263823182177559,67.06369098146524,-0.03873422622611389,0.015330535431452574
14,alpha_cc,A,train,Concentrate,21,-0.3867664386584924,-0.45324675324675323,-0.3420001799657916,-0.34743564367587215,-0.4496240601503759,-0.00013984574832498812,-0.33862726719923114,0.24142888562795195,0.8709598810347398,0.011937960783758464,0.028485149786136844,0.026900095641055548,0.0031510492611679375,6.970187092679225,0.001241690148922947,0.00863305686662752
14,alpha_cc,A,val,Concentrate,7,-0.9335423661504191,-0.8214285714285715,-0.9197868648197199,-0.9460996782119886,-0.9285714285714288,-0.00130326969029747,-0.8341507249499833,0.7999431943046122,0.4472771016890847,0.07959932477186109,0.10652926882655706,0.05948035059268379,-0.7043342295263697,405.31397300282015,-0.17977952665956365,0.14800592132144708
14,alpha_cc,A,test,Concentrate,13,-0.9464017830539746,-0.8846153846153846,-0.8937463523691288,-0.925166469165869,-0.9395604395604396,-0.002097950983060674,-0.8851668356313925,0.8851548271467966,0.3388881420958889,0.141814096654475,0.1410773167427572,0.06778952854083246,-0.5834788248305376,202.87083821275974,-0.11722430999596933,0.09718756307611631
14,alpha_cc,A,all,Concentrate,39,-0.9163394291549136,-0.867004048582996,-0.8867407526904556,-0.8789321239664347,-0.8669438669438669,-0.001855625311411599,-0.8890519975018533,0.8887086283480473,0.333603614566678,0.10187049084859681,0.10474193540579857,0.048743209805083426,-0.014677702007067417,53.99672644832981,-0.005224478025166901,0.032039430218794074
14,alpha_refc,A,train,Refined,21,-0.23430049184490215,-0.1935064935064935,-0.16628775361545148,-0.370087863475927,-0.39999999999999997,-0.0005897533897991989,-0.17829141580908228,0.12632762257959063,0.9347044331875234,0.03078838670272519,0.07411613327437652,0.07501622382602846,-0.052600926599921216,15.378588045823676,-0.005166778777307535,0.02837300004982346
14,alpha_refc,A,val,Refined,7,-0.7847921658913598,-0.7857142857142859,-0.9322850981855427,-0.6791408250971104,-0.4642857142857144,-0.005596771719381566,-0.9108652324192482,0.8018692873984982,0.4451187623561849,0.16841654910276865,0.28205577241294616,0.14622648808552632,-0.45825294446702003,36.47924645430567,-0.06477082421091462,-0.0039858666545598
14,alpha_refc,A,test,Refined,13,-0.8210229521961422,-0.8571428571428571,-0.8887558602215605,-0.44424967063936277,-0.5604395604395606,-0.01158332120570748,-0.9482980423027775,0.9472547810779471,0.22966327290634186,0.3163447569834913,0.3018420745610746,0.10041897416385784,-0.2526725839353787,140.53747041485326,-0.027800698975375404,0.044918700796494626
14,alpha_refc,A,all,Refined,39,-0.7834229074441406,-0.6032388663967612,-0.8381568746039352,-0.45742029667330614,-0.5353977459240618,-0.009760166736722227,-0.8961196715794327,0.8950854230253489,0.3239051975110172,0.20353221344388198,0.2135544844594014,0.09555526114177466,-0.0663805376854345,19.22181948174017,-0.009106168667150749,0.02837300004982346
14,alpha_win,A,train,Scrap,21,0.06389551657549167,0.09090909090909091,0.08684064121869417,-0.004941721458166628,-0.025563909774436087,2.4497005647102494e-06,-0.06886646755518802,0.048870857615672766,0.9752585002881683,0.07500356441373136,0.031225710852397812,0.07923385452345914,-0.0003044111807090494,-24.80985096172003,-0.0027764656050619507,-0.011890129608389088
14,alpha_win,A,val,Scrap,7,-0.5800609290813565,-0.25,-0.7856552035997569,0.2972328567896837,0.14285714285714288,-6.425660004478559e-05,-0.8631437391675948,0.7645359692169235,0.4852463609168816,0.12439348300340397,0.07525360499525316,0.07054761803612748,0.05680372747021195,-567.6998300430319,0.2768128551191704,-0.14073628167990648
14,alpha_win,A,test,Scrap,13,-0.8899394213717348,-0.5714285714285714,-0.907329087378584,-0.6001293056731033,-0.3186813186813187,-0.00018257084591958298,-0.9549357375065161,0.9180278071479602,0.28630786376213957,0.5539283041924226,0.4175546799902515,0.19860532377592263,0.03554549330620535,-177.03332226719704,0.1630774448227399,-0.04047682554657506
14,alpha_win,A,all,Scrap,39,-0.8801712718913385,-0.5404858299595141,-0.8946340434587019,-0.6041249642830225,-0.1392931392931393,-0.00017346222588757632,-0.9285866903295167,0.8881209587957248,0.33448324502772203,0.3306335429502151,0.24475883377589233,0.13759643330024515,0.005489035818223922,-138.03974915483604,0.03757355272643803,-0.02959872617877579
14,alpha_dr,A,train,Scrap,21,-0.3565534745455074,-0.3948051948051948,-0.11230025805959837,-0.289648833247235,-0.3639097744360902,-5.7000447881719664e-05,-0.20414637639176403,0.13489540758823382,0.93010998941618,0.08272545843239111,0.031225710852397812,0.0822426925351068,0.005779132403209319,-24.80985096172003,0.017740024435758173,-0.011890129608389088
14,alpha_dr,A,val,Scrap,7,-0.6274165308869215,-0.5357142857142858,-0.4747763668349154,-0.43346661020162364,-0.42857142857142866,-0.0004830656685088079,-0.6863046343273752,0.48784676954649553,0.7156488178244302,0.18032997266456813,0.07525360499525316,0.13983932475548297,0.14601211344514603,-567.6998300430319,0.3119480825530685,-0.14073628167990648
14,alpha_dr,A,test,Scrap,13,-0.9465172587753152,-0.8681318681318682,-0.9460232565871056,-0.8098331837457476,-0.8186813186813187,-0.0007165049828954959,-0.9348464304896612,0.8668728589710946,0.36486592198903073,0.6188627520972623,0.4175546799902515,0.2723921481755936,0.10795175536921264,-177.03332226719704,0.11916773733925357,-0.04047682554657506
14,alpha_dr,A,all,Scrap,39,-0.9345211694067479,-0.7848178137651822,-0.9266296921242957,-0.7799696111088874,-0.6723930408140935,-0.0006852976948103815,-0.9178960801057708,0.8405262752599307,0.39934161408507035,0.37469615432829284,0.24475883377589233,0.17872671897400808,0.015231233640525255,-138.03974915483604,0.03672208412647737,-0.02959872617877579
14,alpha_cc,B,train,Concentrate,21,-0.20340482040535995,-0.13766233766233765,-0.4898954596301598,-0.10444252988916039,0.05864661654135337,-0.00026786086353616497,-0.4791614931306759,0.41952842620601455,0.7618868510441595,0.028244546247698205,0.0166737782456296,0.02498906727665286,0.03685887943863886,1.237106144061272,0.009463742934648467,0.0006733511032219752
14,alpha_cc,B,val,Concentrate,7,-0.4110309115181552,-0.5714285714285715,0.3401305894894757,-0.7930670640142581,-0.7857142857142859,-0.0006372229601749944,0.28106841673861693,-0.22774656929370304,1.10803725988511,0.03422131094610133,0.017483356074054827,0.04258044411830699,0.016058572971653362,-38.85481410083207,0.0029423824169980684,-0.0009898960731948847
14,alpha_cc,B,test,Concentrate,13,-0.9263314493596411,-0.901098901098901,-0.9118044004575692,-0.8811021368031415,-0.8241758241758241,-0.002880487797899315,-0.9309019714720889,0.9306234116691979,0.26339435895782215,0.16734074266447319,0.1632961383806274,0.061585044399835275,1.3536162910168912,-391.3003513102367,0.19796352633323244,-0.15001737161539186
14,alpha_cc,B,all,Concentrate,39,-0.9461921056628988,-0.61417004048583,-0.9523990371094239,-0.8312878097053878,-0.5178903599956232,-0.003072553553073915,-0.9546019029902085,0.9543225870684567,0.21372274781020206,0.14137795116037266,0.13799852234841217,0.0422238036544073,0.06939548973016674,-11.558120069677898,0.018586865256455143,-0.003273768992827719
14,alpha_refc,B,train,Refined,21,0.10889242005212034,0.2,0.0691452498495289,-0.07690617141265631,-0.18345864661654135,0.0020154514398505134,0.03354491180886651,-0.020679112703748777,1.0102866487803097,0.07778635652104257,0.02682812749818177,0.08312925423009977,0.0756350533342296,9.19558064626517,0.0048977954934215084,0.005029267853129404
14,alpha_refc,B,val,Refined,7,-0.033717465032679486,0.14285714285714288,0.34487419454327584,-0.4204016676835903,-0.5,-0.00047739999546640753,0.2742798712765579,-0.2419405347854658,1.1144238577782988,0.12195108274263029,0.07312498994009003,0.1584651584010536,0.053817618452368876,-6.169260238442234,0.005220540796115003,-0.03115851263683922
14,alpha_refc,B,test,Refined,13,-0.8150709137980363,-0.6538461538461539,-0.823799764336982,-0.5725412739212515,-0.38461538461538464,-0.00976186834152828,-0.9496127636493866,0.9376372323859227,0.24972538440069988,0.34870797893171224,0.297251731723053,0.11442651646219093,4.318657247668859,-460.34136991356513,0.4432125924377561,-0.4032168834299519
14,alpha_refc,B,all,Refined,39,-0.7899845308994178,-0.5044534412955466,-0.7812624938676256,-0.5647466325829146,-0.3900864427180216,-0.008302273885868157,-0.8932301898045183,0.8868632674499592,0.3363580421961705,0.23524893159878488,0.20869830748612714,0.10577754178124273,0.278471777547213,3.340746063804147,0.045051379565592686,-0.007657195749522394
14,alpha_win,B,train,Scrap,21,-0.15459376448646256,-0.07142857142857142,-0.27264217400806817,-0.1646574235783599,-0.2270676691729323,-1.1933856334997203e-05,-0.4630728680298232,0.20264751861759656,0.8929459565855055,0.08144023911136034,0.01876587641857347,0.07462737088894887,-0.0014330502236108295,3.008797140542356,-0.02047658264811547,0.0038833924613026483
14,alpha_win,B,val,Scrap,7,0.46083021183383466,0.5714285714285715,-0.12006607545996821,0.31729037423934897,-0.10714285714285716,0.0001572981364954632,-0.1568367991858604,0.03389076577802465,0.9829085584234045,0.08013845363038224,0.008762041953455249,0.07923819093263153,0.005123880400085101,-4.886346944485922,0.027305533260915116,0.0014029282000116439
14,alpha_win,B,test,Scrap,13,-0.865461590843073,-0.5549450549450549,-0.8610189567618095,-0.601248395864904,-0.20329670329670327,-0.00018641597062696788,-0.9509943153039132,0.8930952970968796,0.32696284636502715,0.5565637634188142,0.38901464868463514,0.22202092295045858,-0.018228498387383857,1249.4946277724111,-0.09795404261944274,0.24947311501726865
14,alpha_win,B,all,Scrap,39,-0.8183119982414784,-0.34838056680161944,-0.8088544965480545,-0.6386708202240841,-0.17102527628843417,-0.0001357239852880012,-0.9262073117136522,0.8983412429989613,0.31883970424186303,0.3509825672225126,0.27377313355764354,0.14192503669929227,-0.0016770965194626009,64.77127751038824,-0.02047658264811547,0.008082637453943775
14,alpha_dr,B,train,Scrap,21,-0.33474789302765906,-0.3168831168831169,-0.2658999393997101,-0.262596854707062,-0.4421052631578947,-0.00011159075963312781,-0.3706157178401393,0.13759590926920404,0.928657143800012,0.09747944649833169,0.01876587641857347,0.09218717587334517,0.0059618762868033914,3.008797140542356,0.0135410146107513,0.0038833924613026483
14,alpha_dr,B,val,Scrap,7,0.1989169683641297,0.21428571428571433,0.2651103862840351,0.10128632883641418,0.03571428571428572,0.0003662663146965606,-0.00045692116892343047,6.512501477988218e-05,0.9999674369624343,0.1223224353588366,0.008762041953455249,0.12263185605825472,0.02541993713375823,-4.886346944485922,0.06528731727267567,0.0014029282000116439
14,alpha_dr,B,test,Scrap,13,-0.9209747643220212,-0.8846153846153846,-0.9000807275010672,-0.8207171972346512,-0.8901098901098902,-0.0007064828747508132,-0.9239215026496644,0.8500703516275944,0.3872075004082509,0.5884510041758346,0.38901464868463514,0.2731410619441656,-0.18590172513283076,1249.4946277724111,-0.24582981337299936,0.24947311501726865
14,alpha_dr,B,all,Scrap,39,-0.8857535418864194,-0.5945344129554656,-0.8658032466951764,-0.8230015470423808,-0.6441623810044863,-0.0005383812311714385,-0.9287282328563389,0.8678557048866488,0.36351656786637837,0.3972983756107037,0.27377313355764354,0.1753935336895114,-0.007658649332092149,64.77127751038824,-0.02838277253410415,0.008082637453943775
15,alpha_cc,A,train,Concentrate,21,-0.32229892143660566,-0.28831168831168835,-0.08562670402060746,-0.38339047207014715,-0.27669172932330827,-8.127818054455026e-05,-0.0907909007544803,0.04979709244895097,0.9747835183008835,0.008157115681497103,0.027307766580410706,0.027781375622084773,-0.0015698709764615515,3.2874432372905176,-0.000450854902105835,0.006310631467989047
15,alpha_cc,A,val,Concentrate,7,-0.9834732199938783,-0.9642857142857145,-0.967185374420372,-0.8057146123414879,-0.7142857142857144,-0.0015041023949329576,-0.9839807340853616,0.9835590871133925,0.12822212323389248,0.2285172746396773,0.23530722203231094,0.04205795754296953,-1.7445611788776523,1087.095891328056,-0.41504672573643764,0.3451004655481098
15,alpha_cc,A,test,Concentrate,13,-0.8369807573319449,-0.8571428571428571,-0.8842640977648385,-0.6784594698599731,-0.6153846153846153,-0.0014798367207400373,-0.9685480204294605,0.9681164616725647,0.1785596212121745,0.14968458833596254,0.15422120148153456,0.038375638556533004,-2.759589132864871,2182.3472265090822,-0.671832702825957,0.6617552854737054
15,alpha_cc,A,all,Concentrate,39,-0.9788778659727961,-0.8834008097165993,-0.9796655977937312,-0.6964720644646755,-0.7008425429478061,-0.001429033880137918,-0.9931694739287013,0.9930806505309118,0.08318262720717742,0.3221385147032103,0.31785870156658175,0.037644837814002574,-0.028039943304539072,123.36336915112315,-0.010809854451558465,0.042462842823480784
15,alpha_refc,A,train,Refined,21,-0.3793765061337752,-0.26103896103896107,-0.2179255563201694,-0.5142377015131885,-0.37293233082706767,-0.0012682305341751615,-0.22387936035046357,0.20301370569811253,0.8927408886692082,0.04958395781321122,0.07773125990800717,0.08231011754492366,0.05835708256324068,7.695916753951849,0.010630870249787927,0.026198385158549442
15,alpha_refc,A,val,Refined,7,-0.9151618218369095,-0.8571428571428573,-0.9735264050554288,-0.6968902885926804,-0.7500000000000002,-0.010492955547574881,-0.9889150141425714,0.9866493893006434,0.11554484280726939,0.3416462977553773,0.3192646852809448,0.05402906156335637,0.8875413815037199,-98.7853146813485,0.08279626137911977,-0.08569785276116537
15,alpha_refc,A,test,Refined,13,-0.9182426084193142,-0.8626373626373626,-0.902086339921059,-0.7100521447910791,-0.7417582417582418,-0.014937562215544379,-0.9942177930388991,0.9786708124404414,0.14604515589213712,0.3681243968000261,0.30809558517229196,0.0701075256888163,-1.1465275237256032,204.7727169903044,-0.1541571546265359,0.14354943267712716
15,alpha_refc,A,all,Refined,39,-0.888387362717804,-0.7680161943319839,-0.870139346435801,-0.6846115811531116,-0.6314695262063683,-0.011336058903556642,-0.9614821518816058,0.956006195120873,0.20974700207422975,0.2796988295811276,0.2513212976595121,0.07886984572630228,-0.14748035156357364,52.54196154062208,-0.022136829743218955,0.06026923790016525
15,alpha_win,A,train,Scrap,21,0.18882427096342633,0.01038961038961039,0.07092288715233461,0.23840027902197666,0.21804511278195485,4.384623487165654e-06,-0.01620546066497079,0.016033680630624915,0.9919507645893394,0.037323374516826734,0.03224519899066482,0.04892627730753063,0.00041707036953772536,15.861169200522909,0.0048976040189372405,0.008952094131226218
15,alpha_win,A,val,Scrap,7,0.058917951535454614,-0.3214285714285715,-0.15084326467873874,0.5372378636313544,0.6071428571428572,6.257040913362651e-06,-0.05463112458966518,0.040974933532864244,0.9792982520494642,0.1549401187638974,0.06994658804693721,0.16647772339892347,0.02919625902326714,-291.50246362289454,0.14646351157625603,-0.05685671146338933
15,alpha_win,A,test,Scrap,13,-0.9015336613719569,-0.6538461538461539,-0.9248345659823687,-0.5627470508147245,-0.3021978021978022,-0.00020521947480102323,-0.9732518758740366,0.9014177536724184,0.31397809848392544,0.6189520631869849,0.41630074230386355,0.23420492527163184,0.05157091733048877,-990.9556672395897,0.2070040525451815,-0.27638416476511196
15,alpha_win,A,all,Scrap,39,-0.8068211705648962,-0.8006072874493927,-0.7644562339217922,-0.5703355372398455,-0.037312616259984686,-0.00017743301717614837,-0.905115434590988,0.8418851192113614,0.3976366190237496,0.3600286819552792,0.24493634211744109,0.17314984347471493,0.0022171446508173,-61.77286712793148,0.03669501862725677,-0.0253128473669193
15,alpha_dr,A,train,Scrap,21,-0.15724513963534012,-0.09220779220779221,-0.051839983959846646,-0.14910797100077036,-0.14887218045112782,-1.1673865944942183e-05,-0.18093343309405552,0.17660421138886062,0.9074115872145007,0.040219043918734265,0.03224519899066482,0.046776379510934406,0.003257855914320651,15.861169200522909,0.015813702596789492,0.008952094131226218
15,alpha_dr,A,val,Scrap,7,-0.9308311814685919,-0.8571428571428573,-0.8889171051242744,-0.553293932426052,-0.5357142857142858,-0.0006018525386046326,-0.7964963076400811,0.5191197140684021,0.6934553236738455,0.18871566661070913,0.06994658804693721,0.13956574943880992,0.09427137983099321,-291.50246362289454,0.22330399887175878,-0.05685671146338933
15,alpha_dr,A,test,Scrap,13,-0.941800799531524,-0.8406593406593407,-0.9202201372936712,-0.7826666674431446,-0.8516483516483516,-0.0007636822303453247,-0.8765743099497055,0.797790681636585,0.44967690441406377,0.646934099851349,0.41630074230386355,0.34593864844610794,0.03544584690685226,-990.9556672395897,0.0402333615177774,-0.27638416476511196
15,alpha_dr,A,all,Scrap,39,-0.8276676479093831,-0.615587044534413,-0.7372414790194693,-0.7658667210433486,-0.5861691651165336,-0.0006533486113243821,-0.7767647093749009,0.706807223193943,0.5414727849172635,0.38082032940520266,0.24493634211744109,0.24517295456736285,0.007346538121490553,-61.77286712793148,0.019269384193317696,-0.0253128473669193
15,alpha_cc,B,train,Concentrate,21,-0.2503870415200701,-0.06623376623376624,-0.452490297504825,-0.13999059357111393,-0.15037593984962402,-0.0004089961234600493,-0.43039494561588376,0.3279399025547015,0.8197927161455502,0.031821552153460324,0.014715925069001524,0.028741535496915594,0.013046530230575115,2.1250390620953112,0.005131071316861746,0.0014110624225622814
15,alpha_cc,B,val,Concentrate,7,-0.5267329058161937,-0.25,-0.2612033441557862,-0.6579731642748293,-0.642857142857143,-0.0011139605668028395,-0.27790619504695796,0.2060303076407261,0.891049769855351,0.04547451350923833,0.02017429519820409,0.044328571392790665,0.09647660425054783,14.966766607553836,0.025025144666684485,0.008412804570362198
15,alpha_cc,B,test,Concentrate,13,-0.840550412509115,-0.7802197802197801,-0.949501793060189,-0.6538289917388161,-0.5879120879120878,-0.0021380065196475433,-0.9472730823974047,0.9468488944778121,0.23054523530575927,0.10257216420538134,0.10568877812244054,0.033954520901958773,-0.39365645463450427,161.36129871904723,-0.07851593812635604,0.046447947887203966
15,alpha_cc,B,all,Concentrate,39,-0.8494318562102692,-0.6139676113360324,-0.9409280391941803,-0.6064935087379483,-0.5677864098916731,-0.0021991807764234067,-0.9104197709232382,0.9082249171341839,0.3029440259615894,0.07669008725628161,0.07154056559208262,0.03177220273000235,-0.04743169722360907,11.068727851013819,-0.014405027335785858,0.004295675854168124
15,alpha_refc,B,train,Refined,21,-0.25937529535278686,-0.08311688311688312,-0.25607102136550486,-0.3663220075919144,-0.46917293233082696,-0.0029758646030414644,-0.2782138667092895,0.22489418739901046,0.8804009385507205,0.0848873559362149,0.04319166836064509,0.08385274004006786,0.037556119041156855,6.845635520720634,0.006941927910089296,0.003083552766605102
15,alpha_refc,B,val,Refined,7,-0.0265728836224755,0.03571428571428572,-0.34186335235499765,0.009881035287934525,0.03571428571428572,-0.00045598936100124833,-0.2987888003403873,0.2821472131444042,0.8472619352098829,0.12939393255683926,0.09193381863935576,0.1344842960274356,-0.29560092623993217,4.652941018845922,-0.04129789534174755,0.0305514744783677
15,alpha_refc,B,test,Refined,13,-0.856311036696644,-0.7527472527472527,-0.8480786427474497,-0.597548731717848,-0.5274725274725275,-0.012480008136956535,-0.957336934584766,0.9383430215232481,0.24830823280099243,0.34099419385426877,0.2789401081566381,0.10939228261528114,0.5565684240477156,-43.79257998373464,0.06940872626261418,-0.03586961492963869
15,alpha_refc,B,all,Refined,39,-0.8115080636764016,-0.5603238866396761,-0.8073969184361255,-0.5889386013373925,-0.44414049677207573,-0.012076965181266202,-0.8876511243416079,0.8639446341131765,0.36885683657324775,0.21198574058602074,0.16780244205124498,0.09972487390927971,0.3095428832767837,3.0097107205450584,0.03178683526812942,0.00222906538603862
15,alpha_win,B,train,Scrap,21,-0.0968784762718079,-0.09480519480519481,-0.28068278255261314,0.08764381545117264,0.07969924812030074,-6.645823401849053e-06,-0.41233045536200047,0.23837883881112526,0.8727090931054143,0.05674093203663526,0.018064061934656903,0.05196719732374434,-0.002365294914603605,-3.8473229587816604,-0.030686769456517826,-0.0007077350408604133
15,alpha_win,B,val,Scrap,7,0.25794602573780934,0.21428571428571433,-0.2451005840802135,0.061678495055735603,-0.1785714285714286,5.642785864299581e-05,-0.25290789404575936,0.055107062718856806,0.9720560360808131,0.123277508038274,0.013594017730036193,0.1205590174166236,0.00026454888361782114,-19.4376817661132,0.0013119687149496517,-0.00408748286341698
15,alpha_win,B,test,Scrap,13,-0.8886016161007493,-0.6208791208791209,-0.9096076102851162,-0.5816685432132275,-0.37912087912087916,-0.00019340544708558208,-0.9764638189915645,0.8990553932578201,0.3177178099228619,0.6083409334181492,0.40289959888370697,0.23182664393335484,0.015509549194144906,46.81848190440542,0.06759104814238914,0.012568149069378975
15,alpha_win,B,all,Scrap,39,-0.8897925826738494,-0.31781376518218624,-0.910877077250773,-0.6168862627316141,-0.23295765401028556,-0.00018851188446473112,-0.9608816860477112,0.8875643715467699,0.3353142234579828,0.3541125884795096,0.23648898423394638,0.14278353908562227,0.0009027718985101518,-3.8473229587816604,0.007474774539720119,-0.0007077350408604133
15,alpha_dr,B,train,Scrap,21,-0.2594345352240362,-0.2922077922077922,-0.25785242788869606,-0.2644951727066317,-0.40451127819548865,-7.761500733140567e-05,-0.35529709626947514,0.15500614674826715,0.9192354721461378,0.0786628062067461,0.018064061934656903,0.07419174161536111,-0.0025174375585697573,-3.8473229587816604,-0.007669128569174788,-0.0007077350408604133
15,alpha_dr,B,val,Scrap,7,-0.49658215215243334,-0.5714285714285715,-0.22435084179857614,-0.45181592427553346,-0.28571428571428575,-0.0005013931925248483,-0.36919335335390996,0.06045746463686579,0.9693000233999451,0.1649075545343368,0.013594017730036193,0.16038708136223612,0.04147576117278079,-19.4376817661132,0.10443080264758375,-0.00408748286341698
15,alpha_dr,B,test,Scrap,13,-0.9388100556920661,-0.9395604395604396,-0.9270410375475474,-0.7802608460413636,-0.7692307692307693,-0.0007251598422160162,-0.8830076192316813,0.7940224004353187,0.4538475510176091,0.6440689778789088,0.40289959888370697,0.34479062652951564,-0.1092827775705425,46.81848190440542,-0.13532987984480105,0.012568149069378975
15,alpha_dr,B,all,Scrap,39,-0.9405772370409896,-0.6491902834008098,-0.9289237372883709,-0.7914961746488379,-0.5653791443265127,-0.0007244863684975874,-0.8749122884949855,0.7692729735911157,0.48034053171566143,0.3970849910081137,0.23648898423394638,0.22200024155207282,-0.005014804946138762,-3.8473229587816604,-0.00931929608580323,-0.0007077350408604133
16,alpha_cc,A,train,Concentrate,21,-0.16599705271658227,-0.2857142857142857,-0.22921362775667678,-0.12433070270792626,-0.10977443609022557,-2.3962189763391628e-05,-0.251081566129245,0.07821948307776269,0.9600940146268163,0.004256135734571191,0.02664419383093479,0.025905246602341607,0.0004476753318760629,16.08321780317874,0.00011794316068947097,0.012622320864374537
16,alpha_cc,A,val,Concentrate,7,-0.9465280234469625,-0.9642857142857145,-0.8939303384956152,-0.8679500146545432,-0.7142857142857144,-0.0019396219101829525,-0.8861329646110444,0.8859904487725544,0.3376530041735829,0.129159320538689,0.1268633673080511,0.06112959738622381,-0.5572098730327095,352.4591811067248,-0.13649337034858489,0.19019073916145413
16,alpha_cc,A,test,Concentrate,13,-0.8757632112765841,-0.8186813186813187,-0.7608031962651164,-0.9130469989873655,-0.8076923076923077,-0.0014179050472423274,-0.8105935041743114,0.7905680659747666,0.4576373389762175,0.19885597309725003,0.15885208873107445,0.11647538653794565,-1.729588826495347,977.3709665489946,-0.3579494930424214,0.3575634219508803
16,alpha_cc,A,all,Concentrate,39,-0.9537193632933094,-0.877327935222672,-0.9296370640014726,-0.8765011858009925,-0.7826895721632563,-0.0016828308859112061,-0.9430249052894939,0.941072022222479,0.24275085535898946,0.20829259489401333,0.19529902058359375,0.06931270768438838,-0.015402394494806515,130.80472284907364,-0.005072731365283856,0.04429835960180206
16,alpha_refc,A,train,Refined,21,0.013391378394991436,0.04025974025974026,-0.008943608467803817,-0.037418558012945004,-0.10526315789473684,1.9113048220781614e-05,-0.004477923929677587,0.001989618583184723,0.999004695392777,0.017415768913707365,0.07431183500336055,0.07624937501586156,-0.029726462932344155,17.05543371713088,-0.004236891442839674,0.01732950291829649
16,alpha_refc,A,val,Refined,7,-0.8765347966870355,-0.7500000000000002,-0.7255734691834701,-0.8724033353662338,-0.8571428571428573,-0.006982463093936615,-0.7701195704964211,0.7336227319363704,0.5161174944367122,0.1859783486634864,0.25461926175636573,0.16273579468792954,0.851643812210626,-120.81862544475837,0.06845603714618287,-0.05925871497973301
16,alpha_refc,A,test,Refined,13,-0.7972465091091203,-0.7802197802197801,-0.8150977254320703,-0.5622573464365609,-0.6703296703296703,-0.011408610673433482,-0.8628820795503057,0.8540236482960297,0.3820685170279937,0.3069279871542547,0.26578973755184643,0.15512592236659167,1.413519607219932,-270.9984370521121,0.083440496711082,-0.17640696690551394
16,alpha_refc,A,all,Refined,39,-0.7523712844837355,-0.6510121457489878,-0.7649321253124801,-0.5477327944098364,-0.545026808184703,-0.008474087389142656,-0.8466713531029654,0.8461307344811121,0.3922617308875388,0.19997963525798898,0.19295755890679894,0.10900675714496834,0.06582254560809009,-6.220995059207951,0.008412300037483167,-0.01693020916634591
16,alpha_win,A,train,Scrap,21,0.1916370671384408,0.16883116883116883,0.06073894880093751,0.212499747699235,0.2827067669172932,3.863484994947558e-06,8.49750590919841e-05,-8.412859346599582e-05,1.0000420634120677,0.033157119772578854,0.028775378141352555,0.04390420400907433,0.0002122486014720093,-54.814341090564994,0.0015318345057115934,-0.0025515683500767494
16,alpha_win,A,val,Scrap,7,-0.5615959128493864,-0.42857142857142866,-0.8101645866889594,-0.1414362619645364,0.0,-7.285386846157467e-05,-0.9148770082465426,0.793881322446068,0.45400294883836606,0.19547378111422173,0.11330720801289909,0.1025770634541634,0.08705338083307174,-789.4746643836902,0.39774467584189765,-0.19023042064280027
16,alpha_win,A,test,Scrap,13,-0.874092763449159,-0.6208791208791209,-0.8825002325760393,-0.6364287949256644,-0.3736263736263736,-0.00015813991754185097,-0.9853417649980434,0.9711854728318741,0.16974842316830488,0.5330188880846961,0.4494489373443251,0.11835172218237414,0.07343736401657816,118.11739297249551,0.3032511149586141,-0.0020061426948689842
16,alpha_win,A,all,Scrap,39,-0.8376114339561423,-0.5125506072874494,-0.8535403449632091,-0.637061669342193,-0.24039829302987198,-0.00013449197996850937,-0.9127887264929933,0.9033794035364467,0.310838537610048,0.3225792875227973,0.279259963535699,0.13262410741854988,0.002612762479983141,-76.0726376413752,0.02351862102076918,-0.010729639362899945
16,alpha_dr,A,train,Scrap,21,-0.34268610180281917,-0.41558441558441556,-0.16614285300615458,-0.12336568038482999,-0.04360902255639097,-4.355579797887168e-05,-0.2241887327755577,0.17214675671368843,0.9098644092865219,0.06148110615159683,0.028775378141352555,0.06176330107467538,0.0024096998963170912,-54.814341090564994,0.010160100602000233,-0.0025515683500767494
16,alpha_dr,A,val,Scrap,7,-0.790496445826652,-0.6071428571428572,-0.7979685868386753,-0.389859119162285,-0.4642857142857144,-0.0001790905838392704,-0.5464059024728024,0.5271292729502003,0.6876559656178369,0.1483724997904177,0.11330720801289909,0.12837806122776768,0.14742119810669918,-789.4746643836902,0.21027212787312088,-0.19023042064280027
16,alpha_dr,A,test,Scrap,13,-0.9027560002842413,-0.8076923076923077,-0.9028732727335316,-0.7583147525535789,-0.6043956043956044,-0.0005714940071459589,-0.955001534333244,0.9441705600895646,0.23628254254268444,0.5228772564980253,0.4494489373443251,0.16291590884037652,-0.15159268660455905,118.11739297249551,-0.20196384601284878,-0.0020061426948689842
16,alpha_dr,A,all,Scrap,39,-0.8989849666005636,-0.6406882591093118,-0.8899639626567176,-0.7331760257536599,-0.4658058868585184,-0.0005411538227186527,-0.9232283514987202,0.8897392052695396,0.33205540912694126,0.3671091203524206,0.279259963535699,0.1531618788294172,-0.00893822384867532,-76.0726376413752,-0.022194870219321317,-0.010729639362899945
16,alpha_cc,B,train,Concentrate,21,0.13884134580546517,0.2558441558441559,-0.1339619489211177,0.19553759057700618,0.22105263157894736,0.0002629622921609881,-0.12626102419719382,0.08272096360463387,0.9577468540253036,0.02864297541196629,0.010689703361040529,0.0292809043166819,0.02463293425998314,2.29103817215082,0.007179366931633568,0.0009120754758660254
16,alpha_cc,B,val,Concentrate,7,-0.2675818229409021,-0.42857142857142866,-0.4773991522212404,-0.4283493710663252,-0.5714285714285715,-0.0007449308265941115,-0.47123246430782995,0.30915843674938415,0.8311687934773633,0.045766829030897196,0.01711167195862579,0.040611862901538495,0.027347073238269903,-24.340578881803594,0.007179366931633568,0.0029681758723949514
16,alpha_cc,B,test,Concentrate,13,-0.9580136644517987,-0.9615384615384615,-0.8833385164810634,-0.9308400234777653,-0.9340659340659341,-0.00228685486359712,-0.8492870505120461,0.8231618596320182,0.4205212721943824,0.2077084186992957,0.16155634927557141,0.11065643228054148,-0.2941781609034253,115.5603903955357,-0.04158899648699976,0.027341209603038763
16,alpha_cc,B,all,Concentrate,39,-0.9358669060305191,-0.6429149797570851,-0.8759327860239969,-0.8881020319351074,-0.6428493270598534,-0.002198054182992887,-0.8463162644939703,0.8196675656938673,0.4246556655763969,0.12601384290969847,0.09771755016234815,0.06771654662918233,0.016771145223620998,3.2158278474892086,0.006591107471306423,0.0021393084609933055
16,alpha_refc,B,train,Refined,21,0.01248164790857854,0.28051948051948056,-0.07911052291037056,0.06695951414589274,0.11578947368421053,0.0004202534363374974,-0.07718773579130439,0.035157290220491404,0.9822640733425552,0.086034332229499,0.020731001332223813,0.08692721130795507,0.029323836452593177,5.898291698490539,0.0044507114329537245,-0.0012508367645276408
16,alpha_refc,B,val,Refined,7,-0.353251651200615,-0.28571428571428575,-0.11728678824573031,-0.5922653910000101,-0.8928571428571429,-0.007120942005675996,-0.15355066799418707,0.11549576602478101,0.940480852529821,0.1397371039540397,0.06335588117077241,0.14429693821586212,0.6839384205343713,-16.034278422114994,0.06439956094824995,-0.022591765951672116
16,alpha_refc,B,test,Refined,13,-0.7311212955098048,-0.5274725274725275,-0.7268579112439982,-0.5972641543244569,-0.5549450549450549,-0.010875384483901011,-0.8852284282489085,0.828571274925075,0.4140395211509706,0.3633072013924712,0.25151818502303275,0.18295371544934205,3.2872169382367638,-414.0072873320348,0.31860669218469484,-0.2834638128991589
16,alpha_refc,B,all,Refined,39,-0.7217734741940779,-0.405668016194332,-0.7032197598595828,-0.5847524911080589,-0.47258999890578834,-0.00952673524833593,-0.8444990151063476,0.8090458676919,0.43698298857976153,0.23645260729948,0.17605116259466208,0.12882021877364125,0.44075201996263846,-2.8048328084574905,0.06439956094824995,-0.006575657363501186
16,alpha_win,B,train,Scrap,21,-0.1450661769668943,-0.2571428571428571,-0.31409108083082077,-0.1678828584175193,-0.09323308270676692,-1.2575324127955264e-05,-0.433110960684127,0.20874249392530894,0.889526562883139,0.058285926589927366,0.014972624559197635,0.05353020326024919,-0.0008159053906604402,-11.555429286185245,-0.011606866383881087,-0.0013392157683238537
16,alpha_win,B,val,Scrap,7,-0.20463309478046462,-0.14285714285714288,-0.3076038983882233,-0.5624204073719375,-0.42857142857142866,-6.70207276363119e-05,-0.37668481674693544,0.08480634661391254,0.9566575423766267,0.11391836743103854,0.012990473159811654,0.10968714667761155,0.005449657657629614,29.099634215646347,0.026684819419408035,0.0007856180689849168
16,alpha_win,B,test,Scrap,13,-0.7705166086409518,-0.9175824175824175,-0.761213246139177,-0.5042284759663932,-0.45604395604395603,-0.00011044336733043381,-0.9775047400206536,0.9706892570365665,0.17120380534156804,0.5368726071955753,0.47691045016695777,0.12294242579093598,-0.02220628865988286,2636.3362416460077,-0.10428551613295789,0.43869112928999954
16,alpha_win,B,all,Scrap,39,-0.7333183999583048,-0.5682186234817814,-0.7305944455766084,-0.5615600050456641,-0.3708283181967392,-7.46692265362524e-05,-0.9294363200644621,0.9271571194076726,0.26989420259117713,0.33998436370462304,0.36467381109809505,0.13456231947643543,-0.0032005014616770383,40.40915180447291,-0.02428676507427019,0.007802759565890938
16,alpha_dr,B,train,Scrap,21,-0.2985291929124396,-0.44415584415584414,-0.3946282792943587,-0.0042643785298875254,-0.060150375939849614,-9.114289901864779e-05,-0.44072884408749496,0.1664518312927178,0.912988591772801,0.07635250233260432,0.014972624559197635,0.07103663846205262,-0.0027640719241119466,-11.555429286185245,-0.017062337510301617,-0.0013392157683238537
16,alpha_dr,B,val,Scrap,7,-0.2761046942465002,-0.21428571428571433,0.03736550287221856,-0.16181459191329464,-0.10714285714285716,-0.00024267993267029566,-0.014641788852789992,0.0031238393430563787,0.9984368586229896,0.12037373460866858,0.012990473159811654,0.12088340374703888,-0.02276992403502065,29.099634215646347,-0.050415208712540016,0.0007856180689849168
16,alpha_dr,B,test,Scrap,13,-0.8036198431196568,-0.8241758241758241,-0.7822336757982318,-0.6099196315848927,-0.47802197802197804,-0.0004040574459760296,-0.8944695478819424,0.8845389142072061,0.3397956529927861,0.5539280737906794,0.47691045016695777,0.24837176979940964,-0.44498818153741,2636.3362416460077,-0.7696318928040901,0.43869112928999954
16,alpha_dr,B,all,Scrap,39,-0.8433739447959384,-0.770242914979757,-0.8325166351647095,-0.6482798627170481,-0.39993434730276833,-0.0003314226956888051,-0.9331136473250979,0.8938065257232563,0.32587340222353794,0.4900454578541194,0.36467381109809505,0.19905811843956855,-0.019621345444585103,40.40915180447291,-0.050415208712540016,0.007802759565890938
17,alpha_cc,A,train,Concentrate,21,-0.3541713200727871,-0.34415584415584416,-0.09599983030785751,-0.4510818547039428,-0.40751879699248117,-6.286841950894223e-05,-0.06944496210100713,0.029277363154527464,0.9852525751529262,0.005303230497039116,0.023985638176714442,0.02420264663434915,-0.0016856518394399167,-0.8708409799842229,-0.0006648749137766474,0.006621786249221273
17,alpha_cc,A,val,Concentrate,7,-0.9155013659735391,-0.8928571428571429,-0.8751223607108879,-0.8068065174465339,-0.7500000000000002,-0.0025127695522980395,-0.887942321024264,0.8369174718567581,0.4038347782735433,0.14304350853502887,0.10105923639035175,0.07072807845030707,-0.2968047334010313,184.45396528325318,-0.07038091094711274,0.04108523485977056
17,alpha_cc,A,test,Concentrate,13,-0.8625009968786047,-0.8516483516483516,-0.7922099075149641,-0.795167531151878,-0.7637362637362637,-0.0022009041867288902,-0.8124702446519019,0.8112269788957963,0.4344801734305073,0.11743532044067503,0.1111111441254447,0.07024180756077303,0.16349319471726975,-103.71269188312749,0.027080122877595425,-0.054242036215628175
17,alpha_cc,A,all,Concentrate,39,-0.8290395669649085,-0.7558704453441296,-0.7807256923139536,-0.7368673066992057,-0.8586278586278586,-0.0018409670270158106,-0.8171277451560741,0.8168699985725317,0.42793691290594255,0.0750399007945457,0.07694879571736916,0.045994964929481325,-0.003335510485581228,7.261726154134749,-0.0012116205530940949,0.006621786249221273
17,alpha_refc,A,train,Refined,21,-0.1922525591642946,-0.0961038961038961,-0.07019040349726112,-0.34498106544999435,-0.3744360902255639,-0.0004733090261519059,-0.06718466922961656,0.04872728158711925,0.9753321067271807,0.031214587940819393,0.07266855368361008,0.07713803651106092,0.07638491155767468,12.91824355939309,0.008991424152236416,0.02963278463955632
17,alpha_refc,A,val,Refined,7,-0.8782224710323718,-0.8214285714285715,-0.9688655863960705,-0.7514097261408328,-0.642857142857143,-0.00841906382559902,-0.9694918099338169,0.9552782077498791,0.2114752757419195,0.23559892322953105,0.2798973369020643,0.0773691398418655,0.6225276985859711,-116.40022089454158,0.05878365436846611,-0.06937342055087292
17,alpha_refc,A,test,Refined,13,-0.7966931844998842,-0.8956043956043955,-0.8265217367141106,-0.4497293452130371,-0.7692307692307693,-0.011841517129880795,-0.940876630497058,0.9338035085849773,0.2572867882636469,0.27892719536383337,0.24664420845555446,0.09579701231697543,0.36735420472925373,-14.03589156288217,0.04634856345673999,-0.05728899883834071
17,alpha_refc,A,all,Refined,39,-0.7162892807205496,-0.7299595141700406,-0.7429837279494548,-0.49338615060257646,-0.713535397745924,-0.009170716977912044,-0.8925950458573267,0.8921715009607044,0.3283725004309825,0.1839696957074585,0.17838761582878213,0.08414732921128172,0.09164332710971301,2.4248069045522698,0.012650454971482983,0.010049598062846776
17,alpha_win,A,train,Scrap,21,-0.16866545919392342,-0.09090909090909091,-0.13541625373113036,0.017153308919506043,0.0631578947368421,-5.197525360758897e-06,-0.26803380204630906,0.24164632947286094,0.870835042087271,0.052808390382978646,0.03323127288368327,0.05433510741455404,-0.001208381811148157,44.18684890293389,-0.014326818580840062,0.015388729529128398
17,alpha_win,A,val,Scrap,7,-0.36008574341998273,-0.642857142857143,-0.27246491871479855,-0.5206420465473529,-0.5357142857142858,-1.8743956176895545e-05,-0.2459380716021724,0.24315534594278457,0.8699681914054188,0.0866738265138152,0.10081602937453929,0.11566397721087011,-0.0007624144001262545,-685.0718883575041,-0.0039264330198178765,-0.1517208173871829
17,alpha_win,A,test,Scrap,13,-0.9169110668709377,-0.6538461538461539,-0.9344407438608588,-0.6971815566831429,-0.8571428571428571,-0.0002063127088941494,-0.9776237532392881,0.9053955579717062,0.3075783510396884,0.598971312371907,0.40277767956294747,0.22201032057800896,-0.049156654261016564,-765.5318189219838,-0.29007528078021605,-0.22323629106511866
17,alpha_win,A,all,Scrap,39,-0.7565405815716818,0.07307692307692308,-0.6875164991635241,-0.683653595523423,-0.44063901958638796,-0.00017621682417703107,-0.6812976473513228,0.5741526740606067,0.652569786259978,0.4305941129804203,0.23588971890544413,0.3203946526610107,-0.004822166813499909,-60.76890854926023,-0.03906019124204896,-0.01494353869225229
17,alpha_dr,A,train,Scrap,21,-0.2657877007433891,-0.23766233766233766,-0.0009732846171315682,-0.17996352261800386,-0.24360902255639094,-2.1438052076881307e-05,-0.1577632406887988,0.15113243412663271,0.9213400924052786,0.044640533934310424,0.03323127288368327,0.05127400215012079,0.0017064487444333754,44.18684890293389,0.004964866978436566,0.015388729529128398
17,alpha_dr,A,val,Scrap,7,-0.8374181034322727,-0.6785714285714287,-0.8452177451628561,-0.21217093245281188,-0.3214285714285715,-0.0002298640042709671,-0.510580826701271,0.4962251208475549,0.7097710047278947,0.12815769998841342,0.10081602937453929,0.11573461634520775,0.1688682208850315,-685.0718883575041,0.2607052812258257,-0.1517208173871829
17,alpha_dr,A,test,Scrap,13,-0.9517050001615198,-0.7967032967032966,-0.9550136016807703,-0.7845152579406225,-0.7252747252747254,-0.0007595008850498026,-0.9103541753835303,0.831958879592196,0.40992818933052644,0.6196565779436903,0.40277767956294747,0.3029599884564747,-0.032583158712084725,-765.5318189219838,-0.038468617332237,-0.22323629106511866
17,alpha_dr,A,all,Scrap,39,-0.8443233460768094,-0.5908906882591094,-0.7747749022183816,-0.7649476977724254,-0.5767589451799979,-0.0006724598089311473,-0.7941186627589597,0.7030263688705003,0.5449528705580875,0.3903654248455967,0.23588971890544413,0.2485541479312097,0.0024006270906782867,-60.76890854926023,0.008455371318353222,-0.01494353869225229
17,alpha_cc,B,train,Concentrate,21,-0.11805608006493787,0.06363636363636363,-0.324023678124408,-0.018718049393849155,0.09172932330827067,-0.0001506397750661632,-0.32067832291466847,0.27813489417905396,0.849626450754063,0.02610086548949874,0.015114985975868564,0.02562603492844205,-0.007317838081148498,-0.0953927905384262,-0.0028896005675445036,-2.9642819505681928e-05
17,alpha_cc,B,val,Concentrate,7,-0.3096029206248524,-0.42857142857142866,-0.19163606754485868,-0.5287254482371156,-0.4642857142857144,-0.0007110884280264712,-0.19326830617263954,0.10724392176587474,0.9448577026378762,0.04217226327259807,0.012774167551381005,0.04163467136556295,0.016454048444425773,-12.075818356865739,0.004325818588258201,0.0007797132113998018
17,alpha_cc,B,test,Concentrate,13,-0.8967687328097653,-0.8846153846153846,-0.8878578517411859,-0.864664227586062,-0.8736263736263737,-0.0020664136321398943,-0.8588509808483302,0.8508200405513868,0.3862382159349502,0.11787555648567774,0.10275419162460935,0.06039791467753241,-0.026002230329092768,-38.610976831894504,-0.004541630792570084,0.024218820190516688
17,alpha_cc,B,all,Concentrate,39,-0.8458054036999387,-0.5439271255060729,-0.8601879253951888,-0.8034519814694019,-0.6115548747127694,-0.0019339274464765794,-0.8153650427146684,0.8020927080704475,0.44486772408161107,0.07251078479090241,0.060465136032410015,0.04200137186559469,-0.011567517208573186,-0.7582506720445963,-0.004541630792570084,0.0009826924616920252
17,alpha_refc,B,train,Refined,21,-0.01104301529938318,0.07532467532467534,-0.04496984035698056,-0.058097602205142214,-0.22255639097744356,-0.00024378230052942286,-0.06063702879596958,0.03636291880761903,0.9816501826986949,0.08238298921614305,0.027442792420329206,0.08524016096542704,0.07326719670403037,16.353035659764487,0.012045714988691225,0.004577390546927518
17,alpha_refc,B,val,Refined,7,-0.08706139668246661,-0.28571428571428575,0.12970541010756392,-0.3476180705199839,-0.6785714285714287,-0.0014737784950040066,0.09729172755012165,-0.07700564059394951,1.0377888227351215,0.1203959281834444,0.059144524840544395,0.13920788921151162,0.6762855942880677,-8.138507386797755,0.06370144075078255,-0.012469065633439413
17,alpha_refc,B,test,Refined,13,-0.7610986513565774,-0.7307692307692307,-0.7290084867063921,-0.5753698190508052,-0.6538461538461539,-0.010047047415107122,-0.9058872497614129,0.8631283989843986,0.3699616210035865,0.32295517602861146,0.23604699343663946,0.14799307812262957,1.5476248048583887,-283.31722324139696,0.1540528551824618,-0.18926689611892833
17,alpha_refc,B,all,Refined,39,-0.6758305338629023,-0.5572874493927126,-0.6286339259607873,-0.5569506004211826,-0.4986322354743407,-0.00840102168765251,-0.8112879006015219,0.7743302901802196,0.47504706063692304,0.19529630910034754,0.14356281459660833,0.11514471478752113,0.5090096236956434,-0.059761282419913186,0.059748651693422694,-0.0025050906212715773
17,alpha_win,B,train,Scrap,21,-0.3066375529080506,-0.2662337662337662,-0.32513913990155885,-0.03123849826716357,-0.04962406015037594,-1.3965294761780802e-05,-0.41237101467094744,0.28846479335628766,0.8435254629492297,0.05601701844908819,0.022853902641400452,0.051032992289015595,-0.0019272992767387503,8.351781112900426,-0.021184366177306124,0.0048281989789629165
17,alpha_win,B,val,Scrap,7,0.09019676068579978,-0.14285714285714288,0.012534453359246382,-0.017201940632402456,0.10714285714285716,2.2499810194990408e-05,0.03270524716040425,-0.011713628381657702,1.0058397627761877,0.07475345454835441,0.013846017981008134,0.07646890549013546,0.0035320838805704413,12.73484459022984,0.017376200473386172,-0.002172562278389023
17,alpha_win,B,test,Scrap,13,-0.8937988959530212,-0.8681318681318682,-0.9089693624788813,-0.6395942176705846,-0.6868131868131868,-0.00017743900872963455,-0.9904476735676104,0.9217987714313087,0.27964482574989885,0.6153392528400125,0.4193034991568679,0.20822891910564947,-0.05885817528518364,520.0573186559941,-0.33512934106405745,0.10923655126090992
17,alpha_win,B,all,Scrap,39,-0.9106829125491257,-0.47975708502024295,-0.9222756536078712,-0.671239451431749,-0.38614728088412303,-0.000172977727378399,-0.9597059659801666,0.8334892844491081,0.4080572454336424,0.4528951043950088,0.2629722783863215,0.2137021915390388,-0.004085259681115519,23.307414973129198,-0.034415472381994494,0.007651097654806094
17,alpha_dr,B,train,Scrap,21,-0.23658423760688665,-0.3246753246753247,-0.22699170976303343,0.007561488942704364,-0.1533834586466165,-3.8380065952536796e-05,-0.29898415580963583,0.20578200878765862,0.891189088360232,0.057293392638945916,0.022853902641400452,0.05497151428598836,-0.0026697549088704475,8.351781112900426,-0.005807958499603805,0.0048281989789629165
17,alpha_dr,B,val,Scrap,7,-0.6918990137388868,-0.7857142857142859,-0.5358889400365058,-0.48788828262629286,-0.5714285714285715,-0.0007297566840161871,-0.6678114206914604,0.16714072330105065,0.9126112407257262,0.10888292027408579,0.013846017981008134,0.10016798088625399,0.028399423094082554,12.73484459022984,0.06874291270735866,-0.002172562278389023
17,alpha_dr,B,test,Scrap,13,-0.9363173732528819,-0.9340659340659341,-0.9363289229579215,-0.7716637162835656,-0.8021978021978022,-0.0006527341005297464,-0.9041567639974003,0.8302224509881065,0.4120407128086901,0.6374983865914489,0.4193034991568679,0.31440073093721627,-0.3037377754796363,520.0573186559941,-0.43354322897328307,0.10923655126090992
17,alpha_dr,B,all,Scrap,39,-0.9452378942462727,-0.6607287449392713,-0.9449386834926446,-0.7832586640270148,-0.5108874056242477,-0.0006342856571744113,-0.906256992512722,0.7861957413588918,0.4623897259251207,0.4539095605257918,0.2629722783863215,0.2425622234614593,-0.009795762456318302,23.307414973129198,-0.028987483481640153,0.007651097654806094
18,alpha_cc,A,train,Concentrate,21,-0.4730560685156952,-0.5207792207792208,-0.3494798692835953,-0.4819875461188312,-0.6360902255639098,-0.00015740282161617574,-0.39459163813839926,0.23887288314371544,0.872425995059916,0.00886787238802293,0.026308360955678876,0.024220924828921513,0.004012428459280848,5.611458763253722,0.001599682677671188,0.00640634778599658
18,alpha_cc,A,val,Concentrate,7,-0.9811516741600405,-0.9642857142857145,-0.9570362477678538,-0.9435244736317119,-0.9642857142857145,-0.0018554072120945098,-0.9439847063794332,0.9439843689025502,0.23667621574093528,0.15343244868273057,0.15330276414104357,0.05133378566402506,-1.0832065172891499,538.1658667271577,-0.2317156508220417,0.2629111943821485
18,alpha_cc,A,test,Concentrate,13,-0.7224489687175982,-0.6978021978021978,-0.7003297182276744,-0.8362646141624891,-0.8186813186813187,-0.0014358235225318202,-0.8874759288087412,0.8872120173825586,0.33583922138047145,0.11030633831844835,0.10764846340312247,0.051762488510950014,-1.9623484409982321,1171.0900779235694,-0.38766908503608666,0.39960461236780276
18,alpha_cc,A,all,Concentrate,39,-0.9645576986051834,-0.9095141700404858,-0.9619000254140215,-0.8268112405282276,-0.890578837947259,-0.0017507909718848642,-0.9825665813438393,0.9823317147309089,0.13292210225952333,0.2149968086801789,0.2103465166527101,0.03998045937860345,-0.03494120209040785,132.74924422429217,-0.01339968212037268,0.04623597703465876
18,alpha_refc,A,train,Refined,21,-0.06492335888282805,-0.016883116883116882,-0.05472542645330625,-0.1962063902715024,-0.24812030075187969,-0.00010824601166076475,-0.0771828654437729,0.040698258917800156,0.9794395035336281,0.02088168084184093,0.07324996671860272,0.07460219239276852,-0.0019893323877111513,19.567123859770277,-0.0003292496060067762,0.015731672174799982
18,alpha_refc,A,val,Refined,7,-0.9305711617065288,-0.7500000000000002,-0.8773576354503575,-0.8860972504204292,-0.8928571428571429,-0.005423924521942516,-0.7199607944049465,0.6441865331733921,0.5965010199711379,0.16275219136428867,0.26312455297119297,0.18455206180852854,-0.7248651917325404,25.14557915997807,-0.04181740271467449,0.02263518070626791
18,alpha_refc,A,test,Refined,13,-0.8194036117020702,-0.8021978021978022,-0.8281519530114765,-0.6315443010770011,-0.6648351648351648,-0.009965557487669613,-0.8422047967423795,0.8375290878899163,0.40307680671316687,0.2867835612958309,0.25803881846005694,0.1555003467778834,0.784786613459179,-246.59667406007316,0.11361433650244557,-0.18804911725764484
18,alpha_refc,A,all,Refined,39,-0.7582152895991203,-0.7267206477732794,-0.760780181601824,-0.6218179029251079,-0.5227048911259438,-0.00706897204139921,-0.8004650675653132,0.8000298760878713,0.44718019177075435,0.1872618327697887,0.19354116404024926,0.12042785587036843,0.012329818785565827,5.014113591806847,0.002684089188516925,0.012787337962947731
18,alpha_win,A,train,Scrap,21,0.014968448521973526,0.02857142857142857,-0.03191670679743785,0.20906753552885313,0.16842105263157892,4.225543778406029e-07,-0.22668967365024836,0.21268571988300697,0.8873073199951599,0.03956373384209597,0.02757717119416097,0.042791672231419296,-0.0005780310431123953,-4.816240018800727,-0.006306584382201219,0.0024902396722605857
18,alpha_win,A,val,Scrap,7,-0.8240812137376842,-0.7857142857142859,-0.8232209184418003,-0.380762739972715,-0.3571428571428572,-8.542346117695747e-05,-0.7718351306336642,0.7501099624028195,0.49989002550279044,0.20229656519470152,0.15911626585116728,0.12865919116024413,0.0435184393044899,-1075.0223236373276,0.17743914810201256,-0.2124421839050079
18,alpha_win,A,test,Scrap,13,-0.8811919069167681,-0.7197802197802198,-0.884993469878748,-0.5552404164515662,-0.2802197802197803,-0.00022213637253499073,-0.9544953140171105,0.890540648801377,0.33084641633033157,0.5457196777633094,0.3744097214850457,0.21895749932096395,0.00508314745934299,-232.07183899168103,0.023631761335886736,-0.10316393738657581
18,alpha_win,A,all,Scrap,39,-0.8210637126897471,-0.5591093117408906,-0.7806683548992387,-0.5866974063979508,-0.27475653791443266,-0.00019493298037955505,-0.9063146761814442,0.8304467619590823,0.4117684276883279,0.346841631640114,0.22692160732439592,0.1706692130815391,-0.00042814542632181596,-81.3174291144287,-0.0054007818068533275,-0.025375699976290633
18,alpha_dr,A,train,Scrap,21,-0.32045976114805585,-0.39090909090909093,-0.12709759949239824,-0.26820400628348395,-0.21654135338345865,-3.244817139378087e-05,-0.23889805562473831,0.19910029874792182,0.8949299979618954,0.05137655314118681,0.02757717119416097,0.05218332584993337,0.0010984307047222641,-4.816240018800727,0.0018116940558939865,0.0024902396722605857
18,alpha_dr,A,val,Scrap,7,-0.9080917221134845,-0.6785714285714287,-0.875381618636674,-0.5656372414958243,-0.6785714285714287,-0.00033509209880463347,-0.5117083288339771,0.48830664784107264,0.7153274440135282,0.21658989041567528,0.15911626585116728,0.19224771631045076,0.3420752104907734,-1075.0223236373276,0.4428959740766075,-0.2124421839050079
18,alpha_dr,A,test,Scrap,13,-0.9182421261288325,-0.8131868131868131,-0.8925891632030747,-0.7402295114650264,-0.6483516483516483,-0.0007899099575906948,-0.8756909660040779,0.8258157312397747,0.4173538891159698,0.5290980460509926,0.3744097214850457,0.27051724676714806,0.08651901378633853,-232.07183899168103,0.0931183783104724,-0.10316393738657581
18,alpha_dr,A,all,Scrap,39,-0.8792681138422003,-0.7647773279352227,-0.8210944520681216,-0.7411809708592045,-0.6111171900645584,-0.0007039712817847195,-0.8571434023566885,0.7865073323838967,0.46205266757817043,0.34560990136231257,0.22692160732439592,0.19103495866025477,0.0030334068911529455,-81.3174291144287,0.006868675811162905,-0.025375699976290633
18,alpha_cc,B,train,Concentrate,21,-0.13069310848716406,0.18181818181818182,-0.275827448005642,-0.07688916262151613,-0.007518796992481202,-0.00018964237517240655,-0.2993349916879683,0.24658567642780402,0.8679944260029531,0.028146330498761193,0.014797471713032802,0.027601418743657978,0.01468669651414567,0.6076201385096738,0.004857949711510989,7.980175689326074e-05
18,alpha_cc,B,val,Concentrate,7,-0.3363638761338447,-0.39285714285714296,-0.17655201482655078,-0.6382271257238725,-0.7142857142857144,-0.0006539544019718949,-0.17697542856441253,0.13850569400677273,0.9281671756710788,0.037833004177474816,0.018249169171072284,0.03898709162657187,-0.01273804749771923,-11.071138526349841,-0.0023899978174235503,0.0017843680056115474
18,alpha_cc,B,test,Concentrate,13,-0.8067499355939791,-0.8076923076923077,-0.7535572132009852,-0.805686360737344,-0.6593406593406593,-0.00234089201761948,-0.7112975207127744,0.6660112330465104,0.5779176126001782,0.09859931502345917,0.06833013424299461,0.06932803395076989,-0.01273804749771923,-11.071138526349841,-0.0023899978174235503,0.03250390877607323
18,alpha_cc,B,all,Concentrate,39,-0.7364248611349691,-0.42732793522267204,-0.7208785206264193,-0.7274347370039855,-0.5905460115986432,-0.002019988876691172,-0.6722657017781789,0.6196487971605893,0.616726197626962,0.06238481192065956,0.041433158715948555,0.04618686910835417,0.012350388857150563,0.6076201385096738,0.0038620724931304196,0.0017843680056115474
18,alpha_refc,B,train,Refined,21,0.053083026462206244,0.13766233766233765,-0.06716230458306774,0.007751361433226848,-0.09774436090225563,0.0013845671204580096,-0.07208349866707574,0.03471918725528079,0.982487054746636,0.08257083456219695,0.021195499318278983,0.08375488591627514,0.06665223305911461,8.554236261596031,0.016508363859611297,0.004886240003331821
18,alpha_refc,B,val,Refined,7,-0.2365760169968559,-0.10714285714285716,0.1682386223165524,-0.526155061569275,-0.4642857142857144,-0.004011175945899501,0.10644149896399253,-0.08733379376080774,1.0427529878934934,0.13980494338027613,0.0729849928525642,0.16445187046837847,-0.009939043596546071,13.053783416500778,-0.0009671185725377285,-0.02789731968677689
18,alpha_refc,B,test,Refined,13,-0.7686707888229195,-0.5714285714285714,-0.6784010991730206,-0.6758352764944331,-0.6373626373626374,-0.010780272659455819,-0.8309314104551379,0.7617505172669495,0.4881080646056265,0.3409590847398196,0.22334894042245135,0.19895289901834773,1.6140826009033766,-253.7602402159573,0.1317398121497777,-0.13486330750842068
18,alpha_refc,B,all,Refined,39,-0.6975199238786817,-0.508502024291498,-0.5943703192184864,-0.6606525659205575,-0.4771856877120035,-0.009451762035534925,-0.7378413296157373,0.6742452516925751,0.5707492867340483,0.20578371758424174,0.13373199320327134,0.14007353184630533,0.216923128515905,4.083421853166158,0.027459805816030247,-0.0032813705007965766
18,alpha_win,B,train,Scrap,21,-0.3234964579978868,-0.34415584415584416,-0.423262143815563,-0.2556512087352267,-0.19849624060150375,-1.9283742292200696e-05,-0.5787170548882486,0.35110842347268917,0.805538066466949,0.05255510725695451,0.017764067510791157,0.04468813735246442,-0.001946542510057242,-0.2955185642440483,-0.020964479534020253,0.002958026994679841
18,alpha_win,B,val,Scrap,7,0.24177106799854217,0.10714285714285716,0.02439361467974346,0.12988399369653073,0.28571428571428575,6.439540993705722e-05,-0.013442505102971411,0.003013365654266721,0.9984921804129131,0.09777794151901278,0.01110054273038216,0.09825765732648177,0.011202006427873695,-0.5910371284880966,0.051244604139442096,3.725484404704105e-05
18,alpha_win,B,test,Scrap,13,-0.7442075307809258,-0.7637362637362637,-0.7123833232260026,-0.38381176541815326,-0.005494505494505494,-0.00017036884975616095,-0.9501299067073741,0.8919367742113847,0.32872971540251,0.5312884731116623,0.3709290604006851,0.2130046317380332,-0.039956169746073106,2277.6693444258117,-0.208218190286104,0.4004360438081118
18,alpha_win,B,all,Scrap,39,-0.7122312466493161,-0.7052631578947368,-0.6930362161145602,-0.4587937706481243,-0.21085457927563186,-0.0001062920196723174,-0.9370859157045518,0.9190035244122696,0.2845987975865858,0.35607652849454,0.29209985099275587,0.1310739890735636,-0.003973740892455335,52.16071701194687,-0.029121078064830552,0.009157925495790309
18,alpha_dr,B,train,Scrap,21,-0.23752207283651663,-0.27662337662337666,-0.2731577747868204,-0.3038747424678628,-0.42105263157894735,-7.25263242663847e-05,-0.3616833320385153,0.15685437861057946,0.9182296125639929,0.07787029370834231,0.017764067510791157,0.07333973399273837,-0.0019380884592355985,-0.2955185642440483,-0.005539144673454954,0.002958026994679841
18,alpha_dr,B,val,Scrap,7,-0.4717070172125412,-0.21428571428571433,-0.3216507526351476,-0.3614292038845048,-0.4642857142857144,-0.000606008403470697,-0.3552940717176217,0.045971709901953386,0.9767437177161913,0.17086073149774825,0.01110054273038216,0.16723898125824727,-0.032199744375270956,-0.5910371284880966,-0.038023543956022754,3.725484404704105e-05
18,alpha_dr,B,test,Scrap,13,-0.7727278884955521,-0.7527472527472527,-0.7113898413744939,-0.5528070800907169,-0.5164835164835164,-0.0005972596530164329,-0.8135947843914476,0.7774293930445711,0.4717738938892538,0.5026341401457877,0.3709290604006851,0.2947093564881115,-0.33736843886191903,2277.6693444258117,-0.5033850025627429,0.4004360438081118
18,alpha_dr,B,all,Scrap,39,-0.7758158280094927,-0.6647773279352227,-0.741099455211673,-0.5998107041385166,-0.5822300032826347,-0.0004073340968764875,-0.8803800390395602,0.8478238374613168,0.3900976320598258,0.3850386075018584,0.29209985099275587,0.18853344388589158,-0.021451474551675898,52.16071701194687,-0.050713167198404796,0.009157925495790309
19,alpha_cc,A,train,Concentrate,21,-0.26403821475053185,-0.3532467532467533,-0.16877966998070326,-0.20700218514987698,-0.16691729323308271,-6.262087632775877e-05,-0.20022097806846884,0.09739351392215183,0.9500560436510301,0.006968026685169731,0.026840705183074243,0.02634546437253012,-0.0022120291147333937,0.22500708485586074,-0.0009871348678903713,0.007984643426304672
19,alpha_cc,A,val,Concentrate,7,-0.8902432845296712,-0.8928571428571429,-0.9744059511306383,-0.7484193149054155,-0.642857142857143,-0.0016009924369788878,-0.9605327550754071,0.9445134867185718,0.2355557540826124,0.0873612158812301,0.10500078011787703,0.0321748344497014,-0.6226610355293944,382.04490501575447,-0.15382117754923907,0.1427087259702482
19,alpha_cc,A,test,Concentrate,13,-0.9022840182208921,-0.8681318681318682,-0.9117457946299632,-0.8460642578340437,-0.8351648351648352,-0.0017426847660181564,-0.9341573448589956,0.9299608346489513,0.2646491363126824,0.15543862212684706,0.170923476980849,0.06114254252172339,-2.045187493179113,1175.8567706284039,-0.44069167111875207,0.43925236002458234
19,alpha_cc,A,all,Concentrate,39,-0.972545733218865,-0.8937246963562754,-0.9779135834391869,-0.7866749071738611,-0.7095962359120255,-0.0017852601026672951,-0.9812775554623268,0.9810053036660502,0.13782124775937052,0.22145461893912388,0.2162983721666807,0.04266388767868658,-0.03477100670410316,136.419686936282,-0.008670127476298362,0.04441071438786892
19,alpha_refc,A,train,Refined,21,-0.33585385475305957,-0.33506493506493507,-0.21587361474621322,-0.5296271565796029,-0.5804511278195488,-0.0005960494345245293,-0.19026415212766473,0.11127328140577064,0.9427230338727433,0.02343179077369698,0.07256486472232682,0.07188662410851303,0.004699608560951418,26.812086737031905,0.000770908070067966,0.0224534661190523
19,alpha_refc,A,val,Refined,7,-0.9036741108563592,-0.9285714285714288,-0.9625015986306619,-0.8111384332234647,-0.8571428571428573,-0.007355726635992825,-0.9676571872364399,0.923526615364729,0.27653821550605073,0.2206228586935707,0.30017937251532106,0.10302008069100195,0.1987547466351547,-130.36572644624687,0.01531249055004169,-0.04942365032195273
19,alpha_refc,A,test,Refined,13,-0.7662507768144804,-0.6868131868131868,-0.8658424613133273,-0.41155300596933736,-0.576923076923077,-0.012434050488085026,-0.8917035230825279,0.8913486789660302,0.32962299833896563,0.26544012866639644,0.25805514497860393,0.12202771603389628,-1.1466822840437185,194.15543806153073,-0.17607262261342305,0.11073801798825134
19,alpha_refc,A,all,Refined,39,-0.7740272075379173,-0.7647773279352227,-0.8233268735697267,-0.4698928313070581,-0.6157128788707736,-0.010048534827408724,-0.8908097199161901,0.8906040610867652,0.3307505690293441,0.20397231908872218,0.20840313887867212,0.09645027730038404,-0.10720658688869023,50.791891660144415,-0.0148127733358967,0.053782006550783024
19,alpha_win,A,train,Scrap,21,-0.13641052110325777,-0.15844155844155844,-0.04177701476885257,-0.1063313306951091,-0.04962406015037594,-3.387132925819523e-06,-0.13927441289394235,0.13494762853967746,0.9300819165322604,0.036913911717446145,0.02867513447202878,0.04347474108750399,-0.0012903152772953674,8.48557231809309,-0.013205344308500733,0.0016358246764855977
19,alpha_win,A,val,Scrap,7,-0.8332846090945987,-1.0,-0.8473686847924059,0.4096568842769368,0.642857142857143,-0.00011636730792101188,-0.9457392790783699,0.9161526866525114,0.28956400561445594,0.2524823026845743,0.19595341589360393,0.09254506135173828,0.07756123359217498,-1419.870495865286,0.3614858475924443,-0.32846688935271473
19,alpha_win,A,test,Scrap,13,-0.9127323967235303,-0.6538461538461539,-0.8971808495765624,-0.7552398308948378,-0.6318681318681317,-0.00022709469978019056,-0.9271488523058501,0.871879424710592,0.35793934582469145,0.5072053133161118,0.3559198301282671,0.22178846024055507,0.12560585449511455,-2273.830081406466,0.4842539340786072,-0.8359064553708642
19,alpha_win,A,all,Scrap,39,-0.6448759978136457,-0.8032388663967611,-0.5407747695071845,-0.7260673144262831,-0.4879089615931721,-9.712349808240335e-05,-0.8067641815535729,0.798390993751551,0.4490089155556368,0.333048015452259,0.3849018686855001,0.2285408754732704,0.003477861016967995,-158.7804226481221,0.042098613743231095,-0.03059875967178094
19,alpha_dr,A,train,Scrap,21,-0.3243661622494207,-0.3987012987012987,-0.1580428572608201,-0.2795205051639614,-0.2150375939849624,-2.5286346312631023e-05,-0.22733498781887246,0.21260721129569943,0.8873515586870294,0.04151812606870218,0.02867513447202878,0.04477405850353957,0.00024111941423465844,8.48557231809309,0.0005180422805283191,0.0016358246764855977
19,alpha_dr,A,val,Scrap,7,-0.7900498109368882,-0.9285714285714288,-0.7828151339799323,0.16330083059697975,0.25,-0.00038787332625214916,-0.8620147742054776,0.8591382790998265,0.3753154951506445,0.2126578757729416,0.19595341589360393,0.10853116569474175,0.21774615434754108,-1419.870495865286,0.3267246938741485,-0.32846688935271473
19,alpha_dr,A,test,Scrap,13,-0.9253211853683477,-0.7527472527472527,-0.8835982368597995,-0.8024388700941462,-0.7362637362637362,-0.0008336534011025079,-0.8288190529975406,0.7555695629557896,0.4943990665891375,0.5509011497612639,0.3559198301282671,0.32426360587138475,0.42592449183931735,-2273.830081406466,0.3923353015990626,-0.8359064553708642
19,alpha_dr,A,all,Scrap,39,-0.6782781746816378,-0.8427125506072874,-0.5633837596320076,-0.7658152450775321,-0.501039501039501,-0.00037065299089873634,-0.7419005154240624,0.7396085838958467,0.5102856220825287,0.3557696021545796,0.3849018686855001,0.2674604822585971,0.011085543452217406,-158.7804226481221,0.03262273687522822,-0.03059875967178094
19,alpha_cc,B,train,Concentrate,21,0.022062227678376563,0.14285714285714285,-0.1451776608694625,0.07245855688789044,-0.04360902255639097,2.955831287438815e-05,-0.1682415173091686,0.14082645145084793,0.9269161496862335,0.02707226874450007,0.014647032085920475,0.0285310043334928,0.024069316848839062,0.3562888240560369,0.00955785859977154,0.0003491215202746645
19,alpha_cc,B,val,Concentrate,7,-0.027485653230031246,-0.42857142857142866,0.4489404556235192,-0.3396174125062431,-0.42857142857142866,-7.085346900986538e-05,0.45665091204420677,-0.25048742970048504,1.1182519526924535,0.04129009299248292,0.012335139752327692,0.04818910131327847,0.039783599777163836,-36.816841544898125,0.010427328440152595,0.0035956680105053707
19,alpha_cc,B,test,Concentrate,13,-0.8863185051052783,-0.9065934065934067,-0.895970208623333,-0.8600606767893326,-0.7472527472527472,-0.0021508990858152767,-0.8660679828474621,0.8647878347721039,0.3677120683740148,0.11101350628226046,0.10513519884702918,0.05622197111515865,-0.6877832769211869,371.7109076632569,-0.1276720148788837,0.08195775770026437
19,alpha_cc,B,all,Concentrate,39,-0.9039142138802578,-0.6046558704453442,-0.9285606476178235,-0.7782910767981133,-0.6866177918809497,-0.002294795852481327,-0.9012652950153591,0.8944712858798132,0.32485183410315965,0.09969291725925217,0.08813945394976505,0.04322756508629035,-0.026557527166313655,14.30021687956787,-0.005302777279435733,0.0035956680105053707
19,alpha_refc,B,train,Refined,21,-0.17697226562375123,-0.12727272727272726,-0.2576699605874307,-0.301606929903317,-0.4300751879699248,-0.0032095456410663552,-0.21360152317575834,0.14691106478395327,0.923628136868971,0.08353729620616038,0.03328973603346388,0.08305818849198338,-0.025387853790461712,10.109913553911497,-0.004174846832793566,0.005190361646575603
19,alpha_refc,B,val,Refined,7,-0.2761766387825826,-0.5357142857142858,-0.06761356078148884,-0.6895887439753774,-0.5714285714285715,-0.0031652848919838396,-0.11188117498045197,0.10857097125962933,0.9441551931437812,0.11904305270666472,0.09305323343133744,0.1426585461953118,-0.28606312027867986,-40.83228422066645,-0.03143421558202242,-0.013736429286040241
19,alpha_refc,B,test,Refined,13,-0.797238287752986,-0.7197802197802198,-0.7808289902607937,-0.6005113917708108,-0.521978021978022,-0.0129924002136833,-0.8237294195720738,0.7929987155037137,0.4549739382605187,0.2921580877573129,0.22135971705550475,0.16676918901226612,-0.059931829604266795,-33.22255097308289,-0.007180441637524737,0.024092781281101594
19,alpha_refc,B,all,Refined,39,-0.7585345882831657,-0.454251012145749,-0.7419584861285402,-0.6038252764860049,-0.5636284057336689,-0.012266408609382143,-0.7481780697132953,0.7126965972719053,0.5360069054854562,0.18698412865567846,0.13656105884079991,0.12410844587829356,-0.026483521292323786,3.184815261875599,-0.004538511608501938,0.005190361646575603
19,alpha_win,B,train,Scrap,21,-0.2543329164630966,-0.28051948051948056,-0.39980466807889875,-0.11823634717518136,0.07218045112781954,-1.5256746689932747e-05,-0.45846407291102925,0.27031629026039516,0.854215259603576,0.054661862936477484,0.017829055455010526,0.04911399371278713,-0.0006968634812501012,1.9449064828365863,-0.007156609303659689,0.0014166294733666263
19,alpha_win,B,val,Scrap,7,-0.2755876275470369,-0.07142857142857144,-0.04006100192122926,-0.610202499194067,-0.6785714285714287,-0.00011166421408020214,-0.063299040626665,0.011303610378597895,0.9943321324494157,0.12025885150167727,0.01082459255963509,0.12006066686371025,0.012006716713673427,-12.653332910937024,0.0652357644732573,-0.003932112984163183
19,alpha_win,B,test,Scrap,13,-0.9259755945069679,-0.7087912087912087,-0.9271683335173103,-0.7258550513863528,-0.6703296703296703,-0.0002584565776521687,-0.961839162088614,0.8667833248218438,0.3649885959563067,0.5001686783817022,0.31444089436221023,0.2156343799437295,0.012705607923904239,-129.4534352010901,0.060382001493550774,-0.05945663696953574
19,alpha_win,B,all,Scrap,39,-0.9058719834304219,-0.5321862348178137,-0.8833452822659007,-0.7393732242914314,-0.4145967830178357,-0.0002577090263701073,-0.944948553010382,0.8426607473589726,0.3966601223226598,0.2894974050869831,0.17773233248770456,0.134746284023569,0.0007362351085094809,-12.210292183837282,0.005303518122294015,-0.0022180464129224475
19,alpha_dr,B,train,Scrap,21,-0.18159236586708885,-0.22987012987012984,-0.3053305467839785,-0.13479176295246534,-0.2300751879699248,-5.097754767939144e-05,-0.3307119234307722,0.1455844960569384,0.9243459871406711,0.0768660558945192,0.017829055455010526,0.07293708249692485,-0.0027024236242605415,1.9449064828365863,-0.010205328879460573,0.0014166294733666263
19,alpha_dr,B,val,Scrap,7,-0.6620406906528804,-0.7142857142857144,-0.41487158309215466,-0.45246377237789276,-0.21428571428571433,-0.0006239385242241532,-0.4256388051399007,0.07495353422568907,0.9617933591860108,0.12197868427732424,0.01082459255963509,0.1177793283215074,-0.028719897069165223,-12.653332910937024,-0.06924283704245232,-0.003932112984163183
19,alpha_dr,B,test,Scrap,13,-0.950004816197562,-0.8461538461538461,-0.9234055802069023,-0.8181382825168462,-0.7197802197802198,-0.0009402719918432901,-0.8201543498358401,0.7125816873541371,0.5361140854760887,0.5410892631196054,0.31444089436221023,0.33551091453571935,-0.26057133133122823,-129.4534352010901,-0.34802542197939823,-0.05945663696953574
19,alpha_dr,B,all,Scrap,39,-0.8888916281232939,-0.20587044534412957,-0.823933109220345,-0.823726105161059,-0.4804683225735857,-0.0009477791526889222,-0.7278186907927658,0.5764848032947406,0.6507804519999502,0.36136243836945237,0.17773233248770456,0.2620727656211728,-0.008230879582447448,-12.210292183837282,-0.030536143123211845,-0.0022180464129224475
20,alpha_cc,A,train,Concentrate,21,-0.11711552349937827,-0.08441558441558442,-0.22476797065562956,-0.04266755239294914,0.03458646616541353,-4.0236416281209054e-05,-0.2435366170961012,0.1545693200004122,0.9194730447379019,0.008926918065738426,0.02493417000538015,0.024351331824412976,0.008236746122206817,13.969244488733011,0.003123790865187104,0.009718638739645513
20,alpha_cc,A,val,Concentrate,7,-0.9893986316296758,-0.8928571428571429,-0.9389806302365828,-0.9591102127329885,-0.9642857142857145,-0.0015466860253730615,-0.9373786001272139,0.9373448653956846,0.25031007691324647,0.23153770195556142,0.23351043322540385,0.08231237835258824,-1.7359976525075278,1204.8260071163063,-0.39353246560050126,0.35708698296939545
20,alpha_cc,A,test,Concentrate,13,-0.8082678127695859,-0.7857142857142857,-0.9176157963529455,-0.7352418548431622,-0.8186813186813187,-0.0013040174000514204,-0.9103398523686999,0.905589846021731,0.30726235366258103,0.13955312407195905,0.15459725088600168,0.06399278648359899,-2.7010327971077137,1985.235986953032,-0.6394270816164571,0.6615742421834598
20,alpha_cc,A,all,Concentrate,39,-0.9782535211976241,-0.8457489878542511,-0.9833744310011663,-0.7703110007215452,-0.6507276507276507,-0.001427057942106474,-0.9875651174960823,0.9875125299893528,0.11174734900948295,0.3195270966124325,0.3162465085739311,0.05023778773799927,-0.04398669167971603,127.09160582369236,-0.01688701946058968,0.04413822157476144
20,alpha_refc,A,train,Refined,21,-0.04233264930528818,0.032467532467532464,-0.1988289896071486,0.0497247775972929,0.13834586466165413,-3.11993999247511e-05,-0.20723992627308344,0.06438599914826938,0.9672714204667326,0.011827338747642276,0.07425367920006656,0.07272887256208267,0.013566235494005596,1.086434261436466,0.0018140580776724313,-0.0005177656049788482
20,alpha_refc,A,val,Refined,7,-0.9440109642715195,-0.9642857142857145,-0.9757906691677268,-0.7996800758606156,-0.8214285714285715,-0.008451161920170194,-0.9640062752455236,0.9596620011755403,0.20084321951328016,0.3888529851074756,0.42765496949708115,0.1160893644426241,-0.8859468040372231,135.78996753439378,-0.11731242072015546,0.012913671641014979
20,alpha_refc,A,test,Refined,13,-0.38207510117617066,-0.14835164835164835,-0.36666573622644016,-0.2615755140259818,-0.0879120879120879,-0.005654906140887432,-0.9506993023860166,0.9499150436732217,0.22379668524528762,0.30078611847714776,0.2888094268348106,0.09332165440357292,-5.065617716540587,1405.3646403523373,-0.7375476906486129,0.6577938023524288
20,alpha_refc,A,all,Refined,39,-0.7721450436701818,-0.7455465587044535,-0.758092644114806,-0.435604940414448,-0.2802275960170697,-0.005018641271835417,-0.9755755821067226,0.9732043534009259,0.16369375858313603,0.43345665158670166,0.40423599142227745,0.0970210304873947,-0.1135571480157278,106.80405444992812,-0.018999553375912637,0.10269587722371298
20,alpha_win,A,train,Scrap,21,-0.2567740983145443,-0.2506493506493506,-0.05745339568242742,-0.1279530810314297,-0.1413533834586466,-8.166679899283649e-06,-0.17364650648078572,0.16119461387945308,0.9158631918144472,0.04583776333911028,0.03101704271199168,0.05068918028767748,-0.0010067094620280076,-31.213379291009915,-0.01192143548045177,0.001723663984012802
20,alpha_win,A,val,Scrap,7,0.04772916334773982,-0.10714285714285716,0.0664212048974601,-0.49226618022105867,-0.21428571428571433,1.007566179352448e-06,0.18769737535883532,-0.1002619738789745,1.048933731881559,0.08388672863882254,0.2898014769232733,0.31646154987657016,0.016510590161874783,-1349.9451386041014,0.08145352881122614,-0.2819261371442181
20,alpha_win,A,test,Scrap,13,-0.9216469334939659,-0.6538461538461539,-0.9189812270714699,-0.6737977458941159,-0.3626373626373627,-0.00024557078423936005,-0.9396233164921236,0.8393451629765186,0.40081771046634324,0.5970705798935888,0.36795361837202534,0.2811110209803898,-0.006738493986669619,-2634.300251289409,-0.030512028659551493,-1.0898492955752603
20,alpha_win,A,all,Scrap,39,-0.23861205714303466,-0.28157894736842104,-0.12144201044179298,-0.6469199023308225,-0.2132618448407922,-3.51261770485629e-05,-0.08059125394910142,0.0767875674022513,0.9608394416330694,0.36156510698628574,0.49468024364224544,0.5887350076977798,0.0004211240457560883,-190.98629607522912,0.0053267770273564,-0.042490995673984955
20,alpha_dr,A,train,Scrap,21,-0.41381013876846545,-0.48181818181818176,-0.19642216995022835,-0.24855732371390774,-0.17142857142857143,-3.8849009373858806e-05,-0.25509697414207644,0.22924110342103177,0.8779287537032651,0.049656675420864126,0.03101704271199168,0.051400778099377584,0.0006047111792947257,-31.213379291009915,0.001536790573247404,0.001723663984012802
20,alpha_dr,A,val,Scrap,7,-0.8709812448522121,-0.9285714285714288,-0.8734105544162076,-0.07254821332592186,-0.14285714285714288,-0.00037955875348755626,-0.9183220079015318,0.910434813092034,0.29927443410349314,0.2540832287236762,0.2898014769232733,0.11534425847148243,0.22352674755922108,-1349.9451386041014,0.3036704036722524,-0.2819261371442181
20,alpha_dr,A,test,Scrap,13,-0.9325395226834108,-0.6593406593406593,-0.8919443944004831,-0.8143462942956549,-0.7802197802197801,-0.0008556024677110367,-0.8448097269334927,0.77211432838073,0.4773737232182664,0.5659809296998937,0.36795361837202534,0.32226236699036304,0.5221699106484445,-2634.300251289409,0.47298775063089893,-1.0898492955752603
20,alpha_dr,A,all,Scrap,39,-0.6263233136602476,-0.8445344129554657,-0.5181165595530879,-0.7765926197538948,-0.6003939161833899,-0.00030841895481380514,-0.6772205457549669,0.647565959090893,0.5936615541780578,0.3659218917288156,0.49468024364224544,0.36528636279123283,0.015117933087039959,-190.98629607522912,0.041534585470420105,-0.042490995673984955
20,alpha_cc,B,train,Concentrate,21,0.1248265966875159,0.22077922077922077,-0.3415681059070443,0.3519735778251917,0.2857142857142857,0.00023980139252620616,-0.3068173174703809,0.19861924259781516,0.895198725089678,0.029720000432082845,0.010917860510615232,0.02834372350472273,0.019954235298512035,1.6297735012815338,0.005134487791454756,0.0004468754267143993
20,alpha_cc,B,val,Concentrate,7,-0.679214741998328,-0.7142857142857144,-0.6074454524622374,-0.7755866408329458,-0.6071428571428572,-0.0014953855827239929,-0.5742110404240315,0.4538002553890561,0.7390532758948735,0.0535523427282857,0.026242997791236986,0.044074775071503716,0.020037414785782914,-27.307533710461712,0.0038939748239086303,0.003845947807751493
20,alpha_cc,B,test,Concentrate,13,-0.896240257887426,-0.9285714285714285,-0.9259722377939839,-0.8396073247991644,-0.8626373626373626,-0.0019609672090214326,-0.8899456661056834,0.8852139774618899,0.338800859706864,0.10479135104158759,0.11620084296321946,0.053013255590745885,-0.3958400621715237,131.958800708931,-0.07800725220169746,0.09784264244467611
20,alpha_cc,B,all,Concentrate,39,-0.9030540962893835,-0.6277327935222672,-0.9375648273517214,-0.7923149593221375,-0.6502899660794398,-0.0021385619188050366,-0.8906537234558127,0.8902331714073851,0.33131077343276183,0.08748136693841925,0.08483339011629158,0.040373305245407075,-0.030053048487712175,13.031918240685854,-0.011245598289186254,0.00463849987490228
20,alpha_refc,B,train,Refined,21,0.10687956143884329,0.11168831168831168,0.04317429455215909,-0.11283959916683542,-0.1789473684210526,0.0025967641622257303,0.05839950130333836,-0.02945540785594769,1.0146208197429953,0.08126642116418613,0.021995891688901346,0.08542149540501107,0.03217122002107464,-1.1252303683349965,0.008276211282221224,0.004864652062458674
20,alpha_refc,B,val,Refined,7,0.019734664275446283,0.25,-0.14210371723791973,-0.3264108713399802,-0.10714285714285716,0.00032376176530459893,-0.0917113579851535,0.07362385091224205,0.962484363035451,0.11787362102556039,0.05927935329740929,0.12699043729511397,-0.38290500133429717,-5.367224687332509,-0.025149226799067836,-0.007062516980381517
20,alpha_refc,B,test,Refined,13,-0.847403271658192,-0.7637362637362637,-0.8527786918005148,-0.6058543683091951,-0.5549450549450549,-0.012200679523642339,-0.9379752872431851,0.923329610076005,0.2768941854282877,0.3266249119597711,0.27339996639356634,0.11794241919475654,0.4327742855419423,-56.354620391444314,0.045891562713379574,-0.03471124214495713
20,alpha_refc,B,all,Refined,39,-0.7791563787473987,-0.4840080971659919,-0.7781892959768678,-0.5879137483033353,-0.4056242477295109,-0.011743855772691943,-0.8605400228396128,0.8346631635273298,0.4066163258806392,0.20102710175424796,0.15681543696164757,0.10366960289048427,0.11276318023382981,-6.749082362761726,0.014368504454386866,-0.004031944866600412
20,alpha_win,B,train,Scrap,21,-0.3526236124324348,-0.4142857142857143,-0.31345995836116425,0.05435945251398812,0.16992481203007515,-1.5182307310998365e-05,-0.4199292284294817,0.30753375120938736,0.8321455694712391,0.0567434553991047,0.024721926333998504,0.05150566580148256,-0.0025521033978737617,30.82505686250761,-0.015211206798805721,0.007649832218245223
20,alpha_win,B,val,Scrap,7,0.04666619042622543,-0.14285714285714288,-0.38163549327296115,0.05392177955469563,0.10714285714285716,8.868565910414569e-06,-0.3669027263761493,0.13755097228205487,0.9286813380907065,0.08001535103546889,0.015566443706170928,0.07570188847285315,-0.0012531208842377073,-11.239743717868805,-0.006461749697861396,0.0010945701157289989
20,alpha_win,B,test,Scrap,13,-0.9082453668851207,-0.6263736263736264,-0.9124521071980345,-0.6174976884415164,-0.30769230769230765,-0.00023518899785292176,-0.9394671031093277,0.8257849763194103,0.41739073262422793,0.5909258146615478,0.3517114155971152,0.2870283625757786,-0.022560745122095383,-437.44706434481077,-0.10608706978652283,-0.12493731085779736
20,alpha_win,B,all,Scrap,39,-0.8188376044742042,-0.06862348178137652,-0.7687989346226224,-0.635216145025827,-0.06663748769011926,-0.00022320804617369938,-0.8185279477797759,0.6785036523975428,0.5670064793302253,0.3737757522511911,0.19869465625285887,0.2400171843013006,-0.0031911257124553755,-7.342221864221301,-0.022839006197300726,0.0010945701157289989
20,alpha_dr,B,train,Scrap,21,-0.29351841605180035,-0.487012987012987,-0.3723520344853332,-0.03644989252939584,0.02706766917293233,-5.605167678514708e-05,-0.41239285469992193,0.24162557226453496,0.8708469599966834,0.07638694816926807,0.024721926333998504,0.06991843353908453,-0.003122160816778685,30.82505686250761,-0.008442910860374075,0.007649832218245223
20,alpha_dr,B,val,Scrap,7,-0.3519970902281761,-0.42857142857142866,0.11023473354249984,-0.4100190335057602,-0.7500000000000002,-0.0003669959653454423,-0.053191362466341,0.012680436519166095,0.9936395541044217,0.12871232569135543,0.015566443706170928,0.12882557685965754,-0.0195519067398775,-11.239743717868805,-0.028052039550506724,0.0010945701157289989
20,alpha_dr,B,test,Scrap,13,-0.9368028506775746,-0.7857142857142857,-0.9081616060019969,-0.7891305289240732,-0.7087912087912087,-0.0008349696287723944,-0.8503985943971178,0.7596160565007049,0.49028965265370955,0.5707591484142472,0.3517114155971152,0.32870143289999826,-0.11172933710387178,-437.44706434481077,-0.1385794136657822,-0.12493731085779736
20,alpha_dr,B,all,Scrap,39,-0.8561309395155962,-0.45748987854251016,-0.7780466086555232,-0.7871153776712401,-0.4861582230003282,-0.0007954191167520789,-0.7724106150527762,0.6651319480732393,0.5786778481389803,0.34805478342685436,0.19869465625285887,0.23192040733278688,-0.0036463283289630416,-7.342221864221301,-0.02302272086760948,0.0010945701157289989
21,alpha_cc,A,train,Concentrate,21,-0.2988847127177855,-0.20779220779220778,-0.20659252324223312,-0.4190575358433506,-0.41804511278195483,-0.00010737712766007806,-0.202647359280987,0.13596535415254968,0.9295346394015934,0.00989172275507296,0.025674958159917483,0.025575713695715006,0.00033281733439149974,10.654132651658074,9.555647606029893e-05,0.0038756148358078946
21,alpha_cc,A,val,Concentrate,7,-0.983195846693829,-0.8928571428571429,-0.9904616033849881,-0.9468803456102802,-0.9285714285714288,-0.0016794284795546995,-0.9584103560431848,0.9431244624344306,0.23848592739524357,0.20973735474220453,0.17522230548073195,0.06517808367224667,-1.5046599950041983,733.8043480090823,-0.3323445160776648,0.2698360867034415
21,alpha_cc,A,test,Concentrate,13,-0.708213334338003,-0.46703296703296704,-0.6166336837263151,-0.8240155500142887,-0.8351648351648352,-0.0013523209193123113,-0.6151145362193039,0.6083513718704168,0.6258183667243901,0.1241621797625373,0.10697705440485074,0.10256614528058883,-2.4227962411181125,1578.246426998825,-0.5344960583646161,0.5144206658096353
21,alpha_cc,A,all,Concentrate,39,-0.9665740566434413,-0.855263157894737,-0.9599478704184504,-0.8267291301911398,-0.7043440201334938,-0.0016329230500391923,-0.9676584532861203,0.9670541417356869,0.18150993984989647,0.250750780626289,0.2420414245294957,0.0632582335764374,-0.037710445438790874,107.88405313252247,-0.014980915907759629,0.040211432018085524
21,alpha_refc,A,train,Refined,21,-0.15132175458531175,-0.07142857142857142,-0.10048834412669132,-0.25729772903424086,-0.2827067669172932,-0.0004259827084451923,-0.11212248711472307,0.0814295885973812,0.9584207903643466,0.031608583009627524,0.07344122569065244,0.07663001960485592,0.008507560118992785,19.645080674766746,0.0011380037720116754,0.02312345826622142
21,alpha_refc,A,val,Refined,7,-0.898178990321485,-0.8571428571428573,-0.9706062145771769,-0.6516356507815285,-0.6071428571428572,-0.009739205526680068,-0.9834602227591718,0.9834601606859207,0.12860730661233566,0.3617326631207052,0.36160416421419056,0.06577960011134579,-0.27965382922331194,-109.65471581519125,-0.02195007878313593,-0.051058082161262064
21,alpha_refc,A,test,Refined,13,-0.28182503921708274,-0.17032967032967034,-0.2152589728261457,-0.15723574259044895,-0.03846153846153846,-0.00497263115089065,-0.9095114779026418,0.8960838296928612,0.3223603113088502,0.2920735284676133,0.2456981275598877,0.12303632717835958,-3.1666962860431003,1015.6179559427567,-0.43870424147085085,0.5471958895077247
21,alpha_refc,A,all,Refined,39,-0.7212074238062891,-0.8139676113360325,-0.7076943499762941,-0.2955933958843273,-0.33078017288543604,-0.005361962696072832,-0.9621195880385188,0.9617459175017492,0.19558650898835236,0.3356543691692077,0.34514236616415966,0.09416370409666451,-0.17760845014740312,73.02236679363318,-0.03108585105817885,0.059295931934697954
21,alpha_win,A,train,Scrap,21,-0.13656177472003425,-0.16493506493506493,-0.050791790981438885,-0.039852333107593244,-0.003007518796992481,-2.646904249242192e-06,-0.10375858785371622,0.10300651528186956,0.9470973998053899,0.02744961949185758,0.030973109924300614,0.039196734925860136,-0.0002246733448476937,-73.86169287881285,-0.003351146004697547,-0.012581751171937938
21,alpha_win,A,val,Scrap,7,-0.44571940125922,-0.42857142857142866,-0.7564403694239108,-0.5432227239786797,-0.4642857142857144,-9.288849280776504e-05,-0.8372489237244961,0.42446522279058363,0.7586400841040607,0.25230414335273876,0.06869759445982095,0.19837638962061568,0.09452687034568158,-498.9750798915916,0.4125605974977413,-0.09127333323074005
21,alpha_win,A,test,Scrap,13,-0.6863132504382522,-0.1868131868131868,-0.6637000448194131,-0.5643776910128794,-0.24175824175824176,-0.00010119476431443487,-0.8528194632999516,0.8498574702140166,0.38748229609361956,0.5107228350843789,0.4698255098797835,0.26889535551146115,0.06707042263536364,2838.471842946501,0.2742371113917188,0.49559718279964926
21,alpha_win,A,all,Scrap,39,-0.5286366812056679,0.0006072874493927126,-0.5236807158383756,-0.5595050163451565,-0.13119597330123647,-5.074583637281176e-05,-0.5378923126841685,0.5338413665900306,0.6827581075388043,0.33350063352921916,0.3771942488546101,0.34375916327089967,0.002527459293337364,2.654041425597825,0.025984970328277512,0.0034199412416118236
21,alpha_dr,A,train,Scrap,21,-0.1596733965330607,-0.2350649350649351,0.08273781582469956,-0.12279346768021941,-0.05263157894736842,-1.6258363047977937e-05,-0.0017334467387640003,0.0015294730532148752,0.9992349708385837,0.05162463080670693,0.030973109924300614,0.06015723204277876,0.00036379798511720907,-73.86169287881285,0.0007078943933358506,-0.012581751171937938
21,alpha_dr,A,val,Scrap,7,-0.19699612187648136,-0.42857142857142866,-0.009702517831159404,-0.146381185032018,0.14285714285714288,-3.330059730928295e-05,-0.0984462902473061,0.09196002569293137,0.9529113150273055,0.09979616917138869,0.06869759445982095,0.11545036693943284,0.025130753690985275,-498.9750798915916,0.05661527843843123,-0.09127333323074005
21,alpha_dr,A,test,Scrap,13,-0.8445260095260629,-0.8791208791208791,-0.8204759893695326,-0.7863484248522781,-0.8956043956043955,-0.0004552660168897312,-0.957416503913781,0.925016455158318,0.27383123423320793,0.6117171192640716,0.4698255098797835,0.21121138356987873,-0.3914782182179989,2838.471842946501,-0.604062652935343,0.49559718279964926
21,alpha_dr,A,all,Scrap,39,-0.8360157829693571,-0.6862348178137652,-0.8247580513052379,-0.7124996022511075,-0.5384615384615384,-0.00032260589768777297,-0.9669317677637872,0.9401121314661998,0.2447199798418597,0.47869351821843226,0.3771942488546101,0.14914332348860682,-0.005951674038767507,2.654041425597825,-0.016156512706801296,0.0034199412416118236
21,alpha_cc,B,train,Concentrate,21,-0.3518126959692215,-0.13636363636363635,-0.47177683082062555,-0.21531557240340132,-0.0631578947368421,-0.0007278517517142802,-0.481189865330521,0.3135846475043787,0.8285018723549279,0.03415201930921632,0.012656541947548906,0.030175540432938984,0.006942009967981111,-0.32980889189775553,0.0026824821786300967,-0.001190499506123821
21,alpha_cc,B,val,Concentrate,7,-0.729803794360234,-0.9285714285714288,-0.20525995715110656,-0.8551200310725162,-0.7857142857142859,-0.0016502581213600246,-0.1940731854061307,0.15519274136505803,0.9191339720818408,0.06154725465469552,0.030751899369145345,0.06323844702538069,0.020005197719991763,-24.29574559848743,0.003664191728331323,-0.0023747411873191737
21,alpha_cc,B,test,Concentrate,13,-0.8538312277208826,-0.7747252747252747,-0.6660582282978107,-0.8798791973334035,-0.8681318681318682,-0.00175091435091692,-0.6730863810479446,0.6663375572378746,0.5776352159989256,0.09052894379069013,0.07852870620047649,0.06922530273065987,0.37530915418127275,-95.77893769445927,0.0633541043042154,-0.07158193159443105
21,alpha_cc,B,all,Concentrate,39,-0.8432513462336279,-0.6253036437246964,-0.7106706352814399,-0.8505628682214786,-0.7290732027574133,-0.0017088171097813624,-0.6794690624399461,0.6722226704154336,0.5725184098215239,0.06177862717663484,0.0533491217073717,0.04673212009182476,0.04354128473637475,-4.1926452553683475,0.008291993919491869,-0.0016423738276030164
21,alpha_refc,B,train,Refined,21,-0.10637798906378537,0.04155844155844156,-0.18830954139508152,-0.10240754933845424,-0.34586466165413526,-0.0023013212853633213,-0.167260139685591,0.10766808485059846,0.9446332172591654,0.0851357157497465,0.03104535385244292,0.08560224357736045,0.06596307747154562,11.854079482778843,0.00806043578351634,0.0012404304138842193
21,alpha_refc,B,val,Refined,7,-0.23002686518299348,-0.10714285714285716,-0.28287018444064693,-0.42012704993999705,-0.5357142857142858,-0.003180050396064981,-0.2478924151723478,0.22900173312260647,0.8780650698424312,0.14968107617796242,0.09998974681547414,0.15805750289985945,-0.3278566704610437,21.861070971684512,-0.04590925228268361,0.02618101656614602
21,alpha_refc,B,test,Refined,13,-0.5737979572863015,-0.6318681318681317,-0.5013055809249186,-0.43187424317920736,-0.46153846153846156,-0.008014152128078942,-0.8406532397877826,0.8208121701177467,0.4233058349258291,0.30168113282320586,0.242241758935361,0.163777555801873,-1.521781244077335,438.75471050902956,-0.20645872428085443,0.25541103499730156
21,alpha_refc,B,all,Refined,39,-0.7168738094969492,-0.5955465587044535,-0.6790707561986528,-0.460904461303203,-0.5161396214027792,-0.007604446235817239,-0.8631078015004308,0.8532141839199612,0.38312637090135004,0.2448563295738193,0.21029917494787606,0.12366163476634985,-0.31227083649094567,25.973365190573418,-0.04288805342663471,0.02618101656614602
21,alpha_win,B,train,Scrap,21,-0.2392475063935207,-0.28181818181818186,-0.4241977307877649,-0.05862868580083141,-0.04060150375939849,-2.2288516755629604e-05,-0.5671558468544111,0.2883597693273968,0.8435877136804466,0.05685682422277741,0.015532613815714438,0.04972132428881895,-0.001387317975863528,-0.6299678643595144,-0.014298274695782265,0.001522262850123468
21,alpha_win,B,val,Scrap,7,0.1659550044565022,0.3571428571428572,-0.3398835733714535,0.1380657941530886,0.10714285714285716,9.756327581265314e-05,-0.3913297755937777,0.06024546696328443,0.9694093732973266,0.14827293891348148,0.011481796342427643,0.14416749071615467,0.012871013434261891,8.410620108714738,0.06722453986818988,0.0007018455554064218
21,alpha_win,B,test,Scrap,13,-0.6624785621201771,-0.41208791208791207,-0.6442103361803355,-0.393686347886001,-0.09890109890109891,-8.251607273760699e-05,-0.8806136109792979,0.8806105635375496,0.34552776511078,0.49962239941939646,0.5009385450132939,0.24446229005702083,-0.03202889734708228,4027.0025138823958,-0.16154256105721365,0.642332638825291
21,alpha_win,B,all,Scrap,39,-0.6563296061675729,-0.6080971659919029,-0.6510438947535478,-0.47671198407171983,-0.11303206040048144,-5.2874645012471164e-05,-0.867820952350945,0.8452447513988246,0.39338943631111317,0.3321887856413817,0.41834994391849667,0.2101473204997657,-0.005678259616565082,42.457977072676385,-0.03623323673747225,0.009169865243190856
21,alpha_dr,B,train,Scrap,21,-0.07796424593007757,-0.22987012987012984,-0.1514966816368155,0.20004820677114546,0.19999999999999998,-2.0430887598544047e-05,-0.19407336739656592,0.0839675483709767,0.9570958424468384,0.06826664057951758,0.015532613815714438,0.06700762108057136,-0.00825806210215102,-0.6299678643595144,-0.025380539386031353,0.001522262850123468
21,alpha_dr,B,val,Scrap,7,-0.13376250056468575,-0.10714285714285716,-0.12617336038796761,-0.2536529130335479,-0.21428571428571433,-0.00014316497065242824,-0.3240242516206637,0.07957867601295135,0.9593859098334979,0.0920700823825264,0.011481796342427643,0.08901494394185036,0.0168418609544137,8.410620108714738,0.043705627748652165,0.0007018455554064218
21,alpha_dr,B,test,Scrap,13,-0.7820940000283801,-0.8791208791208791,-0.7545032039861338,-0.6411040905776618,-0.8461538461538461,-0.00035402875665346573,-0.9382579677670044,0.9216242442437417,0.27995670336010586,0.6055818484875068,0.5009385450132939,0.2200233148852297,-0.4443112386557359,4027.0025138823958,-0.7227925651180755,0.642332638825291
21,alpha_dr,B,all,Scrap,39,-0.8049917439468565,-0.6933198380566802,-0.7945027777634651,-0.6636696188221192,-0.5599080862238756,-0.00025323727659676005,-0.9640609639096109,0.9509506699641442,0.22147083337508758,0.49382409066354754,0.41834994391849667,0.14333781709051407,-0.012530735021452966,42.457977072676385,-0.031553698352099646,0.009169865243190856
22,alpha_cc,A,train,Concentrate,21,-0.2195035307263559,-0.20649350649350648,-0.07565585877905358,-0.3558984605398358,-0.38646616541353385,-8.17552749133048e-05,-0.05936540128314839,0.03914981099407305,0.9802296613579529,0.009987616914354765,0.02652971584398528,0.027787018106719994,0.001410128424998991,10.987950903325782,0.0004953948442478762,0.003066460820084771
22,alpha_cc,A,val,Concentrate,7,-0.9564400587938033,-1.0,-0.9323578216940626,-0.8618577535637573,-0.9285714285714288,-0.002679225109883383,-0.9230565022337048,0.9058981633061599,0.30676022671435116,0.20350077405479788,0.16756046999190352,0.08086439077483162,-0.36484679205538306,146.21991776537106,-0.06929503586378072,0.05240292298734861
22,alpha_cc,A,test,Concentrate,13,-0.8799951944480321,-0.8021978021978022,-0.8228489412507491,-0.684691580449508,-0.6813186813186813,-0.0022137772051728437,-0.8014408410688428,0.7990101892683321,0.4483188717103797,0.17447729932902173,0.18862782444845608,0.11519508187303401,-0.539199561748112,132.6201627245846,-0.08965351567144486,0.06670272928963072
22,alpha_cc,A,all,Concentrate,39,-0.8710767591492894,-0.7161943319838057,-0.7987128673018764,-0.7185687775280893,-0.604989604989605,-0.0020845583260006417,-0.7836639917443343,0.7834615556098196,0.4653369149231344,0.11488635377081143,0.11752787949163067,0.07647918973007886,-0.013380487744459657,60.31067953239244,-0.004646010411883061,0.025695689227246632
22,alpha_refc,A,train,Refined,21,-0.02819790309815272,0.01818181818181818,-0.15212108998425797,-0.026313471333801287,-0.13383458646616542,-4.9368678923294685e-05,-0.2186671148268908,0.12948009622528117,0.9330165613614363,0.02400231857301198,0.07320030995403555,0.0718749638040028,0.0050708077230012805,20.583674173464374,0.0008979059728853045,0.011775782446465044
22,alpha_refc,A,val,Refined,7,-0.9223610865922048,-0.7857142857142859,-0.9764762422001169,-0.8080633937999575,-0.4642857142857144,-0.007472312930916179,-0.9550661245712292,0.9479027156067193,0.22824829548822623,0.4073726442978493,0.4606281035042532,0.14035520550698036,-0.3041808123466305,127.48243771773537,-0.04252242162978237,0.028990046293192684
22,alpha_refc,A,test,Refined,13,-0.7973079462807009,-0.9230769230769231,-0.8369493427280503,-0.36757395124856135,-0.43956043956043955,-0.013397411525442651,-0.9627505478828746,0.9627498955705136,0.19300286119507767,0.33282649837573486,0.3332141635038251,0.09089700354289042,-2.3137463603360846,549.5515019650711,-0.35495207191079703,0.33429027894064944
22,alpha_refc,A,all,Refined,39,-0.8325802016413372,-0.7080971659919029,-0.8562628906084504,-0.5102753398950833,-0.4629609366451471,-0.008792517599008997,-0.9570125514911265,0.9569736895754394,0.20742784389893412,0.2997737163108306,0.2970842648997489,0.08754421844265989,-0.11975648030202812,106.73622013916815,-0.017744346725855786,0.0899252669754178
22,alpha_win,A,train,Scrap,21,-0.27291723422415143,-0.24675324675324672,-0.03836693871187478,-0.206399676335283,-0.20300751879699244,-9.98146402404096e-06,-0.16583493849539852,0.1329493807589328,0.9311555290288874,0.06247101297532706,0.031346227871601066,0.06508246583401366,-0.0005150599965727809,-25.883908111347864,-0.003197702652865342,-0.009189678326391615
22,alpha_win,A,val,Scrap,7,-0.9377515580448104,-0.8928571428571429,-0.9456291657278924,-0.39355826547125283,-0.1785714285714286,-0.00018293211354834574,-0.897024612120047,0.7417206415138025,0.5082119228099607,0.33345853201001635,0.1764763732961336,0.19173705228104043,0.15410308219456215,-1206.9815476634335,0.6233673027304103,-0.2586563512792477
22,alpha_win,A,test,Scrap,13,-0.8963312669911919,-0.7252747252747254,-0.883407654023903,-0.7401401598040804,-0.5879120879120878,-0.0002533793855963877,-0.9356696704805949,0.8226131427931336,0.4211731914626884,0.5558655460614137,0.3309841711833869,0.27247562794046154,0.2877042450096118,-2096.881467046973,0.8255150777515068,-0.7636657268196778
22,alpha_win,A,all,Scrap,39,-0.8287139240319847,-0.8659919028340081,-0.7634461325652762,-0.7116541478215427,-0.45661450924608815,-0.00015962878922962885,-0.9104950797919488,0.8808132835310682,0.34523429213931184,0.4506486923805441,0.347861211995643,0.19653860077734348,0.00575733169010198,-240.29268542999444,0.07663657902712995,-0.052021082242099226
22,alpha_dr,A,train,Scrap,21,-0.2517445456585295,-0.2909090909090909,-0.004615785451733882,-0.20761479491869117,-0.22556390977443608,-2.8279861028099705e-05,-0.12110114347428586,0.10346295492517889,0.946856401507019,0.05575774661158351,0.031346227871601066,0.06056560373165688,0.003360610622008736,-25.883908111347864,0.010986110361337564,-0.009189678326391615
22,alpha_dr,A,val,Scrap,7,-0.8530589761734423,-0.8571428571428573,-0.8799935938358341,0.14195631628862174,-0.07142857142857144,-0.0003004627098973298,-0.6823630364697109,0.6821808852535786,0.563754480910282,0.1806019605594466,0.1764763732961336,0.14235328496017663,0.30530516598008733,-1206.9815476634335,0.3996913949597791,-0.2586563512792477
22,alpha_dr,A,test,Scrap,13,-0.918572453654126,-0.8736263736263737,-0.8971967731957361,-0.7769929599549944,-0.7197802197802198,-0.0007789485943957197,-0.925684601090692,0.8727708342332278,0.3566919760336251,0.4680388215806769,0.3309841711833869,0.2044722122684498,0.8394836365177903,-2096.881467046973,0.6390737883620258,-0.7636657268196778
22,alpha_dr,A,all,Scrap,39,-0.842490297381574,-0.8811740890688259,-0.7751763065759625,-0.7373585516029558,-0.6564175511543933,-0.0004833827559711817,-0.9112835610738537,0.9091597185044676,0.3013972154740856,0.3724649898534134,0.347861211995643,0.15360545538747986,0.015839594143976454,-240.29268542999444,0.07039606414983468,-0.052021082242099226
22,alpha_cc,B,train,Concentrate,21,-0.022104831045893968,0.012987012987012986,-0.14003648178228015,-0.013990577146432318,0.05864661654135337,-3.0187870332480158e-05,-0.11658406623450807,0.09587976929551117,0.9508523706151701,0.026615860959864703,0.013951917541715516,0.028574024353089467,0.0008795328811328496,1.0889130739944903,0.0003922276661516566,0.0005021636955486741
22,alpha_cc,B,val,Concentrate,7,-0.39699105895182296,-0.42857142857142866,0.10482465700225893,-0.6844930124905613,-0.8214285714285715,-0.0006436064813850142,0.08798601692946409,-0.07064949441633796,1.0347219406276924,0.03538281683308351,0.01780110532332045,0.0409836508262625,0.031189191890097057,-29.94988237845041,0.008183913026031941,0.005230098010010842
22,alpha_cc,B,test,Concentrate,13,-0.8576485580241872,-0.8076923076923077,-0.8987285495603593,-0.6887757547031572,-0.5989010989010989,-0.0015289412902027818,-0.7912090128959776,0.7729124638450695,0.4765370249570651,0.12274462052430016,0.15251557560708948,0.09329329614520518,-1.2839739701493773,434.12836228867536,-0.22840484067702493,0.1994387542143965
22,alpha_cc,B,all,Concentrate,39,-0.9263536150490732,-0.6360323886639676,-0.9470875741369083,-0.6662725698834372,-0.4356056461319619,-0.0019079046177630657,-0.8965025021120212,0.8964859115137919,0.3217360540663856,0.1302082558717853,0.1310028290201224,0.05942625271333571,-0.029000679162756615,16.871396732816493,-0.0103646719960091,0.005230098010010842
22,alpha_refc,B,train,Refined,21,0.1767765384632495,0.23636363636363636,0.029205642624758648,0.021387399664427927,-0.10375939849624059,0.004705830401977104,0.03234589378272441,-0.014199511993130458,1.0070747300936165,0.07983938050435181,0.01846131449216386,0.0825257451937955,0.07227535753610681,-3.1976223037203226,0.018498207901185282,0.0009587505577117739
22,alpha_refc,B,val,Refined,7,0.17969922850699033,0.21428571428571433,-0.114072961781102,-0.07340808896284909,-0.07142857142857144,0.0034381957813680018,-0.05245988443756844,0.03911904311007588,0.9802453554544005,0.12680782692664633,0.05674882332852761,0.13618234395955855,-0.4505812183018101,-16.210690412218355,-0.025787645237060453,-0.00553518838209488
22,alpha_refc,B,test,Refined,13,-0.7813230388823769,-0.7087912087912087,-0.8253141498552843,-0.5645435591967719,-0.47802197802197804,-0.010621978630715411,-0.956565817186119,0.9228421033806784,0.2777731027643273,0.3815606431986192,0.2914128444868526,0.1333629051255864,3.205211028195749,-434.3909232105299,0.2536312664452285,-0.2766895652950909
22,alpha_refc,B,all,Refined,39,-0.739170564206628,-0.4844129554655871,-0.7691352083655919,-0.5415704378329269,-0.3417222890907101,-0.008906975888448566,-0.8985405610050697,0.8741809593772041,0.3547097977541583,0.23923412716535172,0.18903133377726794,0.10815206595782716,0.2849167964347039,-8.582761786972355,0.04612781379518327,-0.007245883059309399
22,alpha_win,B,train,Scrap,21,-0.5963738812198361,-0.6857142857142857,-0.5915131851016886,-0.4487378236402399,-0.4827067669172932,-4.224026398783368e-05,-0.639695554880444,0.303486191254598,0.8345740283194786,0.08457970877042824,0.02134053561826434,0.07280024025017429,-0.002549301848898927,22.319075123767107,-0.026433524619359883,0.005482697582882778
22,alpha_win,B,val,Scrap,7,0.1394023798312802,0.28571428571428575,-0.21229743085197697,-0.11519630282747378,0.0,6.157679549953157e-05,-0.2317733345362529,0.045628142455408124,0.976919575781237,0.1382713936881458,0.013744914635250483,0.13574578201133816,0.002086744876865193,-19.947516789958172,0.01030226682857549,-0.001906614090840364
22,alpha_win,B,test,Scrap,13,-0.8800705681660905,-0.6428571428571429,-0.8453308924977391,-0.6989487103801241,-0.48901098901098894,-0.00027629463220154015,-0.9422268075164528,0.7809694434247,0.4680070048357182,0.5568189102235384,0.2959493364966479,0.29511666317873847,0.05131941729389072,-659.5864823279903,0.20170112120583528,-0.21535528381728852
22,alpha_win,B,all,Scrap,39,-0.7520955916527636,-0.6997975708502026,-0.6470791254273108,-0.7008241909554872,-0.4154721523142576,-0.00022286306387340576,-0.8753938709297948,0.7309348492176172,0.5187149031812974,0.32420285288157363,0.17461479261399665,0.19100954610837986,0.0007786835008081194,-16.933633878857563,0.007067313507286954,-0.006064702999122318
22,alpha_dr,B,train,Scrap,21,-0.19532237087758061,-0.2545454545454545,-0.2569787599257742,-0.07531664605720675,-0.16541353383458643,-4.9725833727750164e-05,-0.3146780570287195,0.15459254961794267,0.9194604126236525,0.0812752720895938,0.02134053561826434,0.07726251787391951,-0.003543054336707152,22.319075123767107,-0.019912829630926443,0.005482697582882778
22,alpha_dr,B,val,Scrap,7,-0.7998561902808308,-0.7142857142857144,-0.5558456999367403,-0.7076985828339455,-0.5714285714285715,-0.0009355298963980151,-0.7332132419078975,0.15267375941623118,0.9205032539778275,0.13057257848104775,0.013744914635250483,0.12085657699082127,0.03315941437636022,-19.947516789958172,0.07981618539484037,-0.001906614090840364
22,alpha_dr,B,test,Scrap,13,-0.8915029387339013,-0.7637362637362637,-0.836844903077076,-0.7988018794675719,-0.8076923076923077,-0.0008824240041392144,-0.8912830970676946,0.8155660490483922,0.42945774058876596,0.4538778049776635,0.2959493364966479,0.23269757476982458,0.11562316104745973,-659.5864823279903,0.125726628088308,-0.21535528381728852
22,alpha_dr,B,all,Scrap,39,-0.7575364740973805,-0.45688259109311746,-0.6322166691603093,-0.7942204615621752,-0.6452565926250137,-0.0007082127597618408,-0.8221020075422771,0.755866114280562,0.4940990646818085,0.264600891950918,0.17461479261399665,0.15664106023960223,-0.002772658031369099,-16.933633878857563,-0.013401209620277799,-0.006064702999122318
23,alpha_cc,A,train,Concentrate,21,-0.17930976948358482,-0.17662337662337665,-0.08671176687522605,-0.32348583773803036,-0.30225563909774433,-1.4878398003840482e-05,-0.05956658572251299,0.010720392813376774,0.9946253602169126,0.0023809320183076172,0.026242714658447942,0.026208876680556777,0.0007469399545709798,4.201446077627224,0.00031881938738897997,0.000900230368262811
23,alpha_cc,A,val,Concentrate,7,-0.9959701406312679,-1.0,-0.9653139271617243,-0.9713243867632275,-0.9642857142857145,-0.0015757426208939365,-0.9569209554263806,0.9561036843924521,0.2095144758902065,0.2219461308312691,0.2313146492148356,0.06716452186625048,-1.857210075888637,1169.8297736626687,-0.4277814518976122,0.38586168495357853
23,alpha_cc,A,test,Concentrate,13,-0.8434210982218171,-0.6978021978021978,-0.9586528633832611,-0.8117461098067357,-0.8901098901098902,-0.0015901531585157634,-0.9370889882118963,0.9318584559260548,0.2610393534966428,0.12602358247589715,0.14010224586339348,0.04919091310175321,-2.0168802631010787,1302.4683353238752,-0.4654666219340531,0.47507584638008815
23,alpha_cc,A,all,Concentrate,39,-0.978625837557527,-0.8473684210526317,-0.9865332162649775,-0.8385331340994626,-0.7737170368749317,-0.0016492637287007998,-0.9847209284034655,0.9847208368035156,0.12360891228582321,0.25772059677625636,0.2576094590470632,0.04504227002530795,-0.010187974256274046,107.18204053577938,-0.004212207093867826,0.04342865854808231
23,alpha_refc,A,train,Refined,21,0.17225909902383713,0.1935064935064935,0.018591951201876223,0.17311423235900303,0.22255639097744356,9.880549900519217e-05,0.005439718751383946,-0.001282045304401145,1.0006408173287762,0.00896201482585497,0.07498048361168923,0.07556256583464954,0.015023941735658575,2.730904247507681,0.001926342878757037,0.008966208383475838
23,alpha_refc,A,val,Refined,7,-0.9497708321210879,-0.9642857142857145,-0.9792032383292884,-0.835700970098358,-0.8571428571428573,-0.008081142221015076,-0.9680152243649492,0.9652744893013546,0.18634782182425805,0.44652081505734004,0.4814609435043701,0.12236476593883347,-0.2612963799070567,33.193820467413616,-0.03319191260759924,-0.051472146805335406
23,alpha_refc,A,test,Refined,13,-0.7473820558429575,-0.34615384615384615,-0.8611321378911468,-0.39012090054874415,-0.510989010989011,-0.01075331309565293,-0.9547512643461604,0.9547469901617324,0.21272754837648006,0.34080720052733776,0.33978894569067486,0.10237613010479596,-3.2135463384805334,854.3133552657234,-0.48117776473247065,0.5160456531390611
23,alpha_refc,A,all,Refined,39,-0.8433097468478836,-0.767004048582996,-0.8456174541495657,-0.5378739319616734,-0.4487361855782908,-0.006760296754871936,-0.9660969474163705,0.9659531165066708,0.18451797607097578,0.37651622642973975,0.37007454059010203,0.09741424391887211,-0.0778671519499623,80.08480180273875,-0.011626787785518955,0.09847349870627742
23,alpha_win,A,train,Scrap,21,-0.03326459769604816,-0.015584415584415586,-0.12623089800346435,0.1306837254952782,0.28421052631578947,-5.682887734190597e-07,-0.13803503129313677,0.13254983938849377,0.9313700449399832,0.02184257839505819,0.029094988504870422,0.03388467826346201,0.00017009086466404644,38.88662382822349,0.0011716033816595584,0.011576715662860337
23,alpha_win,A,val,Scrap,7,-0.6317870932579318,-0.7857142857142859,-0.6359873951558708,0.17116371042714384,0.14285714285714288,-7.633728014417768e-05,-0.6295481278624419,0.560759533126611,0.662752191149444,0.16389093986621817,0.10036473311047138,0.1273680047816137,0.011325838103496355,-650.5677699790567,0.0546820335789131,-0.14430910191181745
23,alpha_win,A,test,Scrap,13,-0.9174365514046562,-0.8186813186813187,-0.9151921553249922,-0.7292017657366745,-0.8296703296703297,-0.00020912034786167786,-0.9787333556359369,0.9394143796055391,0.2461414641917548,0.5241843498778136,0.3928850856985485,0.16124199656709123,0.09104997640797313,-1452.4540529743053,0.379841096104488,-0.4198410042608822
23,alpha_win,A,all,Scrap,39,-0.7779654434135131,-0.7366396761133603,-0.6967434050550869,-0.6974907559074168,-0.5071670861144545,-0.00014681394732575273,-0.9408154432306121,0.9262463462478914,0.2715762392995908,0.3177997323969406,0.26621067877176885,0.1125862185721721,0.0010718164871740127,-99.80758892163294,0.015925204020802664,-0.010211853374373803
23,alpha_dr,A,train,Scrap,21,-0.1827027418418047,-0.14285714285714285,-0.0632089546861287,-0.13182807623100343,-0.08872180451127819,-1.2178710463920479e-05,-0.1259572438714035,0.12593752628135715,0.9349130835102496,0.02961441609860055,0.029094988504870422,0.03881333070989572,0.002280033738324916,38.88662382822349,0.0055836601250141005,0.011576715662860337
23,alpha_dr,A,val,Scrap,7,-0.8789475813379484,-0.9285714285714288,-0.8263810976993735,-0.21502482940063988,-0.4642857142857144,-0.0004682398139798709,-0.87959202134973,0.8092575288508344,0.4367407367640047,0.1518315604986187,0.10036473311047138,0.07948909664747955,0.149290394036099,-650.5677699790567,0.2588123752558458,-0.14430910191181745
23,alpha_dr,A,test,Scrap,13,-0.9217690248890967,-0.7912087912087913,-0.8908987723452355,-0.7629023933332683,-0.7087912087912087,-0.0008008553677194184,-0.8364158125175335,0.7504102783255974,0.4995895532078334,0.6313311714063135,0.3928850856985485,0.3714937095952938,0.18320975496367464,-1452.4540529743053,0.19243287244591417,-0.4198410042608822
23,alpha_dr,A,all,Scrap,39,-0.6741724716583359,-0.5510121457489878,-0.5442894148591758,-0.7470142138312776,-0.46055367107998685,-0.0004946105908256714,-0.648146619516011,0.6153329920563663,0.6202152916073851,0.3684967741641257,0.26621067877176885,0.2819477146244239,0.005139023844835944,-99.80758892163294,0.01850130403042094,-0.010211853374373803
23,alpha_cc,B,train,Concentrate,21,-0.22452285972638933,-0.13116883116883118,-0.4628893855903213,-0.07008022967198532,0.07969924812030074,-0.0005072365797323912,-0.4614088111603992,0.28764943711446084,0.8440086272577664,0.03356274705191066,0.011742324819054024,0.030010888693990084,0.007203801210718286,0.756066866532592,0.002208374176732919,0.00012229797888174687
23,alpha_cc,B,val,Concentrate,7,-0.6121230296826489,-0.7857142857142859,-0.2253067899458385,-0.8451407069009752,-0.8214285714285715,-0.001054717788857054,-0.21625223630329335,0.1913755103940118,0.8992355028611738,0.042019636516570945,0.02537144179170152,0.04413918246608121,0.002081253133357386,-4.757730858339983,0.0005172369473891436,-0.006783272560809017
23,alpha_cc,B,test,Concentrate,13,-0.8975519454691018,-0.8791208791208791,-0.8526095316333884,-0.8397781863222056,-0.8021978021978022,-0.0024563935214103397,-0.8466437048424622,0.8392555820631369,0.4009294425916649,0.13799206540288392,0.12085655321393766,0.07354418340386071,0.48582858289235986,-173.191938576854,0.07147535459569121,-0.05097838399474863
23,alpha_cc,B,all,Concentrate,39,-0.8850884550444286,-0.6819838056680162,-0.8559875964983161,-0.8125459473901375,-0.6807090491301018,-0.0023713216859469885,-0.8263358329421904,0.8162260096887265,0.4286886869410872,0.08724096835055481,0.07454809145822418,0.04919359959159884,0.00839106493075592,-1.5885199127121723,0.002812441128947407,-0.00046976193111625264
23,alpha_refc,B,train,Refined,21,0.04794781858232162,0.0025974025974025974,0.13065331931547752,-0.2525114644707927,-0.3233082706766917,0.000827626221625763,0.08037063735328226,-0.04931269691613035,1.0243596521320675,0.08467972940458657,0.029031822907548206,0.09169880464595942,0.1126769407195809,3.327118896609136,0.012085270963616335,-0.0009443368836574706
23,alpha_refc,B,val,Refined,7,0.14223789697660358,0.07142857142857144,-0.2551981576960294,0.047390729485579965,0.0,0.002130604681131451,-0.15520554814477616,0.15028517979957598,0.9217997722935409,0.10558090677878107,0.08180015952175401,0.12311668315568661,-0.618897850193715,-1.232164752191693,-0.06929668325916483,0.013636925524886045
23,alpha_refc,B,test,Refined,13,-0.8654842275093717,-0.7802197802197801,-0.8631075957370061,-0.6006263718880114,-0.4230769230769231,-0.012126602866294125,-0.9426350137215185,0.9330621762144458,0.25872345039743533,0.33788169977045024,0.29282431774627943,0.11567864392435531,0.4011873565513788,-71.41491253177128,0.046782590269921265,-0.021057973893100268
23,alpha_refc,B,all,Refined,39,-0.8051698714705244,-0.5060728744939271,-0.7944375124677081,-0.5828002886582418,-0.2668782142466353,-0.011653792191913767,-0.8634435513842897,0.8475296868853004,0.3904744717836232,0.20558789565334937,0.16942126155935142,0.1040231224114684,0.1873017398955792,0.1967109341894684,0.015898732508227598,-0.0027879529621746
23,alpha_win,B,train,Scrap,21,0.01887663741688996,0.02857142857142857,-0.34007054257293856,0.3278353521970358,0.3984962406015037,9.269585395876922e-07,-0.34078782633168986,0.2711355665405024,0.8537355758427182,0.035545498080267864,0.017611425712765093,0.03386699999624484,5.4014106797353745e-05,1.6206925601959483,0.000537795057132584,0.0006118771390575262
23,alpha_win,B,val,Scrap,7,-0.30761130088618094,-0.07142857142857144,-0.08784536999392703,-0.3466318539533469,-0.3571428571428572,-0.00014504707751300975,-0.06630881885717314,0.01215443668696188,0.9939042022816074,0.11608184750390965,0.010729825802426521,0.115866061355735,0.00043535593318533294,-24.12175497942826,0.002235186574864212,-0.004425628938896864
23,alpha_win,B,test,Scrap,13,-0.8986917190961038,-0.8241758241758241,-0.8936405600863152,-0.6953640655302477,-0.8296703296703297,-0.00020314582654605104,-0.9637249919759988,0.9147149505572092,0.29203604134214456,0.5272106523956308,0.38057859974405633,0.18988881878385744,0.03038939432711346,-168.51374583456254,0.15396381332617182,-0.05951694984781675
23,alpha_win,B,all,Scrap,39,-0.8856697214539477,-0.5846153846153846,-0.8634901749657387,-0.7055873099232715,-0.4787175839807419,-0.0002027399567237778,-0.9481161199995156,0.8958043082554958,0.32279357450932045,0.30136916032181116,0.21448241078279515,0.11940137171538309,0.00043535593318533294,-13.51465061657268,0.005071846322028506,-0.0016274915044256488
23,alpha_dr,B,train,Scrap,21,-0.06212945368110637,-0.1883116883116883,-0.27809508194193927,0.19300047499645162,0.18496240601503755,-1.6382414077844695e-05,-0.3524649317849943,0.17063256864355342,0.9106961245972481,0.06821048660819105,0.017611425712765093,0.06415615239964921,0.004464022733587536,1.6206925601959483,0.012642850521285443,0.0006118771390575262
23,alpha_dr,B,val,Scrap,7,-0.41010747683565457,-0.42857142857142866,-0.5062660148314572,-0.2362969496166219,-0.21428571428571433,-0.00038968715259423553,-0.5971084294838632,0.14601794377814445,0.9241114955576819,0.08642238108350256,0.010729825802426521,0.0804770979249397,0.02311009401457853,-24.12175497942826,0.031023897225923858,-0.004425628938896864
23,alpha_dr,B,test,Scrap,13,-0.9184890389495889,-0.7637362637362637,-0.8883769266696208,-0.7786245395198939,-0.7527472527472527,-0.0007665529054460503,-0.8352974317344609,0.7424631860318589,0.5074808508388677,0.6243396289817252,0.38057859974405633,0.37106534905364563,-0.11191781884736263,-168.51374583456254,-0.1388301947856625,-0.05951694984781675
23,alpha_dr,B,all,Scrap,39,-0.862243532246051,-0.31943319838056683,-0.799282369033323,-0.7858762652482326,-0.4069373016741437,-0.0007722144586704599,-0.7515894686925717,0.6249659480498203,0.6124002383655477,0.4012196597596766,0.21448241078279515,0.2786117693803466,0.0013537683564811276,-13.51465061657268,0.00973633349261066,-0.0016274915044256488
24,alpha_cc,A,train,Concentrate,21,-0.15171097904926564,-0.1883116883116883,-0.207238092004232,-0.03775300152145659,-0.03458646616541353,-1.7896166617661735e-05,-0.22514130256949832,0.05578604653368652,0.9717067219415092,0.003282859573285174,0.026084767093561122,0.025546689780990676,0.0014098555864854312,6.008359841478978,0.0005623755856083434,0.008302272690740686
24,alpha_cc,A,val,Concentrate,7,-0.9764302063791054,-0.9642857142857145,-0.8487198798252029,-0.9556346990786134,-0.9642857142857145,-0.0017013941182667568,-0.8113120645917393,0.8111157937260695,0.4346081065441953,0.10425293597954768,0.10657175413562289,0.06479336913658953,-0.26774143788307914,196.1938693596935,-0.06326622521291081,0.033051955512165776
24,alpha_cc,A,test,Concentrate,13,-0.8167521481507086,-0.7527472527472527,-0.7529501503088664,-0.7097426668652348,-0.6483516483516483,-0.0016403026416509407,-0.6836625316437394,0.6749084185056691,0.5701680291759008,0.08742188179565659,0.10268192370098421,0.07689062653699207,-0.4780201958211361,122.4706968957762,-0.09617576680657347,0.07415784377038115
24,alpha_cc,A,all,Concentrate,39,-0.8351049174124923,-0.7631578947368421,-0.7702408897672948,-0.7523044050859401,-0.6378159536054272,-0.001612791662591893,-0.7428914932510414,0.7400409762765264,0.5098617692311059,0.07135144021859381,0.07789485873735737,0.05385896759814418,-0.008763757380497506,70.44073407611381,-0.003243776441708812,0.020142245027386707
24,alpha_refc,A,train,Refined,21,-0.2897723632208166,-0.348051948051948,-0.16183676164389665,-0.47324838059351726,-0.4526315789473684,-0.0002471760392221254,-0.11401841806129104,0.042074227894925466,0.9787368247415004,0.014082031382582327,0.07362951378416382,0.0733700770210776,-0.006469678675903978,9.614121034283642,-0.0010711781641250528,0.018914829226383212
24,alpha_refc,A,val,Refined,7,-0.6168082848292982,-0.642857142857143,-0.8862694609561922,-0.49800459245449574,-0.39285714285714296,-0.008199080313394917,-0.9884330509248866,0.9697137069226013,0.17402957529511673,0.271273726527531,0.22295143250346652,0.06110811969130785,2.5827712714192703,-240.47918107260898,0.24638736033058484,-0.29647673365100324
24,alpha_refc,A,test,Refined,13,-0.6476039487376447,-0.5,-0.788941751192496,-0.3236881729322149,-0.2087912087912088,-0.008841218732353058,-0.9863129761974989,0.9734727909400852,0.1628717564831755,0.4009819041496777,0.3409291170893884,0.08572365434658379,7.760437685621362,-599.4491894047065,0.6556784556387636,-0.625119388991294
24,alpha_refc,A,all,Refined,39,-0.7943743733674392,-0.7728744939271256,-0.8775353973775498,-0.3469917120467233,-0.37389211073421597,-0.009524440930741262,-0.974048438074552,0.9739179272931315,0.1614994511039232,0.34280842212118573,0.3372420324783323,0.07766256607082334,0.09357543204913821,-55.600262179486265,0.012304651634915231,-0.04555216790274219
24,alpha_win,A,train,Scrap,21,-0.0010444197598076235,-0.10519480519480517,-0.07186504556058157,0.16876338307683025,0.20902255639097742,-2.09341807869201e-08,-0.14122693294296756,0.14049348939120285,0.9270957397209832,0.027983403550001024,0.025266388178358315,0.03495361491121968,0.00045089610382942347,1.4872537466260383,0.003946867728998438,0.0024930306099530952
24,alpha_win,A,val,Scrap,7,-0.8317107626440465,-0.7857142857142859,-0.667355519404577,-0.8324317337949413,-0.4642857142857144,-9.746489758693085e-05,-0.6068087523117502,0.5141958412598597,0.6969965270646191,0.16532554418165946,0.09150480179929806,0.13170406300871815,0.027150935256599257,-641.1571852261977,0.1368732801045076,-0.18427243899444612
24,alpha_win,A,test,Scrap,13,-0.9106068455558086,-0.7362637362637362,-0.9165341677488089,-0.7292240709143922,-0.521978021978022,-0.00020449011996823155,-0.9913728246815795,0.9233775267772507,0.27680764661177504,0.5793573698903585,0.3956269766374959,0.19419504844823565,-0.02334364308673892,-469.06756083844084,-0.10997840863787967,-0.1364941951490959
24,alpha_win,A,all,Scrap,39,-0.870989602376061,-0.3072874493927126,-0.8404892431115203,-0.7306836752788536,-0.34522376627639784,-0.00019647686288477013,-0.9138107505889596,0.8103754720132814,0.43545898542425165,0.3845592943952204,0.23324129877444724,0.1958536292442596,0.00012751697936932982,-81.28593996027894,0.0016029241992292498,-0.015106196563897
24,alpha_dr,A,train,Scrap,21,-0.16162123111118934,-0.15324675324675324,-0.1546504145649919,0.017515591994442158,-0.04360902255639097,-1.0268378133094619e-05,-0.24742909147872652,0.2469195959507507,0.8678020534944875,0.023694566153787712,0.025266388178358315,0.03005932578621196,-0.00047277966009642847,1.4872537466260383,-0.003010784614284834,0.0024930306099530952
24,alpha_dr,A,val,Scrap,7,-0.9412588286197104,-0.8214285714285715,-0.867428596447923,-0.7892726394505392,-0.7142857142857144,-0.0004295000849186178,-0.6706843122151699,0.5304218332383756,0.6852577374693586,0.1865102030898507,0.09150480179929806,0.1423608471019875,0.1317184400071963,-641.1571852261977,0.2852154476612053,-0.18427243899444612
24,alpha_dr,A,test,Scrap,13,-0.9304273521354778,-0.9175824175824175,-0.9179695753190165,-0.8340942022418856,-0.7307692307692307,-0.0007347056771880099,-0.9222366881392821,0.859462740721212,0.3748829941178821,0.5784680827142772,0.3956269766374959,0.2627247924943216,0.024752698827834374,-469.06756083844084,0.028265530157590563,-0.1364941951490959
24,alpha_dr,A,all,Scrap,39,-0.9087593573724654,-0.76417004048583,-0.8719706199410303,-0.8168844232844251,-0.5618776671408251,-0.0007024939883796417,-0.908008627423786,0.8254849151288381,0.4177500267757764,0.36342621075804327,0.23324129877444724,0.18039842832581818,0.0035021460414072503,-81.28593996027894,0.01078795270207955,-0.015106196563897
24,alpha_cc,B,train,Concentrate,21,-0.05547530892425843,0.2350649350649351,-0.2328960126336499,0.12340527364853812,0.4060150375939849,-7.123552317467104e-05,-0.24550463163392272,0.21786276243379146,0.8843852314270114,0.029997583239932773,0.01822064893604529,0.031039868671414592,-0.0033642678273926307,-0.7630869457821063,-0.0013432478844899176,0.0003366724119775455
24,alpha_cc,B,val,Concentrate,7,-0.5781193311422451,-0.642857142857143,0.24554289051802816,-0.815985452000641,-0.8571428571428573,-0.0009205819513836928,0.21251571047370682,-0.18487651276181666,1.0885203318091108,0.038433293474373374,0.022392062459181957,0.04841802195720782,-0.002181970293507085,-65.54059195364744,-0.0005425547864390534,-0.002650598616479094
24,alpha_cc,B,test,Concentrate,13,-0.8019854880221785,-0.7747252747252747,-0.610406254980983,-0.7505390005078069,-0.7307692307692307,-0.0017694959361796868,-0.6266885673958126,0.6265335920172483,0.6111189802180518,0.08650978038607811,0.08845544989458626,0.07561176541643273,0.24035886498720327,-53.920470036975075,0.04455891967399106,-0.02538730187011584
24,alpha_cc,B,all,Concentrate,39,-0.7438864607062535,-0.43825910931174095,-0.5850159652057879,-0.6997447715334312,-0.532771638034796,-0.0015617510532316154,-0.5596367342224494,0.5591134541545933,0.6639928808695216,0.056007810559352535,0.05363650961290753,0.051491566962091624,-0.002181970293507085,-2.1984855109678847,-0.0005425547864390534,-0.0016202071707462906
24,alpha_refc,B,train,Refined,21,0.030003446389170383,0.1753246753246753,-0.10518980998168047,0.00893582961968959,0.0,0.0007615018334358538,-0.08062146989213359,0.04331112813014327,0.9781047346117167,0.08143005311821308,0.023730307083938397,0.08296024102657648,0.12020954766392844,7.529104336218154,0.015850215483197427,-0.0003953185748226673
24,alpha_refc,B,val,Refined,7,0.003929976647630575,0.14285714285714288,-0.44069834233435407,-0.11238713965253276,-0.25,7.626780840615665e-05,-0.3393930433654757,0.27242456414029587,0.8529803255994267,0.1304359185801858,0.06558381953477996,0.12453152347005245,-0.48207828252081875,6.55233302039187,-0.06825588615314815,-0.01051010619124959
24,alpha_refc,B,test,Refined,13,-0.7512335898194717,-0.6593406593406593,-0.8252156699869847,-0.4601383443015261,-0.42857142857142855,-0.010025314991636431,-0.9793638888016946,0.9547142567221527,0.2128044719404347,0.36760522711992155,0.2930245445978513,0.10004005601161108,3.4136628117777565,-445.5988504061834,0.33716302159732603,-0.3590364803437849
24,alpha_refc,B,all,Refined,39,-0.7358273261556515,-0.4765182186234818,-0.7870546322104011,-0.4453605309359186,-0.38658496553233396,-0.00833030055681924,-0.9228991061808332,0.9117135076470146,0.29713042986706245,0.24207914926797272,0.20701263958418037,0.09464271076688109,0.19980282082393686,0.09637672849657974,0.03359226570976581,-0.002671148994021877
24,alpha_win,B,train,Scrap,21,-0.07045785239678985,-0.125974025974026,-0.22573814151888838,0.1386587647793186,0.060150375939849614,-3.553257455363649e-06,-0.38374248802727384,0.27061985050675785,0.8540375574254578,0.0424566332906866,0.017519599377020918,0.03922536089254454,-0.001217602952732072,-2.1360142532485042,-0.014450306559675496,0.000351054863248379
24,alpha_win,B,val,Scrap,7,-0.8324373671441756,-0.5714285714285715,-0.7624736089909872,-0.8289180578970698,-0.4642857142857144,-0.0002630425104521025,-0.7581101146108243,0.12378624262168698,0.9360629024687994,0.13014783781086187,0.010697225112065271,0.12223738010275625,0.0009181243345560974,-3.155755454366954,0.00494790239030074,-0.004585311312125029
24,alpha_win,B,test,Scrap,13,-0.8922896877558779,-0.6758241758241759,-0.8989715823832539,-0.6823912226162633,-0.45604395604395603,-0.00019006178671420853,-0.9931757682396295,0.9254563339735188,0.27302685953305256,0.5810030845298769,0.3972224301873222,0.19215936901693967,-0.047955938020523725,376.70204943491626,-0.25208545300549456,0.09352290230261495
24,alpha_win,B,all,Scrap,39,-0.9053934297163592,-0.64251012145749,-0.9104609643497767,-0.7110325454933821,-0.31458584090163033,-0.00017970451130487232,-0.9749177952069488,0.8672202064875559,0.36438961773415557,0.4123429596844847,0.25176659024212583,0.1760470037186639,-0.004260663816549215,24.525978366400523,-0.029309789298313182,0.0030836304146451
24,alpha_dr,B,train,Scrap,21,-0.08399778184952028,-0.2038961038961039,-0.26324135214214583,0.18385675213028133,-0.019548872180451125,-2.1099832702352783e-05,-0.36968737913670946,0.2046275251289121,0.8918365740824312,0.058012168984875705,0.017519599377020918,0.05404520891767759,0.0011497124721348562,-2.1360142532485042,0.004192109210694683,0.000351054863248379
24,alpha_dr,B,val,Scrap,7,-0.611183609639873,-0.642857142857143,-0.5393173800775874,-0.38109025755488496,-0.1785714285714286,-0.0006034812142126498,-0.4835552516998191,0.07332059554916426,0.9626418879577368,0.14028241170276215,0.010697225112065271,0.13543377780201588,0.006914841550312689,-3.155755454366954,0.018185936190286967,-0.004585311312125029
24,alpha_dr,B,test,Scrap,13,-0.9161110422969312,-0.9230769230769231,-0.9053954299448083,-0.7977255570478256,-0.7252747252747254,-0.0006797139575324452,-0.9119393217605769,0.8534691276416527,0.38279351138485523,0.5739682611483091,0.3972224301873222,0.2671956906195597,-0.24789108437684826,376.70204943491626,-0.33842759651788423,0.09352290230261495
24,alpha_dr,B,all,Scrap,39,-0.9250458776027592,-0.6728744939271256,-0.9166860389623257,-0.8027627699030235,-0.5170149906992012,-0.0006420686373638715,-0.9181028741947567,0.8297553573167835,0.412607128735334,0.3978067346667141,0.25176659024212583,0.19424841356982112,-0.003072727755722704,24.525978366400523,-0.009368712906461019,0.0030836304146451
25,alpha_cc,A,train,Concentrate,21,-0.22966683002068475,-0.07792207792207792,-0.04042568228368889,-0.3620329079383885,-0.30526315789473685,-4.45724726251806e-05,-0.03882879738309365,0.01650489591966275,0.9917132166510323,0.005828617578993765,0.026123925930090098,0.026544446660676305,-0.003844774033533227,-6.357241156754071,-0.0013519628429192743,-0.0010007596395968932
25,alpha_cc,A,val,Concentrate,7,-0.9753076127640651,-0.9642857142857145,-0.9614546039303143,-0.9001345989384131,-0.9285714285714288,-0.0017547472339693238,-0.9481904019994045,0.9436531518674701,0.23737491049504347,0.1389519048482625,0.1532624194925795,0.049106782840336004,-0.8603752061041812,422.91077624407444,-0.1758266223361269,0.2362154791254003
25,alpha_cc,A,test,Concentrate,13,-0.904023943829391,-0.8901098901098902,-0.864011578939962,-0.9063141157630302,-0.901098901098901,-0.0017482925361828835,-0.9281734423757939,0.9276214105651611,0.2690326921302296,0.1632477323408112,0.15771209353620386,0.06106682199125465,-1.9336622960923862,1301.3224244736134,-0.423184712042437,0.45711718022267966
25,alpha_cc,A,all,Concentrate,39,-0.9771116780332474,-0.851417004048583,-0.9694450277874178,-0.8829330928924407,-0.8120144435933909,-0.00173757640233855,-0.982594519759589,0.9825610328853513,0.13205668144644783,0.23012948645186335,0.2282373518443526,0.042801823492182735,-0.017112217240170313,115.71850799116828,-0.006643275934757553,0.035012755409726815
25,alpha_refc,A,train,Refined,21,-0.4119476224711738,-0.2727272727272727,-0.34330005528201885,-0.6223799688072074,-0.7052631578947368,-0.0013288090439237165,-0.30646984649238024,0.2690640526832355,0.8549479208213588,0.04487972699084722,0.07559267957769891,0.0751598089337295,-0.00548558862151971,15.910872645807274,-0.0010051415725604862,0.028876790425901078
25,alpha_refc,A,val,Refined,7,-0.6363539551694339,-0.6071428571428572,-0.8456150789916811,-0.7732827210221195,-0.5714285714285715,-0.005843953751621352,-0.9291996348641103,0.9291873085049264,0.26610654162397746,0.22054389012110376,0.22168281295407702,0.08321219084097008,2.7695155333330064,-128.35160208064872,0.1680381394285777,-0.25952774524438205
25,alpha_refc,A,test,Refined,13,-0.8758015727764744,-0.7142857142857143,-0.8802378132406099,-0.7566918446917864,-0.7252747252747254,-0.009034124171798462,-0.9114070634563657,0.910838982885023,0.29859842115285373,0.35167909501341715,0.339475807243152,0.14595386046511125,5.550070805765941,-599.187054146715,0.45747989953838,-0.46786149777222175
25,alpha_refc,A,all,Refined,39,-0.8703368897742226,-0.7951417004048583,-0.8964891397936328,-0.7267457725369189,-0.6369405843090054,-0.008195666965841616,-0.927484526115566,0.9274137277337661,0.2694183963025426,0.2663342085000276,0.2630635610981478,0.10085620999939313,0.1625982694698802,-16.45254268065662,0.026551194293068514,-0.02622954442869041
25,alpha_win,A,train,Scrap,21,-0.053689848775406494,-0.011688311688311687,0.01581027101933096,0.13507142657925697,0.2270676691729323,-1.4355685941969873e-06,-0.09172164876800412,0.09113394011247752,0.9533446700367724,0.039462082826196766,0.035227718443790655,0.05043047442215473,-0.00020370307629778706,-33.155138268430164,-0.0024008060614106874,0.0031778550118133353
25,alpha_win,A,val,Scrap,7,-0.8928409761966288,-0.9642857142857145,-0.8646648013785341,0.047721187027807484,-0.07142857142857144,-0.00024144758747722065,-0.8086621220996517,0.4302237032882444,0.7548352778664731,0.23456175106288935,0.06757413143870312,0.18425632462512986,0.07726723695735221,-347.17312258568836,0.3603352985634867,-0.07080207882510514
25,alpha_win,A,test,Scrap,13,-0.8956125035728735,-0.8791208791208791,-0.9041327127708918,-0.7023512404662148,-0.7307692307692307,-0.0001809033412639449,-0.991592790465418,0.9663858322640457,0.18334166939338772,0.5577070487326496,0.44404476327110404,0.13070253938026585,0.1636948892528106,-945.6008153188204,0.5481328177866946,-0.2972399790965268
25,alpha_win,A,all,Scrap,39,-0.8871029783499405,-0.7538461538461539,-0.8803327125661611,-0.6903665799658933,-0.34478608162818686,-0.00017599241773531734,-0.9342105674775646,0.876734074928201,0.3510924736758096,0.3720084722794201,0.2595029694530806,0.15924747080614066,0.0022701583009608756,-107.82630493643046,0.023269222179600924,-0.034020861680442493
25,alpha_dr,A,train,Scrap,21,-0.39650807416156575,-0.4805194805194805,-0.16768205533586902,-0.2366479999838913,-0.22255639097744356,-4.959552012014418e-05,-0.2602687167020056,0.21083843540889133,0.8883476597543941,0.06898384468228912,0.035227718443790655,0.0688097546548657,0.0012544347441812431,-33.155138268430164,0.003075889462795467,0.0031778550118133353
25,alpha_dr,A,val,Scrap,7,-0.7022822169790737,-0.8214285714285715,-0.6519074242090653,-0.3191191877412037,-0.5714285714285715,-0.00026782200982647717,-0.4276954785392394,0.3613153086333538,0.7991775092973064,0.12278980711834328,0.06757413143870312,0.11200922544752337,0.11515474359295874,-347.17312258568836,0.13197870740537418,-0.07080207882510514
25,alpha_dr,A,test,Scrap,13,-0.9246224583366164,-0.8571428571428571,-0.9081991140386907,-0.7942168951015612,-0.8461538461538461,-0.0006737533033354665,-0.906500282310992,0.8553763273814194,0.3802941921967525,0.6263850700845842,0.44404476327110404,0.2919941323785791,-0.14958970226258606,-945.6008153188204,-0.19901110504676744,-0.2972399790965268
25,alpha_dr,A,all,Scrap,39,-0.7615702415657036,-0.3993927125506073,-0.6630434902154407,-0.7783011135021076,-0.6008316008316009,-0.0005743711180796531,-0.6648015774761654,0.6023322639093879,0.6306090199883063,0.40763009166829994,0.2595029694530806,0.30472453129081506,0.0012544347441812431,-107.82630493643046,0.003075889462795467,-0.034020861680442493
25,alpha_cc,B,train,Concentrate,21,-0.07987131961507578,0.02727272727272727,-0.29276337941721964,0.031930561766819326,-0.06466165413533834,-0.0001986586111568672,-0.33980437739754626,0.19680586522069002,0.8962109878702168,0.029987066195685207,0.009567921888054358,0.028209573998951826,-0.006653953087530251,-3.495788694357543,-0.002614447303875722,-0.00014004709916370928
25,alpha_cc,B,val,Concentrate,7,-0.3517153960890028,-0.39285714285714296,-0.0033320237624649583,-0.5933406684749937,-0.5,-0.0006854303025165847,-0.0038994821543606073,0.0031241392944224523,0.9984367084124951,0.03542982623351882,0.017758086849407113,0.03956912170930562,0.06206265590697235,-26.121652392307396,0.013635602808543368,-0.0003854639652303149
25,alpha_cc,B,test,Concentrate,13,-0.8650887448102406,-0.8186813186813187,-0.9234145154495985,-0.8185654480047002,-0.8901098901098902,-0.002282212631866967,-0.9219115440516431,0.8990375275547168,0.3177459243566834,0.10449711215815126,0.08343406721601856,0.04248880871597796,0.24545495861702182,18.703919017306816,0.04188516320357283,-0.004481322337424487
25,alpha_cc,B,all,Concentrate,39,-0.8158323973826648,-0.6026315789473684,-0.8898560806925175,-0.770778765576576,-0.6170259328154065,-0.002109027026917396,-0.8558797523633772,0.8224313805152397,0.42138891713565546,0.06362556372282521,0.047883507722700495,0.033555479331423985,0.014862220454948893,-3.495788694357543,0.0056294436596724395,-0.00014004709916370928
25,alpha_refc,B,train,Refined,21,-0.11610403097859677,-0.11298701298701298,-0.23927156026400068,-0.15942193163291868,-0.3488721804511278,-0.0017246318022562882,-0.22429633850363134,0.1684916962415065,0.9118707714136327,0.08374566968942745,0.03789583125286521,0.0838198796221201,0.076548117697806,12.922602281032198,0.01019307104530176,0.007995421491530763
25,alpha_refc,B,val,Refined,7,-0.48809163375748865,-0.5357142857142858,-0.28947262115975186,-0.7637929327181225,-0.7500000000000002,-0.006419522801558143,-0.28175202200210975,0.2565488738600361,0.8622361197142949,0.14249171717055342,0.09179666270400051,0.14614970074978548,-0.04959011084986198,-17.07549571129948,-0.006810175710502575,0.007641319861274809
25,alpha_refc,B,test,Refined,13,-0.8735970116886568,-0.8791208791208791,-0.858287169420993,-0.7875636086314218,-0.8021978021978022,-0.011107471938822958,-0.8353528575598016,0.8249695810116668,0.418366369332351,0.3585749444365367,0.30601838017104105,0.19722024938547392,0.9616676132505813,-109.55429411529622,0.08961379753161935,-0.03637011973781146
25,alpha_refc,B,all,Refined,39,-0.8340281589162647,-0.6287449392712551,-0.8243249067819356,-0.7672749442553652,-0.6406609038187985,-0.01075816674579589,-0.7854069220899478,0.7717295532173644,0.4777765657529005,0.21785621743692365,0.18051991923654692,0.13517680685876773,0.076548117697806,1.8253060177232214,0.01019307104530176,0.0011875092474511462
25,alpha_win,B,train,Scrap,21,-0.11559146643310005,-0.22337662337662337,-0.18208706272568112,0.1122072163806229,0.1609022556390977,-5.862110314645041e-06,-0.31684700103663394,0.22836469077587873,0.8784277484370137,0.06327361517032687,0.026933491565569703,0.060407243710892344,-0.002535981531486889,14.099738307291318,-0.022988745108220243,0.005384101678203024
25,alpha_win,B,val,Scrap,7,-0.05822506064193977,0.1785714285714286,-0.4240949458781802,-0.1467011712604863,-0.14285714285714288,-1.7946140633944832e-05,-0.44244753787074587,0.12247377601214252,0.9367636969843876,0.10655646094795126,0.015041812962367998,0.10080785482872164,0.0007969618113412291,-24.337164395690706,0.003549299929194838,-0.005674671368531392
25,alpha_win,B,test,Scrap,13,-0.8695870580332217,-0.5549450549450549,-0.8788570237844521,-0.6716407293848449,-0.41208791208791207,-0.00016314407589616562,-0.9792679980336257,0.9446268385870709,0.23531502589704956,0.563827952664409,0.43041498088650365,0.16691766056376398,0.015357469910946886,180.92061122652376,0.0662452544614478,0.038289089156217315
25,alpha_win,B,all,Scrap,39,-0.8569334912705847,-0.1311740890688259,-0.8670530353529341,-0.6880313519531175,-0.12112922639238427,-0.00014719443975175087,-0.9430558409000437,0.92091145426616,0.2812268581303004,0.32942404974834927,0.26466987203386555,0.11883967752308341,0.0007969618113412291,34.50068334085586,0.003549299929194838,0.007966267603872978
25,alpha_dr,B,train,Scrap,21,-0.3773943782576213,-0.41818181818181815,-0.2892645537016681,-0.21421857560766375,-0.22255639097744356,-6.802009603410294e-05,-0.3334924415843313,0.20636275581675448,0.8908632017224898,0.07771777573767615,0.026933491565569703,0.07327568151171786,-0.005138429588671778,14.099738307291318,-0.013451872211442395,0.005384101678203024
25,alpha_dr,B,val,Scrap,7,-0.7198387547341719,-0.6785714285714287,-0.6967569536878493,-0.29254566156466993,-0.21428571428571433,-0.0007341133970274363,-0.7164315946369297,0.1715408564037343,0.9101973102554554,0.12381535441334271,0.015041812962367998,0.11352498894327827,0.01677235752860562,-24.337164395690706,0.03761100848213511,-0.005674671368531392
25,alpha_dr,B,test,Scrap,13,-0.9189805878528695,-0.9340659340659341,-0.9133848487127495,-0.79092074527111,-0.7912087912087913,-0.0006107400543953807,-0.9280386921853282,0.8731628295412762,0.35614206499474865,0.6124411993304225,0.43041498088650365,0.2665935150085203,-0.345833189497303,180.92061122652376,-0.5353613049428764,0.038289089156217315
25,alpha_dr,B,all,Scrap,39,-0.932383844547781,-0.6006072874493928,-0.9262169486640095,-0.7977390294977303,-0.5329904803589013,-0.000627279198807929,-0.8842323830651306,0.7482462510529817,0.5017506840523671,0.47943078776248904,0.26466987203386555,0.27477620296527216,-0.01805692130166775,34.50068334085586,-0.06137908482219978,0.007966267603872978
26,alpha_cc,A,train,Concentrate,21,-0.4804602726465504,-0.41818181818181815,-0.12240592063824134,-0.5919858324617744,-0.4090225563909774,-0.00015272313147621575,-0.11973140723134487,0.08084429825855198,0.9587260827480641,0.010510667309979689,0.027048569789987147,0.02782122088714977,0.0001309546568566411,18.193599999408207,4.8391247891466094e-05,0.007569224553693132
26,alpha_cc,A,val,Concentrate,7,-0.9309786830019473,-0.9642857142857145,-0.9461831345857956,-0.8025324042231506,-0.8928571428571429,-0.0016240066885899243,-0.9120299355744522,0.9017451078695924,0.3134563639972996,0.125432472307556,0.14586146168411868,0.06030176315130338,-1.0710917411064549,571.1076689088309,-0.2458182328455767,0.22888540108274036
26,alpha_cc,A,test,Concentrate,13,-0.9050629706661962,-0.9065934065934067,-0.7055271950844583,-0.9626514496657074,-0.967032967032967,-0.001325151605227233,-0.7627155869872311,0.7455945510114387,0.5043862101490892,0.2686124267532368,0.21688653352323148,0.1741355710765491,-2.75245207736512,1847.6012204506897,-0.6108525682149408,0.6135897309422411
26,alpha_cc,A,all,Concentrate,39,-0.9755389779372206,-0.9038461538461539,-0.9378662494101774,-0.9437455789556496,-0.8798555640660902,-0.0014030285114376454,-0.9505531928263596,0.9483077671773482,0.2273592593730279,0.333023657551638,0.3108812671635087,0.10358002755090769,-0.04534250773867621,115.45255736852164,-0.01279571445230343,0.0485180163049268
26,alpha_refc,A,train,Refined,21,-0.31542284507676943,-0.2155844155844156,-0.19452735690605474,-0.5650689748455011,-0.6105263157894737,-0.000972332116783259,-0.20343110939019007,0.16814233606194054,0.9120623136266839,0.038830076094043195,0.07342379739023851,0.0757551558420616,0.02813153418143788,14.546264538617208,0.005192175263059928,0.03077472027542072
26,alpha_refc,A,val,Refined,7,-0.2216897002165277,-0.3571428571428572,-0.5006550742928616,-0.5699717542740085,-0.5714285714285715,-0.0033130141021581244,-0.8797533477320938,0.8382714091809683,0.4021549338489231,0.21564643989662705,0.15764221775139162,0.10742465077680839,4.461525507657605,-229.06246947130376,0.301054702943222,-0.27415949371434234
26,alpha_refc,A,test,Refined,13,-0.7851828172047135,-0.7197802197802198,-0.8809325115145389,-0.6423635511110751,-0.6098901098901099,-0.007680465576148525,-0.9680947500035657,0.9677706665211576,0.17952530038644257,0.35165617079905065,0.3426724563487227,0.08814792336523726,9.75941719744386,-855.5661738432127,0.8155033831886853,-0.931757463615563
26,alpha_refc,A,all,Refined,39,-0.8920440826428774,-0.7838056680161943,-0.9406162662765774,-0.6051636872020156,-0.7301674143779406,-0.011138033215954682,-0.9769057880902997,0.9768258497680319,0.15223058244639323,0.38824009531142556,0.39323885599029923,0.0841226762601013,0.33132434778265374,-67.27374538853894,0.0402309979759663,-0.056294323003224456
26,alpha_win,A,train,Scrap,21,-0.05775692782122196,-0.07272727272727272,0.015770325482400784,-0.0717579704921456,0.019548872180451125,-1.5562327393739022e-06,-0.07875153801371589,0.07304788090677794,0.9627835266004617,0.04630865558361904,0.03127072842914239,0.05379841061493687,-0.000688047018233634,-13.623112214351977,-0.008132444822853024,-0.002935692337441509
26,alpha_win,A,val,Scrap,7,-0.6602565278452254,-0.42857142857142866,-0.8325998042549647,-0.5471961109985514,-0.642857142857143,-6.492450188494565e-05,-0.8659244214339032,0.7591075373754991,0.49080796919416547,0.10996089515083644,0.06508271306970771,0.06271434683527216,0.03279801420150941,-562.3058378733408,0.1365626881806341,-0.15354883772532268
26,alpha_win,A,test,Scrap,13,-0.8948116030666423,-0.8681318681318682,-0.8952567293382325,-0.7209520850050605,-0.7087912087912087,-0.000191620599883738,-0.9895277311927093,0.9329596935408123,0.25892142912317556,0.5901799284348273,0.41735244290638795,0.18715836176411335,0.04053562443481143,-459.4719807709689,0.17453813727298972,-0.121570505758541
26,alpha_win,A,all,Scrap,39,-0.8800079507708867,-0.7825910931174089,-0.867905795704605,-0.7099308592301024,-0.5141700404858299,-0.00018293664868478487,-0.9796140838298834,0.9224817531826038,0.27842098846422514,0.3441256356913961,0.24246358797779774,0.11720533049648513,0.0025076037432665566,-132.23938487672694,0.02874405304610761,-0.030991022364457166
26,alpha_dr,A,train,Scrap,21,-0.23428756141854365,-0.3844155844155844,-0.010592412392995706,-0.15493482232322936,-0.06616541353383458,-2.8740684330494665e-05,-0.12000944897091033,0.09868309447533989,0.9493771144938454,0.05966929181901207,0.03127072842914239,0.06395647776537121,0.001545765709805691,-13.623112214351977,0.004498413841542259,-0.002935692337441509
26,alpha_dr,A,val,Scrap,7,-0.3191945235439085,-0.25,-0.39684594519532956,-0.08854758888665887,0.14285714285714288,-9.667861668288881e-05,-0.38583865986612154,0.3212914621874825,0.823837688997364,0.12143454698431703,0.06508271306970771,0.11350471033726056,0.12116213060106956,-562.3058378733408,0.21653532078143012,-0.15354883772532268
26,alpha_dr,A,test,Scrap,13,-0.9449295403426944,-0.8736263736263737,-0.9276056828824308,-0.8398804252848211,-0.8021978021978022,-0.0007482908973481531,-0.9053670952169083,0.7951416111651692,0.45261284651988254,0.7024495526502562,0.41735244290638795,0.36982054712688817,-0.04120038472675902,-459.4719807709689,-0.04889474520242443,-0.121570505758541
26,alpha_dr,A,all,Scrap,39,-0.9148256044833961,-0.6161943319838057,-0.8742127069454053,-0.8102835377645929,-0.5165773060509902,-0.00072193809043292,-0.8738957085896215,0.7478514523321952,0.5021439511413084,0.42991207677042104,0.24246358797779774,0.24784402438496017,0.001545765709805691,-132.23938487672694,0.004498413841542259,-0.030991022364457166
26,alpha_cc,B,train,Concentrate,21,-0.07825185145074545,0.05324675324675325,-0.1328004625637898,-0.1292499333630005,0.05714285714285714,-0.00010405065039972512,-0.11844277782530066,0.09617574309459967,0.9506967218337299,0.028136430720691934,0.014426646642406508,0.03006046610035956,0.016394297629494403,-1.8825664424125534,0.006520038953173435,0.0005939251411009039
26,alpha_cc,B,val,Concentrate,7,-0.17291880171718169,-0.1785714285714286,-0.05739498328366074,-0.3448252414805802,-0.642857142857143,-0.00047510345598532203,-0.08140374493727716,0.048171285248045835,0.9756170943315591,0.04547197518181561,0.014898482619559143,0.04668371440307343,-0.00279145827345495,17.003090560401688,-0.0005331455069210733,0.002070266121655173
26,alpha_cc,B,test,Concentrate,13,-0.9462395108111762,-0.9285714285714285,-0.7396722084467169,-0.9721188786525605,-0.9560439560439561,-0.0019135288895956544,-0.7388941345554156,0.7110115983363265,0.5375764147204316,0.24371633470757534,0.18435395043293668,0.1642769059070122,-1.2278344667480985,606.8399102461362,-0.22332864346525683,0.23869896087729003
26,alpha_cc,B,all,Concentrate,39,-0.9640025221498505,-0.6390688259109313,-0.8793957574370639,-0.9457585025187236,-0.6774264142685195,-0.001969070262654541,-0.8737136813755684,0.8603506938294533,0.37369681049019776,0.19841989697805437,0.16639472907327393,0.09677063544876312,-0.003069837271157727,18.45868495471791,-0.0012053401587874824,0.0027622142976335695
26,alpha_refc,B,train,Refined,21,-0.17952035305563113,-0.005194805194805195,-0.2551693046205125,-0.20435887445003278,-0.2796992481203007,-0.003929816901618598,-0.21654881884285943,0.1285878387208754,0.9334945962774099,0.08559877955378398,0.028166221461471103,0.08412069429056566,0.0460616098443678,-0.32321348862205923,0.006213664894075599,-0.0007909441699354147
26,alpha_refc,B,val,Refined,7,-0.4347593300854079,-0.42857142857142866,-0.430648340303569,-0.6921659563045939,-0.642857142857143,-0.006263380946201835,-0.3377358002067229,0.2679870140495623,0.8555775744784558,0.14341750233647987,0.07074441536776171,0.13682114589794525,-0.6605186458002397,20.620792554793525,-0.043786730088313686,-0.017786972006891055
26,alpha_refc,B,test,Refined,13,-0.8159995206279627,-0.7032967032967032,-0.8903846136806369,-0.5493141099029563,-0.6153846153846153,-0.009129595832433704,-0.9526931236526164,0.9491089162093598,0.2255905223865583,0.3395965465650144,0.3113379117861201,0.10393264336896964,3.987466233358308,-589.8945538374224,0.40745724557563534,-0.5429749044481156
26,alpha_refc,B,all,Refined,39,-0.8576732324674153,-0.5564777327935223,-0.8996270901223887,-0.5486196671546811,-0.5043221359010833,-0.008500778817332414,-0.931554011762422,0.9301621059114116,0.2642686021618694,0.2642843969417564,0.25021633733367327,0.09617868997269656,0.287717964945295,-11.119418084446465,0.04802305057442813,-0.012751379379261074
26,alpha_win,B,train,Scrap,21,-0.08170850898198297,-0.09090909090909091,-0.2958463390323526,0.15728325127862636,0.1819548872180451,-4.293616329539513e-06,-0.3746133928447876,0.22871573229930203,0.8782279133008116,0.0623904104712893,0.021256695247097498,0.057885882587252954,-0.003335832798388394,8.28027221908701,-0.020026868043174106,0.00088593908938428
26,alpha_win,B,val,Scrap,7,0.6334507046743889,0.7142857142857144,0.16457799730699613,0.5402563007617426,0.642857142857143,0.0001761796004512259,0.15541071248267524,-0.04437337055914753,1.0219458745741614,0.06137357448680828,0.008948036390106403,0.06338357616977339,-0.0016930457977546165,6.635412732511668,-0.007582112750209591,0.005217124920546823
26,alpha_win,B,test,Scrap,13,-0.8492265166402085,-0.8241758241758241,-0.8472296610130653,-0.5860202611704648,-0.6153846153846153,-0.00016714565965140164,-0.9802322041009692,0.9310271993755562,0.2626267325015559,0.5824072828843786,0.4213521850070182,0.18878750670190758,-0.018891770570481053,461.83041314388265,-0.0937741693967662,0.05475121160717222
26,alpha_win,B,all,Scrap,39,-0.8575704880231549,-0.48805668016194337,-0.8572996662867585,-0.6248228460045976,-0.26381442170915853,-0.0001570822948329775,-0.9737594086048005,0.9254263826413227,0.2730817045477,0.35818889498706763,0.2596292900703175,0.12080791794025617,-0.003335832798388394,20.281070538629137,-0.020026868043174106,0.005761623873423716
26,alpha_dr,B,train,Scrap,21,-0.2183296011405686,-0.33506493506493507,-0.18084076368864022,-0.10350377539978997,-0.15939849624060148,-5.241611456548686e-05,-0.25669359682626697,0.13816089685883326,0.9283528979548492,0.07277847616876447,0.021256695247097498,0.07038698994372777,-0.0011443519232075539,8.28027221908701,-0.002814241139746043,0.00088593908938428
26,alpha_dr,B,val,Scrap,7,-0.3077934411858783,-0.3214285714285715,-0.3488109231406004,-0.3278671536808663,-0.3214285714285715,-0.0005507656164485232,-0.5619524608579305,0.08485788003768653,0.9566306078953953,0.1178332696709169,0.008948036390106403,0.11304745900796283,0.023151605959616628,6.635412732511668,0.05639098599666392,0.005217124920546823
26,alpha_dr,B,test,Scrap,13,-0.9213048118020168,-0.945054945054945,-0.8975646810522715,-0.7951320380639991,-0.8351648351648352,-0.0006733814110970982,-0.8889565924785787,0.7740644038889157,0.4753268308344105,0.721829456028663,0.4213521850070182,0.397282085700275,-0.2239631004049818,461.83041314388265,-0.3002892201502396,0.05475121160717222
26,alpha_dr,B,all,Scrap,39,-0.9270743271759043,-0.7651821862348179,-0.907978963129891,-0.8071622335669445,-0.5369296421928001,-0.0006434835429335955,-0.9006460348925895,0.769135720225985,0.4804833813713176,0.4622051245887837,0.2596292900703175,0.25472007274711655,-0.006279114366974148,20.281070538629137,-0.019239444695273944,0.005761623873423716
27,alpha_cc,A,train,Concentrate,21,-0.3094687118023761,-0.2532467532467532,-0.28721466486908503,-0.3144797403125974,-0.23308270676691725,-4.315470489640014e-05,-0.29656629497464054,0.09300430646687684,0.9523632151301955,0.003990664376958378,0.02480842493814368,0.023930356860941582,-0.0019410194255615743,-0.7435730417053037,-0.0007175333076167023,0.010061746001382765
27,alpha_cc,A,val,Concentrate,7,-0.9776189453022178,-0.9642857142857145,-0.9410888197616881,-0.815028478300845,-0.7500000000000002,-0.0012953745833084566,-0.9680473065513354,0.9678595554192846,0.17927756295955008,0.31464784497957404,0.30851096273243694,0.07900066344157017,-2.0638316198527056,1331.4096806370785,-0.5139254469621473,0.40281735407719665
27,alpha_cc,A,test,Concentrate,13,-0.7700675429724052,-0.7087912087912087,-0.5519784781237009,-0.9499271133197564,-0.8901098901098902,-0.0013718759229086274,-0.8905947139562359,0.8643385123354711,0.3683225321162539,0.17553986480712042,0.1372771313513608,0.08207830651226092,-2.3336085509209505,1518.5818022490998,-0.5761989239722825,0.5095030396795952
27,alpha_cc,A,all,Concentrate,39,-0.9647329060014691,-0.8629554655870446,-0.9380739526485721,-0.8979944674379422,-0.865193128351023,-0.0015169782506976785,-0.9753483758763506,0.9743971643539422,0.16000886114855578,0.2896861840409407,0.2771657547529673,0.06415117055863191,-0.018306991627309976,119.46452707013395,-0.005762908600483785,0.03951515220741886
27,alpha_refc,A,train,Refined,21,-0.3199640875714457,-0.3363636363636363,-0.2568121941265055,-0.49477488758103705,-0.5624060150375939,-0.000931511672094948,-0.2184413133982781,0.18249915616438134,0.9041575326432991,0.039043000124504686,0.07241402774616046,0.07438391026961928,0.062254694005899225,16.8987979285871,0.004821501861641764,0.015336970691152807
27,alpha_refc,A,val,Refined,7,-0.22367479347457758,-0.21428571428571433,-0.6392277924609981,-0.21788373963798924,-0.6071428571428572,-0.0033885085767166425,-0.9579346874116677,0.9147770062097113,0.2919297754431512,0.2159593647794379,0.1590327082213138,0.07829480901689213,2.8990236778641245,-252.68555804995935,0.3341612519626951,-0.28452564447659867
27,alpha_refc,A,test,Refined,13,-0.8268757783698687,-0.8406593406593407,-0.7867518614206119,-0.6712245077741693,-0.5384615384615384,-0.009836133043225921,-0.9219554236177437,0.9080060381398843,0.30330506401990004,0.3655727449183968,0.3068633526130751,0.1447653652241868,2.8151456141244573,-347.96641422106177,0.2930755526084661,-0.24702071057948238
27,alpha_refc,A,all,Refined,39,-0.7819359197253166,-0.7785425101214576,-0.7758152102323393,-0.6220607635942002,-0.5531239741766059,-0.008707862669741788,-0.9228495175353967,0.9200254329665432,0.28279774934298335,0.264984809669698,0.2450199994274217,0.10206285940351376,0.24853242593771885,-56.52287723074039,0.03592595133845422,-0.05067909284942651
27,alpha_win,A,train,Scrap,21,0.014214602112198535,-0.04675324675324675,0.15157093969215416,0.13263308260732987,0.10977443609022557,4.5097027570761917e-07,-0.021680623511588414,0.01931245712555656,0.9902966943671191,0.04983739299853155,0.030522576336760403,0.05787429281106999,0.0007811866343573615,-51.60406088833224,0.004731735977790308,-0.003122632531397329
27,alpha_win,A,val,Scrap,7,-0.8402096674141772,-0.7500000000000002,-0.7942156598345746,-0.8362203007193362,-0.5714285714285715,-8.957479567097422e-05,-0.6336002551166788,0.6132309843260104,0.6219075620009694,0.19330360634591243,0.14948931886714562,0.1519712801751244,0.09302069498095933,-1120.8406207272315,0.39497363525982276,-0.24293011894100758
27,alpha_win,A,test,Scrap,13,-0.8820679416470089,-0.37912087912087916,-0.9098922026821028,-0.6742218048262179,-0.3131868131868132,-0.00020817874504392033,-0.9566936043928114,0.9101560497700429,0.2997398042135163,0.5294593502313305,0.38506724532303194,0.19623321653970485,0.15502252314450876,-1343.5552929706482,0.5841919433702749,-0.4046498097376139
27,alpha_win,A,all,Scrap,39,-0.8361937481369132,-0.7947368421052633,-0.7993887414044367,-0.6594042028467467,-0.1806543385490754,-0.00017191507480768207,-0.94732710438893,0.8939939482536311,0.3255857056849531,0.3569076783612528,0.25309188906125646,0.1424557813045705,0.004122588959057663,-221.76604984963,0.05056350064253534,-0.05444508615024546
27,alpha_dr,A,train,Scrap,21,-0.20961695132282424,-0.2,0.02054914647684947,-0.0655785615434701,-0.08872180451127819,-2.544049196734996e-05,-0.12284428352194308,0.09510995627245873,0.9512570860327619,0.0643739712993643,0.030522576336760403,0.06777088123680841,0.0012516776661561924,-51.60406088833224,0.002686300375491002,-0.003122632531397329
27,alpha_dr,A,val,Scrap,7,-0.8956574730965562,-0.7857142857142859,-0.8571262575662713,-0.4285398531357479,-0.39285714285714296,-0.00023597770726701222,-0.47011532093034303,0.4699259953904759,0.7280618137284253,0.15379338337698062,0.14948931886714562,0.15615094819402933,0.1983646811563735,-1120.8406207272315,0.33966737604738173,-0.24293011894100758
27,alpha_dr,A,test,Scrap,13,-0.9540052086373284,-0.8516483516483516,-0.9507108576144597,-0.8387481672258946,-0.8406593406593407,-0.0008485070977051111,-0.9424589532119673,0.8519374391061693,0.3847889822926726,0.6081466639470888,0.38506724532303194,0.2769730094143522,0.2942552573745967,-1343.5552929706482,0.2932731590674361,-0.4046498097376139
27,alpha_dr,A,all,Scrap,39,-0.7922067123539884,-0.7107287449392713,-0.6879436493891211,-0.7944965531327668,-0.6789583105372579,-0.0006091314744042277,-0.8287407004052734,0.7757766226098497,0.47352230928452593,0.3654763033468518,0.25309188906125646,0.2105063291913872,0.008536777138534846,-221.76604984963,0.021479385321311883,-0.05444508615024546
27,alpha_cc,B,train,Concentrate,21,-0.08811536784610309,0.10909090909090909,-0.38895743430097873,0.09483445854733902,0.08120300751879699,-0.00017630006580523472,-0.40379688596611674,0.2779253620705566,0.8497497501791003,0.030461277462505765,0.012151004949782723,0.02786785814469259,0.0028219314508675097,0.636490873210505,0.0010912988612081786,0.00039609860925882145
27,alpha_cc,B,val,Concentrate,7,0.2137160321296535,0.0,-0.11442728790865563,0.19907393774655746,-0.10714285714285716,0.0005812128932788171,-0.1201154676025311,0.07180499026165493,0.9634287777196325,0.03526308749056565,0.011700560934977228,0.03579482763240434,-0.01991706988671549,-1.353055532164035,-0.003739495178441965,0.0022787261700836225
27,alpha_cc,B,test,Concentrate,13,-0.8440002585502991,-0.7692307692307693,-0.9489908813879904,-0.7646252417890905,-0.7417582417582418,-0.0036915132868397286,-0.9624442899642086,0.9514888577108747,0.2202524512670071,0.19811836087043436,0.17024867126731585,0.05753417946102983,1.9650159927201392,-546.1338592321547,0.29448708947163027,-0.27171107181203347
27,alpha_cc,B,all,Concentrate,39,-0.9246237436721113,-0.4746963562753037,-0.9730553901168031,-0.7191849423074147,-0.29401466243571506,-0.0037664257578454447,-0.9742416413326238,0.9702154825830451,0.1725819150923842,0.17309201384566877,0.15802498104414792,0.040449291069796285,0.07690306993064722,-7.768942687738445,0.026595641811766546,-0.0027990293351090045
27,alpha_refc,B,train,Refined,21,-0.09039517268098081,-0.12207792207792208,-0.21826034592267562,-0.2937227959523472,-0.3157894736842105,-0.0016457988588350883,-0.18932051851863013,0.12641173821219487,0.9346594362589002,0.08086874246358848,0.030954201827636547,0.080932635623267,-0.04859685547941517,4.477810220172728,-0.008515341149671007,0.005059604030082099
27,alpha_refc,B,val,Refined,7,0.18517833782119722,-0.03571428571428572,-0.21122528551640593,0.06284448426188634,0.07142857142857144,0.004227235961223198,-0.1848619434295006,0.139605706305622,0.9275744141007654,0.13040279445417027,0.05948555299254116,0.13294901723179312,-0.49446340609822936,4.321732423271442,-0.0700723348770913,-0.0049850936326922834
27,alpha_refc,B,test,Refined,13,-0.7762230822944677,-0.8021978021978022,-0.7220197412682081,-0.574108879326503,-0.6648351648351648,-0.010129961016565332,-0.8776867571258812,0.8594367707368146,0.3749176299711518,0.3513672696323063,0.28603475698745934,0.16986493001622596,-1.4252875676536192,208.76324671107045,-0.11805032790641645,0.14241326303062518
27,alpha_refc,B,all,Refined,39,-0.7862161629730201,-0.43036437246963566,-0.7501732219335406,-0.5727307144692908,-0.5220483641536273,-0.01027484903338259,-0.8474033980400126,0.8248216991196341,0.41854306932544694,0.22941763952160038,0.1816489706416846,0.12247574460297947,-0.04859685547941517,10.85458359286605,-0.008515341149671007,0.008439354157672163
27,alpha_win,B,train,Scrap,21,-0.3898713922639086,-0.36883116883116884,-0.3754515921520225,-0.2782363893068366,-0.24060150375939846,-2.446970967622069e-05,-0.504862941139667,0.3003552119241638,0.8364477198700682,0.07234345278035106,0.02386035606230041,0.06371783870924255,-0.002532871173139134,29.25744343846577,-0.02539627464208527,0.004076564616264378
27,alpha_win,B,val,Scrap,7,-0.11695149513203604,-0.14285714285714288,-0.5715366815050231,-0.39745512925887644,-0.25,-3.721830744428193e-05,-0.5837601291878377,0.13745487681167853,0.92873307424056,0.10969908673948335,0.013099285625376673,0.10260496108727958,0.0053007905327568106,-12.226366425720698,0.026880986514165706,-0.001984389287091659
27,alpha_win,B,test,Scrap,13,-0.8137867377186581,-0.23076923076923078,-0.8246234324332574,-0.6048169421249172,-0.2692307692307692,-0.00016414186210742185,-0.9213855108827161,0.8958799005874711,0.3226764624395912,0.5121926324053517,0.4036881619661365,0.210434890431848,0.016918962418291467,607.8747933586974,0.08305914638162992,0.15099635085211993
27,alpha_win,B,all,Scrap,39,-0.7866832403561976,-0.029959514170040488,-0.7958034555123996,-0.6310346683652255,-0.1889703468650837,-0.00013797971718733184,-0.8544392409364733,0.8440120099844901,0.394953149139882,0.2987529137204989,0.2553379963441864,0.15521748998863372,-0.002026542378451346,41.224735845116356,-0.012209643732702835,0.005177098598528218
27,alpha_dr,B,train,Scrap,21,-0.17798457840431842,-0.18051948051948052,-0.18461726454849473,0.04053013952126947,-0.06466165413533834,-3.9129972644393735e-05,-0.2412539463036956,0.13171899515669697,0.9318159715540956,0.08031585630113822,0.02386035606230041,0.07807235209436099,-0.00852216299443348,29.25744343846577,-0.018890387979759837,0.004076564616264378
27,alpha_dr,B,val,Scrap,7,-0.7564505756818634,-0.6071428571428572,-0.7590514037510795,-0.48096317910993136,-0.39285714285714296,-0.0006761227093954325,-0.8077635478860665,0.1726607185679639,0.9095819267289978,0.1211491567952041,0.013099285625376673,0.1108373611565005,0.021083109006150236,-12.226366425720698,0.03438379900115954,-0.001984389287091659
27,alpha_dr,B,test,Scrap,13,-0.9163988609768857,-0.9340659340659341,-0.9053021608417142,-0.7940295347558118,-0.8406593406593407,-0.0006929284868176345,-0.9322772682560152,0.8462719935944498,0.39208163232361465,0.6312799335674705,0.4036881619661365,0.2937940918232389,-0.20596059282528312,607.8747933586974,-0.2725246583516278,0.15099635085211993
27,alpha_dr,B,all,Scrap,39,-0.9203455624441902,-0.7056680161943321,-0.9113708928106867,-0.7950299974236317,-0.6128679286574024,-0.000642534154669315,-0.9333102092668434,0.8278890456562281,0.4148625728404189,0.4207479120369396,0.2553379963441864,0.20418080049782053,-0.009766141006170903,41.224735845116356,-0.033059512868304275,0.005177098598528218
28,alpha_cc,A,train,Concentrate,21,-0.02572563869647662,-0.007792207792207793,-0.18314665322143092,0.12523742184286712,0.1263157894736842,-4.002857088724097e-06,-0.16126944729808465,0.05388457753004747,0.9726846469796635,0.004422342567030332,0.025710306164390982,0.02537527054142496,-0.0005610495253685066,9.933039378855483,-0.00022388436580578208,0.003808997785690771
28,alpha_cc,A,val,Concentrate,7,-0.9821482775134222,-1.0,-0.9428514610163582,-0.9505706787116508,-0.9642857142857145,-0.0016187978597663763,-0.897420638964029,0.8950495197195041,0.32396061532306036,0.16542075077212243,0.1779078246773265,0.07869990828454292,-1.0038955530177485,630.6949721994406,-0.2611938216569414,0.23541574312117852
28,alpha_cc,A,test,Concentrate,13,-0.7374766064924062,-0.7032967032967032,-0.6699860605024394,-0.8021479873982182,-0.8351648351648352,-0.0012976269376935776,-0.6169690166720407,0.609715533465292,0.6247275138287955,0.06790620004837158,0.07921967207796553,0.06518458625116301,-0.9553500207050529,349.8609583346092,-0.18210486940169557,0.15508802981722258
28,alpha_cc,A,all,Concentrate,39,-0.9294389038211728,-0.8050607287449392,-0.9358214586349664,-0.8162347843507439,-0.7432979538242697,-0.0017308196032339922,-0.9320584946799562,0.9317060890645334,0.26133103706882294,0.12729227416649383,0.1308418072703432,0.047704834906456335,-0.015590211819337618,97.11843688502722,-0.00611380401170003,0.04523661967655368
28,alpha_refc,A,train,Refined,21,-0.24666259267058124,-0.20519480519480518,-0.182494181258395,-0.5503871765510667,-0.593984962406015,-0.0005909611283324678,-0.17137143037922217,0.1268060771480225,0.9344484591736334,0.03152369561913153,0.07125970042604717,0.07281319465961791,0.007176332869306634,7.889963335253412,0.001688637626445555,0.022459941888882007
28,alpha_refc,A,val,Refined,7,-0.8135141455579142,-0.7857142857142859,-0.9500672879602153,-0.616269030229775,-0.7142857142857144,-0.007624664497782904,-0.9646233781486404,0.9455696717678741,0.23330308234596023,0.2207463150084645,0.26973221674376346,0.08131688633533338,1.4663094573240567,-112.2933639914437,0.13331534729551686,-0.1081893386636894
28,alpha_refc,A,test,Refined,13,-0.8597635629391136,-0.9065934065934067,-0.9087382414201637,-0.47002752002467096,-0.5494505494505494,-0.011086033949768174,-0.9828901307375866,0.9785793696140953,0.14635788460450186,0.3671470190304826,0.334264933020604,0.07266930273403993,1.562148577190734,-255.80640375683925,0.18376467710053435,-0.18697965502370995
28,alpha_refc,A,all,Refined,39,-0.7785751406043278,-0.8066801619433199,-0.8285835095911421,-0.4844453462009704,-0.6218404639457271,-0.008780571198790518,-0.9446514047507542,0.9444483708798297,0.23569393102108138,0.2225888244435334,0.21802098364100003,0.07343631895127042,0.06688582942734733,-2.5014195343866277,0.01121139987088382,-0.014491825509255207
28,alpha_win,A,train,Scrap,21,0.24494390837562785,0.1961038961038961,0.17562478528334755,0.28731946075947123,0.3759398496240601,6.899835495437861e-06,0.10091888693475613,-0.09433758925539389,1.046105916843698,0.04254502493686824,0.029346362826784347,0.0540674675112122,0.0001735659159855657,-26.08928590994742,0.0017983004777901712,-0.0061483028775999315
28,alpha_win,A,val,Scrap,7,0.5911544375456989,0.5714285714285715,0.8241801024686585,0.38682115052669896,0.3571428571428572,0.00010952596997904006,0.8593749376333478,-0.391189452582522,1.179486944642679,0.16356516051078598,0.0393862194091398,0.19843736875230866,0.02394423083937372,-32.99913174943367,0.12613276621766367,0.01471979354914943
28,alpha_win,A,test,Scrap,13,-0.8827769617434028,-0.6923076923076923,-0.8998608073120803,-0.6659582755773317,-0.5164835164835164,-0.0001749559677213853,-0.9912017034409196,0.9508197010744478,0.2217663160300774,0.5622041300956174,0.42049794914338395,0.15569385455774154,0.06482137373845454,350.78218347490656,0.2540198459909053,0.07128990881455266
28,alpha_win,A,all,Scrap,39,-0.8327283864308591,-0.012955465587044534,-0.8489665182167608,-0.6523857850340627,-0.11937848779954041,-0.00014935019363326694,-0.8653466422378805,0.8413808365799477,0.3982702140758863,0.32617627916560427,0.2570631150110237,0.1654008144396418,0.003344224570239307,-2.818163973885021,0.023691475935093464,0.010465710266693407
28,alpha_dr,A,train,Scrap,21,-0.3925153683584163,-0.438961038961039,-0.2056476141651612,-0.261125037114182,-0.18496240601503755,-4.409995004076229e-05,-0.25965324029416803,0.21506926793713724,0.8859631663127213,0.05528100857043837,0.029346362826784347,0.05545024630870907,-0.0030453639907235958,-26.08928590994742,-0.00884370599197204,-0.0061483028775999315
28,alpha_dr,A,val,Scrap,7,-0.5526447761441592,-0.4642857142857144,-0.5576340708464835,-0.3860324556935452,-0.3214285714285715,-0.00016405910569013558,-0.49507970828164244,0.29673464842571345,0.8386091768960596,0.11831451476478218,0.0393862194091398,0.10457291229041966,-0.04104634402780438,-32.99913174943367,-0.0672249470258669,0.01471979354914943
28,alpha_dr,A,test,Scrap,13,-0.9272065127506739,-0.9230769230769231,-0.9304546048014277,-0.7821985332362583,-0.8626373626373626,-0.0006496311457571107,-0.9232171156945764,0.86191915216121,0.3715923140200696,0.6117852805099069,0.42049794914338395,0.2758556168909597,-0.3405889860637583,350.78218347490656,-0.5016563263888376,0.07128990881455266
28,alpha_dr,A,all,Scrap,39,-0.9338886597405223,-0.5937246963562753,-0.9344393850152409,-0.7647754799139013,-0.6179013021118285,-0.0006568881121578974,-0.8899192787060333,0.762269114990676,0.48757654271849876,0.45498274493353363,0.2570631150110237,0.2547981634339927,-0.011928580819721812,-2.818163973885021,-0.031142830314145498,0.010465710266693407
28,alpha_cc,B,train,Concentrate,21,0.14822592302178247,0.34285714285714286,-0.1617129352121674,0.3000487337502795,0.3488721804511278,0.00038967858581317403,-0.17915710895946466,0.09042957700798736,0.953714015306482,0.030742937226572797,0.008328121910272938,0.03037673915588783,0.010428961843506723,0.13867261750806392,0.0039041566733588606,-0.00041247213847483977
28,alpha_cc,B,val,Concentrate,7,-0.7105843903479482,-0.7500000000000002,-0.32591201217140153,-0.8417431257766576,-0.642857142857143,-0.001249955255867136,-0.2975139441342374,0.2739561221349358,0.8520820839948838,0.04457878315294269,0.029531753332203564,0.045563629344479696,0.014847046925379193,-54.83763337295386,0.0039041566733588606,0.0006053346550372041
28,alpha_cc,B,test,Concentrate,13,-0.69499450601082,-0.6813186813186813,-0.6577932100740749,-0.690948197254118,-0.7692307692307693,-0.002244562628514776,-0.8085567396156179,0.8078579093644276,0.4383401540306026,0.10213486138329379,0.09797407008571359,0.06203782891405749,1.037861849209806,-242.892422737164,0.15264160493192214,-0.10681570587449052
28,alpha_cc,B,all,Concentrate,39,-0.8162467622828978,-0.5779352226720648,-0.8124893166779363,-0.6895525393075822,-0.5585950322792428,-0.0026030804388142833,-0.860018966111135,0.8578785625841606,0.37698996991410716,0.08734995040844551,0.08139365106939203,0.04501036104674001,0.036830326042701866,-7.842465194820761,0.012353211417878374,-0.0017008515900904797
28,alpha_refc,B,train,Refined,21,-0.17583965061456983,0.012987012987012986,-0.3016651586257511,-0.23052985956728328,-0.2120300751879699,-0.0027825416331580997,-0.2528923419104793,0.19060203509280904,0.8996654738885954,0.08125696624228544,0.036954657534493625,0.08030914775290138,0.04190846039609575,10.565697158353885,0.007285591421237081,0.009829936935661365
28,alpha_refc,B,val,Refined,7,-0.3192037790767413,-0.39285714285714296,-0.6393056914171975,-0.44809788395412437,-0.42857142857142866,-0.003805514325221198,-0.49922186263177226,0.4866968197566796,0.7164517989671882,0.13194603804506605,0.10521518912217336,0.12090852314379905,-0.6855091477780775,15.305714548776905,-0.06196087848911702,-0.01199706875583395
28,alpha_refc,B,test,Refined,13,-0.8520542848471833,-0.8406593406593407,-0.8601253246788452,-0.620884266237705,-0.6648351648351648,-0.010729763358529746,-0.9494863420145974,0.9279745420187286,0.2683755912546283,0.3913691847463623,0.3156849233636013,0.13494430981693206,1.5968121159736501,-290.4487136839898,0.15979648297566085,-0.21556657353943542
28,alpha_refc,B,all,Refined,39,-0.7857842857005284,-0.6736842105263158,-0.7914674194510287,-0.6037722632087175,-0.4960061275850749,-0.009334711872623403,-0.9000315330181586,0.8783746372390927,0.3487482799397113,0.23355160190179872,0.18712845767324543,0.10437040903765561,0.11243951829669552,2.8888570422552675,0.014390486123625479,5.735224241742998e-05
28,alpha_win,B,train,Scrap,21,0.02284231815936718,-0.07662337662337662,-0.12302442512610118,0.11012949109963029,0.12180451127819547,1.5574973504928102e-06,-0.2497466691272793,0.1350823955990468,0.9300094646835338,0.055491358312272324,0.01630221913713727,0.05378843181387526,-0.0017900057434428185,-2.5370302014368917,-0.01552450862186383,0.0022812462578372106
28,alpha_win,B,val,Scrap,7,0.5863760449862676,0.5357142857142858,0.6610810294077955,0.49807244410108564,0.07142857142857144,0.00014889234189813404,0.6428747486028399,-0.19014500329053433,1.090937671588315,0.1048824126611978,0.015865621600435073,0.1157218964567059,0.013181404871685731,-5.0740604028737835,0.06830902676126493,-0.00019019359054617269
28,alpha_win,B,test,Scrap,13,-0.8641828649987949,-0.5439560439560439,-0.8775953042255641,-0.6586079609358572,-0.33516483516483514,-0.00017011164487625979,-0.9751186025438158,0.9397752512610651,0.24540731191008736,0.5500201408340228,0.41844722428633535,0.1696011752188946,0.026192212925414265,457.9074923416347,0.11047439641878487,0.10713159912062764
28,alpha_win,B,all,Scrap,39,-0.8423000149244523,-0.026315789473684213,-0.8559266297720535,-0.6780785678807895,-0.17780938833570412,-0.00014897197064887954,-0.92136170692444,0.9016902367335019,0.31354387773722847,0.3194950697661722,0.2593649030582713,0.12902902118269913,0.0024815605843043764,17.58178186542068,0.016145025592716022,0.004737418142379823
28,alpha_dr,B,train,Scrap,21,-0.1973885710245381,-0.312987012987013,-0.2461431466309869,0.017213243565757517,-0.060150375939849614,-5.399670466750707e-05,-0.2863997641270718,0.11262616247825968,0.9420052216000399,0.07957065204009167,0.01630221913713727,0.07651292668672911,0.002552343638478005,-2.5370302014368917,0.007416867495301904,0.0022812462578372106
28,alpha_dr,B,val,Scrap,7,-0.23055725747621691,0.03571428571428572,-0.313305513324586,-0.2801078427940692,-0.28571428571428575,-0.0001580004067856118,-0.3853619008738749,0.11386296435751238,0.9413485197537029,0.10499492809638895,0.015865621600435073,0.09995885960409188,-0.019661923974019058,-5.0740604028737835,-0.05052215010325367,-0.00019019359054617269
28,alpha_dr,B,test,Scrap,13,-0.9216822985513563,-0.901098901098901,-0.9196507506736944,-0.8119342098289714,-0.8296703296703297,-0.0006427377851778869,-0.9281553286869719,0.8726558769755006,0.3568530832492546,0.5966517070996605,0.41844722428633535,0.2600603022826171,-0.3571851132443049,457.9074923416347,-0.5339149766529914,0.10713159912062764
28,alpha_dr,B,all,Scrap,39,-0.93760843098714,-0.5647773279352227,-0.9356784170899517,-0.8167712854739744,-0.47740453003610894,-0.0006494229953126852,-0.8947661634100437,0.7640358458459191,0.48576141690554314,0.4618256993643075,0.2593649030582713,0.257294543092623,-0.01818281599209276,17.58178186542068,-0.05052215010325367,0.004737418142379823
29,alpha_cc,A,train,Concentrate,21,-0.35420296744231833,-0.3532467532467533,-0.24089535078226526,-0.482633190258468,-0.5488721804511278,-0.00011578918809121316,-0.239930574155799,0.1470307636455533,0.9235633364065762,0.009553799874393675,0.027910221031161208,0.02724520498910735,-0.0021542932921660984,10.663468805775665,-0.0009200954322431398,0.00438947867194539
29,alpha_cc,A,val,Concentrate,7,-0.9704974690361334,-0.9642857142857145,-0.9848296814078701,-0.6879247588947086,-0.3214285714285715,-0.001774791630189727,-0.9930163898990012,0.9906029484451025,0.09693839051117728,0.17723079595280566,0.16528354523909247,0.023492195511798247,-1.2010494058650596,678.8878157866807,-0.26639191762890957,0.20867612125072643
29,alpha_cc,A,test,Concentrate,13,-0.6506546239146469,-0.576923076923077,-0.8023271021742658,-0.5027883301437128,-0.6043956043956044,-0.0008290559690521055,-0.8354582733977988,0.8209817247186803,0.42310551317764666,0.1269265240653436,0.15310548062894785,0.0841454972904409,-2.6799437709389835,2004.035708388622,-0.6134142553565594,0.5786020879075391
29,alpha_cc,A,all,Concentrate,39,-0.9604327148564108,-0.8819838056680163,-0.9728806487959887,-0.5499796750589179,-0.6846482109640004,-0.0013869957776833346,-0.9834474652135209,0.9834111496354941,0.12879771102199686,0.291243589455618,0.29375730679478457,0.0532787083763325,-0.033436402594555936,117.47052102140242,-0.011941555313386143,0.04684111033825733
29,alpha_refc,A,train,Refined,21,-0.10424217558849093,-0.05454545454545454,-0.042670648814693304,-0.3318122294388441,-0.43458646616541347,-0.00023735916159261638,-0.072941014295471,0.05160033533494259,0.973858133746932,0.03025810353497024,0.07300297058613771,0.07695936034105465,0.0030554050639892694,27.186578192349316,0.0005594136613085166,0.00604306836986801
29,alpha_refc,A,val,Refined,7,-0.9305245151621993,-1.0,-0.9893059261442261,-0.8410622931183965,-0.8214285714285715,-0.007160449101154692,-0.953949169156403,0.9508062243169603,0.2217966989904036,0.45097704509597814,0.48916645257066027,0.14756801517820328,-0.7501872915888343,181.4329985775271,-0.09841856962619544,0.058441914952531704
29,alpha_refc,A,test,Refined,13,-0.17459065137646002,-0.1043956043956044,-0.32340146102905937,0.15343107524017663,0.0879120879120879,-0.0020335721216197663,-0.8990657800192128,0.8976370077562126,0.3199421701554633,0.29304502203678173,0.3100521377946139,0.13649488680349764,-4.845315279150484,1562.2972556486227,-0.7569478332576074,0.6922546667164591
29,alpha_refc,A,all,Refined,39,-0.7461741932359603,-0.7617408906882592,-0.7628797697588271,-0.19821113370472188,-0.3266221687274318,-0.004288435934574039,-0.9701976582756644,0.9697761089430059,0.17385019717272135,0.4547618047522427,0.44154930314884333,0.11019608073796652,-0.2699423207652387,82.47629899430314,-0.032303342691459624,0.07797220012350436
29,alpha_win,A,train,Scrap,21,-0.09573178293607058,-0.16623376623376623,0.06551285471328994,-0.1935733909259588,-0.016541353383458645,-2.5120102092038807e-06,-0.041460174046922926,0.038634381715194156,0.9804925386176102,0.03927108659308466,0.02685122754276157,0.046645139860927366,-0.0006813243339535077,-10.875107822374957,-0.010109197392410785,0.00043476539920916935
29,alpha_win,A,val,Scrap,7,-0.17895507356308146,-0.1785714285714286,-0.12071102975274718,-0.48658672593616403,-0.42857142857142866,-9.145897708906839e-06,0.06998366535800908,-0.06468462815948119,1.0318355625580469,0.15350918158257068,0.22948120175635825,0.2848813541445844,0.046657350484144544,-975.2139012237121,0.21496150543603143,-0.19887761083592892
29,alpha_win,A,test,Scrap,13,-0.8751317823354487,-0.7087912087912087,-0.8922048450970255,-0.6179170535399027,-0.4175824175824176,-0.00020385795679754985,-0.9536393579209856,0.9174252764610343,0.2873581798713335,0.546314576001633,0.4128711861889504,0.19677683729670856,0.024511015825225885,-1568.1259116495653,0.10482157245746349,-0.47905278509756943
29,alpha_win,A,all,Scrap,39,-0.6336196904018997,-0.6038461538461539,-0.5363273363239837,-0.6146295735267638,-0.2509027245869351,-0.00012290056971777006,-0.7308423407033922,0.7244598421622034,0.5249191917217321,0.32704630610237573,0.28641981137567296,0.22820139348783733,0.0014413096102131873,-123.92828028994472,0.014836110132117053,-0.029722498398493613
29,alpha_dr,A,train,Scrap,21,-0.34872030212881766,-0.5428571428571428,-0.11422825207207528,-0.24295239606080957,-0.25864661654135335,-5.2248575821477595e-05,-0.1912743097472673,0.13110352263997116,0.9321461673793595,0.0676997387402995,0.02685122754276157,0.0678884238864123,0.005735623173751203,-10.875107822374957,0.018344142032065525,0.00043476539920916935
29,alpha_dr,A,val,Scrap,7,-0.9535489437289253,-0.9642857142857145,-0.9557801385867821,-0.4380555405992647,-0.4642857142857144,-0.0005415507619664804,-0.9195642082703568,0.8944875639848321,0.32482677847611013,0.29063289641828954,0.22948120175635825,0.12028643168296536,0.35556827169256816,-975.2139012237121,0.453179092859994,-0.19887761083592892
29,alpha_dr,A,test,Scrap,13,-0.9436416231169406,-0.9340659340659341,-0.928470761799175,-0.8035591255587217,-0.7087912087912087,-0.0007919875782388772,-0.9038649612327344,0.8497366336366435,0.3876381900217733,0.5888663756427241,0.4128711861889504,0.27878334545305006,0.34789735303918523,-1568.1259116495653,0.34207274479771954,-0.47905278509756943
29,alpha_dr,A,all,Scrap,39,-0.8563348286895124,-0.9168016194331984,-0.7735308629676518,-0.7840828456484971,-0.6157128788707736,-0.0005953530624523116,-0.8861180503789345,0.8496657783163535,0.3877295728773426,0.3835017495041908,0.28641981137567296,0.18558841162577935,0.016192661752755466,-123.92828028994472,0.05553442156913352,-0.029722498398493613
29,alpha_cc,B,train,Concentrate,21,-0.2221534644331861,0.0,-0.38683640296303595,-0.04413541005281963,-0.04060150375939849,-0.000608746187691374,-0.41955864967646067,0.2326138680924301,0.8760057830331772,0.035677393268164846,0.01079580915587305,0.032653118626423505,0.009597823764359248,0.10101216997531992,0.0038222269791875485,0.0013392144935995276
29,alpha_cc,B,val,Concentrate,7,-0.3551924558172604,-0.10714285714285716,-0.14238463410815821,-0.6275770581369005,-0.5714285714285715,-0.0006287600317557385,-0.13951258514629744,0.11829377685139596,0.9389921315690585,0.03597642162345258,0.0199358219924281,0.03862146563479034,0.039337716720146965,-3.869947712601288,0.007483108565767171,-0.0017572721379197631
29,alpha_cc,B,test,Concentrate,13,-0.8200361317538813,-0.7967032967032966,-0.8522706578985019,-0.6956688941564655,-0.7197802197802198,-0.0013768817362562337,-0.722179286954163,0.7048823589268731,0.5432473111513088,0.09511709947481947,0.11865173710631575,0.08261199804461243,-0.9264014309763722,409.5008134479958,-0.1618617689768349,0.2000169849818505
29,alpha_cc,B,all,Concentrate,39,-0.9162289374285942,-0.6815789473684211,-0.9357429202018999,-0.6618376103534567,-0.5625341941131415,-0.0018593434490949343,-0.8765169852709251,0.8764632134903519,0.3514780028816143,0.10784104353415624,0.10904224205141594,0.05390336739023777,-0.04879295300696995,13.84856998478108,-0.01604594253142899,0.0027915530989810478
29,alpha_refc,B,train,Refined,21,0.08316349057489325,0.13896103896103898,0.13773369034126054,-0.2516451977435354,-0.4120300751879699,0.0014687409214694809,0.08838041767414609,-0.05276470035702536,1.026043225384304,0.08167469529631456,0.02705610374526409,0.08828020459871634,0.08345940698274568,7.6426584178234975,0.010701251364590547,0.0015540835684104692
29,alpha_refc,B,val,Refined,7,-0.3921206958995126,-0.5357142857142858,-0.4596791472337834,-0.5936321071414121,-0.7142857142857144,-0.004129422737927356,-0.3253891649967262,0.3216732543907979,0.8236059407320968,0.11205047229923248,0.0962642064106545,0.12166559906140578,-0.2778133440037083,-27.499740543289136,-0.03876400805318525,0.008500211282615133
29,alpha_refc,B,test,Refined,13,-0.7921038745677906,-0.8131868131868131,-0.7870929663971656,-0.5904261960069598,-0.6208791208791209,-0.012241737771269532,-0.8727652146007105,0.8555126957526804,0.3801148566516699,0.29952500228968476,0.24510927518309503,0.14711662044447937,0.04821001551549298,46.917531538876574,0.006206452811657215,0.08455096090812653
29,alpha_refc,B,all,Refined,39,-0.7623496909101363,-0.41720647773279357,-0.7695044844677379,-0.5745643195022926,-0.568224094539884,-0.011951288551711157,-0.8085476820458276,0.7861796626684932,0.4624071121117265,0.189726699646919,0.14954583749097602,0.11170762266564097,0.04821001551549298,7.6426584178234975,0.006206452811657215,0.004755133943656453
29,alpha_win,B,train,Scrap,21,-0.09835885874207062,-0.05064935064935065,-0.27343970429492104,0.018885571232135728,0.05864661654135337,-4.998567504297274e-06,-0.37966581838868,0.23713518730137162,0.8734213259925753,0.04596267121768402,0.016119337845695088,0.04254198670408466,-0.0009596831515987433,13.863231611081119,-0.012527733068668168,0.005227323326563393
29,alpha_win,B,val,Scrap,7,0.8249462560874438,0.642857142857143,0.7842473588455574,0.5107892456037464,0.39285714285714296,0.00022123095296656565,0.8027250279224422,-0.19400415488028813,1.0927049715638197,0.14253977071065035,0.01748379430579067,0.15692121981591914,-0.0027243532547732985,1.6530044419905607,-0.013249178919552573,0.00398831793340193
29,alpha_win,B,test,Scrap,13,-0.8066063964065995,-0.6758241758241759,-0.7971690567749143,-0.5280822788859825,-0.15934065934065936,-0.00016627371589244617,-0.944396794776341,0.9058863423962653,0.3067794934537423,0.5363569096668852,0.4011103234851687,0.20546629029637017,-0.03409560548672061,1320.7058234243368,-0.17482929693885363,0.26020073891822193
29,alpha_win,B,all,Scrap,39,-0.7968875492686341,-0.5321862348178137,-0.7891513374047934,-0.5725724839470616,-0.08502024291497975,-0.00012894818973005162,-0.9507047132729108,0.9245847766653165,0.27461832301338435,0.35563574443846274,0.28055334915586966,0.12439542093250855,-0.004051447645257916,54.90297133715558,-0.029861375385547895,0.00757753041055409
29,alpha_dr,B,train,Scrap,21,-0.515160938167102,-0.6272727272727273,-0.45114663470288496,-0.4989750246081151,-0.4330827067669173,-0.00017029610177899724,-0.49519190555082077,0.1790024322610821,0.906089161031583,0.08616962928546053,0.016119337845695088,0.07943171632504369,-0.0009520550164316965,13.863231611081119,-0.002069682487388813,0.005227323326563393
29,alpha_dr,B,val,Scrap,7,-0.8560434324681799,-0.5357142857142858,-0.8110280309692578,-0.7184439819690391,-0.8214285714285715,-0.0007099084614955751,-0.6890034777229674,0.18476121197811154,0.9029057470311552,0.1280116799169122,0.01748379430579067,0.11665553872871329,0.037189719916249364,1.6530044419905607,0.06016603750668692,0.00398831793340193
29,alpha_dr,B,test,Scrap,13,-0.8783943202296643,-0.8571428571428571,-0.8455528415030048,-0.7188423947257274,-0.7582417582417583,-0.0006347256814445988,-0.8855946768750192,0.8346038839965237,0.4066892130404694,0.5679537430921363,0.4011103234851687,0.2827765242926279,-0.1737007449144906,1320.7058234243368,-0.22770479785392211,0.26020073891822193
29,alpha_dr,B,all,Scrap,39,-0.8442829571189576,-0.6419028340080972,-0.8197662412037272,-0.7458817743658561,-0.6634205055257687,-0.0004778682734419647,-0.8889066723403798,0.8596073629635285,0.37469005462711646,0.3639876604530865,0.28055334915586966,0.17219329736682212,-0.007951384716652465,54.90297133715558,-0.013213398077592031,0.00757753041055409
30,alpha_cc,A,train,Concentrate,21,-0.542058903971728,-0.37922077922077924,-0.19781632681131497,-0.6033198837943817,-0.556390977443609,-0.00023164412117706256,-0.1976447449724785,0.15286067474248524,0.920401719499434,0.013655089751365562,0.028847670187107724,0.029375807965019887,0.0003298498398294214,7.91627438604587,0.00014711455730886946,0.014271706438835352
30,alpha_cc,A,val,Concentrate,7,-0.9728475576365772,-0.9642857142857145,-0.9824141458824653,-0.583665123294013,-0.5714285714285715,-0.0015454361632700486,-0.9837216619367964,0.9821094128548431,0.13375569948662705,0.21981934548376098,0.2075794895718248,0.04043976753798365,-1.5678470967853597,907.686009621937,-0.3642490678455941,0.3152044258895579
30,alpha_cc,A,test,Concentrate,13,-0.9498030751766348,-0.9395604395604396,-0.9024158464482842,-0.9173745229981262,-0.8516483516483516,-0.002110888520247901,-0.9039877364320577,0.8933708947218753,0.32654112341039787,0.16194964147781019,0.1388325881556494,0.06965526607589433,-2.1995266224180297,1439.5073085484214,-0.5392359914429414,0.5050718563886623
30,alpha_cc,A,all,Concentrate,39,-0.9846262299488592,-0.8975708502024292,-0.9728587908157355,-0.8868396751892088,-0.8474669000984789,-0.0017526228287278653,-0.98053608595275,0.9789182934186201,0.14519540826548144,0.261280570380134,0.24668476998447214,0.052173644539462834,-0.05640788885213288,154.04600114743243,-0.020229073011477583,0.04257957480174923
30,alpha_refc,A,train,Refined,21,-0.4250311460084311,-0.42337662337662335,-0.3817716072984279,-0.5571794608253605,-0.6285714285714286,-0.001189903030204388,-0.3569772716134534,0.292382290024697,0.8412001604703265,0.04060917490608251,0.0780264166279967,0.07399323411273255,0.015792831118776718,3.107767182077964,0.003712395410833569,0.0070212252684536125
30,alpha_refc,A,val,Refined,7,-0.7865498923078339,-0.7142857142857144,-0.9585317221913333,-0.6623919229167334,-0.642857142857143,-0.008534073596532646,-0.9965511866232813,0.9954186788190832,0.06768545767679192,0.27131141686590926,0.2586744312053778,0.02537278071891709,3.3941026068708045,-155.28144284432562,0.31273707286922603,-0.32740439680164
30,alpha_refc,A,test,Refined,13,-0.8734074121550104,-0.8186813186813187,-0.9008069683018165,-0.6053880128887215,-0.8076923076923077,-0.010689535312443205,-0.9791844259076649,0.975066713722325,0.15790277476243098,0.3911917584836117,0.35685445130648374,0.08361039020579779,3.839732730206644,-444.39271563932766,0.3579028892257492,-0.4168867741057669
30,alpha_refc,A,all,Refined,39,-0.8336462077140491,-0.8346153846153846,-0.8545261620634477,-0.6059876937902825,-0.6901192690666375,-0.008813578513362523,-0.9635414676700623,0.9634298661219945,0.19123319240656284,0.27296438554311053,0.2688411238493665,0.07326630170021474,0.19889317859307631,-21.78956951726343,0.0326082469229394,-0.03658567744887442
30,alpha_win,A,train,Scrap,21,0.09637015616363388,0.08441558441558442,-0.09936547653707167,0.18553730419509462,0.24962406015037594,2.7811608964998415e-06,-0.24519792776230237,0.2170328144027272,0.8848543301568189,0.05304838711279817,0.03204372722991157,0.054839069877675464,0.0014248205719552542,18.29032014434506,0.008495964800193878,0.01142038761572195
30,alpha_win,A,val,Scrap,7,-0.45476969989096844,-0.3571428571428572,-0.6028514195135534,0.24828053994376761,0.07142857142857144,-0.00016837761607892108,-0.6266717545362976,0.22596244245653185,0.879794042684689,0.15448496625795455,0.028821140480159886,0.13826002692467484,0.05139353045219536,-249.01311471924146,0.253513243970662,-0.05936742148084129
30,alpha_win,A,test,Scrap,13,-0.8493091779380809,-0.8681318681318682,-0.8556100142078892,-0.589844129459141,-0.5439560439560439,-0.00016555843490188713,-0.9850994755684008,0.9640910368675691,0.18949660454063766,0.5146156392799366,0.41781337347642117,0.1256117049231797,0.016231038430136735,845.793522177547,0.07986373684245018,0.15339081149281952
30,alpha_win,A,all,Scrap,39,-0.822061278460088,-0.39797570850202435,-0.8304004940455645,-0.6027411391359461,-0.22529817266659374,-0.0001380771999444081,-0.9353438774584675,0.9244322493161634,0.27489589062740927,0.3119465305842312,0.26755795145047045,0.11297448404469145,0.002362277935079024,18.29032014434506,0.02014989234323572,0.012879633526718948
30,alpha_dr,A,train,Scrap,21,-0.3979147274665027,-0.40259740259740256,-0.3094757528033015,-0.2008523021061514,-0.15939849624060148,-4.318901427224787e-05,-0.3958260450003321,0.328202397216211,0.8196326023187395,0.0602498098574714,0.03204372722991157,0.05593258421705038,-0.003093265320226357,18.29032014434506,-0.014542432437358421,0.01142038761572195
30,alpha_dr,A,val,Scrap,7,-0.35769682018198384,-0.5357142857142858,0.006700994431648011,-0.5398810886007569,-0.6071428571428572,-0.00028223149596948844,0.020980595140849302,-0.008130727738306906,1.0040571337022146,0.14292891757884485,0.028821140480159886,0.1463973615622561,-0.022754474516478218,-249.01311471924146,-0.045303217825155784,-0.05936742148084129
30,alpha_dr,A,test,Scrap,13,-0.9039540771770737,-0.9065934065934067,-0.8960726829773301,-0.7622925995246151,-0.9120879120879121,-0.0006298319335718423,-0.9070235404891318,0.863085411084445,0.3700197142255464,0.5740883436605,0.41781337347642117,0.26272583782443293,-0.4123157795991267,845.793522177547,-0.6256449444329413,0.15339081149281952
30,alpha_dr,A,all,Scrap,39,-0.918123509639753,-0.5937246963562753,-0.9104106130207965,-0.748588718855209,-0.6424116424116424,-0.0006108311864923132,-0.8760245264700678,0.7470861180393916,0.502905440376825,0.4775725139465667,0.26755795145047045,0.2752977892866575,-0.015326852671772695,18.29032014434506,-0.041914061410913694,0.012879633526718948
30,alpha_cc,B,train,Concentrate,21,-0.14738607092576944,0.11298701298701298,-0.3156568358086946,0.006263289846968661,0.02706766917293233,-0.00023499668369901527,-0.3386865425145949,0.2641205572183539,0.8578341580874745,0.03090241623841844,0.014821121096181033,0.02940038028637451,-0.002643134025088756,-0.6049620758906258,-0.001037712538104918,0.0015266947578611578
30,alpha_cc,B,val,Concentrate,7,0.0036711861532697223,0.0,0.15343735625209426,-0.0642645358552365,-0.1785714285714286,8.555725203705556e-06,0.1565493099551325,-0.10768709005702266,1.052467144407379,0.037614321264167125,0.014992326290493012,0.04261656391238741,-0.017723768907071946,-0.8412701074564666,-0.004680662035225991,0.004430640061229063
30,alpha_cc,B,test,Concentrate,13,-0.9257993881566933,-0.8736263736263737,-0.8975690744891154,-0.8979838986531081,-0.8406593406593407,-0.002729689068843254,-0.8723819994167882,0.8325069582839274,0.4092591376085238,0.16927779740044183,0.12436932589913366,0.08596653740187819,0.8112412254886685,-240.7290948563534,0.11664371652391226,-0.08706851305920349
30,alpha_cc,B,all,Concentrate,39,-0.9139162843629628,-0.6093117408906883,-0.9038225796534106,-0.8496503139725322,-0.5885764306816939,-0.0025804462707755644,-0.8663419413105474,0.8478499025607985,0.3900642221983471,0.1095698262720464,0.08895079269625719,0.055049920459653456,0.008504044020476442,-2.24926071342702,0.002111756373062823,-7.673423905263377e-05
30,alpha_refc,B,train,Refined,21,-0.12307148204854257,-0.015584415584415586,-0.10398445076829672,-0.21160535590551466,-0.3203007518796992,-0.0029965067697937473,-0.12114970803971813,0.06581348681521466,0.9665332447385271,0.08792058948987327,0.02596361688267122,0.08860605925371433,0.15874522028220195,13.4055988618328,0.020168878457580863,0.0009929100421102177
30,alpha_refc,B,val,Refined,7,0.05476408513467803,0.21428571428571433,-0.11409029353332076,-0.2441702535938967,-0.21428571428571433,0.0009251930272239738,-0.10585742913949509,0.08469635237205918,0.9567150294773992,0.1237846713288155,0.061905016593663056,0.1324104520556179,-0.47018269622421105,-11.052124774988442,-0.03316094230567712,0.013958880156631714
30,alpha_refc,B,test,Refined,13,-0.8846016978339611,-0.8131868131868131,-0.8741503301337733,-0.6410855365057586,-0.6923076923076923,-0.013723879554650244,-0.8900648970747496,0.8725085034070901,0.35705951407700925,0.34733994244363575,0.28430028683902603,0.16026829728672196,-0.4187822132903367,54.66299115302468,-0.03316094230567712,0.051753722092788834
30,alpha_refc,B,all,Refined,39,-0.875889548083297,-0.31093117408906884,-0.8708092548781267,-0.6368093126985782,-0.6459131195973301,-0.013193016296882437,-0.8603459350632411,0.8349785647701334,0.4062283043189711,0.23442947478880857,0.18332777979526924,0.12089388017836664,-0.08447841457313032,15.467068279421255,-0.010949805262289392,0.013958880156631714
30,alpha_win,B,train,Scrap,21,-0.12005559781779744,0.011688311688311687,-0.3671061715423029,-0.015850058477670285,-0.06616541353383458,-6.397064804276191e-06,-0.4873305493533418,0.29107443653735393,0.8419771751435107,0.06481030405446409,0.021481391174895493,0.057488150047234884,0.0014661240601288317,5.4814321580079195,0.014338367510404071,0.002957496671703197
30,alpha_win,B,val,Scrap,7,0.041985956375180496,0.1785714285714286,-0.16207021772030536,-0.19418207003399549,-0.14285714285714288,1.4775363877749479e-05,-0.15694213546927885,0.03486026063157192,0.9824152581105547,0.06592725816982994,0.007414550405606977,0.06517626646991552,-0.0017908975710281827,-2.0746042788159684,-0.009247664651235832,-0.0021977303886231425
30,alpha_win,B,test,Scrap,13,-0.8101824100194296,-0.8901098901098902,-0.8041857438572653,-0.5690689248942928,-0.34065934065934067,-0.00014598568343268014,-0.9808242192255714,0.9611175320188924,0.19718637879201412,0.5262486264726232,0.42992648140368145,0.13399600060343284,-0.04649546786036535,1676.597296943015,-0.24683920357611489,0.3367515290851646
30,alpha_win,B,all,Scrap,39,-0.8036973643212889,-0.6180161943319838,-0.799762758519857,-0.608150519808086,-0.35178903599956235,-0.00011251842135856632,-0.9777531860794411,0.9633864222090702,0.1913467475316208,0.36460384501933035,0.30683942509138584,0.09118358101615888,-0.0046950013136784485,32.74145575783086,-0.0450518556084718,0.005616745378771881
30,alpha_dr,B,train,Scrap,21,-0.07727868302425837,-0.15324675324675324,-0.19326633965160206,0.14115272045246693,0.05413533834586466,-1.6247191494590928e-05,-0.24615390014972716,0.1404717239026833,0.9271074781800202,0.06855412369622738,0.021481391174895493,0.06660425582394837,-0.0010711279362439763,5.4814321580079195,-0.0026339280859886127,0.002957496671703197
30,alpha_dr,B,val,Scrap,7,-0.6479509348212595,-0.5,-0.31001386362862215,-0.2878781644923913,0.0,-0.001073715664653675,-0.3385829280932958,0.042939597529699745,0.9782946399067616,0.1164568428245535,0.007414550405606977,0.11415978241861197,-0.02651171729727486,-2.0746042788159684,-0.03681773016718559,-0.0021977303886231425
30,alpha_dr,B,test,Scrap,13,-0.8699523501129941,-0.8901098901098902,-0.8485338118482899,-0.7432852529302931,-0.8626373626373626,-0.0005537993458658285,-0.9029545554111476,0.8646990571717922,0.3678327647562243,0.5782399458593585,0.42992648140368145,0.26504340762030976,-0.4369825326920088,1676.597296943015,-0.6790613759907838,0.3367515290851646
30,alpha_dr,B,all,Scrap,39,-0.8895276267978868,-0.7317813765182186,-0.8761391290434558,-0.7519582292393168,-0.537805011489222,-0.000471287559309931,-0.9241955686030643,0.8284100333624832,0.41423419298449615,0.49407815916660913,0.30683942509138584,0.24092042288031792,-0.010888384721278788,32.74145575783086,-0.03681773016718559,0.005616745378771881
31,alpha_cc,A,train,Concentrate,21,-0.34342192702474944,-0.2701298701298701,-0.12129007054772202,-0.3263461105530423,-0.42255639097744363,-3.645923915475749e-05,-0.12600232237278008,0.034188846605377236,0.9827569147020145,0.004160677490989341,0.030092931017679365,0.02985536792139785,0.0014122262749483028,0.542101092403982,0.0005125476332155099,0.00021170186829611026
31,alpha_cc,A,val,Concentrate,7,-0.9585420494267693,-0.9642857142857145,-0.9115021169710026,-0.8468135630316331,-0.7500000000000002,-0.00174887673594461,-0.8917981746300038,0.8906714116477844,0.33064873862184263,0.14960986416579336,0.15732696588370007,0.07178572636843815,-0.9498029809765933,589.4657080834249,-0.21355765378196545,0.28848111907194784
31,alpha_cc,A,test,Concentrate,13,-0.8888824770810201,-0.9230769230769231,-0.909690546986005,-0.7519581930290474,-0.7967032967032966,-0.001534091290352374,-0.8453381154709919,0.8452975068180667,0.3933223781860539,0.1882417215774654,0.19009595273195512,0.10522488607041953,-1.4696623574139762,621.3527601220635,-0.3220273621255654,0.2824821937884314
31,alpha_cc,A,all,Concentrate,39,-0.9530590054425213,-0.8777327935222672,-0.965104020263389,-0.7161123379045008,-0.7415472152314256,-0.0017410534266654488,-0.9466984326373299,0.9466504447230643,0.23097522654374808,0.20328525580149392,0.2012486566957742,0.06607099427619736,-0.016473236927888824,107.93501454234229,-0.006276911644575667,0.046767915664210236
31,alpha_refc,A,train,Refined,21,-0.29448148466653923,-0.3051948051948052,-0.22357779184192234,-0.47608011194502914,-0.4466165413533834,-0.0006779408231980072,-0.2334357322408131,0.1719606313250144,0.9099666854753451,0.032933126598297925,0.07494041336174274,0.07448763172879329,-0.016935463339313728,31.391507265239852,-0.002724815430010352,0.01832627849740298
31,alpha_refc,A,val,Refined,7,-0.9106155795388433,-0.8571428571428573,-0.9535406157359417,-0.8249288071897253,-0.7857142857142859,-0.009456686354168787,-0.9331677360813047,0.9312006932585072,0.26229621945711085,0.3049085937241428,0.3253815984404429,0.11696247982908077,0.5797976704719598,-123.63932157335546,0.054857374968764194,-0.05322230754450441
31,alpha_refc,A,test,Refined,13,-0.8703066626828035,-0.8516483516483516,-0.9063001371075846,-0.6031942721618486,-0.8351648351648352,-0.01071755965161599,-0.986611307665755,0.9864754225613924,0.11629521674861618,0.37915703947710505,0.3855027622949411,0.06288253899176205,2.39626462800178,-246.18691480508528,0.2696065964479262,-0.24487593915152228
31,alpha_refc,A,all,Refined,39,-0.8116105597457328,-0.8012145748987853,-0.8358790885920889,-0.6346922065224425,-0.7354196301564722,-0.008496130664966187,-0.9511408613438571,0.9510251054684272,0.2213027214734894,0.24886541119536634,0.25277871031944754,0.07850199581407415,0.09629990415190592,-12.480179449087586,0.023581119188960775,-0.02009895391638672
31,alpha_win,A,train,Scrap,21,-0.24246990495266268,-0.24805194805194808,-0.01956061506212126,-0.14518899091187085,-0.28721804511278193,-7.186895846635195e-06,-0.16758462186564363,0.14875390167620214,0.9226299899330164,0.05539417891854678,0.033665289811852704,0.05980654408943174,-0.0017064130572449904,29.001773579164364,-0.02311010285086912,0.02156248810623751
31,alpha_win,A,val,Scrap,7,-0.9633896748690383,-0.9642857142857145,-0.9613758857855375,-0.6432626465923624,-0.6071428571428572,-8.850549542271408e-05,-0.871784885976307,0.8707983768708417,0.3594462729381934,0.25982678856937896,0.2724923922697903,0.13533620636929206,0.1294790874727908,-1620.766777711643,0.4702429857463677,-0.3517677806430033
31,alpha_win,A,test,Scrap,13,-0.9121541087266092,-0.5934065934065934,-0.923368823055778,-0.6718784164393062,-0.2747252747252747,-0.0002189028805078917,-0.9471570081783521,0.8915129827061625,0.3293736742574267,0.5421615988506343,0.3814816651929055,0.21834952243823674,0.15456523437723613,-1966.9923283452154,0.5325867422924165,-0.7112614196759282
31,alpha_win,A,all,Scrap,39,-0.7330053606307672,-0.8338056680161944,-0.6444966869174978,-0.6613832380141207,-0.3870226501805449,-0.00011446029989860532,-0.8764706663577392,0.8764123281752066,0.35155038305311703,0.37507909737835776,0.37077626330479885,0.1854105405019824,0.0061578075594748705,-93.06769493639376,0.045375618541221296,-0.026643300296036898
31,alpha_dr,A,train,Scrap,21,-0.4794500577094802,-0.6012987012987013,-0.14992958392133435,-0.44523779499152116,-0.4090225563909774,-5.8874973169871374e-05,-0.18984017540458373,0.14829923185410257,0.9228763558277443,0.07000025124958835,0.033665289811852704,0.07168430977854925,-0.002985464050511588,29.001773579164364,-0.010988167129766913,0.02156248810623751
31,alpha_dr,A,val,Scrap,7,-0.9290027679511547,-0.9642857142857145,-0.9325824708214504,-0.6465868474828855,-0.39285714285714296,-0.00041401309372103237,-0.766752140726553,0.7663762647748614,0.4833463925852127,0.2811614384077955,0.2724923922697903,0.1892496235100836,0.564389048112343,-1620.766777711643,0.5763435014942948,-0.3517677806430033
31,alpha_dr,A,test,Scrap,13,-0.9434292401413217,-0.7582417582417583,-0.931705533114134,-0.8659770027138082,-0.7802197802197801,-0.0008280482820721946,-0.9382528040165833,0.8707249548261252,0.3595483905872403,0.56419357830149,0.3814816651929055,0.24487400869973805,0.5526227095092904,-1966.9923283452154,0.49472820559344893,-0.7112614196759282
31,alpha_dr,A,all,Scrap,39,-0.7552443302568275,-0.8939271255060729,-0.6485910150407608,-0.8273021033433469,-0.7286355181092024,-0.00043958513256131705,-0.8097733651580383,0.806544217414458,0.43983608604290525,0.4054724296397562,0.37077626330479885,0.24166298476802522,0.0225289410887127,-93.06769493639376,0.0677232920310692,-0.026643300296036898
31,alpha_cc,B,train,Concentrate,21,0.2583519720941837,0.3649350649350649,-0.06261012380164155,0.3749923765689629,0.18045112781954886,0.00040132533571225667,-0.06571938476615682,0.05121025847695746,0.9740583871221696,0.03147058577515692,0.015074724145277588,0.03398954483303457,0.01854052540826734,-1.147070988602536,0.006493988508400772,0.00012102490913523667
31,alpha_cc,B,val,Concentrate,7,0.00944243858951619,-0.25,0.020239690387755062,-0.11853480035595752,-0.21428571428571433,2.8279423805306297e-05,0.007116184795044859,-0.0026279195689008633,1.0013130976717028,0.03944227818417662,0.007549595371882453,0.04021103974600429,0.010183247185136413,-26.126928848073476,0.002679412246278101,0.0008588264407674018
31,alpha_cc,B,test,Concentrate,13,-0.881663820145968,-0.9175824175824175,-0.8038184668395543,-0.8021069870177384,-0.8406593406593407,-0.002780035078872499,-0.8036161476642941,0.7954144715997041,0.4523113180103897,0.1723766741766978,0.14933620276572313,0.103157744253083,0.09062351651200462,-102.13677164246383,0.01975733382425293,-0.026574204368558618
31,alpha_cc,B,all,Concentrate,39,-0.850085683680883,-0.501417004048583,-0.7994853116759344,-0.7317565743253855,-0.5489659700186016,-0.0026227235053349718,-0.7797877379342709,0.7701184022241326,0.47945969358838436,0.10318629912579794,0.08807916198123089,0.06504653349018884,0.03787581849503674,-11.019142110801567,0.00997272759870138,0.00012102490913523667
31,alpha_refc,B,train,Refined,21,0.07570477889182803,0.0987012987012987,0.08897941324812081,-0.16816748537413206,-0.306766917293233,0.001509139364960616,0.0716281438176235,-0.03841529627274393,1.019026641591251,0.07992922478151199,0.023246686489693445,0.08482495169106119,0.015370393199169108,1.1164957485443665,0.0028469137917430665,0.0043689970989699844
31,alpha_refc,B,val,Refined,7,-0.11013154855453268,-0.1785714285714286,-0.25321801741805505,-0.42013827546378024,-0.6071428571428572,-0.0016423692561718223,-0.15279857297817184,0.1336118028013746,0.9307997621393257,0.12098868205354167,0.07123607126519343,0.13068653745753436,-0.360031216789209,-20.97585359477739,-0.05053028338149623,0.002735859498924853
31,alpha_refc,B,test,Refined,13,-0.7864456200196419,-0.6923076923076923,-0.851495077973775,-0.5087136118600777,-0.45604395604395603,-0.009632647007080225,-0.9781421212756148,0.9710236262153525,0.1702244805680061,0.3611609284307536,0.319996936530726,0.082138428259345,4.794269855584068,-441.4051919458241,0.4818847636297212,-0.47987085707218213
31,alpha_refc,B,all,Refined,39,-0.810833968366218,-0.4953441295546559,-0.8512631565658306,-0.4945874636097484,-0.42269394900973845,-0.008577597329355082,-0.9420272871594292,0.9382651878768531,0.24846491125136136,0.2615179685479639,0.239124068516017,0.08804636195476723,0.31597633826225646,-11.83937735849679,0.04534438754914594,-0.006838251472819579
31,alpha_win,B,train,Scrap,21,-0.5633156498390471,-0.6311688311688312,-0.5432029057764868,-0.3990437710969428,-0.41503759398496237,-2.9671096863893362e-05,-0.6079166993858021,0.38486332133581347,0.7843064953601917,0.06487563230237085,0.023151035390469796,0.05402510204307575,-0.0011484441294787456,12.81219022421692,-0.015038879641133818,0.008573374069024808
31,alpha_win,B,val,Scrap,7,-0.32242096566559525,-0.3571428571428572,-0.6335785206185541,-0.2179716581330639,0.0,-7.847566724128433e-05,-0.6208630364851562,0.17491107979828155,0.9083440538704035,0.11606656294733227,0.016687230870996626,0.10651243579689054,-0.0005415560785995421,-21.162529175408963,-0.002691101860825329,0.001162041106550049
31,alpha_win,B,test,Scrap,13,-0.8823390923840915,-0.3736263736263736,-0.8931312790022258,-0.6664911640399951,-0.20329670329670327,-0.00017697689900798348,-0.9533873374857552,0.916327272421023,0.28926238535104604,0.535268772494372,0.4031506440427949,0.19383668648556251,0.004953033305265975,624.8654603063233,0.021857099644212452,0.10984798384245487
31,alpha_win,B,all,Scrap,39,-0.8524820631778794,-0.15323886639676113,-0.8589894415967442,-0.6873395961665978,-0.22858080752817594,-0.00014850856569592345,-0.9103261851921458,0.8923077319697343,0.3281650012269218,0.3156467520475064,0.25826784698529165,0.13383949292023328,-0.0001631011039102681,51.46232625204948,-0.0016704214907976578,0.012164172440524368
31,alpha_dr,B,train,Scrap,21,-0.4001492479719363,-0.5974025974025974,-0.3241646446032883,-0.2842204764572997,-0.32481203007518794,-0.00010735321041269622,-0.3360336950293631,0.14970108685936187,0.9221165398910477,0.0984924112693022,0.023151035390469796,0.09329671259735015,-0.0028924245549915573,12.81219022421692,-0.01615338530444088,0.008573374069024808
31,alpha_dr,B,val,Scrap,7,-0.4187302632340578,-0.5714285714285715,-0.5341527981248312,-0.5861387724113691,-0.6071428571428572,-0.0004169233122227204,-0.6067243854865775,0.126462322624157,0.9346323755230411,0.15836121765238095,0.016687230870996626,0.14882898518488588,0.028632006327818316,-21.162529175408963,0.07324178228728928,0.001162041106550049
31,alpha_dr,B,test,Scrap,13,-0.940379206430709,-0.9615384615384615,-0.9348515301855875,-0.8446912252202355,-0.7582417582417583,-0.0006847742287714685,-0.9330335386412155,0.8631573418977984,0.36992250283296046,0.6012569918773673,0.4031506440427949,0.26778925098128276,-0.27975413367098256,624.8654603063233,-0.3915824208056738,0.10984798384245487
31,alpha_dr,B,all,Scrap,39,-0.9421943149916775,-0.7854251012145749,-0.9365116468417416,-0.845913024292752,-0.6071780282306597,-0.000636506533066728,-0.9270076302916858,0.8240377159123512,0.4194785859703077,0.42362481286965364,0.25826784698529165,0.2081223729092777,-0.010791132921944446,51.46232625204948,-0.023463764675670018,0.012164172440524368
32,alpha_cc,A,train,Concentrate,21,-0.5163830235162911,-0.4883116883116883,-0.28624492241844135,-0.6311846249878725,-0.6827067669172932,-0.00018544466192916138,-0.28932606693455143,0.1991337255719998,0.8949113221029222,0.011378696095220978,0.02852590189413998,0.02748415024271602,0.0012977212688900508,-2.202716500941733,0.000322135326756845,0.007015037016680381
32,alpha_cc,A,val,Concentrate,7,-0.978287576080505,-0.8928571428571429,-0.9687402446808784,-0.8981689996597116,-0.8214285714285715,-0.0018917828903520205,-0.9615114143120898,0.9613155665736661,0.19668358707918113,0.15026126532745973,0.14725861220862757,0.04138007040339951,-1.1863639399296506,591.6503066413293,-0.2568623655751978,0.2371961138391896
32,alpha_cc,A,test,Concentrate,13,-0.8591655175654334,-0.7912087912087913,-0.7204225846821547,-0.935585972234363,-0.9175824175824175,-0.0018797946068383252,-0.6879928031920587,0.6556472493881085,0.5868157722930525,0.13140995769401884,0.09610921624750662,0.09553670473425392,-1.521224105994381,743.2880886786256,-0.3402246030257212,0.29703959593580276
32,alpha_cc,A,all,Concentrate,39,-0.9561920986378281,-0.8969635627530363,-0.9314016865352289,-0.9134784440368795,-0.828427617901302,-0.0019910487896615285,-0.9320726328766328,0.9298150751259592,0.26492437576418065,0.16472176385457868,0.1536361846447621,0.05967408286661344,-0.05080067766139296,132.0313574122631,-0.013191931925017775,0.04760951879633257
32,alpha_refc,A,train,Refined,21,-0.29529396658935697,-0.27662337662337666,-0.23399085874052056,-0.47266758547739396,-0.43458646616541347,-0.0008209596540778579,-0.23442916152629534,0.19731097830079694,0.8959291387711436,0.04022872292577521,0.07360665161739385,0.07515285878187548,-0.0276266146652846,10.65291653276239,-0.00477232456057175,0.010535617862035274
32,alpha_refc,A,val,Refined,7,-0.9697615376090793,-0.9285714285714288,-0.9905283907292151,-0.8361323286236927,-0.6071428571428572,-0.006754010453244104,-0.9913950124611074,0.9909941839088727,0.09489897834606714,0.5323705159894436,0.5477290102411572,0.07248601361702324,-1.1792726245627048,289.9639298804648,-0.15939633013954357,0.11321504574373531
32,alpha_refc,A,test,Refined,13,-0.13393673994200464,-0.11538461538461539,-0.07576098470539533,0.035192017101456134,0.11538461538461539,-0.0024845739313928404,-0.9823949109593855,0.9788808871458431,0.1453241647289154,0.3184831184512554,0.2926161930880829,0.06285261441960156,-5.853417786489862,2102.566736311567,-0.9273330213934943,0.8598232815484481
32,alpha_refc,A,all,Refined,39,-0.7604888825358831,-0.7856275303643725,-0.7424942731630786,-0.29754831957887184,-0.3272786956997483,-0.0037355535114427904,-0.9871645672748337,0.9869690456629459,0.11415320554874549,0.5171740415540137,0.5069816733205371,0.08267241265277794,-0.41632505079564464,113.04340836094673,-0.045546330823807324,0.08171018851858758
32,alpha_win,A,train,Scrap,21,-0.19444293940919574,-0.28831168831168835,0.015644152190171488,-0.16329251024371289,-0.23609022556390977,-7.484588848619462e-06,-0.10299197699870226,0.08291706590089783,0.9576444716590298,0.061658092668772604,0.031158069738149795,0.06615754087724073,0.00012906911150216416,-5.492897484116384,0.0013375813523932578,-0.001196983870093149
32,alpha_win,A,val,Scrap,7,-0.9864618576162802,-1.0,-0.993479208347543,-0.5003350152565249,-0.42857142857142866,-0.00016629132621802888,-0.9185440923317766,0.9042439938352498,0.3094446738348394,0.39103694795775884,0.3274025924236527,0.15781749725597613,0.23600038170599108,-1648.9003548639453,0.8437214723538992,-0.3486282354480732
32,alpha_win,A,test,Scrap,13,-0.9057746670785368,-0.7087912087912087,-0.9296662676624878,-0.6898035682429271,-0.6098901098901099,-0.00020960391609999227,-0.9601687307741933,0.9186335898750243,0.28524798005415525,0.4856464952207243,0.3599229594874311,0.17242693131473216,0.38104124216420576,-2058.837991816593,1.039848174976744,-0.7236898137362155
32,alpha_win,A,all,Scrap,39,-0.930881463980288,-0.8394736842105263,-0.9159577216687336,-0.695826333321084,-0.573695152642521,-0.00017470726148127282,-0.9680640559319375,0.9240100518206196,0.27566274354613185,0.4948217163669563,0.3638046572330136,0.16930324202481903,0.0064784265709080385,-136.30809962221883,0.08883984572005077,-0.0317288760817398
32,alpha_dr,A,train,Scrap,21,-0.18431502402815475,-0.24675324675324672,-0.062028173253041864,-0.013709908540291596,-0.009022556390977442,-2.091489003889713e-05,-0.15539650784341336,0.12136418420312013,0.9373557573284969,0.06481123830061387,0.031158069738149795,0.06740703712380533,-0.0012713303903055806,-5.492897484116384,-0.003238634532844009,-0.001196983870093149
32,alpha_dr,A,val,Scrap,7,-0.5876928116197906,-0.42857142857142866,-0.5202056325651686,-0.8820588703988161,-0.642857142857143,-0.00010312850777763047,-0.13850672528451566,0.12177159722761159,0.9371384117473728,0.1949502890441948,0.3274025924236527,0.3570953255002839,0.15986141829124084,-1648.9003548639453,0.3368769890087301,-0.3486282354480732
32,alpha_dr,A,test,Scrap,13,-0.9513632956809571,-0.7967032967032966,-0.9625014190737605,-0.7321655933320304,-0.7637362637362637,-0.0008827439755588526,-0.9448752642493574,0.8577133130344161,0.37720907593214653,0.5628320930654871,0.3599229594874311,0.25200403700271856,0.032934970343488024,-2058.837991816593,0.037451484113001754,-0.7236898137362155
32,alpha_dr,A,all,Scrap,39,-0.42011761326400693,-0.5238866396761134,-0.28528923967040537,-0.7099429511496085,-0.5828865302549512,-0.00025074885771008706,-0.35059374721740966,0.35059214470524785,0.8058584585985011,0.36270634384550327,0.3638046572330136,0.41398676980669347,0.007841762663863772,-136.30809962221883,0.02655289678625916,-0.0317288760817398
32,alpha_cc,B,train,Concentrate,21,-0.18956676655712723,0.0025974025974025974,-0.3587869804940228,-0.06527454559487006,-0.0631578947368421,-0.00029544868137328377,-0.36498803931275503,0.2966420366313692,0.8386643925722796,0.030432445913092285,0.015628388999328374,0.028691397823659533,-0.003521183750941237,-0.6869097309336212,-0.0009281655202817429,-0.0003101864578711755
32,alpha_cc,B,val,Concentrate,7,-0.4009249505190352,-0.07142857142857144,-0.5794425161956454,-0.563194083844194,-0.5357142857142858,-0.0009711156700357914,-0.5515139381691481,0.3853885958138096,0.783971558276313,0.045333097704622446,0.018467544493477928,0.03837570764850128,0.02470970313597398,-18.61883546017725,0.0061237021768538735,-0.0024939193684279104
32,alpha_cc,B,test,Concentrate,13,-0.8970338962038115,-0.7912087912087913,-0.7544408402317432,-0.9331487973535233,-0.7472527472527472,-0.00251048581618224,-0.7714184753290678,0.756053172600453,0.49390973608499256,0.15203042290287344,0.12431414462144197,0.09699669970006647,1.607659784772279,-405.03762819024723,0.21200990797968688,-0.1627382182361634
32,alpha_cc,B,all,Concentrate,39,-0.9308188563071832,-0.6218623481781377,-0.8923304653144322,-0.8977574745660074,-0.43254185359448516,-0.0028519121352140724,-0.8842026323024614,0.8785054565027232,0.3485606740544275,0.1287926861512436,0.11493639612691138,0.060168812881192246,0.07722212691441177,-11.00123756025664,0.017710030595940784,-0.0024939193684279104
32,alpha_refc,B,train,Refined,21,-0.2985636232086626,-0.2311688311688312,-0.22924403841782118,-0.5727908510790044,-0.6105263157894737,-0.003393364967517906,-0.20804913099023795,0.1630892692334355,0.9148282520596773,0.08420604151039553,0.0407238889005548,0.08556990968174441,0.008880014839034889,8.353992665751548,0.002291281693413749,0.0014346776739548872
32,alpha_refc,B,val,Refined,7,-0.22081672781367712,0.14285714285714288,-0.42032262384669716,-0.03147481627045173,-0.07142857142857144,-0.0031946592186541515,-0.35255143809911177,0.3514859514426737,0.8053036995800568,0.12053673907791687,0.11150958533105274,0.1322354115428343,-0.2653908653006667,-27.072290444731152,-0.03699819377480673,-0.00544707889363405
32,alpha_refc,B,test,Refined,13,-0.8325100623068765,-0.8736263736263737,-0.8615373753197519,-0.5273683511368056,-0.6758241758241759,-0.011693512079144493,-0.9263318729703383,0.9149432652971495,0.29164487772434894,0.3407100663417762,0.29102658223344635,0.13068158232011493,-0.557579159416024,127.14868707696746,-0.06241129948596136,0.01883670022824635
32,alpha_refc,B,all,Refined,39,-0.8284982501911339,-0.5346153846153847,-0.8555096154477255,-0.532771112747745,-0.6148375095743516,-0.011274369864588785,-0.8699473738109247,0.8613546614581561,0.3723510957978288,0.21806381482002485,0.18936089474366846,0.10753753365334179,-0.07032329993564268,16.148290670479128,-0.004862947687527264,0.004039034786875284
32,alpha_win,B,train,Scrap,21,-0.5838532722678543,-0.6415584415584416,-0.47065800831452564,-0.7792018899474996,-0.8300751879699247,-7.823530413380564e-05,-0.6622778377515716,0.20573174732407726,0.8912172870158672,0.10981393556434788,0.017489066684363095,0.09910147045547402,-0.0025167005476681437,11.477394159590858,-0.018430491927199588,0.0022408783923157927
32,alpha_win,B,val,Scrap,7,-0.3838775577781205,-0.25,-0.6378161115980245,-0.19629393524495134,-0.14285714285714288,-0.0003043902195752717,-0.6500144595173211,0.08387519952108988,0.9571440855372352,0.19997105974364762,0.012955878709132644,0.19180240762481907,0.05529833633491629,-26.564689497014115,0.24249056480138664,-0.004102615143825261
32,alpha_win,B,test,Scrap,13,-0.8416633042899386,-0.2747252747252747,-0.8347243799216123,-0.6384558692188523,-0.4945054945054945,-0.0001860824483820158,-0.9368621610423046,0.9121597714924902,0.2963785223451758,0.4568294067819548,0.3621664322212979,0.17278070498032544,0.10047627203357501,1007.2110316439848,0.41497019528224643,0.17729360974391994
32,alpha_win,B,all,Scrap,39,-0.6389620482617036,0.08866396761133602,-0.6202257284356599,-0.6645115064223416,-0.48900317321369946,-0.00011063407670415279,-0.5001480433000809,0.4884907719058852,0.7151987332861509,0.30078188540409884,0.2418580047560707,0.2760380247636071,0.005042610333727146,38.44931162702164,0.036386565488155664,0.005401079756625293
32,alpha_dr,B,train,Scrap,21,-0.07172685110712808,-0.1077922077922078,-0.3371827190743159,0.23588524925200396,0.2300751879699248,-2.1177050097721755e-05,-0.40325946788872,0.15610650956774896,0.9186367565214507,0.08683423480080453,0.017489066684363095,0.0813709532240203,0.004905721404337315,11.477394159590858,0.013885167545218735,0.0022408783923157927
32,alpha_dr,B,val,Scrap,7,0.08402797857648789,-0.07142857142857144,0.07361520774955743,-0.13746129728278014,-0.03571428571428572,0.00012401400155184945,-0.10605269177955973,0.020889499250287595,0.9895001267052533,0.13026130349948253,0.012955878709132644,0.12952954260118957,0.010094803604993874,-26.564689497014115,0.02498006050184809,-0.004102615143825261
32,alpha_dr,B,test,Scrap,13,-0.9206653486574304,-0.8846153846153846,-0.9052955189055526,-0.7568986037810908,-0.8076923076923077,-0.000796807500787524,-0.9409090962304976,0.8518401245474805,0.38491541337353524,0.5699268598345223,0.3621664322212979,0.2599194306331497,-0.2503405409487913,1007.2110316439848,-0.3424150844617186,0.17729360974391994
32,alpha_dr,B,all,Scrap,39,-0.9210980240141199,-0.5937246963562753,-0.90692568348943,-0.7700405636674148,-0.48681474997264473,-0.0006958350867530735,-0.9420747080626357,0.8070968390155787,0.4392074236444795,0.4279130530903285,0.2418580047560707,0.21588502538932045,0.000609575492671155,38.44931162702164,0.0013825339077313537,0.005401079756625293
33,alpha_cc,A,train,Concentrate,21,-0.3077404873202096,-0.37792207792207794,-0.24596824562505804,-0.3885550254779819,-0.33684210526315783,-0.00011660827524416292,-0.21920236230340376,0.1534415529890389,0.9200861084762454,0.010874072092376738,0.0266281856658942,0.026464365511184994,0.004607786899984312,10.72511298368886,0.0018681793405956881,0.00897964064205059
33,alpha_cc,A,val,Concentrate,7,-0.967205209733383,-0.7142857142857144,-0.978600092263803,-0.8754190379850086,-0.6785714285714287,-0.0018103349306219953,-0.9722333806297079,0.970761010861478,0.17099412018698754,0.13239735322237958,0.13989292572180415,0.03293538953655518,-1.3491342946853764,632.0149484120225,-0.291464365808888,0.24118822545929497
33,alpha_cc,A,test,Concentrate,13,-0.9142637464059241,-0.8956043956043955,-0.9636117732641714,-0.8295433573472577,-0.8681318681318682,-0.0016819380868977533,-0.9627113861126441,0.9564520873160124,0.20868136640339402,0.15133539865047582,0.16966765945096213,0.04744439478873488,-2.0018891982837763,1304.6996001199227,-0.4290358556331286,0.43993937412381445
33,alpha_cc,A,all,Concentrate,39,-0.9804989029657997,-0.8975708502024292,-0.9883120650351277,-0.8149195597257942,-0.7266659371922528,-0.0017052225473622293,-0.9884069606427647,0.9882993550720186,0.10816951940348726,0.2446503079669788,0.24106662529287615,0.03715223687834388,-0.04566628188857402,126.37410726491021,-0.01753524184845623,0.04266367870215504
33,alpha_refc,A,train,Refined,21,-0.11638875400342646,-0.09090909090909091,0.0011599386013411439,-0.2823744997493807,-0.32631578947368417,-0.0002942211222123266,-0.0083545828761121,0.005710272105232425,0.9971407763674934,0.029646075050406655,0.07503627232597755,0.08044974750691472,0.006121711363713089,10.88210013974242,0.0010544118616342413,0.018720842580263408
33,alpha_refc,A,val,Refined,7,-0.6811386504628674,-0.4642857142857144,-0.8633622361678901,-0.6187288379355589,-0.42857142857142866,-0.006335927430200145,-0.857083882417363,0.8538351407999997,0.382315130749491,0.15682214769670116,0.17111206056071107,0.0887370823253173,0.8465596418457437,-114.38560767707168,0.0876241990448956,-0.1484156768951479
33,alpha_refc,A,test,Refined,13,-0.6588837486597019,-0.7472527472527472,-0.6813748097315603,-0.19463924915375183,-0.510989010989011,-0.00853508072431181,-0.9226055063779895,0.9218889517388468,0.2794835384439543,0.3032047022369184,0.31539733017086263,0.12227478824719579,-3.112724502176011,575.9172813219727,-0.3191778942898833,0.2795819445657681
33,alpha_refc,A,all,Refined,39,-0.7860009306785738,-0.7718623481781377,-0.8004683029095861,-0.31295712290363276,-0.6415362731152205,-0.007458771994272343,-0.9346906825840509,0.9335393510599345,0.25779962944128815,0.28615227858697917,0.27228910635714443,0.10183068523748406,-0.11510818717727744,41.50502390628742,-0.021306415084471064,0.060547268701890644
33,alpha_win,A,train,Scrap,21,-0.13488899283052105,-0.08181818181818182,-0.12696016989587403,-0.022834822069959602,0.025563909774436087,-3.330865570822991e-06,-0.13318751976223608,0.12560571444978055,0.9350905226501974,0.04115710076526758,0.029127054807091293,0.04714833855858464,-0.0009500335679504812,4.592123198340232,-0.009644353111191606,0.0026439007825480587
33,alpha_win,A,val,Scrap,7,-0.8064246008517285,-0.8571428571428573,-0.7359201611615205,-0.5562524400039167,-0.42857142857142866,-3.1506873490786984e-05,-0.6349962245570667,0.5299659807221134,0.6855902706995531,0.09796441638947954,0.18203896518535168,0.14172862565994615,0.022495786054969186,-998.4853007495567,0.09954525565507821,-0.21541304748946288
33,alpha_win,A,test,Scrap,13,-0.9288695034797191,-0.6263736263736264,-0.935370322361746,-0.7876455866691594,-0.7582417582417583,-0.00023676772120728587,-0.9708887697575077,0.879853268092221,0.34662188607729183,0.5852270608624459,0.37275980652932733,0.24050678375302081,-0.009873397594922229,-1702.5884671556933,-0.04756184312033351,-0.5467767719449927
33,alpha_win,A,all,Scrap,39,-0.5244470242733233,-0.33056680161943325,-0.38801173006295603,-0.7532280632564107,-0.4456723930408141,-0.00010530141741560578,-0.4916657391106411,0.47956300279174624,0.7214131945066251,0.3564737655354328,0.2848794859323758,0.32919679026536336,-0.0008824827621327774,-160.8661395376257,-0.008690678351107373,-0.033052663447756814
33,alpha_dr,A,train,Scrap,21,-0.25080835591749273,-0.2792207792207792,0.010946008728823665,-0.3130214704375438,-0.24360902255639094,-2.9876194249305904e-05,-0.05890736565170624,0.04710442864497415,0.9761637011050072,0.058298339103092435,0.029127054807091293,0.06361623463179207,0.0036759720928367656,4.592123198340232,0.0071299248416043515,0.0026439007825480587
33,alpha_dr,A,val,Scrap,7,-0.8747985296014493,-0.9285714285714288,-0.7971645372284903,-0.8720894486009392,-0.6785714285714287,-0.0004112286104160286,-0.6541783388213085,0.6448530542316974,0.5959420657818196,0.21574167883936782,0.18203896518535168,0.16822322136186707,0.2843886516788537,-998.4853007495567,0.3215611331451895,-0.21541304748946288
33,alpha_dr,A,test,Scrap,13,-0.9207217640233503,-0.9175824175824175,-0.9348452320202494,-0.7733909942783548,-0.8461538461538461,-0.000750276071099664,-0.9892809983877277,0.9641749515533965,0.1892750602868838,0.4680838876820971,0.37275980652932733,0.11325742602725589,0.3654671410149485,-1702.5884671556933,0.34517665615650195,-0.5467767719449927
33,alpha_dr,A,all,Scrap,39,-0.7563441038832921,-0.8742914979757086,-0.6621221135443985,-0.7661374607256715,-0.6920888499835869,-0.00047540013646873866,-0.8794650636367625,0.8747402791824482,0.3539205007025614,0.3160674413360274,0.2848794859323758,0.1505951272837038,0.017189489310468264,-160.8661395376257,0.060489147264733534,-0.033052663447756814
33,alpha_cc,B,train,Concentrate,21,-0.015712374143880443,-0.012987012987012986,-0.3634583511692614,0.16497115539577645,0.25112781954887214,-3.36366902845415e-05,-0.3500920877345639,0.21536806193218763,0.8857945236158397,0.0319377837169314,0.010986047991013593,0.029917246536243548,0.012615845045163887,-2.2012799638005163,0.004962106637910191,0.0003741607518268353
33,alpha_cc,B,val,Concentrate,7,-0.5903286970048915,-0.8928571428571429,-0.12691070837257665,-0.8313086510227442,-0.8928571428571429,-0.0009570738547138094,-0.1295545373776626,0.11451044829708731,0.9410045439331909,0.03935349083687809,0.023699187412604444,0.04322836738179575,-0.03917065377550255,-2.825374029966042,-0.00736776031326114,0.0013394205811625426
33,alpha_cc,B,test,Concentrate,13,-0.9025801214426978,-0.8791208791208791,-0.9438820701743815,-0.8422641676393958,-0.8901098901098902,-0.0019672807103727867,-0.9223769045881798,0.9167388287014921,0.2885501192141633,0.1047041788137892,0.11697835656970056,0.04530043977022286,-0.09046141405680697,126.02193472315776,-0.014491104705065094,0.03518659761014309
33,alpha_cc,B,all,Concentrate,39,-0.8637972214594452,-0.6414979757085021,-0.9108226804004468,-0.8064167851979793,-0.6947149578728526,-0.001995073327647057,-0.8566738753748167,0.8564906942332403,0.37882622106549024,0.0716211203320412,0.07015508583642689,0.037979706305435804,0.0005999244746757171,-0.920181044124547,0.00011372558184086223,0.001359771657656772
33,alpha_refc,B,train,Refined,21,0.0348786219206309,0.2701298701298701,0.09807508366714425,-0.17078616581596792,-0.16240601503759397,0.0009551889721814129,0.05104555169791343,-0.023571577394280306,1.0117171429773641,0.08616204155681448,0.021085093669046893,0.08974380776466304,0.05352475416832991,8.54486788996951,0.006876156896058472,0.006077395166810717
33,alpha_refc,B,val,Refined,7,0.03377485444498651,-0.07142857142857144,-0.011901440469395272,-0.2430658347501376,-0.3571428571428572,0.0005686048617715111,-0.00016255512845173012,0.00012396213922357327,0.9999380170094426,0.12145104657909854,0.05623745341225066,0.133831189737955,0.09563524030589043,-3.351867454818148,0.006183842440274923,0.007523638942624977
33,alpha_refc,B,test,Refined,13,-0.4922840476675171,-0.5934065934065934,-0.42024418440292316,-0.320575904832387,-0.34615384615384615,-0.006608729144292701,-0.857055661440119,0.8559721225481969,0.37951004921056186,0.2989683478138214,0.28429910189766044,0.15657172319074963,-3.5734262384500646,880.4863911271539,-0.42827671713047777,0.4619672453223478
33,alpha_refc,B,all,Refined,39,-0.7262260229379764,-0.5892712550607287,-0.7020331263425444,-0.3521278403215534,-0.40868804026698763,-0.006208884155228962,-0.9198159816559035,0.9127229715431926,0.29542685804917496,0.30694355704890464,0.27098807251781376,0.12096237556668003,-0.2023997960360182,19.711314713594902,-0.030507100927964936,0.010345419073955142
33,alpha_win,B,train,Scrap,21,-0.1440700227741863,-0.1064935064935065,-0.39318255857938145,0.028698798854739725,0.009022556390977442,-1.0891893442821141e-05,-0.381598280855825,0.15261652390872613,0.9205343427006262,0.04624171739461284,0.009649636270751409,0.04348403820932472,-0.0007157529934579687,-7.158399777611066,-0.0042953075193157275,-0.00027825731168462653
33,alpha_win,B,val,Scrap,7,-0.5040523096763554,-0.14285714285714288,0.026444655901183556,-0.5935956301786185,-0.42857142857142866,-0.00017228717791273977,0.041126216215390414,-0.009800670172611882,1.0048883869229517,0.056633125415580014,0.006846665269470776,0.05732434858041594,-0.002220183012813487,1.0067871551013923,-0.01254336182010718,-1.975964991096646e-05
33,alpha_win,B,test,Scrap,13,-0.9068039903700508,-0.8186813186813187,-0.9250084854071249,-0.68295609368063,-0.6648351648351648,-0.0002079288126627632,-0.9822804184371634,0.8930256174513947,0.3270693849148912,0.6059015926082876,0.3888781492776148,0.2354770000446048,-0.04381974633872643,55.87987367600999,-0.23085571834773178,-0.004187875275276198
33,alpha_win,B,all,Scrap,39,-0.9180506500083027,-0.3775303643724696,-0.9325285884646559,-0.7112876787537793,-0.2988291935660357,-0.00021111542422928752,-0.958868415243607,0.8320317477141604,0.409839300562842,0.39764321763732274,0.2304827821597815,0.18836672660373058,-0.002120727199187461,3.69085517677172,-0.017717757899850195,-0.0010520486375149574
33,alpha_dr,B,train,Scrap,21,-0.42220337672746555,-0.5181818181818182,-0.4912437846711366,-0.29851829241541655,-0.2706766917293233,-0.0001735376548558193,-0.48508558623736636,0.12040335452368375,0.9378681386401375,0.07653703188575951,0.009649636270751409,0.072349902739828,-0.003881199180429895,-7.158399777611066,-0.03056105029455447,-0.00027825731168462653
33,alpha_dr,B,val,Scrap,7,-0.30629415116451125,-0.25,-0.37580799548701554,-0.2892030539608556,-0.21428571428571433,-0.0005791915759853295,-0.5269531900539777,0.066613652400977,0.9661192201788674,0.10788780651357617,0.006846665269470776,0.10444216009087295,-0.0013760968566978171,1.0067871551013923,-0.0034540616238039057,-1.975964991096646e-05
33,alpha_dr,B,test,Scrap,13,-0.9156032896604849,-0.9395604395604396,-0.9290880039072138,-0.7381955365902422,-0.945054945054945,-0.0006853293214187006,-0.9704694709816969,0.9522117166296065,0.21860531414033257,0.4728514130868368,0.3888781492776148,0.13383478563149842,-0.1836732468355443,55.87987367600999,-0.23918649083365884,-0.004187875275276198
33,alpha_dr,B,all,Scrap,39,-0.9257013352982804,-0.5831983805668016,-0.9346610817662568,-0.7628678659885667,-0.615931721194879,-0.0007068875210513776,-0.9185484035291903,0.8608468705668415,0.37303234368236565,0.33172291362080775,0.2304827821597815,0.15068032108817575,-0.0124845711396388,3.69085517677172,-0.033625485129047616,-0.0010520486375149574
34,alpha_cc,A,train,Concentrate,21,-0.2164679570292255,-0.1987012987012987,-0.15831395549640245,-0.16952426573149984,-0.14887218045112782,-2.6177464644391983e-05,-0.18970742657585069,0.04837042077849386,0.9755150328013947,0.0032437755870768103,0.025023504939437075,0.024615046926067634,-0.000638889305875967,8.93332545428325,-0.00025491580542835734,0.010272246435922838
34,alpha_cc,A,val,Concentrate,7,-0.7496881978741531,-0.6071428571428572,-0.6495065831359411,-0.6236729716615254,-0.28571428571428575,-0.002567185788728904,-0.5582559368007549,0.5241312579519382,0.6898324014194042,0.08792036169621388,0.061406089645786914,0.07397852807964932,0.9793550062603149,-217.6277399456394,0.165988928702679,-0.13268551293895836
34,alpha_cc,A,test,Concentrate,13,-0.9404437633644902,-0.8131868131868131,-0.7942556895994346,-0.9456639717164982,-0.8956043956043955,-0.0028526105990928402,-0.7558233404090479,0.674979454188579,0.5701057321334535,0.21323291579836093,0.13132956240474372,0.14277219934738253,0.6415387119912648,-246.27001665776334,0.10886756988371893,-0.08856888119561379
34,alpha_cc,A,all,Concentrate,39,-0.9109143462814774,-0.8060728744939271,-0.7925944540065317,-0.9071168540472405,-0.5119816172447751,-0.0027131885789032717,-0.755051223179066,0.7036393669844737,0.5443901477943243,0.13212700851609377,0.09035827226635365,0.08714012088069646,0.006777599319159222,-17.681223797132134,0.0028474873115198474,-0.006097153176580328
34,alpha_refc,A,train,Refined,21,-0.20106799462720348,-0.16753246753246753,-0.1169361271705345,-0.3384883411777158,-0.4030075187969925,-0.0002627004432587035,-0.15395194721163571,0.06708784257286052,0.9658737792419564,0.016919328798607688,0.0737719420419317,0.0731043512993232,-0.042855288179569406,21.88429686302692,-0.007057393435365267,0.024341807520754877
34,alpha_refc,A,val,Refined,7,-0.8889030609237454,-0.7500000000000002,-0.9457262813032411,-0.8410411592331716,-0.642857142857143,-0.010331508129421116,-0.8948073829358653,0.894328488853119,0.32507154773508096,0.2629098957165607,0.2544456707065146,0.11893541791521575,0.21649608231516027,-122.29377565929758,0.023149745654878373,-0.05797996907539549
34,alpha_refc,A,test,Refined,13,-0.8004922368458199,-0.7692307692307693,-0.8441215185279376,-0.4782356878696933,-0.4340659340659341,-0.010594765243871044,-0.9222368388763593,0.9203983691310637,0.2821376098093559,0.3123987234873642,0.2932675354087118,0.12089154098856479,0.8060555547988884,-76.95398099720433,0.09130286982049718,-0.037723487750562334
34,alpha_refc,A,all,Refined,39,-0.7503432698783714,-0.7202429149797571,-0.7801309954095784,-0.5339311806643147,-0.43079111500164136,-0.009404146788568567,-0.8819113404730529,0.8800835619257712,0.3462895292587242,0.20388374238034748,0.19116028997329898,0.096782092002656,0.03343957279643739,9.76367361447626,0.00673739552080721,0.010651622795432303
34,alpha_win,A,train,Scrap,21,-0.07405053637796295,-0.12727272727272726,0.006032049983287791,0.054093669182094926,0.06466165413533834,-1.7778578822990622e-06,-0.05357597193271179,0.0527174195122013,0.9732844293873187,0.0330288413630089,0.027581587294263153,0.04188119146118164,-0.00035587520244942383,-65.10216420866436,-0.003878054198328318,-0.008965735182174583
34,alpha_win,A,val,Scrap,7,0.0378980711155989,0.28571428571428575,0.07731492490705,-0.7770867731681892,-0.8571428571428573,1.6624536607602447e-06,0.2199898071670305,-0.20031030328801333,1.0955867392808354,0.12358750464152937,0.1918416740198559,0.2500173568539253,0.02796839120247452,-1166.413191447631,0.13431650496437886,-0.24122513798625533
34,alpha_win,A,test,Scrap,13,-0.8542469011988727,-0.6538461538461539,-0.8687337581883336,-0.6484308029458341,-0.5054945054945055,-0.0001876414350764747,-0.9312106476940212,0.8980038142423079,0.31936841696963736,0.5880626905054754,0.44841284077051924,0.23617975781775122,0.05464981187532705,-1101.6741914017557,0.21810552776253034,-0.2900557380494053
34,alpha_win,A,all,Scrap,39,-0.7534635724000284,-0.6477732793522267,-0.7112607383974761,-0.6237245914852676,-0.36426304847357477,-0.00015033716509268226,-0.8741895552988643,0.85684435067945,0.3783591538743975,0.3370800294544022,0.2757366749282784,0.16477254888440462,0.0011150210104806102,-110.5416549078875,0.013040269959063266,-0.028623130365808436
34,alpha_dr,A,train,Scrap,21,-0.17524552702741164,-0.20909090909090908,-0.07290045824794729,-0.052628108868894186,-0.09774436090225563,-1.7898053255483848e-05,-0.1485448086584546,0.13348719692009975,0.9308666945808622,0.044157859646780775,0.027581587294263153,0.04846464743298967,0.0010253772579646436,-65.10216420866436,0.003845101972963505,-0.008965735182174583
34,alpha_dr,A,val,Scrap,7,-0.9315624123789399,-1.0,-0.9433415184656048,0.3598569055954971,0.21428571428571433,-0.0006088559728921688,-0.9389697508342817,0.8658931621197377,0.36620600470262954,0.28849387598951276,0.1918416740198559,0.1268743650413374,0.3947208752647969,-1166.413191447631,0.5527558608757036,-0.24122513798625533
34,alpha_dr,A,test,Scrap,13,-0.9277479859555767,-0.9175824175824175,-0.913477756953493,-0.7547465551284472,-0.7582417582417583,-0.000744886931370161,-0.9049816921531296,0.850822692076172,0.3862347834204319,0.6394785731283997,0.44841284077051924,0.30166072055904775,0.1123489775003852,-1101.6741914017557,0.13425711200267215,-0.2900557380494053
34,alpha_dr,A,all,Scrap,39,-0.8497583548569642,-0.7182186234817814,-0.7791486954986467,-0.7449414183799745,-0.580916949338002,-0.0006418498941548811,-0.8321612902611834,0.7717307074633732,0.47777535781643937,0.4085641414193465,0.2757366749282784,0.23549787850988718,0.007932761589450527,-110.5416549078875,0.020649430139839775,-0.028623130365808436
34,alpha_cc,B,train,Concentrate,21,0.2343253318410152,0.3194805194805195,0.03484828404691641,0.2179778170560764,0.10075187969924812,0.00037210764623053555,0.015236171595818422,-0.01140034071431313,1.0056840163363008,0.027458535769216596,0.012351390150354398,0.030279741636783795,-0.006518630000351688,-1.0163040608133542,-0.002573610169361862,0.0021796544377146176
34,alpha_cc,B,val,Concentrate,7,0.07146467134282315,-0.07142857142857144,-0.17125025493841262,-0.0202496482715738,-0.42857142857142866,0.00021932656386608213,-0.173952135734462,0.08541296982047243,0.9563404363402854,0.04070431907786092,0.010681336182312609,0.040245147870662024,0.02056342313014259,-9.46611363230818,0.00509876171546586,-0.0012428064450453746
34,alpha_cc,B,test,Concentrate,13,-0.9629506891651508,-0.9065934065934067,-0.7595510964075225,-0.9599134443121338,-0.8791208791208791,-0.0022209879448963645,-0.746401877034742,0.6651148386929508,0.578692631115214,0.23309128299778778,0.1428697048434454,0.15821005551402512,-0.5993570548517475,297.89387934786737,-0.08652349880574084,0.1365000273616861
34,alpha_cc,B,all,Concentrate,39,-0.9513778482791201,-0.45384615384615384,-0.8132696384427643,-0.9293019197259627,-0.5303643724696355,-0.0021222104348322004,-0.7987631559777486,0.7534714102568922,0.49651645465493666,0.15256774006792506,0.10804984939911746,0.0928255874068581,-0.010346135929033995,7.798734062551148,-0.004136662487637555,0.004841658675636573
34,alpha_refc,B,train,Refined,21,0.3554079580854497,0.2675324675324675,0.2459344602346775,0.09218999431778903,0.04210526315789473,0.007239654861716505,0.17016075898432254,-0.08853337624284026,1.0433280290698799,0.07252618923624136,0.020353332693085736,0.07859180472143194,0.14290962663970053,1.2973876221003025,0.019908858448162814,0.0010367375378086408
34,alpha_refc,B,val,Refined,7,0.22595506264458068,0.3214285714285715,0.36427156029204694,-0.11776554890261022,-0.3571428571428572,0.003566905491501502,0.3320232716876729,-0.25437974715946743,1.1199909585168388,0.10560148963022563,0.04925337638363896,0.13050451503282592,0.1943480446968131,-22.674310433840674,0.012526828398693457,0.0015649227491287832
34,alpha_refc,B,test,Refined,13,-0.7436464362703131,-0.7692307692307693,-0.6849562073158234,-0.5322180649308326,-0.4450549450549451,-0.008974876807626637,-0.8083001976672481,0.7853753264596103,0.4632760230579495,0.3119190854684941,0.24511057050250595,0.18378265969313995,1.0958156307727354,-161.89129652402733,0.12294268340991454,-0.08904168921638966
34,alpha_refc,B,all,Refined,39,-0.680674896004581,-0.5178137651821862,-0.6156748989498481,-0.5121130401863192,-0.23908523908523907,-0.008090704754964621,-0.737234187828617,0.708961804579026,0.539479559780511,0.18775256658552897,0.14169007327365618,0.12689483933953188,0.1943480446968131,-2.213227698001674,0.028748329191790045,-6.2422892614932834e-06
34,alpha_win,B,train,Scrap,21,-0.10046702703727502,-0.35194805194805195,-0.3579595846784526,0.30296812807183976,0.35639097744360904,-5.972383768316871e-06,-0.42749481000889367,0.25005970997504495,0.8659909295281071,0.04051916695145625,0.013086904575102738,0.03687403168879419,-0.0010994761019455096,-1.3461588101404232,-0.012030115362893223,-0.00038325660893612223
34,alpha_win,B,val,Scrap,7,-0.3867319591532029,-0.42857142857142866,-0.9008849467586532,-0.527826224492557,-0.21428571428571433,-7.952929721391814e-05,-0.9007081731486103,0.22071599436483647,0.8827706415797727,0.07422182334958653,0.009234701801904532,0.06602604381022811,-0.005464697875344343,-12.506693211762467,-0.029967587073325364,-0.0003708873182457495
34,alpha_win,B,test,Scrap,13,-0.7835755754325616,-0.7417582417582418,-0.787887259060094,-0.5686190083083993,-0.5164835164835164,-0.00012924977380027335,-0.9591605121496882,0.9396224555280434,0.24571842517800063,0.5683871589246007,0.4636943142683908,0.18024353118347708,0.010173154770144244,1458.3458903242563,0.04777156531710203,0.2751566202815088
34,alpha_win,B,all,Scrap,39,-0.7413811251396472,-0.18866396761133603,-0.7467039253927974,-0.6048983743270456,-0.40956340956340953,-9.752774580203203e-05,-0.885340661652692,0.8844996898421933,0.3398533656708533,0.3282780630106005,0.3142715402071901,0.15444945995392972,-0.0008509669185050861,9.171203495803866,-0.007299141464720549,0.0054738233844418005
34,alpha_dr,B,train,Scrap,21,-0.17911183288072405,-0.34155844155844156,-0.3929067159982543,-0.012677792261628592,-0.18796992481203004,-6.64721891713147e-05,-0.45714408527370576,0.1569116435591692,0.9181984297747579,0.07393803282332255,0.013086904575102738,0.068945023517395,-0.002832893031210315,-1.3461588101404232,-0.009615203445337173,-0.00038325660893612223
34,alpha_dr,B,val,Scrap,7,-0.3944159308768613,-0.5,0.02053400783910807,-0.3995599093092559,-0.28571428571428575,-0.0005511904741257983,-0.1874176359889173,0.02630567347237797,0.9867595079489339,0.13093596918907102,0.009234701801904532,0.12952325636744,0.016221510249512794,-12.506693211762467,0.03984209930015925,-0.0003708873182457495
34,alpha_dr,B,test,Scrap,13,-0.8675853884288877,-0.8791208791208791,-0.8541513827891124,-0.6676311588327595,-0.8131868131868131,-0.0005158842317344192,-0.8976787706815211,0.83895733064733,0.4013012202232507,0.6726498152250165,0.4636943142683908,0.327858477506861,-0.3521923408095079,1458.3458903242563,-0.524100391129176,0.2751566202815088
34,alpha_dr,B,all,Scrap,39,-0.886320352599169,-0.7775303643724697,-0.8782312397402353,-0.7015178710787402,-0.38658496553233396,-0.0004591271372480262,-0.9235183362508887,0.8326374138978808,0.40909972635302405,0.4993618106739012,0.3142715402071901,0.2413788297160643,-0.0054231847130463695,9.171203495803866,-0.015952327026068414,0.0054738233844418005
