seed,year,mode,relgap,cond,simple_ok
0,1980.0,S_conc,0.8647934502922541,1.5597886585002263,True
0,1980.0,S_ref,0.566199710604784,1.422430800206356,True
0,1980.0,S_iu_short,0.5146098248907889,1.0173974903959373,True
0,1980.0,S_iu_med,0.5646572231378114,1.132935122570293,True
0,1980.0,S_iu_long,1.2970405233496236,1.479204338599064,True
0,1980.0,S_scrap,0.6975516337153311,1.2270023476857066,True
0,1981.0,S_conc,0.8950247285546296,1.6357523932442775,True
0,1981.0,S_ref,0.5254996986890978,1.4934073816091793,True
0,1981.0,S_iu_short,0.5248151940789131,1.0223281711155174,True
0,1981.0,S_iu_med,0.5525005576033325,1.2241691142414302,True
0,1981.0,S_iu_long,1.2346396559609365,1.3538127371921906,True
0,1981.0,S_scrap,0.6620774515717837,1.2072284360053844,True
0,1982.0,S_conc,0.8663463801513542,1.6150371634102345,True
0,1982.0,S_ref,0.5291906710149406,1.4782209610237405,True
0,1982.0,S_iu_short,0.5242380288718489,1.0276646680717918,True
0,1982.0,S_iu_med,0.5597556332572768,1.18880806769406,True
0,1982.0,S_iu_long,1.27146574844056,1.3808091123317916,True
0,1982.0,S_scrap,0.7027993378047409,1.1956708216666896,True
0,1983.0,S_conc,0.8617369714253328,1.465177132598075,True
0,1983.0,S_ref,0.5952309759710159,1.350947590722234,True
0,1983.0,S_iu_short,0.5213278553688018,1.0250382783250465,True
0,1983.0,S_iu_med,0.5606356677141354,1.176318106265282,True
0,1983.0,S_iu_long,1.2760154307413551,1.3932606733758366,True
0,1983.0,S_scrap,0.7191473072903519,1.1977477098472782,True
0,1984.0,S_conc,0.8887385492272618,1.5212686551734844,True
0,1984.0,S_ref,0.5681502267635544,1.3968612209374411,True
0,1984.0,S_iu_short,0.5269397129163386,1.0274424099690271,True
0,1984.0,S_iu_med,0.5523545489439605,1.2263992718853485,True
0,1984.0,S_iu_long,1.2339107828324896,1.3411251288600756,True
0,1984.0,S_scrap,0.6616285186775668,1.194606219250901,True
0,1985.0,S_conc,0.9073541425881179,1.5930979159753174,True
0,1985.0,S_ref,0.5405560207067136,1.4564135341330544,True
0,1985.0,S_iu_short,0.5259076420712309,1.029836709050845,True
0,1985.0,S_iu_med,0.5564841228353413,1.205285644063168,True
0,1985.0,S_iu_long,1.2547107138370657,1.378983423623885,True
0,1985.0,S_scrap,0.5869419716988142,1.1960313218458953,True
0,1986.0,S_conc,0.9369441750787528,1.472376443709101,True
0,1986.0,S_ref,0.594503078878777,1.3545938984361687,True
0,1986.0,S_iu_short,0.5074663364362405,1.0440348838698879,True
0,1986.0,S_iu_med,0.5604636099725795,1.1396268082509011,True
0,1986.0,S_iu_long,1.2751244781748672,1.436126467683071,True
0,1986.0,S_scrap,0.4032461921659857,1.1879939393404462,True
0,1987.0,S_conc,0.9059562699710697,1.3869812898801845,True
0,1987.0,S_ref,0.6674815429290583,1.2859120458639048,True
0,1987.0,S_iu_short,0.5056699797768492,1.020807440675866,True
0,1987.0,S_iu_med,0.5648453968592401,1.081554384934367,True
0,1987.0,S_iu_long,1.2980338316139308,1.5299768097102533,True
0,1987.0,S_scrap,0.5825854421558557,1.2378199017423743,True
0,1988.0,S_conc,0.869922743989121,1.3643457591204937,True
0,1988.0,S_ref,0.6544993825155568,1.272163438997797,True
0,1988.0,S_iu_short,0.5168352194444827,1.020283829384008,True
0,1988.0,S_iu_med,0.5496308476318178,1.2170345459279555,True
0,1988.0,S_iu_long,1.2204007417952283,1.3201160463943973,True
0,1988.0,S_scrap,0.7206410761561348,1.199564994430477,True
0,1989.0,S_conc,0.8393624448050188,1.3564951143743227,True
0,1989.0,S_ref,0.6532294043671295,1.2673399425629768,True
0,1989.0,S_iu_short,0.5262107815443869,1.0282136769418093,True
0,1989.0,S_iu_med,0.5415289295500975,1.2816125329937271,True
0,1989.0,S_iu_long,1.181162704592657,1.240626726148901,True
0,1989.0,S_scrap,0.7750482652526445,1.1944204818184458,True
0,1990.0,S_conc,0.8424009250917762,1.3353397668916698,True
0,1990.0,S_ref,0.667181403450272,1.2516684132447922,True
0,1990.0,S_iu_short,0.5182022074884097,1.0357956182279469,True
0,1990.0,S_iu_med,0.5710486187470437,1.1434209681016703,True
0,1990.0,S_iu_long,1.3312665344007635,1.4232568989492054,True
0,1990.0,S_scrap,0.7429031396227795,1.1905853934469592,True
0,1991.0,S_conc,0.8582861660830051,1.3574753296466797,True
0,1991.0,S_ref,0.6472119974602398,1.2681233790758846,True
0,1991.0,S_iu_short,0.5098593760837783,1.0459626015734962,True
0,1991.0,S_iu_med,0.5707920050134704,1.1189270610155975,True
0,1991.0,S_iu_long,1.3298727229705594,1.4097169637066644,True
0,1991.0,S_scrap,0.7020169577490885,1.1774971225923674,True
0,1992.0,S_conc,0.8278605036345076,1.5504137801006395,True
0,1992.0,S_ref,0.5419037340487589,1.4300477401443323,True
0,1992.0,S_iu_short,0.5164781344511928,1.0479561212639998,True
0,1992.0,S_iu_med,0.5599495964675785,1.1654677549322772,True
0,1992.0,S_iu_long,1.2724669537232298,1.3333182802822092,True
0,1992.0,S_scrap,0.7465115550861154,1.1713037660763763,True
0,1993.0,S_conc,0.5738533081108226,2.3454386358875334,True
0,1993.0,S_ref,0.3646167690174686,2.162094560883686,True
0,1993.0,S_iu_short,0.5093678950233045,1.0434667771789408,True
0,1993.0,S_iu_med,0.569254340533849,1.1148470436413889,True
0,1993.0,S_iu_long,1.3215556048535932,1.4067429672168894,True
0,1993.0,S_scrap,0.7584254423984595,1.1831609167586241,True
0,1994.0,S_conc,0.4687922898713586,2.722766993239236,True
0,1994.0,S_ref,0.31916853942119816,2.5267847609365375,True
0,1994.0,S_iu_short,0.5139243268333525,1.0307947617281699,True
0,1994.0,S_iu_med,0.5647817072224133,1.1351634008387328,True
0,1994.0,S_iu_long,1.297697538442021,1.4019556875731498,True
0,1994.0,S_scrap,0.7870299519181354,1.1968712051764387,True
0,1995.0,S_conc,0.8187054067514326,1.873869746914607,True
0,1995.0,S_ref,0.45297084051449427,1.7128156220102921,True
0,1995.0,S_iu_short,0.5071264297975053,1.0410096877212005,True
0,1995.0,S_iu_med,0.5723085934443739,1.0961734177304159,True
0,1995.0,S_iu_long,1.3381344227919123,1.4406896694115652,True
0,1995.0,S_scrap,0.811894023916732,1.2016452437154534,True
0,1996.0,S_conc,0.8241255288626834,1.6162594273426416,True
0,1996.0,S_ref,0.5180987229958511,1.4879578934281987,True
0,1996.0,S_iu_short,0.5119277540646455,1.0478442926173661,True
0,1996.0,S_iu_med,0.563209051045992,1.1390313841445618,True
0,1996.0,S_iu_long,1.2894247291403815,1.3537523946651273,True
0,1996.0,S_scrap,0.8104569376113508,1.1821893307941178,True
0,1997.0,S_conc,0.824089720273377,1.4671813569620986,True
0,1997.0,S_ref,0.5747423651670507,1.3607572952945937,True
0,1997.0,S_iu_short,0.520893237909807,1.0508890261481045,True
0,1997.0,S_iu_med,0.5530655935915755,1.1961357140260729,True
0,1997.0,S_iu_long,1.2374647949707513,1.2812594939313817,True
0,1997.0,S_scrap,0.830254097868099,1.1720335420029118,True
0,1998.0,S_conc,0.8778763104077218,1.3905273835739607,True
0,1998.0,S_ref,0.6238049485296967,1.2946660576569289,True
0,1998.0,S_iu_short,0.5018390162575947,1.0662961320757325,True
0,1998.0,S_iu_med,0.575064007183451,1.0942434892853157,True
0,1998.0,S_iu_long,1.3532955948773076,1.3943901144174287,True
0,1998.0,S_scrap,0.7846977510409461,1.1674776235082787,True
0,1999.0,S_conc,0.8649748253924293,1.285617330752338,True
0,1999.0,S_ref,0.702828531310685,1.2165243494814508,True
0,1999.0,S_iu_short,0.5132869247589606,1.0406627517166407,True
0,1999.0,S_iu_med,0.5659188342655832,1.1342549494305498,True
0,1999.0,S_iu_long,1.3037166293730156,1.3766531510764377,True
0,1999.0,S_scrap,0.8178981239622856,1.1753007792674421,True
0,2000.0,S_conc,0.8175459982916666,1.2419689733235637,True
0,2000.0,S_ref,0.7447395499880675,1.1846471163768824,True
0,2000.0,S_iu_short,0.5163373288754407,1.0486475548342344,True
0,2000.0,S_iu_med,0.5706455100564165,1.1432851079637893,True
0,2000.0,S_iu_long,1.3290777747110514,1.3760272413015537,True
0,2000.0,S_scrap,0.8650417989930081,1.1729820478646362,True
0,2001.0,S_conc,0.8557342575226833,1.360871660481065,True
0,2001.0,S_ref,0.6448457495694163,1.2692953958000928,True
0,2001.0,S_iu_short,0.5134436440627118,1.0548907676575148,True
0,2001.0,S_iu_med,0.5749511604053037,1.133115831657426,True
0,2001.0,S_iu_long,1.3526708153198255,1.3908313176790454,True
0,2001.0,S_scrap,0.8282114229333436,1.1697801625831121,True
0,2002.0,S_conc,0.8711892543403897,1.647932716455355,True
0,2002.0,S_ref,0.5174358254884682,1.508174516378266,True
0,2002.0,S_iu_short,0.5125873495662778,1.048421704615525,True
0,2002.0,S_iu_med,0.5759987008692058,1.1242756031848382,True
0,2002.0,S_iu_long,1.35848333967374,1.4154217892449699,True
0,2002.0,S_scrap,0.8127327887845605,1.1773027409992398,True
0,2003.0,S_conc,0.4885228054305062,2.6763648272839546,True
0,2003.0,S_ref,0.32819302710596837,2.4765900996803825,True
0,2003.0,S_iu_short,0.5267569492661373,1.0296229297827253,True
0,2003.0,S_iu_med,0.5566044581317412,1.207556893640528,True
0,2003.0,S_iu_long,1.2553226308646983,1.3450764078928583,True
0,2003.0,S_scrap,0.7950066342233274,1.1889922235197052,True
0,2004.0,S_conc,0.7878774302066142,1.9192866839687872,True
0,2004.0,S_ref,0.44067754136566506,1.7604752121237026,True
0,2004.0,S_iu_short,0.5302941070925881,1.0425924763620524,True
0,2004.0,S_iu_med,0.5474120798216102,1.2429085883643445,True
0,2004.0,S_iu_long,1.2095154453213088,1.268731100631817,True
0,2004.0,S_scrap,0.8528899777334448,1.1824469700080944,True
0,2005.0,S_conc,0.8651598250377419,1.7053985688039053,True
0,2005.0,S_ref,0.4991691155115185,1.559858527037559,True
0,2005.0,S_iu_short,0.5410817915607016,1.042957078165764,True
0,2005.0,S_iu_med,0.5351904356005205,1.3063823355348947,True
0,2005.0,S_iu_long,1.1514187241219338,1.218690019372312,True
0,2005.0,S_scrap,0.866964932980671,1.1938586052252735,True
0,2006.0,S_conc,0.8282238945140374,1.3196326219941321,True
0,2006.0,S_ref,0.6953971228415581,1.2375961493284546,True
0,2006.0,S_iu_short,0.5544238608273075,1.055754042324972,True
0,2006.0,S_iu_med,0.5031987064742871,1.439161272270074,True
0,2006.0,S_iu_long,1.0128772067060714,1.0977672411217487,True
0,2006.0,S_scrap,0.8907644695334067,1.2268110946445294,True
0,2007.0,S_conc,0.808495062680545,1.2961854450573254,True
0,2007.0,S_ref,0.6848986078908659,1.2213407453918614,True
0,2007.0,S_iu_short,0.5389148202511892,1.0702174428451448,True
0,2007.0,S_iu_med,0.5247532065663268,1.307736564023123,True
0,2007.0,S_iu_long,1.104169904598342,1.1553504581396121,True
0,2007.0,S_scrap,0.9095262175834007,1.1954955664856857,True
0,2008.0,S_conc,0.6931794798757391,2.0453263022679873,True
0,2008.0,S_ref,0.40939515752140515,1.8907625608835688,True
0,2008.0,S_iu_short,0.5304563653195321,1.0652171557655699,True
0,2008.0,S_iu_med,0.5766141681400848,1.181569503692731,True
0,2008.0,S_iu_long,1.3619118183691796,1.3533463894271103,True
0,2008.0,S_scrap,0.9155159279748283,1.1656129593797617,True
0,2009.0,S_conc,0.21152185398774,5.341267018892728,True
0,2009.0,S_ref,0.17459186005726027,5.138701793328366,True
0,2009.0,S_iu_short,0.5492897223412047,1.0649278934555932,True
0,2009.0,S_iu_med,0.5322118378813534,1.2884755362123268,True
0,2009.0,S_iu_long,1.1377197650127087,1.2081309694420392,True
0,2009.0,S_scrap,0.9045771920523961,1.1796494676260938,True
0,2010.0,S_conc,0.5658381806826782,2.3686195006797814,True
0,2010.0,S_ref,0.36136440384662394,2.1921696924227136,True
0,2010.0,S_iu_short,0.5430848917555529,1.0526314959947494,True
0,2010.0,S_iu_med,0.5277914166374007,1.3174075464615698,True
0,2010.0,S_iu_long,1.1177082230886102,1.1757870574291331,True
0,2010.0,S_scrap,0.9192989876197232,1.1963202122365029,True
0,2011.0,S_conc,0.14259691428263158,7.7555925316076095,True
0,2011.0,S_ref,0.12480071712092769,7.544954319106417,True
0,2011.0,S_iu_short,0.5475844558368311,1.0543906228741542,True
0,2011.0,S_iu_med,0.5386453096962973,1.2793052134953729,True
0,2011.0,S_iu_long,1.1675297141592198,1.2323234524815263,True
0,2011.0,S_scrap,0.9126289862811188,1.1806736183661841,True
0,2012.0,S_conc,0.13635822514476073,8.058917565851779,True
0,2012.0,S_ref,0.11999580953214824,7.853703467138767,True
0,2012.0,S_iu_short,0.5479400906047592,1.0596606045789634,True
0,2012.0,S_iu_med,0.5383037891125346,1.2743408524508826,True
0,2012.0,S_iu_long,1.1659263741363943,1.2286905197749824,True
0,2012.0,S_scrap,0.9097133155705064,1.1803226385110566,True
0,2013.0,S_conc,0.361024696917396,3.3167168320706746,True
0,2013.0,S_ref,0.2652594752579332,3.1323813938492995,True
0,2013.0,S_iu_short,0.5447937322941615,1.0635692389990798,True
0,2013.0,S_iu_med,0.534640432772688,1.2750254872305147,True
0,2013.0,S_iu_long,1.148875988427965,1.2062199151608306,True
0,2013.0,S_scrap,0.9161977017763396,1.1830177310605088,True
0,2014.0,S_conc,0.4045402975311312,3.0215644291067876,True
0,2014.0,S_ref,0.288023275830692,2.8406431292510144,True
0,2014.0,S_iu_short,0.5460366451436718,1.0654466637554516,True
0,2014.0,S_iu_med,0.531030289440879,1.282446336532642,True
0,2014.0,S_iu_long,1.1323338746286356,1.1928173015013412,True
0,2014.0,S_scrap,0.9159386592253703,1.1810439899367513,True
0,2015.0,S_conc,0.2159135611224483,5.1951135422039325,True
0,2015.0,S_ref,0.1775731170586926,5.00450379169942,True
0,2015.0,S_iu_short,0.5433692059694682,1.0707074359671622,True
0,2015.0,S_iu_med,0.5379297893427983,1.2551291837554897,True
0,2015.0,S_iu_long,1.1641732726671594,1.212998102120817,True
0,2015.0,S_scrap,0.9081127623478107,1.1675316083176612,True
0,2016.0,S_conc,0.13360087155463973,8.18187400342786,True
0,2016.0,S_ref,0.11785530066805365,7.982642452556635,True
0,2016.0,S_iu_short,0.5413819966659909,1.0580146113910065,True
0,2016.0,S_iu_med,0.5430642471931476,1.2480942475207162,True
0,2016.0,S_iu_long,1.1884914757867546,1.2330548456878214,True
0,2016.0,S_scrap,0.9030481395897584,1.167659575436276,True
0,2017.0,S_conc,0.42102941939262617,2.924079003856123,True
0,2017.0,S_ref,0.2962848014593405,2.7455048775047484,True
0,2017.0,S_iu_short,0.5408951457976509,1.0581615149705268,True
0,2017.0,S_iu_med,0.5369984279745794,1.2634163437064387,True
0,2017.0,S_iu_long,1.1598198805793605,1.2065144157735224,True
0,2017.0,S_scrap,0.9097385465972033,1.1738567449476476,True
0,2018.0,S_conc,0.39223557578934576,3.085319432853726,True
0,2018.0,S_ref,0.2817307520438578,2.908104499496489,True
0,2018.0,S_iu_short,0.5379851448182112,1.062590903840372,True
0,2018.0,S_iu_med,0.5464243660005141,1.2311199534622752,True
0,2018.0,S_iu_long,1.204703967852765,1.2384187495906058,True
0,2018.0,S_scrap,0.8980411515758541,1.1616879511389788,True
0,2019.0,S_conc,0.6195411349675463,2.1813196160042017,True
0,2019.0,S_ref,0.38254115415226,2.0266517302837816,True
0,2019.0,S_iu_short,0.5354222184936969,1.0710624359958452,True
0,2019.0,S_iu_med,0.53880707325341,1.2405624613073882,True
0,2019.0,S_iu_long,1.1682899758553027,1.2006841249161937,True
0,2019.0,S_scrap,0.9111663300749533,1.16670812587576,True
1,1980.0,S_conc,0.8502989942679986,1.8669896331124403,True
1,1980.0,S_ref,0.46566636750087187,1.691831469972123,True
1,1980.0,S_iu_short,0.5153279084426309,1.0178331505507565,True
1,1980.0,S_iu_med,0.5646665147688273,1.1360851984094569,True
1,1980.0,S_iu_long,1.2970895507130025,1.4630484522750546,True
1,1980.0,S_scrap,0.7412004320369698,1.2195927344547965,True
1,1981.0,S_conc,0.8920154260975054,1.6646853007263556,True
1,1981.0,S_ref,0.512276089412793,1.5216870095950263,True
1,1981.0,S_iu_short,0.5194596396252424,1.0274702415397463,True
1,1981.0,S_iu_med,0.5591434917472853,1.1770091573059795,True
1,1981.0,S_iu_long,1.2683117551408911,1.3883505653819397,True
1,1981.0,S_scrap,0.6654337701937918,1.1998593198776424,True
1,1982.0,S_conc,0.8726493942955105,1.587472249790428,True
1,1982.0,S_ref,0.5362149706019997,1.4563973219162054,True
1,1982.0,S_iu_short,0.5228976034886039,1.0297912052241343,True
1,1982.0,S_iu_med,0.5558796433365808,1.1993696571533359,True
1,1982.0,S_iu_long,1.2516418916547425,1.3522946855171798,True
1,1982.0,S_scrap,0.6911394988116908,1.1932576488212947,True
1,1983.0,S_conc,0.8525469769662071,1.4726178856102108,True
1,1983.0,S_ref,0.5960629729250405,1.3554729909732217,True
1,1983.0,S_iu_short,0.5228247578415117,1.0221742011083677,True
1,1983.0,S_iu_med,0.5611469341442963,1.1789431870923588,True
1,1983.0,S_iu_long,1.278667002246267,1.4035417998719355,True
1,1983.0,S_scrap,0.7324640871693149,1.201031252713584,True
1,1984.0,S_conc,0.8920518288981233,1.4919435384504238,True
1,1984.0,S_ref,0.5787982422897308,1.373737624688937,True
1,1984.0,S_iu_short,0.5235725024848232,1.032327535824869,True
1,1984.0,S_iu_med,0.5583711275009487,1.1920701927416062,True
1,1984.0,S_iu_long,1.2643447072228011,1.3698610158790854,True
1,1984.0,S_scrap,0.6511833411279182,1.1849009704384192,True
1,1985.0,S_conc,0.9085187023736072,1.578070483967193,True
1,1985.0,S_ref,0.5350636286843576,1.4510328923589642,True
1,1985.0,S_iu_short,0.5208768738537499,1.0440697703775608,True
1,1985.0,S_iu_med,0.54747010985134,1.2272824522544241,True
1,1985.0,S_iu_long,1.2097987818472975,1.2877013631693095,True
1,1985.0,S_scrap,0.5918621830847096,1.1734936898824884,True
1,1986.0,S_conc,0.9345859971681414,1.469755638293659,True
1,1986.0,S_ref,0.5971752652765746,1.3516831916768337,True
1,1986.0,S_iu_short,0.5206156431808394,1.0355389835607152,True
1,1986.0,S_iu_med,0.5496586615311437,1.231464358541442,True
1,1986.0,S_iu_long,1.2205378777794698,1.3642810821526878,True
1,1986.0,S_scrap,0.4031110518159766,1.206133238692854,True
1,1987.0,S_conc,0.9106271037769517,1.3861385545743297,True
1,1987.0,S_ref,0.6625982356983698,1.2853344831901063,True
1,1987.0,S_iu_short,0.5080435608839771,1.0223404600197503,True
1,1987.0,S_iu_med,0.5630559166839255,1.1053403830447237,True
1,1987.0,S_iu_long,1.2886223619524901,1.4880271883506795,True
1,1987.0,S_scrap,0.5681796100442796,1.2184049681342564,True
1,1988.0,S_conc,0.8641329651380512,1.3774317094343267,True
1,1988.0,S_ref,0.6524185476750302,1.280711663166051,True
1,1988.0,S_iu_short,0.5276709781584216,1.0236555441599597,True
1,1988.0,S_iu_med,0.5333018788994638,1.3705405608787855,True
1,1988.0,S_iu_long,1.1427127189667425,1.1784290137782307,True
1,1988.0,S_scrap,0.7327648126087773,1.2178620287472368,True
1,1989.0,S_conc,0.8344646884263381,1.3213485159345164,True
1,1989.0,S_ref,0.666470367616295,1.2419745409427565,True
1,1989.0,S_iu_short,0.5226385635456423,1.056612662754792,True
1,1989.0,S_iu_med,0.5336901445088413,1.3013290038529888,True
1,1989.0,S_iu_long,1.1444968152060864,1.1601787623175097,True
1,1989.0,S_scrap,0.7841832108196023,1.1891764784326821,True
1,1990.0,S_conc,0.8425347381006325,1.3298348936126216,True
1,1990.0,S_ref,0.671334472891352,1.2469680313299056,True
1,1990.0,S_iu_short,0.5374367746085674,1.0402974489063581,True
1,1990.0,S_iu_med,0.5358479843745602,1.3063942207805426,True
1,1990.0,S_iu_long,1.1544665677095267,1.2261452294300594,True
1,1990.0,S_scrap,0.7445531671675741,1.1882392912782165,True
1,1991.0,S_conc,0.8579180961244592,1.3465494694773033,True
1,1991.0,S_ref,0.6551221510563431,1.2592665863400743,True
1,1991.0,S_iu_short,0.5325464484517576,1.0402139393896737,True
1,1991.0,S_iu_med,0.5396942820104716,1.2789031567317315,True
1,1991.0,S_iu_long,1.1724692110445374,1.2403015585501678,True
1,1991.0,S_scrap,0.700440885022091,1.1785700992709205,True
1,1992.0,S_conc,0.8249026505343064,1.5886664290508834,True
1,1992.0,S_ref,0.5303370507394762,1.4611762335843057,True
1,1992.0,S_iu_short,0.5303489738718098,1.04294282482405,True
1,1992.0,S_iu_med,0.5432830182228217,1.256461259828159,True
1,1992.0,S_iu_long,1.1895397804320684,1.250782206533463,True
1,1992.0,S_scrap,0.7507782614007652,1.1761861888530647,True
1,1993.0,S_conc,0.5854596018541137,2.2694538095926964,True
1,1993.0,S_ref,0.3692680666031785,2.103546031228797,True
1,1993.0,S_iu_short,0.5133874866580228,1.0531818367847054,True
1,1993.0,S_iu_med,0.555863101694968,1.1669869200389893,True
1,1993.0,S_iu_long,1.251558030454841,1.3050185974124748,True
1,1993.0,S_scrap,0.7565054348566136,1.178096029095387,True
1,1994.0,S_conc,0.49476145998648113,2.6154321402810012,True
1,1994.0,S_ref,0.33099693377895617,2.4220081445353023,True
1,1994.0,S_iu_short,0.5193872482690023,1.0293631848946958,True
1,1994.0,S_iu_med,0.5579672207319616,1.1774992459162512,True
1,1994.0,S_iu_long,1.2622756657456469,1.3515206989883746,True
1,1994.0,S_scrap,0.7882650715568085,1.1861295067709265,True
1,1995.0,S_conc,0.7809079651178082,1.9341200372167375,True
1,1995.0,S_ref,0.4384886700566532,1.7695802620994316,True
1,1995.0,S_iu_short,0.5182367758873614,1.0269000431079007,True
1,1995.0,S_iu_med,0.561778641071449,1.1607657403347342,True
1,1995.0,S_iu_long,1.2819517570868637,1.38466611553335,True
1,1995.0,S_scrap,0.8089216501238726,1.1978530194058186,True
1,1996.0,S_conc,0.821509703508899,1.609132895282231,True
1,1996.0,S_ref,0.5217103708582955,1.4808770849224857,True
1,1996.0,S_iu_short,0.5176247207697343,1.0412123458153177,True
1,1996.0,S_iu_med,0.5601130054114908,1.1659823159086964,True
1,1996.0,S_iu_long,1.2733111283170502,1.3387838863999717,True
1,1996.0,S_scrap,0.813249078840066,1.1795051735923765,True
1,1997.0,S_conc,0.8331473541656317,1.4639198610219946,True
1,1997.0,S_ref,0.5884516582150675,1.352984925388125,True
1,1997.0,S_iu_short,0.5310380155868497,1.0336854786304865,True
1,1997.0,S_iu_med,0.5541439967461061,1.2210507289400543,True
1,1997.0,S_iu_long,1.2428766074739772,1.314985875375341,True
1,1997.0,S_scrap,0.8208490958419452,1.1771068918276408,True
1,1998.0,S_conc,0.8796863116677016,1.415109172834236,True
1,1998.0,S_ref,0.6180838671630737,1.3117862482435685,True
1,1998.0,S_iu_short,0.5361857353049349,1.0310254747811933,True
1,1998.0,S_iu_med,0.5513383690556146,1.2435962949218429,True
1,1998.0,S_iu_long,1.2288511676273843,1.3149037689738934,True
1,1998.0,S_scrap,0.7735773360913861,1.1863073342295511,True
1,1999.0,S_conc,0.8621216833789414,1.3034794840710748,True
1,1999.0,S_ref,0.6844910468241361,1.2291395798935216,True
1,1999.0,S_iu_short,0.5201489404831621,1.0387069306896561,True
1,1999.0,S_iu_med,0.5570752380981502,1.181490255649912,True
1,1999.0,S_iu_long,1.2577197890363048,1.320895942010027,True
1,1999.0,S_scrap,0.8211548408278931,1.1702920008470195,True
1,2000.0,S_conc,0.8148899954165848,1.2514625530002221,True
1,2000.0,S_ref,0.7444033042033866,1.1918557067356255,True
1,2000.0,S_iu_short,0.5250024681946364,1.0336687456568834,True
1,2000.0,S_iu_med,0.5629324655760081,1.1819958791305152,True
1,2000.0,S_iu_long,1.2879759333254814,1.3623512247839509,True
1,2000.0,S_scrap,0.8641259082391203,1.1808751554524135,True
1,2001.0,S_conc,0.8600380448190723,1.4135422078851014,True
1,2001.0,S_ref,0.627221971028807,1.3067455780787873,True
1,2001.0,S_iu_short,0.5481690468749792,1.0376384229314541,True
1,2001.0,S_iu_med,0.5479949443992164,1.2792114677047437,True
1,2001.0,S_iu_long,1.2123646353265838,1.3057211894061904,True
1,2001.0,S_scrap,0.8201076197650751,1.1951272366523866,True
1,2002.0,S_conc,0.8638997013219891,1.6190224035491876,True
1,2002.0,S_ref,0.5348989839571318,1.4768060490463755,True
1,2002.0,S_iu_short,0.5405459610700563,1.0328728191387127,True
1,2002.0,S_iu_med,0.5619486874593767,1.2267504638838758,True
1,2002.0,S_iu_long,1.2828375840267876,1.375796132884155,True
1,2002.0,S_scrap,0.8195235484826472,1.1962992274670756,True
1,2003.0,S_conc,0.49828912652290097,2.623862023898278,True
1,2003.0,S_ref,0.3325720768455999,2.4299947762852736,True
1,2003.0,S_iu_short,0.5290038349600585,1.0325034309324082,True
1,2003.0,S_iu_med,0.5545134638772071,1.2196417926698775,True
1,2003.0,S_iu_long,1.2447367516498011,1.324881160849758,True
1,2003.0,S_scrap,0.8151424795418732,1.1885314423261042,True
1,2004.0,S_conc,0.8754439848628742,1.8179216189068332,True
1,2004.0,S_ref,0.4705828680265966,1.6587960263020605,True
1,2004.0,S_iu_short,0.5261416712221018,1.0286402892582287,True
1,2004.0,S_iu_med,0.5644224419433677,1.1820117364231346,True
1,2004.0,S_iu_long,1.2958023927164388,1.3874692181791992,True
1,2004.0,S_scrap,0.8461356326390668,1.197400490795208,True
1,2005.0,S_conc,0.8772234089636597,1.7626779975839098,True
1,2005.0,S_ref,0.4834527413908655,1.610663198500195,True
1,2005.0,S_iu_short,0.5332832043528007,1.0318475967414777,True
1,2005.0,S_iu_med,0.55154710277933,1.2403733490756552,True
1,2005.0,S_iu_long,1.2298885929773138,1.307559384693474,True
1,2005.0,S_scrap,0.853949762377105,1.1924469656623373,True
1,2006.0,S_conc,0.8352633347837867,1.3578887819458898,True
1,2006.0,S_ref,0.6577754095818051,1.2662462919651831,True
1,2006.0,S_iu_short,0.5351863352338389,1.0305169934222012,True
1,2006.0,S_iu_med,0.5563819103000636,1.2275117672650577,True
1,2006.0,S_iu_long,1.2541912136098883,1.3319418020761782,True
1,2006.0,S_scrap,0.8878925813269375,1.187179553445234,True
1,2007.0,S_conc,0.8528428335996978,1.3444731083243342,True
1,2007.0,S_ref,0.6694173171667351,1.255535271200736,True
1,2007.0,S_iu_short,0.5467920178421871,1.0332934841725405,True
1,2007.0,S_iu_med,0.5364217331169298,1.320719002814191,True
1,2007.0,S_iu_long,1.1571330483709519,1.2392592663969209,True
1,2007.0,S_scrap,0.8739140895522904,1.2087800037328957,True
1,2008.0,S_conc,0.39523589903465467,3.160866912538826,True
1,2008.0,S_ref,0.2832753223366122,2.950940651922146,True
1,2008.0,S_iu_short,0.5549762465667902,1.0390454984014954,True
1,2008.0,S_iu_med,0.5495777361919515,1.2862448252856473,True
1,2008.0,S_iu_long,1.2201389237414761,1.3142420057997843,True
1,2008.0,S_scrap,0.8744305237205626,1.2161771462139466,True
1,2009.0,S_conc,0.5282738302130217,2.568454129581983,True
1,2009.0,S_ref,0.34566700009473245,2.3556166516613786,True
1,2009.0,S_iu_short,0.5780072972435062,1.0599956970403226,True
1,2009.0,S_iu_med,0.519620882528901,1.3787392925749846,True
1,2009.0,S_iu_long,1.0816891568151128,1.2208717079579556,True
1,2009.0,S_scrap,0.8265352774482593,1.2188551321711583,True
1,2010.0,S_conc,0.40498512664491393,3.097740898238849,True
1,2010.0,S_ref,0.2882486931459645,2.889681032363121,True
1,2010.0,S_iu_short,0.5291325329383311,1.0283945460305102,True
1,2010.0,S_iu_med,0.57023742482661,1.173560431018515,True
1,2010.0,S_iu_long,1.3268661762754579,1.4113098246479387,True
1,2010.0,S_scrap,0.8497983747507437,1.1985347639032324,True
1,2011.0,S_conc,0.08514953662602918,12.903021298575899,False
1,2011.0,S_ref,0.07846802099808106,12.670030164569848,False
1,2011.0,S_iu_short,0.5438956759412541,1.032360899412339,True
1,2011.0,S_iu_med,0.5535281199259411,1.2530801053746303,True
1,2011.0,S_iu_long,1.2397827156194567,1.3258989472446716,True
1,2011.0,S_scrap,0.8442904264378431,1.2014365646476874,True
1,2012.0,S_conc,0.14536800540693512,7.729443260007004,True
1,2012.0,S_ref,0.12691816492227548,7.494904402276098,True
1,2012.0,S_iu_short,0.5535328724168691,1.0372821932911418,True
1,2012.0,S_iu_med,0.5337368330038023,1.333448969640105,True
1,2012.0,S_iu_long,1.1447115508657684,1.2385403845326903,True
1,2012.0,S_scrap,0.8256062627523835,1.2147560223504836,True
1,2013.0,S_conc,0.26247833897935025,4.481479651075298,True
1,2013.0,S_ref,0.20790720194973855,4.256642953537842,True
1,2013.0,S_iu_short,0.5553135400673687,1.038633979887526,True
1,2013.0,S_iu_med,0.5305157146265858,1.3437251238668522,True
1,2013.0,S_iu_long,1.129996745694329,1.2239406135091118,True
1,2013.0,S_scrap,0.8279906083541955,1.21621638773443,True
1,2014.0,S_conc,0.4016350523136743,3.1244089766106815,True
1,2014.0,S_ref,0.2865475229452179,2.912637549084623,True
1,2014.0,S_iu_short,0.5568766728372395,1.0404604851401946,True
1,2014.0,S_iu_med,0.5305545862595189,1.3392269948943916,True
1,2014.0,S_iu_long,1.1301731164697673,1.2247845075042705,True
1,2014.0,S_scrap,0.8334676288456324,1.2091676498764803,True
1,2015.0,S_conc,0.6477335575286329,2.225010545241231,True
1,2015.0,S_ref,0.393105763106592,2.028725549556319,True
1,2015.0,S_iu_short,0.5725030922141168,1.0522673506129394,True
1,2015.0,S_iu_med,0.5216893465005021,1.3748936198581188,True
1,2015.0,S_iu_long,1.090691463139342,1.2156245833852908,True
1,2015.0,S_scrap,0.8266428439179286,1.2219891240438752,True
1,2016.0,S_conc,0.46434961607133024,2.7732195692087203,True
1,2016.0,S_ref,0.31710297252450076,2.5737579332090386,True
1,2016.0,S_iu_short,0.5490712812545728,1.0358844026952698,True
1,2016.0,S_iu_med,0.5414788583784704,1.2911431371666062,True
1,2016.0,S_iu_long,1.1809245184716377,1.2640736539811235,True
1,2016.0,S_scrap,0.8153046486194796,1.1963320146435814,True
1,2017.0,S_conc,0.8231979487931623,1.876195101084605,True
1,2017.0,S_ref,0.45151320477190393,1.7188650564912284,True
1,2017.0,S_iu_short,0.5339480385136393,1.0284771758638456,True
1,2017.0,S_iu_med,0.5488251705607903,1.2419559186633593,True
1,2017.0,S_iu_long,1.216435702414861,1.2835720850019203,True
1,2017.0,S_scrap,0.8375971545336577,1.1876848260538224,True
1,2018.0,S_conc,0.8723984042645688,1.8258962088443804,True
1,2018.0,S_ref,0.46592562901014917,1.6694579561479206,True
1,2018.0,S_iu_short,0.5383811490357656,1.0278202630472424,True
1,2018.0,S_iu_med,0.5412683535143396,1.2828124522087043,True
1,2018.0,S_iu_long,1.1799237259103275,1.2453366130076522,True
1,2018.0,S_scrap,0.8501999973954525,1.1941570545121294,True
1,2019.0,S_conc,0.8769006103983514,1.6391875784332322,True
1,2019.0,S_ref,0.5202048491045466,1.500549073504455,True
1,2019.0,S_iu_short,0.5444387821634367,1.0298262170589887,True
1,2019.0,S_iu_med,0.538798762578102,1.3002355479810361,True
1,2019.0,S_iu_long,1.168250904073831,1.2410807588211503,True
1,2019.0,S_scrap,0.851790483389277,1.2069589187953842,True
2,1980.0,S_conc,0.8317111880735741,1.451829565507857,True
2,1980.0,S_ref,0.6087659852984016,1.3382000338457334,True
2,1980.0,S_iu_short,0.5176816209366705,1.0216085046857206,True
2,1980.0,S_iu_med,0.5581565700858591,1.1734304127890818,True
2,1980.0,S_iu_long,1.2632451504242583,1.391327397424849,True
2,1980.0,S_scrap,0.7404542209850405,1.1988657316559421,True
2,1981.0,S_conc,0.900932872670279,1.71719010471742,True
2,1981.0,S_ref,0.5001174698803383,1.5640600366818045,True
2,1981.0,S_iu_short,0.515018413621214,1.0305074586490153,True
2,1981.0,S_iu_med,0.5673976988287048,1.1355786631414384,True
2,1981.0,S_iu_long,1.311591957075687,1.4423315018247465,True
2,1981.0,S_scrap,0.6424444533221128,1.1950685221430635,True
2,1982.0,S_conc,0.8859746199603621,1.6364469132683732,True
2,1982.0,S_ref,0.5275084486912192,1.4923329972840427,True
2,1982.0,S_iu_short,0.5162639464669377,1.0269425036781905,True
2,1982.0,S_iu_med,0.5670281689049145,1.138083187942483,True
2,1982.0,S_iu_long,1.309619074919423,1.445795489417446,True
2,1982.0,S_scrap,0.6597477687748766,1.2007767529962519,True
2,1983.0,S_conc,0.8569359074452325,1.463067243373602,True
2,1983.0,S_ref,0.5973448294202014,1.3487886134945255,True
2,1983.0,S_iu_short,0.5193673930235728,1.0259052737559926,True
2,1983.0,S_iu_med,0.55859545131536,1.1765610483818645,True
2,1983.0,S_iu_long,1.2654954575795427,1.3763508893776137,True
2,1983.0,S_scrap,0.7258655140781738,1.1893480516314243,True
2,1984.0,S_conc,0.889445362455265,1.4907292555518152,True
2,1984.0,S_ref,0.5808143240646719,1.3722372637176863,True
2,1984.0,S_iu_short,0.5176397330590062,1.0366211241158654,True
2,1984.0,S_iu_med,0.566083582960164,1.1523428615981974,True
2,1984.0,S_iu_long,1.304591300836157,1.4056297842148338,True
2,1984.0,S_scrap,0.6609266877172366,1.1764710723387455,True
2,1985.0,S_conc,0.9055834690814226,1.5774778168089802,True
2,1985.0,S_ref,0.5536022793237625,1.4391656224868845,True
2,1985.0,S_iu_short,0.5135052158522928,1.0304897306219138,True
2,1985.0,S_iu_med,0.5734527887750529,1.114540480198621,True
2,1985.0,S_iu_long,1.3444063721064459,1.4924711146766156,True
2,1985.0,S_scrap,0.6020744114712402,1.205344349928889,True
2,1986.0,S_conc,0.9323235630017452,1.4400781216027196,True
2,1986.0,S_ref,0.5930080806957516,1.3348164390052135,True
2,1986.0,S_iu_short,0.5081544191697446,1.0655666273702493,True
2,1986.0,S_iu_med,0.5481202971478184,1.202462657954957,True
2,1986.0,S_iu_long,1.2129783517342865,1.2973700194884419,True
2,1986.0,S_scrap,0.4419092728979126,1.1692633553570206,True
2,1987.0,S_conc,0.9029314210781632,1.3391586619111797,True
2,1987.0,S_ref,0.6673058766317654,1.253403408364159,True
2,1987.0,S_iu_short,0.5092331517699448,1.0352043446023205,True
2,1987.0,S_iu_med,0.5535454819946368,1.1613999630751757,True
2,1987.0,S_iu_long,1.2398698180225096,1.3573801968704973,True
2,1987.0,S_scrap,0.6014037363191036,1.1952630499295211,True
2,1988.0,S_conc,0.8670226646409066,1.3472294548703263,True
2,1988.0,S_ref,0.6463733064313306,1.2616382143374834,True
2,1988.0,S_iu_short,0.5109795957035609,1.06714847707376,True
2,1988.0,S_iu_med,0.5431673256977569,1.2257111184078031,True
2,1988.0,S_iu_long,1.188985281158752,1.2057072064702326,True
2,1988.0,S_scrap,0.7326347373897211,1.174871305217304,True
2,1989.0,S_conc,0.8395659844132566,1.3106900176015537,True
2,1989.0,S_ref,0.667483373665378,1.2347966712615799,True
2,1989.0,S_iu_short,0.5144960515736346,1.0664034604845203,True
2,1989.0,S_iu_med,0.5447021425598872,1.214939967049578,True
2,1989.0,S_iu_long,1.1963643879688897,1.2204342479949504,True
2,1989.0,S_scrap,0.7781744474492431,1.169654195027468,True
2,1990.0,S_conc,0.843508339624226,1.3300813982647448,True
2,1990.0,S_ref,0.6670781292671976,1.248028014922802,True
2,1990.0,S_iu_short,0.5187623994129432,1.0378680175461397,True
2,1990.0,S_iu_med,0.5664604927521794,1.1560038083579152,True
2,1990.0,S_iu_long,1.3065948622494934,1.3918966361464484,True
2,1990.0,S_scrap,0.7452708909496889,1.184774867343885,True
2,1991.0,S_conc,0.8559311056335911,1.3484802607360618,True
2,1991.0,S_ref,0.6478631068591988,1.2619273174843346,True
2,1991.0,S_iu_short,0.5201768737132998,1.044325017725855,True
2,1991.0,S_iu_med,0.555398069080056,1.1889856494839182,True
2,1991.0,S_iu_long,1.24920300712788,1.3155696496043863,True
2,1991.0,S_scrap,0.7071943355826674,1.1658098222011233,True
2,1992.0,S_conc,0.8240389584054104,1.5446808208360947,True
2,1992.0,S_ref,0.5411315297601662,1.4269566158976918,True
2,1992.0,S_iu_short,0.5177146646220812,1.0613085998441352,True
2,1992.0,S_iu_med,0.5498623661910229,1.1991353070409632,True
2,1992.0,S_iu_long,1.2215427569079138,1.2605520465097972,True
2,1992.0,S_scrap,0.7539935470065698,1.1611705775496486,True
2,1993.0,S_conc,0.5724120461029156,2.315781047094996,True
2,1993.0,S_ref,0.364034381141755,2.144542704579861,True
2,1993.0,S_iu_short,0.5175678297007377,1.0426506931659332,True
2,1993.0,S_iu_med,0.554322266080275,1.1852454685897982,True
2,1993.0,S_iu_long,1.2437737492627778,1.30861468995383,True
2,1993.0,S_scrap,0.7463201047787729,1.1815982693357043,True
2,1994.0,S_conc,0.5003525284852717,2.5648284596393,True
2,1994.0,S_ref,0.3334899758461556,2.382631790096277,True
2,1994.0,S_iu_short,0.5136883403293946,1.0415198612342615,True
2,1994.0,S_iu_med,0.5594890017403231,1.1535496152663105,True
2,1994.0,S_iu_long,1.2700908807060247,1.343732292623937,True
2,1994.0,S_scrap,0.7936680856649451,1.1835111069205146,True
2,1995.0,S_conc,0.7990593528626565,1.8850027672284821,True
2,1995.0,S_ref,0.4441539694569811,1.7314398026484437,True
2,1995.0,S_iu_short,0.5129444443400237,1.0411831456044307,True
2,1995.0,S_iu_med,0.5588577558620639,1.1526754928722727,True
2,1995.0,S_iu_long,1.2668425282057563,1.3438080516035589,True
2,1995.0,S_scrap,0.8032349670319907,1.1876336277357757,True
2,1996.0,S_conc,0.8174241790569828,1.645279179294223,True
2,1996.0,S_ref,0.5174807866228344,1.5065610666957645,True
2,1996.0,S_iu_short,0.5148869116613638,1.0318980859092566,True
2,1996.0,S_iu_med,0.5690523439945121,1.1298588165318968,True
2,1996.0,S_iu_long,1.320467430474353,1.4165279526498433,True
2,1996.0,S_scrap,0.8182531298416352,1.1930104812523843,True
2,1997.0,S_conc,0.8321511489769727,1.4914323314742086,True
2,1997.0,S_ref,0.5698327349200456,1.3785234068960672,True
2,1997.0,S_iu_short,0.5187533006935965,1.0432596346511043,True
2,1997.0,S_iu_med,0.5656046797932043,1.1570877332055558,True
2,1997.0,S_iu_long,1.3020505826903146,1.3598885091056212,True
2,1997.0,S_scrap,0.8230741997207515,1.1728184887859265,True
2,1998.0,S_conc,0.883768171952707,1.387844205535646,True
2,1998.0,S_ref,0.6283553722165648,1.2918428557454273,True
2,1998.0,S_iu_short,0.5215210079496461,1.0369098845289355,True
2,1998.0,S_iu_med,0.5624655250713777,1.1700443384498398,True
2,1998.0,S_iu_long,1.2855341859933123,1.3574021700750551,True
2,1998.0,S_scrap,0.7695068088568671,1.1697894080263473,True
2,1999.0,S_conc,0.8748127711005562,1.3358490767465434,True
2,1999.0,S_ref,0.6918954059284255,1.251682694879601,True
2,1999.0,S_iu_short,0.513791963898513,1.0242823814871427,True
2,1999.0,S_iu_med,0.5775167493068865,1.1023404329233002,True
2,1999.0,S_iu_long,1.3669577394119872,1.4964917906059596,True
2,1999.0,S_scrap,0.7992501279601816,1.2041817916438702,True
2,2000.0,S_conc,0.8139804951026266,1.309080154577557,True
2,2000.0,S_ref,0.7396868180303828,1.234525139718975,True
2,2000.0,S_iu_short,0.5179725959472471,1.0261214401509904,True
2,2000.0,S_iu_med,0.5972534173519073,1.0960717300555376,True
2,2000.0,S_iu_long,1.4829509251820727,1.5877368888215,True
2,2000.0,S_scrap,0.8657210911228497,1.2274343436889912,True
2,2001.0,S_conc,0.8617673232055917,1.4260789391541702,True
2,2001.0,S_ref,0.6284217654745781,1.3149170296283526,True
2,2001.0,S_iu_short,0.5219473714677567,1.0329416483849472,True
2,2001.0,S_iu_med,0.5896383231782022,1.1253038549248893,True
2,2001.0,S_iu_long,1.436874729007057,1.5125823868469874,True
2,2001.0,S_scrap,0.8170732778836807,1.204748351796526,True
2,2002.0,S_conc,0.8716615214826254,1.6462516209038012,True
2,2002.0,S_ref,0.5349611743542393,1.4932976268121159,True
2,2002.0,S_iu_short,0.5192401961005442,1.0336290493652234,True
2,2002.0,S_iu_med,0.5933929313166209,1.1139029296601572,True
2,2002.0,S_iu_long,1.4593768210623264,1.5349082154137543,True
2,2002.0,S_scrap,0.8086319674647603,1.2062318061539687,True
2,2003.0,S_conc,0.5015698276994591,2.783684712865313,True
2,2003.0,S_ref,0.33403030511601944,2.526286398475028,True
2,2003.0,S_iu_short,0.509678514932859,1.023153607514355,True
2,2003.0,S_iu_med,0.5973481848189307,1.0633516351083991,True
2,2003.0,S_iu_long,1.4835353084160519,1.6574533140866523,True
2,2003.0,S_scrap,0.8145505316979313,1.2761435554720624,True
2,2004.0,S_conc,0.8207197564063856,2.0189945582696467,True
2,2004.0,S_ref,0.45076665616364114,1.805414967574503,True
2,2004.0,S_iu_short,0.510696404460346,1.0227799939307114,True
2,2004.0,S_iu_med,0.6002163453744207,1.0648075352882285,True
2,2004.0,S_iu_long,1.5013528903190358,1.6664075775967861,True
2,2004.0,S_scrap,0.8520229011853335,1.2830470211906893,True
2,2005.0,S_conc,0.8703266019780693,1.8977038858074329,True
2,2005.0,S_ref,0.4887867880635628,1.6862472245041031,True
2,2005.0,S_iu_short,0.5105305739612943,1.02775037619031,True
2,2005.0,S_iu_med,0.6151115092289872,1.0617293247804425,True
2,2005.0,S_iu_long,1.5981551123983704,1.7325241917673928,True
2,2005.0,S_scrap,0.8642890784873104,1.308018588999412,True
2,2006.0,S_conc,0.8315083445346473,1.3757605613109765,True
2,2006.0,S_ref,0.6571098271219585,1.27832461996569,True
2,2006.0,S_iu_short,0.522308659124577,1.026286602236341,True
2,2006.0,S_iu_med,0.5866638753684125,1.1236423210056505,True
2,2006.0,S_iu_long,1.4193385005758077,1.513291179783701,True
2,2006.0,S_scrap,0.8825859526298164,1.226392728712483,True
2,2007.0,S_conc,0.8282774471843045,1.2916736960287905,True
2,2007.0,S_ref,0.7203273105394314,1.219555507658246,True
2,2007.0,S_iu_short,0.5343132443209404,1.0334147448228155,True
2,2007.0,S_iu_med,0.5912168301402834,1.1569321820430234,True
2,2007.0,S_iu_long,1.4462846656411343,1.4973053233958775,True
2,2007.0,S_scrap,0.8940963726726224,1.210125793570923,True
2,2008.0,S_conc,0.7857586024827206,1.7142150081073797,True
2,2008.0,S_ref,0.5162167977614809,1.55122430023299,True
2,2008.0,S_iu_short,0.5281478832168394,1.039245952315349,True
2,2008.0,S_iu_med,0.6204262385864715,1.118155148790902,True
2,2008.0,S_iu_long,1.6345340528175898,1.6267824142780185,True
2,2008.0,S_scrap,0.8874936085958287,1.2498738839935952,True
2,2009.0,S_conc,0.6058452572131231,2.33951733892303,True
2,2009.0,S_ref,0.37727499240153567,2.1348577949144105,True
2,2009.0,S_iu_short,0.5254337841231629,1.0381307496971468,True
2,2009.0,S_iu_med,0.6122210081006264,1.1181697300782039,True
2,2009.0,S_iu_long,1.5787884874884974,1.5846182333944765,True
2,2009.0,S_scrap,0.8650275436332264,1.2318405448293444,True
2,2010.0,S_conc,0.8084982775412418,1.7843903370471779,True
2,2010.0,S_ref,0.49488569818969397,1.613083161432604,True
2,2010.0,S_iu_short,0.5225942141276744,1.0325011798539236,True
2,2010.0,S_iu_med,0.6106794714857425,1.1057614285628468,True
2,2010.0,S_iu_long,1.568577628865976,1.6042154659103371,True
2,2010.0,S_scrap,0.8981178523106931,1.2429213778162658,True
2,2011.0,S_conc,0.6847898369421765,2.2191069236091563,True
2,2011.0,S_ref,0.4064541594012946,2.0007789259850317,True
2,2011.0,S_iu_short,0.5188100456927406,1.033456052962099,True
2,2011.0,S_iu_med,0.619804868303385,1.088523221007748,True
2,2011.0,S_iu_long,1.630228313386116,1.6666712006697715,True
2,2011.0,S_scrap,0.8860835375802607,1.2727798934008068,True
2,2012.0,S_conc,0.5884865888198837,2.4435643156472375,True
2,2012.0,S_ref,0.37046997624139927,2.2150726963369456,True
2,2012.0,S_iu_short,0.517132774034614,1.0281683681155112,True
2,2012.0,S_iu_med,0.6099786884520677,1.0822177072309762,True
2,2012.0,S_iu_long,1.5639624563877284,1.6515498508944118,True
2,2012.0,S_scrap,0.8711884144424288,1.2787418421927208,True
2,2013.0,S_conc,0.6419764289545616,2.2959937755206496,True
2,2013.0,S_ref,0.39097785914217104,2.0776988632312867,True
2,2013.0,S_iu_short,0.5180913316487123,1.0301435244640784,True
2,2013.0,S_iu_med,0.6121492653081586,1.085921031723636,True
2,2013.0,S_iu_long,1.5783114754043943,1.644315194807117,True
2,2013.0,S_scrap,0.868899458757341,1.2729522637817827,True
2,2014.0,S_conc,0.7728604092506484,2.033722319129156,True
2,2014.0,S_ref,0.4359397983157177,1.8362780505655765,True
2,2014.0,S_iu_short,0.5203714974002469,1.0337169388399299,True
2,2014.0,S_iu_med,0.6156499707364307,1.0945970847243485,True
2,2014.0,S_iu_long,1.6017950406197232,1.6304512045282853,True
2,2014.0,S_scrap,0.8698141875502178,1.2589482951213165,True
2,2015.0,S_conc,0.8842516743857042,1.7733376805039869,True
2,2015.0,S_ref,0.484618990717551,1.6155383351030645,True
2,2015.0,S_iu_short,0.5247675941590693,1.0366213138813059,True
2,2015.0,S_iu_med,0.6008125503874964,1.1223922740904508,True
2,2015.0,S_iu_long,1.5050887771414474,1.5243263726365524,True
2,2015.0,S_scrap,0.8427169300958381,1.2145606749454523,True
2,2016.0,S_conc,0.882446465992098,1.7167996167497395,True
2,2016.0,S_ref,0.5166472098151144,1.5505899372903056,True
2,2016.0,S_iu_short,0.5174608841519623,1.0300890807328,True
2,2016.0,S_iu_med,0.6081520428551813,1.087094692081983,True
2,2016.0,S_iu_long,1.5520102421522164,1.6105952531608385,True
2,2016.0,S_scrap,0.8523719086788412,1.2486034146326879,True
2,2017.0,S_conc,0.8790352666757779,1.4736265017968833,True
2,2017.0,S_ref,0.6248089872154431,1.3469614186615018,True
2,2017.0,S_iu_short,0.5146724488793641,1.0236218472419634,True
2,2017.0,S_iu_med,0.6029961282058737,1.0728958430949342,True
2,2017.0,S_iu_long,1.5188671220782664,1.631936023277751,True
2,2017.0,S_scrap,0.8689629643674684,1.2649154893561627,True
2,2018.0,S_conc,0.886564419448945,1.4212392327214673,True
2,2018.0,S_ref,0.657582267815268,1.3078908909203606,True
2,2018.0,S_iu_short,0.5143393893851224,1.0233039164742017,True
2,2018.0,S_iu_med,0.6031964297076806,1.0701422395608298,True
2,2018.0,S_iu_long,1.5201386148398677,1.6412752999916942,True
2,2018.0,S_scrap,0.8613234281270541,1.2709507678089167,True
2,2019.0,S_conc,0.875300103753986,1.3262457822215898,True
2,2019.0,S_ref,0.6874809706159946,1.2423480149435349,True
2,2019.0,S_iu_short,0.5238131408883906,1.0234936940294725,True
2,2019.0,S_iu_med,0.582291568503539,1.1261580075126245,True
2,2019.0,S_iu_long,1.3940143999905648,1.4821739673515935,True
2,2019.0,S_scrap,0.8680329538446911,1.2147150513947955,True
3,1980.0,S_conc,0.8721833117380209,1.7447876698971327,True
3,1980.0,S_ref,0.49126986734112194,1.5895153939009772,True
3,1980.0,S_iu_short,0.5215467388869304,1.0193303838676564,True
3,1980.0,S_iu_med,0.5532136046941817,1.2138200708321019,True
3,1980.0,S_iu_long,1.2382060208335475,1.3610927286789654,True
3,1980.0,S_scrap,0.7117050855871534,1.21261859346615,True
3,1981.0,S_conc,0.8993412940456599,1.6787828364253217,True
3,1981.0,S_ref,0.5096583915169991,1.532269071832043,True
3,1981.0,S_iu_short,0.5208079409525426,1.0258863220724055,True
3,1981.0,S_iu_med,0.558249673021231,1.1843828173938822,True
3,1981.0,S_iu_long,1.2637221501096048,1.388585219043515,True
3,1981.0,S_scrap,0.6464606765859048,1.2002244230481212,True
3,1982.0,S_conc,0.8761129658411249,1.584212204445509,True
3,1982.0,S_ref,0.5443460918214342,1.4489947938112557,True
3,1982.0,S_iu_short,0.5251411593191252,1.0291002630951234,True
3,1982.0,S_iu_med,0.5610941676514709,1.1867159320197902,True
3,1982.0,S_iu_long,1.2783930544944633,1.3903512484616396,True
3,1982.0,S_scrap,0.6773142372188764,1.1880796387658252,True
3,1983.0,S_conc,0.8601917473266749,1.490770450444815,True
3,1983.0,S_ref,0.591841001413004,1.368524386729873,True
3,1983.0,S_iu_short,0.516088433611981,1.023440345345772,True
3,1983.0,S_iu_med,0.5692995803957287,1.1289737645505613,True
3,1983.0,S_iu_long,1.321799456148203,1.4637561739752596,True
3,1983.0,S_scrap,0.726669822274241,1.2059233003604415,True
3,1984.0,S_conc,0.8836301843217439,1.476219322108206,True
3,1984.0,S_ref,0.5860447827396873,1.3610024495854907,True
3,1984.0,S_iu_short,0.5201218159467565,1.0330063330706882,True
3,1984.0,S_iu_med,0.5624296665711191,1.1686627568887962,True
3,1984.0,S_iu_long,1.2853468884963426,1.3903253468271295,True
3,1984.0,S_scrap,0.6710885002346748,1.1844456091461888,True
3,1985.0,S_conc,0.9146581865868101,1.57630567027223,True
3,1985.0,S_ref,0.5359380482912014,1.4492781409790259,True
3,1985.0,S_iu_short,0.5204541934917633,1.04553011083091,True
3,1985.0,S_iu_med,0.5445432036926214,1.2424567338847963,True
3,1985.0,S_iu_long,1.1955979318071701,1.2695480804302022,True
3,1985.0,S_scrap,0.5678201337365095,1.175353981657109,True
3,1986.0,S_conc,0.9334334946748158,1.4606238978329933,True
3,1986.0,S_ref,0.5894127421534803,1.3487780294294254,True
3,1986.0,S_iu_short,0.5176547452083654,1.0527069359438592,True
3,1986.0,S_iu_med,0.5394786327521139,1.2817765847200893,True
3,1986.0,S_iu_long,1.1714519045578342,1.2496823884138049,True
3,1986.0,S_scrap,0.4244202593467967,1.1825838820596288,True
3,1987.0,S_conc,0.9034983501920693,1.3540737234457305,True
3,1987.0,S_ref,0.656468650342175,1.2643900809213235,True
3,1987.0,S_iu_short,0.5101143101858584,1.0336810556789666,True
3,1987.0,S_iu_med,0.5527065413083504,1.1705124018694553,True
3,1987.0,S_iu_long,1.2356687328382538,1.3504952015160325,True
3,1987.0,S_scrap,0.595923691800128,1.1955882315784088,True
3,1988.0,S_conc,0.870945890698706,1.3346765543159598,True
3,1988.0,S_ref,0.6603563947473259,1.2516420686655911,True
3,1988.0,S_iu_short,0.5077483770891907,1.0538334205659277,True
3,1988.0,S_iu_med,0.5542266192328329,1.1507092018184168,True
3,1988.0,S_iu_long,1.2432923165556002,1.3150081025338014,True
3,1988.0,S_scrap,0.7226561437923295,1.176422330255596,True
3,1989.0,S_conc,0.8364889346105052,1.3211023373970827,True
3,1989.0,S_ref,0.6686097716230087,1.2421098840058922,True
3,1989.0,S_iu_short,0.516829003750827,1.0433416567919633,True
3,1989.0,S_iu_med,0.5496331588506164,1.2037085557832252,True
3,1989.0,S_iu_long,1.2204121365771394,1.2756647425849967,True
3,1989.0,S_scrap,0.7814442206089443,1.1743844260296608,True
3,1990.0,S_conc,0.8447277158828721,1.345933084546798,True
3,1990.0,S_ref,0.6621877632343308,1.2589945398183664,True
3,1990.0,S_iu_short,0.5296336774551768,1.0282216490779792,True
3,1990.0,S_iu_med,0.5559624493089832,1.2183326775609133,True
3,1990.0,S_iu_long,1.25206178721549,1.3535467227081683,True
3,1990.0,S_scrap,0.7364520206755518,1.1977689696731804,True
3,1991.0,S_conc,0.8619460536064508,1.3537837512590751,True
3,1991.0,S_ref,0.6533473061962297,1.264305223347677,True
3,1991.0,S_iu_short,0.5335525892509022,1.0362496091216147,True
3,1991.0,S_iu_med,0.5392385951324566,1.2885600862620936,True
3,1991.0,S_iu_long,1.1703206679983829,1.2425848106343207,True
3,1991.0,S_scrap,0.6940160450204997,1.1854448963753899,True
3,1992.0,S_conc,0.8239819001305074,1.589265475221647,True
3,1992.0,S_ref,0.5303238372584231,1.4616522820157813,True
3,1992.0,S_iu_short,0.5280666467659143,1.0407719294443907,True
3,1992.0,S_iu_med,0.5493507898615586,1.229499270231551,True
3,1992.0,S_iu_long,1.2190208647936953,1.2851140177062843,True
3,1992.0,S_scrap,0.7486621062037915,1.1737497202751521,True
3,1993.0,S_conc,0.5929378380121638,2.266355171217725,True
3,1993.0,S_ref,0.37222911268910175,2.094867332428517,True
3,1993.0,S_iu_short,0.526319548076191,1.0459069150501286,True
3,1993.0,S_iu_med,0.5414916399578564,1.2570029406186722,True
3,1993.0,S_iu_long,1.1809853148764518,1.2277663628178244,True
3,1993.0,S_scrap,0.7739461351106041,1.1779400552378814,True
3,1994.0,S_conc,0.5061182068474227,2.529876442507022,True
3,1994.0,S_ref,0.3360414903334974,2.3526308417242556,True
3,1994.0,S_iu_short,0.5200018947643434,1.0405553430056662,True
3,1994.0,S_iu_med,0.5498565914982178,1.2108773919933222,True
3,1994.0,S_iu_long,1.2215142577080318,1.2790501099898348,True
3,1994.0,S_scrap,0.7862457093719227,1.1864299827625362,True
3,1995.0,S_conc,0.7953109487500069,1.8919021317390439,True
3,1995.0,S_ref,0.44299342646116296,1.7373572022449906,True
3,1995.0,S_iu_short,0.5223123877858112,1.0374219318784326,True
3,1995.0,S_iu_med,0.5505269570484449,1.215533427349842,True
3,1995.0,S_iu_long,1.2248275301079212,1.287902044105267,True
3,1995.0,S_scrap,0.8098464150381101,1.183371497142918,True
3,1996.0,S_conc,0.8169528000295811,1.5982703909550124,True
3,1996.0,S_ref,0.5274206423908305,1.4696237705229946,True
3,1996.0,S_iu_short,0.5276692424699163,1.0489407153116856,True
3,1996.0,S_iu_med,0.5361994355339736,1.2842148893557654,True
3,1996.0,S_iu_long,1.1560991439311852,1.1921923090011177,True
3,1996.0,S_scrap,0.814839541046426,1.178035895937109,True
3,1997.0,S_conc,0.8356143326322059,1.4739518020636246,True
3,1997.0,S_ref,0.5713302407989833,1.366495772383614,True
3,1997.0,S_iu_short,0.5217837638416807,1.0579449953893996,True
3,1997.0,S_iu_med,0.544874967206274,1.2255908739585333,True
3,1997.0,S_iu_long,1.1971984135032734,1.2305554325819563,True
3,1997.0,S_scrap,0.8208053679830496,1.1687902800094472,True
3,1998.0,S_conc,0.8755948586943755,1.3920229167999298,True
3,1998.0,S_ref,0.6232428821490749,1.2954500973803937,True
3,1998.0,S_iu_short,0.5295010844301893,1.0550150170184291,True
3,1998.0,S_iu_med,0.5316629273460444,1.2979145101139948,True
3,1998.0,S_iu_long,1.1352142685037425,1.1697085522315098,True
3,1998.0,S_scrap,0.789888567099208,1.170770098386011,True
3,1999.0,S_conc,0.8663760778972938,1.27832907561707,True
3,1999.0,S_ref,0.6920915932826974,1.21100317321994,True
3,1999.0,S_iu_short,0.5147971983343921,1.0681153606740617,True
3,1999.0,S_iu_med,0.5461216270608875,1.2030401464681408,True
3,1999.0,S_iu_long,1.2032334202761175,1.2229265044443973,True
3,1999.0,S_scrap,0.8146970033553698,1.1622437898396807,True
3,2000.0,S_conc,0.8318905239041976,1.2581248453724312,True
3,2000.0,S_ref,0.7454710600164678,1.196641609464047,True
3,2000.0,S_iu_short,0.5126167136777738,1.0373030775001102,True
3,2000.0,S_iu_med,0.5768140915469332,1.112382365030914,True
3,2000.0,S_iu_long,1.36302764346631,1.444648821322015,True
3,2000.0,S_scrap,0.8534165036606732,1.1897112661807254,True
3,2001.0,S_conc,0.8622819816356238,1.3680156007962554,True
3,2001.0,S_ref,0.6416117470791324,1.2743565734275435,True
3,2001.0,S_iu_short,0.532418686671499,1.045242449048306,True
3,2001.0,S_iu_med,0.5548760460370936,1.2211647856763985,True
3,2001.0,S_iu_long,1.2465652344635068,1.3081108278181588,True
3,2001.0,S_scrap,0.8195259686092031,1.169565744113049,True
3,2002.0,S_conc,0.8624720804169277,1.5982488070896756,True
3,2002.0,S_ref,0.5332229696073341,1.465692937090048,True
3,2002.0,S_iu_short,0.5351451858557444,1.0468376017968066,True
3,2002.0,S_iu_med,0.5497805234190389,1.2407191403691087,True
3,2002.0,S_iu_long,1.221138915611027,1.2847650321080508,True
3,2002.0,S_scrap,0.8233803166303059,1.1686597159594048,True
3,2003.0,S_conc,0.48738064415295185,2.6297697589879583,True
3,2003.0,S_ref,0.32767714577226476,2.449077195544599,True
3,2003.0,S_iu_short,0.5250377636907705,1.0619397133205364,True
3,2003.0,S_iu_med,0.5440672400989575,1.2345753856993367,True
3,2003.0,S_iu_long,1.1933058730349713,1.2320687335032994,True
3,2003.0,S_scrap,0.831107221089595,1.1670245725602064,True
3,2004.0,S_conc,0.8626569216810428,1.8102292942875435,True
3,2004.0,S_ref,0.4682799330231879,1.6574962021696171,True
3,2004.0,S_iu_short,0.5173566710460762,1.0453316574363276,True
3,2004.0,S_iu_med,0.5691399881873668,1.1485295775603035,True
3,2004.0,S_iu_long,1.3209394526843834,1.378664136200966,True
3,2004.0,S_scrap,0.8632248556693817,1.1777247255596426,True
3,2005.0,S_conc,0.8743893691435539,1.7447412854019204,True
3,2005.0,S_ref,0.48542704532717723,1.59810953190997,True
3,2005.0,S_iu_short,0.5218232016079722,1.0423147505641768,True
3,2005.0,S_iu_med,0.569601405977825,1.1609315193166487,True
3,2005.0,S_iu_long,1.3234276642373932,1.3805289114941721,True
3,2005.0,S_scrap,0.8626086467128009,1.180848329580368,True
3,2006.0,S_conc,0.8177771504839043,1.3501191765446736,True
3,2006.0,S_ref,0.6493998362188262,1.2623737241474968,True
3,2006.0,S_iu_short,0.5267220816076382,1.0435831391415251,True
3,2006.0,S_iu_med,0.5739574543389466,1.1679089850366677,True
3,2006.0,S_iu_long,1.3471834214312717,1.3874307468916027,True
3,2006.0,S_scrap,0.8967153441569703,1.188395183552973,True
3,2007.0,S_conc,0.833145436343809,1.3235599761121906,True
3,2007.0,S_ref,0.6739079583733534,1.2414625632403977,True
3,2007.0,S_iu_short,0.5285635579602226,1.035706211696362,True
3,2007.0,S_iu_med,0.5718305802133672,1.1725736979468766,True
3,2007.0,S_iu_long,1.3355241028150127,1.3951398571315239,True
3,2007.0,S_scrap,0.8846555598129755,1.192279547637933,True
3,2008.0,S_conc,0.7474645629769293,2.021664147980189,True
3,2008.0,S_ref,0.42774232955177677,1.8424141526988804,True
3,2008.0,S_iu_short,0.5255284655344472,1.0285021534769798,True
3,2008.0,S_iu_med,0.5840723007999499,1.1382176903349774,True
3,2008.0,S_iu_long,1.4042640149316592,1.4827939722718788,True
3,2008.0,S_scrap,0.8713902458906334,1.2112012261468832,True
3,2009.0,S_conc,0.5947762016019499,2.3084667531783034,True
3,2009.0,S_ref,0.3729527698021191,2.126003302255905,True
3,2009.0,S_iu_short,0.5480423677661195,1.0516663753260662,True
3,2009.0,S_iu_med,0.5268836210377991,1.3263254506950004,True
3,2009.0,S_iu_long,1.113644854556798,1.1886636421194419,True
3,2009.0,S_scrap,0.8600603176489281,1.1874061200847743,True
3,2010.0,S_conc,0.8313328566406758,1.7547493286524969,True
3,2010.0,S_ref,0.4860020025015635,1.603967088409128,True
3,2010.0,S_iu_short,0.517274892566104,1.033422453306024,True
3,2010.0,S_iu_med,0.5768719633499834,1.125654251838899,True
3,2010.0,S_iu_long,1.3633508380044632,1.4345447153157767,True
3,2010.0,S_scrap,0.8889867668773507,1.1965259286370569,True
3,2011.0,S_conc,0.48991094731221607,2.6468316752913275,True
3,2011.0,S_ref,0.3288189459886917,2.4568170294061655,True
3,2011.0,S_iu_short,0.5226571932239642,1.0310547406893424,True
3,2011.0,S_iu_med,0.5695676167241033,1.1549762871714855,True
3,2011.0,S_iu_long,1.3232452734835807,1.3951209118796715,True
3,2011.0,S_scrap,0.8759138656286675,1.193998225951284,True
3,2012.0,S_conc,0.5587230732574257,2.38072184800445,True
3,2012.0,S_ref,0.35844922221482484,2.206809256297606,True
3,2012.0,S_iu_short,0.528760306777355,1.0395587239965915,True
3,2012.0,S_iu_med,0.5526912049787681,1.2165166694769987,True
3,2012.0,S_iu_long,1.2355920811987036,1.289131734901543,True
3,2012.0,S_scrap,0.8710792513174693,1.181729276465232,True
3,2013.0,S_conc,0.8279942977581276,1.8258092499765102,True
3,2013.0,S_ref,0.4599921808471074,1.6778360481754886,True
3,2013.0,S_iu_short,0.5275690635519236,1.0399272930766654,True
3,2013.0,S_iu_med,0.5610340519177712,1.18924059658368,True
3,2013.0,S_iu_long,1.2780810319543876,1.3277919070937942,True
3,2013.0,S_scrap,0.8751698972219465,1.176631180660995,True
3,2014.0,S_conc,0.8363027806354708,1.8033548691817498,True
3,2014.0,S_ref,0.46660070238390133,1.6557491166038742,True
3,2014.0,S_iu_short,0.5286069180660571,1.038625066129506,True
3,2014.0,S_iu_med,0.5692828228432903,1.1739948249327308,True
3,2014.0,S_iu_long,1.3217091238415266,1.3665590378095742,True
3,2014.0,S_scrap,0.8748975231076654,1.1787736830408704,True
3,2015.0,S_conc,0.8132769429057131,1.8759509666253886,True
3,2015.0,S_ref,0.4485122617852655,1.7233083179541286,True
3,2015.0,S_iu_short,0.5350979266950256,1.0403797227545701,True
3,2015.0,S_iu_med,0.5537857785872251,1.2227975673363913,True
3,2015.0,S_iu_long,1.2410760392931093,1.2943679861074207,True
3,2015.0,S_scrap,0.8601910316425277,1.1730459255403145,True
3,2016.0,S_conc,0.6697620926233083,2.10747409181571,True
3,2016.0,S_ref,0.40111228754215345,1.9433058254897895,True
3,2016.0,S_iu_short,0.5231458957954945,1.0374739903735175,True
3,2016.0,S_iu_med,0.5620038902857778,1.1715142565956618,True
3,2016.0,S_iu_long,1.2831253013924406,1.3322191100130185,True
3,2016.0,S_scrap,0.8700822395171215,1.1731147956051184,True
3,2017.0,S_conc,0.8496849024480199,1.6590082423341472,True
3,2017.0,S_ref,0.5092933861852088,1.5233566202846547,True
3,2017.0,S_iu_short,0.5177517508578712,1.0364265871643472,True
3,2017.0,S_iu_med,0.5727554089383029,1.132379246428248,True
3,2017.0,S_iu_long,1.3405796607395621,1.39103511928691,True
3,2017.0,S_scrap,0.8861960364145851,1.181417606190394,True
3,2018.0,S_conc,0.840545829218658,1.8655141503723882,True
3,2018.0,S_ref,0.4566829121421462,1.7058512539117188,True
3,2018.0,S_iu_short,0.5189986297426225,1.0313519581132258,True
3,2018.0,S_iu_med,0.5793289202807155,1.1233355918968657,True
3,2018.0,S_iu_long,1.3771541430119323,1.435185080730669,True
3,2018.0,S_scrap,0.881707508367017,1.1891344492390026,True
3,2019.0,S_conc,0.8565880746805238,1.5921318113543725,True
3,2019.0,S_ref,0.53141375004165,1.4643871356653437,True
3,2019.0,S_iu_short,0.521727234384947,1.0350709525003092,True
3,2019.0,S_iu_med,0.566866082438284,1.154818858012068,True
3,2019.0,S_iu_long,1.3087547741109715,1.3598004468815583,True
3,2019.0,S_scrap,0.8730063856965851,1.1743099961167753,True
4,1980.0,S_conc,0.8759070518782626,1.560543261645222,True
4,1980.0,S_ref,0.5968286943059461,1.4108737640783877,True
4,1980.0,S_iu_short,0.5054495432350429,1.014227928002887,True
4,1980.0,S_iu_med,0.5718901175948414,1.0547715858703248,True
4,1980.0,S_iu_long,1.3358489049164506,1.6326302966954453,True
4,1980.0,S_scrap,0.6482258983270924,1.2772563780313675,True
4,1981.0,S_conc,0.8969648606350841,1.6898455408071082,True
4,1981.0,S_ref,0.5200437456594268,1.5305387890579596,True
4,1981.0,S_iu_short,0.5116459139727667,1.020633769869204,True
4,1981.0,S_iu_med,0.569633705198157,1.104712992358196,True
4,1981.0,S_iu_long,1.3236020387247986,1.511534527460338,True
4,1981.0,S_scrap,0.6566012092459383,1.226045972293117,True
4,1982.0,S_conc,0.8733015708886264,1.6804711401391241,True
4,1982.0,S_ref,0.5068944735413797,1.535843751946829,True
4,1982.0,S_iu_short,0.5184247178109523,1.0324637214089136,True
4,1982.0,S_iu_med,0.5644252524442703,1.1567348201387473,True
4,1982.0,S_iu_long,1.2958172061433726,1.4014349569177267,True
4,1982.0,S_scrap,0.6901991259568246,1.1859789579726283,True
4,1983.0,S_conc,0.8648150441314512,1.429282151110897,True
4,1983.0,S_ref,0.6144610411454717,1.3221716389325402,True
4,1983.0,S_iu_short,0.5157321467909992,1.0268143884671876,True
4,1983.0,S_iu_med,0.5608301787017291,1.15510105296556,True
4,1983.0,S_iu_long,1.2770234918324004,1.3981935758465043,True
4,1983.0,S_scrap,0.711960986709375,1.1949485920245808,True
4,1984.0,S_conc,0.8903149080893149,1.5200129324679557,True
4,1984.0,S_ref,0.570567356215041,1.3951258528564785,True
4,1984.0,S_iu_short,0.5182506953780845,1.0297179607634295,True
4,1984.0,S_iu_med,0.5661434937125074,1.1502282149978578,True
4,1984.0,S_iu_long,1.3049095392322076,1.4280395769800058,True
4,1984.0,S_scrap,0.6586612156846957,1.193869049368154,True
4,1985.0,S_conc,0.9098758772494729,1.5710219317080603,True
4,1985.0,S_ref,0.5391675680589071,1.4435454341606095,True
4,1985.0,S_iu_short,0.5249917088504018,1.0547747684063316,True
4,1985.0,S_iu_med,0.534363701938502,1.2958510407711268,True
4,1985.0,S_iu_long,1.1475988967422102,1.201496117255818,True
4,1985.0,S_scrap,0.5813758290852127,1.1728093311382688,True
4,1986.0,S_conc,0.9299563398914331,1.4338631947604916,True
4,1986.0,S_ref,0.5916363306848405,1.3309526573512498,True
4,1986.0,S_iu_short,0.5063860470490958,1.1117911790657529,True
4,1986.0,S_iu_med,0.5342343900789757,1.2675033902190433,True
4,1986.0,S_iu_long,1.1470026526208341,1.1661672283909628,True
4,1986.0,S_scrap,0.46955809014782607,1.1704372208493448,True
4,1987.0,S_conc,0.9085245807741176,1.3375623869849056,True
4,1987.0,S_ref,0.661188044895343,1.25239108987766,True
4,1987.0,S_iu_short,0.5147357821645694,1.0475837860033532,True
4,1987.0,S_iu_med,0.5411121436271489,1.2682928535196274,True
4,1987.0,S_iu_long,1.179181658682834,1.2239884580258613,True
4,1987.0,S_scrap,0.5793355859146665,1.1903803799675872,True
4,1988.0,S_conc,0.8658858716602947,1.360249899557105,True
4,1988.0,S_ref,0.6498108852006289,1.2697153843182796,True
4,1988.0,S_iu_short,0.5203712034154572,1.0364299337635572,True
4,1988.0,S_iu_med,0.5389517752903561,1.2933027129809445,True
4,1988.0,S_iu_long,1.1689705033129103,1.202543629460085,True
4,1988.0,S_scrap,0.7336743571357426,1.1907649903048112,True
4,1989.0,S_conc,0.8326067440041376,1.3307166578812852,True
4,1989.0,S_ref,0.6674422385968742,1.2488508650500365,True
4,1989.0,S_iu_short,0.5226822824249493,1.0314057758652275,True
4,1989.0,S_iu_med,0.5507015023707431,1.218033442819397,True
4,1989.0,S_iu_long,1.2256918402276964,1.2998534503348707,True
4,1989.0,S_scrap,0.7841398748354262,1.1833655459203,True
4,1990.0,S_conc,0.845186779365733,1.379651015771047,True
4,1990.0,S_ref,0.6640573393194498,1.282509242844636,True
4,1990.0,S_iu_short,0.5193996239886255,1.0285098941853439,True
4,1990.0,S_iu_med,0.5880388027582245,1.1103293263526999,True
4,1990.0,S_iu_long,1.4274130833082104,1.5533311890080095,True
4,1990.0,S_scrap,0.7387316240270101,1.2259016063269823,True
4,1991.0,S_conc,0.8526459635233248,1.3464211708221687,True
4,1991.0,S_ref,0.6505343256175714,1.2596010232132646,True
4,1991.0,S_iu_short,0.5292074406979927,1.0572851417231344,True
4,1991.0,S_iu_med,0.5316068714864814,1.2977701373058157,True
4,1991.0,S_iu_long,1.1349587325791406,1.1771032053880541,True
4,1991.0,S_scrap,0.7170668447010841,1.1711112950734384,True
4,1992.0,S_conc,0.8229470887756959,1.5642482310009866,True
4,1992.0,S_ref,0.5405116503768737,1.4390195856485768,True
4,1992.0,S_iu_short,0.5367782078526868,1.0466322045053844,True
4,1992.0,S_iu_med,0.5374373597571104,1.2846178061333189,True
4,1992.0,S_iu_long,1.1618693621147274,1.2276520737198044,True
4,1992.0,S_scrap,0.7500662294354354,1.1773206886438927,True
4,1993.0,S_conc,0.5932388287232286,2.2835717349899753,True
4,1993.0,S_ref,0.37234770960147356,2.104568928719792,True
4,1993.0,S_iu_short,0.5270219551605003,1.0818351841582223,True
4,1993.0,S_iu_med,0.5203614807531578,1.343923586459398,True
4,1993.0,S_iu_long,1.0849034426389719,1.098642874081792,True
4,1993.0,S_scrap,0.7768055240398659,1.183286897621284,True
4,1994.0,S_conc,0.5042207747803442,2.566909011730449,True
4,1994.0,S_ref,0.3352039695462747,2.378470664598718,True
4,1994.0,S_iu_short,0.5246428232495768,1.0304188443037645,True
4,1994.0,S_iu_med,0.5445154150266819,1.2558449791925843,True
4,1994.0,S_iu_long,1.1954639805397127,1.2569960319378837,True
4,1994.0,S_scrap,0.779875387180483,1.1915793949179538,True
4,1995.0,S_conc,0.784147268212877,1.9150885473611898,True
4,1995.0,S_ref,0.4395081517000175,1.7563129580315526,True
4,1995.0,S_iu_short,0.5234515239906827,1.0330263694006834,True
4,1995.0,S_iu_med,0.5457944807688938,1.2448508062127621,True
4,1995.0,S_iu_long,1.201646518282808,1.2612045304447612,True
4,1995.0,S_scrap,0.8070679142854884,1.1886614095362003,True
4,1996.0,S_conc,0.8294698047294767,1.6302696940681938,True
4,1996.0,S_ref,0.5171811431594447,1.4969483091052693,True
4,1996.0,S_iu_short,0.5266586436277758,1.032760624882608,True
4,1996.0,S_iu_med,0.5473274907837643,1.2403885013526699,True
4,1996.0,S_iu_long,1.209102562316885,1.274441453459427,True
4,1996.0,S_scrap,0.8023957136072193,1.187099623192681,True
4,1997.0,S_conc,0.8353437079834674,1.4638002169141444,True
4,1997.0,S_ref,0.5876350310496475,1.3531157273442647,True
4,1997.0,S_iu_short,0.5303723472540163,1.0314777513800255,True
4,1997.0,S_iu_med,0.5463026979625059,1.2526014084126862,True
4,1997.0,S_iu_long,1.2041127322316736,1.2723355605848872,True
4,1997.0,S_scrap,0.8160573757279103,1.1866260204917642,True
4,1998.0,S_conc,0.8753522437467169,1.38257302859192,True
4,1998.0,S_ref,0.6217725973125979,1.2897271211645807,True
4,1998.0,S_iu_short,0.5262840124709958,1.060779786691776,True
4,1998.0,S_iu_med,0.5389689598294457,1.2506169054108283,True
4,1998.0,S_iu_long,1.1690513498398265,1.204805433472796,True
4,1998.0,S_scrap,0.7907768408911987,1.159970408164526,True
4,1999.0,S_conc,0.8665149468298015,1.3120975365354108,True
4,1999.0,S_ref,0.6862858387730933,1.2347225323607582,True
4,1999.0,S_iu_short,0.5319991833958325,1.0361770442920766,True
4,1999.0,S_iu_med,0.5361702068277703,1.3012239916383503,True
4,1999.0,S_iu_long,1.1559632751505442,1.205507539945511,True
4,1999.0,S_scrap,0.8139031007999282,1.182158085926342,True
4,2000.0,S_conc,0.8241610611346141,1.2622420489619968,True
4,2000.0,S_ref,0.7512302461039665,1.2004715596425513,True
4,2000.0,S_iu_short,0.5357964923722701,1.0228339361616134,True
4,2000.0,S_iu_med,0.5511837634171964,1.2553787400923753,True
4,2000.0,S_iu_long,1.2280833857834526,1.325435604041348,True
4,2000.0,S_scrap,0.8564537162857627,1.200461313390086,True
4,2001.0,S_conc,0.8631630292840125,1.4178048374864451,True
4,2001.0,S_ref,0.6270557001774654,1.309825652225472,True
4,2001.0,S_iu_short,0.5277708117020162,1.0309051089247419,True
4,2001.0,S_iu_med,0.576075503946449,1.16096151118955,True
4,2001.0,S_iu_long,1.3589106298629132,1.44665051011712,True
4,2001.0,S_scrap,0.8170474796432721,1.1954918559427115,True
4,2002.0,S_conc,0.8690098948800342,1.6349398417721266,True
4,2002.0,S_ref,0.5356152604417074,1.4858939829640614,True
4,2002.0,S_iu_short,0.5260343468039164,1.0303029448131948,True
4,2002.0,S_iu_med,0.5850924478565634,1.1398972561245557,True
4,2002.0,S_iu_long,1.4101754591690165,1.502026474852333,True
4,2002.0,S_scrap,0.8096965614080988,1.2086935998917028,True
4,2003.0,S_conc,0.5730906700121667,2.402903588674916,True
4,2003.0,S_ref,0.3643087337157332,2.2045329091432295,True
4,2003.0,S_iu_short,0.5323337428327233,1.0263270430814093,True
4,2003.0,S_iu_med,0.5654882275732692,1.1969307414265182,True
4,2003.0,S_iu_long,1.3014336168961318,1.4052538401978325,True
4,2003.0,S_scrap,0.8277981221127753,1.2053742066451352,True
4,2004.0,S_conc,0.716774291795804,2.0822743517170372,True
4,2004.0,S_ref,0.41751224678815163,1.8964554926814075,True
4,2004.0,S_iu_short,0.5348099401962912,1.025446438024805,True
4,2004.0,S_iu_med,0.5680423509315595,1.1981598867011283,True
4,2004.0,S_iu_long,1.3150417689247993,1.4222003083785546,True
4,2004.0,S_scrap,0.8593354213944557,1.2138496934459573,True
4,2005.0,S_conc,0.8738042703808372,1.7893630562021148,True
4,2005.0,S_ref,0.49360059810821993,1.6155176941678322,True
4,2005.0,S_iu_short,0.5302615587621997,1.0287198303799994,True
4,2005.0,S_iu_med,0.5936881921210132,1.1359934979047805,True
4,2005.0,S_iu_long,1.4611640139629742,1.5579320847189317,True
4,2005.0,S_scrap,0.8589037052002996,1.23718182542148,True
4,2006.0,S_conc,0.8007416558222663,1.4067298805493071,True
4,2006.0,S_ref,0.667251979982884,1.3000922640237538,True
4,2006.0,S_iu_short,0.5266665943168122,1.0333524150073354,True
4,2006.0,S_iu_med,0.6158989452664412,1.1088480601767927,True
4,2006.0,S_iu_long,1.6034815256981645,1.6494458914395427,True
4,2006.0,S_scrap,0.9052161469199316,1.2587325953286006,True
4,2007.0,S_conc,0.8513238635496129,1.2946104663941884,True
4,2007.0,S_ref,0.7188089145508817,1.2210470257389783,True
4,2007.0,S_iu_short,0.5405672875499076,1.0321084336439454,True
4,2007.0,S_iu_med,0.5784798378412943,1.189908618481229,True
4,2007.0,S_iu_long,1.3723657603440857,1.4529171075034621,True
4,2007.0,S_scrap,0.8697594677910532,1.2091087594482612,True
4,2008.0,S_conc,0.8991735281501902,1.4858407244380596,True
4,2008.0,S_ref,0.6526622522434157,1.3505238801141433,True
4,2008.0,S_iu_short,0.5120932726566241,1.071777118215533,True
4,2008.0,S_iu_med,0.664913722694843,1.098190172196122,True
4,2008.0,S_iu_long,1.9843060361714482,1.8151302893601975,True
4,2008.0,S_scrap,0.7889293876657335,1.32105540315881,True
4,2009.0,S_conc,0.48908893140386317,2.7563900536055663,True
4,2009.0,S_ref,0.3284484365502378,2.5249803157911486,True
4,2009.0,S_iu_short,0.5206629539803587,1.0423240192933851,True
4,2009.0,S_iu_med,0.6211284472818588,1.101890598679071,True
4,2009.0,S_iu_long,1.6394169549698092,1.6311873784437187,True
4,2009.0,S_scrap,0.8112170424152464,1.243637635277624,True
4,2010.0,S_conc,0.8841309611344187,1.9090307443710268,True
4,2010.0,S_ref,0.46925133091708826,1.7143527148343845,True
4,2010.0,S_iu_short,0.52149728364474,1.031817684032877,True
4,2010.0,S_iu_med,0.6080783482086227,1.097523834012054,True
4,2010.0,S_iu_long,1.5515303771283024,1.6250135882194485,True
4,2010.0,S_scrap,0.829057822191059,1.2473660673612526,True
4,2011.0,S_conc,0.7963121988394303,2.1083775477821547,True
4,2011.0,S_ref,0.4433038974816935,1.868265661227832,True
4,2011.0,S_iu_short,0.5110444700604928,1.0640321243057973,True
4,2011.0,S_iu_med,0.6548937058300146,1.0880871322617705,True
4,2011.0,S_iu_long,1.897657958992311,1.7964870649182092,True
4,2011.0,S_scrap,0.7791474909508297,1.322315432282837,True
4,2012.0,S_conc,0.377446876701668,3.4373114662526225,True
4,2012.0,S_ref,0.2740191894771828,3.1712780605301942,True
4,2012.0,S_iu_short,0.5165364478348822,1.0551486327769843,True
4,2012.0,S_iu_med,0.6416940616601113,1.0936065111992432,True
4,2012.0,S_iu_long,1.7909110427620125,1.7184438312316792,True
4,2012.0,S_scrap,0.780531596364859,1.2861204672663458,True
4,2013.0,S_conc,0.33443657866626314,3.7103518179268087,True
4,2013.0,S_ref,0.250620062439029,3.4667684712957367,True
4,2013.0,S_iu_short,0.5249371259622709,1.0484993086886525,True
4,2013.0,S_iu_med,0.626658805551646,1.111181317860494,True
4,2013.0,S_iu_long,1.678515028264138,1.6309373657201929,True
4,2013.0,S_scrap,0.7954317623304676,1.2445281863200406,True
4,2014.0,S_conc,0.3748585596795125,3.4000103595491002,True
4,2014.0,S_ref,0.27265245362177054,3.1526658123031592,True
4,2014.0,S_iu_short,0.5220539539704063,1.0500497448855801,True
4,2014.0,S_iu_med,0.6320705984246413,1.102931885338495,True
4,2014.0,S_iu_long,1.7179127183593175,1.6603329804707665,True
4,2014.0,S_scrap,0.7922346056318396,1.2588528774016308,True
4,2015.0,S_conc,0.2741253510502405,4.366826080250136,True
4,2015.0,S_ref,0.21514786659278343,4.1265104405151165,True
4,2015.0,S_iu_short,0.522395316057594,1.051394872742112,True
4,2015.0,S_iu_med,0.6296046932996069,1.1113564887890732,True
4,2015.0,S_iu_long,1.6998182263926043,1.6181654237506278,True
4,2015.0,S_scrap,0.791038298992994,1.234308115763175,True
4,2016.0,S_conc,0.3612613228759018,3.514861018482011,True
4,2016.0,S_ref,0.26538719407135897,3.26252600744018,True
4,2016.0,S_iu_short,0.5164500429275809,1.0465025811272028,True
4,2016.0,S_iu_med,0.6301030689215168,1.0901680263213525,True
4,2016.0,S_iu_long,1.703455789926043,1.6673731919532875,True
4,2016.0,S_scrap,0.7904804651573196,1.2655400473325782,True
4,2017.0,S_conc,0.7256087323556486,2.102786395294252,True
4,2017.0,S_ref,0.4204943558468852,1.9023679985152229,True
4,2017.0,S_iu_short,0.5215079076267097,1.0401475254215071,True
4,2017.0,S_iu_med,0.6190591173269495,1.099210909835235,True
4,2017.0,S_iu_long,1.6250792327224912,1.6212482820862704,True
4,2017.0,S_scrap,0.8134231466084796,1.2444928208091077,True
4,2018.0,S_conc,0.9170521970923035,1.8396330205066658,True
4,2018.0,S_ref,0.4889025409811794,1.6491179835559449,True
4,2018.0,S_iu_short,0.5179481016572065,1.0616017933966855,True
4,2018.0,S_iu_med,0.6520289283481022,1.1017401262684148,True
4,2018.0,S_iu_long,1.8738021101948865,1.714105306674645,True
4,2018.0,S_scrap,0.7969878797692381,1.2708949658649715,True
4,2019.0,S_conc,0.6196444553354754,2.2667995658120215,True
4,2019.0,S_ref,0.3825805430903223,2.0769732809009396,True
4,2019.0,S_iu_short,0.529539605293143,1.053789825194949,True
4,2019.0,S_iu_med,0.6259132305143671,1.1298360379003847,True
4,2019.0,S_iu_long,1.6731766038531488,1.56709835652684,True
4,2019.0,S_scrap,0.8014317120532136,1.2069896133523461,True
5,1980.0,S_conc,0.8094771557987481,1.461968790676546,True
5,1980.0,S_ref,0.5965393957420293,1.348956543858199,True
5,1980.0,S_iu_short,0.5189172594937322,1.0220600131609237,True
5,1980.0,S_iu_med,0.556712232798859,1.1849413244310893,True
5,1980.0,S_iu_long,1.2558709578517464,1.3725649366365358,True
5,1980.0,S_scrap,0.7738880871223315,1.2045182549707607,True
5,1981.0,S_conc,0.8918861342106118,1.7089709061121685,True
5,1981.0,S_ref,0.49106376746495634,1.5680089552755625,True
5,1981.0,S_iu_short,0.5189644651986213,1.0447550932673146,True
5,1981.0,S_iu_med,0.5478987266990342,1.2204647831266946,True
5,1981.0,S_iu_long,1.2118937925093956,1.277778887195237,True
5,1981.0,S_scrap,0.6746249071921262,1.1756745632139698,True
5,1982.0,S_conc,0.8811851870215045,1.5953695766646276,True
5,1982.0,S_ref,0.5352442280494452,1.4618766927600064,True
5,1982.0,S_iu_short,0.519016775595572,1.0312958637051866,True
5,1982.0,S_iu_med,0.560744451601711,1.169286040018743,True
5,1982.0,S_iu_long,1.2765790976264768,1.3834946445884615,True
5,1982.0,S_scrap,0.676903565940857,1.1877084809568235,True
5,1983.0,S_conc,0.8684256280064896,1.4576623809570044,True
5,1983.0,S_ref,0.5973726011493157,1.3452263387694599,True
5,1983.0,S_iu_short,0.5170620732122755,1.0258878568134808,True
5,1983.0,S_iu_med,0.5564371680726085,1.1775377768611506,True
5,1983.0,S_iu_long,1.254472034220608,1.3674650745398171,True
5,1983.0,S_scrap,0.70357091233685,1.1944822629867864,True
5,1984.0,S_conc,0.8928363530240354,1.490584212506793,True
5,1984.0,S_ref,0.5729971504984307,1.3754819300659198,True
5,1984.0,S_iu_short,0.5202171396966759,1.0402252322687007,True
5,1984.0,S_iu_med,0.5516881174586122,1.2078322600026552,True
5,1984.0,S_iu_long,1.230589995364847,1.3131113828754264,True
5,1984.0,S_scrap,0.6466500241614805,1.176348792019245,True
5,1985.0,S_conc,0.9036695896556445,1.5525474642838901,True
5,1985.0,S_ref,0.5521433768473487,1.4245417779515077,True
5,1985.0,S_iu_short,0.522143956185689,1.0316541828292538,True
5,1985.0,S_iu_med,0.5540775087882078,1.2045754413984426,True
5,1985.0,S_iu_long,1.2425421899723088,1.3504121240046305,True
5,1985.0,S_scrap,0.6029785816245501,1.186715086754195,True
5,1986.0,S_conc,0.9328874445000184,1.4683486505308543,True
5,1986.0,S_ref,0.5922028894388575,1.3528763639696075,True
5,1986.0,S_iu_short,0.5127875763549696,1.045858078962771,True
5,1986.0,S_iu_med,0.5580570836772575,1.1680349393906762,True
5,1986.0,S_iu_long,1.262735668037541,1.3943026175790012,True
5,1986.0,S_scrap,0.4310153102903,1.1716628267196112,True
5,1987.0,S_conc,0.9028930563426679,1.320454202237051,True
5,1987.0,S_ref,0.6680613571616714,1.2405701069207444,True
5,1987.0,S_iu_short,0.5068409410424164,1.0626005068828779,True
5,1987.0,S_iu_med,0.5510230197424898,1.1690484583871918,True
5,1987.0,S_iu_long,1.2272856827235354,1.2947488333995358,True
5,1987.0,S_scrap,0.6061263638245865,1.176390723760439,True
5,1988.0,S_conc,0.86773320633498,1.3297712570865985,True
5,1988.0,S_ref,0.6529420896124194,1.2489670672262891,True
5,1988.0,S_iu_short,0.5042568394008535,1.096648874679042,True
5,1988.0,S_iu_med,0.5458477622105767,1.1814003120443501,True
5,1988.0,S_iu_long,1.2019048169122308,1.20647561408371,True
5,1988.0,S_scrap,0.7321747018691237,1.1752045288283555,True
5,1989.0,S_conc,0.8368067708662795,1.3317499727396773,True
5,1989.0,S_ref,0.6588563588344162,1.250263202117705,True
5,1989.0,S_iu_short,0.5156429459636733,1.0453337045858186,True
5,1989.0,S_iu_med,0.5505502928932654,1.195778801293138,True
5,1989.0,S_iu_long,1.2249430452126686,1.280560637494772,True
5,1989.0,S_scrap,0.7790434498680764,1.1758742990474207,True
5,1990.0,S_conc,0.8486817512037385,1.3323595149493377,True
5,1990.0,S_ref,0.6724389194948386,1.2493261301286442,True
5,1990.0,S_iu_short,0.5158072607853389,1.0377263693159284,True
5,1990.0,S_iu_med,0.5752938649721073,1.129027290019221,True
5,1990.0,S_iu_long,1.3545692362892867,1.4436417246291464,True
5,1990.0,S_scrap,0.737002545410579,1.187890683163921,True
5,1991.0,S_conc,0.8551284529032888,1.3748808668998163,True
5,1991.0,S_ref,0.6434635472254474,1.2804611558369243,True
5,1991.0,S_iu_short,0.5158389156707579,1.0350876958629953,True
5,1991.0,S_iu_med,0.5709306782611123,1.1328433059497258,True
5,1991.0,S_iu_long,1.3306257272072115,1.426489446354859,True
5,1991.0,S_scrap,0.707475778416902,1.1821101114299668,True
5,1992.0,S_conc,0.820740024659071,1.5244255005842333,True
5,1992.0,S_ref,0.5495365185778804,1.4092018797793187,True
5,1992.0,S_iu_short,0.510675897250199,1.061384027967898,True
5,1992.0,S_iu_med,0.5646489338640872,1.1407129225844206,True
5,1992.0,S_iu_long,1.296996786698597,1.3394507389557502,True
5,1992.0,S_scrap,0.7574015229175083,1.166111616313498,True
5,1993.0,S_conc,0.582948706119647,2.2868685552209875,True
5,1993.0,S_ref,0.36826759064648107,2.117019309946205,True
5,1993.0,S_iu_short,0.5127213590265732,1.0541423858179946,True
5,1993.0,S_iu_med,0.5587777424214985,1.1563599801932658,True
5,1993.0,S_iu_long,1.2664314476974943,1.3196638049397154,True
5,1993.0,S_scrap,0.7570393824361196,1.16799287229753,True
5,1994.0,S_conc,0.4709324802037614,2.651095633850837,True
5,1994.0,S_ref,0.32015914159331454,2.477675886867564,True
5,1994.0,S_iu_short,0.5086912861805358,1.081789147284529,True
5,1994.0,S_iu_med,0.5488319246479477,1.1764120135150828,True
5,1994.0,S_iu_long,1.2164688829538464,1.2317173224568898,True
5,1994.0,S_scrap,0.7909313231426006,1.1654393874331508,True
5,1995.0,S_conc,0.8196982507974706,1.8313524167365602,True
5,1995.0,S_ref,0.4549328794280235,1.6844562093855207,True
5,1995.0,S_iu_short,0.5038127765338228,1.07131509748025,True
5,1995.0,S_iu_med,0.5616901420039612,1.1151029038607727,True
5,1995.0,S_iu_long,1.2814910086029534,1.3320140877413444,True
5,1995.0,S_scrap,0.8095346697979883,1.1756948752977678,True
5,1996.0,S_conc,0.8192002879336858,1.6046289306433308,True
5,1996.0,S_ref,0.5205903687143822,1.4790442980161747,True
5,1996.0,S_iu_short,0.5134193929271931,1.0523662388702468,True
5,1996.0,S_iu_med,0.5625580327729119,1.1484112178721377,True
5,1996.0,S_iu_long,1.286017517566788,1.3367812273708328,True
5,1996.0,S_scrap,0.8191290534354725,1.1744049727788797,True
5,1997.0,S_conc,0.841281239632962,1.4987400011927787,True
5,1997.0,S_ref,0.5672275592885309,1.3842664610174282,True
5,1997.0,S_iu_short,0.5127198952295283,1.0460486702737424,True
5,1997.0,S_iu_med,0.5671970758901771,1.1333284678811752,True
5,1997.0,S_iu_long,1.3105204338828635,1.3734491645709797,True
5,1997.0,S_scrap,0.8148364948798464,1.1758637239996605,True
5,1998.0,S_conc,0.8773972757102396,1.43224262499853,True
5,1998.0,S_ref,0.6174081494036032,1.3233905290508001,True
5,1998.0,S_iu_short,0.5096603211753985,1.0358284887175335,True
5,1998.0,S_iu_med,0.5798865324106236,1.0954064433389066,True
5,1998.0,S_iu_long,1.3803093143812546,1.4762069886547216,True
5,1998.0,S_scrap,0.7807094715745978,1.191781965961229,True
5,1999.0,S_conc,0.8680996520722407,1.2969460181545278,True
5,1999.0,S_ref,0.7045313091217329,1.2246501893611834,True
5,1999.0,S_iu_short,0.5123564400054437,1.0344484314806377,True
5,1999.0,S_iu_med,0.5722200028367389,1.114784283195991,True
5,1999.0,S_iu_long,1.3376502095266334,1.4308438976945883,True
5,1999.0,S_scrap,0.8100092845482904,1.1850550189929714,True
5,2000.0,S_conc,0.8212388633932315,1.259681349776328,True
5,2000.0,S_ref,0.7335270005976791,1.1968974423916539,True
5,2000.0,S_iu_short,0.5135163792910644,1.0441545113802235,True
5,2000.0,S_iu_med,0.5727094242433581,1.1269535172017304,True
5,2000.0,S_iu_long,1.340327769291916,1.4032739852224263,True
5,2000.0,S_scrap,0.8636489385509769,1.1797500730316393,True
5,2001.0,S_conc,0.8582312213580695,1.382239112610078,True
5,2001.0,S_ref,0.6351637281061236,1.2851265119376112,True
5,2001.0,S_iu_short,0.5190734334457718,1.0426213029422973,True
5,2001.0,S_iu_med,0.5715374511755487,1.1491886665582731,True
5,2001.0,S_iu_long,1.3339262737050037,1.3958871534997228,True
5,2001.0,S_scrap,0.8239594499103076,1.1789388782200043,True
5,2002.0,S_conc,0.8662090531247698,1.6090333615749013,True
5,2002.0,S_ref,0.5227687813632218,1.4802696287819013,True
5,2002.0,S_iu_short,0.5221175149817353,1.053985460990661,True
5,2002.0,S_iu_med,0.5576493914204594,1.1897627303172313,True
5,2002.0,S_iu_long,1.2606502186380206,1.3078189608428195,True
5,2002.0,S_scrap,0.8192099821763696,1.170332435039416,True
5,2003.0,S_conc,0.519865042995968,2.517690526463693,True
5,2003.0,S_ref,0.34204684514041234,2.3352632646924945,True
5,2003.0,S_iu_short,0.5303611081490647,1.0564181812315403,True
5,2003.0,S_iu_med,0.5355510202097151,1.280621855944565,True
5,2003.0,S_iu_long,1.1530890227200745,1.1969742632869849,True
5,2003.0,S_scrap,0.8184361878542389,1.1772876047702647,True
5,2004.0,S_conc,0.8139126912738687,1.8762039187293287,True
5,2004.0,S_ref,0.44870554971544785,1.7227459829839726,True
5,2004.0,S_iu_short,0.5283583521214126,1.0583733194396823,True
5,2004.0,S_iu_med,0.5386690568862021,1.2627325884291996,True
5,2004.0,S_iu_long,1.167641288595131,1.2074573734004563,True
5,2004.0,S_scrap,0.8468991209562061,1.1732072806668485,True
5,2005.0,S_conc,0.8588303834686725,1.6072137931774644,True
5,2005.0,S_ref,0.5273359692604507,1.4759430183498878,True
5,2005.0,S_iu_short,0.5356898925778201,1.0444858683101041,True
5,2005.0,S_iu_med,0.5460543911065983,1.2544523196461768,True
5,2005.0,S_iu_long,1.2029070893266995,1.2639052395087427,True
5,2005.0,S_scrap,0.8687376196129376,1.1831789177702494,True
5,2006.0,S_conc,0.8228939405706626,1.3368286455827836,True
5,2006.0,S_ref,0.6622340616623416,1.2519313476912213,True
5,2006.0,S_iu_short,0.5378797095266739,1.042636951604148,True
5,2006.0,S_iu_med,0.5518978435750397,1.2408414114382382,True
5,2006.0,S_iu_long,1.2316339827020248,1.292959218567748,True
5,2006.0,S_scrap,0.8958874168202248,1.1807632543114321,True
5,2007.0,S_conc,0.8152246742895222,1.3037678039624148,True
5,2007.0,S_ref,0.6857826275622458,1.2276756304811642,True
5,2007.0,S_iu_short,0.5388083526984596,1.0423499558636113,True
5,2007.0,S_iu_med,0.5565607552049816,1.2306736499759638,True
5,2007.0,S_iu_long,1.2551003587024738,1.3146315844387464,True
5,2007.0,S_scrap,0.9001159461359726,1.1847753112206303,True
5,2008.0,S_conc,0.6629783278280241,2.112993223261504,True
5,2008.0,S_ref,0.3986692530707385,1.9517120590508292,True
5,2008.0,S_iu_short,0.5423659033671656,1.0601233051082317,True
5,2008.0,S_iu_med,0.5393699137748261,1.2710302048102842,True
5,2008.0,S_iu_long,1.1709393934619396,1.2302778126015563,True
5,2008.0,S_scrap,0.8933636199724009,1.1871163507688895,True
5,2009.0,S_conc,0.011397477333399002,95.33415761003324,False
5,2009.0,S_ref,0.011269038720018398,95.07965186479056,False
5,2009.0,S_iu_short,0.5728389583761564,1.0569392066913619,True
5,2009.0,S_iu_med,0.519435820893898,1.3777271990721156,True
5,2009.0,S_iu_long,1.0808875140467213,1.2123690749636842,True
5,2009.0,S_scrap,0.8037519792391319,1.2175145663838638,True
5,2010.0,S_conc,0.5574981413882292,2.431101132442069,True
5,2010.0,S_ref,0.35794465917713386,2.2394310267139192,True
5,2010.0,S_iu_short,0.5481298371767501,1.0524410479414497,True
5,2010.0,S_iu_med,0.521477748186703,1.3483245542288202,True
5,2010.0,S_iu_long,1.089766977837774,1.1628213964216119,True
5,2010.0,S_scrap,0.8694941065221302,1.1876751489713793,True
5,2011.0,S_conc,0.21058385292295465,5.474270200626341,True
5,2011.0,S_ref,0.17395230608313497,5.245180569286218,True
5,2011.0,S_iu_short,0.5532805634528455,1.0550291920662471,True
5,2011.0,S_iu_med,0.5132169933983853,1.3804168796099632,True
5,2011.0,S_iu_long,1.054303429738262,1.1397425201102456,True
5,2011.0,S_scrap,0.8591537301186283,1.1983438028681261,True
5,2012.0,S_conc,0.008805135905879169,122.70177503272203,False
5,2012.0,S_ref,0.008883355054433635,122.95354902644715,False
5,2012.0,S_iu_short,0.5601988831674569,1.0556946722975415,True
5,2012.0,S_iu_med,0.5054418535707732,1.413291401735962,True
5,2012.0,S_iu_long,1.022006931278209,1.1266889835957907,True
5,2012.0,S_scrap,0.824486476121388,1.2075590214961753,True
5,2013.0,S_conc,0.18012436131101436,6.30124797162223,True
5,2013.0,S_ref,0.1526316778266589,6.074038664270931,True
5,2013.0,S_iu_short,0.5546218237364734,1.0570682656262107,True
5,2013.0,S_iu_med,0.5137906673680254,1.3658892312840198,True
5,2013.0,S_iu_long,1.0567272836717179,1.1468751130057657,True
5,2013.0,S_scrap,0.8298534364189398,1.1889394462597989,True
5,2014.0,S_conc,0.38657367226971123,3.186203386315539,True
5,2014.0,S_ref,0.27879778766960195,2.986149093094116,True
5,2014.0,S_iu_short,0.5504641795680619,1.0538855740529094,True
5,2014.0,S_iu_med,0.5258183994832011,1.3189927708274125,True
5,2014.0,S_iu_long,1.108896673574269,1.1865164568241953,True
5,2014.0,S_scrap,0.8377883579207862,1.177920173047588,True
5,2015.0,S_conc,0.2656886341407648,4.387806781801969,True
5,2015.0,S_ref,0.20991626769338279,4.176645078745372,True
5,2015.0,S_iu_short,0.5503042964814161,1.049353740972784,True
5,2015.0,S_iu_med,0.5306508957825757,1.3077251317084906,True
5,2015.0,S_iu_long,1.1306102238489704,1.2091316223194237,True
5,2015.0,S_scrap,0.8034138416116241,1.1773669776862206,True
5,2016.0,S_conc,0.23085390129241046,4.988319401175415,True
5,2016.0,S_ref,0.1875558919299937,4.7718764585397055,True
5,2016.0,S_iu_short,0.5499048560365519,1.0476258622350652,True
5,2016.0,S_iu_med,0.5280925489256354,1.3173100021235473,True
5,2016.0,S_iu_long,1.1190595692510414,1.1953343787406823,True
5,2016.0,S_scrap,0.8087737692059599,1.1781742909531199,True
5,2017.0,S_conc,0.7091740709060023,2.03462824948982,True
5,2017.0,S_ref,0.41492208604011993,1.8729621242568761,True
5,2017.0,S_iu_short,0.5384585986788887,1.045756176938121,True
5,2017.0,S_iu_med,0.5430771247932068,1.253219612822689,True
5,2017.0,S_iu_long,1.1885531547253398,1.2404747837511065,True
5,2017.0,S_scrap,0.8482391053834472,1.1657272237760326,True
5,2018.0,S_conc,0.7683305389932966,1.9178929765068684,True
5,2018.0,S_ref,0.4344948651006752,1.7697990480480073,True
5,2018.0,S_iu_short,0.5341682784603151,1.05378984485606,True
5,2018.0,S_iu_med,0.5489929916339993,1.2238148354707583,True
5,2018.0,S_iu_long,1.2172604448498527,1.253498590250265,True
5,2018.0,S_scrap,0.8643813764961464,1.1615948085689067,True
5,2019.0,S_conc,0.7360788569071085,1.9801248654808357,True
5,2019.0,S_ref,0.42398929863039825,1.8241889074209214,True
5,2019.0,S_iu_short,0.5388630135676763,1.0521414516611258,True
5,2019.0,S_iu_med,0.5391199152927578,1.2584650413186544,True
5,2019.0,S_iu_long,1.1697617952730908,1.2174493892783431,True
5,2019.0,S_scrap,0.8557449456821017,1.1622663265566004,True
6,1980.0,S_conc,0.8470932469741623,1.4984599965063032,True
6,1980.0,S_ref,0.5807311401167257,1.3773227681626443,True
6,1980.0,S_iu_short,0.5072439221677891,1.0395270887319403,True
6,1980.0,S_iu_med,0.5629283545048642,1.1147336942482395,True
6,1980.0,S_iu_long,1.287954412753433,1.4140915404022472,True
6,1980.0,S_scrap,0.7183496768505145,1.1940616042519616,True
6,1981.0,S_conc,0.9039345701352781,1.6866660100723196,True
6,1981.0,S_ref,0.527403028512485,1.5229729908603238,True
6,1981.0,S_iu_short,0.5064232111602549,1.0283005262926581,True
6,1981.0,S_iu_med,0.5803506894867535,1.0716048889335659,True
6,1981.0,S_iu_long,1.3829420779387518,1.5735596920067776,True
6,1981.0,S_scrap,0.6271288616775829,1.234220522507982,True
6,1982.0,S_conc,0.8858181840756076,1.7281032417014006,True
6,1982.0,S_ref,0.5097019901229994,1.5622635256511188,True
6,1982.0,S_iu_short,0.5098709302617829,1.0306863245422957,True
6,1982.0,S_iu_med,0.5864906155880616,1.0825536316492919,True
6,1982.0,S_iu_long,1.4183248015571015,1.5669385285808413,True
6,1982.0,S_scrap,0.670014485591901,1.2262855856485313,True
6,1983.0,S_conc,0.8639325289464274,1.534841338961261,True
6,1983.0,S_ref,0.5734127489952875,1.4034174212402903,True
6,1983.0,S_iu_short,0.5141069392337496,1.0216329680922926,True
6,1983.0,S_iu_med,0.5678152332055004,1.1224796857314405,True
6,1983.0,S_iu_long,1.3138251896682234,1.4701385155913351,True
6,1983.0,S_scrap,0.7137180661363127,1.211297702770365,True
6,1984.0,S_conc,0.8888177114835715,1.5396667892612925,True
6,1984.0,S_ref,0.5631133872706768,1.411008450963877,True
6,1984.0,S_iu_short,0.5111417126959281,1.034028406712278,True
6,1984.0,S_iu_med,0.5690705686690734,1.1183880664530719,True
6,1984.0,S_iu_long,1.3205655666439338,1.4471161034185933,True
6,1984.0,S_scrap,0.6609297219502959,1.193397882954452,True
6,1985.0,S_conc,0.9039410565998292,1.5510601769141645,True
6,1985.0,S_ref,0.5634248065754256,1.417527873789439,True
6,1985.0,S_iu_short,0.5122922619636192,1.034039418143316,True
6,1985.0,S_iu_med,0.5749009216814754,1.111449730063946,True
6,1985.0,S_iu_long,1.3523927738340218,1.4858320150378264,True
6,1985.0,S_scrap,0.6044504648731008,1.1946653427323592,True
6,1986.0,S_conc,0.9368146225257494,1.4740696826905155,True
6,1986.0,S_ref,0.5981040873703676,1.3544093798380028,True
6,1986.0,S_iu_short,0.5085289567573129,1.0458026225036459,True
6,1986.0,S_iu_med,0.5648215277083537,1.1305631594766388,True
6,1986.0,S_iu_long,1.2979077865088504,1.4697447199883646,True
6,1986.0,S_scrap,0.3910133535421017,1.1899610302287194,True
6,1987.0,S_conc,0.9028152193061527,1.3470362040824688,True
6,1987.0,S_ref,0.6708459637713423,1.2585882959621495,True
6,1987.0,S_iu_short,0.5102083409338574,1.0256739009992877,True
6,1987.0,S_iu_med,0.5563751010786981,1.148040879357354,True
6,1987.0,S_iu_long,1.2541566139131382,1.4025396225709161,True
6,1987.0,S_scrap,0.6025615779717753,1.2049921929191776,True
6,1988.0,S_conc,0.8736916814170259,1.358638851590057,True
6,1988.0,S_ref,0.6545254894701599,1.2682443138511572,True
6,1988.0,S_iu_short,0.5171446349016348,1.024445096130966,True
6,1988.0,S_iu_med,0.5490648060118021,1.2191921334575155,True
6,1988.0,S_iu_long,1.2176135580718777,1.3071368686820686,True
6,1988.0,S_scrap,0.7133548845332282,1.1945531069135211,True
6,1989.0,S_conc,0.8328471432995256,1.3277438919089628,True
6,1989.0,S_ref,0.6637658071907624,1.2471611947363905,True
6,1989.0,S_iu_short,0.5159007065936909,1.0384595624020574,True
6,1989.0,S_iu_med,0.551358612049382,1.1940156943250564,True
6,1989.0,S_iu_long,1.2289517348543644,1.2945822170828074,True
6,1989.0,S_scrap,0.7862722506782235,1.1824642770255736,True
6,1990.0,S_conc,0.8470737064039268,1.3201506971216548,True
6,1990.0,S_ref,0.6600185166731364,1.2414369792778865,True
6,1990.0,S_iu_short,0.5206300786424806,1.066018279426087,True
6,1990.0,S_iu_med,0.546274350991462,1.2185155456119758,True
6,1990.0,S_iu_long,1.2039750280486845,1.244203220943249,True
6,1990.0,S_scrap,0.7472959502353886,1.1619961455044419,True
6,1991.0,S_conc,0.8592416416126674,1.364154442126524,True
6,1991.0,S_ref,0.6460525532378859,1.2728196482329817,True
6,1991.0,S_iu_short,0.5166699556935627,1.033556705733601,True
6,1991.0,S_iu_med,0.5642369809476292,1.1499777957467392,True
6,1991.0,S_iu_long,1.2948252978755366,1.3936906267359452,True
6,1991.0,S_scrap,0.7005336385237149,1.1850961852089559,True
6,1992.0,S_conc,0.8252712257514048,1.5518183364558273,True
6,1992.0,S_ref,0.5381265949014533,1.4331219818437053,True
6,1992.0,S_iu_short,0.521619012343523,1.058087657667125,True
6,1992.0,S_iu_med,0.5469877079129855,1.2183952991215614,True
6,1992.0,S_iu_long,1.2074456200581865,1.2504536852172536,True
6,1992.0,S_scrap,0.749170271868202,1.1655465293948244,True
6,1993.0,S_conc,0.5856619131951416,2.28509140029665,True
6,1993.0,S_ref,0.36934854039283865,2.113409086822044,True
6,1993.0,S_iu_short,0.5141024427011227,1.0468113296686332,True
6,1993.0,S_iu_med,0.5589106649491216,1.1588406878735826,True
6,1993.0,S_iu_long,1.2671144381322499,1.3310080169320184,True
6,1993.0,S_scrap,0.7602740718841986,1.174810559536171,True
6,1994.0,S_conc,0.49500888599765325,2.5678916849020337,True
6,1994.0,S_ref,0.33110765469953884,2.391170135977077,True
6,1994.0,S_iu_short,0.5181032899672166,1.0554666911482469,True
6,1994.0,S_iu_med,0.5437659985814699,1.2302618604933626,True
6,1994.0,S_iu_long,1.191857680249135,1.2226418751607584,True
6,1994.0,S_scrap,0.7865372583427431,1.1747685087865178,True
6,1995.0,S_conc,0.8115880563720944,1.8959727718543036,True
6,1995.0,S_ref,0.4479981271224482,1.732870036896277,True
6,1995.0,S_iu_short,0.5185097777914008,1.0235729549141763,True
6,1995.0,S_iu_med,0.5620006924877086,1.1601215371698446,True
6,1995.0,S_iu_long,1.2831086324764047,1.3959556400801632,True
6,1995.0,S_scrap,0.8082479190007543,1.2057752734485385,True
6,1996.0,S_conc,0.8188262804605908,1.5804944402056802,True
6,1996.0,S_ref,0.5360972916840403,1.4529887707348101,True
6,1996.0,S_iu_short,0.5143555485296591,1.0376825339326003,True
6,1996.0,S_iu_med,0.566986854469821,1.135527414718049,True
6,1996.0,S_iu_long,1.3093987106918088,1.3899627386663376,True
6,1996.0,S_scrap,0.8141367618158329,1.1867296121264428,True
6,1997.0,S_conc,0.8292245535832584,1.472065413507811,True
6,1997.0,S_ref,0.5811775709943081,1.3612387886142108,True
6,1997.0,S_iu_short,0.520744156375708,1.0349813120181082,True
6,1997.0,S_iu_med,0.5641372830542306,1.1640171756814177,True
6,1997.0,S_iu_long,1.2943003866155898,1.3681634621189738,True
6,1997.0,S_scrap,0.8262473616274232,1.1838449833272877,True
6,1998.0,S_conc,0.8798133189320696,1.4604370290622075,True
6,1998.0,S_ref,0.590146947335828,1.349704365021709,True
6,1998.0,S_iu_short,0.5160199742780679,1.038334143604267,True
6,1998.0,S_iu_med,0.5699199725450895,1.1364090112213832,True
6,1998.0,S_iu_long,1.3251486610938703,1.3990492544052782,True
6,1998.0,S_scrap,0.7793719614488254,1.1755422523054557,True
6,1999.0,S_conc,0.8698918195207882,1.298136101438542,True
6,1999.0,S_ref,0.7028156694412927,1.2253715094661175,True
6,1999.0,S_iu_short,0.516104281485717,1.0291603163010143,True
6,1999.0,S_iu_med,0.568188774562887,1.1340727497979597,True
6,1999.0,S_iu_long,1.315826780528278,1.4155473672729422,True
6,1999.0,S_scrap,0.8058362567371459,1.1875348811252686,True
6,2000.0,S_conc,0.8198209374836132,1.2761053995141103,True
6,2000.0,S_ref,0.7384079179791776,1.209579505881507,True
6,2000.0,S_iu_short,0.5217978827941581,1.0237632293204555,True
6,2000.0,S_iu_med,0.5736360568345237,1.141969340032956,True
6,2000.0,S_iu_long,1.345414090543509,1.4564415329109803,True
6,2000.0,S_scrap,0.8595836171264567,1.203916891699773,True
6,2001.0,S_conc,0.863927162828589,1.3904532484031238,True
6,2001.0,S_ref,0.651367054463025,1.2876878728666463,True
6,2001.0,S_iu_short,0.5219364955697126,1.031630840810995,True
6,2001.0,S_iu_med,0.5889046610969004,1.1245869904048351,True
6,2001.0,S_iu_long,1.4325257558702529,1.5152154201658112,True
6,2001.0,S_scrap,0.8164886869810287,1.2072172895109092,True
6,2002.0,S_conc,0.8613382123804375,1.5741562214580356,True
6,2002.0,S_ref,0.5527692083777754,1.4378045964771116,True
6,2002.0,S_iu_short,0.5211339662666151,1.035418641097734,True
6,2002.0,S_iu_med,0.5857290668578837,1.1307083719739837,True
6,2002.0,S_iu_long,1.4138792273339356,1.4823867471477823,True
6,2002.0,S_scrap,0.822296198906626,1.1957908333109069,True
6,2003.0,S_conc,0.4478399906185437,2.9283650653917435,True
6,2003.0,S_ref,0.30931594203805507,2.699779601125236,True
6,2003.0,S_iu_short,0.5157297599826864,1.0293515473170807,True
6,2003.0,S_iu_med,0.5892999520909318,1.1021832056688234,True
6,2003.0,S_iu_long,1.434867015699513,1.5386691102282475,True
6,2003.0,S_scrap,0.822268232031858,1.2191152748437102,True
6,2004.0,S_conc,0.7873751384169845,2.040253584360862,True
6,2004.0,S_ref,0.4405203594329588,1.8330250479340737,True
6,2004.0,S_iu_short,0.5181047647068736,1.0238471175125836,True
6,2004.0,S_iu_med,0.5946664021100615,1.095085755931808,True
6,2004.0,S_iu_long,1.4671036529064962,1.601691908512209,True
6,2004.0,S_scrap,0.8465362479414469,1.24612112972351,True
6,2005.0,S_conc,0.8792050592610724,1.872447900942281,True
6,2005.0,S_ref,0.4792199137965148,1.680979174154015,True
6,2005.0,S_iu_short,0.5184160381429962,1.025405175291015,True
6,2005.0,S_iu_med,0.5979771535886735,1.0945772997892493,True
6,2005.0,S_iu_long,1.4874208242803644,1.6079381330505367,True
6,2005.0,S_scrap,0.8515789016598624,1.2460514487924543,True
6,2006.0,S_conc,0.8308983130503498,1.342334687774392,True
6,2006.0,S_ref,0.6918597183628054,1.2545932340971702,True
6,2006.0,S_iu_short,0.5238747274673823,1.022936299443596,True
6,2006.0,S_iu_med,0.5867698042488352,1.1241553805057318,True
6,2006.0,S_iu_long,1.4199586823083248,1.535492757053041,True
6,2006.0,S_scrap,0.8861512112702877,1.2325186946064546,True
6,2007.0,S_conc,0.853491051940041,1.325869764935873,True
6,2007.0,S_ref,0.7091067063521178,1.243131177504253,True
6,2007.0,S_iu_short,0.5261443863645753,1.0318605661967537,True
6,2007.0,S_iu_med,0.604737107393483,1.117151005647701,True
6,2007.0,S_iu_long,1.5299617512932004,1.5900728779505082,True
6,2007.0,S_scrap,0.8690062291046028,1.2406830448862445,True
6,2008.0,S_conc,0.8366963802472032,1.755498321488412,True
6,2008.0,S_ref,0.4947187802696765,1.5950908674880608,True
6,2008.0,S_iu_short,0.5291625738002983,1.0352604211091816,True
6,2008.0,S_iu_med,0.5993912844013187,1.1363284529555489,True
6,2008.0,S_iu_long,1.496201308315449,1.5318477988994983,True
6,2008.0,S_scrap,0.874690169644052,1.2149957982001853,True
6,2009.0,S_conc,0.8433690400028896,1.4251208257124788,True
6,2009.0,S_ref,0.6284167239317663,1.3147855224759888,True
6,2009.0,S_iu_short,0.5273687563118574,1.04088942533139,True
6,2009.0,S_iu_med,0.6058730480243767,1.1302815571207763,True
6,2009.0,S_iu_long,1.5372535295730037,1.5409202982006422,True
6,2009.0,S_scrap,0.8345201162494106,1.1993225462809944,True
6,2010.0,S_conc,0.8535254599036002,1.3306728309483522,True
6,2010.0,S_ref,0.7188735527244079,1.2474491120292472,True
6,2010.0,S_iu_short,0.5230709549458841,1.0248409255185142,True
6,2010.0,S_iu_med,0.5964573857452122,1.1063644682239315,True
6,2010.0,S_iu_long,1.4780530349853516,1.5909863759963574,True
6,2010.0,S_scrap,0.8633573397498134,1.2396199505892136,True
6,2011.0,S_conc,0.8727269036771634,1.4998655467622135,True
6,2011.0,S_ref,0.6016853221289944,1.3698949682952117,True
6,2011.0,S_iu_short,0.5248025960089789,1.0304239714088252,True
6,2011.0,S_iu_med,0.6004767693402712,1.1143084248624482,True
6,2011.0,S_iu_long,1.5029833643182895,1.5709555753993254,True
6,2011.0,S_scrap,0.8494991564459874,1.2234615452401856,True
6,2012.0,S_conc,0.8967545730407696,1.5286756819695155,True
6,2012.0,S_ref,0.6005939433799802,1.3877277557329475,True
6,2012.0,S_iu_short,0.5216527462292176,1.0376386891461917,True
6,2012.0,S_iu_med,0.6158850692989978,1.0983791058928436,True
6,2012.0,S_iu_long,1.6033874761780793,1.6384419183319423,True
6,2012.0,S_scrap,0.8117331300004705,1.2378721568275457,True
6,2013.0,S_conc,0.9063358682868426,1.4691848268058103,True
6,2013.0,S_ref,0.639255475913101,1.3408218895141115,True
6,2013.0,S_iu_short,0.5212977082234832,1.0419382332718699,True
6,2013.0,S_iu_med,0.623387244172734,1.0947140552359753,True
6,2013.0,S_iu_long,1.6552472918858099,1.669968455487949,True
6,2013.0,S_scrap,0.8015488487346535,1.2473600621436338,True
6,2014.0,S_conc,0.8963911667438084,1.3971014111081166,True
6,2014.0,S_ref,0.6696927705275703,1.2906883308933375,True
6,2014.0,S_iu_short,0.5241687248841479,1.040906778423672,True
6,2014.0,S_iu_med,0.6192879000604299,1.1051532008240645,True
6,2014.0,S_iu_long,1.6266567313167313,1.628946807804469,True
6,2014.0,S_scrap,0.8151957875934567,1.2299169493227746,True
6,2015.0,S_conc,0.9021966806683195,1.4301161657885426,True
6,2015.0,S_ref,0.6286190981324992,1.3174244852929875,True
6,2015.0,S_iu_short,0.5262035713203901,1.0397993855685335,True
6,2015.0,S_iu_med,0.6043488141509312,1.1236470697490437,True
6,2015.0,S_iu_long,1.5274788393569365,1.5348423089332974,True
6,2015.0,S_scrap,0.8076987352714385,1.190037013468274,True
6,2016.0,S_conc,0.9118352335171197,1.3725034835960779,True
6,2016.0,S_ref,0.6575243033737208,1.2749841329406533,True
6,2016.0,S_iu_short,0.5234491610268228,1.0367469494825314,True
6,2016.0,S_iu_med,0.5949245146759169,1.1225831978511647,True
6,2016.0,S_iu_long,1.4686756820150295,1.4947161731687515,True
6,2016.0,S_scrap,0.8097291903189237,1.1797978459247092,True
6,2017.0,S_conc,0.9204080464018812,1.356321913575328,True
6,2017.0,S_ref,0.6946911636020596,1.2623096712134314,True
6,2017.0,S_iu_short,0.522599441764834,1.0328647581995372,True
6,2017.0,S_iu_med,0.6061657624506667,1.101554245723473,True
6,2017.0,S_iu_long,1.5391393247641043,1.588400505226693,True
6,2017.0,S_scrap,0.8177988336867847,1.2188784441380625,True
6,2018.0,S_conc,0.9246420995931885,1.543839429655021,True
6,2018.0,S_ref,0.5829357949604594,1.403506504170167,True
6,2018.0,S_iu_short,0.5226250431281966,1.037372900065685,True
6,2018.0,S_iu_med,0.61340791316227,1.1043129592145222,True
6,2018.0,S_iu_long,1.5867058174414848,1.5893804888244363,True
6,2018.0,S_scrap,0.833103897840228,1.211324590897493,True
6,2019.0,S_conc,0.922621377818828,1.3968893889856657,True
6,2019.0,S_ref,0.6646029549881048,1.2904122740289794,True
6,2019.0,S_iu_short,0.5246989747253689,1.041905381000075,True
6,2019.0,S_iu_med,0.6180630877497097,1.108153180632935,True
6,2019.0,S_iu_long,1.618233451457244,1.6023078336599446,True
6,2019.0,S_scrap,0.8088055302930188,1.2117176788247495,True
7,1980.0,S_conc,0.851344086791762,1.342689315966784,True
7,1980.0,S_ref,0.6570973217719237,1.2566971044241748,True
7,1980.0,S_iu_short,0.5098824000821455,1.0500454710156015,True
7,1980.0,S_iu_med,0.5555749258828871,1.1606210809569903,True
7,1980.0,S_iu_long,1.250098066556174,1.338009255461775,True
7,1980.0,S_scrap,0.6672605071561833,1.1821624948774256,True
7,1981.0,S_conc,0.9027901756544298,1.5742733693784652,True
7,1981.0,S_ref,0.541597625216458,1.4448850193630336,True
7,1981.0,S_iu_short,0.5149512975280119,1.0351002735241492,True
7,1981.0,S_iu_med,0.5598511211129111,1.1597481388068542,True
7,1981.0,S_iu_long,1.2719585303238488,1.3790200558430838,True
7,1981.0,S_scrap,0.6563601297597534,1.1873707701459835,True
7,1982.0,S_conc,0.8750877633731029,1.6130182430455429,True
7,1982.0,S_ref,0.5325947599362918,1.4746925649272664,True
7,1982.0,S_iu_short,0.5179123225020019,1.0297287736827605,True
7,1982.0,S_iu_med,0.5684771059171588,1.143048513808188,True
7,1982.0,S_iu_long,1.3173741502763139,1.435784135777877,True
7,1982.0,S_scrap,0.6922063077764784,1.1962190174425777,True
7,1983.0,S_conc,0.8622790385830683,1.4940307736132523,True
7,1983.0,S_ref,0.5790716107035349,1.3753507882417573,True
7,1983.0,S_iu_short,0.5117624027822337,1.0367098767243395,True
7,1983.0,S_iu_med,0.5647444730257664,1.1316539016692764,True
7,1983.0,S_iu_long,1.2975009805198827,1.403989497686671,True
7,1983.0,S_scrap,0.7155495729027594,1.1846661860031142,True
7,1984.0,S_conc,0.8883073572625763,1.5202007094180483,True
7,1984.0,S_ref,0.564352418310373,1.3983044879043032,True
7,1984.0,S_iu_short,0.515515010144099,1.0377463654829724,True
7,1984.0,S_iu_med,0.5642394312137592,1.1500757172496499,True
7,1984.0,S_iu_long,1.2948382015963054,1.3950155938512667,True
7,1984.0,S_scrap,0.6638312410729666,1.1798158579744613,True
7,1985.0,S_conc,0.905119637784745,1.5362872999037285,True
7,1985.0,S_ref,0.5572179530251854,1.4117545986475841,True
7,1985.0,S_iu_short,0.5162666241533319,1.0348175258194272,True
7,1985.0,S_iu_med,0.5584035625390913,1.1699191492578689,True
7,1985.0,S_iu_long,1.2645110222124982,1.3757328377546039,True
7,1985.0,S_scrap,0.6001690883335024,1.1852533034068582,True
7,1986.0,S_conc,0.9332359733490708,1.4747547727516626,True
7,1986.0,S_ref,0.590034597187712,1.3576533012644034,True
7,1986.0,S_iu_short,0.5144663187593512,1.0371156849993262,True
7,1986.0,S_iu_med,0.553516956979041,1.191896050612874,True
7,1986.0,S_iu_long,1.2397267166830734,1.3834505798784664,True
7,1986.0,S_scrap,0.41850025976889826,1.1950076873561337,True
7,1987.0,S_conc,0.9076573973922122,1.3503230972582114,True
7,1987.0,S_ref,0.6750809341660012,1.260609029896582,True
7,1987.0,S_iu_short,0.5085517977629912,1.0255146866454523,True
7,1987.0,S_iu_med,0.5595558593117851,1.1243298950697032,True
7,1987.0,S_iu_long,1.2704354709713073,1.4420522312499504,True
7,1987.0,S_scrap,0.5838463698326347,1.2107022999254886,True
7,1988.0,S_conc,0.8701594188471278,1.3958508945983368,True
7,1988.0,S_ref,0.643290387090819,1.2948961886055534,True
7,1988.0,S_iu_short,0.5114572897187942,1.0208520951025213,True
7,1988.0,S_iu_med,0.5622463108195325,1.1254332637289104,True
7,1988.0,S_iu_long,1.2843896572799454,1.443949535589758,True
7,1988.0,S_scrap,0.7203698194953245,1.211348276276513,True
7,1989.0,S_conc,0.8298887513054035,1.3632137093701473,True
7,1989.0,S_ref,0.668651896342808,1.2716475349724705,True
7,1989.0,S_iu_short,0.5158536951494466,1.0194517553564562,True
7,1989.0,S_iu_med,0.5706286386136865,1.1208590698650573,True
7,1989.0,S_iu_long,1.328986257423632,1.4812868889993243,True
7,1989.0,S_scrap,0.7830089772238253,1.216592031506619,True
7,1990.0,S_conc,0.8500677319428688,1.3369929392065925,True
7,1990.0,S_ref,0.6661045677609326,1.252456754075202,True
7,1990.0,S_iu_short,0.5282015123762418,1.0289407001013322,True
7,1990.0,S_iu_med,0.5568259516134043,1.210875263503077,True
7,1990.0,S_iu_long,1.2564498161401054,1.3562248737120726,True
7,1990.0,S_scrap,0.7325739864199543,1.1980840600535938,True
7,1991.0,S_conc,0.8552735686018366,1.3706586568811947,True
7,1991.0,S_ref,0.6445458636448173,1.2773226513928613,True
7,1991.0,S_iu_short,0.5240443338746303,1.0288095072940542,True
7,1991.0,S_iu_med,0.5609750090933124,1.1822246392609943,True
7,1991.0,S_iu_long,1.2777746613803695,1.380888873357972,True
7,1991.0,S_scrap,0.7036248232808479,1.1901327354103246,True
7,1992.0,S_conc,0.8276706606531147,1.5728935784326956,True
7,1992.0,S_ref,0.5406241274768887,1.444593538025988,True
7,1992.0,S_iu_short,0.5300506464990836,1.031828897501881,True
7,1992.0,S_iu_med,0.5575683866426705,1.2099086765995768,True
7,1992.0,S_iu_long,1.2602363163238763,1.3490799213532583,True
7,1992.0,S_scrap,0.7419897803402976,1.1894928148147947,True
7,1993.0,S_conc,0.6179147991001259,2.2287991170189216,True
7,1993.0,S_ref,0.3819204815011311,2.0502580268030903,True
7,1993.0,S_iu_short,0.5219490862778489,1.0293941686927228,True
7,1993.0,S_iu_med,0.5577075342419607,1.1864680823742866,True
7,1993.0,S_iu_long,1.260947398880316,1.3510452299159368,True
7,1993.0,S_scrap,0.7519250715139812,1.187988216793125,True
7,1994.0,S_conc,0.5037506266427837,2.5513808993018565,True
7,1994.0,S_ref,0.33499612084447683,2.3695200133184486,True
7,1994.0,S_iu_short,0.5190116608166874,1.0371506816574143,True
7,1994.0,S_iu_med,0.5510232342570246,1.20429923238544,True
7,1994.0,S_iu_long,1.2272867468880726,1.2916727061892999,True
7,1994.0,S_scrap,0.7844355361716756,1.1843653322650651,True
7,1995.0,S_conc,0.8210250588456822,1.84846210496979,True
7,1995.0,S_ref,0.4562153683207688,1.6931070365744072,True
7,1995.0,S_iu_short,0.513352038853688,1.0356837049812238,True
7,1995.0,S_iu_med,0.5616435820538859,1.1438774287283253,True
7,1995.0,S_iu_long,1.281248680435488,1.371682441704409,True
7,1995.0,S_scrap,0.8064749304548245,1.1886349934942972,True
7,1996.0,S_conc,0.8241302082203098,1.6337547829688013,True
7,1996.0,S_ref,0.5177908743179761,1.499117273982204,True
7,1996.0,S_iu_short,0.5180561807609472,1.0336242751081792,True
7,1996.0,S_iu_med,0.5635690289975197,1.1563771101252567,True
7,1996.0,S_iu_long,1.2913130974710705,1.3756186914472175,True
7,1996.0,S_scrap,0.8079685082486567,1.1868824343603204,True
7,1997.0,S_conc,0.8335045619326641,1.4943729139955255,True
7,1997.0,S_ref,0.5742118684423367,1.3782620021256882,True
7,1997.0,S_iu_short,0.5222035312247677,1.03235126347763,True
7,1997.0,S_iu_med,0.5682198999704126,1.1583760022703742,True
7,1997.0,S_iu_long,1.3159937197927267,1.395715747392928,True
7,1997.0,S_scrap,0.820527132548901,1.186761380631432,True
7,1998.0,S_conc,0.8760305524486157,1.431207756369007,True
7,1998.0,S_ref,0.6170191500643023,1.3227927459006539,True
7,1998.0,S_iu_short,0.5210303390066451,1.0274431186742603,True
7,1998.0,S_iu_med,0.5750299234717805,1.1364072559889105,True
7,1998.0,S_iu_long,1.3531068544154226,1.4548634462764232,True
7,1998.0,S_scrap,0.782681683184324,1.1945328690720054,True
7,1999.0,S_conc,0.8692005252076731,1.3138918928502867,True
7,1999.0,S_ref,0.701974934319255,1.2366576645251581,True
7,1999.0,S_iu_short,0.5163552841003407,1.0251077616217144,True
7,1999.0,S_iu_med,0.5763064914372955,1.115672985790907,True
7,1999.0,S_iu_long,1.3601966510940895,1.4771140557795215,True
7,1999.0,S_scrap,0.8076645358188923,1.2018691243820252,True
7,2000.0,S_conc,0.8195801100840951,1.2727340957546198,True
7,2000.0,S_ref,0.7409114095699808,1.2074892936104584,True
7,2000.0,S_iu_short,0.5131415060220941,1.0351259384482223,True
7,2000.0,S_iu_med,0.5838867962409878,1.1050391446949785,True
7,2000.0,S_iu_long,1.403192186564549,1.4852590166265194,True
7,2000.0,S_scrap,0.8630062107422487,1.195819188981985,True
7,2001.0,S_conc,0.8588262238790214,1.3656003706835882,True
7,2001.0,S_ref,0.6434045917879657,1.2725720937417482,True
7,2001.0,S_iu_short,0.5204024753421674,1.0446924773517279,True
7,2001.0,S_iu_med,0.570606794152215,1.1561778827647544,True
7,2001.0,S_iu_long,1.3288677752262543,1.385347045076415,True
7,2001.0,S_scrap,0.820424591399993,1.176442828741081,True
7,2002.0,S_conc,0.8698239001312812,1.5792153957495636,True
7,2002.0,S_ref,0.5345830115268575,1.453015572702616,True
7,2002.0,S_iu_short,0.5201786639622137,1.0520343061793385,True
7,2002.0,S_iu_med,0.5628556656959511,1.1724750009044964,True
7,2002.0,S_iu_long,1.287573969343649,1.336289193538313,True
7,2002.0,S_scrap,0.8148499192077947,1.1711577274635787,True
7,2003.0,S_conc,0.4501472080750656,2.7718522759933846,True
7,2003.0,S_ref,0.3104148362100381,2.595725197139361,True
7,2003.0,S_iu_short,0.511046495559254,1.0825179075287072,True
7,2003.0,S_iu_med,0.5504836135468267,1.1792882170961831,True
7,2003.0,S_iu_long,1.2246130066365697,1.2436277018243294,True
7,2003.0,S_scrap,0.8080951306810819,1.1668955180355096,True
7,2004.0,S_conc,0.7428811334593295,1.9705894727646867,True
7,2004.0,S_ref,0.42623740609598193,1.814647697978156,True
7,2004.0,S_iu_short,0.5050042107142233,1.0795782863170962,True
7,2004.0,S_iu_med,0.5657724440013595,1.1230921805380758,True
7,2004.0,S_iu_long,1.3029399820105632,1.3261593241020853,True
7,2004.0,S_scrap,0.8593354740421204,1.167411799828756,True
7,2005.0,S_conc,0.8659093267719807,1.6045116453991926,True
7,2005.0,S_ref,0.521603201198591,1.4793799430858516,True
7,2005.0,S_iu_short,0.5066629094853756,1.083101686993111,True
7,2005.0,S_iu_med,0.5652522327428634,1.1334036770546971,True
7,2005.0,S_iu_long,1.3001843259807668,1.3116923188436804,True
7,2005.0,S_scrap,0.870999874559912,1.164886819781708,True
7,2006.0,S_conc,0.8490648893192112,1.2735161842059581,True
7,2006.0,S_ref,0.7061714318957513,1.20583073844709,True
7,2006.0,S_iu_short,0.5165691532082146,1.0546000801492807,True
7,2006.0,S_iu_med,0.5661069980852659,1.153896452111715,True
7,2006.0,S_iu_long,1.3047156685797703,1.3427947677512708,True
7,2006.0,S_scrap,0.8732905133695211,1.1702833094946075,True
7,2007.0,S_conc,0.829668577099897,1.3333269643552839,True
7,2007.0,S_ref,0.6751947856719464,1.2484799138336666,True
7,2007.0,S_iu_short,0.5129718842321631,1.0474819201789582,True
7,2007.0,S_iu_med,0.591589449544699,1.1106215890971156,True
7,2007.0,S_iu_long,1.4485165696262943,1.4674763795524743,True
7,2007.0,S_scrap,0.8956409039381784,1.1820935250233957,True
7,2008.0,S_conc,0.4295701267435475,2.8511044684795674,True
7,2008.0,S_ref,0.3004890202358073,2.681793250045035,True
7,2008.0,S_iu_short,0.5040326481466617,1.102315201612852,True
7,2008.0,S_iu_med,0.563238670848366,1.1354586552839376,True
7,2008.0,S_iu_long,1.2895799908439738,1.2743162896189917,True
7,2008.0,S_scrap,0.8841683877200341,1.1662260561726348,True
7,2009.0,S_conc,0.02283980095034392,45.6262915981536,False
7,2009.0,S_ref,0.022329792924681787,45.44636166415137,False
7,2009.0,S_iu_short,0.5255815359848772,1.0787854364245828,True
7,2009.0,S_iu_med,0.5552356017499953,1.1962340335827901,True
7,2009.0,S_iu_long,1.2483813990837778,1.258991350449541,True
7,2009.0,S_scrap,0.8893301771747418,1.178228653650947,True
7,2010.0,S_conc,0.6624753453290435,2.1168299599824025,True
7,2010.0,S_ref,0.39848732024228833,1.9539100537606573,True
7,2010.0,S_iu_short,0.5063194986587167,1.0681997250335382,True
7,2010.0,S_iu_med,0.5820937895517925,1.109088378803047,True
7,2010.0,S_iu_long,1.3928814049628324,1.3886432671796576,True
7,2010.0,S_scrap,0.8944881288609868,1.1696466054172483,True
7,2011.0,S_conc,0.16396987112962494,6.663435914408864,True
7,2011.0,S_ref,0.1408712331793376,6.478596478391487,True
7,2011.0,S_iu_short,0.5038862989240602,1.097407850316424,True
7,2011.0,S_iu_med,0.5651925181648871,1.129483166280851,True
7,2011.0,S_iu_long,1.2998684286192177,1.2795541242590365,True
7,2011.0,S_scrap,0.8828385327108629,1.1616062345498266,True
7,2012.0,S_conc,0.03139598310615216,33.09425772393042,False
7,2012.0,S_ref,0.03241364123889746,33.28276388431938,False
7,2012.0,S_iu_short,0.5030539071564746,1.1009585207189776,True
7,2012.0,S_iu_med,0.564008930504062,1.129401112867111,True
7,2012.0,S_iu_long,1.293624961529898,1.2715868884517663,True
7,2012.0,S_scrap,0.8797075263655121,1.1631883864900945,True
7,2013.0,S_conc,0.32114322713415633,3.648314188049265,True
7,2013.0,S_ref,0.24307979675359276,3.464360867039348,True
7,2013.0,S_iu_short,0.5042426902652856,1.0774047202206247,True
7,2013.0,S_iu_med,0.5779906290876002,1.1101340610803467,True
7,2013.0,S_iu_long,1.369615626870947,1.3531874936100385,True
7,2013.0,S_scrap,0.8870657009505402,1.1652583383496415,True
7,2014.0,S_conc,0.5251424652999993,2.462944139846597,True
7,2014.0,S_ref,0.3443235482900953,2.2953077954514463,True
7,2014.0,S_iu_short,0.507680952682089,1.0699009155668344,True
7,2014.0,S_iu_med,0.5804757877308662,1.1158433752914834,True
7,2014.0,S_iu_long,1.3836526492503811,1.3663650262057028,True
7,2014.0,S_scrap,0.887238932854472,1.1658172017163535,True
7,2015.0,S_conc,0.5089430957298285,2.5152331854308936,True
7,2015.0,S_ref,0.3372844855250613,2.3473007808232333,True
7,2015.0,S_iu_short,0.5135678240110622,1.0597732445322174,True
7,2015.0,S_iu_med,0.5814549694600746,1.1266605984759348,True
7,2015.0,S_iu_long,1.3892291797372305,1.378161342654257,True
7,2015.0,S_scrap,0.8852505830618693,1.1731761515355745,True
7,2016.0,S_conc,0.6439414214411254,2.1331022980256775,True
7,2016.0,S_ref,0.3917058193452101,1.9763477634128912,True
7,2016.0,S_iu_short,0.5178421386358765,1.0529439316903837,True
7,2016.0,S_iu_med,0.5782991550428246,1.1362389476073325,True
7,2016.0,S_iu_long,1.3713492917035819,1.370973272547875,True
7,2016.0,S_scrap,0.883930800787447,1.1735024564963326,True
7,2017.0,S_conc,0.8778997372234126,1.5051346941266115,True
7,2017.0,S_ref,0.5677786259655295,1.3871275795099387,True
7,2017.0,S_iu_short,0.5142873039134945,1.0465354104744398,True
7,2017.0,S_iu_med,0.5958289468796854,1.1090703726887214,True
7,2017.0,S_iu_long,1.474199951430756,1.4581204919064605,True
7,2017.0,S_scrap,0.890617574207782,1.1812110184861924,True
7,2018.0,S_conc,0.8755175382511448,1.4750684080586915,True
7,2018.0,S_ref,0.5794656791042953,1.362741050873357,True
7,2018.0,S_iu_short,0.5095020225799589,1.05284789182749,True
7,2018.0,S_iu_med,0.5970031073892161,1.1008935327983307,True
7,2018.0,S_iu_long,1.481408711421019,1.4526310275380572,True
7,2018.0,S_scrap,0.8939202289673761,1.1794232029457876,True
7,2019.0,S_conc,0.8742637401506235,1.7941891091045699,True
7,2019.0,S_ref,0.4721426651587869,1.6425999972557808,True
7,2019.0,S_iu_short,0.5072131555846586,1.0515244379475661,True
7,2019.0,S_iu_med,0.5989086484083956,1.0918692975658573,True
7,2019.0,S_iu_long,1.493197612044777,1.4694607412463485,True
7,2019.0,S_scrap,0.8958502808704496,1.1817342064959466,True
8,1980.0,S_conc,0.8475705403368823,1.6474164116756884,True
8,1980.0,S_ref,0.5334710429556347,1.4956793808852624,True
8,1980.0,S_iu_short,0.5073976262803801,1.0243493169531923,True
8,1980.0,S_iu_med,0.5696250381391162,1.0865581262722845,True
8,1980.0,S_iu_long,1.3235552451195902,1.5116245335639689,True
8,1980.0,S_scrap,0.7342196258154913,1.229234880328086,True
8,1981.0,S_conc,0.8946947193211522,1.7992981072781873,True
8,1981.0,S_ref,0.47513188877108575,1.639524608294015,True
8,1981.0,S_iu_short,0.5179959674694478,1.0291891450488602,True
8,1981.0,S_iu_med,0.565832628022246,1.150268204086693,True
8,1981.0,S_iu_long,1.3032592141706087,1.4285158665900053,True
8,1981.0,S_scrap,0.6633081919738322,1.1969111295095474,True
8,1982.0,S_conc,0.8811389086918977,1.6560164055142694,True
8,1982.0,S_ref,0.5276124267335459,1.5043244129216842,True
8,1982.0,S_iu_short,0.5101750585001913,1.027003194729557,True
8,1982.0,S_iu_med,0.5743855476742528,1.095883826439553,True
8,1982.0,S_iu_long,1.3495442754247509,1.511350409859187,True
8,1982.0,S_scrap,0.6684397013973612,1.2176490774607254,True
8,1983.0,S_conc,0.8695946392321416,1.5005587673550826,True
8,1983.0,S_ref,0.585468572397937,1.3769200045180556,True
8,1983.0,S_iu_short,0.5086487139520944,1.0267069273405152,True
8,1983.0,S_iu_med,0.567575696428994,1.1003336514736917,True
8,1983.0,S_iu_long,1.312543471173783,1.4741502915037434,True
8,1983.0,S_scrap,0.7071118538802595,1.2162965317420518,True
8,1984.0,S_conc,0.8863293251285019,1.5201704659678927,True
8,1984.0,S_ref,0.5635102601776654,1.3986613962638559,True
8,1984.0,S_iu_short,0.5195751071762874,1.0322400787951393,True
8,1984.0,S_iu_med,0.5571111298437016,1.1847941918469873,True
8,1984.0,S_iu_long,1.2579027548086577,1.360357482670754,True
8,1984.0,S_scrap,0.665912649100067,1.1880700807010145,True
8,1985.0,S_conc,0.9053339648499428,1.498310355550049,True
8,1985.0,S_ref,0.5773273445480884,1.3781874099161664,True
8,1985.0,S_iu_short,0.5091641197537402,1.0430784706081555,True
8,1985.0,S_iu_med,0.5689600876464087,1.1197977580794312,True
8,1985.0,S_iu_long,1.3199707761161537,1.4299350391743124,True
8,1985.0,S_scrap,0.6005593237837107,1.1773766192837856,True
8,1986.0,S_conc,0.935096592472322,1.4834571692985281,True
8,1986.0,S_ref,0.5832765084462601,1.3659223691640543,True
8,1986.0,S_iu_short,0.5042030236918137,1.058456008971296,True
8,1986.0,S_iu_med,0.5621896446189558,1.1359643769559358,True
8,1986.0,S_iu_long,1.2840939866067338,1.4044896050210296,True
8,1986.0,S_scrap,0.4262484683101993,1.1562421355833832,True
8,1987.0,S_conc,0.8986338021653089,1.350288362737924,True
8,1987.0,S_ref,0.6594965240807158,1.2617275495832567,True
8,1987.0,S_iu_short,0.505291911487067,1.0455821394360125,True
8,1987.0,S_iu_med,0.5585003064664027,1.1207971597570092,True
8,1987.0,S_iu_long,1.2650072347647094,1.3862425636697635,True
8,1987.0,S_scrap,0.62451356246774,1.1906346581478935,True
8,1988.0,S_conc,0.8704135726657378,1.328331342993091,True
8,1988.0,S_ref,0.6543766092202138,1.2478986284670899,True
8,1988.0,S_iu_short,0.5062952447050584,1.0769732076425875,True
8,1988.0,S_iu_med,0.547040225765449,1.1841126511970246,True
8,1988.0,S_iu_long,1.2077015595697937,1.232929755201155,True
8,1988.0,S_scrap,0.7229258840571172,1.1804802480939913,True
8,1989.0,S_conc,0.8343902995542208,1.3034984379254428,True
8,1989.0,S_ref,0.6747575203381654,1.2294525278397155,True
8,1989.0,S_iu_short,0.5143413505439761,1.057634119816853,True
8,1989.0,S_iu_med,0.5465584990510906,1.2088976089044392,True
8,1989.0,S_iu_long,1.2053561438626963,1.238392208566911,True
8,1989.0,S_scrap,0.7853791320824807,1.17400685514934,True
8,1990.0,S_conc,0.8490039028470889,1.330144343271658,True
8,1990.0,S_ref,0.664072853471928,1.2481214864556025,True
8,1990.0,S_iu_short,0.521499402018013,1.0425896594413395,True
8,1990.0,S_iu_med,0.5589178737391699,1.1848129387065416,True
8,1990.0,S_iu_long,1.267151490533667,1.3401348816009033,True
8,1990.0,S_scrap,0.7346956089841769,1.1712781477920668,True
8,1991.0,S_conc,0.8603901717710333,1.3553907019288636,True
8,1991.0,S_ref,0.6463122058917875,1.2669182351117683,True
8,1991.0,S_iu_short,0.5121347568114648,1.0513784192482543,True
8,1991.0,S_iu_med,0.5675106260196571,1.1373842777130088,True
8,1991.0,S_iu_long,1.312195536266403,1.3735807862072038,True
8,1991.0,S_scrap,0.7020190739770656,1.1589734047655247,True
8,1992.0,S_conc,0.8278052823669175,1.572141824186067,True
8,1992.0,S_ref,0.5344727629639925,1.448110586527364,True
8,1992.0,S_iu_short,0.5252466915679506,1.046897101827314,True
8,1992.0,S_iu_med,0.5445262917019571,1.24117651107756,True
8,1992.0,S_iu_long,1.1955164080418048,1.2485903953574404,True
8,1992.0,S_scrap,0.745368943272544,1.1727889006108763,True
8,1993.0,S_conc,0.6094575460927047,2.244924789977856,True
8,1993.0,S_ref,0.3786726450612447,2.0673072108443886,True
8,1993.0,S_iu_short,0.5216544967157526,1.033307739540649,True
8,1993.0,S_iu_med,0.556529041119456,1.1894893532942505,True
8,1993.0,S_iu_long,1.2549390889638077,1.3357671328187108,True
8,1993.0,S_scrap,0.7482864610801069,1.1802950433762731,True
8,1994.0,S_conc,0.47349087678577945,2.663129948051304,True
8,1994.0,S_ref,0.3213395374517931,2.481144651235868,True
8,1994.0,S_iu_short,0.5234035773361286,1.0534149217047881,True
8,1994.0,S_iu_med,0.5359307639111088,1.2846085139414067,True
8,1994.0,S_iu_long,1.1548508761922172,1.1788810350863914,True
8,1994.0,S_scrap,0.7889387295231232,1.1862989917026723,True
8,1995.0,S_conc,0.8134838865876505,1.804832153400333,True
8,1995.0,S_ref,0.4605326846413189,1.6609282358920612,True
8,1995.0,S_iu_short,0.5209286976797133,1.0498385213895565,True
8,1995.0,S_iu_med,0.5455743001525927,1.2288517458111843,True
8,1995.0,S_iu_long,1.2005797654837578,1.2413503966429307,True
8,1995.0,S_scrap,0.8139859042912242,1.1793752659055026,True
8,1996.0,S_conc,0.8101946653049595,1.6003368729546208,True
8,1996.0,S_ref,0.5250967038796734,1.4729622936322921,True
8,1996.0,S_iu_short,0.5233561170689383,1.0368830151292336,True
8,1996.0,S_iu_med,0.5518641105914303,1.2111107143730029,True
8,1996.0,S_iu_long,1.2314659986723147,1.2942211752722974,True
8,1996.0,S_scrap,0.822446322566586,1.1835848933062671,True
8,1997.0,S_conc,0.8299697783761484,1.4281191186633604,True
8,1997.0,S_ref,0.5965834762507033,1.327067905772012,True
8,1997.0,S_iu_short,0.5269687864254611,1.0554582924261395,True
8,1997.0,S_iu_med,0.5393842645526122,1.2576837285649236,True
8,1997.0,S_iu_long,1.1710070304669857,1.2080940924212211,True
8,1997.0,S_scrap,0.824963883357874,1.1718516193784356,True
8,1998.0,S_conc,0.8765249346278928,1.4496508498660206,True
8,1998.0,S_ref,0.5976344103675633,1.3402430472763183,True
8,1998.0,S_iu_short,0.5167623704703254,1.0334473113146685,True
8,1998.0,S_iu_med,0.5670966389481633,1.141780211476101,True
8,1998.0,S_iu_long,1.3099843751969806,1.396784742560811,True
8,1998.0,S_scrap,0.7833289663356087,1.1811035709656577,True
8,1999.0,S_conc,0.8725113978495905,1.3017276761921452,True
8,1999.0,S_ref,0.6813364107121946,1.2278630698210713,True
8,1999.0,S_iu_short,0.514015116925727,1.0480724573147782,True
8,1999.0,S_iu_med,0.558799293770479,1.1571848150387885,True
8,1999.0,S_iu_long,1.2665421561673131,1.3221061556523293,True
8,1999.0,S_scrap,0.8053712204417176,1.167257593955528,True
8,2000.0,S_conc,0.8202262614810654,1.2442889425395787,True
8,2000.0,S_ref,0.7415575189341479,1.1859971341668674,True
8,2000.0,S_iu_short,0.5224386064404046,1.0429115368658537,True
8,2000.0,S_iu_med,0.5580111921621002,1.1879094510629262,True
8,2000.0,S_iu_long,1.2625007291287604,1.3194839182649596,True
8,2000.0,S_scrap,0.8609455274375144,1.173520437521777,True
8,2001.0,S_conc,0.8610641403392143,1.360723367738429,True
8,2001.0,S_ref,0.6488691823531457,1.2684376566417954,True
8,2001.0,S_iu_short,0.527836492103359,1.0417559029709038,True
8,2001.0,S_iu_med,0.5672986624792866,1.1823159415788287,True
8,2001.0,S_iu_long,1.3110628816859853,1.3717592685525295,True
8,2001.0,S_scrap,0.8201421194693634,1.1740479526953957,True
8,2002.0,S_conc,0.8555863104959704,1.5631178634990877,True
8,2002.0,S_ref,0.5477629877121883,1.434296989284353,True
8,2002.0,S_iu_short,0.5339128075474473,1.0390557633993918,True
8,2002.0,S_iu_med,0.5512505092994306,1.2385951996968536,True
8,2002.0,S_iu_long,1.2284147853601812,1.299389981462417,True
8,2002.0,S_scrap,0.8294500442300855,1.1800245500443565,True
8,2003.0,S_conc,0.5089639519517639,2.5920167110135903,True
8,2003.0,S_ref,0.3372936452812185,2.395236592977559,True
8,2003.0,S_iu_short,0.5418454743904941,1.053568274788655,True
8,2003.0,S_iu_med,0.5221418876275081,1.352493081436174,True
8,2003.0,S_iu_long,1.092671389494999,1.1536916802193191,True
8,2003.0,S_scrap,0.8214453990463931,1.1908539633092503,True
8,2004.0,S_conc,0.79449984555716,1.9488402254160102,True
8,2004.0,S_ref,0.4427416628227583,1.7744393438724502,True
8,2004.0,S_iu_short,0.5466624022083941,1.0572757451251846,True
8,2004.0,S_iu_med,0.5136200648722864,1.3877264217154706,True
8,2004.0,S_iu_long,1.0560058665607166,1.1244031727739368,True
8,2004.0,S_scrap,0.856722023044548,1.1964135361462942,True
8,2005.0,S_conc,0.8642331014725698,1.870358154546566,True
8,2005.0,S_ref,0.4635863942067687,1.698484507736902,True
8,2005.0,S_iu_short,0.5552054499422132,1.071366855710368,True
8,2005.0,S_iu_med,0.5005447427810138,1.407755346589827,True
8,2005.0,S_iu_long,1.0021813476708485,1.1031202629774481,True
8,2005.0,S_scrap,0.867212015859777,1.1910505608754915,True
8,2006.0,S_conc,0.8293702705033935,1.3322664884648214,True
8,2006.0,S_ref,0.6794542275728053,1.2467662116823661,True
8,2006.0,S_iu_short,0.5508621943927715,1.0724090948870495,True
8,2006.0,S_iu_med,0.5088189288060085,1.366296933150995,True
8,2006.0,S_iu_long,1.035909074364657,1.1229904136826727,True
8,2006.0,S_scrap,0.8872157883892223,1.1777016347778158,True
8,2007.0,S_conc,0.831663544086833,1.3662708985930665,True
8,2007.0,S_ref,0.6532520364073087,1.272165719894576,True
8,2007.0,S_iu_short,0.5421078827517838,1.0492470766958448,True
8,2007.0,S_iu_med,0.5235187484654885,1.3480580336308277,True
8,2007.0,S_iu_long,1.0987184632752964,1.1537519441026904,True
8,2007.0,S_scrap,0.8924971249562985,1.186910244544113,True
8,2008.0,S_conc,0.5193314290290416,2.596585482703996,True
8,2008.0,S_ref,0.34181576126607904,2.386796783400001,True
8,2008.0,S_iu_short,0.5554333438583453,1.0427597028829363,True
8,2008.0,S_iu_med,0.5176928779472271,1.392146519944374,True
8,2008.0,S_iu_long,1.0733676826994527,1.160996906109675,True
8,2008.0,S_scrap,0.9014604184404695,1.2107635366708724,True
8,2009.0,S_conc,0.6368928312723326,2.263749231855091,True
8,2009.0,S_ref,0.3890864564281128,2.0608116362374953,True
8,2009.0,S_iu_short,0.5752964126217587,1.0670155848683376,True
8,2009.0,S_iu_med,0.5007273306033466,1.399697220475353,True
8,2009.0,S_iu_long,1.0029135606570474,1.150736841425875,True
8,2009.0,S_scrap,0.8304205086514937,1.1887564862040778,True
8,2010.0,S_conc,0.8599633002003267,1.604651313843589,True
8,2010.0,S_ref,0.5455508411791872,1.4610841988020777,True
8,2010.0,S_iu_short,0.5561006169750827,1.0596393301065143,True
8,2010.0,S_iu_med,0.5025300485744202,1.4173145609443656,True
8,2010.0,S_iu_long,1.0101716639052065,1.102957262321815,True
8,2010.0,S_scrap,0.8781637583055542,1.1961578967490047,True
8,2011.0,S_conc,0.7387397860252106,2.070687486488033,True
8,2011.0,S_ref,0.4248708127361499,1.8763043601447154,True
8,2011.0,S_iu_short,0.5663052345790224,1.0603352505816634,True
8,2011.0,S_iu_med,0.49522654197377214,1.4396318776902293,True
8,2011.0,S_iu_long,0.9810867312837996,1.1048664465328362,True
8,2011.0,S_scrap,0.8755094175515208,1.2031264226863858,True
8,2012.0,S_conc,0.6293326828426019,2.3068608979835767,True
8,2012.0,S_ref,0.38625180079530586,2.0935584682901274,True
8,2012.0,S_iu_short,0.5750226187542901,1.065770401915515,True
8,2012.0,S_iu_med,0.4882561500628466,1.4489082547443852,True
8,2012.0,S_iu_long,0.9541026240428853,1.107607368999287,True
8,2012.0,S_scrap,0.8499119063864636,1.201819710671735,True
8,2013.0,S_conc,0.8943701099314869,1.8443650010111312,True
8,2013.0,S_ref,0.4758264205835552,1.667313980696636,True
8,2013.0,S_iu_short,0.5697609959392266,1.0630028604156005,True
8,2013.0,S_iu_med,0.49432319729330776,1.428250317820903,True
8,2013.0,S_iu_long,0.9775477036862021,1.112429676794688,True
8,2013.0,S_scrap,0.8517122159159656,1.1938342551138157,True
8,2014.0,S_conc,0.888688858101995,1.6944217280806013,True
8,2014.0,S_ref,0.5209482257147208,1.5325984885324893,True
8,2014.0,S_iu_short,0.5736108194398308,1.0646936853147384,True
8,2014.0,S_iu_med,0.49079389328572703,1.4354364412196632,True
8,2014.0,S_iu_long,0.9638413342146396,1.110616240986059,True
8,2014.0,S_scrap,0.8479841431827874,1.1948142067719318,True
8,2015.0,S_conc,0.8884872872252576,1.8692240098292774,True
8,2015.0,S_ref,0.470475651721599,1.6881058200261758,True
8,2015.0,S_iu_short,0.5732113368294041,1.060707737984133,True
8,2015.0,S_iu_med,0.4953537419590988,1.4301812311314814,True
8,2015.0,S_iu_long,0.9815860794888739,1.1212895152716011,True
8,2015.0,S_scrap,0.8241347721897386,1.1975182823872166,True
8,2016.0,S_conc,0.913109765917327,1.8123412954893015,True
8,2016.0,S_ref,0.48657497188693954,1.6354065509940021,True
8,2016.0,S_iu_short,0.5736397893748031,1.0621715513952557,True
8,2016.0,S_iu_med,0.49075800168705025,1.4402320043095913,True
8,2016.0,S_iu_long,0.9637029218188317,1.107014577786713,True
8,2016.0,S_scrap,0.8254665210096199,1.1959850741465372,True
8,2017.0,S_conc,0.897040280670558,1.4901192120761941,True
8,2017.0,S_ref,0.602155045674404,1.3620038310564586,True
8,2017.0,S_iu_short,0.568331106280293,1.0639230339683379,True
8,2017.0,S_iu_med,0.4904126743568433,1.4340609383508345,True
8,2017.0,S_iu_long,0.9623721974205053,1.0945370440956657,True
8,2017.0,S_scrap,0.8422669368817691,1.1874937639484395,True
8,2018.0,S_conc,0.8802161117469613,1.4976474769294363,True
8,2018.0,S_ref,0.5962845054226997,1.3691965681817937,True
8,2018.0,S_iu_short,0.5601363944654905,1.057085885442891,True
8,2018.0,S_iu_med,0.49834537148746044,1.4262541288356363,True
8,2018.0,S_iu_long,0.993403316072471,1.0944505040200616,True
8,2018.0,S_scrap,0.863801534261836,1.1898455828214018,True
8,2019.0,S_conc,0.9000480580117933,1.5226122622551375,True
8,2019.0,S_ref,0.5799639593935433,1.3913611512370434,True
8,2019.0,S_iu_short,0.5539265710274606,1.0494669613674106,True
8,2019.0,S_iu_med,0.507249075289555,1.4075371644336303,True
8,2019.0,S_iu_long,1.0294228784809067,1.1069543430890174,True
8,2019.0,S_scrap,0.8553954830307583,1.1898258427974167,True
9,1980.0,S_conc,0.8472175776740055,1.6483065254641336,True
9,1980.0,S_ref,0.5101795777603323,1.5136922835119355,True
9,1980.0,S_iu_short,0.5046198281012629,1.0627292416784682,True
9,1980.0,S_iu_med,0.5644493352835185,1.115159233176312,True
9,1980.0,S_iu_long,1.2959441484286163,1.3722324702222215,True
9,1980.0,S_scrap,0.7371103283159054,1.183468887388676,True
9,1981.0,S_conc,0.8948068903048674,1.5714444987202507,True
9,1981.0,S_ref,0.5356113521927129,1.4472713454482644,True
9,1981.0,S_iu_short,0.5055359264613242,1.0648452357147642,True
9,1981.0,S_iu_med,0.5644618347721782,1.1261606335590968,True
9,1981.0,S_iu_long,1.29601003961827,1.3596976145549196,True
9,1981.0,S_scrap,0.6774892415665769,1.1669230476448422,True
9,1982.0,S_conc,0.8695131530556842,1.6144551586193172,True
9,1982.0,S_ref,0.5183831162958931,1.4863035458637825,True
9,1982.0,S_iu_short,0.5126322555486378,1.0544399234577235,True
9,1982.0,S_iu_med,0.5562484866417734,1.1664802856079093,True
9,1982.0,S_iu_long,1.2535134414127207,1.3153172546200862,True
9,1982.0,S_scrap,0.7109293234838424,1.171004220461698,True
9,1983.0,S_conc,0.8573723451487808,1.4535192689550072,True
9,1983.0,S_ref,0.5986557711266248,1.3424437800163869,True
9,1983.0,S_iu_short,0.5079685999618222,1.03796484115609,True
9,1983.0,S_iu_med,0.5658962936608232,1.1104006468802785,True
9,1983.0,S_iu_long,1.303597010108624,1.424250078201031,True
9,1983.0,S_scrap,0.7239710901395447,1.1978340963830494,True
9,1984.0,S_conc,0.8877590103447647,1.4910232250851878,True
9,1984.0,S_ref,0.5732462290301389,1.3758487258294863,True
9,1984.0,S_iu_short,0.5044612138092855,1.0581488218412398,True
9,1984.0,S_iu_med,0.5681158799249849,1.1102008566025343,True
9,1984.0,S_iu_long,1.3154359086560243,1.3975678715844593,True
9,1984.0,S_scrap,0.6709009150461595,1.1762878701279929,True
9,1985.0,S_conc,0.9076827053730643,1.5549922927282447,True
9,1985.0,S_ref,0.5400404512871565,1.433659504843634,True
9,1985.0,S_iu_short,0.5130153548414313,1.0598797437527436,True
9,1985.0,S_iu_med,0.5494989287472548,1.1959545434223555,True
9,1985.0,S_iu_long,1.2197505484708797,1.2801409331461944,True
9,1985.0,S_scrap,0.5973092050172224,1.161982154887303,True
9,1986.0,S_conc,0.9336542419544154,1.458982211012175,True
9,1986.0,S_ref,0.5905710095962097,1.3475810218408872,True
9,1986.0,S_iu_short,0.510274344603189,1.051171560453043,True
9,1986.0,S_iu_med,0.5504829994225273,1.1967379574928492,True
9,1986.0,S_iu_long,1.2246099673991164,1.335329016950593,True
9,1986.0,S_scrap,0.4220449545199753,1.1761777786032082,True
9,1987.0,S_conc,0.9037129042583812,1.3403425050323712,True
9,1987.0,S_ref,0.662736783845073,1.2546039785643666,True
9,1987.0,S_iu_short,0.5115157788364174,1.036594401542363,True
9,1987.0,S_iu_med,0.5510901279103313,1.1867188858984767,True
9,1987.0,S_iu_long,1.2276186427912912,1.325813465110593,True
9,1987.0,S_scrap,0.6047780862129339,1.19076946174155,True
9,1988.0,S_conc,0.8664222292945463,1.3850486317836912,True
9,1988.0,S_ref,0.6589050749605102,1.2861681748622003,True
9,1988.0,S_iu_short,0.5090197322284461,1.0187720823623931,True
9,1988.0,S_iu_med,0.5646747102409866,1.1006971505008818,True
9,1988.0,S_iu_long,1.2971327959227412,1.4860832811423053,True
9,1988.0,S_scrap,0.7262439895500591,1.2231292443527664,True
9,1989.0,S_conc,0.845199408242784,1.331332920742117,True
9,1989.0,S_ref,0.6634396405959957,1.2495838333987548,True
9,1989.0,S_iu_short,0.5107678171563668,1.0419564275454638,True
9,1989.0,S_iu_med,0.5588297677440475,1.143687126169254,True
9,1989.0,S_iu_long,1.2666987182848564,1.3516609837218811,True
9,1989.0,S_scrap,0.7695933750726164,1.1843648199456451,True
9,1990.0,S_conc,0.844419229779963,1.305688867532115,True
9,1990.0,S_ref,0.665946962072336,1.2304438105480688,True
9,1990.0,S_iu_short,0.49677902502410753,1.133224475695853,True
9,1990.0,S_iu_med,0.5530747679071102,1.1402719950650138,True
9,1990.0,S_iu_long,1.2375107248188622,1.2247534740429833,True
9,1990.0,S_scrap,0.7555471869013275,1.1538973971456228,True
9,1991.0,S_conc,0.853507359747082,1.3390354602237746,True
9,1991.0,S_ref,0.6465338488076753,1.2553282458235542,True
9,1991.0,S_iu_short,0.5178699166469861,1.0788218895422554,True
9,1991.0,S_iu_med,0.5381867248112857,1.2393844576073723,True
9,1991.0,S_iu_long,1.1653773369580214,1.1876802152498214,True
9,1991.0,S_scrap,0.7168259897374528,1.1568965770910409,True
9,1992.0,S_conc,0.8242523132956581,1.5715421866892223,True
9,1992.0,S_ref,0.5294003565670158,1.4514880328770865,True
9,1992.0,S_iu_short,0.5156494612327835,1.065068899164985,True
9,1992.0,S_iu_med,0.5517157786622297,1.1877004926536987,True
9,1992.0,S_iu_long,1.23072763305342,1.2668358924101037,True
9,1992.0,S_scrap,0.7534829840897143,1.1615117409908127,True
9,1993.0,S_conc,0.6322295876261236,2.1960703701892013,True
9,1993.0,S_ref,0.38734109001517575,2.017907815689066,True
9,1993.0,S_iu_short,0.5321393149819977,1.052316819567708,True
9,1993.0,S_iu_med,0.5260112634230258,1.3437795131645722,True
9,1993.0,S_iu_long,1.1097547743892502,1.144447726908602,True
9,1993.0,S_scrap,0.7554260365732192,1.1888664404503144,True
9,1994.0,S_conc,0.4977290189928826,2.573225554481428,True
9,1994.0,S_ref,0.33232247801913484,2.3913511082940944,True
9,1994.0,S_iu_short,0.5175327278979464,1.0401674951435962,True
9,1994.0,S_iu_med,0.5549728112819325,1.1826263882673558,True
9,1994.0,S_iu_long,1.247053720202065,1.3129640826700628,True
9,1994.0,S_scrap,0.7925563981577213,1.1803016389240986,True
9,1995.0,S_conc,0.7863011392968235,1.9049379175631664,True
9,1995.0,S_ref,0.440183976821708,1.7493620752265644,True
9,1995.0,S_iu_short,0.5197605481657066,1.03722172637646,True
9,1995.0,S_iu_med,0.5508051165411711,1.208079005710017,True
9,1995.0,S_iu_long,1.2262052325706319,1.2893787141557698,True
9,1995.0,S_scrap,0.8105233586714844,1.1837312298394855,True
9,1996.0,S_conc,0.8098611418663849,1.5892745667577544,True
9,1996.0,S_ref,0.5229701203232717,1.4675512543674432,True
9,1996.0,S_iu_short,0.5178919094268819,1.0625568938269905,True
9,1996.0,S_iu_med,0.5467944211053039,1.2093972490218108,True
9,1996.0,S_iu_long,1.2065041706654573,1.234514621776233,True
9,1996.0,S_scrap,0.8222796010194925,1.168451215966988,True
9,1997.0,S_conc,0.8279691050088808,1.4547240599819815,True
9,1997.0,S_ref,0.5942444869235186,1.3453110523256744,True
9,1997.0,S_iu_short,0.5103986929708076,1.0429400519800713,True
9,1997.0,S_iu_med,0.5768047650914565,1.1080633916236908,True
9,1997.0,S_iu_long,1.3629755666226004,1.4321297338582755,True
9,1997.0,S_scrap,0.8264991180046696,1.1853599631336293,True
9,1998.0,S_conc,0.8790131925536125,1.3836197667559806,True
9,1998.0,S_ref,0.6197679063072246,1.2911684116782955,True
9,1998.0,S_iu_short,0.5158352496705622,1.058185349325533,True
9,1998.0,S_iu_med,0.5582205482459841,1.167618460396948,True
9,1998.0,S_iu_long,1.2635729118447159,1.3019082618056605,True
9,1998.0,S_scrap,0.7826915494882138,1.1562298489934844,True
9,1999.0,S_conc,0.8602911478073548,1.3184004623765104,True
9,1999.0,S_ref,0.6782067918545578,1.239853198822795,True
9,1999.0,S_iu_short,0.5114139465808111,1.0428825112634186,True
9,1999.0,S_iu_med,0.5720732188358252,1.1177678471684365,True
9,1999.0,S_iu_long,1.336848367563021,1.4067519751305388,True
9,1999.0,S_scrap,0.8236106520968126,1.1776265714780403,True
9,2000.0,S_conc,0.8199957289745956,1.2466482284487885,True
9,2000.0,S_ref,0.7457549995225261,1.188255792363356,True
9,2000.0,S_iu_short,0.5041805126141642,1.0625264743815195,True
9,2000.0,S_iu_med,0.5794827956401061,1.0968512034720677,True
9,2000.0,S_iu_long,1.378023989582513,1.4147884206731665,True
9,2000.0,S_scrap,0.8643997690564691,1.1754004245832719,True
9,2001.0,S_conc,0.8452252738873798,1.3306484039323554,True
9,2001.0,S_ref,0.6621480167545238,1.24650321977382,True
9,2001.0,S_iu_short,0.49888434672954346,1.0845620033440058,True
9,2001.0,S_iu_med,0.5796159515077801,1.097098687840844,True
9,2001.0,S_iu_long,1.3787772242706946,1.383646858485236,True
9,2001.0,S_scrap,0.8381693375007365,1.1682229210903576,True
9,2002.0,S_conc,0.863609552709124,1.6216527588337861,True
9,2002.0,S_ref,0.5215050236395941,1.4887717683061372,True
9,2002.0,S_iu_short,0.49331149399832736,1.0953720305936854,True
9,2002.0,S_iu_med,0.5814523205943383,1.08195458933732,True
9,2002.0,S_iu_long,1.3892140590051807,1.3914187505412157,True
9,2002.0,S_scrap,0.8288768591903666,1.1734589568445557,True
9,2003.0,S_conc,0.49843973131703323,2.6796562016615746,True
9,2003.0,S_ref,0.33263915851919945,2.4646163236982943,True
9,2003.0,S_iu_short,0.4963779306170343,1.0602315517679213,True
9,2003.0,S_iu_med,0.5875641076285038,1.0595461080988604,True
9,2003.0,S_iu_long,1.424619240217006,1.5059134884919572,True
9,2003.0,S_scrap,0.7995143488561167,1.2048816515590768,True
9,2004.0,S_conc,0.7609965892702033,2.0260275111277757,True
9,2004.0,S_ref,0.43213972923455657,1.8376642367801834,True
9,2004.0,S_iu_short,0.49642839688771034,1.0590894639467079,True
9,2004.0,S_iu_med,0.5861429851405765,1.0544118539731087,True
9,2004.0,S_iu_long,1.4162934639145217,1.5091502987815169,True
9,2004.0,S_scrap,0.8475904583721314,1.210965342754031,True
9,2005.0,S_conc,0.8797806551099976,1.7104850868187704,True
9,2005.0,S_ref,0.5130081432545363,1.5498972206548014,True
9,2005.0,S_iu_short,0.490407480306695,1.0724675149292116,True
9,2005.0,S_iu_med,0.5963249681510421,1.049269781826191,True
9,2005.0,S_iu_long,1.4772401587972561,1.527640503950613,True
9,2005.0,S_scrap,0.8531919183045062,1.2106233817811178,True
9,2006.0,S_conc,0.8100588327330256,1.441997902861035,True
9,2006.0,S_ref,0.6463557369873495,1.3248114561335638,True
9,2006.0,S_iu_short,0.487216588019585,1.064242308302663,True
9,2006.0,S_iu_med,0.631024735337559,1.0596442512802244,True
9,2006.0,S_iu_long,1.7102087748750725,1.6680547656589395,True
9,2006.0,S_scrap,0.9016484267274084,1.2556526700370547,True
9,2007.0,S_conc,0.8161533406627574,1.3249206045992286,True
9,2007.0,S_ref,0.6834182677121101,1.2425822697911642,True
9,2007.0,S_iu_short,0.4829393477421215,1.0996426292059507,True
9,2007.0,S_iu_med,0.609725002486253,1.0648654879156194,True
9,2007.0,S_iu_long,1.5622958333752244,1.4914716414485225,True
9,2007.0,S_scrap,0.906167634858555,1.1911356243050089,True
9,2008.0,S_conc,0.7864576234697463,1.3513459582532574,True
9,2008.0,S_ref,0.6507106507314478,1.2624728122377278,True
9,2008.0,S_iu_short,0.4560942117849682,1.1734609203948583,True
9,2008.0,S_iu_med,0.6139065811746479,1.0720055173454435,True
9,2008.0,S_iu_long,1.5900467380210548,1.4062431949222503,True
9,2008.0,S_scrap,0.9072641824784239,1.1849803584278966,True
9,2009.0,S_conc,0.8113913949733772,1.686908749622387,True
9,2009.0,S_ref,0.5027342201924434,1.5453027725373565,True
9,2009.0,S_iu_short,0.47957059677922137,1.114506199082509,True
9,2009.0,S_iu_med,0.6011875771676168,1.0566793901364926,True
9,2009.0,S_iu_long,1.5074444594728431,1.449027602870051,True
9,2009.0,S_scrap,0.8946408311771982,1.2003326616746541,True
9,2010.0,S_conc,0.7364651616272813,1.4512656706545657,True
9,2010.0,S_ref,0.6138663808013786,1.338442650753213,True
9,2010.0,S_iu_short,0.4851461235814105,1.0788394838633526,True
9,2010.0,S_iu_med,0.6163402576134404,1.0540196744152543,True
9,2010.0,S_iu_long,1.6064762327667974,1.568418829479405,True
9,2010.0,S_scrap,0.9309797346561137,1.2362559110655154,True
9,2011.0,S_conc,0.8062052149830014,1.5221272307567728,True
9,2011.0,S_ref,0.5732454594293871,1.3961763682916795,True
9,2011.0,S_iu_short,0.47295749126847964,1.1130510125881952,True
9,2011.0,S_iu_med,0.6183491028238292,1.0551586025953954,True
9,2011.0,S_iu_long,1.6201955960250185,1.5214748072258137,True
9,2011.0,S_scrap,0.9105558685344226,1.2150241771248047,True
9,2012.0,S_conc,0.7933230481865196,1.9384371881821632,True
9,2012.0,S_ref,0.4423759840641985,1.769533238260148,True
9,2012.0,S_iu_short,0.4742645818398841,1.1279297304648879,True
9,2012.0,S_iu_med,0.5993836674986186,1.0419155580782775,True
9,2012.0,S_iu_long,1.4961538481373615,1.4536593416786328,True
9,2012.0,S_scrap,0.8851855719490247,1.203307357473153,True
9,2013.0,S_conc,0.8607138915423409,1.6905075300609655,True
9,2013.0,S_ref,0.5062311619437966,1.5447504102382228,True
9,2013.0,S_iu_short,0.4780696789909207,1.1204439807424658,True
9,2013.0,S_iu_med,0.5953004958442819,1.0414715547717697,True
9,2013.0,S_iu_long,1.4709691752308778,1.4426856634745968,True
9,2013.0,S_scrap,0.8988947305079129,1.2004159545977655,True
9,2014.0,S_conc,0.8506283557535621,1.5789607116581978,True
9,2014.0,S_ref,0.5459768093263472,1.4461073832162201,True
9,2014.0,S_iu_short,0.4762578673128854,1.1172256064612738,True
9,2014.0,S_iu_med,0.6016620813568464,1.0434975401328144,True
9,2014.0,S_iu_long,1.510431352873133,1.4641158106345808,True
9,2014.0,S_scrap,0.9020617775755279,1.2037902192815324,True
9,2015.0,S_conc,0.8641798444988644,1.830741739167167,True
9,2015.0,S_ref,0.4645078626444816,1.6745240614852155,True
9,2015.0,S_iu_short,0.4738377570265679,1.1311755580029095,True
9,2015.0,S_iu_med,0.598718733374516,1.0450560162086198,True
9,2015.0,S_iu_long,1.4920176523797217,1.429554469920744,True
9,2015.0,S_scrap,0.8951771298623447,1.19463105772307,True
9,2016.0,S_conc,0.8645421484141514,1.8245994827823937,True
9,2016.0,S_ref,0.46694603305609156,1.6678429787308409,True
9,2016.0,S_iu_short,0.4733699160002494,1.1277747205341007,True
9,2016.0,S_iu_med,0.6011097952946984,1.0448914161120404,True
9,2016.0,S_iu_long,1.5069555185963917,1.4390533840389732,True
9,2016.0,S_scrap,0.8962567362197493,1.1936875071579558,True
9,2017.0,S_conc,0.8704202224959332,1.5579973303753398,True
9,2017.0,S_ref,0.5537606939713091,1.4283353712895848,True
9,2017.0,S_iu_short,0.4754264210302045,1.1199978610464294,True
9,2017.0,S_iu_med,0.6004218913556383,1.0424303487389015,True
9,2017.0,S_iu_long,1.5026396050391098,1.450511563020989,True
9,2017.0,S_scrap,0.898352577169769,1.1952208956135197,True
9,2018.0,S_conc,0.905474374089883,1.6838280056347337,True
9,2018.0,S_ref,0.5059782597682986,1.54055275502993,True
9,2018.0,S_iu_short,0.46624051939649086,1.1549221693734388,True
9,2018.0,S_iu_med,0.5981332473956749,1.0423134553451918,True
9,2018.0,S_iu_long,1.4883869927517794,1.4015925296390779,True
9,2018.0,S_scrap,0.8713801113312606,1.1839848666367445,True
9,2019.0,S_conc,0.8749017154679329,1.6434010377920147,True
9,2019.0,S_ref,0.5169338911360521,1.506825065017088,True
9,2019.0,S_iu_short,0.47525819773898614,1.1323683994323044,True
9,2019.0,S_iu_med,0.5937196668406078,1.0436991281178192,True
9,2019.0,S_iu_long,1.4613546814427747,1.4040712100537651,True
9,2019.0,S_scrap,0.8932873523382678,1.1862712124230603,True
10,1980.0,S_conc,0.842109898319991,1.4385469053098658,True
10,1980.0,S_ref,0.6214215928904598,1.3263954279946881,True
10,1980.0,S_iu_short,0.5171736906873513,1.0232215226459944,True
10,1980.0,S_iu_med,0.5691997583292588,1.1350324246622576,True
10,1980.0,S_iu_long,1.3212614647609595,1.4808663353041782,True
10,1980.0,S_scrap,0.6792074083297092,1.2171464560154668,True
10,1981.0,S_conc,0.903166685030101,1.7123311863118067,True
10,1981.0,S_ref,0.5022783554893849,1.5592078952568225,True
10,1981.0,S_iu_short,0.5157123372893306,1.0314249473727748,True
10,1981.0,S_iu_med,0.5678213500252518,1.1383077813080758,True
10,1981.0,S_iu_long,1.3138579382818403,1.4431761008788817,True
10,1981.0,S_scrap,0.6356765777618394,1.1925476222789437,True
10,1982.0,S_conc,0.8770222474317048,1.662858247095788,True
10,1982.0,S_ref,0.5232442351294125,1.5117725132288022,True
10,1982.0,S_iu_short,0.517726732586733,1.0236235717214217,True
10,1982.0,S_iu_med,0.5707008354185054,1.1311770206663596,True
10,1982.0,S_iu_long,1.3293779315290701,1.480273210306523,True
10,1982.0,S_scrap,0.6791296625368498,1.2131765805444406,True
10,1983.0,S_conc,0.863701089626695,1.4775565206089436,True
10,1983.0,S_ref,0.5990885999189537,1.3576281775614216,True
10,1983.0,S_iu_short,0.5178323224051578,1.0199956025355978,True
10,1983.0,S_iu_med,0.566810552162094,1.1401451183026392,True
10,1983.0,S_iu_long,1.3084588163241393,1.4636347307045487,True
10,1983.0,S_scrap,0.7107721502273371,1.2159491789528023,True
10,1984.0,S_conc,0.8946405945785193,1.5211506571955413,True
10,1984.0,S_ref,0.5714023509711221,1.3953903766225078,True
10,1984.0,S_iu_short,0.5168280328181225,1.0308981004832873,True
10,1984.0,S_iu_med,0.5674219980964518,1.142526370252353,True
10,1984.0,S_iu_long,1.311721806470801,1.4366545438414777,True
10,1984.0,S_scrap,0.6456049082571057,1.1916981402388045,True
10,1985.0,S_conc,0.9018123117599613,1.578836065113401,True
10,1985.0,S_ref,0.5529058753063573,1.4403118474000736,True
10,1985.0,S_iu_short,0.5180872787626645,1.0255762783625053,True
10,1985.0,S_iu_med,0.5662369861286403,1.144759190547783,True
10,1985.0,S_iu_long,1.3054063348438647,1.4559488837303003,True
10,1985.0,S_scrap,0.6081500864337336,1.204527656149066,True
10,1986.0,S_conc,0.9309983543823747,1.469139929840832,True
10,1986.0,S_ref,0.6080121990078774,1.348145208677507,True
10,1986.0,S_iu_short,0.5122855993585624,1.0356027277021551,True
10,1986.0,S_iu_med,0.5672171651627141,1.1240096752487012,True
10,1986.0,S_iu_long,1.310627685536493,1.4991422899815843,True
10,1986.0,S_scrap,0.43183705051529514,1.2104224652597115,True
10,1987.0,S_conc,0.9037157884493505,1.3667390316150105,True
10,1987.0,S_ref,0.6640316463371123,1.272344667679772,True
10,1987.0,S_iu_short,0.5133403495639264,1.0184369942244182,True
10,1987.0,S_iu_med,0.5582566807206975,1.1513575844154003,True
10,1987.0,S_iu_long,1.2637580612005284,1.4342268475600684,True
10,1987.0,S_scrap,0.5953805161439738,1.2169251054374612,True
10,1988.0,S_conc,0.8714545276700714,1.3622051410599498,True
10,1988.0,S_ref,0.6509838944075811,1.2712829783555042,True
10,1988.0,S_iu_short,0.5143595539977438,1.0256574630951198,True
10,1988.0,S_iu_med,0.5525274309763766,1.1870914707808253,True
10,1988.0,S_iu_long,1.2347738592825495,1.3394087640442214,True
10,1988.0,S_scrap,0.7164556292427476,1.19714604713179,True
10,1989.0,S_conc,0.8365840425343424,1.335920966094009,True
10,1989.0,S_ref,0.6608694867058674,1.2527202109217854,True
10,1989.0,S_iu_short,0.5219065650579989,1.0348740773772265,True
10,1989.0,S_iu_med,0.5447071508215042,1.2471621422814883,True
10,1989.0,S_iu_long,1.1963885481714513,1.25145892674007,True
10,1989.0,S_scrap,0.7800902678243054,1.1852502384496,True
10,1990.0,S_conc,0.843680193425229,1.3197388598110626,True
10,1990.0,S_ref,0.6678108457885249,1.2406855903127474,True
10,1990.0,S_iu_short,0.5190765669843725,1.0458820272286555,True
10,1990.0,S_iu_med,0.5539521310217439,1.1934390981470167,True
10,1990.0,S_iu_long,1.2419118429837133,1.3067125554653396,True
10,1990.0,S_scrap,0.7448765266115522,1.1738021561650154,True
10,1991.0,S_conc,0.867153473882874,1.3584207050988728,True
10,1991.0,S_ref,0.6470830630694056,1.268633953672646,True
10,1991.0,S_iu_short,0.5208422844726333,1.0373197401797825,True
10,1991.0,S_iu_med,0.5638030595247983,1.16645889623416,True
10,1991.0,S_iu_long,1.2925424440404827,1.378626023743722,True
10,1991.0,S_scrap,0.6833658387252038,1.1755184775879535,True
10,1992.0,S_conc,0.8185795472095256,1.5918458357687337,True
10,1992.0,S_ref,0.5330578159277161,1.4616540900009891,True
10,1992.0,S_iu_short,0.5128348917682712,1.0383935746446318,True
10,1992.0,S_iu_med,0.5703290445481045,1.1246440051813806,True
10,1992.0,S_iu_long,1.327362339277216,1.4160094986885159,True
10,1992.0,S_scrap,0.7554883292078084,1.1902466678466181,True
10,1993.0,S_conc,0.5932676569405367,2.324506440665464,True
10,1993.0,S_ref,0.3723590661971734,2.130695244595887,True
10,1993.0,S_iu_short,0.512690464862259,1.0294695786094596,True
10,1993.0,S_iu_med,0.5761233104238151,1.1061124490446335,True
10,1993.0,S_iu_long,1.3591766770658105,1.4773090174997114,True
10,1993.0,S_scrap,0.7547707174530701,1.2078169833673957,True
10,1994.0,S_conc,0.512671173736704,2.5469713351832977,True
10,1994.0,S_ref,0.33891779167726754,2.3556439223943837,True
10,1994.0,S_iu_short,0.5053875585783478,1.0476329719345665,True
10,1994.0,S_iu_med,0.5731652805776881,1.0933567282094496,True
10,1994.0,S_iu_long,1.3428272220999817,1.431279463421492,True
10,1994.0,S_scrap,0.7840148719625181,1.19282571534633,True
10,1995.0,S_conc,0.7961255171282141,1.8811353609484893,True
10,1995.0,S_ref,0.4432460368366248,1.7306507335234973,True
10,1995.0,S_iu_short,0.5045061339853236,1.0716164974513704,True
10,1995.0,S_iu_med,0.5609869441994634,1.1207178575392094,True
10,1995.0,S_iu_long,1.2778365854667086,1.324786047810492,True
10,1995.0,S_scrap,0.8098708066569611,1.17207435524294,True
10,1996.0,S_conc,0.8233595768192701,1.597702070042949,True
10,1996.0,S_ref,0.5308055022169624,1.4671544442967202,True
10,1996.0,S_iu_short,0.5145075119309946,1.0356101600625534,True
10,1996.0,S_iu_med,0.5672415959225587,1.1344960907499666,True
10,1996.0,S_iu_long,1.3107581287342303,1.3973142591367642,True
10,1996.0,S_scrap,0.8094393112199103,1.189586857393749,True
10,1997.0,S_conc,0.8298341051508833,1.4514346019108588,True
10,1997.0,S_ref,0.5882211552985954,1.3454613246211158,True
10,1997.0,S_iu_short,0.5114824263968353,1.0518026354916012,True
10,1997.0,S_iu_med,0.5699800248842236,1.1276271593247997,True
10,1997.0,S_iu_long,1.3254733683726325,1.3752592142250457,True
10,1997.0,S_scrap,0.8292168158798553,1.1723034334334985,True
10,1998.0,S_conc,0.8774853176538597,1.4317492032242434,True
10,1998.0,S_ref,0.6066921122162662,1.3259087261761366,True
10,1998.0,S_iu_short,0.5151081814432535,1.03822894210369,True
10,1998.0,S_iu_med,0.5716125087773164,1.130232522169705,True
10,1998.0,S_iu_long,1.334335199998129,1.4103436651196786,True
10,1998.0,S_scrap,0.7792374570705151,1.1765932460072128,True
10,1999.0,S_conc,0.8693244513039284,1.3160014527856314,True
10,1999.0,S_ref,0.6861384681792337,1.2378063066829248,True
10,1999.0,S_iu_short,0.5166388253607491,1.0318062397656618,True
10,1999.0,S_iu_med,0.5694788762661142,1.135087188621432,True
10,1999.0,S_iu_long,1.3227663983756603,1.4118609562979663,True
10,1999.0,S_scrap,0.8119154122593717,1.182700958697565,True
10,2000.0,S_conc,0.8240163563260271,1.2731526439966494,True
10,2000.0,S_ref,0.7368410795225544,1.2071685876138982,True
10,2000.0,S_iu_short,0.5175334704620718,1.032240121426244,True
10,2000.0,S_iu_med,0.581233770853092,1.1213661673638529,True
10,2000.0,S_iu_long,1.387967153027492,1.4717995110137885,True
10,2000.0,S_scrap,0.8554037894576275,1.1962111521393755,True
10,2001.0,S_conc,0.864335546865261,1.3891702829530737,True
10,2001.0,S_ref,0.6573097515075451,1.2862545348926901,True
10,2001.0,S_iu_short,0.5139745642802315,1.03384738110466,True
10,2001.0,S_iu_med,0.5945380520840922,1.0973305308943868,True
10,2001.0,S_iu_long,1.4663226848784303,1.5484803838441388,True
10,2001.0,S_scrap,0.8153791078693347,1.2139961106224286,True
10,2002.0,S_conc,0.8655734512141862,1.673791988324926,True
10,2002.0,S_ref,0.5259031900696847,1.5168389519022147,True
10,2002.0,S_iu_short,0.5099940918717778,1.0344901444652697,True
10,2002.0,S_iu_med,0.5934482823388472,1.0855922211005395,True
10,2002.0,S_iu_long,1.459711659202646,1.553434891061519,True
10,2002.0,S_scrap,0.8198028259155802,1.2214273651771763,True
10,2003.0,S_conc,0.43231270130451194,3.0145496674933114,True
10,2003.0,S_ref,0.3018284351669668,2.782321780554442,True
10,2003.0,S_iu_short,0.5047468501818598,1.0380560154855192,True
10,2003.0,S_iu_med,0.588066925351149,1.0719956060856533,True
10,2003.0,S_iu_long,1.4275788023392921,1.5391823574049432,True
10,2003.0,S_scrap,0.8078834792875466,1.2172668002699896,True
10,2004.0,S_conc,0.7154115452826385,2.1084904523117918,True
10,2004.0,S_ref,0.4170495105095986,1.9130072085831726,True
10,2004.0,S_iu_short,0.507987251824092,1.034646414992494,True
10,2004.0,S_iu_med,0.5873387267910535,1.0813848704430309,True
10,2004.0,S_iu_long,1.4232949998524844,1.5293036919672038,True
10,2004.0,S_scrap,0.8540709895626294,1.2167927620932744,True
10,2005.0,S_conc,0.8751733601975178,1.5571100486412164,True
10,2005.0,S_ref,0.5636489519377355,1.4213409479336518,True
10,2005.0,S_iu_short,0.5068824844164067,1.0439347138751198,True
10,2005.0,S_iu_med,0.5942773086261806,1.0851739973131795,True
10,2005.0,S_iu_long,1.4647376675282706,1.519672851787412,True
10,2005.0,S_scrap,0.8541596804631695,1.2024567484728426,True
10,2006.0,S_conc,0.8343100251499993,1.3358024031961528,True
10,2006.0,S_ref,0.6595509427717684,1.2509454834269862,True
10,2006.0,S_iu_short,0.5135210629575285,1.0518871614027423,True
10,2006.0,S_iu_med,0.5798385842759288,1.1242938813989345,True
10,2006.0,S_iu_long,1.3800376773690255,1.409236707883027,True
10,2006.0,S_scrap,0.885892708410125,1.184309449590879,True
10,2007.0,S_conc,0.7972001156259905,1.3162524140979441,True
10,2007.0,S_ref,0.6775005699357115,1.236712107712326,True
10,2007.0,S_iu_short,0.5242913685005134,1.0436296246723709,True
10,2007.0,S_iu_med,0.5871956186753678,1.1449788565264238,True
10,2007.0,S_iu_long,1.4224549090083256,1.441496240499055,True
10,2007.0,S_scrap,0.9119044725470881,1.1938921960203217,True
10,2008.0,S_conc,0.8542980760203572,1.9175206381987318,True
10,2008.0,S_ref,0.46071237794401854,1.7300758398931007,True
10,2008.0,S_iu_short,0.5053488282367141,1.0481520424591066,True
10,2008.0,S_iu_med,0.6273204527153273,1.0825213542898149,True
10,2008.0,S_iu_long,1.6832704055963297,1.6326549661668885,True
10,2008.0,S_scrap,0.8618219897618867,1.233447304551713,True
10,2009.0,S_conc,0.8236447994567496,1.3803206793355085,True
10,2009.0,S_ref,0.6364560948676373,1.2825202790738077,True
10,2009.0,S_iu_short,0.5189419281888156,1.0394582832259078,True
10,2009.0,S_iu_med,0.5906909337839883,1.12094711531194,True
10,2009.0,S_iu_long,1.443141583070268,1.4744683453119387,True
10,2009.0,S_scrap,0.8525007647501136,1.2051543619380312,True
10,2010.0,S_conc,0.85299639201399,1.6996722756571403,True
10,2010.0,S_ref,0.5085260980827644,1.54818330730916,True
10,2010.0,S_iu_short,0.5152223509942182,1.0374684438699984,True
10,2010.0,S_iu_med,0.5980617370034779,1.1029134712994044,True
10,2010.0,S_iu_long,1.4879442741898217,1.5201714928306296,True
10,2010.0,S_scrap,0.8952938032305973,1.2082133908382757,True
10,2011.0,S_conc,0.8928333135452926,1.737812942931051,True
10,2011.0,S_ref,0.501119317776451,1.5766403828119906,True
10,2011.0,S_iu_short,0.5077477970294747,1.042463349109603,True
10,2011.0,S_iu_med,0.6079431548579547,1.0825505417080594,True
10,2011.0,S_iu_long,1.550650530378298,1.5588965236419483,True
10,2011.0,S_scrap,0.8548013832118436,1.2114016826578,True
10,2012.0,S_conc,0.8882409851525774,1.5724794536091076,True
10,2012.0,S_ref,0.5484884709296093,1.439070672466847,True
10,2012.0,S_iu_short,0.5097351873483716,1.0441706415235277,True
10,2012.0,S_iu_med,0.5970125699517503,1.093646057072967,True
10,2012.0,S_iu_long,1.4814669774694214,1.5006654615292487,True
10,2012.0,S_scrap,0.8462547483325666,1.1963106729008892,True
10,2013.0,S_conc,0.8774396425912082,1.5444367018290373,True
10,2013.0,S_ref,0.5633343489679952,1.4136158055433112,True
10,2013.0,S_iu_short,0.5124879065792002,1.0394363940009959,True
10,2013.0,S_iu_med,0.5999029635444281,1.0950870638208774,True
10,2013.0,S_iu_long,1.499393669243144,1.5203050972720307,True
10,2013.0,S_scrap,0.8677397036723633,1.2036594485309042,True
10,2014.0,S_conc,0.8566599569630337,1.3586865467158726,True
10,2014.0,S_ref,0.6564302846103549,1.2662935387311143,True
10,2014.0,S_iu_short,0.5138893803996606,1.0417325816959344,True
10,2014.0,S_iu_med,0.5998433921248275,1.1018294356364977,True
10,2014.0,S_iu_long,1.4990215838493577,1.503288227729887,True
10,2014.0,S_scrap,0.873711397156,1.1970255369158627,True
10,2015.0,S_conc,0.855697770632903,1.3616356431026801,True
10,2015.0,S_ref,0.6460594435865455,1.2696557423316877,True
10,2015.0,S_iu_short,0.5197948958160997,1.038734456252911,True
10,2015.0,S_iu_med,0.5856808976926546,1.1257940831112034,True
10,2015.0,S_iu_long,1.4135985872507315,1.4434178663981692,True
10,2015.0,S_scrap,0.8636258527582501,1.1878594708358168,True
10,2016.0,S_conc,0.8589014054794213,1.3339592207816087,True
10,2016.0,S_ref,0.659687753324302,1.249167071493057,True
10,2016.0,S_iu_short,0.5151140559061015,1.0425017323101993,True
10,2016.0,S_iu_med,0.5800967139577909,1.1189109393546202,True
10,2016.0,S_iu_long,1.3815007722980266,1.412868301714229,True
10,2016.0,S_scrap,0.8555785612587004,1.1806965006778813,True
10,2017.0,S_conc,0.8552767180509122,1.2283487058087075,True
10,2017.0,S_ref,0.7414067398190639,1.173978825930642,True
10,2017.0,S_iu_short,0.5154179421403164,1.0568380247781661,True
10,2017.0,S_iu_med,0.5740578994910887,1.1354801946081152,True
10,2017.0,S_iu_long,1.3477369313932812,1.3510688537285396,True
10,2017.0,S_scrap,0.8773439958322405,1.1607819505045562,True
10,2018.0,S_conc,0.8704963887441933,1.2229319223965038,True
10,2018.0,S_ref,0.752849979177213,1.1705679872884,True
10,2018.0,S_iu_short,0.5118365703164743,1.0559206422670628,True
10,2018.0,S_iu_med,0.5831426490519561,1.1167107379751824,True
10,2018.0,S_iu_long,1.398902160956825,1.3913498575331673,True
10,2018.0,S_scrap,0.8660515968318018,1.1630363891849904,True
10,2019.0,S_conc,0.8395720506669295,1.2853104652249492,True
10,2019.0,S_ref,0.6946465195997369,1.2139725596108488,True
10,2019.0,S_iu_short,0.5235141083854982,1.042120313014977,True
10,2019.0,S_iu_med,0.5784407552945339,1.145471422299373,True
10,2019.0,S_iu_long,1.3721458195008327,1.390669711758513,True
10,2019.0,S_scrap,0.8883971850145421,1.1736561545266366,True
11,1980.0,S_conc,0.8454140534576954,1.4814443927773608,True
11,1980.0,S_ref,0.6050751528613671,1.358551007786305,True
11,1980.0,S_iu_short,0.5069172532702276,1.0260251484483445,True
11,1980.0,S_iu_med,0.5715510631064605,1.0826938171035139,True
11,1980.0,S_iu_long,1.3340004231320544,1.5199576048936934,True
11,1980.0,S_scrap,0.7194836302296388,1.2272599118250762,True
11,1981.0,S_conc,0.8926952820822942,1.6351704718835156,True
11,1981.0,S_ref,0.5166960667161685,1.500277732737787,True
11,1981.0,S_iu_short,0.5046194245511714,1.0562251593790093,True
11,1981.0,S_iu_med,0.5655122828180228,1.1107759522283673,True
11,1981.0,S_iu_long,1.3015610348799997,1.3921930369902675,True
11,1981.0,S_scrap,0.6828253044580674,1.1833158408163633,True
11,1982.0,S_conc,0.8762789185778892,1.5667485245516433,True
11,1982.0,S_ref,0.5465447560439854,1.4370396272753825,True
11,1982.0,S_iu_short,0.522344564910684,1.0310209760907711,True
11,1982.0,S_iu_med,0.5622492647251783,1.1754681544142975,True
11,1982.0,S_iu_long,1.28440507215184,1.3909513448173558,True
11,1982.0,S_scrap,0.6831028601576808,1.189712322667451,True
11,1983.0,S_conc,0.8622397953318194,1.4774140576906034,True
11,1983.0,S_ref,0.5868082625233604,1.3618693497543586,True
11,1983.0,S_iu_short,0.5134141689216384,1.0301378797977658,True
11,1983.0,S_iu_med,0.5613055953971713,1.1449473821912919,True
11,1983.0,S_iu_long,1.279491120716136,1.3971728476232288,True
11,1983.0,S_scrap,0.7196620087892708,1.1952755943964337,True
11,1984.0,S_conc,0.8883019663565791,1.50662203965772,True
11,1984.0,S_ref,0.563017354114721,1.3906487912661891,True
11,1984.0,S_iu_short,0.5114559065582905,1.050981568437275,True
11,1984.0,S_iu_med,0.558771600549357,1.155401472934796,True
11,1984.0,S_iu_long,1.266399899111351,1.3435306401431548,True
11,1984.0,S_scrap,0.6686810309387646,1.1728953947985645,True
11,1985.0,S_conc,0.9060305292889315,1.5470341285109512,True
11,1985.0,S_ref,0.5549743946234987,1.4192250229004002,True
11,1985.0,S_iu_short,0.5281022787880908,1.0339068532233542,True
11,1985.0,S_iu_med,0.5441973609830097,1.2652990303041836,True
11,1985.0,S_iu_long,1.1939320100398203,1.2858232454081002,True
11,1985.0,S_scrap,0.5891260522760694,1.1883500155296418,True
11,1986.0,S_conc,0.9333783258246979,1.4521977572330056,True
11,1986.0,S_ref,0.5876243038831482,1.3443400852413605,True
11,1986.0,S_iu_short,0.5115466178175773,1.0660851317338347,True
11,1986.0,S_iu_med,0.5426493837695519,1.2409421796920996,True
11,1986.0,S_iu_long,1.186506291917017,1.2582782937353207,True
11,1986.0,S_scrap,0.4317017030606044,1.1672058282140847,True
11,1987.0,S_conc,0.9054756160736818,1.3409797326771848,True
11,1987.0,S_ref,0.6642780820108355,1.254817855802121,True
11,1987.0,S_iu_short,0.504221596288178,1.052077673683594,True
11,1987.0,S_iu_med,0.5571353332573405,1.12428940890793,True
11,1987.0,S_iu_long,1.2580261535768031,1.3726619634899795,True
11,1987.0,S_scrap,0.5928965783194173,1.1878555106817017,True
11,1988.0,S_conc,0.8666441629770125,1.3313756379733113,True
11,1988.0,S_ref,0.6574671818431721,1.2497799530865557,True
11,1988.0,S_iu_short,0.5054233304190651,1.0689208190123856,True
11,1988.0,S_iu_med,0.5520927518721905,1.1505835608741113,True
11,1988.0,S_iu_long,1.232605085494513,1.2840829783419239,True
11,1988.0,S_scrap,0.7335741658582049,1.1753471842558398,True
11,1989.0,S_conc,0.8406115135173731,1.3246206640673852,True
11,1989.0,S_ref,0.659047037117613,1.2449626433447516,True
11,1989.0,S_iu_short,0.5185832500071397,1.0632875868102105,True
11,1989.0,S_iu_med,0.5374172553790999,1.2684402657298774,True
11,1989.0,S_iu_long,1.1617754047862914,1.1754409365992677,True
11,1989.0,S_scrap,0.7802692210778185,1.18376422990494,True
11,1990.0,S_conc,0.8359566662968702,1.3171596440221134,True
11,1990.0,S_ref,0.6665306609599239,1.2388961589723602,True
11,1990.0,S_iu_short,0.5209940722600112,1.0488961790330222,True
11,1990.0,S_iu_med,0.5511452721505274,1.207704569305502,True
11,1990.0,S_iu_long,1.2278923178355359,1.2852308071560792,True
11,1990.0,S_scrap,0.7551927006248425,1.1749572999391378,True
11,1991.0,S_conc,0.8581444759739896,1.3564808745786077,True
11,1991.0,S_ref,0.6456608814969401,1.2674808995788092,True
11,1991.0,S_iu_short,0.5236496886305596,1.0373313856634054,True
11,1991.0,S_iu_med,0.5523990729794579,1.209420079089126,True
11,1991.0,S_iu_long,1.234132995783778,1.3092697535557885,True
11,1991.0,S_scrap,0.7028145498569963,1.1741483750375303,True
11,1992.0,S_conc,0.8245926338617358,1.5523792609970442,True
11,1992.0,S_ref,0.5398511683515401,1.4325518952560934,True
11,1992.0,S_iu_short,0.5214769162702085,1.0508669398528478,True
11,1992.0,S_iu_med,0.554195832096925,1.1956152104008784,True
11,1992.0,S_iu_long,1.2431373952910554,1.2957734007937618,True
11,1992.0,S_scrap,0.7513390678453308,1.1652024278934805,True
11,1993.0,S_conc,0.5745169818854663,2.34352253987983,True
11,1993.0,S_ref,0.3648845890486927,2.15993945138588,True
11,1993.0,S_iu_short,0.5233101653102586,1.0293204939669154,True
11,1993.0,S_iu_med,0.5607114177139738,1.1807093658483938,True
11,1993.0,S_iu_long,1.2764079020585328,1.369369416523701,True
11,1993.0,S_scrap,0.7519915272754286,1.1904014782030818,True
11,1994.0,S_conc,0.4809121130428211,2.6462229310888556,True
11,1994.0,S_ref,0.3247404817661285,2.460522226312296,True
11,1994.0,S_iu_short,0.5136892600157515,1.041539878439677,True
11,1994.0,S_iu_med,0.5587451206662694,1.15593407764212,True
11,1994.0,S_iu_long,1.2662638915402864,1.3398832972368735,True
11,1994.0,S_scrap,0.7877400399260943,1.1807224093674444,True
11,1995.0,S_conc,0.8154960176040319,1.871481753719249,True
11,1995.0,S_ref,0.4496546856809155,1.7159629543229287,True
11,1995.0,S_iu_short,0.5100620503495827,1.0440851996089748,True
11,1995.0,S_iu_med,0.5643242774854405,1.1262806320222187,True
11,1995.0,S_iu_long,1.2952851130385898,1.377219808750206,True
11,1995.0,S_scrap,0.8147343944078336,1.1856732983958336,True
11,1996.0,S_conc,0.8208318149453853,1.6070774179246001,True
11,1996.0,S_ref,0.5239098765732132,1.4778979284088425,True
11,1996.0,S_iu_short,0.5200294271263302,1.0366273665193657,True
11,1996.0,S_iu_med,0.5593640152502529,1.1754425318044945,True
11,1996.0,S_iu_long,1.2694469689486114,1.3412833235304467,True
11,1996.0,S_scrap,0.8111097749973142,1.1826780844418,True
11,1997.0,S_conc,0.8395455371721073,1.4746279395825665,True
11,1997.0,S_ref,0.5740716635287548,1.3654755615820031,True
11,1997.0,S_iu_short,0.5274572041501604,1.0597749304860724,True
11,1997.0,S_iu_med,0.5367046917563725,1.2660305732772632,True
11,1997.0,S_iu_long,1.1584505221756791,1.1935821473292865,True
11,1997.0,S_scrap,0.8142441583369671,1.168783184264031,True
11,1998.0,S_conc,0.872531573463701,1.3994338287850543,True
11,1998.0,S_ref,0.6239975688772197,1.300160629125067,True
11,1998.0,S_iu_short,0.5372888174739224,1.0371039209885475,True
11,1998.0,S_iu_med,0.5403888678869352,1.2808496677761552,True
11,1998.0,S_iu_long,1.1757523483003869,1.244007594872538,True
11,1998.0,S_scrap,0.7917566446622548,1.17953974939116,True
11,1999.0,S_conc,0.8586405256421713,1.308256053963865,True
11,1999.0,S_ref,0.6930052086713742,1.2319407410635663,True
11,1999.0,S_iu_short,0.5386527488085197,1.0433412955458865,True
11,1999.0,S_iu_med,0.5253887794620443,1.3524682290052241,True
11,1999.0,S_iu_long,1.1069876916658945,1.1555554914660857,True
11,1999.0,S_scrap,0.8259998936698418,1.1899593471996144,True
11,2000.0,S_conc,0.8220566254787532,1.2488748146668691,True
11,2000.0,S_ref,0.7367725155991702,1.1888954975686934,True
11,2000.0,S_iu_short,0.5288745086644214,1.049111957166042,True
11,2000.0,S_iu_med,0.5436523232942887,1.2487990093951367,True
11,2000.0,S_iu_long,1.191311692915396,1.2380571196192027,True
11,2000.0,S_scrap,0.863271063426777,1.1704668352818113,True
11,2001.0,S_conc,0.8590283197175183,1.3539311096853621,True
11,2001.0,S_ref,0.654898637841634,1.2627513112081266,True
11,2001.0,S_iu_short,0.5399311639274459,1.0422548288272482,True
11,2001.0,S_iu_med,0.544366329418483,1.2694522717848287,True
11,2001.0,S_iu_long,1.194745613781611,1.268348402126966,True
11,2001.0,S_scrap,0.8212398226247186,1.181560298322196,True
11,2002.0,S_conc,0.8658957990107371,1.6178315326526425,True
11,2002.0,S_ref,0.5264910271320944,1.4826183671163364,True
11,2002.0,S_iu_short,0.529583171123893,1.0372400908497983,True
11,2002.0,S_iu_med,0.5602223712200939,1.2032748474109447,True
11,2002.0,S_iu_long,1.2738764651906984,1.3479478707908494,True
11,2002.0,S_scrap,0.8186969574610025,1.1849537939037242,True
11,2003.0,S_conc,0.4761343151858943,2.6970018324671474,True
11,2003.0,S_ref,0.3225548720652383,2.507666195497278,True
11,2003.0,S_iu_short,0.5218032709534898,1.04000050808228,True
11,2003.0,S_iu_med,0.5565607292996184,1.1922179086906086,True
11,2003.0,S_iu_long,1.2551002269613363,1.3238634543380308,True
11,2003.0,S_scrap,0.8094036519650076,1.1813478617214628,True
11,2004.0,S_conc,0.7671570056606881,1.969745017628453,True
11,2004.0,S_ref,0.43411932454404106,1.8009772100573183,True
11,2004.0,S_iu_short,0.5102749815216354,1.0441515789379878,True
11,2004.0,S_iu_med,0.5696429832845998,1.1179648993642606,True
11,2004.0,S_iu_long,1.3236521333665414,1.4036533342375979,True
11,2004.0,S_scrap,0.8479664373215203,1.1852371481221122,True
11,2005.0,S_conc,0.8793854156735746,1.6646113341735533,True
11,2005.0,S_ref,0.5081530235204323,1.5269245443969794,True
11,2005.0,S_iu_short,0.5161167537818799,1.0497399607543112,True
11,2005.0,S_iu_med,0.5687530384459618,1.1462452311516453,True
11,2005.0,S_iu_long,1.3188569176149272,1.3666814196369255,True
11,2005.0,S_scrap,0.8571739359799055,1.1720811198652983,True
11,2006.0,S_conc,0.8412966615414372,1.2754524068891604,True
11,2006.0,S_ref,0.7055420644669511,1.2067704738035867,True
11,2006.0,S_iu_short,0.5310664000350248,1.0581380958159776,True
11,2006.0,S_iu_med,0.5544666946537977,1.2130342098617346,True
11,2006.0,S_iu_long,1.2445011136102353,1.2810071048580915,True
11,2006.0,S_scrap,0.8805347108965078,1.1549490363294792,True
11,2007.0,S_conc,0.7799615044985508,1.40141277079391,True
11,2007.0,S_ref,0.6329505059853683,1.3002785933836842,True
11,2007.0,S_iu_short,0.5339013650964913,1.0389357422991987,True
11,2007.0,S_iu_med,0.591399057517432,1.161778814522958,True
11,2007.0,S_iu_long,1.4473756568553748,1.4689159411763129,True
11,2007.0,S_scrap,0.91924163328184,1.190901585625834,True
11,2008.0,S_conc,0.4288676308669092,3.120748792048433,True
11,2008.0,S_ref,0.30014510903764446,2.861040514667991,True
11,2008.0,S_iu_short,0.5086723299113006,1.0447156958956292,True
11,2008.0,S_iu_med,0.63915949362911,1.0833812609940048,True
11,2008.0,S_iu_long,1.771307495539732,1.7082121542522586,True
11,2008.0,S_scrap,0.9093138693744339,1.2719855610185986,True
11,2009.0,S_conc,0.1255101891108097,8.894253159038465,True
11,2009.0,S_ref,0.11151404076578543,8.658244661398047,True
11,2009.0,S_iu_short,0.5318760262229845,1.0373778053465144,True
11,2009.0,S_iu_med,0.6009348365440196,1.1426088596287176,True
11,2009.0,S_iu_long,1.5058564153779028,1.5240966169845924,True
11,2009.0,S_scrap,0.8801485334295979,1.221245664372526,True
11,2010.0,S_conc,0.698590591134726,2.1509722579579664,True
11,2010.0,S_ref,0.41127661649652714,1.9499512683401725,True
11,2010.0,S_iu_short,0.51038785758712,1.0308135461435552,True
11,2010.0,S_iu_med,0.592001215049443,1.0821414964332938,True
11,2010.0,S_iu_long,1.4509876913510518,1.5384072455678088,True
11,2010.0,S_scrap,0.8997582102526216,1.2131663679078093,True
11,2011.0,S_conc,0.31263225179392523,3.972609132160601,True
11,2011.0,S_ref,0.2381720023766462,3.71599940788752,True
11,2011.0,S_iu_short,0.5089397479999648,1.0340072067637407,True
11,2011.0,S_iu_med,0.6085985292531104,1.0745444440803624,True
11,2011.0,S_iu_long,1.5549214163445932,1.6039613039456242,True
11,2011.0,S_scrap,0.899366935288723,1.2345528605943366,True
11,2012.0,S_conc,0.17282350083995096,6.689584331031303,True
11,2012.0,S_ref,0.14735678532718563,6.4323165211418205,True
11,2012.0,S_iu_short,0.5116874942389692,1.0329831393488649,True
11,2012.0,S_iu_med,0.603514816150617,1.0829705229728908,True
11,2012.0,S_iu_long,1.522162342338322,1.5744932289956544,True
11,2012.0,S_scrap,0.8916909225763463,1.2290190056353048,True
11,2013.0,S_conc,0.3342683006644021,3.6925010887821372,True
11,2013.0,S_ref,0.25052555059424886,3.457334197844171,True
11,2013.0,S_iu_short,0.5104676593757833,1.0338751709920582,True
11,2013.0,S_iu_med,0.5996486664641114,1.0819458467566228,True
11,2013.0,S_iu_long,1.4978060923839966,1.551036986116185,True
11,2013.0,S_scrap,0.8959530800030765,1.2203583893319379,True
11,2014.0,S_conc,0.43720401202087905,2.9472528514502363,True
11,2014.0,S_ref,0.3042045585484544,2.7313119922684046,True
11,2014.0,S_iu_short,0.5112048413198548,1.0374852516770932,True
11,2014.0,S_iu_med,0.6007960008058124,1.0882780717133533,True
11,2014.0,S_iu_long,1.504984925047214,1.5331297159981094,True
11,2014.0,S_scrap,0.8946391329554734,1.2100239811966178,True
11,2015.0,S_conc,0.19326559469393595,5.976297709894314,True
11,2015.0,S_ref,0.16196360269945367,5.733723760856099,True
11,2015.0,S_iu_short,0.5154716451281081,1.034449344421698,True
11,2015.0,S_iu_med,0.6053883932204429,1.0943482348042153,True
11,2015.0,S_iu_long,1.5341373208990086,1.558729095543502,True
11,2015.0,S_scrap,0.8920841635839636,1.2245851180102847,True
11,2016.0,S_conc,0.16248806787552472,7.007762667488239,True
11,2016.0,S_ref,0.13977611673251464,6.76597641141637,True
11,2016.0,S_iu_short,0.515020696414716,1.034826161362452,True
11,2016.0,S_iu_med,0.6022073502954556,1.094970650943885,True
11,2016.0,S_iu_long,1.5138724929752667,1.5386056743016578,True
11,2016.0,S_scrap,0.8857296323745193,1.2137332006476074,True
11,2017.0,S_conc,0.6385280615324034,2.2058474321769017,True
11,2017.0,S_ref,0.38969614040984546,2.0263046467152455,True
11,2017.0,S_iu_short,0.5134459820599013,1.0405326049733359,True
11,2017.0,S_iu_med,0.5911473656950325,1.1028675945630302,True
11,2017.0,S_iu_long,1.445869039586741,1.4660816940318309,True
11,2017.0,S_scrap,0.8977618426259677,1.1877630671640085,True
11,2018.0,S_conc,0.5932549362082785,2.3221567606057643,True
11,2018.0,S_ref,0.3723540550391398,2.1363708627132363,True
11,2018.0,S_iu_short,0.5140035529647216,1.0429948719966964,True
11,2018.0,S_iu_med,0.6034984641665663,1.101637262725158,True
11,2018.0,S_iu_long,1.522058326704918,1.5042839924967049,True
11,2018.0,S_scrap,0.902348508682272,1.1959321337926179,True
11,2019.0,S_conc,0.6778567893791891,2.1612353932000414,True
11,2019.0,S_ref,0.4040015772919438,1.9706758088661191,True
11,2019.0,S_iu_short,0.515837007313034,1.033573935821149,True
11,2019.0,S_iu_med,0.6045451460299206,1.0943236776409149,True
11,2019.0,S_iu_long,1.5287336593816632,1.5474447415868209,True
11,2019.0,S_scrap,0.9118854629624442,1.216265100274595,True
12,1980.0,S_conc,0.86533112974063,1.416680362280887,True
12,1980.0,S_ref,0.6166626395184666,1.3131216782127142,True
12,1980.0,S_iu_short,0.5010861951617632,1.0617282986975771,True
12,1980.0,S_iu_med,0.5661598589199462,1.0911961741974672,True
12,1980.0,S_iu_long,1.3049964844435094,1.4128559851385711,True
12,1980.0,S_scrap,0.6917270557465767,1.1922251596697186,True
12,1981.0,S_conc,0.8993679331417036,1.6874772568449798,True
12,1981.0,S_ref,0.4916797950908488,1.5546149466803476,True
12,1981.0,S_iu_short,0.5060935835422683,1.0804794936654767,True
12,1981.0,S_iu_med,0.5511980596410297,1.166059507739667,True
12,1981.0,S_iu_long,1.2281543595826674,1.2677687834564757,True
12,1981.0,S_scrap,0.669460731459118,1.169328811457588,True
12,1982.0,S_conc,0.8808414139258727,1.738434599463368,True
12,1982.0,S_ref,0.4880127862328321,1.5889114744567936,True
12,1982.0,S_iu_short,0.5163229167080169,1.0337527167287646,True
12,1982.0,S_iu_med,0.5617873699542666,1.1576976955493299,True
12,1982.0,S_iu_long,1.2819972119371283,1.3877667345260236,True
12,1982.0,S_scrap,0.6791730758051572,1.186245677123943,True
12,1983.0,S_conc,0.8689037508548731,1.4721044454380825,True
12,1983.0,S_ref,0.5950823917463807,1.3553344435141828,True
12,1983.0,S_iu_short,0.5056342149699752,1.0414078287037092,True
12,1983.0,S_iu_med,0.5700896665008386,1.0948554336407705,True
12,1983.0,S_iu_long,1.3260664424153705,1.4499744287222007,True
12,1983.0,S_scrap,0.7041166444243344,1.1937169281777393,True
12,1984.0,S_conc,0.8894675569485693,1.4397233090980308,True
12,1984.0,S_ref,0.592451287049436,1.335425012773636,True
12,1984.0,S_iu_short,0.5062364378172318,1.0674087005045894,True
12,1984.0,S_iu_med,0.5584182801901862,1.1418364021539273,True
12,1984.0,S_iu_long,1.2645864969924323,1.3248721940007089,True
12,1984.0,S_scrap,0.6634927888871042,1.1642148763197007,True
12,1985.0,S_conc,0.9054034580474708,1.5572870286503064,True
12,1985.0,S_ref,0.5546494892888033,1.4260680401791268,True
12,1985.0,S_iu_short,0.5178315273633838,1.0306994084236458,True
12,1985.0,S_iu_med,0.5631130337805278,1.1571967741345073,True
12,1985.0,S_iu_long,1.2889215685542912,1.4159404200422245,True
12,1985.0,S_scrap,0.599999874339449,1.1898495895213124,True
12,1986.0,S_conc,0.9311057036685093,1.4762938486774135,True
12,1986.0,S_ref,0.5913522341490678,1.3581961785811114,True
12,1986.0,S_iu_short,0.5080868611046623,1.0485186578075307,True
12,1986.0,S_iu_med,0.5651649526379788,1.1321112380396345,True
12,1986.0,S_iu_long,1.2997226329078573,1.4340373186624926,True
12,1986.0,S_scrap,0.44419414592319767,1.1683872275019966,True
12,1987.0,S_conc,0.9005681195982098,1.324891853089256,True
12,1987.0,S_ref,0.6771161609707461,1.2431118487112989,True
12,1987.0,S_iu_short,0.5072083838014165,1.0437475122945783,True
12,1987.0,S_iu_med,0.557563259760303,1.135826587638546,True
12,1987.0,S_iu_long,1.2602101250864346,1.3733241641512344,True
12,1987.0,S_scrap,0.6127811610967043,1.1852191627679984,True
12,1988.0,S_conc,0.8717726051929506,1.3564840283110862,True
12,1988.0,S_ref,0.6453103327964199,1.268244169942227,True
12,1988.0,S_iu_short,0.5050068070964301,1.060196388887624,True
12,1988.0,S_iu_med,0.5564932540092198,1.1296602507550935,True
12,1988.0,S_iu_long,1.2547571351277444,1.3320045148482795,True
12,1988.0,S_scrap,0.7199501774626162,1.179063944505393,True
12,1989.0,S_conc,0.8299070206516461,1.3126918589545609,True
12,1989.0,S_ref,0.6612880716593308,1.236282938477525,True
12,1989.0,S_iu_short,0.5015789178101879,1.1432432314820593,True
12,1989.0,S_iu_med,0.5417579659811561,1.180680358251481,True
12,1989.0,S_iu_long,1.182252883328634,1.1520105114437553,True
12,1989.0,S_scrap,0.796100664083436,1.1662457598560432,True
12,1990.0,S_conc,0.8367836230248225,1.3116458296929427,True
12,1990.0,S_ref,0.6675555242407484,1.2350659756814646,True
12,1990.0,S_iu_short,0.5193432487398361,1.0621135217176292,True
12,1990.0,S_iu_med,0.5493725492753184,1.2065994543244294,True
12,1990.0,S_iu_long,1.2191280144869974,1.2615627528653832,True
12,1990.0,S_scrap,0.7581547158299868,1.1632573030525017,True
12,1991.0,S_conc,0.861613310616305,1.3571537462488095,True
12,1991.0,S_ref,0.6440956699706882,1.2681687035260165,True
12,1991.0,S_iu_short,0.5224346980498474,1.041136450574999,True
12,1991.0,S_iu_med,0.5560223415182725,1.1930313632259615,True
12,1991.0,S_iu_long,1.2523655884390774,1.3254446937084219,True
12,1991.0,S_scrap,0.6928975008812855,1.16741817358309,True
12,1992.0,S_conc,0.8215250603989355,1.5499458402833084,True
12,1992.0,S_ref,0.5425425827301792,1.4295022922907845,True
12,1992.0,S_iu_short,0.52087309764144,1.0467734082812248,True
12,1992.0,S_iu_med,0.5582557946332065,1.1827055311480028,True
12,1992.0,S_iu_long,1.263753520365185,1.3221319835652081,True
12,1992.0,S_scrap,0.7573595508971599,1.1678336091061374,True
12,1993.0,S_conc,0.5633105587915559,2.3552972246245827,True
12,1993.0,S_ref,0.36033183274025654,2.178573117778728,True
12,1993.0,S_iu_short,0.5125961152413026,1.042763912245911,True
12,1993.0,S_iu_med,0.5627857461732838,1.1412353043571477,True
12,1993.0,S_iu_long,1.287208139367607,1.3644540376002483,True
12,1993.0,S_scrap,0.761670794713285,1.1834064370137933,True
12,1994.0,S_conc,0.4800450038398526,2.6519078473193978,True
12,1994.0,S_ref,0.32434486964546083,2.4652277381146788,True
12,1994.0,S_iu_short,0.5135475464869095,1.039121461716101,True
12,1994.0,S_iu_med,0.560391484677657,1.1497508057276662,True
12,1994.0,S_iu_long,1.2747512050960836,1.355909158415822,True
12,1994.0,S_scrap,0.7820547286823044,1.1856733591637834,True
12,1995.0,S_conc,0.8168872709160325,1.8231248160175948,True
12,1995.0,S_ref,0.45283143813852794,1.6820452981227916,True
12,1995.0,S_iu_short,0.5116244195380982,1.0772889659145155,True
12,1995.0,S_iu_med,0.5462898802345214,1.1967335229391862,True
12,1995.0,S_iu_long,1.2040504640207212,1.2185524831543242,True
12,1995.0,S_scrap,0.8145355037592215,1.1711416812848061,True
12,1996.0,S_conc,0.8101922511732426,1.5927303010838314,True
12,1996.0,S_ref,0.521159906242308,1.4710375091338717,True
12,1996.0,S_iu_short,0.5196744985011488,1.0646950571543987,True
12,1996.0,S_iu_med,0.5444631161274852,1.221496255847979,True
12,1996.0,S_iu_long,1.1952119255393971,1.2217057945059981,True
12,1996.0,S_scrap,0.8255915788468544,1.1707800860077986,True
12,1997.0,S_conc,0.832503049363517,1.4241180550213712,True
12,1997.0,S_ref,0.595925359442791,1.324688393823543,True
12,1997.0,S_iu_short,0.5223078999553864,1.0602971031012571,True
12,1997.0,S_iu_med,0.5444265881638211,1.2260388369679036,True
12,1997.0,S_iu_long,1.1950359130255674,1.2269225625139157,True
12,1997.0,S_scrap,0.8212982867236648,1.1647174810374539,True
12,1998.0,S_conc,0.8751872927367091,1.3980795495658362,True
12,1998.0,S_ref,0.6147474841437625,1.3018267568549164,True
12,1998.0,S_iu_short,0.5217504959968002,1.0465968914770034,True
12,1998.0,S_iu_med,0.549899368382893,1.2089858449228863,True
12,1998.0,S_iu_long,1.2217253870700697,1.2703953999203899,True
12,1998.0,S_scrap,0.788549518797048,1.1652679419964278,True
12,1999.0,S_conc,0.8727427598740831,1.3114991567595389,True
12,1999.0,S_ref,0.688916148656939,1.2341336489539048,True
12,1999.0,S_iu_short,0.5322501204129656,1.0300628723039436,True
12,1999.0,S_iu_med,0.537695009743169,1.3022186360837855,True
12,1999.0,S_iu_long,1.163074206584825,1.2192127791598995,True
12,1999.0,S_scrap,0.8063889110821363,1.1896031560161489,True
12,2000.0,S_conc,0.8200765952438613,1.2689060165875452,True
12,2000.0,S_ref,0.7288854415282783,1.202932286465131,True
12,2000.0,S_iu_short,0.5356670039217986,1.0328160464502645,True
12,2000.0,S_iu_med,0.5432997278087337,1.2758249984878471,True
12,2000.0,S_iu_long,1.1896198905289888,1.2589172468053937,True
12,2000.0,S_scrap,0.8621902349555645,1.1888171004370867,True
12,2001.0,S_conc,0.8657425825795588,1.391229019199463,True
12,2001.0,S_ref,0.6375130331726977,1.290041743044312,True
12,2001.0,S_iu_short,0.5404051828792806,1.0339949002496138,True
12,2001.0,S_iu_med,0.5504759876661669,1.2580872997023569,True
12,2001.0,S_iu_long,1.2245752675329014,1.3124434699235425,True
12,2001.0,S_scrap,0.8097231044132768,1.1914320702943846,True
12,2002.0,S_conc,0.8647412137146132,1.611611094094312,True
12,2002.0,S_ref,0.5372036319425093,1.4707614677704328,True
12,2002.0,S_iu_short,0.5372258586411537,1.0299672770643404,True
12,2002.0,S_iu_med,0.5599760899181686,1.225173396452467,True
12,2002.0,S_iu_long,1.2726037769493699,1.3694100505312103,True
12,2002.0,S_scrap,0.8182384875983977,1.1984858293939988,True
12,2003.0,S_conc,0.5178646131426808,2.5831443565362306,True
12,2003.0,S_ref,0.3411797130380831,2.3789056211157606,True
12,2003.0,S_iu_short,0.5357750819670237,1.0266910455508307,True
12,2003.0,S_iu_med,0.5557923202076888,1.2364886067590697,True
12,2003.0,S_iu_long,1.25119925992173,1.3529196635872596,True
12,2003.0,S_scrap,0.8147557007625885,1.2031349308323023,True
12,2004.0,S_conc,0.7156174898220845,2.052567676824411,True
12,2004.0,S_ref,0.4171194885034056,1.8796958119450327,True
12,2004.0,S_iu_short,0.5341688289043937,1.0374305649676856,True
12,2004.0,S_iu_med,0.5565459464878553,1.2244076979290917,True
12,2004.0,S_iu_long,1.255025051817715,1.3258943793407323,True
12,2004.0,S_scrap,0.8657023814627963,1.180377006168367,True
12,2005.0,S_conc,0.8736356184540498,1.7044424249702432,True
12,2005.0,S_ref,0.4995955128273171,1.5586784387627277,True
12,2005.0,S_iu_short,0.5431414495387898,1.0444999667013946,True
12,2005.0,S_iu_med,0.5451094265709789,1.2691685288593908,True
12,2005.0,S_iu_long,1.1983308918931361,1.2707753749713964,True
12,2005.0,S_scrap,0.8528804562141883,1.1786333485850258,True
12,2006.0,S_conc,0.8360493189679352,1.3276235377398302,True
12,2006.0,S_ref,0.6548611253906395,1.2464061781569031,True
12,2006.0,S_iu_short,0.5183904389914261,1.0737004630061828,True
12,2006.0,S_iu_med,0.554453146189048,1.1843792083621107,True
12,2006.0,S_iu_long,1.2444328614298903,1.2608679830185698,True
12,2006.0,S_scrap,0.8926767424869603,1.159400726014483,True
12,2007.0,S_conc,0.820640503289737,1.1985302681037424,True
12,2007.0,S_ref,0.7707348494102589,1.1536139522056357,True
12,2007.0,S_iu_short,0.5003594333372093,1.1323040592396054,True
12,2007.0,S_iu_med,0.5532634711393971,1.1447348458589492,True
12,2007.0,S_iu_long,1.2384558579762663,1.2084723508259847,True
12,2007.0,S_scrap,0.89679769495316,1.1599644895990993,True
12,2008.0,S_conc,0.7551035625251201,1.3177780745154573,True
12,2008.0,S_ref,0.6602403164879556,1.2374913479405345,True
12,2008.0,S_iu_short,0.5275585332326604,1.0570285925207348,True
12,2008.0,S_iu_med,0.5670688521372231,1.1823730027224761,True
12,2008.0,S_iu_long,1.3098361135174386,1.330343618315401,True
12,2008.0,S_scrap,0.8854035221097785,1.1805536886433747,True
12,2009.0,S_conc,0.8008317508885572,1.6201254047259663,True
12,2009.0,S_ref,0.5225759633702765,1.4876859216490501,True
12,2009.0,S_iu_short,0.5212071467241283,1.0418989254499025,True
12,2009.0,S_iu_med,0.5810149290419295,1.1404773109596558,True
12,2009.0,S_iu_long,1.386719884107933,1.425817324708678,True
12,2009.0,S_scrap,0.8606682267198174,1.1920459895589535,True
12,2010.0,S_conc,0.8034063109727021,1.333901520938362,True
12,2010.0,S_ref,0.6458183602526577,1.2518362068078641,True
12,2010.0,S_iu_short,0.499956661368682,1.1095458344526583,True
12,2010.0,S_iu_med,0.5622015991910312,1.1207891508831407,True
12,2010.0,S_iu_long,1.2841563563324783,1.2655813753674972,True
12,2010.0,S_scrap,0.8868027665089512,1.161002250685831,True
12,2011.0,S_conc,0.7795543271153562,1.4966330237258711,True
12,2011.0,S_ref,0.5582789056282683,1.387320041341487,True
12,2011.0,S_iu_short,0.5092329668143051,1.07490250875382,True
12,2011.0,S_iu_med,0.5680801026765858,1.1331765077340779,True
12,2011.0,S_iu_long,1.3152441140057438,1.3183216649571357,True
12,2011.0,S_scrap,0.8836189046931943,1.1727295481416238,True
12,2012.0,S_conc,0.7993714740297919,1.6705508747896731,True
12,2012.0,S_ref,0.4942524214039652,1.5440820588889508,True
12,2012.0,S_iu_short,0.50992429145804,1.079765425172935,True
12,2012.0,S_iu_med,0.5652527697764915,1.1416982506373987,True
12,2012.0,S_iu_long,1.300187167347538,1.2994509077985887,True
12,2012.0,S_scrap,0.8784646588373742,1.168686967348756,True
12,2013.0,S_conc,0.8234748603050526,1.4781232871430356,True
12,2013.0,S_ref,0.5635827284028223,1.3731629220981139,True
12,2013.0,S_iu_short,0.5118119131366223,1.0909724365521178,True
12,2013.0,S_iu_med,0.5571435805005357,1.1614931249660065,True
12,2013.0,S_iu_long,1.2580682044312321,1.2503220173722691,True
12,2013.0,S_scrap,0.875883459049347,1.1569693398623926,True
12,2014.0,S_conc,0.8382147069787907,1.322931721764968,True
12,2014.0,S_ref,0.6492508549189958,1.243534377321245,True
12,2014.0,S_iu_short,0.5135969480769241,1.0880450114302977,True
12,2014.0,S_iu_med,0.5551480125640228,1.167798780033554,True
12,2014.0,S_iu_long,1.2479387037557506,1.2431297091203706,True
12,2014.0,S_scrap,0.8633587231511859,1.152800049631928,True
12,2015.0,S_conc,0.8424111346333228,1.2840360348617241,True
12,2015.0,S_ref,0.6856705705367987,1.2131149149361804,True
12,2015.0,S_iu_short,0.5105853477208897,1.0680982785846256,True
12,2015.0,S_iu_med,0.5715849028130024,1.130644214913511,True
12,2015.0,S_iu_long,1.3341847814562733,1.333767440378575,True
12,2015.0,S_scrap,0.8549477338724383,1.157668759606127,True
12,2016.0,S_conc,0.8517495124534655,1.340757868164478,True
12,2016.0,S_ref,0.6533668853108631,1.2549679261952535,True
12,2016.0,S_iu_short,0.5185014685576851,1.0430571182868573,True
12,2016.0,S_iu_med,0.5747919470787354,1.1365610617197166,True
12,2016.0,S_iu_long,1.3517898899839722,1.3845718914477068,True
12,2016.0,S_scrap,0.8448926302994915,1.1706572194845903,True
12,2017.0,S_conc,0.8590743190279118,1.257482630493271,True
12,2017.0,S_ref,0.7071908798414658,1.1938708402522673,True
12,2017.0,S_iu_short,0.5166136984191545,1.0617494443398676,True
12,2017.0,S_iu_med,0.5595785058266319,1.1610716946864592,True
12,2017.0,S_iu_long,1.2705522169777634,1.284348476104253,True
12,2017.0,S_scrap,0.853830970689608,1.1545795419571194,True
12,2018.0,S_conc,0.8611327562023949,1.2490379746912716,True
12,2018.0,S_ref,0.714706883339739,1.1875536468658852,True
12,2018.0,S_iu_short,0.5272130640746593,1.0592005395196777,True
12,2018.0,S_iu_med,0.5529678612926912,1.1987264396008126,True
12,2018.0,S_iu_long,1.2369756297426817,1.258740643998496,True
12,2018.0,S_scrap,0.856671617208308,1.155030254492561,True
12,2019.0,S_conc,0.8415283444549803,1.214302723491565,True
12,2019.0,S_ref,0.7474008176973734,1.163932673525771,True
12,2019.0,S_iu_short,0.508968557423369,1.0792262922365934,True
12,2019.0,S_iu_med,0.5649560854725055,1.1351848798031787,True
12,2019.0,S_iu_long,1.2986185224222937,1.2863191726647067,True
12,2019.0,S_scrap,0.8798928926446404,1.152455690601247,True
13,1980.0,S_conc,0.8442928868830922,1.5621294803715882,True
13,1980.0,S_ref,0.5656718271915266,1.4243318113005379,True
13,1980.0,S_iu_short,0.5136388732000985,1.0191667971765122,True
13,1980.0,S_iu_med,0.5691896944179968,1.1159695963707028,True
13,1980.0,S_iu_long,1.3212072391096819,1.5065933030115,True
13,1980.0,S_scrap,0.7055839250343889,1.2328058756582545,True
13,1981.0,S_conc,0.8989249463033033,1.6599446645806253,True
13,1981.0,S_ref,0.5314006682859734,1.5039946823214192,True
13,1981.0,S_iu_short,0.5174009039292222,1.0234492979801073,True
13,1981.0,S_iu_med,0.5760293648984013,1.1149844602484735,True
13,1981.0,S_iu_long,1.3586539189450317,1.5334912757395354,True
13,1981.0,S_scrap,0.6537320012943767,1.2304564052947735,True
13,1982.0,S_conc,0.8774727096927629,1.6705870733931516,True
13,1982.0,S_ref,0.5305594146234959,1.5113251428135694,True
13,1982.0,S_iu_short,0.5159993736731515,1.026325755481376,True
13,1982.0,S_iu_med,0.5844970757472329,1.0986398655735798,True
13,1982.0,S_iu_long,1.406721930533658,1.566182476341573,True
13,1982.0,S_scrap,0.6830431087882715,1.232893085377583,True
13,1983.0,S_conc,0.8526057234751442,1.5211671808303633,True
13,1983.0,S_ref,0.5714940519138874,1.395900087401072,True
13,1983.0,S_iu_short,0.5234461881925135,1.0221477672590822,True
13,1983.0,S_iu_med,0.5591692817419769,1.1889871919953432,True
13,1983.0,S_iu_long,1.2684444585703505,1.390211602629567,True
13,1983.0,S_scrap,0.732817391347166,1.2026576743431945,True
13,1984.0,S_conc,0.8898118216784164,1.5009651321609174,True
13,1984.0,S_ref,0.5808349860541782,1.3782729898843884,True
13,1984.0,S_iu_short,0.5330320803528071,1.0290316213717057,True
13,1984.0,S_iu_med,0.5503286482145382,1.249545951696775,True
13,1984.0,S_iu_long,1.2238463625254472,1.3342958972529813,True
13,1984.0,S_scrap,0.6560167892777928,1.1977193070334136,True
13,1985.0,S_conc,0.9066632756622077,1.5961623985350033,True
13,1985.0,S_ref,0.5402906022652174,1.4586511890957643,True
13,1985.0,S_iu_short,0.517941033020711,1.028986386569673,True
13,1985.0,S_iu_med,0.5625831272723765,1.1589194451964242,True
13,1985.0,S_iu_long,1.2861486658350583,1.4222903042197501,True
13,1985.0,S_scrap,0.589331703420084,1.1969465030806634,True
13,1986.0,S_conc,0.9345156072687586,1.4364563426110293,True
13,1986.0,S_ref,0.6029507948883103,1.3287245675322026,True
13,1986.0,S_iu_short,0.5179455886844487,1.0508926531963865,True
13,1986.0,S_iu_med,0.5437477903451514,1.2522166582081702,True
13,1986.0,S_iu_long,1.1917702070012826,1.2910716135235158,True
13,1986.0,S_scrap,0.4105660818082799,1.1746401886152575,True
13,1987.0,S_conc,0.907352714798625,1.3326569830206823,True
13,1987.0,S_ref,0.6692586220420934,1.2482889453559498,True
13,1987.0,S_iu_short,0.5157644783660151,1.039957483072899,True
13,1987.0,S_iu_med,0.5416620809151049,1.2700723474387232,True
13,1987.0,S_iu_long,1.1817963523432067,1.23395338440951,True
13,1987.0,S_scrap,0.5846320161528182,1.1916639940447202,True
13,1988.0,S_conc,0.8703714776704806,1.3734342917270508,True
13,1988.0,S_ref,0.6489094310803958,1.27821997654591,True
13,1988.0,S_iu_short,0.5234027392924641,1.0380178593703298,True
13,1988.0,S_iu_med,0.5325563865832627,1.353504710049916,True
13,1988.0,S_iu_long,1.1392954600247702,1.1537153126434425,True
13,1988.0,S_scrap,0.7252462672134694,1.2008039205129388,True
13,1989.0,S_conc,0.8400636415357633,1.3601677072538978,True
13,1989.0,S_ref,0.6557633910162594,1.2692957330610315,True
13,1989.0,S_iu_short,0.5315448955464853,1.0308122733518377,True
13,1989.0,S_iu_med,0.5332051234322911,1.3402420011393565,True
13,1989.0,S_iu_long,1.1422685856213532,1.1890372248189935,True
13,1989.0,S_scrap,0.7740155909038794,1.2028022358905688,True
13,1990.0,S_conc,0.849364342838339,1.3504152128214135,True
13,1990.0,S_ref,0.6603191597283172,1.262051792733312,True
13,1990.0,S_iu_short,0.5343789684246097,1.0323241536134165,True
13,1990.0,S_iu_med,0.5522398860899232,1.2406229081908877,True
13,1990.0,S_iu_long,1.233338720743735,1.327110317073545,True
13,1990.0,S_scrap,0.7345851314144671,1.1879832437835276,True
13,1991.0,S_conc,0.8580498381284982,1.3584515369722567,True
13,1991.0,S_ref,0.6511416650495638,1.2681979810634534,True
13,1991.0,S_iu_short,0.5229813721423003,1.0304965930546157,True
13,1991.0,S_iu_med,0.561104343159281,1.1785428474464168,True
13,1991.0,S_iu_long,1.2784458775424004,1.3772686505278005,True
13,1991.0,S_scrap,0.6985617795798801,1.1859267575825918,True
13,1992.0,S_conc,0.8231175062247018,1.5763707223776673,True
13,1992.0,S_ref,0.541377075604841,1.4463747003588514,True
13,1992.0,S_iu_short,0.5311959299542887,1.0300210066724909,True
13,1992.0,S_iu_med,0.5507213979670919,1.2381784024242912,True
13,1992.0,S_iu_long,1.2257904014906842,1.3116673734461821,True
13,1992.0,S_scrap,0.7514605333315681,1.1886835344837465,True
13,1993.0,S_conc,0.5568397786319109,2.394492771398393,True
13,1993.0,S_ref,0.3576731441955059,2.20909767941529,True
13,1993.0,S_iu_short,0.5207581171704716,1.030336914203303,True
13,1993.0,S_iu_med,0.5674258694417922,1.1542052591619445,True
13,1993.0,S_iu_long,1.3117424953488719,1.4077967387446733,True
13,1993.0,S_scrap,0.7481960956256013,1.1961663352483713,True
13,1994.0,S_conc,0.4864719499795797,2.632764409455075,True
13,1994.0,S_ref,0.3272661485379947,2.4441050010349112,True
13,1994.0,S_iu_short,0.5218701816554441,1.030032155533384,True
13,1994.0,S_iu_med,0.552861940308883,1.2061364555101979,True
13,1994.0,S_iu_long,1.236445720345971,1.3149296646860753,True
13,1994.0,S_scrap,0.7892371076315594,1.1900491677405356,True
13,1995.0,S_conc,0.7951971466491874,1.899538885711802,True
13,1995.0,S_ref,0.4429581164015646,1.7420646794162455,True
13,1995.0,S_iu_short,0.5233635055061517,1.0312774045583142,True
13,1995.0,S_iu_med,0.5494031269213493,1.2265851702571877,True
13,1995.0,S_iu_long,1.2192786052144933,1.288694919154815,True
13,1995.0,S_scrap,0.8134791533632741,1.1901857490475793,True
13,1996.0,S_conc,0.8132226393722322,1.600766854879801,True
13,1996.0,S_ref,0.5343265418624231,1.4666571948218576,True
13,1996.0,S_iu_short,0.519193304143587,1.0243108419003533,True
13,1996.0,S_iu_med,0.5687666435565499,1.1427123389268714,True
13,1996.0,S_iu_long,1.3189300759277776,1.4312456332353738,True
13,1996.0,S_scrap,0.8163934517980127,1.2106514399892638,True
13,1997.0,S_conc,0.8269546959911829,1.5080924022021251,True
13,1997.0,S_ref,0.5689532994909046,1.3890792821627844,True
13,1997.0,S_iu_short,0.5345541752225756,1.0285737450310666,True
13,1997.0,S_iu_med,0.544247740577324,1.2733370076271264,True
13,1997.0,S_iu_long,1.194174530844344,1.2683492677640025,True
13,1997.0,S_scrap,0.8267416804219482,1.197818027622857,True
13,1998.0,S_conc,0.8838492409268419,1.4192764296938665,True
13,1998.0,S_ref,0.6094975966864549,1.3168148941908495,True
13,1998.0,S_iu_short,0.5256141744211223,1.0319892408457152,True
13,1998.0,S_iu_med,0.5574041104868854,1.196364198233759,True
13,1998.0,S_iu_long,1.2593973954436577,1.3384974466417472,True
13,1998.0,S_scrap,0.7729651205809196,1.181846462170695,True
13,1999.0,S_conc,0.8647344660755945,1.28661722445401,True
13,1999.0,S_ref,0.7024438748443315,1.2170788518311157,True
13,1999.0,S_iu_short,0.5255269973042807,1.0318938003011218,True
13,1999.0,S_iu_med,0.5554656209835497,1.2029270867346422,True
13,1999.0,S_iu_long,1.249544798340545,1.3230819161122729,True
13,1999.0,S_scrap,0.8151738630558306,1.1784640133415065,True
13,2000.0,S_conc,0.8248319395884383,1.263561892671549,True
13,2000.0,S_ref,0.7394313966947902,1.2001047650017624,True
13,2000.0,S_iu_short,0.5350792480259495,1.0296061020965137,True
13,2000.0,S_iu_med,0.5562994456204716,1.2289592454143246,True
13,2000.0,S_iu_long,1.2537722572792405,1.3381454621519617,True
13,2000.0,S_scrap,0.8605917748391826,1.187844499510255,True
13,2001.0,S_conc,0.8525068816039936,1.3877889720155359,True
13,2001.0,S_ref,0.6425017870850169,1.2873972354045857,True
13,2001.0,S_iu_short,0.5278109284554234,1.0312916848965648,True
13,2001.0,S_iu_med,0.574629650274998,1.1646069110387902,True
13,2001.0,S_iu_long,1.3508925825377598,1.4380655243837648,True
13,2001.0,S_scrap,0.820183878978717,1.1969013000938495,True
13,2002.0,S_conc,0.8722980585621922,1.727615066056946,True
13,2002.0,S_ref,0.5119637313078472,1.5607242709944844,True
13,2002.0,S_iu_short,0.51804518705481,1.027905254620611,True
13,2002.0,S_iu_med,0.5914952888000508,1.104734498640374,True
13,2002.0,S_iu_long,1.447952184107208,1.5577662863629647,True
13,2002.0,S_scrap,0.8149395051648863,1.2256117180160793,True
13,2003.0,S_conc,0.47832413660629897,2.7936079565792893,True
13,2003.0,S_ref,0.3235583623117724,2.5653143531971354,True
13,2003.0,S_iu_short,0.5158540436271258,1.027886969021798,True
13,2003.0,S_iu_med,0.586951104944687,1.1030100980112836,True
13,2003.0,S_iu_long,1.4210208814772067,1.5371243848413907,True
13,2003.0,S_scrap,0.8032232860543914,1.218171415825322,True
13,2004.0,S_conc,0.8184673836336783,1.9299682333609307,True
13,2004.0,S_ref,0.4500863699838318,1.7528665249992639,True
13,2004.0,S_iu_short,0.5272466303133344,1.0267224214090203,True
13,2004.0,S_iu_med,0.5763887972095196,1.1570360846888408,True
13,2004.0,S_iu_long,1.3606552268038188,1.4595451056799043,True
13,2004.0,S_scrap,0.855514009067673,1.2046203486358737,True
13,2005.0,S_conc,0.8847910720617441,1.8395659717679123,True
13,2005.0,S_ref,0.4734437932045295,1.6679709013560913,True
13,2005.0,S_iu_short,0.5273468998615869,1.0283844826849304,True
13,2005.0,S_iu_med,0.5826476464569423,1.146646020676816,True
13,2005.0,S_iu_long,1.3960569324951255,1.487922207706854,True
13,2005.0,S_scrap,0.8468277695224081,1.2074376542570031,True
13,2006.0,S_conc,0.8324920637072489,1.3039112065791219,True
13,2006.0,S_ref,0.7065999112640993,1.2271035635496021,True
13,2006.0,S_iu_short,0.543644170498512,1.028472058483605,True
13,2006.0,S_iu_med,0.5569631814473787,1.2489263052089399,True
13,2006.0,S_iu_long,1.2571487472913627,1.3532593919893239,True
13,2006.0,S_scrap,0.8812410189874293,1.207910290907757,True
13,2007.0,S_conc,0.8238020551155985,1.282104748721433,True
13,2007.0,S_ref,0.7336194226067492,1.2133917108248875,True
13,2007.0,S_iu_short,0.5618297458183288,1.0405028240608725,True
13,2007.0,S_iu_med,0.532304599517889,1.3486398443409435,True
13,2007.0,S_iu_long,1.1381437554638711,1.2446652779994225,True
13,2007.0,S_scrap,0.8944740384424373,1.2144966646023503,True
13,2008.0,S_conc,0.7259093099310392,2.095491136133201,True
13,2008.0,S_ref,0.42059528026999504,1.8980650709472742,True
13,2008.0,S_iu_short,0.536860477466766,1.0517477127858712,True
13,2008.0,S_iu_med,0.6282582148254563,1.1407694378524753,True
13,2008.0,S_iu_long,1.690039268871727,1.6055977004989654,True
13,2008.0,S_scrap,0.8521204319661301,1.2189105447761706,True
13,2009.0,S_conc,0.8686697491643124,1.5244644773733393,True
13,2009.0,S_ref,0.5725495602591755,1.3960080669611958,True
13,2009.0,S_iu_short,0.5343201851981361,1.0330626643787972,True
13,2009.0,S_iu_med,0.5909277204561234,1.1529901442927903,True
13,2009.0,S_iu_long,1.4445557668073208,1.5044639041911136,True
13,2009.0,S_scrap,0.8534191571958957,1.2289822265456747,True
13,2010.0,S_conc,0.8676178749689014,1.4098342631661045,True
13,2010.0,S_ref,0.6292571383946343,1.3047998189702503,True
13,2010.0,S_iu_short,0.547612005331348,1.0336351784985716,True
13,2010.0,S_iu_med,0.5647068234921072,1.2318609376284664,True
13,2010.0,S_iu_long,1.2973022642404504,1.3756926178684636,True
13,2010.0,S_scrap,0.898725616821064,1.200123071140504,True
13,2011.0,S_conc,0.9072098430624298,1.7358470061108988,True
13,2011.0,S_ref,0.4990511434413238,1.5777222523620265,True
13,2011.0,S_iu_short,0.5400238710666413,1.0393581743004812,True
13,2011.0,S_iu_med,0.597573495069503,1.1614359036428665,True
13,2011.0,S_iu_long,1.4849257883068852,1.5038802483433182,True
13,2011.0,S_scrap,0.8694185486562602,1.2046299789108363,True
13,2012.0,S_conc,0.8982425307207385,1.6275664171291355,True
13,2012.0,S_ref,0.5322422097608316,1.484070151740679,True
13,2012.0,S_iu_short,0.5384992898071866,1.0365741966132629,True
13,2012.0,S_iu_med,0.5926889440459994,1.162152905839119,True
13,2012.0,S_iu_long,1.4551260894644957,1.493282910108581,True
13,2012.0,S_scrap,0.8643077052218399,1.2107291708154038,True
13,2013.0,S_conc,0.8740444138146767,1.3875954406155495,True
13,2013.0,S_ref,0.6405514808992919,1.2877827855486792,True
13,2013.0,S_iu_short,0.5458983389109965,1.0360638571768268,True
13,2013.0,S_iu_med,0.5781938276461145,1.1994556710040483,True
13,2013.0,S_iu_long,1.3707571523183484,1.4292962814373105,True
13,2013.0,S_scrap,0.8822743124090628,1.2056085768972813,True
13,2014.0,S_conc,0.8683235702015791,1.3313093995066139,True
13,2014.0,S_ref,0.6785427756609778,1.2458578149618826,True
13,2014.0,S_iu_short,0.5494800278791067,1.0373470577926733,True
13,2014.0,S_iu_med,0.5752392793326535,1.2116855899013064,True
13,2014.0,S_iu_long,1.3542666525965215,1.4149535185993733,True
13,2014.0,S_scrap,0.8864648308768756,1.207177786971967,True
13,2015.0,S_conc,0.859458341640006,1.2801153933359994,True
13,2015.0,S_ref,0.718829649048206,1.2096354932571094,True
13,2015.0,S_iu_short,0.5479361320390341,1.033087572806644,True
13,2015.0,S_iu_med,0.568465643570174,1.2205121505447765,True
13,2015.0,S_iu_long,1.317312596552472,1.3941282340908767,True
13,2015.0,S_scrap,0.8847390065752306,1.2202055366519164,True
13,2016.0,S_conc,0.8814258988768261,1.2756173094472405,True
13,2016.0,S_ref,0.7266348222043549,1.2070127864377689,True
13,2016.0,S_iu_short,0.541872195578993,1.0314366817886362,True
13,2016.0,S_iu_med,0.5794982381266186,1.1827585059039938,True
13,2016.0,S_iu_long,1.3781113200213249,1.44242151526739,True
13,2016.0,S_scrap,0.8833738667916591,1.2142590534438036,True
13,2017.0,S_conc,0.8731139998027441,1.2329722171617998,True
13,2017.0,S_ref,0.772977845074938,1.1808934278191812,True
13,2017.0,S_iu_short,0.5430037003795465,1.0293798688812654,True
13,2017.0,S_iu_med,0.5708892575374636,1.2016332748660579,True
13,2017.0,S_iu_long,1.3304007591637141,1.4050555474237727,True
13,2017.0,S_scrap,0.8922856428104825,1.2056105699704283,True
13,2018.0,S_conc,0.8934507593132449,1.2466986950475816,True
13,2018.0,S_ref,0.7590457580472395,1.1892299232062777,True
13,2018.0,S_iu_short,0.5437653785814086,1.0343781431488506,True
13,2018.0,S_iu_med,0.5815392120933559,1.1843800155950186,True
13,2018.0,S_iu_long,1.3897101685501139,1.44124064714037,True
13,2018.0,S_scrap,0.8819468358651238,1.2004568672814,True
13,2019.0,S_conc,0.8405415239919444,1.2275542472574366,True
13,2019.0,S_ref,0.7741562234718372,1.1770250589535134,True
13,2019.0,S_iu_short,0.5472270914343847,1.0311944137584184,True
13,2019.0,S_iu_med,0.566068004821256,1.2217660150813219,True
13,2019.0,S_iu_long,1.3045085661131828,1.3779966256364415,True
13,2019.0,S_scrap,0.9036822614437139,1.210340758559268,True
14,1980.0,S_conc,0.841361173294579,1.5149784891908589,True
14,1980.0,S_ref,0.5611152217397136,1.397137151469643,True
14,1980.0,S_iu_short,0.5099583233191387,1.049908662990202,True
14,1980.0,S_iu_med,0.5577725480994098,1.1507419227767228,True
14,1980.0,S_iu_long,1.2612797909813915,1.3446610849235303,True
14,1980.0,S_scrap,0.7316817900000964,1.1853887102795098,True
14,1981.0,S_conc,0.8932411140958022,1.6901351679090082,True
14,1981.0,S_ref,0.5185298782678563,1.5319768827331615,True
14,1981.0,S_iu_short,0.5150671408377951,1.0245803930139556,True
14,1981.0,S_iu_med,0.5757029438841282,1.1103322676472345,True
14,1981.0,S_iu_long,1.3568393548479132,1.5180745864189518,True
14,1981.0,S_scrap,0.6706147146290257,1.2195590537945522,True
14,1982.0,S_conc,0.8810370070133225,1.6541178250673236,True
14,1982.0,S_ref,0.5189806975117242,1.5097312797507874,True
14,1982.0,S_iu_short,0.5129310479837051,1.0316564332816998,True
14,1982.0,S_iu_med,0.5676035501541133,1.1270482564753963,True
14,1982.0,S_iu_long,1.3126924385165903,1.4382337215381167,True
14,1982.0,S_scrap,0.6744531023360679,1.1949694816057916,True
14,1983.0,S_conc,0.8742924625484646,1.4625798206534835,True
14,1983.0,S_ref,0.5863830701405712,1.3524492210951664,True
14,1983.0,S_iu_short,0.5101062715062468,1.0467022522867273,True
14,1983.0,S_iu_med,0.5566874793501441,1.1528463110308065,True
14,1983.0,S_iu_long,1.255744995729177,1.3406332075394967,True
14,1983.0,S_scrap,0.6974400881512904,1.1796907069916651,True
14,1984.0,S_conc,0.8870752319419268,1.5139039559110488,True
14,1984.0,S_ref,0.5692253560164029,1.3920184237739763,True
14,1984.0,S_iu_short,0.5117714297005495,1.0378519107490816,True
14,1984.0,S_iu_med,0.5671610797027554,1.1287824419199888,True
14,1984.0,S_iu_long,1.3103282840491037,1.4224652422400068,True
14,1984.0,S_scrap,0.6613537505891935,1.1879865088204837,True
14,1985.0,S_conc,0.9010458626380211,1.5216380205163158,True
14,1985.0,S_ref,0.5596188604732392,1.4014672314968892,True
14,1985.0,S_iu_short,0.5095490575849515,1.0503390775979076,True
14,1985.0,S_iu_med,0.5611598836398071,1.1421583895127618,True
14,1985.0,S_iu_long,1.278734242197712,1.3651760343165003,True
14,1985.0,S_scrap,0.6217404021771499,1.168211237003253,True
14,1986.0,S_conc,0.9303026226462642,1.4095256803674523,True
14,1986.0,S_ref,0.6045854789370135,1.3112604780340738,True
14,1986.0,S_iu_short,0.5052679558249005,1.086649894887018,True
14,1986.0,S_iu_med,0.5451377512964146,1.2052385828683077,True
14,1986.0,S_iu_long,1.1984677841481146,1.2550333027117986,True
14,1986.0,S_scrap,0.4602108639013439,1.1511539293814839,True
14,1987.0,S_conc,0.9042456648756606,1.3317603168553949,True
14,1987.0,S_ref,0.6627291549810314,1.2487431916013014,True
14,1987.0,S_iu_short,0.5099118499468586,1.0508645674585078,True
14,1987.0,S_iu_med,0.5498418732870546,1.1868193488556757,True
14,1987.0,S_iu_long,1.2214416238622634,1.2948013781764822,True
14,1987.0,S_scrap,0.6076570283326017,1.1792958592484744,True
14,1988.0,S_conc,0.8660999120739584,1.3494511602282133,True
14,1988.0,S_ref,0.6465784406863038,1.263329972179458,True
14,1988.0,S_iu_short,0.508772864314137,1.0571523371749227,True
14,1988.0,S_iu_med,0.5502556242417179,1.1747176760197695,True
14,1988.0,S_iu_long,1.223485281642424,1.2767386485093337,True
14,1988.0,S_scrap,0.7310686802521652,1.1763520785591088,True
14,1989.0,S_conc,0.8328797196466836,1.3604356549458527,True
14,1989.0,S_ref,0.6579465999818679,1.2702648918452508,True
14,1989.0,S_iu_short,0.5082523768380566,1.0351765841668066,True
14,1989.0,S_iu_med,0.571489038214924,1.0982479260645837,True
14,1989.0,S_iu_long,1.3336625878466097,1.4529065832503996,True
14,1989.0,S_scrap,0.7835413208097236,1.2009088762739117,True
14,1990.0,S_conc,0.849743135999841,1.3277955236929098,True
14,1990.0,S_ref,0.6667525900646496,1.246197457207164,True
14,1990.0,S_iu_short,0.5289234713383828,1.0388477104453435,True
14,1990.0,S_iu_med,0.5549573293876552,1.2157789449477372,True
14,1990.0,S_iu_long,1.246975550960262,1.3253026294220276,True
14,1990.0,S_scrap,0.7376374368422111,1.1785088652028732,True
14,1991.0,S_conc,0.8524755944077156,1.3416655680970289,True
14,1991.0,S_ref,0.6487332691558702,1.2571739584361277,True
14,1991.0,S_iu_short,0.5195952977995822,1.0561098699088056,True
14,1991.0,S_iu_med,0.547931870038074,1.211586994113506,True
14,1991.0,S_iu_long,1.2120559573270995,1.2588374383128549,True
14,1991.0,S_scrap,0.7145105381742669,1.1585150487458629,True
14,1992.0,S_conc,0.8267050361685817,1.5506208680619518,True
14,1992.0,S_ref,0.5365266913279769,1.4334038412452403,True
14,1992.0,S_iu_short,0.5175943535461379,1.0709857309672333,True
14,1992.0,S_iu_med,0.5450732885694447,1.2134911797183134,True
14,1992.0,S_iu_long,1.1981562631383327,1.2267845651146083,True
14,1992.0,S_scrap,0.7534782140383773,1.1618947758692253,True
14,1993.0,S_conc,0.5674647759214985,2.3057247542149177,True
14,1993.0,S_ref,0.3620271310963853,2.143244392493973,True
14,1993.0,S_iu_short,0.5051668724800727,1.0976631337009886,True
14,1993.0,S_iu_med,0.5508305164051963,1.1604366023964148,True
14,1993.0,S_iu_long,1.226331121154484,1.234106484446872,True
14,1993.0,S_scrap,0.754658106176363,1.15790752887532,True
14,1994.0,S_conc,0.4899156836050001,2.570422641170526,True
14,1994.0,S_ref,0.32882107960606205,2.3995900956603777,True
14,1994.0,S_iu_short,0.5129168286871397,1.0831166438804312,True
14,1994.0,S_iu_med,0.5434380878708222,1.208684076960393,True
14,1994.0,S_iu_long,1.1902834499191948,1.1984128023095018,True
14,1994.0,S_scrap,0.8033296961160618,1.1655502291529165,True
14,1995.0,S_conc,0.8132027349310103,1.8618139391125947,True
14,1995.0,S_ref,0.4484896913427342,1.7114748474878883,True
14,1995.0,S_iu_short,0.5157631713559774,1.0505744611072703,True
14,1995.0,S_iu_med,0.5520178708961249,1.1881606492021097,True
14,1995.0,S_iu_long,1.2322319017509882,1.2812510141648439,True
14,1995.0,S_scrap,0.8031866670733419,1.170633045200775,True
14,1996.0,S_conc,0.8184633823033266,1.6089976323702337,True
14,1996.0,S_ref,0.5249592998071511,1.4784845883441224,True
14,1996.0,S_iu_short,0.5150892983502091,1.0391069105146937,True
14,1996.0,S_iu_med,0.5654363284722276,1.1427026540129488,True
14,1996.0,S_iu_long,1.3011587611186024,1.3767550387385143,True
14,1996.0,S_scrap,0.8153471362975587,1.1827222233723231,True
14,1997.0,S_conc,0.833550926124758,1.4764108491142884,True
14,1997.0,S_ref,0.5786211572381109,1.3651049848575054,True
14,1997.0,S_iu_short,0.5171538731161761,1.0386829732718763,True
14,1997.0,S_iu_med,0.5651190318050835,1.1507575846615397,True
14,1997.0,S_iu_long,1.2994797959330184,1.3705602388770015,True
14,1997.0,S_scrap,0.8219485776468678,1.1806521808536903,True
14,1998.0,S_conc,0.8813962291631386,1.4405803368827308,True
14,1998.0,S_ref,0.5987849261372754,1.3339931074208016,True
14,1998.0,S_iu_short,0.5206507467348185,1.0346087304852813,True
14,1998.0,S_iu_med,0.5624470487042311,1.1673388250889283,True
14,1998.0,S_iu_long,1.285437675688396,1.364019208703523,True
14,1998.0,S_scrap,0.7733958653497325,1.1773619136378346,True
14,1999.0,S_conc,0.8688639638634523,1.3130744394719538,True
14,1999.0,S_ref,0.6951274986306782,1.2358349924997056,True
14,1999.0,S_iu_short,0.5188313649562076,1.026742995937479,True
14,1999.0,S_iu_med,0.570107112110514,1.1388013141333198,True
14,1999.0,S_iu_long,1.3261608372015528,1.4290647380375225,True
14,1999.0,S_scrap,0.809220530428748,1.1891930834791908,True
14,2000.0,S_conc,0.8052813032010384,1.2633179575660305,True
14,2000.0,S_ref,0.750284261271038,1.2018106053281903,True
14,2000.0,S_iu_short,0.5255496828778804,1.027580919924851,True
14,2000.0,S_iu_med,0.5769261510690137,1.1510021047851,True
14,2000.0,S_iu_long,1.3636535383285402,1.4544257463361179,True
14,2000.0,S_scrap,0.8700011712681514,1.1962003864834874,True
14,2001.0,S_conc,0.8606662394558771,1.371740921236048,True
14,2001.0,S_ref,0.6460166424436172,1.2761392277370052,True
14,2001.0,S_iu_short,0.5309308871358034,1.0377030588968261,True
14,2001.0,S_iu_med,0.569303916592461,1.1855785092661475,True
14,2001.0,S_iu_long,1.3218228317478495,1.3905043637220882,True
14,2001.0,S_scrap,0.8213814352756325,1.180474407789195,True
14,2002.0,S_conc,0.8693809563478342,1.6035778589829224,True
14,2002.0,S_ref,0.532649366812549,1.4691145919519382,True
14,2002.0,S_iu_short,0.526244675113605,1.0371717613050402,True
14,2002.0,S_iu_med,0.567219904275149,1.1771894052959098,True
14,2002.0,S_iu_long,1.310642309751165,1.3839151860472956,True
14,2002.0,S_scrap,0.8111375060835379,1.1843415962104777,True
14,2003.0,S_conc,0.4660768239142284,2.7814976476870683,True
14,2003.0,S_ref,0.3179075041032746,2.576398560964842,True
14,2003.0,S_iu_short,0.5169734748569882,1.0328015503766999,True
14,2003.0,S_iu_med,0.5726816224665456,1.1334149971042544,True
14,2003.0,S_iu_long,1.3401755051401012,1.434633536264845,True
14,2003.0,S_scrap,0.8142757612306103,1.19490298077561,True
14,2004.0,S_conc,0.8233904533051575,1.9399693393842048,True
14,2004.0,S_ref,0.4515711112848287,1.7566521420640338,True
14,2004.0,S_iu_short,0.5174734673469171,1.024478383515086,True
14,2004.0,S_iu_med,0.5816390136245972,1.1128869392109826,True
14,2004.0,S_iu_long,1.3902802425814205,1.512986840798393,True
14,2004.0,S_scrap,0.8492060223294503,1.2197459602054594,True
14,2005.0,S_conc,0.8700119149322417,1.850309854141601,True
14,2005.0,S_ref,0.47284333484167,1.675361342441709,True
14,2005.0,S_iu_short,0.5230808645868229,1.0272560345419557,True
14,2005.0,S_iu_med,0.5891582509348497,1.1236402395865177,True
14,2005.0,S_iu_long,1.4340272191797687,1.5300691654885368,True
14,2005.0,S_scrap,0.8616641304316991,1.2231964980904058,True
14,2006.0,S_conc,0.8327157234928478,1.33495410779031,True
14,2006.0,S_ref,0.7053572872606035,1.2497500779626978,True
14,2006.0,S_iu_short,0.5216690542060852,1.027315027809145,True
14,2006.0,S_iu_med,0.6016697591351299,1.1035902966658562,True
14,2006.0,S_iu_long,1.5104797412035826,1.5984190664566489,True
14,2006.0,S_scrap,0.8859923401480467,1.2495005881874826,True
14,2007.0,S_conc,0.7989602470297222,1.3457651351954196,True
14,2007.0,S_ref,0.7247087417410092,1.2616135436217852,True
14,2007.0,S_iu_short,0.5180155392950657,1.0360014183848087,True
14,2007.0,S_iu_med,0.6291987602740526,1.085124891833767,True
14,2007.0,S_iu_long,1.6968626122692643,1.7201999877653935,True
14,2007.0,S_scrap,0.9060559190049101,1.2940744322311943,True
14,2008.0,S_conc,0.8594597413997391,1.5003442049381779,True
14,2008.0,S_ref,0.5896781618333332,1.3745316200929312,True
14,2008.0,S_iu_short,0.5435655048457017,1.0451318781540406,True
14,2008.0,S_iu_med,0.6059355586375098,1.1663131428304876,True
14,2008.0,S_iu_long,1.5376560152001244,1.5397607407181597,True
14,2008.0,S_scrap,0.8613401704422925,1.2181514320186948,True
14,2009.0,S_conc,0.37770562828279086,3.365606197878374,True
14,2009.0,S_ref,0.2741555384030573,3.1241016105997743,True
14,2009.0,S_iu_short,0.5223164460236078,1.0331366799176993,True
14,2009.0,S_iu_med,0.6091039115664468,1.1033423369235345,True
14,2009.0,S_iu_long,1.558224626926616,1.6092509339594687,True
14,2009.0,S_scrap,0.8470698361402774,1.2522275613918135,True
14,2010.0,S_conc,0.8683736499886295,1.6926037162599765,True
14,2010.0,S_ref,0.5310226269750424,1.5252929774730264,True
14,2010.0,S_iu_short,0.5213543194545377,1.0287115897008354,True
14,2010.0,S_iu_med,0.6093198526161782,1.093857426436119,True
14,2010.0,S_iu_long,1.5596386371216215,1.6406218722812524,True
14,2010.0,S_scrap,0.8828566651335775,1.26772869586538,True
14,2011.0,S_conc,0.7860424544869743,1.9974181031925595,True
14,2011.0,S_ref,0.4401028948176702,1.808213966288935,True
14,2011.0,S_iu_short,0.5347648753630136,1.0386906710128798,True
14,2011.0,S_iu_med,0.6109965487802685,1.1351432141843643,True
14,2011.0,S_iu_long,1.5706712803304734,1.5857881289406834,True
14,2011.0,S_scrap,0.8733733532015446,1.2400032975075714,True
14,2012.0,S_conc,0.27486654720869624,4.417644660460574,True
14,2012.0,S_ref,0.21560417269596804,4.161856513962705,True
14,2012.0,S_iu_short,0.5295282733116031,1.0379388742156388,True
14,2012.0,S_iu_med,0.6159665925740003,1.116877441365329,True
14,2012.0,S_iu_long,1.6039401277679008,1.6218213101781447,True
14,2012.0,S_scrap,0.8629069769701154,1.2562027445376824,True
14,2013.0,S_conc,0.3031347827208997,4.097931625852222,True
14,2013.0,S_ref,0.2326196696921595,3.833166189996095,True
14,2013.0,S_iu_short,0.5238317045925759,1.0325323012159695,True
14,2013.0,S_iu_med,0.6136148958163807,1.0974153291387891,True
14,2013.0,S_iu_long,1.5880914899989949,1.6464302655694223,True
14,2013.0,S_scrap,0.8652568591154122,1.2716121382869559,True
14,2014.0,S_conc,0.5066666313823818,2.7181126511815923,True
14,2014.0,S_ref,0.3362831702972741,2.4781209594685887,True
14,2014.0,S_iu_short,0.5227673614940774,1.0305043733157435,True
14,2014.0,S_iu_med,0.6108079187614144,1.093958718014835,True
14,2014.0,S_iu_long,1.5694253511467824,1.6422237046826578,True
14,2014.0,S_scrap,0.8632121708412892,1.2711439511420979,True
14,2015.0,S_conc,0.7926801344274121,2.0315621795603076,True
14,2015.0,S_ref,0.4421760018446329,1.8246311184746655,True
14,2015.0,S_iu_short,0.5205246689012218,1.028052312658568,True
14,2015.0,S_iu_med,0.6063757532495528,1.08743628140798,True
14,2015.0,S_iu_long,1.5404939056866265,1.6401346985495293,True
14,2015.0,S_scrap,0.8416885881251092,1.2702432311414174,True
14,2016.0,S_conc,0.7963687963674303,2.0178042134846996,True
14,2016.0,S_ref,0.4433214371001246,1.8147290763430637,True
14,2016.0,S_iu_short,0.5201527500059222,1.0251267557831856,True
14,2016.0,S_iu_med,0.6006930976975983,1.0877563792021003,True
14,2016.0,S_iu_long,1.5043393796450915,1.6191946364286047,True
14,2016.0,S_scrap,0.839243420479808,1.2641287771519278,True
14,2017.0,S_conc,0.91448740408998,1.8025553291904004,True
14,2017.0,S_ref,0.4985951566173077,1.6182571351323998,True
14,2017.0,S_iu_short,0.5194353724907961,1.0245061340341257,True
14,2017.0,S_iu_med,0.603153647936371,1.0827416665079992,True
14,2017.0,S_iu_long,1.519866932882033,1.6362087870503688,True
14,2017.0,S_scrap,0.8630925488480699,1.272502144656697,True
14,2018.0,S_conc,0.9143833309273602,1.6694545600009758,True
14,2018.0,S_ref,0.5351474801968045,1.507462200473115,True
14,2018.0,S_iu_short,0.5254091292354863,1.0294238048171325,True
14,2018.0,S_iu_med,0.6053462773144519,1.1022994241702342,True
14,2018.0,S_iu_long,1.533866887648186,1.6091990617379541,True
14,2018.0,S_scrap,0.8593383303818105,1.2547769668504754,True
14,2019.0,S_conc,0.9069831288122908,1.7195907785047286,True
14,2019.0,S_ref,0.5279031760102028,1.5430949589351026,True
14,2019.0,S_iu_short,0.5179523561335184,1.0284847858154769,True
14,2019.0,S_iu_med,0.6126828189522432,1.0763478279109713,True
14,2019.0,S_iu_long,1.5818632607384862,1.6715194840232357,True
14,2019.0,S_scrap,0.8647640064386974,1.2844988248100502,True
15,1980.0,S_conc,0.7582510918351096,2.0461475710454184,True
15,1980.0,S_ref,0.43125301918266584,1.847626100406868,True
15,1980.0,S_iu_short,0.510133666379814,1.0192774683381423,True
15,1980.0,S_iu_med,0.5722605686458798,1.0906712107365013,True
15,1980.0,S_iu_long,1.337871906815419,1.5451568498098525,True
15,1980.0,S_scrap,0.7021355352240697,1.2432714303117556,True
15,1981.0,S_conc,0.8404625710680179,1.8514092238213093,True
15,1981.0,S_ref,0.45665833376893866,1.6935206611380114,True
15,1981.0,S_iu_short,0.5180772731392382,1.0323965962255215,True
15,1981.0,S_iu_med,0.5573399402293803,1.179982645455915,True
15,1981.0,S_iu_long,1.259069861686157,1.365028845700791,True
15,1981.0,S_scrap,0.6627405300386836,1.1921669162703514,True
15,1982.0,S_conc,0.8770956464520899,1.5549283380457002,True
15,1982.0,S_ref,0.541910558535189,1.4325872473387273,True
15,1982.0,S_iu_short,0.5183500952016995,1.046766167004146,True
15,1982.0,S_iu_med,0.5497078657618776,1.208675896620217,True
15,1982.0,S_iu_long,1.2207805199439312,1.2851468759286182,True
15,1982.0,S_scrap,0.6843340377696693,1.1734824090209754,True
15,1983.0,S_conc,0.8590028621958831,1.4820251249344925,True
15,1983.0,S_ref,0.5882592017212919,1.364265913726869,True
15,1983.0,S_iu_short,0.5108500317074051,1.02938239496429,True
15,1983.0,S_iu_med,0.5639623920179002,1.1234756707988909,True
15,1983.0,S_iu_long,1.293380161926427,1.4256296869335898,True
15,1983.0,S_scrap,0.7270830511147892,1.2007392001649184,True
15,1984.0,S_conc,0.8897651627676051,1.508139973593813,True
15,1984.0,S_ref,0.5703495979300581,1.387850882415595,True
15,1984.0,S_iu_short,0.5128992305524084,1.0383691781612145,True
15,1984.0,S_iu_med,0.563148928326957,1.1432017563959849,True
15,1984.0,S_iu_long,1.289109641348071,1.3941430955717589,True
15,1984.0,S_scrap,0.6599031030906904,1.181711351626538,True
15,1985.0,S_conc,0.9090935415863651,1.481335672665628,True
15,1985.0,S_ref,0.5719440237783887,1.3699920426414134,True
15,1985.0,S_iu_short,0.5125238710819429,1.0575329183772864,True
15,1985.0,S_iu_med,0.5522030168512979,1.1846461328554232,True
15,1985.0,S_iu_long,1.2331548394284857,1.3019832155484428,True
15,1985.0,S_scrap,0.5845434778657111,1.1616873098141463,True
15,1986.0,S_conc,0.9328425855901815,1.4443730387343137,True
15,1986.0,S_ref,0.5992954890536416,1.335305537119426,True
15,1986.0,S_iu_short,0.500860962986465,1.0642380617491214,True
15,1986.0,S_iu_med,0.5627627853739217,1.1234588160056915,True
15,1986.0,S_iu_long,1.2870880303617152,1.4013572276948854,True
15,1986.0,S_scrap,0.4444204718489047,1.160504171974073,True
15,1987.0,S_conc,0.9030748700834892,1.3289122101687523,True
15,1987.0,S_ref,0.6621784069093,1.246736924559012,True
15,1987.0,S_iu_short,0.5048535261558738,1.071462157524258,True
15,1987.0,S_iu_med,0.5513398372566478,1.1602981820333278,True
15,1987.0,S_iu_long,1.2288584613473508,1.2904635184663555,True
15,1987.0,S_scrap,0.601888617949547,1.1725228137049886,True
15,1988.0,S_conc,0.8689627291671188,1.358298775476533,True
15,1988.0,S_ref,0.6377493070834838,1.2703485620545019,True
15,1988.0,S_iu_short,0.5106282109261895,1.0759667147200278,True
15,1988.0,S_iu_med,0.5413006666050287,1.2353482163043101,True
15,1988.0,S_iu_long,1.1800772907139419,1.1845578296239947,True
15,1988.0,S_scrap,0.7298536596429027,1.175531653015931,True
15,1989.0,S_conc,0.8265089513108833,1.2962421360519956,True
15,1989.0,S_ref,0.6809951948429968,1.2242742926105323,True
15,1989.0,S_iu_short,0.5154243427453488,1.0532835414315136,True
15,1989.0,S_iu_med,0.5508151943564465,1.192078097347602,True
15,1989.0,S_iu_long,1.2262551792402812,1.2718382328805518,True
15,1989.0,S_scrap,0.7915683816292325,1.1735188612752043,True
15,1990.0,S_conc,0.8432720873590668,1.3170209926759475,True
15,1990.0,S_ref,0.6635050879847766,1.2391529006338111,True
15,1990.0,S_iu_short,0.5088543253464963,1.0732541460295233,True
15,1990.0,S_iu_med,0.5620280425933006,1.1461751995546734,True
15,1990.0,S_iu_long,1.283251206130084,1.316294055379027,True
15,1990.0,S_scrap,0.7517413427536481,1.1559082884289877,True
15,1991.0,S_conc,0.8600738072977637,1.3575515035484418,True
15,1991.0,S_ref,0.6419191219532924,1.268980557387092,True
15,1991.0,S_iu_short,0.5085004342876404,1.0561907727725497,True
15,1991.0,S_iu_med,0.5684238169958342,1.1252861174388327,True
15,1991.0,S_iu_long,1.3170880122232034,1.3762195173783194,True
15,1991.0,S_scrap,0.7015739417403283,1.1639673336585779,True
15,1992.0,S_conc,0.8170978875314129,1.517964333931538,True
15,1992.0,S_ref,0.5505209805469244,1.404537007648412,True
15,1992.0,S_iu_short,0.5156853593233406,1.0717100842452396,True
15,1992.0,S_iu_med,0.5476992612124617,1.1994505650853655,True
15,1992.0,S_iu_long,1.2109183431374748,1.2380212560094859,True
15,1992.0,S_scrap,0.7624198634537392,1.1572227314015109,True
15,1993.0,S_conc,0.5512165669675118,2.389072134196157,True
15,1993.0,S_ref,0.35534468797293106,2.2120517367014116,True
15,1993.0,S_iu_short,0.5103612027730501,1.0496748544580852,True
15,1993.0,S_iu_med,0.5678885533076716,1.1262490558720208,True
15,1993.0,S_iu_long,1.3142177964843853,1.3793827511108923,True
15,1993.0,S_scrap,0.7605549319339334,1.1778030710095735,True
15,1994.0,S_conc,0.4800510559440196,2.624649351326719,True
15,1994.0,S_ref,0.32434763247936005,2.4479743937633023,True
15,1994.0,S_iu_short,0.5141468253352041,1.056993738838422,True
15,1994.0,S_iu_med,0.550674961610632,1.1876336603268793,True
15,1994.0,S_iu_long,1.2255603729196989,1.2651856818676965,True
15,1994.0,S_scrap,0.7957181854182817,1.1722310429190794,True
15,1995.0,S_conc,0.8164817788324873,1.816559546670341,True
15,1995.0,S_ref,0.45867804949609775,1.670591331425652,True
15,1995.0,S_iu_short,0.5139287954785248,1.0455554183094815,True
15,1995.0,S_iu_med,0.5545212278114917,1.1723620127279506,True
15,1995.0,S_iu_long,1.244775873578194,1.3052715610893997,True
15,1995.0,S_scrap,0.8135371756229343,1.183095603062544,True
15,1996.0,S_conc,0.8206610854160784,1.601856714557243,True
15,1996.0,S_ref,0.5208998103726508,1.4770023130752457,True
15,1996.0,S_iu_short,0.5188993970067602,1.05165557161447,True
15,1996.0,S_iu_med,0.5527786408422598,1.1924244961214532,True
15,1996.0,S_iu_long,1.2360291598847546,1.280594596621098,True
15,1996.0,S_scrap,0.8151221891795482,1.1696580444763482,True
15,1997.0,S_conc,0.8416013244738825,1.4637346035009875,True
15,1997.0,S_ref,0.5779888786916342,1.3571949838875206,True
15,1997.0,S_iu_short,0.5168806269547833,1.0557334347434038,True
15,1997.0,S_iu_med,0.5573465682777523,1.17269537249017,True
15,1997.0,S_iu_long,1.2591036877524342,1.299521412049142,True
15,1997.0,S_scrap,0.8142335559476931,1.1612267732012085,True
15,1998.0,S_conc,0.8795151421092188,1.4145909430030381,True
15,1998.0,S_ref,0.6070978980762403,1.3148194243401923,True
15,1998.0,S_iu_short,0.5163524147621766,1.0481951498519633,True
15,1998.0,S_iu_med,0.5617153230499458,1.1590193303849552,True
15,1998.0,S_iu_long,1.281622088544878,1.3359620689691867,True
15,1998.0,S_scrap,0.7801699149026587,1.162935140601094,True
15,1999.0,S_conc,0.854460742269976,1.3027171760980996,True
15,1999.0,S_ref,0.6821977697784412,1.228471822796552,True
15,1999.0,S_iu_short,0.5251285309867545,1.0526932671050127,True
15,1999.0,S_iu_med,0.5396976999318264,1.2562586673476805,True
15,1999.0,S_iu_long,1.1724853424627548,1.2055731434456647,True
15,1999.0,S_scrap,0.8280003353488936,1.1649714014140262,True
15,2000.0,S_conc,0.8307159068768141,1.2501907599538475,True
15,2000.0,S_ref,0.7388304335701966,1.1901139613990694,True
15,2000.0,S_iu_short,0.5121116516470298,1.0531812361379367,True
15,2000.0,S_iu_med,0.5724025400769165,1.1282291690463584,True
15,2000.0,S_iu_long,1.3386481299020825,1.3828585443351844,True
15,2000.0,S_scrap,0.857319502822237,1.1682084957286525,True
15,2001.0,S_conc,0.8615361926489038,1.3894093669640435,True
15,2001.0,S_ref,0.6392290375219785,1.2889766206592594,True
15,2001.0,S_iu_short,0.5070997167561254,1.0511751965131222,True
15,2001.0,S_iu_med,0.5878952982550031,1.0971506657377548,True
15,2001.0,S_iu_long,1.4265678012545033,1.4718462971813187,True
15,2001.0,S_scrap,0.8222542776383212,1.1856278863171443,True
15,2002.0,S_conc,0.8662598652967956,1.602665076620422,True
15,2002.0,S_ref,0.534407797832367,1.4675269428150337,True
15,2002.0,S_iu_short,0.5094776870296338,1.0507226284997722,True
15,2002.0,S_iu_med,0.5786838478388123,1.1113598269857594,True
15,2002.0,S_iu_long,1.373514508927298,1.430028539043543,True
15,2002.0,S_scrap,0.8184662501865748,1.1807202677718214,True
15,2003.0,S_conc,0.5116810465462885,2.5532928222415694,True
15,2003.0,S_ref,0.338484793280512,2.3680023052147203,True
15,2003.0,S_iu_short,0.5092813158032139,1.052154987596692,True
15,2003.0,S_iu_med,0.5692441153152642,1.121014446036723,True
15,2003.0,S_iu_long,1.3215004961148378,1.3867828330399046,True
15,2003.0,S_scrap,0.8129482956893911,1.1850017730917548,True
15,2004.0,S_conc,0.7820581083266143,1.98074417758166,True
15,2004.0,S_ref,0.43885107038455745,1.7999519884419466,True
15,2004.0,S_iu_short,0.5034109783410858,1.0430096081011024,True
15,2004.0,S_iu_med,0.588836292352684,1.070335200561416,True
15,2004.0,S_iu_long,1.4321212728672303,1.5247783517967581,True
15,2004.0,S_scrap,0.8685268286547313,1.2249136927496882,True
15,2005.0,S_conc,0.8674031533686846,1.7166782869300232,True
15,2005.0,S_ref,0.5107140323326013,1.5556752346839775,True
15,2005.0,S_iu_short,0.5017377294053328,1.0450936065271286,True
15,2005.0,S_iu_med,0.6001419123674179,1.0665550733273306,True
15,2005.0,S_iu_long,1.5008872670817923,1.566335932232961,True
15,2005.0,S_scrap,0.8618472907261923,1.2301509184699204,True
15,2006.0,S_conc,0.8348259579989458,1.4363601782318551,True
15,2006.0,S_ref,0.6594612487222998,1.3196711175762517,True
15,2006.0,S_iu_short,0.4983516454179202,1.0446051534016378,True
15,2006.0,S_iu_med,0.629228684984119,1.062119489372963,True
15,2006.0,S_iu_long,1.6970802742848858,1.7059210198562582,True
15,2006.0,S_scrap,0.8905790092327287,1.2764990454553897,True
15,2007.0,S_conc,0.7821726995187542,1.489784441950535,True
15,2007.0,S_ref,0.654933162060812,1.3596248277778773,True
15,2007.0,S_iu_short,0.49856313101799,1.0393705951012056,True
15,2007.0,S_iu_med,0.637890121647728,1.0579024304278482,True
15,2007.0,S_iu_long,1.7615927092360848,1.8089071935585437,True
15,2007.0,S_scrap,0.9093616813505019,1.3475258340206082,True
15,2008.0,S_conc,0.5725174027941158,2.641992325439694,True
15,2008.0,S_ref,0.3640769900395649,2.360702130000662,True
15,2008.0,S_iu_short,0.5008546258970167,1.0445006440535998,True
15,2008.0,S_iu_med,0.650132740957462,1.0672269198013864,True
15,2008.0,S_iu_long,1.8582268679174025,1.8603771153350124,True
15,2008.0,S_scrap,0.9165356668547074,1.3958679434529901,True
15,2009.0,S_conc,0.29925720140379425,4.278763851881255,True
15,2009.0,S_ref,0.23032945369127766,3.9740541192264676,True
15,2009.0,S_iu_short,0.4997475235037229,1.0449074514341572,True
15,2009.0,S_iu_med,0.6404560742175948,1.0651502415814593,True
15,2009.0,S_iu_long,1.7813013328591083,1.7775606167153168,True
15,2009.0,S_scrap,0.8623169367343374,1.3295980847391373,True
15,2010.0,S_conc,0.7920891474593985,2.0727742266067306,True
15,2010.0,S_ref,0.45164145027846453,1.8408479906410204,True
15,2010.0,S_iu_short,0.49975463620891997,1.0301989020863516,True
15,2010.0,S_iu_med,0.6224664261541687,1.0456488484293458,True
15,2010.0,S_iu_long,1.6487710478654212,1.7725454409376624,True
15,2010.0,S_scrap,0.9141266691896877,1.3416547480124845,True
15,2011.0,S_conc,0.4753578699651515,2.985880547942689,True
15,2011.0,S_ref,0.3221983490530197,2.696326374312364,True
15,2011.0,S_iu_short,0.5002405863578622,1.0348461028400615,True
15,2011.0,S_iu_med,0.6323974819190618,1.0528384020077828,True
15,2011.0,S_iu_long,1.7203295701576813,1.8039948873686174,True
15,2011.0,S_scrap,0.8983373368951938,1.3637295881290699,True
15,2012.0,S_conc,0.3492055819334776,3.758530347131361,True
15,2012.0,S_ref,0.2588231079158811,3.4617142748972873,True
15,2012.0,S_iu_short,0.49972583269256116,1.0356352812051417,True
15,2012.0,S_iu_med,0.630124607004772,1.0525845234803957,True
15,2012.0,S_iu_long,1.7036132139044509,1.7821641843741254,True
15,2012.0,S_scrap,0.8793300556005329,1.3565401726616486,True
15,2013.0,S_conc,0.47857267244560364,2.922887413593019,True
15,2013.0,S_ref,0.3236720665572901,2.6494011634963264,True
15,2013.0,S_iu_short,0.4989796627176193,1.034399545697476,True
15,2013.0,S_iu_med,0.6265129442718437,1.0498958811034649,True
15,2013.0,S_iu_long,1.677468963550515,1.7600184466951148,True
15,2013.0,S_scrap,0.8889498890991399,1.3403544522617437,True
15,2014.0,S_conc,0.7851989448246921,2.1174678209185367,True
15,2014.0,S_ref,0.4398383424441242,1.88195762067963,True
15,2014.0,S_iu_short,0.4982186865529895,1.0380454382878321,True
15,2014.0,S_iu_med,0.6309114888991553,1.0538437603026132,True
15,2014.0,S_iu_long,1.709377208782241,1.7606954984675747,True
15,2014.0,S_scrap,0.8767719339340962,1.3235098526639366,True
15,2015.0,S_conc,0.8107470951753584,2.086304568925607,True
15,2015.0,S_ref,0.4477417621353926,1.8508149988608213,True
15,2015.0,S_iu_short,0.4979777942892155,1.039454888135662,True
15,2015.0,S_iu_med,0.6319369092127126,1.0550209989765247,True
15,2015.0,S_iu_long,1.716925508235555,1.7612517455614036,True
15,2015.0,S_scrap,0.861462923375117,1.3179658166447228,True
15,2016.0,S_conc,0.7711101853338684,2.103012598761746,True
15,2016.0,S_ref,0.43538238993781636,1.8786096945464288,True
15,2016.0,S_iu_short,0.4974553761639977,1.0374404155006525,True
15,2016.0,S_iu_med,0.6178904983642435,1.0484744948678864,True
15,2016.0,S_iu_long,1.6170508603401437,1.6860674634667798,True
15,2016.0,S_scrap,0.8502870854461377,1.2761888473412462,True
15,2017.0,S_conc,0.8680357282787009,1.7032618130921227,True
15,2017.0,S_ref,0.5371847103013864,1.5273654815072366,True
15,2017.0,S_iu_short,0.4969311071897083,1.0366550228275846,True
15,2017.0,S_iu_med,0.6124028370029997,1.0445336196175177,True
15,2017.0,S_iu_long,1.579998244227962,1.664020448758123,True
15,2017.0,S_scrap,0.8702018664449996,1.2662815382530181,True
15,2018.0,S_conc,0.8680560180489676,1.7635797289178285,True
15,2018.0,S_ref,0.5234790801856147,1.5740481444693903,True
15,2018.0,S_iu_short,0.4970720348974426,1.0364751298419215,True
15,2018.0,S_iu_med,0.6211691328754532,1.0477190956050597,True
15,2018.0,S_iu_long,1.639700422487573,1.7095655326887438,True
15,2018.0,S_scrap,0.86769166289088,1.29072302266947,True
15,2019.0,S_conc,0.8374453822768948,1.8206996475241564,True
15,2019.0,S_ref,0.5140252629861559,1.6176585449763585,True
15,2019.0,S_iu_short,0.4973655322992663,1.0373233014033496,True
15,2019.0,S_iu_med,0.6312307004334209,1.0523244663534972,True
15,2019.0,S_iu_long,1.7117224811699814,1.7599222383140902,True
15,2019.0,S_scrap,0.8900642551409109,1.3197098302489114,True
16,1980.0,S_conc,0.8423270542634469,1.405279707656158,True
16,1980.0,S_ref,0.624242804053601,1.3041461228573386,True
16,1980.0,S_iu_short,0.5180699946369376,1.0279147551117624,True
16,1980.0,S_iu_med,0.5502281322373442,1.2152228287378288,True
16,1980.0,S_iu_long,1.2233493725928168,1.3131444797110325,True
16,1980.0,S_scrap,0.736781652598549,1.1933169064089977,True
16,1981.0,S_conc,0.8999132379929805,1.679211781881698,True
16,1981.0,S_ref,0.5094108706776392,1.5326383995713198,True
16,1981.0,S_iu_short,0.5243235827624396,1.0245193004722826,True
16,1981.0,S_iu_med,0.5509937600216738,1.2284435200866002,True
16,1981.0,S_iu_long,1.2271405405151394,1.336281827518867,True
16,1981.0,S_scrap,0.6543869076641277,1.1999955101692454,True
16,1982.0,S_conc,0.8816087351516695,1.6617590847403403,True
16,1982.0,S_ref,0.5135406927933676,1.5186119205028108,True
16,1982.0,S_iu_short,0.5223991178014966,1.0272516665577396,True
16,1982.0,S_iu_med,0.5591661451007297,1.1850154185064634,True
16,1982.0,S_iu_long,1.2684283180303795,1.3829724364596043,True
16,1982.0,S_scrap,0.6744156561759922,1.1960403132741664,True
16,1983.0,S_conc,0.861535147617642,1.500028655695489,True
16,1983.0,S_ref,0.5860467722447535,1.3763447035207224,True
16,1983.0,S_iu_short,0.5185324169859765,1.0210040120068744,True
16,1983.0,S_iu_med,0.5653669092780627,1.148058528962554,True
16,1983.0,S_iu_long,1.3007912221754054,1.4450634747954383,True
16,1983.0,S_scrap,0.7156271436827466,1.209022579886565,True
16,1984.0,S_conc,0.8933288216869502,1.5284897371789046,True
16,1984.0,S_ref,0.5692234288847948,1.4008266280285633,True
16,1984.0,S_iu_short,0.5238502560467039,1.0250653134239067,True
16,1984.0,S_iu_med,0.5593523388728417,1.189227448154914,True
16,1984.0,S_iu_long,1.2693868326500175,1.4001831048582665,True
16,1984.0,S_scrap,0.6429961672294856,1.2019677838653453,True
16,1985.0,S_conc,0.9048203882948077,1.5682538567389959,True
16,1985.0,S_ref,0.5464259236462246,1.4374258498487538,True
16,1985.0,S_iu_short,0.5297805198337374,1.035001051602167,True
16,1985.0,S_iu_med,0.5448020751670147,1.26302853634871,True
16,1985.0,S_iu_long,1.1968465703504816,1.2900902833199217,True
16,1985.0,S_scrap,0.600917805775666,1.1860671999729062,True
16,1986.0,S_conc,0.9364112877315842,1.4736466556604912,True
16,1986.0,S_ref,0.6134646876036423,1.3495638157289118,True
16,1986.0,S_iu_short,0.5129942546701445,1.0453857826467745,True
16,1986.0,S_iu_med,0.5719127693071038,1.115624567386604,True
16,1986.0,S_iu_long,1.3359725035045158,1.5347669507780792,True
16,1986.0,S_scrap,0.39764795342311243,1.2167390032309602,True
16,1987.0,S_conc,0.9100089166924572,1.3688894667721399,True
16,1987.0,S_ref,0.6619884382361667,1.2737729307137755,True
16,1987.0,S_iu_short,0.513564066983895,1.0196544480991052,True
16,1987.0,S_iu_med,0.5557447221729395,1.1665291781571097,True
16,1987.0,S_iu_long,1.2509580637762943,1.409325673642323,True
16,1987.0,S_scrap,0.5761322935450214,1.2103632656288146,True
16,1988.0,S_conc,0.8680868447331727,1.3941309283645773,True
16,1988.0,S_ref,0.65188439807837,1.292544490588413,True
16,1988.0,S_iu_short,0.515279615448095,1.0134015813763306,True
16,1988.0,S_iu_med,0.5588304509806867,1.1549569551011942,True
16,1988.0,S_iu_long,1.2667022287075904,1.434116629634767,True
16,1988.0,S_scrap,0.7198627178522582,1.2163376794055065,True
16,1989.0,S_conc,0.8423778136948928,1.3469522541248742,True
16,1989.0,S_ref,0.6542845485869002,1.2608637780459981,True
16,1989.0,S_iu_short,0.5211119092868718,1.0347872002059264,True
16,1989.0,S_iu_med,0.5461333718337111,1.2374599250570715,True
16,1989.0,S_iu_long,1.2032904336681423,1.2628589407750366,True
16,1989.0,S_scrap,0.7712179822411843,1.1826293026311223,True
16,1990.0,S_conc,0.8439901599412039,1.3183988800798854,True
16,1990.0,S_ref,0.6679939776954323,1.239211175991129,True
16,1990.0,S_iu_short,0.5295028052461235,1.0538855422683275,True
16,1990.0,S_iu_med,0.5363976287335993,1.2810944806275537,True
16,1990.0,S_iu_long,1.1570208911320863,1.2075836610741397,True
16,1990.0,S_scrap,0.7458918449875392,1.1797177948065458,True
16,1991.0,S_conc,0.8618037702859391,1.3580303936361287,True
16,1991.0,S_ref,0.6447552161736128,1.2684910421904882,True
16,1991.0,S_iu_short,0.5269735545610355,1.0374541207862427,True
16,1991.0,S_iu_med,0.548961134924678,1.230997234602679,True
16,1991.0,S_iu_long,1.2171038405592904,1.2925750066642985,True
16,1991.0,S_scrap,0.6907848096563524,1.1770715631457933,True
16,1992.0,S_conc,0.8254966154135709,1.5562775715616728,True
16,1992.0,S_ref,0.5454829005972267,1.4314428742070064,True
16,1992.0,S_iu_short,0.5262305911097974,1.0335099382020985,True
16,1992.0,S_iu_med,0.5574402843181473,1.199966890167208,True
16,1992.0,S_iu_long,1.2595820734819883,1.341809598268999,True
16,1992.0,S_scrap,0.7490937437933808,1.183668727050969,True
16,1993.0,S_conc,0.5680603278153253,2.3413426553332513,True
16,1993.0,S_ref,0.36226943424221836,2.1651318325667206,True
16,1993.0,S_iu_short,0.5189597687910092,1.039394997451086,True
16,1993.0,S_iu_med,0.5573941174497306,1.1784269612001967,True
16,1993.0,S_iu_long,1.2593463833739806,1.3291043579348432,True
16,1993.0,S_scrap,0.7655087571426323,1.1773618160712032,True
16,1994.0,S_conc,0.5068772658398084,2.5672076083853472,True
16,1994.0,S_ref,0.33637594602458687,2.3752897853579644,True
16,1994.0,S_iu_short,0.5245632684401484,1.0239133255159159,True
16,1994.0,S_iu_med,0.5517220704434659,1.2215733705895149,True
16,1994.0,S_iu_long,1.230758942313456,1.3201691951620245,True
16,1994.0,S_scrap,0.7778704171151373,1.1990463791049932,True
16,1995.0,S_conc,0.7966375867352705,1.9071182067218118,True
16,1995.0,S_ref,0.44340472036036327,1.7460451263250574,True
16,1995.0,S_iu_short,0.5194699738547081,1.0274733509337721,True
16,1995.0,S_iu_med,0.5587203151816055,1.1759221114552434,True
16,1995.0,S_iu_long,1.2661364989225432,1.361217889791171,True
16,1995.0,S_scrap,0.8085459060557488,1.1953619276622498,True
16,1996.0,S_conc,0.8175706493965988,1.571252410746457,True
16,1996.0,S_ref,0.5340004416605831,1.4485187706906213,True
16,1996.0,S_iu_short,0.5222072905410682,1.0434499914446502,True
16,1996.0,S_iu_med,0.5484003709011991,1.220176708860544,True
16,1996.0,S_iu_long,1.2143508000561714,1.2650684800487972,True
16,1996.0,S_scrap,0.8132158446956628,1.1783919956273852,True
16,1997.0,S_conc,0.8377348384518252,1.5037785837905773,True
16,1997.0,S_ref,0.5712881742781721,1.3854758591962757,True
16,1997.0,S_iu_short,0.5219114063162069,1.0295520385946897,True
16,1997.0,S_iu_med,0.5691638113546517,1.1543697038767862,True
16,1997.0,S_iu_long,1.3210677894636436,1.411241037394687,True
16,1997.0,S_scrap,0.8153324637035431,1.196038472560678,True
16,1998.0,S_conc,0.8761669750496535,1.4301067795898812,True
16,1998.0,S_ref,0.6095113076633879,1.3240772975035953,True
16,1998.0,S_iu_short,0.5070675927053787,1.0446788361639305,True
16,1998.0,S_iu_med,0.5740092269253374,1.0980606330954708,True
16,1998.0,S_iu_long,1.3474686852542037,1.429287318264332,True
16,1998.0,S_scrap,0.7892559844578497,1.1826796829025659,True
16,1999.0,S_conc,0.8670144659787838,1.282030416216446,True
16,1999.0,S_ref,0.7011362702828795,1.2137948579701194,True
16,1999.0,S_iu_short,0.5191133704144024,1.0373192528326278,True
16,1999.0,S_iu_med,0.5563547407729175,1.180737537565895,True
16,1999.0,S_iu_long,1.2540531634265564,1.3204589298589404,True
16,1999.0,S_scrap,0.8137063655193206,1.1757078577611375,True
16,2000.0,S_conc,0.8159142317834821,1.237575814601693,True
16,2000.0,S_ref,0.7482833770190442,1.1817081234749183,True
16,2000.0,S_iu_short,0.5189006646847779,1.0445072303394944,True
16,2000.0,S_iu_med,0.560099079416529,1.171378129965932,True
16,2000.0,S_iu_long,1.273239161840423,1.3294766221942238,True
16,2000.0,S_scrap,0.865964494206689,1.1736771405638016,True
16,2001.0,S_conc,0.8604836877691295,1.3829988503979398,True
16,2001.0,S_ref,0.6300390552895784,1.286615255611988,True
16,2001.0,S_iu_short,0.5234731074513146,1.046145776238608,True
16,2001.0,S_iu_med,0.5670181547327927,1.1721798595139938,True
16,2001.0,S_iu_long,1.3095656571532859,1.3631751359768705,True
16,2001.0,S_scrap,0.8197768412751911,1.1740458975311097,True
16,2002.0,S_conc,0.871476602634892,1.6119819398552282,True
16,2002.0,S_ref,0.5279558903208188,1.4779137103503435,True
16,2002.0,S_iu_short,0.5236860931266702,1.0419109355687968,True
16,2002.0,S_iu_med,0.5662833966893382,1.1730739736244096,True
16,2002.0,S_iu_long,1.305653028652264,1.3695507348035545,True
16,2002.0,S_scrap,0.8120610976703008,1.1759074366686835,True
16,2003.0,S_conc,0.4623038686564468,2.7800434299418493,True
16,2003.0,S_ref,0.3161476069137449,2.5815616255219966,True
16,2003.0,S_iu_short,0.5297330852325194,1.0399866419598682,True
16,2003.0,S_iu_med,0.5521377840537353,1.2258370852625582,True
16,2003.0,S_iu_long,1.2328295721199702,1.3015599974776864,True
16,2003.0,S_scrap,0.8045133389765067,1.171532475189499,True
16,2004.0,S_conc,0.7132707324685963,2.060268089377128,True
16,2004.0,S_ref,0.4163210863007434,1.8856338819025014,True
16,2004.0,S_iu_short,0.524594312212916,1.0373816256627553,True
16,2004.0,S_iu_med,0.5653019286828889,1.1766212585582243,True
16,2004.0,S_iu_long,1.3004472897016892,1.3695777293330142,True
16,2004.0,S_scrap,0.8574756557704973,1.1763950177556526,True
16,2005.0,S_conc,0.872592103281412,1.6117157193219438,True
16,2005.0,S_ref,0.529344049683771,1.4771345914470615,True
16,2005.0,S_iu_short,0.5357179805326033,1.0457151795378004,True
16,2005.0,S_iu_med,0.5466558715907912,1.2510902548533709,True
16,2005.0,S_iu_long,1.2058298262492442,1.267255687940841,True
16,2005.0,S_scrap,0.8536838504652857,1.1698896815024211,True
16,2006.0,S_conc,0.8477979125445794,1.3034106308302207,True
16,2006.0,S_ref,0.6944703862916254,1.2266561871969257,True
16,2006.0,S_iu_short,0.5299308876308663,1.0334816611390583,True
16,2006.0,S_iu_med,0.566871656032826,1.1860797081975205,True
16,2006.0,S_iu_long,1.3087844836951794,1.379224228773125,True
16,2006.0,S_scrap,0.8734455623924281,1.1865824388929558,True
16,2007.0,S_conc,0.8302120379842142,1.2303368403109243,True
16,2007.0,S_ref,0.7394440540491825,1.1752982720866243,True
16,2007.0,S_iu_short,0.5204964129911954,1.06460557698369,True
16,2007.0,S_iu_med,0.5706458867080566,1.1626330125081732,True
16,2007.0,S_iu_long,1.3290798178985666,1.3363176477128318,True
16,2007.0,S_scrap,0.8985153725894998,1.1705837477314054,True
16,2008.0,S_conc,0.818231027542833,1.258112719395942,True
16,2008.0,S_ref,0.7244772682166752,1.1936883135005727,True
16,2008.0,S_iu_short,0.5436522776983068,1.0630593914362871,True
16,2008.0,S_iu_med,0.5267212914180912,1.30493760101674,True
16,2008.0,S_iu_long,1.1129198966002785,1.1788377224765767,True
16,2008.0,S_scrap,0.8454073057610718,1.1746854807416212,True
16,2009.0,S_conc,0.7621619614466438,1.928206119538093,True
16,2009.0,S_ref,0.43251527278511237,1.7777437671001672,True
16,2009.0,S_iu_short,0.5374775028359671,1.0625991337334728,True
16,2009.0,S_iu_med,0.549975831733328,1.23116219624327,True
16,2009.0,S_iu_long,1.2221028791667636,1.2674129729329235,True
16,2009.0,S_scrap,0.8220034771249165,1.164326193166569,True
16,2010.0,S_conc,0.8433021072006216,1.3660961931921962,True
16,2010.0,S_ref,0.6442811201022317,1.2734289371031646,True
16,2010.0,S_iu_short,0.5304472580206521,1.0339977162395941,True
16,2010.0,S_iu_med,0.5474264647916997,1.243075521990505,True
16,2010.0,S_iu_long,1.2095856743805018,1.2693917978153895,True
16,2010.0,S_scrap,0.8657364659543985,1.1807629556818324,True
16,2011.0,S_conc,0.8738777067931284,1.4231885200613728,True
16,2011.0,S_ref,0.6214055780090599,1.3140400860861998,True
16,2011.0,S_iu_short,0.5452341241114724,1.0438382398320618,True
16,2011.0,S_iu_med,0.5218351898536601,1.3627611716854588,True
16,2011.0,S_iu_long,1.091329137528868,1.155842388465381,True
16,2011.0,S_scrap,0.8095489465278949,1.1903450061680902,True
16,2012.0,S_conc,0.9018131784101463,1.7734891982748302,True
16,2012.0,S_ref,0.4780412753664462,1.6226522253779434,True
16,2012.0,S_iu_short,0.5449647105891999,1.0533163084346022,True
16,2012.0,S_iu_med,0.5285038262948952,1.3091836525696923,True
16,2012.0,S_iu_long,1.120907985619085,1.1912821525784398,True
16,2012.0,S_scrap,0.7975661592626139,1.170985554395826,True
16,2013.0,S_conc,0.9090164738317119,1.58651726944286,True
16,2013.0,S_ref,0.5311678107629464,1.4603310541713541,True
16,2013.0,S_iu_short,0.5389740415034114,1.0544736059121007,True
16,2013.0,S_iu_med,0.540931273065439,1.2563236814340963,True
16,2013.0,S_iu_long,1.178323073056003,1.2338747407787054,True
16,2013.0,S_scrap,0.8072093494306356,1.1601410910592869,True
16,2014.0,S_conc,0.9073206247260612,1.5104629073280453,True
16,2014.0,S_ref,0.5577133715002048,1.3962920283386397,True
16,2014.0,S_iu_short,0.5329449326140954,1.0522605113053742,True
16,2014.0,S_iu_med,0.5551445559772784,1.2104893799878012,True
16,2014.0,S_iu_long,1.2479212369691122,1.2878700594748413,True
16,2014.0,S_scrap,0.8165133546144697,1.159361979393098,True
16,2015.0,S_conc,0.7341470782187738,1.9642691065000353,True
16,2015.0,S_ref,0.4233476430227889,1.8152396985267352,True
16,2015.0,S_iu_short,0.516565805315172,1.0627209979488745,True
16,2015.0,S_iu_med,0.5814287206477472,1.1395145403313482,True
16,2015.0,S_iu_long,1.3890793499915222,1.3722447420922181,True
16,2015.0,S_scrap,0.8352208594684407,1.167217109641015,True
16,2016.0,S_conc,0.9265243149421444,1.6649025741832657,True
16,2016.0,S_ref,0.4982630674924184,1.5370759053801444,True
16,2016.0,S_iu_short,0.520841506402707,1.059896812677804,True
16,2016.0,S_iu_med,0.5567133610916415,1.1789741821819828,True
16,2016.0,S_iu_long,1.2558766996961799,1.278152751242628,True
16,2016.0,S_scrap,0.8113008295083365,1.1539246600211874,True
16,2017.0,S_conc,0.9205885204959859,1.3192229520021201,True
16,2017.0,S_ref,0.6616983069715329,1.2396027936121268,True
16,2017.0,S_iu_short,0.5258143363457692,1.0498471062373196,True
16,2017.0,S_iu_med,0.5523891446958971,1.2008064798655809,True
16,2017.0,S_iu_long,1.2340834413423878,1.2688146863101495,True
16,2017.0,S_scrap,0.8259169161451865,1.1584510949333553,True
16,2018.0,S_conc,0.924173281003719,1.3169102752805593,True
16,2018.0,S_ref,0.6568429276566495,1.2388116768394282,True
16,2018.0,S_iu_short,0.5226100505917988,1.0654233278472385,True
16,2018.0,S_iu_med,0.5552222870416467,1.1844318572763786,True
16,2018.0,S_iu_long,1.2483140923332074,1.2627715572352305,True
16,2018.0,S_scrap,0.8298925633284883,1.1480796690572246,True
16,2019.0,S_conc,0.9062690890130739,1.5503817875980896,True
16,2019.0,S_ref,0.5352450344226148,1.4360880786900656,True
16,2019.0,S_iu_short,0.5142526311425165,1.0703216870026653,True
16,2019.0,S_iu_med,0.5728476395487534,1.1416561153146234,True
16,2019.0,S_iu_long,1.341085038002818,1.3234204002463144,True
16,2019.0,S_scrap,0.8618869753292565,1.1547020988072352,True
17,1980.0,S_conc,0.856653648211276,1.6056272674306231,True
17,1980.0,S_ref,0.5529037051630437,1.4575249606101073,True
17,1980.0,S_iu_short,0.5107599337766309,1.0218570913255554,True
17,1980.0,S_iu_med,0.5721662743379307,1.0973586371001363,True
17,1980.0,S_iu_long,1.3373566411869657,1.5242369617934013,True
17,1980.0,S_scrap,0.6960190136526444,1.2263873129622074,True
17,1981.0,S_conc,0.8954900488977239,1.654908131277958,True
17,1981.0,S_ref,0.5171548895172544,1.5117120020459875,True
17,1981.0,S_iu_short,0.5169850860328962,1.0272450106258408,True
17,1981.0,S_iu_med,0.5597380951160289,1.1652790509343889,True
17,1981.0,S_iu_long,1.2713752630120139,1.396148239505744,True
17,1981.0,S_scrap,0.6606813749371782,1.19760743056251,True
17,1982.0,S_conc,0.8809730075991893,1.6548711089861872,True
17,1982.0,S_ref,0.5138141187471167,1.5144042444218744,True
17,1982.0,S_iu_short,0.5202636445957672,1.0330439887400669,True
17,1982.0,S_iu_med,0.5656868849291555,1.1601895464040308,True
17,1982.0,S_iu_long,1.3024863060763925,1.4076788302614407,True
17,1982.0,S_scrap,0.6808157937745958,1.1904811044231478,True
17,1983.0,S_conc,0.8566747666340881,1.4814157875530671,True
17,1983.0,S_ref,0.577906490723855,1.3678587496873575,True
17,1983.0,S_iu_short,0.5201061651686404,1.0384448328876092,True
17,1983.0,S_iu_med,0.5525911957766382,1.202168693085316,True
17,1983.0,S_iu_long,1.2350923597398984,1.3098359814010765,True
17,1983.0,S_scrap,0.7271035279542192,1.175952991523855,True
17,1984.0,S_conc,0.884619387403653,1.494606204867709,True
17,1984.0,S_ref,0.5753891624412244,1.3769964782880904,True
17,1984.0,S_iu_short,0.5243430854576521,1.0340735309710347,True
17,1984.0,S_iu_med,0.5525448222442535,1.2151590734648345,True
17,1984.0,S_iu_long,1.2348607183754003,1.3243465928852154,True
17,1984.0,S_scrap,0.6781308344136534,1.1796525262070312,True
17,1985.0,S_conc,0.9030838230095023,1.5372951990804933,True
17,1985.0,S_ref,0.5588481481354806,1.4114258626657397,True
17,1985.0,S_iu_short,0.5141112925787877,1.0365641975966025,True
17,1985.0,S_iu_med,0.5627687335070168,1.1483556339413081,True
17,1985.0,S_iu_long,1.287119144111,1.4005871107909242,True
17,1985.0,S_scrap,0.6022599085935337,1.1811162286693466,True
17,1986.0,S_conc,0.9342495910225357,1.414793287828937,True
17,1986.0,S_ref,0.6073952617413593,1.3137823122268086,True
17,1986.0,S_iu_short,0.5081506605599246,1.066611908203338,True
17,1986.0,S_iu_med,0.5481875162471662,1.2027157526845855,True
17,1986.0,S_iu_long,1.2133075910028528,1.3000303462771097,True
17,1986.0,S_scrap,0.42663977009911347,1.161815192723248,True
17,1987.0,S_conc,0.9081330844903249,1.3146720246557984,True
17,1987.0,S_ref,0.6678426050367156,1.2364287892286818,True
17,1987.0,S_iu_short,0.5049109492680235,1.0830892840936328,True
17,1987.0,S_iu_med,0.5472594349251475,1.1843390260527265,True
17,1987.0,S_iu_long,1.208770490522907,1.2485541920586174,True
17,1987.0,S_scrap,0.5868346675381891,1.1746268969224225,True
17,1988.0,S_conc,0.8701795852237352,1.3409133654732728,True
17,1988.0,S_ref,0.6461017718447081,1.2573179560207968,True
17,1988.0,S_iu_short,0.5036179161744243,1.102181644546406,True
17,1988.0,S_iu_med,0.5467422507797294,1.1725056236210947,True
17,1988.0,S_iu_long,1.2062502002895221,1.211843021023676,True
17,1988.0,S_scrap,0.7258776648985952,1.167914357112974,True
17,1989.0,S_conc,0.8261576087763141,1.328581564482212,True
17,1989.0,S_ref,0.6617744780100521,1.2478907117397395,True
17,1989.0,S_iu_short,0.5192613529893549,1.0405938293851926,True
17,1989.0,S_iu_med,0.5477525196139866,1.2206260406288405,True
17,1989.0,S_iu_long,1.2111787093793325,1.2652864095431438,True
17,1989.0,S_scrap,0.7906257870738616,1.1809356137114548,True
17,1990.0,S_conc,0.8481848970057134,1.3362935683708919,True
17,1990.0,S_ref,0.6626443159110299,1.2524933832838772,True
17,1990.0,S_iu_short,0.5244886281332788,1.034795386563554,True
17,1990.0,S_iu_med,0.561886934680378,1.1843515195127179,True
17,1990.0,S_iu_long,1.2825158142007422,1.3705022942859373,True
17,1990.0,S_scrap,0.7411303483233839,1.1872490508488696,True
17,1991.0,S_conc,0.8575028224244727,1.346467160454468,True
17,1991.0,S_ref,0.6475098986532045,1.2606332154759643,True
17,1991.0,S_iu_short,0.5170414481278971,1.0516554722428038,True
17,1991.0,S_iu_med,0.5552141695591424,1.1810579639254684,True
17,1991.0,S_iu_long,1.2482730598877927,1.3050213380577078,True
17,1991.0,S_scrap,0.7054955588389488,1.158482911180173,True
17,1992.0,S_conc,0.829212379920029,1.5628927992012704,True
17,1992.0,S_ref,0.5376007886665568,1.440169394878427,True
17,1992.0,S_iu_short,0.5282886923640846,1.051088304186113,True
17,1992.0,S_iu_med,0.5414694257827303,1.2541930107720631,True
17,1992.0,S_iu_long,1.180879653896669,1.2326322786362418,True
17,1992.0,S_scrap,0.7455492397140653,1.1693068609795445,True
17,1993.0,S_conc,0.552028139874145,2.373355951984509,True
17,1993.0,S_ref,0.3556817854597078,2.201208636569424,True
17,1993.0,S_iu_short,0.5209897389311787,1.0558091349384828,True
17,1993.0,S_iu_med,0.5414595211938673,1.2454371981796768,True
17,1993.0,S_iu_long,1.1808325463514686,1.2151228392427744,True
17,1993.0,S_scrap,0.7583643292402849,1.173943267024921,True
17,1994.0,S_conc,0.5089717386706535,2.5057004691804643,True
17,1994.0,S_ref,0.3372970650325355,2.334057656859859,True
17,1994.0,S_iu_short,0.512658800377967,1.0762290670127308,True
17,1994.0,S_iu_med,0.5447917438264082,1.2056593003421872,True
17,1994.0,S_iu_long,1.1967967110391207,1.211070143550253,True
17,1994.0,S_scrap,0.7909827170083681,1.165841520590897,True
17,1995.0,S_conc,0.8083367733815194,1.8668474946913094,True
17,1995.0,S_ref,0.44700566027309235,1.7162718497760496,True
17,1995.0,S_iu_short,0.5236957796178277,1.0460965760153278,True
17,1995.0,S_iu_med,0.5414669295604762,1.2573024965060469,True
17,1995.0,S_iu_long,1.180867781338992,1.2198286895750206,True
17,1995.0,S_scrap,0.816344424441803,1.1838242078276002,True
17,1996.0,S_conc,0.8175600388501942,1.5816581119105324,True
17,1996.0,S_ref,0.5327130225659242,1.4558679835485009,True
17,1996.0,S_iu_short,0.5240613972426779,1.0362416672549586,True
17,1996.0,S_iu_med,0.5509916777281911,1.2163850797304574,True
17,1996.0,S_iu_long,1.2271302120646355,1.290408585469989,True
17,1996.0,S_scrap,0.8151118011975972,1.182333747802141,True
17,1997.0,S_conc,0.824484896127656,1.4705167783909734,True
17,1997.0,S_ref,0.5808199478929297,1.3601481859405555,True
17,1997.0,S_iu_short,0.5347251494191274,1.0440852187164518,True
17,1997.0,S_iu_med,0.5422350506432827,1.2630889971948072,True
17,1997.0,S_iu_long,1.1845272369701274,1.2423000764754024,True
17,1997.0,S_scrap,0.8306639175510409,1.1735679827033314,True
17,1998.0,S_conc,0.8794467522039697,1.408218620467206,True
17,1998.0,S_ref,0.6138911268245655,1.3085617126859395,True
17,1998.0,S_iu_short,0.5244048462044403,1.03622925630397,True
17,1998.0,S_iu_med,0.5540315395816261,1.2036805215272754,True
17,1998.0,S_iu_long,1.2423110348697652,1.3103824481144206,True
17,1998.0,S_scrap,0.7785423640345608,1.1734319735374654,True
17,1999.0,S_conc,0.8665700390921568,1.2947889955449532,True
17,1999.0,S_ref,0.6848953114746228,1.22293890045994,True
17,1999.0,S_iu_short,0.516218107729166,1.0488979442023951,True
17,1999.0,S_iu_med,0.5536992507549552,1.180605236741193,True
17,1999.0,S_iu_long,1.2406415442761052,1.2884297601980723,True
17,1999.0,S_scrap,0.8148794673450146,1.1667795956333045,True
17,2000.0,S_conc,0.8184515489793598,1.2325958537881756,True
17,2000.0,S_ref,0.7553440162084258,1.1782004626158664,True
17,2000.0,S_iu_short,0.5324816405580173,1.055671417489467,True
17,2000.0,S_iu_med,0.533546347330498,1.2900171579655033,True
17,2000.0,S_iu_long,1.1438357150319787,1.185602040235764,True
17,2000.0,S_scrap,0.8649666406541678,1.1759047450150986,True
17,2001.0,S_conc,0.8477039537958357,1.3687207302818454,True
17,2001.0,S_ref,0.641395263491521,1.2748832796543297,True
17,2001.0,S_iu_short,0.5355073117736466,1.043138671535525,True
17,2001.0,S_iu_med,0.5531195968557084,1.2335380287193127,True
17,2001.0,S_iu_long,1.2377351814129867,1.3036955906049155,True
17,2001.0,S_scrap,0.8335981860582901,1.1773740468552678,True
17,2002.0,S_conc,0.8646536658627451,1.6195025114184949,True
17,2002.0,S_ref,0.5263113236968141,1.4837654025766296,True
17,2002.0,S_iu_short,0.5319757011212856,1.0411139869094548,True
17,2002.0,S_iu_med,0.5605121117482309,1.2075508228676828,True
17,2002.0,S_iu_long,1.2753755603547614,1.342016065300127,True
17,2002.0,S_scrap,0.8203292475336692,1.1748028326953122,True
17,2003.0,S_conc,0.45018714086286193,2.8278520383909265,True
17,2003.0,S_ref,0.3104338248338076,2.6319559305126923,True
17,2003.0,S_iu_short,0.5197447182185463,1.0431310432982492,True
17,2003.0,S_iu_med,0.5642531061585545,1.165708805063076,True
17,2003.0,S_iu_long,1.2949102199770774,1.3602686570110716,True
17,2003.0,S_scrap,0.8156826342286977,1.1731907322311252,True
17,2004.0,S_conc,0.72609028701871,2.0213103334254576,True
17,2004.0,S_ref,0.42065602968707255,1.854452028690722,True
17,2004.0,S_iu_short,0.5341769697848356,1.0538593036973143,True
17,2004.0,S_iu_med,0.5353083825784074,1.2868026214918427,True
17,2004.0,S_iu_long,1.1519647923684142,1.2023941213561704,True
17,2004.0,S_scrap,0.8565507776942229,1.1757452556772336,True
17,2005.0,S_conc,0.8718818193695785,1.6557323567758364,True
17,2005.0,S_ref,0.5152575970510063,1.515254936169735,True
17,2005.0,S_iu_short,0.538717877234001,1.0444729028155906,True
17,2005.0,S_iu_med,0.5389299086742569,1.2852986832501556,True
17,2005.0,S_iu_long,1.1688676381602607,1.2334545602975797,True
17,2005.0,S_scrap,0.8581967042033762,1.180167056689606,True
17,2006.0,S_conc,0.8460221276143647,1.3280303899812804,True
17,2006.0,S_ref,0.693893649977524,1.243252208624288,True
17,2006.0,S_iu_short,0.5511516840294688,1.0466002273941404,True
17,2006.0,S_iu_med,0.5129248233440186,1.4103331036692457,True
17,2006.0,S_iu_long,1.0530711642204968,1.1277847542304293,True
17,2006.0,S_scrap,0.8749279513443542,1.2066086127737674,True
17,2007.0,S_conc,0.8293234953148937,1.3060102760328862,True
17,2007.0,S_ref,0.7177559847523263,1.229238694351227,True
17,2007.0,S_iu_short,0.5521299278425605,1.0417683945196121,True
17,2007.0,S_iu_med,0.5060898279757682,1.4736471867754595,True
17,2007.0,S_iu_long,1.0246596580540537,1.0911035558422555,True
17,2007.0,S_scrap,0.8961381031250554,1.2448712630317904,True
17,2008.0,S_conc,0.8252938607089484,1.5693949881562794,True
17,2008.0,S_ref,0.5550606221277782,1.4338163742296932,True
17,2008.0,S_iu_short,0.5509902407684415,1.0329101345593101,True
17,2008.0,S_iu_med,0.522663175578061,1.3960854746402356,True
17,2008.0,S_iu_long,1.0949567450845903,1.1731597542284504,True
17,2008.0,S_scrap,0.8774033604350155,1.2407435998770724,True
17,2009.0,S_conc,0.2851364741070645,4.138943986241647,True
17,2009.0,S_ref,0.22187252471001756,3.9250388910066314,True
17,2009.0,S_iu_short,0.528632405344636,1.0230378518348873,True
17,2009.0,S_iu_med,0.5479398741801296,1.2502188024238117,True
17,2009.0,S_iu_long,1.2120951238209048,1.2923276140553088,True
17,2009.0,S_scrap,0.8212926860157348,1.208245567033251,True
17,2010.0,S_conc,0.8227240651815921,1.5303373202764137,True
17,2010.0,S_ref,0.575171443796363,1.3995624577671337,True
17,2010.0,S_iu_short,0.5338119201553839,1.0359976125936585,True
17,2010.0,S_iu_med,0.5198785369192732,1.4436437324864673,True
17,2010.0,S_iu_long,1.0828062831922634,1.0860415942685118,True
17,2010.0,S_scrap,0.8791740599042591,1.2317360798759414,True
17,2011.0,S_conc,0.8708480951457622,1.8283536094239974,True
17,2011.0,S_ref,0.47426632854293305,1.6601332596328073,True
17,2011.0,S_iu_short,0.5362318852244786,1.023894603480216,True
17,2011.0,S_iu_med,0.5259004908451721,1.4105584551275652,True
17,2011.0,S_iu_long,1.1092618336236824,1.1390109148709757,True
17,2011.0,S_scrap,0.848635977156337,1.2330600929426665,True
17,2012.0,S_conc,0.6176058984415836,2.2744784422364077,True
17,2012.0,S_ref,0.3818024520290083,2.084337598961098,True
17,2012.0,S_iu_short,0.5325179775734182,1.0211439350162994,True
17,2012.0,S_iu_med,0.5326378631826111,1.3623070354643958,True
17,2012.0,S_iu_long,1.139668409618572,1.1794609482697467,True
17,2012.0,S_scrap,0.8312897141317169,1.2268428135711658,True
17,2013.0,S_conc,0.7721263460612722,1.984335582954401,True
17,2013.0,S_ref,0.43570614915657685,1.806854571743849,True
17,2013.0,S_iu_short,0.535081903190553,1.0243046568106597,True
17,2013.0,S_iu_med,0.5266723384291858,1.400214603836806,True
17,2013.0,S_iu_long,1.1127013719868784,1.138932912246943,True
17,2013.0,S_scrap,0.8510506356450348,1.2302085007995838,True
17,2014.0,S_conc,0.8797816617064179,1.7688561935317433,True
17,2014.0,S_ref,0.4884186946087623,1.608691285157959,True
17,2014.0,S_iu_short,0.5393143239223847,1.0256184174348202,True
17,2014.0,S_iu_med,0.5266986684332897,1.3851089823695792,True
17,2014.0,S_iu_long,1.1128189026847335,1.156254097022804,True
17,2014.0,S_scrap,0.8496834428152888,1.220761989319517,True
17,2015.0,S_conc,0.5961436929251483,2.299919739816411,True
17,2015.0,S_ref,0.3734899906365164,2.1195751398003964,True
17,2015.0,S_iu_short,0.5257648518170259,1.0257076059046109,True
17,2015.0,S_iu_med,0.5402930699578573,1.283078675384508,True
17,2015.0,S_iu_long,1.1752989451525715,1.2190347754459554,True
17,2015.0,S_scrap,0.811454887565275,1.1966962252688746,True
17,2016.0,S_conc,0.4794918467949421,2.675622631157019,True
17,2016.0,S_ref,0.32409225358941757,2.4900498906234265,True
17,2016.0,S_iu_short,0.5166568925678592,1.0278407760354908,True
17,2016.0,S_iu_med,0.5450771522750668,1.2343469568878083,True
17,2016.0,S_iu_long,1.198174932301147,1.2425227199804725,True
17,2016.0,S_scrap,0.7807633680576337,1.1904142474912365,True
17,2017.0,S_conc,0.9165127243620699,1.4829554005628935,True
17,2017.0,S_ref,0.5777168433085724,1.368712392615295,True
17,2017.0,S_iu_short,0.5196254414805965,1.0294559491533841,True
17,2017.0,S_iu_med,0.5380041652763697,1.2997282515787385,True
17,2017.0,S_iu_long,1.164521679287884,1.171703810313518,True
17,2017.0,S_scrap,0.820777561407231,1.197281894842155,True
17,2018.0,S_conc,0.9249702659791846,1.4476159644693183,True
17,2018.0,S_ref,0.5950701451661283,1.3391035279926302,True
17,2018.0,S_iu_short,0.523182158296953,1.024269286587592,True
17,2018.0,S_iu_med,0.5400937877602738,1.2831079455824534,True
17,2018.0,S_iu_long,1.1743563652468123,1.2076613212693343,True
17,2018.0,S_scrap,0.8133185059451565,1.1999317509260605,True
17,2019.0,S_conc,0.9073480222954579,1.5053533446728287,True
17,2019.0,S_ref,0.5659369953563458,1.3886815633347738,True
17,2019.0,S_iu_short,0.5216948155451451,1.0313077782430253,True
17,2019.0,S_iu_med,0.5364597585003759,1.305690467392932,True
17,2019.0,S_iu_long,1.157310003474231,1.1626150008419527,True
17,2019.0,S_scrap,0.8422010600093922,1.2009297383091004,True
18,1980.0,S_conc,0.8517416746509737,1.6563046563573116,True
18,1980.0,S_ref,0.530690708194288,1.5030208223207326,True
18,1980.0,S_iu_short,0.5093796160585276,1.022864522575999,True
18,1980.0,S_iu_med,0.571752718965862,1.0923563006555141,True
18,1980.0,S_iu_long,1.3350994724010503,1.5180656276540276,True
18,1980.0,S_scrap,0.7320089887180653,1.2294279032427013,True
18,1981.0,S_conc,0.888222143578161,1.6362838499364256,True
18,1981.0,S_ref,0.5141281737648218,1.5028819710481633,True
18,1981.0,S_iu_short,0.5199058935940815,1.0390903575237234,True
18,1981.0,S_iu_med,0.5498729404033244,1.2155963586697747,True
18,1981.0,S_iu_long,1.2215949445386007,1.2976933303240612,True
18,1981.0,S_scrap,0.6825691995915716,1.1846712457353037,True
18,1982.0,S_conc,0.8804746381101777,1.5948984599645477,True
18,1982.0,S_ref,0.5332946528370454,1.4630028014896053,True
18,1982.0,S_iu_short,0.5161803816238485,1.032819464859449,True
18,1982.0,S_iu_med,0.5602333259657096,1.1615219077409589,True
18,1982.0,S_iu_long,1.2739331082691958,1.379918915449144,True
18,1982.0,S_scrap,0.6820355133536256,1.1910225785409614,True
18,1983.0,S_conc,0.8644937802437169,1.5295503356493076,True
18,1983.0,S_ref,0.570927421667545,1.4012991502326897,True
18,1983.0,S_iu_short,0.5123413801878535,1.0263879553200757,True
18,1983.0,S_iu_med,0.5672322050917515,1.120308840759861,True
18,1983.0,S_iu_long,1.3107079865127464,1.452551600248898,True
18,1983.0,S_scrap,0.7146923489058831,1.204224310684088,True
18,1984.0,S_conc,0.8854344958945658,1.4756965284328496,True
18,1984.0,S_ref,0.5816176018016718,1.3623631337146296,True
18,1984.0,S_iu_short,0.5225564552028893,1.0360323888518663,True
18,1984.0,S_iu_med,0.5511849356174043,1.2164836568407849,True
18,1984.0,S_iu_long,1.228089205017287,1.3131621666804232,True
18,1984.0,S_scrap,0.6692174554101663,1.180777291172974,True
18,1985.0,S_conc,0.9098877447450652,1.541978209049268,True
18,1985.0,S_ref,0.5548003879917829,1.4165506531340244,True
18,1985.0,S_iu_short,0.5165983688609854,1.0385227060174902,True
18,1985.0,S_iu_med,0.5581114765830065,1.1731889051959326,True
18,1985.0,S_iu_long,1.2630141925101273,1.3679340203993104,True
18,1985.0,S_scrap,0.5807411565774949,1.175461951917631,True
18,1986.0,S_conc,0.9352161775047765,1.440435583385504,True
18,1986.0,S_ref,0.6007655461517009,1.3322583735685443,True
18,1986.0,S_iu_short,0.5059930032176471,1.0570077156032844,True
18,1986.0,S_iu_med,0.5563717553239582,1.1578536095521765,True
18,1986.0,S_iu_long,1.2541396135186276,1.3725849551208535,True
18,1986.0,S_scrap,0.4200349028444748,1.1655503997683248,True
18,1987.0,S_conc,0.9057970403878479,1.337774259755296,True
18,1987.0,S_ref,0.661789664426142,1.2528803996753763,True
18,1987.0,S_iu_short,0.5050280497739934,1.0590025844745161,True
18,1987.0,S_iu_med,0.5556856245863446,1.1399006535841514,True
18,1987.0,S_iu_long,1.2506586672308386,1.3402629150159941,True
18,1987.0,S_scrap,0.5967998614113865,1.1760965929746294,True
18,1988.0,S_conc,0.8664181306128481,1.3533158189613903,True
18,1988.0,S_ref,0.6465746952969177,1.2660261383889198,True
18,1988.0,S_iu_short,0.5054703904910347,1.0589821375375756,True
18,1988.0,S_iu_med,0.5550569650927885,1.1355324483521947,True
18,1988.0,S_iu_long,1.247478714232576,1.3216354296934596,True
18,1988.0,S_scrap,0.7328689305363227,1.1799255637340487,True
18,1989.0,S_conc,0.8375476726508948,1.330493647659214,True
18,1989.0,S_ref,0.658086640810185,1.2496379221630463,True
18,1989.0,S_iu_short,0.5123113033512176,1.0485618782897146,True
18,1989.0,S_iu_med,0.554735022306952,1.1664738973388575,True
18,1989.0,S_iu_long,1.2458537053173973,1.3080369052912673,True
18,1989.0,S_scrap,0.7820740592460277,1.1788148045859843,True
18,1990.0,S_conc,0.8432814655629036,1.3410570809759175,True
18,1990.0,S_ref,0.6620614403112818,1.2559715370418498,True
18,1990.0,S_iu_short,0.5144798920594288,1.0389611707091773,True
18,1990.0,S_iu_med,0.5701808925944394,1.1334735245424874,True
18,1990.0,S_iu_long,1.3265601337179245,1.4162417812381576,True
18,1990.0,S_scrap,0.7458383827073155,1.1867537078342012,True
18,1991.0,S_conc,0.8604747409623333,1.3401515329685578,True
18,1991.0,S_ref,0.6568816704749405,1.255221542551388,True
18,1991.0,S_iu_short,0.51293152428483,1.046190758220139,True
18,1991.0,S_iu_med,0.5665535312638063,1.1384737179523816,True
18,1991.0,S_iu_long,1.307089968723738,1.380556364837799,True
18,1991.0,S_scrap,0.6949638146377841,1.1685202119791458,True
18,1992.0,S_conc,0.828542535594433,1.5818681968269808,True
18,1992.0,S_ref,0.5358247016305023,1.4532806485864693,True
18,1992.0,S_iu_short,0.5308276725967233,1.0357384410943928,True
18,1992.0,S_iu_med,0.5481915475410105,1.2427950514080743,True
18,1992.0,S_iu_long,1.2133273394011366,1.2875710677578869,True
18,1992.0,S_scrap,0.7469914396817696,1.1808191932746246,True
18,1993.0,S_conc,0.5531704866767054,2.401363361852173,True
18,1993.0,S_ref,0.35615567732059833,2.2175037545695235,True
18,1993.0,S_iu_short,0.5249258769684048,1.0287375589671302,True
18,1993.0,S_iu_med,0.5544747787283544,1.2078235903865329,True
18,1993.0,S_iu_long,1.2445418401807604,1.3311729485066928,True
18,1993.0,S_scrap,0.7583661793544391,1.1918509363264642,True
18,1994.0,S_conc,0.5289480106516965,2.471562617549589,True
18,1994.0,S_ref,0.3459555242995074,2.2888195314989663,True
18,1994.0,S_iu_short,0.5163396274993448,1.0350643522429894,True
18,1994.0,S_iu_med,0.556944227545079,1.1711408442272164,True
18,1994.0,S_iu_long,1.2570521865884179,1.337199991998711,True
18,1994.0,S_scrap,0.7851844811909954,1.1858622109850747,True
18,1995.0,S_conc,0.7979419359254751,1.8737810429599295,True
18,1995.0,S_ref,0.443808512378205,1.72533312613263,True
18,1995.0,S_iu_short,0.5117264512391579,1.0540365534910667,True
18,1995.0,S_iu_med,0.5559751675134539,1.1598883068868433,True
18,1995.0,S_iu_long,1.2521262930273158,1.304848647871845,True
18,1995.0,S_scrap,0.8149301443597613,1.1786566517248784,True
18,1996.0,S_conc,0.8196036864300988,1.6245878378055734,True
18,1996.0,S_ref,0.5236703523287498,1.4888000436079207,True
18,1996.0,S_iu_short,0.5159593656283461,1.0307118549671217,True
18,1996.0,S_iu_med,0.571264465733919,1.1290132364902346,True
18,1996.0,S_iu_long,1.3324402109841957,1.4297673618763755,True
18,1996.0,S_scrap,0.8134618635155849,1.2011616694366225,True
18,1997.0,S_conc,0.8368793793156972,1.4791782221454117,True
18,1997.0,S_ref,0.5779807653177645,1.3669383608923928,True
18,1997.0,S_iu_short,0.5156731673749209,1.039410675583945,True
18,1997.0,S_iu_med,0.5681229592686293,1.139339293937079,True
18,1997.0,S_iu_long,1.315473863362892,1.3871878806785227,True
18,1997.0,S_scrap,0.8142951211354847,1.1817105939231736,True
18,1998.0,S_conc,0.8698118510452599,1.407754526055077,True
18,1998.0,S_ref,0.6130665480525704,1.3086451046392709,True
18,1998.0,S_iu_short,0.509640033131984,1.048991515440699,True
18,1998.0,S_iu_med,0.5698087199844998,1.1182452726939882,True
18,1998.0,S_iu_long,1.3245473501089304,1.3864289343519027,True
18,1998.0,S_scrap,0.7993808904818539,1.1760921726093196,True
18,1999.0,S_conc,0.8690546299967759,1.2905467690891441,True
18,1999.0,S_ref,0.6987805863911032,1.2199339391768111,True
18,1999.0,S_iu_short,0.5079169411601183,1.0511986670930422,True
18,1999.0,S_iu_med,0.5704774115555749,1.1110873432656283,True
18,1999.0,S_iu_long,1.3281662639015956,1.3906621864198425,True
18,1999.0,S_scrap,0.8127437140525947,1.1714732580940121,True
18,2000.0,S_conc,0.825000602789253,1.2638240838918589,True
18,2000.0,S_ref,0.746681800615154,1.201232222600031,True
18,2000.0,S_iu_short,0.5161325537721158,1.0347301782802136,True
18,2000.0,S_iu_med,0.5793991380651695,1.1207680776346955,True
18,2000.0,S_iu_long,1.377551000251977,1.4558116275142505,True
18,2000.0,S_scrap,0.8582593788538243,1.185452511589387,True
18,2001.0,S_conc,0.8612028859658934,1.3885722838807073,True
18,2001.0,S_ref,0.6385233446175185,1.2884709307351345,True
18,2001.0,S_iu_short,0.5223953346524921,1.036410229180414,True
18,2001.0,S_iu_med,0.5768622519714777,1.1474017366664404,True
18,2001.0,S_iu_long,1.3632965970518736,1.4344917649048057,True
18,2001.0,S_scrap,0.816555631465545,1.185722093369738,True
18,2002.0,S_conc,0.8737991105770608,1.6144762273120392,True
18,2002.0,S_ref,0.5329966698232783,1.4755139971446574,True
18,2002.0,S_iu_short,0.5234293055889614,1.0341594377206924,True
18,2002.0,S_iu_med,0.5732713493486667,1.155428444546241,True
18,2002.0,S_iu_long,1.3434095612602044,1.4249519805259891,True
18,2002.0,S_scrap,0.8069703342129287,1.1893778659351797,True
18,2003.0,S_conc,0.42317041859001275,2.9626775743124014,True
18,2003.0,S_ref,0.2973434615154967,2.765848759332795,True
18,2003.0,S_iu_short,0.5132590449043206,1.0454122738595066,True
18,2003.0,S_iu_med,0.5700380462330061,1.1324344579746588,True
18,2003.0,S_iu_long,1.3257871800952947,1.3956611789192943,True
18,2003.0,S_scrap,0.8112774105458771,1.1848282523751499,True
18,2004.0,S_conc,0.8009193339236815,1.9302603457028014,True
18,2004.0,S_ref,0.4447280446363526,1.7612879746150003,True
18,2004.0,S_iu_short,0.5131262870558356,1.0374119740717185,True
18,2004.0,S_iu_med,0.5772203930043796,1.1148335445506552,True
18,2004.0,S_iu_long,1.3652985703502938,1.4492183694367426,True
18,2004.0,S_scrap,0.8656644124969176,1.198663526275087,True
18,2005.0,S_conc,0.8732343529597146,1.7660971144942008,True
18,2005.0,S_ref,0.4868170516557337,1.6090443727460235,True
18,2005.0,S_iu_short,0.5075559592776583,1.0458736030384401,True
18,2005.0,S_iu_med,0.5863222719347636,1.0926845333152577,True
18,2005.0,S_iu_long,1.4173406788830105,1.4800352786691517,True
18,2005.0,S_scrap,0.8561899702005991,1.1987551079825294,True
18,2006.0,S_conc,0.8563998261106739,1.3380433705907613,True
18,2006.0,S_ref,0.708402240700601,1.2513059738716235,True
18,2006.0,S_iu_short,0.4987792172561959,1.0451522377991043,True
18,2006.0,S_iu_med,0.6078910618266749,1.0579428325654607,True
18,2006.0,S_iu_long,1.5503116676161228,1.6056876657831354,True
18,2006.0,S_scrap,0.8709969392360368,1.232982194369676,True
18,2007.0,S_conc,0.8257980052778202,1.2930423801944877,True
18,2007.0,S_ref,0.7367692447927948,1.222502948653803,True
18,2007.0,S_iu_short,0.5123544578736121,1.0310853149660482,True
18,2007.0,S_iu_med,0.5966971006934362,1.0870211375720764,True
18,2007.0,S_iu_long,1.479525938740815,1.55867554279921,True
18,2007.0,S_scrap,0.8947198778803838,1.2197037559033725,True
18,2008.0,S_conc,0.8447603804346023,1.893221968961764,True
18,2008.0,S_ref,0.45792417779244987,1.7193249788041272,True
18,2008.0,S_iu_short,0.5312668987331917,1.0341227292783466,True
18,2008.0,S_iu_med,0.5955556904205324,1.1402723347208739,True
18,2008.0,S_iu_long,1.4725282970102318,1.5339462773857868,True
18,2008.0,S_scrap,0.8275964433171835,1.2322654526782386,True
18,2009.0,S_conc,0.5155278294900436,2.5718168241516355,True
18,2009.0,S_ref,0.3401638818229503,2.3730194186290006,True
18,2009.0,S_iu_short,0.5249822849392572,1.0321760494336414,True
18,2009.0,S_iu_med,0.5900127449410818,1.1298002235346305,True
18,2009.0,S_iu_long,1.4391002102157848,1.5101214733387518,True
18,2009.0,S_scrap,0.8071732438344038,1.2415328549192426,True
18,2010.0,S_conc,0.8622079683808457,1.6607550155559807,True
18,2010.0,S_ref,0.5223904239622944,1.5127907285166566,True
18,2010.0,S_iu_short,0.5176411434019275,1.0234262578073843,True
18,2010.0,S_iu_med,0.5793973446248931,1.1142256715670509,True
18,2010.0,S_iu_long,1.3775408624279084,1.4879247677525311,True
18,2010.0,S_scrap,0.8836811278812913,1.221835550610947,True
18,2011.0,S_conc,0.5945661113214408,2.3392746888444957,True
18,2011.0,S_ref,0.3728701538932838,2.1440745628925995,True
18,2011.0,S_iu_short,0.5209403819368286,1.0270972206345255,True
18,2011.0,S_iu_med,0.5865814528687286,1.116787443632969,True
18,2011.0,S_iu_long,1.4188561614834216,1.5127423406070204,True
18,2011.0,S_scrap,0.8195461443206676,1.2376884469965932,True
18,2012.0,S_conc,0.5006955414130261,2.617063403730102,True
18,2012.0,S_ref,0.3336423195750824,2.421528632899766,True
18,2012.0,S_iu_short,0.5208803946817329,1.0298553716110286,True
18,2012.0,S_iu_med,0.5836941454747399,1.1240005112055211,True
18,2012.0,S_iu_long,1.4020800791772752,1.4829058194399325,True
18,2012.0,S_scrap,0.8152232015694928,1.2354591938479575,True
18,2013.0,S_conc,0.7847025161528636,1.9381801189324301,True
18,2013.0,S_ref,0.4396825291894485,1.7724118430171232,True
18,2013.0,S_iu_short,0.5214579463702812,1.0272527938579,True
18,2013.0,S_iu_med,0.57959379949554,1.129246922749799,True
18,2013.0,S_iu_long,1.3786518819181672,1.4632375676457492,True
18,2013.0,S_scrap,0.8458835396234268,1.2318334219367746,True
18,2014.0,S_conc,0.7832789050121679,1.9435449189769483,True
18,2014.0,S_ref,0.4392352215969399,1.7764881303381237,True
18,2014.0,S_iu_short,0.5226289749109225,1.0266714007114977,True
18,2014.0,S_iu_med,0.5805407143174498,1.1302278354301065,True
18,2014.0,S_iu_long,1.384021606227612,1.4673372043896342,True
18,2014.0,S_scrap,0.8462679734407165,1.2284440489686914,True
18,2015.0,S_conc,0.7972605844268996,1.9239629591426795,True
18,2015.0,S_ref,0.4435976570871751,1.7580159957944579,True
18,2015.0,S_iu_short,0.5252045427701374,1.0273410967558119,True
18,2015.0,S_iu_med,0.5821967413552408,1.1355797980789413,True
18,2015.0,S_iu_long,1.3934710400386288,1.471101592039414,True
18,2015.0,S_scrap,0.8462009194035294,1.2295674396440306,True
18,2016.0,S_conc,0.727304504292767,2.028434848797382,True
18,2016.0,S_ref,0.42106328240633917,1.857567714448242,True
18,2016.0,S_iu_short,0.5200467039246031,1.0283411472590567,True
18,2016.0,S_iu_med,0.5810867948597493,1.1217370266399935,True
18,2016.0,S_iu_long,1.3871293330684182,1.4608070980341918,True
18,2016.0,S_scrap,0.8440254727672908,1.2148272342908675,True
18,2017.0,S_conc,0.8952529086955903,1.4525045209846457,True
18,2017.0,S_ref,0.5955063864769815,1.3422787013449695,True
18,2017.0,S_iu_short,0.5071078773746582,1.042104573410763,True
18,2017.0,S_iu_med,0.5798052550078019,1.0874895487147191,True
18,2017.0,S_iu_long,1.3798488960602477,1.4392665130026414,True
18,2017.0,S_scrap,0.8679225030131391,1.195754833450502,True
18,2018.0,S_conc,0.9067083288853605,1.4509053754841712,True
18,2018.0,S_ref,0.5900679630235173,1.3433690969602485,True
18,2018.0,S_iu_short,0.5083655590370687,1.04816619670913,True
18,2018.0,S_iu_med,0.580146636892689,1.0988441310889843,True
18,2018.0,S_iu_long,1.3817839461831543,1.4144027484501742,True
18,2018.0,S_scrap,0.859532953312979,1.1866244461184905,True
18,2019.0,S_conc,0.8812076287736841,1.488897892406727,True
18,2019.0,S_ref,0.5807337395880444,1.3713578870114331,True
18,2019.0,S_iu_short,0.5193807880280392,1.027134312230234,True
18,2019.0,S_iu_med,0.5787398100095451,1.121582159022998,True
18,2019.0,S_iu_long,1.373829817677902,1.446268476596863,True
18,2019.0,S_scrap,0.8848299599689431,1.2052827790724372,True
19,1980.0,S_conc,0.8788886372026797,1.618504375847581,True
19,1980.0,S_ref,0.5406548001243671,1.4720106580693844,True
19,1980.0,S_iu_short,0.5113370061021317,1.0280621119835702,True
19,1980.0,S_iu_med,0.5680267743219476,1.117161463848523,True
19,1980.0,S_iu_long,1.3149582903670405,1.4772990834071718,True
19,1980.0,S_scrap,0.6250293947470613,1.2069512249727834,True
19,1981.0,S_conc,0.8945332965375583,1.6642833982632281,True
19,1981.0,S_ref,0.5151543709398828,1.519110196110261,True
19,1981.0,S_iu_short,0.5059300866062384,1.0436272180469175,True
19,1981.0,S_iu_med,0.5705802113944536,1.0997515062947039,True
19,1981.0,S_iu_long,1.3287236092386354,1.4455455610189882,True
19,1981.0,S_scrap,0.675200250780842,1.19010411359377,True
19,1982.0,S_conc,0.868122550844579,1.571034739091992,True
19,1982.0,S_ref,0.5394284030880145,1.4445072180028624,True
19,1982.0,S_iu_short,0.5076512897137133,1.0536024625526776,True
19,1982.0,S_iu_med,0.5644469833060597,1.1251001991597396,True
19,1982.0,S_iu_long,1.295931750376768,1.3740911649572254,True
19,1982.0,S_scrap,0.7116376356535727,1.173983860397835,True
19,1983.0,S_conc,0.8666610483363559,1.473623096176435,True
19,1983.0,S_ref,0.5884581526244116,1.3586379463893168,True
19,1983.0,S_iu_short,0.5143331789467589,1.0344318156126606,True
19,1983.0,S_iu_med,0.5617511422921764,1.1495268786135404,True
19,1983.0,S_iu_long,1.281808571573484,1.385110255735354,True
19,1983.0,S_scrap,0.7112256869596112,1.1821673615421278,True
19,1984.0,S_conc,0.8891326713279238,1.5295353135962255,True
19,1984.0,S_ref,0.5697943160722797,1.4014331683502377,True
19,1984.0,S_iu_short,0.5069769128474715,1.0402024178901461,True
19,1984.0,S_iu_med,0.5774220559715066,1.0939567324865667,True
19,1984.0,S_iu_long,1.3664273399289686,1.4834342876857571,True
19,1984.0,S_scrap,0.6660920131373993,1.194172981522184,True
19,1985.0,S_conc,0.9044364094564985,1.510388208750605,True
19,1985.0,S_ref,0.5545835125728552,1.3972199926704467,True
19,1985.0,S_iu_short,0.5038955500921632,1.081592630257686,True
19,1985.0,S_iu_med,0.5545110839030741,1.1514763562319317,True
19,1985.0,S_iu_long,1.2447247593976682,1.2931713456386174,True
19,1985.0,S_scrap,0.6087280608575553,1.1625844378465648,True
19,1986.0,S_conc,0.937220104489274,1.4939653381599611,True
19,1986.0,S_ref,0.5857644108334504,1.371337100823681,True
19,1986.0,S_iu_short,0.5072472374243883,1.0464461444369244,True
19,1986.0,S_iu_med,0.561739930652872,1.1366922399007566,True
19,1986.0,S_iu_long,1.2817501979810542,1.4417096663032547,True
19,1986.0,S_scrap,0.39229451342947286,1.181337085723772,True
19,1987.0,S_conc,0.9062729846974201,1.346830939323982,True
19,1987.0,S_ref,0.6713776310219811,1.2581281487501659,True
19,1987.0,S_iu_short,0.5137063627981391,1.0206671558455391,True
19,1987.0,S_iu_med,0.550825176315391,1.1998143539477995,True
19,1987.0,S_iu_long,1.2263046530456398,1.3549612300880585,True
19,1987.0,S_scrap,0.5848301676348249,1.2072185099742374,True
19,1988.0,S_conc,0.8722955113679735,1.3847557229269545,True
19,1988.0,S_ref,0.6449236540413222,1.2870272701521421,True
19,1988.0,S_iu_short,0.5140828128595546,1.021533639015929,True
19,1988.0,S_iu_med,0.5553279273975803,1.1697192637480474,True
19,1988.0,S_iu_long,1.248848222348557,1.3754844371423207,True
19,1988.0,S_scrap,0.713809908714904,1.198713828610796,True
19,1989.0,S_conc,0.8356046792352457,1.3195371802119238,True
19,1989.0,S_ref,0.6797722823096769,1.2407290820250558,True
19,1989.0,S_iu_short,0.5159584823534517,1.0291414475684746,True
19,1989.0,S_iu_med,0.5577878290973172,1.1663670659475085,True
19,1989.0,S_iu_long,1.2613579313267453,1.3595606088041998,True
19,1989.0,S_scrap,0.7809211389652455,1.18910358444737,True
19,1990.0,S_conc,0.8512859835627506,1.3466092237923741,True
19,1990.0,S_ref,0.6546430710349659,1.260289111082386,True
19,1990.0,S_iu_short,0.5170168553256757,1.0397117167806318,True
19,1990.0,S_iu_med,0.5660526187859033,1.1517754396967244,True
19,1990.0,S_iu_long,1.3044268574733713,1.3887692660350943,True
19,1990.0,S_scrap,0.734435922717611,1.182257365566822,True
19,1991.0,S_conc,0.8604661089789353,1.3529509249442135,True
19,1991.0,S_ref,0.6488070654474496,1.2647313338717168,True
19,1991.0,S_iu_short,0.5217631063836492,1.03841998721308,True
19,1991.0,S_iu_med,0.5576603903469641,1.1862294917116918,True
19,1991.0,S_iu_long,1.2607064304830944,1.33944931340539,True
19,1991.0,S_scrap,0.6952426387109757,1.171065429348538,True
19,1992.0,S_conc,0.8271664482934475,1.6252806212127446,True
19,1992.0,S_ref,0.5345983194929039,1.4813452751684049,True
19,1992.0,S_iu_short,0.5165374983679893,1.0287526735821995,True
19,1992.0,S_iu_med,0.5832385499107358,1.1090060044247552,True
19,1992.0,S_iu_long,1.3994541716509876,1.514090536342252,True
19,1992.0,S_scrap,0.7465565153110076,1.213973374784973,True
19,1993.0,S_conc,0.6036359951384094,2.2784721485536656,True
19,1993.0,S_ref,0.37641709026761383,2.0931189483828936,True
19,1993.0,S_iu_short,0.5198273615544846,1.0253067136768657,True
19,1993.0,S_iu_med,0.5646762839986017,1.1560154926104664,True
19,1993.0,S_iu_long,1.2971411003869773,1.4074736928907647,True
19,1993.0,S_scrap,0.7622891486250198,1.2006819319121131,True
19,1994.0,S_conc,0.4639489608926216,2.8001938889150177,True
19,1994.0,S_ref,0.31691607650702214,2.583707772356109,True
19,1994.0,S_iu_short,0.5214866002669908,1.0162347603959214,True
19,1994.0,S_iu_med,0.5649119617818924,1.1577115419457158,True
19,1994.0,S_iu_long,1.2983854120547087,1.446999336075017,True
19,1994.0,S_scrap,0.7798944644557907,1.2229835142785266,True
19,1995.0,S_conc,0.8172396309642754,1.8783978704094975,True
19,1995.0,S_ref,0.4570185743370163,1.710151817223063,True
19,1995.0,S_iu_short,0.5236122745234658,1.0176502018997826,True
19,1995.0,S_iu_med,0.5627479355773709,1.1750480197976265,True
19,1995.0,S_iu_long,1.287010357104782,1.418612686839804,True
19,1995.0,S_scrap,0.8086857964407189,1.2182546631246451,True
19,1996.0,S_conc,0.8233795026347257,1.657482178703064,True
19,1996.0,S_ref,0.5192801589419015,1.5122600635000643,True
19,1996.0,S_iu_short,0.5223357733327131,1.0197461408897823,True
19,1996.0,S_iu_med,0.5674037922375241,1.1549077912443415,True
19,1996.0,S_iu_long,1.3116245174046155,1.43939941625276,True
19,1996.0,S_scrap,0.8068757991506776,1.2155050462095367,True
19,1997.0,S_conc,0.8374973758069628,1.4955603778533124,True
19,1997.0,S_ref,0.5851762022276258,1.374356859925019,True
19,1997.0,S_iu_short,0.5235138954934893,1.0245836995676483,True
19,1997.0,S_iu_med,0.5767179200064019,1.1396266530494772,True
19,1997.0,S_iu_long,1.362490753246923,1.473111618214838,True
19,1997.0,S_scrap,0.8098779731608816,1.211194002802501,True
19,1998.0,S_conc,0.8774584055424205,1.4387054407468713,True
19,1998.0,S_ref,0.610960497124614,1.3291973768615184,True
19,1998.0,S_iu_short,0.5210680617457354,1.0259530519393718,True
19,1998.0,S_iu_med,0.5700522429029785,1.1460662774741746,True
19,1998.0,S_iu_long,1.3258639764792193,1.431908755650482,True
19,1998.0,S_scrap,0.7832494735394007,1.193630831998639,True
19,1999.0,S_conc,0.8603322023497543,1.3121648613801369,True
19,1999.0,S_ref,0.6856984036949121,1.2350946447374205,True
19,1999.0,S_iu_short,0.5268845080957466,1.0250186682138633,True
19,1999.0,S_iu_med,0.5557994895542729,1.2078322930826946,True
19,1999.0,S_iu_long,1.2512355940261377,1.3393951761975562,True
19,1999.0,S_scrap,0.8222774690594237,1.191894263349051,True
19,2000.0,S_conc,0.8201082953296973,1.267737643499089,True
19,2000.0,S_ref,0.7354337017333524,1.2027078929786805,True
19,2000.0,S_iu_short,0.5414236193700291,1.031057236337255,True
19,2000.0,S_iu_med,0.55012488710155,1.2632743607579342,True
19,2000.0,S_iu_long,1.2228391198553128,1.3096234497597914,True
19,2000.0,S_scrap,0.8609012355775147,1.1962478771705158,True
19,2001.0,S_conc,0.8580473339813101,1.3972093670425227,True
19,2001.0,S_ref,0.6364929221060959,1.2944180886340715,True
19,2001.0,S_iu_short,0.5379150206477171,1.0346149475955262,True
19,2001.0,S_iu_med,0.5705548828504965,1.2000673254317105,True
19,2001.0,S_iu_long,1.3285862618199669,1.4106321172682867,True
19,2001.0,S_scrap,0.8202087677901853,1.1939264527170246,True
19,2002.0,S_conc,0.8684261631432788,1.5783721064206104,True
19,2002.0,S_ref,0.557225725025825,1.4376387109884623,True
19,2002.0,S_iu_short,0.5328440492176164,1.0280713621702633,True
19,2002.0,S_iu_med,0.5751015930967918,1.1752135341549255,True
19,2002.0,S_iu_long,1.35350376408401,1.4605813233218763,True
19,2002.0,S_scrap,0.8116297072084075,1.2081654094576877,True
19,2003.0,S_conc,0.5060950667121918,2.646256406551066,True
19,2003.0,S_ref,0.33603128905866364,2.433185685042047,True
19,2003.0,S_iu_short,0.5303105494922591,1.0202383436621776,True
19,2003.0,S_iu_med,0.5588377407770702,1.2129689384183937,True
19,2003.0,S_iu_long,1.2667396838555856,1.3922647076415549,True
19,2003.0,S_scrap,0.7861089305866303,1.2151983699589113,True
19,2004.0,S_conc,0.7568617327858324,2.0342998335521574,True
19,2004.0,S_ref,0.43080324345484305,1.844467810438563,True
19,2004.0,S_iu_short,0.542247557004573,1.0235280502273087,True
19,2004.0,S_iu_med,0.543658672002288,1.3070311967009713,True
19,2004.0,S_iu_long,1.191342178863567,1.29226939732925,True
19,2004.0,S_scrap,0.8466947274689299,1.216053788328661,True
19,2005.0,S_conc,0.8287118695149279,1.924558233065456,True
19,2005.0,S_ref,0.45316699876550076,1.7447748214856833,True
19,2005.0,S_iu_short,0.5473355117339764,1.028451248256175,True
19,2005.0,S_iu_med,0.5437927502637708,1.3077983072581472,True
19,2005.0,S_iu_long,1.1919862092901459,1.295463397710306,True
19,2005.0,S_scrap,0.8440625212729153,1.2155941488922932,True
19,2006.0,S_conc,0.836301584233062,1.3267889908702082,True
19,2006.0,S_ref,0.7018360810144295,1.2430056890930026,True
19,2006.0,S_iu_short,0.547889950995094,1.030999798327974,True
19,2006.0,S_iu_med,0.5597363190602965,1.2514867988817837,True
19,2006.0,S_iu_long,1.2713661001188865,1.3732504375329002,True
19,2006.0,S_scrap,0.8767122035082947,1.2017245169942594,True
19,2007.0,S_conc,0.8155585162052558,1.292736212267204,True
19,2007.0,S_ref,0.7203621493053177,1.2203052807612902,True
19,2007.0,S_iu_short,0.5610200230004002,1.0438548526145826,True
19,2007.0,S_iu_med,0.5523218771786491,1.2864125376311382,True
19,2007.0,S_iu_long,1.2337477509461794,1.325148852673204,True
19,2007.0,S_scrap,0.9018539610312353,1.1973482494904706,True
19,2008.0,S_conc,0.7834306965965433,1.592187225031872,True
19,2008.0,S_ref,0.5445795544798355,1.4555230879526104,True
19,2008.0,S_iu_short,0.5502547267906267,1.0340979874521032,True
19,2008.0,S_iu_med,0.5576494278304667,1.2588900652320367,True
19,2008.0,S_iu_long,1.2606504047128133,1.3522096401137729,True
19,2008.0,S_scrap,0.8893458727337454,1.2103256076766562,True
19,2009.0,S_conc,0.44833343793665087,2.904473598777688,True
19,2009.0,S_ref,0.30955125815182666,2.683753760162979,True
19,2009.0,S_iu_short,0.5312847587111136,1.0238638808909164,True
19,2009.0,S_iu_med,0.571926371362737,1.173113948669277,True
19,2009.0,S_iu_long,1.3360467291185807,1.448026564651922,True
19,2009.0,S_scrap,0.8275981448899339,1.210643441804341,True
19,2010.0,S_conc,0.7640565657697774,1.5619211213602227,True
19,2010.0,S_ref,0.5626746948727552,1.4271965966541136,True
19,2010.0,S_iu_short,0.5425202426772404,1.028120629690147,True
19,2010.0,S_iu_med,0.5706231654685491,1.20984310854812,True
19,2010.0,S_iu_long,1.328956570494145,1.4207980035315912,True
19,2010.0,S_scrap,0.9111770296919296,1.2093238394699877,True
19,2011.0,S_conc,0.5791048176608584,2.403274233896916,True
19,2011.0,S_ref,0.3667298150091717,2.199592422371288,True
19,2011.0,S_iu_short,0.5356354801778613,1.022523457147441,True
19,2011.0,S_iu_med,0.5677471427906605,1.195825843581816,True
19,2011.0,S_iu_long,1.3134607055140908,1.4231881120866292,True
19,2011.0,S_scrap,0.873983003461343,1.2157149388213355,True
19,2012.0,S_conc,0.27559853921745775,4.335680048640921,True
19,2012.0,S_ref,0.2160542919612697,4.100363538203848,True
19,2012.0,S_iu_short,0.5323430759729741,1.0208960725505323,True
19,2012.0,S_iu_med,0.5651809126176645,1.1925818637325134,True
19,2012.0,S_iu_long,1.299807043936648,1.4153146615416765,True
19,2012.0,S_scrap,0.8395028841424043,1.214425907895228,True
19,2013.0,S_conc,0.5210558419160646,2.5771921570335423,True
19,2013.0,S_ref,0.34256194122346867,2.3721713787458834,True
19,2013.0,S_iu_short,0.5371522663353993,1.024621833363159,True
19,2013.0,S_iu_med,0.56695972403509,1.2010229914977069,True
19,2013.0,S_iu_long,1.3092540244017201,1.405755875050627,True
19,2013.0,S_scrap,0.878463688794139,1.208045189116647,True
19,2014.0,S_conc,0.6207965192650575,2.2796880945996736,True
19,2014.0,S_ref,0.3830194055121458,2.0858775592098033,True
19,2014.0,S_iu_short,0.5381192055157432,1.0274129680056312,True
19,2014.0,S_iu_med,0.5739438374451465,1.18695007549662,True
19,2014.0,S_iu_long,1.3471084046842132,1.4309079601915808,True
19,2014.0,S_scrap,0.8868741746037017,1.206441550341501,True
19,2015.0,S_conc,0.6348223821242138,2.2533632929560623,True
19,2015.0,S_ref,0.3883127543796865,2.0577517390212354,True
19,2015.0,S_iu_short,0.5319896422768657,1.021754620923453,True
19,2015.0,S_iu_med,0.5686750022771473,1.179661780799002,True
19,2015.0,S_iu_long,1.3184373854504687,1.420096604900204,True
19,2015.0,S_scrap,0.8684031794388221,1.2040447451338274,True
19,2016.0,S_conc,0.6484444131751652,2.2243427243894986,True
19,2016.0,S_ref,0.39336747298998,2.029365732281177,True
19,2016.0,S_iu_short,0.5299997117964861,1.0167718087362179,True
19,2016.0,S_iu_med,0.5596989505140678,1.200123454883419,True
19,2016.0,S_iu_long,1.2711733282660511,1.3785734928615774,True
19,2016.0,S_scrap,0.8720253420969414,1.2030039844185714,True
19,2017.0,S_conc,0.8209512907534661,1.5600038726619683,True
19,2017.0,S_ref,0.5594386366967047,1.4265732431292817,True
19,2017.0,S_iu_short,0.5421992719833225,1.0255247045032854,True
19,2017.0,S_iu_med,0.5579763391871884,1.2350142962146524,True
19,2017.0,S_iu_long,1.2623223339699916,1.348713746659899,True
19,2017.0,S_scrap,0.8998922205643665,1.1960019684040826,True
19,2018.0,S_conc,0.8331594472322524,1.5666610659692537,True
19,2018.0,S_ref,0.5554673838730166,1.4326990958580006,True
19,2018.0,S_iu_short,0.5472364465387037,1.0291163840710287,True
19,2018.0,S_iu_med,0.5526058424512781,1.2596114612530394,True
19,2018.0,S_iu_long,1.235165531617606,1.3191517279429494,True
19,2018.0,S_scrap,0.894417064238522,1.1955777485064554,True
19,2019.0,S_conc,0.8279498602288305,1.544110870757261,True
19,2019.0,S_ref,0.5648852339923686,1.4137073551835762,True
19,2019.0,S_iu_short,0.5430196409269201,1.0266633156244398,True
19,2019.0,S_iu_med,0.557717181550099,1.2359093841808708,True
19,2019.0,S_iu_long,1.260996715867844,1.3435970047968457,True
19,2019.0,S_scrap,0.8993474836892235,1.1931132520630356,True
20,1980.0,S_conc,0.8608762830525512,1.3947415112725288,True
20,1980.0,S_ref,0.6329063366894863,1.2952419783333233,True
20,1980.0,S_iu_short,0.5234562188747373,1.0250295662312008,True
20,1980.0,S_iu_med,0.5517569132408446,1.2233836010984964,True
20,1980.0,S_iu_long,1.2309323434971526,1.3351416222114387,True
20,1980.0,S_scrap,0.708157995817166,1.1989413610652675,True
20,1981.0,S_conc,0.9007748854473019,1.68739196808935,True
20,1981.0,S_ref,0.49870905300035945,1.5475546411565968,True
20,1981.0,S_iu_short,0.5204871834910841,1.0369959264289659,True
20,1981.0,S_iu_med,0.5474432251003152,1.2321769074855586,True
20,1981.0,S_iu_long,1.2096675057437005,1.2871951161865771,True
20,1981.0,S_scrap,0.6594536613371277,1.1897488099604228,True
20,1982.0,S_conc,0.8758066662047329,1.6839479459048967,True
20,1982.0,S_ref,0.5018809182717519,1.5424587080730379,True
20,1982.0,S_iu_short,0.5196216387867234,1.0341137444142658,True
20,1982.0,S_iu_med,0.5561672268460748,1.1882892709055117,True
20,1982.0,S_iu_long,1.2531008534901298,1.3470604147578862,True
20,1982.0,S_scrap,0.6845509209457269,1.185413681446797,True
20,1983.0,S_conc,0.8610159311193583,1.455385414110252,True
20,1983.0,S_ref,0.5994019776731278,1.3432707187762394,True
20,1983.0,S_iu_short,0.5208048490537662,1.0257228742073259,True
20,1983.0,S_iu_med,0.5598818397767926,1.1770557542037197,True
20,1983.0,S_iu_long,1.2721171048539481,1.385517611540929,True
20,1983.0,S_scrap,0.7207045355688214,1.1948365277765802,True
20,1984.0,S_conc,0.8898771429996599,1.482005047101599,True
20,1984.0,S_ref,0.5802365273561632,1.3668764672931304,True
20,1984.0,S_iu_short,0.5222056210013561,1.0349418630103377,True
20,1984.0,S_iu_med,0.5540639052082637,1.2038483549318746,True
20,1984.0,S_iu_long,1.2424737797173062,1.3355480679174674,True
20,1984.0,S_scrap,0.6558699610208117,1.1803318286550895,True
20,1985.0,S_conc,0.9048175071336861,1.572841841108031,True
20,1985.0,S_ref,0.5410765083523688,1.4438622706643613,True
20,1985.0,S_iu_short,0.5166060658751362,1.0384986253925965,True
20,1985.0,S_iu_med,0.5562881026898142,1.1788520007140477,True
20,1985.0,S_iu_long,1.2537146424562282,1.351571399635593,True
20,1985.0,S_scrap,0.6011625895994703,1.175446912927507,True
20,1986.0,S_conc,0.9363623396809762,1.4919974451630014,True
20,1986.0,S_ref,0.5940326367215821,1.3669618519466382,True
20,1986.0,S_iu_short,0.513464970153381,1.0359873711615997,True
20,1986.0,S_iu_med,0.5612467969395295,1.1494216919187086,True
20,1986.0,S_iu_long,1.279185640183638,1.4673943586877214,True
20,1986.0,S_scrap,0.39327323521542584,1.209821656050115,True
20,1987.0,S_conc,0.9034208129982582,1.3798243420965548,True
20,1987.0,S_ref,0.6577638612433272,1.2816220027407386,True
20,1987.0,S_iu_short,0.5119095321293502,1.0160487464145838,True
20,1987.0,S_iu_med,0.5562055928326205,1.1536555910106627,True
20,1987.0,S_iu_long,1.2532956338560715,1.4296654375937088,True
20,1987.0,S_scrap,0.5993812142351039,1.2206854007327663,True
20,1988.0,S_conc,0.8772435883986952,1.3675086859999916,True
20,1988.0,S_ref,0.6539497115223214,1.2744568808103134,True
20,1988.0,S_iu_short,0.5154371923586353,1.0188480959176862,True
20,1988.0,S_iu_med,0.5548955153981016,1.1782916490155888,True
20,1988.0,S_iu_long,1.2466635017043253,1.377695195246311,True
20,1988.0,S_scrap,0.7067075415658605,1.2080602491155157,True
20,1989.0,S_conc,0.8352377006177898,1.3378869886297553,True
20,1989.0,S_ref,0.6618911261062337,1.254348353937014,True
20,1989.0,S_iu_short,0.5142603306942409,1.0346168927726245,True
20,1989.0,S_iu_med,0.5579159242298911,1.1600705322794118,True
20,1989.0,S_iu_long,1.2620131662919627,1.351441890514196,True
20,1989.0,S_scrap,0.7785086989359181,1.1857464100548445,True
20,1990.0,S_conc,0.8356348444183186,1.3170865537015521,True
20,1990.0,S_ref,0.6663875606894664,1.239158701076929,True
20,1990.0,S_iu_short,0.514412696979691,1.0561378102720094,True
20,1990.0,S_iu_med,0.5605563098128705,1.1610778738177663,True
20,1990.0,S_iu_long,1.2756044115098508,1.328456557803013,True
20,1990.0,S_scrap,0.7619502272835403,1.1676010503574292,True
20,1991.0,S_conc,0.8633530728922248,1.353521787041263,True
20,1991.0,S_ref,0.648961038001537,1.2650927975380952,True
20,1991.0,S_iu_short,0.5188942328053053,1.0396162519166894,True
20,1991.0,S_iu_med,0.5652862829430984,1.1578865395790718,True
20,1991.0,S_iu_long,1.3003644945234278,1.3816962194530595,True
20,1991.0,S_scrap,0.6876149582702725,1.173619449046094,True
20,1992.0,S_conc,0.826910313384032,1.583262416653778,True
20,1992.0,S_ref,0.5366021524466368,1.4539279701286947,True
20,1992.0,S_iu_short,0.522876229111347,1.033915067131753,True
20,1992.0,S_iu_med,0.5650781942997095,1.1688594443114677,True
20,1992.0,S_iu_long,1.2992638835154453,1.3846278210028866,True
20,1992.0,S_scrap,0.7478835996820571,1.1837701590188965,True
20,1993.0,S_conc,0.5778879966011043,2.350252868572661,True
20,1993.0,S_ref,0.3662414555696734,2.1610531308834373,True
20,1993.0,S_iu_short,0.5160073384890056,1.0268442024887694,True
20,1993.0,S_iu_med,0.5659966922899953,1.1386118646130665,True
20,1993.0,S_iu_long,1.3041299046231851,1.4196637036960174,True
20,1993.0,S_scrap,0.7530753308257581,1.2006457584097026,True
20,1994.0,S_conc,0.5223319008702461,2.511814172155954,True
20,1994.0,S_ref,0.34311302323209103,2.3218206983722673,True
20,1994.0,S_iu_short,0.5207312920355367,1.02612682221074,True
20,1994.0,S_iu_med,0.5582364150704127,1.1813536007289909,True
20,1994.0,S_iu_long,1.2636542126019505,1.3607795955160387,True
20,1994.0,S_scrap,0.7851388602067164,1.1956456401852151,True
20,1995.0,S_conc,0.7904171834523528,1.9166309921329066,True
20,1995.0,S_ref,0.44147095479068144,1.7544284164501518,True
20,1995.0,S_iu_short,0.5270462225992236,1.027341157835456,True
20,1995.0,S_iu_med,0.5529776340012788,1.221645547831511,True
20,1995.0,S_iu_long,1.2370245340316164,1.3221743525204506,True
20,1995.0,S_scrap,0.8065198153627636,1.194139389195016,True
20,1996.0,S_conc,0.8173636509967677,1.6131824901272476,True
20,1996.0,S_ref,0.5220868141080329,1.4829175263314363,True
20,1996.0,S_iu_short,0.5261339487694171,1.034303926045046,True
20,1996.0,S_iu_med,0.5508743112806526,1.2225649842609616,True
20,1996.0,S_iu_long,1.2265482138228045,1.2934548958354921,True
20,1996.0,S_scrap,0.8152441166289618,1.184913546035779,True
20,1997.0,S_conc,0.8276064271886475,1.5026034558182595,True
20,1997.0,S_ref,0.5641192832500895,1.3881797924075525,True
20,1997.0,S_iu_short,0.5277472767430197,1.040198418004622,True
20,1997.0,S_iu_med,0.5546382852932046,1.209650921386095,True
20,1997.0,S_iu_long,1.2453658834557695,1.3047659612398552,True
20,1997.0,S_scrap,0.8295373892119421,1.1744224145384083,True
20,1998.0,S_conc,0.8776456989520331,1.4028764184106914,True
20,1998.0,S_ref,0.6250374657472391,1.302471025167257,True
20,1998.0,S_iu_short,0.5200116884946954,1.030974218010682,True
20,1998.0,S_iu_med,0.5700356852021198,1.1456920827427586,True
20,1998.0,S_iu_long,1.3257744086740895,1.415559075759146,True
20,1998.0,S_scrap,0.7798058712977253,1.18678660854403,True
20,1999.0,S_conc,0.8623330223350114,1.2711682962808637,True
20,1999.0,S_ref,0.707407564606453,1.2061964616587695,True
20,1999.0,S_iu_short,0.5169791225872898,1.0437201154360845,True
20,1999.0,S_iu_med,0.5591203324960436,1.1658818544352938,True
20,1999.0,S_iu_long,1.2681926015357154,1.3266981997479934,True
20,1999.0,S_scrap,0.8195576514112245,1.1724039549699083,True
20,2000.0,S_conc,0.8161092918061872,1.2409197920444994,True
20,2000.0,S_ref,0.7380836763075244,1.1831556456841335,True
20,2000.0,S_iu_short,0.5246491130272388,1.0551594510143854,True
20,2000.0,S_iu_med,0.5525929203703046,1.207040329987484,True
20,2000.0,S_iu_long,1.235100975218515,1.2753545161876405,True
20,2000.0,S_scrap,0.8689413903654019,1.16546856186661,True
20,2001.0,S_conc,0.8557039542280879,1.345695591211758,True
20,2001.0,S_ref,0.6508178289450559,1.257977350432959,True
20,2001.0,S_iu_short,0.5328425345121157,1.05439934912331,True
20,2001.0,S_iu_med,0.5500359861490746,1.231318308009923,True
20,2001.0,S_iu_long,1.2223999458127854,1.2750256170611671,True
20,2001.0,S_scrap,0.8281202571580888,1.1664457308058527,True
20,2002.0,S_conc,0.8687402495723475,1.626703866847016,True
20,2002.0,S_ref,0.5217924351394492,1.4914340421711436,True
20,2002.0,S_iu_short,0.5328572355150744,1.0447891431207816,True
20,2002.0,S_iu_med,0.5426451009680949,1.263595632456876,True
20,2002.0,S_iu_long,1.186485816849728,1.24767346686863,True
20,2002.0,S_scrap,0.8119553182202095,1.1795811000090675,True
20,2003.0,S_conc,0.42447480004515215,2.962281955211239,True
20,2003.0,S_ref,0.297986879116217,2.7627873937343153,True
20,2003.0,S_iu_short,0.5268992643614899,1.045281707463721,True
20,2003.0,S_iu_med,0.5343145873630192,1.3090517210824126,True
20,2003.0,S_iu_long,1.147372395320309,1.181103930490117,True
20,2003.0,S_scrap,0.7945231067780989,1.190799533348896,True
20,2004.0,S_conc,0.7481512412319943,1.9979827227702707,True
20,2004.0,S_ref,0.42796711382062186,1.8275997682974743,True
20,2004.0,S_iu_short,0.5288414007889289,1.0393591078787348,True
20,2004.0,S_iu_med,0.5338227071253271,1.3210907669958278,True
20,2004.0,S_iu_long,1.145106626351361,1.17920053840704,True
20,2004.0,S_scrap,0.8473268863105262,1.196625496478399,True
20,2005.0,S_conc,0.8760661195648122,1.5088938128452534,True
20,2005.0,S_ref,0.5695439726894256,1.3885486344177749,True
20,2005.0,S_iu_short,0.5333817318267955,1.0488368620334743,True
20,2005.0,S_iu_med,0.5328879993898933,1.3051448533163812,True
20,2005.0,S_iu_long,1.1408141916582637,1.1865023608685612,True
20,2005.0,S_scrap,0.8503561218320705,1.1838275595696062,True
20,2006.0,S_conc,0.8466088547094789,1.3356053538287969,True
20,2006.0,S_ref,0.6568099858783135,1.2510169004848875,True
20,2006.0,S_iu_short,0.5332677900140484,1.0635938027721983,True
20,2006.0,S_iu_med,0.5323301096552011,1.2842776025280849,True
20,2006.0,S_iu_long,1.1382603854670441,1.179349368091295,True
20,2006.0,S_scrap,0.8795910472174218,1.177953553147868,True
20,2007.0,S_conc,0.8170810995860925,1.2953479561515855,True
20,2007.0,S_ref,0.6847515474804726,1.221824677542197,True
20,2007.0,S_iu_short,0.5334890160118417,1.0581016350869619,True
20,2007.0,S_iu_med,0.5404695948447833,1.2579303416893273,True
20,2007.0,S_iu_long,1.1761345686412799,1.2197373840977725,True
20,2007.0,S_scrap,0.9080978436095554,1.179183836134403,True
20,2008.0,S_conc,0.8004388193345128,1.623263623325222,True
20,2008.0,S_ref,0.5227578214725812,1.4904073977873733,True
20,2008.0,S_iu_short,0.5374676966296851,1.0454376325742343,True
20,2008.0,S_iu_med,0.535929664367241,1.2933326029165813,True
20,2008.0,S_iu_long,1.1548457706017816,1.2091454369367873,True
20,2008.0,S_scrap,0.894596785111064,1.188629164411492,True
20,2009.0,S_conc,0.5989938864535774,2.3201379978602987,True
20,2009.0,S_ref,0.37460673960554736,2.128241405813474,True
20,2009.0,S_iu_short,0.5435665688314999,1.0409006981639997,True
20,2009.0,S_iu_med,0.5182578298359589,1.4023860625943125,True
20,2009.0,S_iu_long,1.0757991762678443,1.1263322309694348,True
20,2009.0,S_scrap,0.8592893470553242,1.2221202182613473,True
20,2010.0,S_conc,0.7752789325255727,1.7318244872240935,True
20,2010.0,S_ref,0.4957310562453994,1.5808921322401843,True
20,2010.0,S_iu_short,0.5404724712681167,1.035698407604562,True
20,2010.0,S_iu_med,0.5270830234496541,1.3574361834950226,True
20,2010.0,S_iu_long,1.1145360593616622,1.1640614823888353,True
20,2010.0,S_scrap,0.9108790745584039,1.2061143057592743,True
20,2011.0,S_conc,0.7495471169741906,2.001439199044041,True
20,2011.0,S_ref,0.4284235101198752,1.8299812829844053,True
20,2011.0,S_iu_short,0.5365978051622661,1.032312253505084,True
20,2011.0,S_iu_med,0.5298470726534225,1.348005659510739,True
20,2011.0,S_iu_long,1.1269675074528267,1.1691912548465724,True
20,2011.0,S_scrap,0.8904942564428748,1.207518861964084,True
20,2012.0,S_conc,0.6055774713613193,2.2959116258854513,True
20,2012.0,S_ref,0.3771711313611476,2.1084744588537934,True
20,2012.0,S_iu_short,0.5359592999642598,1.0307884816811184,True
20,2012.0,S_iu_med,0.5277578571001502,1.3682713722211532,True
20,2012.0,S_iu_long,1.1175577297261121,1.1524326121329203,True
20,2012.0,S_scrap,0.8775910365114925,1.2169733002585081,True
20,2013.0,S_conc,0.6893685990419571,2.1015522228277903,True
20,2013.0,S_ref,0.40806287001717617,1.9260248675887275,True
20,2013.0,S_iu_short,0.535584733209304,1.032769257631554,True
20,2013.0,S_iu_med,0.5283336359634931,1.3555160325899085,True
20,2013.0,S_iu_long,1.120142703079417,1.1534710350853035,True
20,2013.0,S_scrap,0.8932698995512746,1.2104403669276609,True
20,2014.0,S_conc,0.7396084743292523,2.0073072619196974,True
20,2014.0,S_ref,0.42515800839290924,1.8388422482318818,True
20,2014.0,S_iu_short,0.5371278532891237,1.0349115502975765,True
20,2014.0,S_iu_med,0.529382381622594,1.3387218494670048,True
20,2014.0,S_iu_long,1.1248673252986088,1.1653415189642569,True
20,2014.0,S_scrap,0.8941946828017495,1.2016550565219208,True
20,2015.0,S_conc,0.5702968948150322,2.3958694485187273,True
20,2015.0,S_ref,0.3631777510979593,2.2037436233086862,True
20,2015.0,S_iu_short,0.5343443698582551,1.0272662171192042,True
20,2015.0,S_iu_med,0.52950532215533,1.3611299594329291,True
20,2015.0,S_iu_long,1.125422554365518,1.1562926598689909,True
20,2015.0,S_scrap,0.8759281213427866,1.2114230318680388,True
20,2016.0,S_conc,0.8000844378470122,1.925667097518696,True
20,2016.0,S_ref,0.44447050428587215,1.7587800758502006,True
20,2016.0,S_iu_short,0.5288225124806597,1.0224445744130333,True
20,2016.0,S_iu_med,0.5341037794122386,1.3396598945878602,True
20,2016.0,S_iu_long,1.1464007558130187,1.1709694476918477,True
20,2016.0,S_scrap,0.8656699615800555,1.208059848136435,True
20,2017.0,S_conc,0.8460337915648355,1.551425018988286,True
20,2017.0,S_ref,0.5543826326863279,1.4239944656203207,True
20,2017.0,S_iu_short,0.5296698367840998,1.0230410360862092,True
20,2017.0,S_iu_med,0.5362961309831676,1.3158556525612235,True
20,2017.0,S_iu_long,1.1565487519443152,1.1905879876269565,True
20,2017.0,S_scrap,0.8816481790410046,1.2005082864217473,True
20,2018.0,S_conc,0.8637535621587736,1.7009915826552637,True
20,2018.0,S_ref,0.5003347156039097,1.5567016448592834,True
20,2018.0,S_iu_short,0.5279259069751489,1.0228090373481462,True
20,2018.0,S_iu_med,0.5386510674572784,1.2971587176086345,True
20,2018.0,S_iu_long,1.1675567655234544,1.204440395861785,True
20,2018.0,S_scrap,0.8781681988359772,1.1974867508977285,True
20,2019.0,S_conc,0.8487269207723027,1.8165744402857946,True
20,2019.0,S_ref,0.46935063661858584,1.660218573569455,True
20,2019.0,S_iu_short,0.5330760464998057,1.0287065839159708,True
20,2019.0,S_iu_med,0.5301282622924601,1.347242169782791,True
20,2019.0,S_iu_long,1.1282403680606672,1.1527217740157267,True
20,2019.0,S_scrap,0.8949047719120872,1.2044860954511438,True
21,1980.0,S_conc,0.6508016286854181,2.176067212397357,True
21,1980.0,S_ref,0.39423369675475217,1.9926532228739586,True
21,1980.0,S_iu_short,0.5189517547763403,1.0256376903590343,True
21,1980.0,S_iu_med,0.554462757677475,1.1964377807223652,True
21,1980.0,S_iu_long,1.2444812801442502,1.3528674317914027,True
21,1980.0,S_scrap,0.7338660766409447,1.1980385431937264,True
21,1981.0,S_conc,0.8919386331072456,1.6759263558600257,True
21,1981.0,S_ref,0.5170386930840518,1.5244319219061315,True
21,1981.0,S_iu_short,0.5192377928887885,1.0246140263299057,True
21,1981.0,S_iu_med,0.5675322854302668,1.1463302494881302,True
21,1981.0,S_iu_long,1.3123113386508187,1.4593693735262887,True
21,1981.0,S_scrap,0.6554223359968611,1.209146961481767,True
21,1982.0,S_conc,0.8770611163355349,1.6406780997482597,True
21,1982.0,S_ref,0.5220324849904531,1.4991463122633653,True
21,1982.0,S_iu_short,0.5187338655716444,1.0287622772184994,True
21,1982.0,S_iu_med,0.5635030960449116,1.1587198964658794,True
21,1982.0,S_iu_long,1.2909669941276165,1.4080608566824644,True
21,1982.0,S_scrap,0.6827235199216668,1.1925326642264102,True
21,1983.0,S_conc,0.8602898346976587,1.4447644521200458,True
21,1983.0,S_ref,0.5957092129887871,1.3377708650694111,True
21,1983.0,S_iu_short,0.5143766448271723,1.039062452825611,True
21,1983.0,S_iu_med,0.5540959775168087,1.1784252515906501,True
21,1983.0,S_iu_long,1.2426350729717754,1.3244046079432943,True
21,1983.0,S_scrap,0.7225037225066043,1.181933965921189,True
21,1984.0,S_conc,0.8911656049632796,1.50991105515186,True
21,1984.0,S_ref,0.5725063710948803,1.3878509533837111,True
21,1984.0,S_iu_short,0.5158624876015491,1.0315435645186106,True
21,1984.0,S_iu_med,0.5661902619514847,1.1427138723517172,True
21,1984.0,S_iu_long,1.3051580273381613,1.4272206286950087,True
21,1984.0,S_scrap,0.6523422985731051,1.1953954646970804,True
21,1985.0,S_conc,0.908051956731213,1.5374018203026312,True
21,1985.0,S_ref,0.5536997121380739,1.4145017661985946,True
21,1985.0,S_iu_short,0.513480463120411,1.0430100206513788,True
21,1985.0,S_iu_med,0.5585660235873156,1.162634529885116,True
21,1985.0,S_iu_long,1.2653444307266632,1.3633593599208127,True
21,1985.0,S_scrap,0.5941749426513037,1.175287042503963,True
21,1986.0,S_conc,0.9325474271198336,1.4403980397262706,True
21,1986.0,S_ref,0.600074887318131,1.3323836437324184,True
21,1986.0,S_iu_short,0.5121262358334536,1.0530148607414727,True
21,1986.0,S_iu_med,0.5514050543751139,1.1952961320356585,True
21,1986.0,S_iu_long,1.2291824947046937,1.3346299010401683,True
21,1986.0,S_scrap,0.4327064314246804,1.1623708323254296,True
21,1987.0,S_conc,0.9102625955241423,1.3335069639674915,True
21,1987.0,S_ref,0.6613472151575249,1.2497386093466478,True
21,1987.0,S_iu_short,0.5129501874438188,1.0507358693006321,True
21,1987.0,S_iu_med,0.5424855046165735,1.253335182810192,True
21,1987.0,S_iu_long,1.1857230974986617,1.2333772262450966,True
21,1987.0,S_scrap,0.5735687411730598,1.1906547493702215,True
21,1988.0,S_conc,0.8658941192773708,1.359537400067705,True
21,1988.0,S_ref,0.650311266338459,1.269646112715372,True
21,1988.0,S_iu_short,0.5074236152039586,1.0428602093345147,True
21,1988.0,S_iu_med,0.5554181895227059,1.1390524017933568,True
21,1988.0,S_iu_long,1.2493047993268556,1.3474213748437245,True
21,1988.0,S_scrap,0.7325259935836398,1.1853899924777545,True
21,1989.0,S_conc,0.8425162008601672,1.3796603940935992,True
21,1989.0,S_ref,0.6656486604093699,1.2828796163766278,True
21,1989.0,S_iu_short,0.5068053602081081,1.024183602087451,True
21,1989.0,S_iu_med,0.5742899080772623,1.0744192108739261,True
21,1989.0,S_iu_long,1.3490164291935334,1.5295316148484799,True
21,1989.0,S_scrap,0.7677046838332362,1.2288731724691637,True
21,1990.0,S_conc,0.851461331552139,1.3460311803177567,True
21,1990.0,S_ref,0.6642755542507771,1.259089097602914,True
21,1990.0,S_iu_short,0.5161239986743437,1.0350296837242474,True
21,1990.0,S_iu_med,0.5762709919050901,1.1261544169614697,True
21,1990.0,S_iu_long,1.3599989165150876,1.458380347181416,True
21,1990.0,S_scrap,0.7305416216355916,1.1965588622404537,True
21,1991.0,S_conc,0.8636326528536662,1.3679125556088476,True
21,1991.0,S_ref,0.644929476084999,1.2753473633184036,True
21,1991.0,S_iu_short,0.5189118965475844,1.0336575880674617,True
21,1991.0,S_iu_med,0.5629919368971686,1.1608988558376596,True
21,1991.0,S_iu_long,1.2882872981789635,1.3837217301543876,True
21,1991.0,S_scrap,0.6892393755016236,1.1783938141051498,True
21,1992.0,S_conc,0.8197329315558014,1.5357140390408566,True
21,1992.0,S_ref,0.5528272047288251,1.4144730458976755,True
21,1992.0,S_iu_short,0.5189247919575815,1.0375485504720314,True
21,1992.0,S_iu_med,0.5651478365343282,1.1573319067999857,True
21,1992.0,S_iu_long,1.299632114119497,1.3782729824836286,True
21,1992.0,S_scrap,0.7534660706064663,1.1812114739660173,True
21,1993.0,S_conc,0.540760714227111,2.4287560743357135,True
21,1993.0,S_ref,0.3509699522020665,2.247877514949038,True
21,1993.0,S_iu_short,0.521835194236149,1.0322898565876388,True
21,1993.0,S_iu_med,0.5538548664094172,1.2007422601322915,True
21,1993.0,S_iu_long,1.24142308121123,1.3204316697561544,True
21,1993.0,S_scrap,0.7541879987689242,1.1887386280914887,True
21,1994.0,S_conc,0.49690919237701064,2.5710890379574987,True
21,1994.0,S_ref,0.3319568046662509,2.3908339777105305,True
21,1994.0,S_iu_short,0.5203541503015433,1.0415137156566026,True
21,1994.0,S_iu_med,0.5499568284701836,1.2109621662527839,True
21,1994.0,S_iu_long,1.2220090499334408,1.2792154750959113,True
21,1994.0,S_scrap,0.7845317635039626,1.1805005475471375,True
21,1995.0,S_conc,0.8095731925999626,1.8908815468310765,True
21,1995.0,S_ref,0.44738350231458845,1.730692077059042,True
21,1995.0,S_iu_short,0.5171338681692104,1.029346465369647,True
21,1995.0,S_iu_med,0.5611402390376592,1.1590424781946431,True
21,1995.0,S_iu_long,1.2786322396183674,1.375393633638438,True
21,1995.0,S_scrap,0.809948007245913,1.1936173380877728,True
21,1996.0,S_conc,0.8201440235027798,1.6130835798280152,True
21,1996.0,S_ref,0.5272619506369517,1.4792212029149672,True
21,1996.0,S_iu_short,0.5194987543720524,1.029325741749657,True
21,1996.0,S_iu_med,0.5661990980393986,1.1528767022344466,True
21,1996.0,S_iu_long,1.305204981087895,1.398912009806488,True
21,1996.0,S_scrap,0.8119626419488354,1.1940169548639212,True
21,1997.0,S_conc,0.8270117517154515,1.4857502326987653,True
21,1997.0,S_ref,0.5849397653368488,1.3686028642667554,True
21,1997.0,S_iu_short,0.5127491446247286,1.0354309732648987,True
21,1997.0,S_iu_med,0.5804729132200851,1.1067426456449772,True
21,1997.0,S_iu_long,1.383636316967068,1.4669447792704202,True
21,1997.0,S_scrap,0.8258791262399149,1.1956792292665805,True
21,1998.0,S_conc,0.886311188984285,1.4253597736552104,True
21,1998.0,S_ref,0.6125800045228512,1.3200434901834464,True
21,1998.0,S_iu_short,0.5150950337736139,1.0355407859495018,True
21,1998.0,S_iu_med,0.5724635937433266,1.126653995091253,True
21,1998.0,S_iu_long,1.3389820968828685,1.423356191425369,True
21,1998.0,S_scrap,0.7695329477372232,1.1805120675084346,True
21,1999.0,S_conc,0.8657526016636607,1.3208107976626977,True
21,1999.0,S_ref,0.6837931494292553,1.2412577479781965,True
21,1999.0,S_iu_short,0.5155587013999922,1.0310320241407773,True
21,1999.0,S_iu_med,0.5688013659599823,1.1319217233755463,True
21,1999.0,S_iu_long,1.319116808489691,1.4142727998947386,True
21,1999.0,S_scrap,0.8111045363077442,1.1846975986300095,True
21,2000.0,S_conc,0.8231388480503062,1.2552922458882314,True
21,2000.0,S_ref,0.7445226862417238,1.1947223938911378,True
21,2000.0,S_iu_short,0.5147287828211676,1.0386733131955692,True
21,2000.0,S_iu_med,0.5780130814812608,1.1207230302108808,True
21,2000.0,S_iu_long,1.3697417055253884,1.4402915277666142,True
21,2000.0,S_scrap,0.8621438340550149,1.189117043888741,True
21,2001.0,S_conc,0.8544884120539272,1.4071657327584215,True
21,2001.0,S_ref,0.6302676913894385,1.3024987931118521,True
21,2001.0,S_iu_short,0.5155602417833669,1.0391604851753997,True
21,2001.0,S_iu_med,0.5856115554688245,1.1168344518120064,True
21,2001.0,S_iu_long,1.4131947046239783,1.4775306983762757,True
21,2001.0,S_scrap,0.8269797155370926,1.1943948080755944,True
21,2002.0,S_conc,0.8738217947887089,1.604320788509849,True
21,2002.0,S_ref,0.5284859476440898,1.4727777058212956,True
21,2002.0,S_iu_short,0.5180257137046542,1.0466369209916726,True
21,2002.0,S_iu_med,0.5681906598848441,1.1536375287837475,True
21,2002.0,S_iu_long,1.3158368916552792,1.3739613725287767,True
21,2002.0,S_scrap,0.8093578456729724,1.1767151441869674,True
21,2003.0,S_conc,0.502051709651814,2.5758443641350746,True
21,2003.0,S_ref,0.3342439587304175,2.3949910657686253,True
21,2003.0,S_iu_short,0.519613603403094,1.0546323195662988,True
21,2003.0,S_iu_med,0.5559000201996477,1.1870129979186863,True
21,2003.0,S_iu_long,1.2517452048738116,1.297822995131073,True
21,2003.0,S_scrap,0.8198124649557433,1.1667440819781074,True
21,2004.0,S_conc,0.8684678760948955,1.6785829934466827,True
21,2004.0,S_ref,0.49917110949025356,1.5441662458587642,True
21,2004.0,S_iu_short,0.5144040465065536,1.0663047882728052,True
21,2004.0,S_iu_med,0.5606071422568453,1.1618714494359412,True
21,2004.0,S_iu_long,1.275867671441637,1.3058938381111207,True
21,2004.0,S_scrap,0.8574210501525066,1.164145125716889,True
21,2005.0,S_conc,0.8286903198877326,1.8454155226571398,True
21,2005.0,S_ref,0.4531605547836048,1.6983986016529644,True
21,2005.0,S_iu_short,0.5177358790562665,1.0636716300672,True
21,2005.0,S_iu_med,0.5617737229894053,1.1690454864657815,True
21,2005.0,S_iu_long,1.2819261474268546,1.3105180961349234,True
21,2005.0,S_scrap,0.8630717184790582,1.1648813259151511,True
21,2006.0,S_conc,0.844085669892425,1.3216675172712633,True
21,2006.0,S_ref,0.6564710415945099,1.2421315721040826,True
21,2006.0,S_iu_short,0.5085806054901979,1.0905940802861844,True
21,2006.0,S_iu_med,0.5602798399964796,1.1489615751437054,True
21,2006.0,S_iu_long,1.2741736471486635,1.2731484979174343,True
21,2006.0,S_scrap,0.8917503425474496,1.1612316392794375,True
21,2007.0,S_conc,0.8026419097470224,1.3052408215742624,True
21,2007.0,S_ref,0.682647571142351,1.22805783134786,True
21,2007.0,S_iu_short,0.5122870531553377,1.0494326128946017,True
21,2007.0,S_iu_med,0.5825742052998131,1.1154863209730612,True
21,2007.0,S_iu_long,1.3956353744699528,1.4304889661520452,True
21,2007.0,S_scrap,0.8972153111360331,1.206059751223336,True
21,2008.0,S_conc,0.4613822619889859,2.7446258714511784,True
21,2008.0,S_ref,0.31571634197956566,2.5595030631379108,True
21,2008.0,S_iu_short,0.5234402463090543,1.0522363736992424,True
21,2008.0,S_iu_med,0.5967293763856701,1.1418387999450677,True
21,2008.0,S_iu_long,1.4797243871558463,1.4581387237961059,True
21,2008.0,S_scrap,0.8470922241152855,1.1995911280941307,True
21,2009.0,S_conc,0.251207964030376,4.168839491983864,True
21,2009.0,S_ref,0.3354842893128295,4.39858019393561,True
21,2009.0,S_iu_short,0.5153784106052044,1.048451073246095,True
21,2009.0,S_iu_med,0.6071244723219728,1.1118749059236386,True
21,2009.0,S_iu_long,1.545335429544822,1.5253127969328477,True
21,2009.0,S_scrap,0.8232501837550829,1.2090629618659423,True
21,2010.0,S_conc,0.47489177030307,2.652730710938712,True
21,2010.0,S_ref,0.32198414816938487,2.4818911596630704,True
21,2010.0,S_iu_short,0.5169697899829339,1.0650459103529115,True
21,2010.0,S_iu_med,0.5612367260092831,1.1655817908132915,True
21,2010.0,S_iu_long,1.2791333260521651,1.3004835226720868,True
21,2010.0,S_scrap,0.85968693509571,1.1755275714876818,True
21,2011.0,S_conc,0.008695682170943292,121.15616373005822,False
21,2011.0,S_ref,0.008771960350164438,121.36132847746038,False
21,2011.0,S_iu_short,0.5194668691001179,1.056073069614764,True
21,2011.0,S_iu_med,0.576540026412854,1.1489340339720984,True
21,2011.0,S_iu_long,1.3614982817123442,1.3745590020497456,True
21,2011.0,S_scrap,0.8190488031961061,1.1809124973080232,True
21,2012.0,S_conc,0.21719490429404575,4.784420254619712,True
21,2012.0,S_ref,0.27745719271049674,4.994723419803981,True
21,2012.0,S_iu_short,0.5170715293364121,1.0516552979140916,True
21,2012.0,S_iu_med,0.5842753263700498,1.1324555260972664,True
21,2012.0,S_iu_long,1.405438174425345,1.4203911409000975,True
21,2012.0,S_scrap,0.798636363305184,1.190199421471057,True
21,2013.0,S_conc,0.04326539974073415,24.6304005080231,False
21,2013.0,S_ref,0.0414711345276918,24.426030784064544,False
21,2013.0,S_iu_short,0.5177367311102408,1.0517663701131013,True
21,2013.0,S_iu_med,0.5746418967421552,1.1427636430562638,True
21,2013.0,S_iu_long,1.3509602669866545,1.376838747774719,True
21,2013.0,S_scrap,0.8133050221601912,1.1856051176675868,True
21,2014.0,S_conc,0.11661175113072245,9.315374773844896,True
21,2014.0,S_ref,0.10443356969209491,9.114906146543964,True
21,2014.0,S_iu_short,0.5186212425954283,1.0503542974170368,True
21,2014.0,S_iu_med,0.5754171197005332,1.1428950543105276,True
21,2014.0,S_iu_long,1.3552527584123975,1.379012114407661,True
21,2014.0,S_scrap,0.8138206205132444,1.1880351964768885,True
21,2015.0,S_conc,0.12656990613037147,8.675849186840159,True
21,2015.0,S_ref,0.11234980221078643,8.46327142515366,True
21,2015.0,S_iu_short,0.5144508465456938,1.0435809598509846,True
21,2015.0,S_iu_med,0.5885952342356983,1.1122658614394614,True
21,2015.0,S_iu_long,1.430696198042856,1.458689449915532,True
21,2015.0,S_scrap,0.8022945349170769,1.2126404729535032,True
21,2016.0,S_conc,0.14537689354563338,7.549162551825849,True
21,2016.0,S_ref,0.12692494004799074,7.348022363150897,True
21,2016.0,S_iu_short,0.5169748215074134,1.0449923459070485,True
21,2016.0,S_iu_med,0.5753571497301054,1.1330621720294214,True
21,2016.0,S_iu_long,1.354920139040184,1.3896980898438855,True
21,2016.0,S_scrap,0.7949971209281479,1.1944237746505542,True
21,2017.0,S_conc,0.478110450430775,2.647575506665042,True
21,2017.0,S_ref,0.3234605710902296,2.473149157414277,True
21,2017.0,S_iu_short,0.5163258522540789,1.0458293702531067,True
21,2017.0,S_iu_med,0.5695281216527405,1.138523434580925,True
21,2017.0,S_iu_long,1.3230321196343164,1.3595902120175247,True
21,2017.0,S_scrap,0.8260008856210529,1.1876448053401145,True
21,2018.0,S_conc,0.3886588517510488,3.1267204953228065,True
21,2018.0,S_ref,0.27988072899327576,2.941168105663228,True
21,2018.0,S_iu_short,0.5173581956567034,1.041697670046886,True
21,2018.0,S_iu_med,0.5745984612092593,1.1320919651656505,True
21,2018.0,S_iu_long,1.3507202226927302,1.3898770621042393,True
21,2018.0,S_scrap,0.8168152891770848,1.2030408793309648,True
21,2019.0,S_conc,0.6261706478315093,2.186470701475024,True
21,2019.0,S_ref,0.38505838773224993,2.0226650608294254,True
21,2019.0,S_iu_short,0.5155236143470278,1.0423501975364573,True
21,2019.0,S_iu_med,0.57275436781817,1.1286127196363247,True
21,2019.0,S_iu_long,1.340573957171348,1.3819274051737847,True
21,2019.0,S_scrap,0.8335409326546878,1.2062721098633715,True
22,1980.0,S_conc,0.8167198915253032,1.3906074246699103,True
22,1980.0,S_ref,0.6299854460727647,1.2940133419072068,True
22,1980.0,S_iu_short,0.5081928888166721,1.039879858277641,True
22,1980.0,S_iu_med,0.5605944073982173,1.1265445915480803,True
22,1980.0,S_iu_long,1.2758017122150367,1.3947190066611033,True
22,1980.0,S_scrap,0.7498199562769065,1.2054310235787564,True
22,1981.0,S_conc,0.8962272866675409,1.5699411333695419,True
22,1981.0,S_ref,0.5457834452004701,1.4396025508487127,True
22,1981.0,S_iu_short,0.517201465779407,1.0296016757968345,True
22,1981.0,S_iu_med,0.5628380402605585,1.1568865743122736,True
22,1981.0,S_iu_long,1.2874817392529367,1.4102157964323672,True
22,1981.0,S_scrap,0.6624817940590089,1.2007813154767957,True
22,1982.0,S_conc,0.8775490545374592,1.7281716955113582,True
22,1982.0,S_ref,0.49132050945553174,1.5794554026927732,True
22,1982.0,S_iu_short,0.5165386957813048,1.0332124613688622,True
22,1982.0,S_iu_med,0.5636380643562082,1.1527236028598145,True
22,1982.0,S_iu_long,1.291675598433301,1.3979556116911094,True
22,1982.0,S_scrap,0.6928564128388777,1.1879410993669262,True
22,1983.0,S_conc,0.8629102670861045,1.4378367890635635,True
22,1983.0,S_ref,0.5981095455599185,1.3324846731136055,True
22,1983.0,S_iu_short,0.511992926208806,1.0465857064887276,True
22,1983.0,S_iu_med,0.5553761952783502,1.1654519693465335,True
22,1983.0,S_iu_long,1.249092354886476,1.3257499666502297,True
22,1983.0,S_scrap,0.7121474976707615,1.1763466715195292,True
22,1984.0,S_conc,0.8902775561511027,1.4649186648310248,True
22,1984.0,S_ref,0.5845423792082269,1.3544012636625156,True
22,1984.0,S_iu_short,0.5172968657301527,1.0412234832123657,True
22,1984.0,S_iu_med,0.5559111396336914,1.182888031109443,True
22,1984.0,S_iu_long,1.2518015857798046,1.3379212168793966,True
22,1984.0,S_scrap,0.6540997496429618,1.176723184040988,True
22,1985.0,S_conc,0.9019517319215077,1.5475522398064794,True
22,1985.0,S_ref,0.5521623704812864,1.4214772119593588,True
22,1985.0,S_iu_short,0.5163936455068863,1.0379574286630284,True
22,1985.0,S_iu_med,0.5586458132791303,1.1692823969285053,True
22,1985.0,S_iu_long,1.2657539683257624,1.3657919936268037,True
22,1985.0,S_scrap,0.6097954711565584,1.174538782988927,True
22,1986.0,S_conc,0.9335532223166637,1.4470668558564113,True
22,1986.0,S_ref,0.5995103847397218,1.3368321462116843,True
22,1986.0,S_iu_short,0.5087956409091189,1.0529925579430435,True
22,1986.0,S_iu_med,0.5568962987688629,1.162966685864031,True
22,1986.0,S_iu_long,1.2568080501732661,1.3728758166289485,True
22,1986.0,S_scrap,0.4317690415223339,1.1602191035277278,True
22,1987.0,S_conc,0.9030002104245834,1.3430003021548362,True
22,1987.0,S_ref,0.6595096675836007,1.2566215368730778,True
22,1987.0,S_iu_short,0.5127391210200655,1.0376043129670613,True
22,1987.0,S_iu_med,0.5499893875008555,1.197753387018768,True
22,1987.0,S_iu_long,1.2221698160549515,1.3126382707484345,True
22,1987.0,S_scrap,0.6012658844422976,1.1879135429920884,True
22,1988.0,S_conc,0.8677735636671937,1.3553496120883273,True
22,1988.0,S_ref,0.652656027119468,1.2665972842978739,True
22,1988.0,S_iu_short,0.5088891412663101,1.0381043585839356,True
22,1988.0,S_iu_med,0.5554652135783605,1.1463192417905355,True
22,1988.0,S_iu_long,1.2495427366881113,1.3521830530739103,True
22,1988.0,S_scrap,0.7262879732440473,1.1897278375082012,True
22,1989.0,S_conc,0.8334644083108804,1.3583157201349767,True
22,1989.0,S_ref,0.6636904764938456,1.26843887423855,True
22,1989.0,S_iu_short,0.5141664890876443,1.0227624040371053,True
22,1989.0,S_iu_med,0.5678775617609465,1.1233106607271883,True
22,1989.0,S_iu_long,1.3141589316100084,1.4528057726069974,True
22,1989.0,S_scrap,0.7819442604666873,1.2099863997502232,True
22,1990.0,S_conc,0.846353801375943,1.360596100142167,True
22,1990.0,S_ref,0.6593912305824605,1.2695614410245841,True
22,1990.0,S_iu_short,0.5216021299109059,1.0297026180732016,True
22,1990.0,S_iu_med,0.5739931190611147,1.144135113452256,True
22,1990.0,S_iu_long,1.3473799244652562,1.4565703813553899,True
22,1990.0,S_scrap,0.7400249508622245,1.1990504250796445,True
22,1991.0,S_conc,0.8603175377304738,1.3588233635099911,True
22,1991.0,S_ref,0.650177591093834,1.2685851600557756,True
22,1991.0,S_iu_short,0.5193664969112464,1.0347952674523997,True
22,1991.0,S_iu_med,0.5651029646191515,1.1574996401445559,True
22,1991.0,S_iu_long,1.2993948421015997,1.3923325849783104,True
22,1991.0,S_scrap,0.6910172951608802,1.178623290770438,True
22,1992.0,S_conc,0.8240530254340912,1.5517683212780595,True
22,1992.0,S_ref,0.5408675458083237,1.4315043149986462,True
22,1992.0,S_iu_short,0.5216143184906099,1.048732229745056,True
22,1992.0,S_iu_med,0.5522459286011575,1.2019812810778832,True
22,1992.0,S_iu_long,1.233368859999126,1.2867944056033778,True
22,1992.0,S_scrap,0.7560315884257548,1.166698281337608,True
22,1993.0,S_conc,0.5528240097107809,2.377694268238973,True
22,1993.0,S_ref,0.35601201826712253,2.203034397411575,True
22,1993.0,S_iu_short,0.521741957015339,1.0406529418929276,True
22,1993.0,S_iu_med,0.5513765934396955,1.208415812872992,True
22,1993.0,S_iu_long,1.229041074042976,1.2924248601548576,True
22,1993.0,S_scrap,0.7536312869250706,1.180887508819538,True
22,1994.0,S_conc,0.5207707313526735,2.464071754714684,True
22,1994.0,S_ref,0.34243868626368534,2.2934749529620793,True
22,1994.0,S_iu_short,0.5169824089621947,1.0626814559561328,True
22,1994.0,S_iu_med,0.5445265779282723,1.2199773617208,True
22,1994.0,S_iu_long,1.1955177877371743,1.2215837135751575,True
22,1994.0,S_scrap,0.7976475125502769,1.1731341589512438,True
22,1995.0,S_conc,0.8004959899228776,1.8862940759890037,True
22,1995.0,S_ref,0.44459748558349527,1.7315240742019629,True
22,1995.0,S_iu_short,0.5231981779288358,1.034921576520151,True
22,1995.0,S_iu_med,0.5473791168615402,1.2341438577150134,True
22,1995.0,S_iu_long,1.2093545332376832,1.2703633255915627,True
22,1995.0,S_scrap,0.8074395253272515,1.188743390438587,True
22,1996.0,S_conc,0.8146758381587303,1.602692154800059,True
22,1996.0,S_ref,0.5270646826188314,1.4727121529051446,True
22,1996.0,S_iu_short,0.5294787865711591,1.0323256962491052,True
22,1996.0,S_iu_med,0.546137752584478,1.2519828257560888,True
22,1996.0,S_iu_long,1.203311700178657,1.269607476984157,True
22,1996.0,S_scrap,0.8171030714782938,1.1913242817697849,True
22,1997.0,S_conc,0.8343285231015172,1.5265541115911139,True
22,1997.0,S_ref,0.5544891860517258,1.4081134194662985,True
22,1997.0,S_iu_short,0.527425212261003,1.0384554503109786,True
22,1997.0,S_iu_med,0.5481743436786963,1.2328185607484947,True
22,1997.0,S_iu_long,1.2132430640213068,1.2715508948945586,True
22,1997.0,S_scrap,0.8210129741809338,1.178365430816714,True
22,1998.0,S_conc,0.8798314012502045,1.4009403683814408,True
22,1998.0,S_ref,0.6283703118895153,1.3004397877735203,True
22,1998.0,S_iu_short,0.5242103191657842,1.028034282645037,True
22,1998.0,S_iu_med,0.5662502464341094,1.1663382303200274,True
22,1998.0,S_iu_long,1.3054768141743525,1.4000322941362897,True
22,1998.0,S_scrap,0.7768622418988943,1.1863628962835777,True
22,1999.0,S_conc,0.8673354604786411,1.2924206358002523,True
22,1999.0,S_ref,0.706073253725546,1.221099140381178,True
22,1999.0,S_iu_short,0.5340792674660199,1.0290699269061674,True
22,1999.0,S_iu_med,0.5424083106013052,1.2792785743426691,True
22,1999.0,S_iu_long,1.1853543741453545,1.256015751687052,True
22,1999.0,S_scrap,0.8096623902273602,1.186939534140104,True
22,2000.0,S_conc,0.8258028796933935,1.259688426766314,True
22,2000.0,S_ref,0.7427243890792947,1.197255988662496,True
22,2000.0,S_iu_short,0.5394541041927017,1.0332846225707117,True
22,2000.0,S_iu_med,0.5377845853515639,1.3062810390577522,True
22,2000.0,S_iu_long,1.1634934022280632,1.2335637647782214,True
22,2000.0,S_scrap,0.8592084670641409,1.1934663497992086,True
22,2001.0,S_conc,0.8602868436408305,1.3636574033710744,True
22,2001.0,S_ref,0.6536917972855327,1.2691285733913313,True
22,2001.0,S_iu_short,0.5431789580090675,1.0389182226161107,True
22,2001.0,S_iu_med,0.5364579465350563,1.309297225677893,True
22,2001.0,S_iu_long,1.1573015706451475,1.2356214401042855,True
22,2001.0,S_scrap,0.8178885839050486,1.1935874808483045,True
22,2002.0,S_conc,0.8634055167572109,1.6672681644937577,True
22,2002.0,S_ref,0.5145073096225381,1.5218830250648525,True
22,2002.0,S_iu_short,0.5440595426543188,1.0439110210421996,True
22,2002.0,S_iu_med,0.5292132363346325,1.3359751232448718,True
22,2002.0,S_iu_long,1.1241038983644709,1.1976872702523398,True
22,2002.0,S_scrap,0.8203152112578135,1.1958833521251127,True
22,2003.0,S_conc,0.4380934192395035,2.920908838221499,True
22,2003.0,S_ref,0.30463488211438816,2.711381361088272,True
22,2003.0,S_iu_short,0.5435321026395626,1.0428534831472864,True
22,2003.0,S_iu_med,0.5264774974450729,1.351934043546271,True
22,2003.0,S_iu_long,1.1118320557194707,1.1809709276787643,True
22,2003.0,S_scrap,0.8183029985087513,1.1979859653602556,True
22,2004.0,S_conc,0.7973093966584344,1.9294061777317337,True
22,2004.0,S_ref,0.4436127681415318,1.7619479031792296,True
22,2004.0,S_iu_short,0.538696646481806,1.0381217671729464,True
22,2004.0,S_iu_med,0.5441841164271992,1.2724918400373841,True
22,2004.0,S_iu_long,1.1938682613728722,1.266641522819855,True
22,2004.0,S_scrap,0.851488884200194,1.182857873686149,True
22,2005.0,S_conc,0.8645361796057277,1.567565853863138,True
22,2005.0,S_ref,0.5506654341793354,1.4356251819583539,True
22,2005.0,S_iu_short,0.5310143591235335,1.0338599232949583,True
22,2005.0,S_iu_med,0.5723982150126576,1.178925411465015,True
22,2005.0,S_iu_long,1.3386244751751948,1.4089070875801613,True
22,2005.0,S_scrap,0.8679849038712213,1.1885444775975502,True
22,2006.0,S_conc,0.8513937923586481,1.4014478602423428,True
22,2006.0,S_ref,0.666623969662489,1.294706260006454,True
22,2006.0,S_iu_short,0.5056195656660901,1.0364411150406196,True
22,2006.0,S_iu_med,0.6077474779696674,1.0684585910791877,True
22,2006.0,S_iu_long,1.5493781271919287,1.6149424696646153,True
22,2006.0,S_scrap,0.8717670480419002,1.2333190369463325,True
22,2007.0,S_conc,0.8134998635154109,1.3815654697145208,True
22,2007.0,S_ref,0.6835438269925812,1.2824903134478185,True
22,2007.0,S_iu_short,0.5083507170918462,1.0335602398028048,True
22,2007.0,S_iu_med,0.6179261623483718,1.069806520334552,True
22,2007.0,S_iu_long,1.6172951441699914,1.6684293751802826,True
22,2007.0,S_scrap,0.9040107108482058,1.2709715173051217,True
22,2008.0,S_conc,0.8039538635999675,1.888687622232056,True
22,2008.0,S_ref,0.46803004218593486,1.7042763514692052,True
22,2008.0,S_iu_short,0.5073369517307359,1.026047710426109,True
22,2008.0,S_iu_med,0.6039024814237781,1.059443547789867,True
22,2008.0,S_iu_long,1.5246308121154462,1.6499731720314308,True
22,2008.0,S_scrap,0.9005410526015546,1.3202713729493993,True
22,2009.0,S_conc,0.7098549479306484,1.610269171704638,True
22,2009.0,S_ref,0.5416108288011791,1.4703949173614743,True
22,2009.0,S_iu_short,0.5085814302015286,1.0359050122088806,True
22,2009.0,S_iu_med,0.6012048761782064,1.0783282684919353,True
22,2009.0,S_iu_long,1.5075532278746264,1.566133316565108,True
22,2009.0,S_scrap,0.9014974139271947,1.2445704163779636,True
22,2010.0,S_conc,0.7669740080661731,1.4580416550362443,True
22,2010.0,S_ref,0.621521290420262,1.3403709873207157,True
22,2010.0,S_iu_short,0.5039351363178142,1.0301534962105503,True
22,2010.0,S_iu_med,0.5918378758941389,1.0557942133586498,True
22,2010.0,S_iu_long,1.4500068500737218,1.579049556517478,True
22,2010.0,S_scrap,0.906886160131881,1.249816398326502,True
22,2011.0,S_conc,0.7753020079172362,1.96966721641419,True
22,2011.0,S_ref,0.4524379570795741,1.775976302584168,True
22,2011.0,S_iu_short,0.5033345337463858,1.027673199740224,True
22,2011.0,S_iu_med,0.6031067545063584,1.0494335436898434,True
22,2011.0,S_iu_long,1.5195692074735003,1.6472418316343937,True
22,2011.0,S_scrap,0.9142631117669532,1.2960434951786612,True
22,2012.0,S_conc,0.7828834710160494,1.818723409195694,True
22,2012.0,S_ref,0.4880330756288842,1.6415400464287986,True
22,2012.0,S_iu_short,0.5095679796626199,1.0291228188621762,True
22,2012.0,S_iu_med,0.6077629729217384,1.069307500856831,True
22,2012.0,S_iu_long,1.549478837959053,1.6274262058026303,True
22,2012.0,S_scrap,0.9097176585562695,1.2647726822939485,True
22,2013.0,S_conc,0.7726386995185701,1.4729832518269768,True
22,2013.0,S_ref,0.6113383123752062,1.352119277421194,True
22,2013.0,S_iu_short,0.5152182492338855,1.0290737845303652,True
22,2013.0,S_iu_med,0.6050166827105373,1.0864131341851062,True
22,2013.0,S_iu_long,1.5317524974533347,1.5906288768096621,True
22,2013.0,S_scrap,0.9098610267931754,1.2408360790184787,True
22,2014.0,S_conc,0.7622070634596522,1.3808219685571739,True
22,2014.0,S_ref,0.6633279156353965,1.2831375192593706,True
22,2014.0,S_iu_short,0.5135995898515374,1.0297962763661863,True
22,2014.0,S_iu_med,0.604651604770419,1.0830622911881,True
22,2014.0,S_iu_long,1.5294145924616551,1.5843788122102467,True
22,2014.0,S_scrap,0.9096594198145213,1.2381124285238323,True
22,2015.0,S_conc,0.7465435450854456,1.368623101813176,True
22,2015.0,S_ref,0.667300475417297,1.2747156626025713,True
22,2015.0,S_iu_short,0.5114596789526554,1.0341348921782776,True
22,2015.0,S_iu_med,0.6057367380617765,1.08257492718001,True
22,2015.0,S_iu_long,1.5363763163829567,1.570193154856686,True
22,2015.0,S_scrap,0.901569061820906,1.226315591940899,True
22,2016.0,S_conc,0.7309234841237175,1.3259607232119057,True
22,2016.0,S_ref,0.7008966221153062,1.24554893568523,True
22,2016.0,S_iu_short,0.5087396943013672,1.033863795094078,True
22,2016.0,S_iu_med,0.6057890622096753,1.0740259847891191,True
22,2016.0,S_iu_long,1.536712973022291,1.5763833729856138,True
22,2016.0,S_scrap,0.9093738600459992,1.2310748821939912,True
22,2017.0,S_conc,0.7350971948041011,1.2713791902673501,True
22,2017.0,S_ref,0.7598895559919162,1.212608888780111,True
22,2017.0,S_iu_short,0.5092544914285674,1.0305181027645358,True
22,2017.0,S_iu_med,0.6065401870892919,1.070616346208168,True
22,2017.0,S_iu_long,1.5415556231836574,1.5956172558461803,True
22,2017.0,S_scrap,0.9203744353035245,1.2393810892991142,True
22,2018.0,S_conc,0.7459725989078477,1.332999547673606,True
22,2018.0,S_ref,0.7062460509266446,1.251474580928702,True
22,2018.0,S_iu_short,0.5113902812631189,1.0318575820380982,True
22,2018.0,S_iu_med,0.6159166370991492,1.0751429044478753,True
22,2018.0,S_iu_long,1.6036014485171672,1.6265296102966267,True
22,2018.0,S_scrap,0.9331609303453163,1.2531065321701829,True
22,2019.0,S_conc,0.7329529239140098,1.3194100320380946,True
22,2019.0,S_ref,0.7042562790878398,1.241530095057469,True
22,2019.0,S_iu_short,0.510016279066309,1.0304397494264288,True
22,2019.0,S_iu_med,0.6006962589676499,1.0749230668123397,True
22,2019.0,S_iu_long,1.5043592063891622,1.5617198628510918,True
22,2019.0,S_scrap,0.9268545227062099,1.2299476493034804,True
23,1980.0,S_conc,0.8849849545430507,1.4103014138957273,True
23,1980.0,S_ref,0.6382357674172784,1.3048323646774163,True
23,1980.0,S_iu_short,0.5096845920857409,1.0236572478295158,True
23,1980.0,S_iu_med,0.5659964561228386,1.1080969205304334,True
23,1980.0,S_iu_long,1.3041286508089804,1.4800115263130476,True
23,1980.0,S_scrap,0.6862166488628507,1.2194374217348747,True
23,1981.0,S_conc,0.8912981343852221,1.7146893745637628,True
23,1981.0,S_ref,0.49760802571864343,1.5651131357701857,True
23,1981.0,S_iu_short,0.5134360080301595,1.0313122444386686,True
23,1981.0,S_iu_med,0.5623399874484891,1.1436883951515073,True
23,1981.0,S_iu_long,1.2848786074151655,1.408581842438377,True
23,1981.0,S_scrap,0.6675553695321542,1.1948629897762222,True
23,1982.0,S_conc,0.8712222397355297,1.6777378237828158,True
23,1982.0,S_ref,0.5105898523436503,1.5309620968288074,True
23,1982.0,S_iu_short,0.5229005721981189,1.029225316294347,True
23,1982.0,S_iu_med,0.56616266091222,1.165229919054251,True
23,1982.0,S_iu_long,1.305011371549248,1.4191673151153263,True
23,1982.0,S_scrap,0.6908312972203591,1.1935281774467783,True
23,1983.0,S_conc,0.8561858933069249,1.4495248758966734,True
23,1983.0,S_ref,0.6155164972930831,1.3352194070019354,True
23,1983.0,S_iu_short,0.5157247007379001,1.0221708545454224,True
23,1983.0,S_iu_med,0.5715570521539143,1.1204846208251171,True
23,1983.0,S_iu_long,1.334033049271337,1.4843523213452405,True
23,1983.0,S_scrap,0.7309463075175405,1.2128064892895565,True
23,1984.0,S_conc,0.8882929663712998,1.5348724085178826,True
23,1984.0,S_ref,0.5629895172568281,1.4080480537741653,True
23,1984.0,S_iu_short,0.5166248118425586,1.030812049553565,True
23,1984.0,S_iu_med,0.5652237109087279,1.1474270335799415,True
23,1984.0,S_iu_long,1.3000334311930963,1.4202115554974093,True
23,1984.0,S_scrap,0.659408762862879,1.1911219250757337,True
23,1985.0,S_conc,0.9109769245478786,1.5635684583565677,True
23,1985.0,S_ref,0.5542295397910953,1.4300776443498964,True
23,1985.0,S_iu_short,0.5185437792637622,1.0325121503580017,True
23,1985.0,S_iu_med,0.5663216388589795,1.1507853928110503,True
23,1985.0,S_iu_long,1.3058563433254327,1.440262299403033,True
23,1985.0,S_scrap,0.5703088695011482,1.192413008246986,True
23,1986.0,S_conc,0.9347517826669649,1.4471431554897722,True
23,1986.0,S_ref,0.6047001518318219,1.3350398428251766,True
23,1986.0,S_iu_short,0.5182393412438129,1.0393826379398805,True
23,1986.0,S_iu_med,0.5498837072460504,1.2224254883751347,True
23,1986.0,S_iu_long,1.2216480853907623,1.3543145117941398,True
23,1986.0,S_scrap,0.4082011771726465,1.1917222453378795,True
23,1987.0,S_conc,0.9073047284603505,1.3642775003697059,True
23,1987.0,S_ref,0.6465636189665379,1.272356069903563,True
23,1987.0,S_iu_short,0.5121293894268486,1.0368924509138904,True
23,1987.0,S_iu_med,0.5483841223093414,1.2087989250496098,True
23,1987.0,S_iu_long,1.214271130398488,1.3031034742640009,True
23,1987.0,S_scrap,0.5822093460331831,1.1924161477643986,True
23,1988.0,S_conc,0.8646258870787598,1.3266804574258697,True
23,1988.0,S_ref,0.6586306265339129,1.2464671508122365,True
23,1988.0,S_iu_short,0.5047040601061595,1.0750431390490727,True
23,1988.0,S_iu_med,0.5532169250525631,1.1443857934457045,True
23,1988.0,S_iu_long,1.2382226545122552,1.2838972911360462,True
23,1988.0,S_scrap,0.7377224871556328,1.1727187336187803,True
23,1989.0,S_conc,0.8380762062114236,1.3028514486707847,True
23,1989.0,S_ref,0.6689590016134532,1.2286896429076681,True
23,1989.0,S_iu_short,0.4975163579536074,1.1566775104182248,True
23,1989.0,S_iu_med,0.5452526970502453,1.1533589067484311,True
23,1989.0,S_iu_long,1.1990234873597272,1.1636852820374182,True
23,1989.0,S_scrap,0.7869482265976848,1.1697982469908386,True
23,1990.0,S_conc,0.8457279956062441,1.3214388454056196,True
23,1990.0,S_ref,0.6595336185057918,1.2419982772961533,True
23,1990.0,S_iu_short,0.5217763056921868,1.0731094368325147,True
23,1990.0,S_iu_med,0.5378499064698007,1.251017162496298,True
23,1990.0,S_iu_long,1.1637991942430599,1.1956716544565402,True
23,1990.0,S_scrap,0.7438137236816257,1.1664110783698776,True
23,1991.0,S_conc,0.8573837455006712,1.3300016080080963,True
23,1991.0,S_ref,0.6524965486922344,1.248341342888558,True
23,1991.0,S_iu_short,0.5173699915483987,1.0761187999085542,True
23,1991.0,S_iu_med,0.5391008545649064,1.237188534707378,True
23,1991.0,S_iu_long,1.1696720636268259,1.1926327840774376,True
23,1991.0,S_scrap,0.7098516964343949,1.1588920537748575,True
23,1992.0,S_conc,0.8236131544430226,1.562092753365909,True
23,1992.0,S_ref,0.5320931501525403,1.4435887310228908,True
23,1992.0,S_iu_short,0.5172005352041851,1.0698412652529248,True
23,1992.0,S_iu_med,0.5479283738709442,1.2023970283196905,True
23,1992.0,S_iu_long,1.2120388500439165,1.2428031905495438,True
23,1992.0,S_scrap,0.7545189093369322,1.1593058052932088,True
23,1993.0,S_conc,0.6092047209179868,2.214650105977269,True
23,1993.0,S_ref,0.37857502715407143,2.0491480014489296,True
23,1993.0,S_iu_short,0.5155890802286572,1.0561292607375998,True
23,1993.0,S_iu_med,0.5523758456148616,1.185065682170116,True
23,1993.0,S_iu_long,1.2340170658878125,1.2774891435457363,True
23,1993.0,S_scrap,0.7693510978411646,1.166273528017625,True
23,1994.0,S_conc,0.5062912349160736,2.5433830146248724,True
23,1994.0,S_ref,0.3361177594213929,2.361447338250306,True
23,1994.0,S_iu_short,0.5137723288748101,1.0416967043764465,True
23,1994.0,S_iu_med,0.562226399175438,1.1465889269697533,True
23,1994.0,S_iu_long,1.2842857543635906,1.3587791571563506,True
23,1994.0,S_scrap,0.793734250406072,1.184247550873432,True
23,1995.0,S_conc,0.8077851575156532,1.854056181700909,True
23,1995.0,S_ref,0.44683692315836415,1.7089745986388243,True
23,1995.0,S_iu_short,0.5064849466584952,1.0705918956849165,True
23,1995.0,S_iu_med,0.5573297546650275,1.1374591316475215,True
23,1995.0,S_iu_long,1.259017881907313,1.2993653340034939,True
23,1995.0,S_scrap,0.8139895452850286,1.1755922823797778,True
23,1996.0,S_conc,0.82151464257565,1.5852426245726818,True
23,1996.0,S_ref,0.5265673636196411,1.462569649285758,True
23,1996.0,S_iu_short,0.5074584177113186,1.0646522911440128,True
23,1996.0,S_iu_med,0.5615517314803088,1.1307453360607331,True
23,1996.0,S_iu_long,1.2807707814111,1.3249109660296032,True
23,1996.0,S_scrap,0.8152313445856055,1.172510217427292,True
23,1997.0,S_conc,0.8293149378672111,1.4752520728866225,True
23,1997.0,S_ref,0.5773160961845538,1.364830232052233,True
23,1997.0,S_iu_short,0.5116631251043632,1.0467789978231943,True
23,1997.0,S_iu_med,0.5693743955810903,1.1255369851456893,True
23,1997.0,S_iu_long,1.3222028363812912,1.3836845875608015,True
23,1997.0,S_scrap,0.8270799564854997,1.180361907375444,True
23,1998.0,S_conc,0.8793498721494375,1.4138152641441268,True
23,1998.0,S_ref,0.6096680651424018,1.3135055539155631,True
23,1998.0,S_iu_short,0.5193442212403576,1.0434441232579905,True
23,1998.0,S_iu_med,0.5606578964047585,1.1693536065468564,True
23,1998.0,S_iu_long,1.2761305866584622,1.3351775816907268,True
23,1998.0,S_scrap,0.7815247332275311,1.1631409952516651,True
23,1999.0,S_conc,0.8548875119024304,1.2970260148331112,True
23,1999.0,S_ref,0.6929083670415928,1.2245792723370252,True
23,1999.0,S_iu_short,0.5153112263167681,1.037969772899244,True
23,1999.0,S_iu_med,0.566561848189282,1.139516369276677,True
23,1999.0,S_iu_long,1.3071342377740183,1.3809025776998476,True
23,1999.0,S_scrap,0.8269639523102021,1.1784208255015973,True
23,2000.0,S_conc,0.815545494592221,1.2405681732440141,True
23,2000.0,S_ref,0.7453579623946239,1.1836728497378812,True
23,2000.0,S_iu_short,0.5118085530737908,1.0539156170353892,True
23,2000.0,S_iu_med,0.5741669356947973,1.12537850503686,True
23,2000.0,S_iu_long,1.348338078518207,1.3890501601495406,True
23,2000.0,S_scrap,0.8693859883675188,1.1758232203719947,True
23,2001.0,S_conc,0.852799124143919,1.3506371088572644,True
23,2001.0,S_ref,0.6590195047016602,1.2603717137560027,True
23,2001.0,S_iu_short,0.5181291732224462,1.042899078535603,True
23,2001.0,S_iu_med,0.5803003590534686,1.1342027996030268,True
23,2001.0,S_iu_long,1.3826563152275775,1.4353465254802422,True
23,2001.0,S_scrap,0.8279339659765255,1.182300962236795,True
23,2002.0,S_conc,0.8700830861254577,1.6316961837918997,True
23,2002.0,S_ref,0.5348635757429471,1.4845928124418997,True
23,2002.0,S_iu_short,0.5160654775552683,1.0346776256467602,True
23,2002.0,S_iu_med,0.5871435760204072,1.1121213857868553,True
23,2002.0,S_iu_long,1.4221495462292466,1.502583254766382,True
23,2002.0,S_scrap,0.8140998354073665,1.200371028749314,True
23,2003.0,S_conc,0.4098150202948104,3.1994059757508366,True
23,2003.0,S_ref,0.29068708617469036,2.9455378238788263,True
23,2003.0,S_iu_short,0.5078426801236403,1.0280981089157886,True
23,2003.0,S_iu_med,0.5898947628127013,1.0707705260309401,True
23,2003.0,S_iu_long,1.438398511705158,1.5841375858446975,True
23,2003.0,S_scrap,0.7984453562668493,1.233941546757428,True
23,2004.0,S_conc,0.7478953069233383,2.088459498579517,True
23,2004.0,S_ref,0.42788335431816604,1.8821065066551548,True
23,2004.0,S_iu_short,0.5024077695706209,1.0365588072004692,True
23,2004.0,S_iu_med,0.594677784341377,1.0585253588813546,True
23,2004.0,S_iu_long,1.4671729339460535,1.5877679041742145,True
23,2004.0,S_scrap,0.8459117450149641,1.236477914300555,True
23,2005.0,S_conc,0.8662504427302292,1.6648937561885842,True
23,2005.0,S_ref,0.5431101649268683,1.4998188315297905,True
23,2005.0,S_iu_short,0.5013573878979045,1.0385833395555668,True
23,2005.0,S_iu_med,0.6058735409613504,1.0578113266213314,True
23,2005.0,S_iu_long,1.5372567029353794,1.6253894425082849,True
23,2005.0,S_scrap,0.8652050098378028,1.244206799116619,True
23,2006.0,S_conc,0.8502272023098539,1.4804258247161286,True
23,2006.0,S_ref,0.6408061874913394,1.3499245971464306,True
23,2006.0,S_iu_short,0.500668080218365,1.0371832131827963,True
23,2006.0,S_iu_med,0.6200411900836686,1.055818361844655,True
23,2006.0,S_iu_long,1.631864228178324,1.7031081952458746,True
23,2006.0,S_scrap,0.8764277410066516,1.2759223882723316,True
23,2007.0,S_conc,0.8161991150121608,1.4068764082003191,True
23,2007.0,S_ref,0.669079471238982,1.2997189284489084,True
23,2007.0,S_iu_short,0.4944458279953473,1.0551448724258505,True
23,2007.0,S_iu_med,0.6363228853312836,1.0690864186998021,True
23,2007.0,S_iu_long,1.7496918548502227,1.6875872334748907,True
23,2007.0,S_scrap,0.8999013769589509,1.2594664842426484,True
23,2008.0,S_conc,0.7799017816118733,1.575539504363626,True
23,2008.0,S_ref,0.5643268959962214,1.4343059546873014,True
23,2008.0,S_iu_short,0.4943918912501576,1.0596009194275624,True
23,2008.0,S_iu_med,0.6295604051020997,1.0710675055840284,True
23,2008.0,S_iu_long,1.6994954474983093,1.6300890891810338,True
23,2008.0,S_scrap,0.9041508857942577,1.241290854950418,True
23,2009.0,S_conc,0.2836605081032678,4.456658868278098,True
23,2009.0,S_ref,0.22097782576672362,4.1558629196533055,True
23,2009.0,S_iu_short,0.493543528002678,1.0447079084994444,True
23,2009.0,S_iu_med,0.617054281250188,1.0471479272886113,True
23,2009.0,S_iu_long,1.6113361529792294,1.6831404013415243,True
23,2009.0,S_scrap,0.8394588178538198,1.266152405118956,True
23,2010.0,S_conc,0.5636809910851162,2.635419924134293,True
23,2010.0,S_ref,0.3604833686018974,2.360545708961148,True
23,2010.0,S_iu_short,0.495224575092281,1.0379421763231869,True
23,2010.0,S_iu_med,0.6218541141086523,1.0458725845515835,True
23,2010.0,S_iu_long,1.6444820301108056,1.7278400921339248,True
23,2010.0,S_scrap,0.9103445015097542,1.2928842073739004,True
23,2011.0,S_conc,0.4173642844464218,3.284229712144617,True
23,2011.0,S_ref,0.2944650779100387,2.9887499214947315,True
23,2011.0,S_iu_short,0.49493986019187675,1.0407028110722572,True
23,2011.0,S_iu_med,0.6264932087670763,1.050306007177306,True
23,2011.0,S_iu_long,1.6773274903491295,1.7288288507468728,True
23,2011.0,S_scrap,0.9030748154199183,1.290779441438636,True
23,2012.0,S_conc,0.07288602509399013,16.01991468295367,False
23,2012.0,S_ref,0.06793454606476486,15.679726803487029,False
23,2012.0,S_iu_short,0.4930173839998477,1.0420254380530678,True
23,2012.0,S_iu_med,0.6229467738638794,1.0464235672935553,True
23,2012.0,S_iu_long,1.652145455026523,1.7185605966687378,True
23,2012.0,S_scrap,0.8915258402781192,1.2895114107913337,True
23,2013.0,S_conc,0.17912392536532168,6.771169219964329,True
23,2013.0,S_ref,0.15191272224403782,6.449772792966078,True
23,2013.0,S_iu_short,0.4922215469333198,1.0433608495140287,True
23,2013.0,S_iu_med,0.622346221076641,1.0457693876506042,True
23,2013.0,S_iu_long,1.6479279589121756,1.706860601643335,True
23,2013.0,S_scrap,0.898793202459794,1.284855614200224,True
23,2014.0,S_conc,0.6081073509608086,2.470084316696764,True
23,2014.0,S_ref,0.3781509677183416,2.2134595807359676,True
23,2014.0,S_iu_short,0.4932845183378845,1.0416718355386945,True
23,2014.0,S_iu_med,0.620568370174832,1.0453559592040103,True
23,2014.0,S_iu_long,1.6355209249707872,1.6983266450521033,True
23,2014.0,S_scrap,0.8919850187133812,1.2795859318287373,True
23,2015.0,S_conc,0.5421149156028225,2.649406513953351,True
23,2015.0,S_ref,0.3515398950608725,2.3911072941616123,True
23,2015.0,S_iu_short,0.49376001725579927,1.042566010034587,True
23,2015.0,S_iu_med,0.612933268465195,1.0433730188620232,True
23,2015.0,S_iu_long,1.5835338419160423,1.658972700301195,True
23,2015.0,S_scrap,0.8568707792404456,1.2575798000705776,True
23,2016.0,S_conc,0.43463549390084255,3.1495371868106603,True
23,2016.0,S_ref,0.30295883222507475,2.866100335555523,True
23,2016.0,S_iu_short,0.4964145819004486,1.0353725953942954,True
23,2016.0,S_iu_med,0.6094483042443875,1.0408923385582314,True
23,2016.0,S_iu_long,1.560480496865514,1.6681623405520014,True
23,2016.0,S_scrap,0.8494578640511096,1.2622670915491168,True
23,2017.0,S_conc,0.8450775314112807,2.0341287657492044,True
23,2017.0,S_ref,0.45801735538174904,1.8044429469511056,True
23,2017.0,S_iu_short,0.496973327490474,1.0343973925965804,True
23,2017.0,S_iu_med,0.615463879439655,1.0433763001671352,True
23,2017.0,S_iu_long,1.600535935461154,1.6927184730321754,True
23,2017.0,S_scrap,0.8798687980392619,1.2717289135969625,True
23,2018.0,S_conc,0.7914244268520594,2.0888924268765106,True
23,2018.0,S_ref,0.4417849924279375,1.8605499193850321,True
23,2018.0,S_iu_short,0.4964755283754829,1.0424583400272134,True
23,2018.0,S_iu_med,0.6272707407825348,1.055623136795753,True
23,2018.0,S_iu_long,1.6829125303966537,1.6896190083271958,True
23,2018.0,S_scrap,0.8868233283896259,1.2608317409702863,True
23,2019.0,S_conc,0.562670192471429,2.590139825208853,True
23,2019.0,S_ref,0.36006970324399823,2.3318429428504173,True
23,2019.0,S_iu_short,0.49189127997801035,1.0461663374797643,True
23,2019.0,S_iu_med,0.6238422320352679,1.0489946486122526,True
23,2019.0,S_iu_long,1.658458990254744,1.6786300203094926,True
23,2019.0,S_scrap,0.8920911097451202,1.262369143147787,True
24,1980.0,S_conc,0.8496812660422314,1.6725460653674964,True
24,1980.0,S_ref,0.5218210099508516,1.5186990949028496,True
24,1980.0,S_iu_short,0.5125199923269124,1.0175858362756558,True
24,1980.0,S_iu_med,0.5633416073850559,1.1265088322719092,True
24,1980.0,S_iu_long,1.2901197295475417,1.4742460269061706,True
24,1980.0,S_scrap,0.6906821532602001,1.228489897297424,True
24,1981.0,S_conc,0.8899636911631461,1.610125281744224,True
24,1981.0,S_ref,0.5451367146409029,1.4646655075600155,True
24,1981.0,S_iu_short,0.5144313202656691,1.0212923996745014,True
24,1981.0,S_iu_med,0.5695168763791321,1.1188581296042772,True
24,1981.0,S_iu_long,1.3229714363453486,1.4926928180743857,True
24,1981.0,S_scrap,0.6752231962758126,1.2194216407301863,True
24,1982.0,S_conc,0.8801023292728611,1.6882762743647863,True
24,1982.0,S_ref,0.5212488473354313,1.5288185308408242,True
24,1982.0,S_iu_short,0.5164692930217778,1.0249334255287967,True
24,1982.0,S_iu_med,0.5800872514316417,1.106382698702896,True
24,1982.0,S_iu_long,1.381447106355735,1.5429074812520158,True
24,1982.0,S_scrap,0.6790874774394237,1.2287793789670736,True
24,1983.0,S_conc,0.8574926790129869,1.5023670824244502,True
24,1983.0,S_ref,0.5782559349096952,1.3810317451856595,True
24,1983.0,S_iu_short,0.5177087784180835,1.0244753503249766,True
24,1983.0,S_iu_med,0.5637441944783808,1.1522249890676115,True
24,1983.0,S_iu_long,1.2922331057676746,1.4193429903487296,True
24,1983.0,S_scrap,0.7247934268920764,1.2032187260883145,True
24,1984.0,S_conc,0.8852683380673793,1.4719727554399467,True
24,1984.0,S_ref,0.5913810250041042,1.356341425200602,True
24,1984.0,S_iu_short,0.5178355313860057,1.0288373984941739,True
24,1984.0,S_iu_med,0.5628263551269926,1.1578434658108836,True
24,1984.0,S_iu_long,1.2874205975762458,1.4069224594829226,True
24,1984.0,S_scrap,0.674075189117444,1.1927600009456778,True
24,1985.0,S_conc,0.9126714395608373,1.622407187743394,True
24,1985.0,S_ref,0.5318558931009568,1.4802514547690417,True
24,1985.0,S_iu_short,0.519653211248176,1.0307752668318706,True
24,1985.0,S_iu_med,0.5619521838423668,1.1669855229160675,True
24,1985.0,S_iu_long,1.2828558050387497,1.4180931958238292,True
24,1985.0,S_scrap,0.5627386814026596,1.1922525268090847,True
24,1986.0,S_conc,0.9339386121730112,1.4414903285993816,True
24,1986.0,S_ref,0.6005667526922371,1.3329076378456726,True
24,1986.0,S_iu_short,0.5148490535892594,1.0468936415276688,True
24,1986.0,S_iu_med,0.5498935485305133,1.211968525961889,True
24,1986.0,S_iu_long,1.2216966602794657,1.3372894307189218,True
24,1986.0,S_scrap,0.4197530766818837,1.1771790666582818,True
24,1987.0,S_conc,0.9103864398573881,1.335920128224342,True
24,1987.0,S_ref,0.6696215829445876,1.2507882855459425,True
24,1987.0,S_iu_short,0.511917516517965,1.0340971813090376,True
24,1987.0,S_iu_med,0.5499244506960768,1.1975193796050816,True
24,1987.0,S_iu_long,1.2218492018652816,1.3242668166099343,True
24,1987.0,S_scrap,0.5676579650815261,1.1928903053814537,True
24,1988.0,S_conc,0.8664072465486363,1.3306162866297548,True
24,1988.0,S_ref,0.6527109029418808,1.2495441962014389,True
24,1988.0,S_iu_short,0.5056971305299665,1.091848864678962,True
24,1988.0,S_iu_med,0.5452546113866111,1.1896317287761815,True
24,1988.0,S_iu_long,1.1990327445632891,1.2040988998303899,True
24,1988.0,S_scrap,0.7359738065430301,1.1719557264038867,True
24,1989.0,S_conc,0.8429404168438638,1.3317616968004942,True
24,1989.0,S_ref,0.6500840053758314,1.2505867034611706,True
24,1989.0,S_iu_short,0.5084853453436916,1.116112512265647,True
24,1989.0,S_iu_med,0.5377422016993427,1.2204640574431118,True
24,1989.0,S_iu_long,1.1632950350998505,1.147553140051046,True
24,1989.0,S_scrap,0.7765405963457108,1.1645140185987966,True
24,1990.0,S_conc,0.8419036533502786,1.3153164479617465,True
24,1990.0,S_ref,0.6683731512382032,1.2375476525987759,True
24,1990.0,S_iu_short,0.5231104110037836,1.0518533111869215,True
24,1990.0,S_iu_med,0.5508395560861431,1.2121691223679936,True
24,1990.0,S_iu_long,1.2263759276891866,1.2814879324536717,True
24,1990.0,S_scrap,0.7513692036528964,1.1667994331871927,True
24,1991.0,S_conc,0.8574811339557782,1.3377485721703546,True
24,1991.0,S_ref,0.6514801931227998,1.253898839078262,True
24,1991.0,S_iu_short,0.5222581952920499,1.0555317154172745,True
24,1991.0,S_iu_med,0.5428374401689032,1.2376644810439799,True
24,1991.0,S_iu_long,1.1874057236215056,1.2321845776206812,True
24,1991.0,S_scrap,0.7063846243470714,1.1627272202586783,True
24,1992.0,S_conc,0.8254211007646357,1.5662345862397604,True
24,1992.0,S_ref,0.5348849167941906,1.4444558393298503,True
24,1992.0,S_iu_short,0.5170535422225742,1.0510190716149057,True
24,1992.0,S_iu_med,0.5588292755926947,1.170705655276476,True
24,1992.0,S_iu_long,1.2666961896518834,1.3211261114532733,True
24,1992.0,S_scrap,0.7503840484929077,1.1668799234701104,True
24,1993.0,S_conc,0.5823185259380127,2.3044754451493605,True
24,1993.0,S_ref,0.3680159944994697,2.1285783713233144,True
24,1993.0,S_iu_short,0.5190434286226615,1.0371722127712846,True
24,1993.0,S_iu_med,0.5597328104620316,1.1713244564772638,True
24,1993.0,S_iu_long,1.271347999039934,1.3468797320763508,True
24,1993.0,S_scrap,0.766922704004268,1.1813166344021533,True
24,1994.0,S_conc,0.49256106529008314,2.6269644502352127,True
24,1994.0,S_ref,0.3300106620390454,2.4322081316952793,True
24,1994.0,S_iu_short,0.515011855279535,1.0295572482474002,True
24,1994.0,S_iu_med,0.5658864004020174,1.136449663131038,True
24,1994.0,S_iu_long,1.3035445121416724,1.4094005292065008,True
24,1994.0,S_scrap,0.7860103743900916,1.1981926301573238,True
24,1995.0,S_conc,0.784028388012236,1.9163885424659128,True
24,1995.0,S_ref,0.4394708028641855,1.757459285731137,True
24,1995.0,S_iu_short,0.513981461067217,1.0348918734694217,True
24,1995.0,S_iu_med,0.5603752999816253,1.1501685352257647,True
24,1995.0,S_iu_long,1.2746674605821822,1.3637661695687517,True
24,1995.0,S_scrap,0.8145168346136793,1.1914372779827755,True
24,1996.0,S_conc,0.8225571345608946,1.6343000354377621,True
24,1996.0,S_ref,0.5284514685875861,1.491430052571768,True
24,1996.0,S_iu_short,0.5133549858401856,1.0280928591354674,True
24,1996.0,S_iu_med,0.5765634307762361,1.1069149281312274,True
24,1996.0,S_iu_long,1.3616288074343261,1.4777096843678628,True
24,1996.0,S_scrap,0.8060860410735307,1.2067527686322477,True
24,1997.0,S_conc,0.8327946733616571,1.4820147412596403,True
24,1997.0,S_ref,0.5760912948620001,1.369644610604342,True
24,1997.0,S_iu_short,0.5153299151569164,1.0416455060537853,True
24,1997.0,S_iu_med,0.5716963454982223,1.1333894499442883,True
24,1997.0,S_iu_long,1.3347921258417597,1.399197085571786,True
24,1997.0,S_scrap,0.8219103366837521,1.1824497051689722,True
24,1998.0,S_conc,0.875080369643066,1.3887787830912373,True
24,1998.0,S_ref,0.6191924796135373,1.2947921921643761,True
24,1998.0,S_iu_short,0.5147779141296025,1.0517195944885545,True
24,1998.0,S_iu_med,0.5596629592799469,1.1591927863429485,True
24,1998.0,S_iu_long,1.2709876924384291,1.3202973486564307,True
24,1998.0,S_scrap,0.7916600002225078,1.1642972661328888,True
24,1999.0,S_conc,0.864561877690405,1.2888311023341257,True
24,1999.0,S_ref,0.6996326728925445,1.218799597807837,True
24,1999.0,S_iu_short,0.5137608326295913,1.0413288996443737,True
24,1999.0,S_iu_med,0.5657923351330247,1.1370819662689686,True
24,1999.0,S_iu_long,1.3030454801076854,1.373907741203654,True
24,1999.0,S_scrap,0.8167726251001023,1.1740395733274893,True
24,2000.0,S_conc,0.8185375436790084,1.248716249980074,True
24,2000.0,S_ref,0.7397956568940209,1.1893114949177368,True
24,2000.0,S_iu_short,0.5168369218619127,1.0443881691979466,True
24,2000.0,S_iu_med,0.5683397930601726,1.1465273795408968,True
24,2000.0,S_iu_long,1.316636984190201,1.3742235890723657,True
24,2000.0,S_scrap,0.8665544784828279,1.1763361468559717,True
24,2001.0,S_conc,0.8571536890753205,1.3657296564990633,True
24,2001.0,S_ref,0.6444221987493437,1.2724377183841638,True
24,2001.0,S_iu_short,0.5219836793477968,1.042506057642468,True
24,2001.0,S_iu_med,0.5695766125831782,1.1615945651937365,True
24,2001.0,S_iu_long,1.323293829365272,1.3831146581917089,True
24,2001.0,S_scrap,0.8231157280645713,1.1767372409746415,True
24,2002.0,S_conc,0.8756509047309047,1.6608676415748378,True
24,2002.0,S_ref,0.5198098109075812,1.5137417055938893,True
24,2002.0,S_iu_short,0.5199789853295883,1.0338420920722817,True
24,2002.0,S_iu_med,0.5790655983146475,1.1344141316430052,True
24,2002.0,S_iu_long,1.3756670778063365,1.4593888266669601,True
24,2002.0,S_scrap,0.805436419417034,1.1942646861762551,True
24,2003.0,S_conc,0.43998538125907477,2.9644884063964305,True
24,2003.0,S_ref,0.30554850555105384,2.736310420774095,True
24,2003.0,S_iu_short,0.514940987945505,1.0274549970217928,True
24,2003.0,S_iu_med,0.5816693962206088,1.1061072996635748,True
24,2003.0,S_iu_long,1.3904538443172454,1.5114858272294351,True
24,2003.0,S_scrap,0.8012259326796026,1.2122314467988922,True
24,2004.0,S_conc,0.8543583288855902,1.8868937053844186,True
24,2004.0,S_ref,0.4607299007840799,1.7127222812307894,True
24,2004.0,S_iu_short,0.5158059768428369,1.0318487850899698,True
24,2004.0,S_iu_med,0.5867826698159591,1.1089057996723997,True
24,2004.0,S_iu_long,1.4200340279886488,1.5086593666235935,True
24,2004.0,S_scrap,0.859043623407506,1.2107896159158347,True
24,2005.0,S_conc,0.8665576742158271,1.643380903454011,True
24,2005.0,S_ref,0.5334008754494397,1.4934815710820237,True
24,2005.0,S_iu_short,0.5147595188447689,1.031779228630125,True
24,2005.0,S_iu_med,0.5908809538943193,1.1009984953450014,True
24,2005.0,S_iu_long,1.4442763286598175,1.5288756871369995,True
24,2005.0,S_scrap,0.8699443598038148,1.2154651352941521,True
24,2006.0,S_conc,0.8362547111684167,1.3279414986091762,True
24,2006.0,S_ref,0.6615619609206922,1.2456377861687304,True
24,2006.0,S_iu_short,0.5150163272969294,1.0569026455372956,True
24,2006.0,S_iu_med,0.5757847186015761,1.136953486158691,True
24,2006.0,S_iu_long,1.3572936757570455,1.3791685549632853,True
24,2006.0,S_scrap,0.8864765785195551,1.1752327002790113,True
24,2007.0,S_conc,0.8480258838527566,1.2960832819975052,True
24,2007.0,S_ref,0.6774416403726804,1.222429413320954,True
24,2007.0,S_iu_short,0.5226244048206783,1.0774540705890623,True
24,2007.0,S_iu_med,0.547391984491971,1.2102436782113892,True
24,2007.0,S_iu_long,1.209417345111646,1.2306688014635303,True
24,2007.0,S_scrap,0.8814752024194825,1.1621056068535232,True
24,2008.0,S_conc,0.8518891388697295,1.839349376024723,True
24,2008.0,S_ref,0.4600108726754919,1.6859542621819492,True
24,2008.0,S_iu_short,0.522207349611717,1.0378425317597917,True
24,2008.0,S_iu_med,0.5676262942952351,1.1623516324684182,True
24,2008.0,S_iu_long,1.3128140930078298,1.3742113966197458,True
24,2008.0,S_scrap,0.8811280708967532,1.1857085051353633,True
24,2009.0,S_conc,0.8761528763816055,1.7126400786578968,True
24,2009.0,S_ref,0.49758616548594137,1.5654499300425182,True
24,2009.0,S_iu_short,0.5236658230949738,1.0349003992968473,True
24,2009.0,S_iu_med,0.5772159852294709,1.1476897455596118,True
24,2009.0,S_iu_long,1.3652739107053555,1.432841652461167,True
24,2009.0,S_scrap,0.8146221340553222,1.193392257439556,True
24,2010.0,S_conc,0.8478988455049439,1.6189515136440058,True
24,2010.0,S_ref,0.5237042746503586,1.4869635246333812,True
24,2010.0,S_iu_short,0.5153056102430794,1.0386297177662962,True
24,2010.0,S_iu_med,0.5648430736783957,1.142760435533884,True
24,2010.0,S_iu_long,1.2980215630554994,1.365615408783776,True
24,2010.0,S_scrap,0.8841376619220706,1.1857965876798437,True
24,2011.0,S_conc,0.873585567118489,1.8092313721617306,True
24,2011.0,S_ref,0.4702340092078067,1.654656351777351,True
24,2011.0,S_iu_short,0.5164716185514083,1.0310569595359491,True
24,2011.0,S_iu_med,0.5671072054044428,1.1380930032513468,True
24,2011.0,S_iu_long,1.3100407594778272,1.3939722283744873,True
24,2011.0,S_scrap,0.8659215217052635,1.1914602291054104,True
24,2012.0,S_conc,0.8839025412876014,1.795225724100445,True
24,2012.0,S_ref,0.47589325313567843,1.6391348809086868,True
24,2012.0,S_iu_short,0.5178537264994507,1.0283697577978366,True
24,2012.0,S_iu_med,0.5719746186605823,1.1316282701627356,True
24,2012.0,S_iu_long,1.3363100498169174,1.426487252387286,True
24,2012.0,S_scrap,0.8535094504411315,1.198748868620199,True
24,2013.0,S_conc,0.8819622493653155,1.644196486860672,True
24,2013.0,S_ref,0.5203777482347188,1.504388255145715,True
24,2013.0,S_iu_short,0.5167879866238643,1.0299407665150149,True
24,2013.0,S_iu_med,0.5737751605529816,1.124775765402531,True
24,2013.0,S_iu_long,1.3461795452780139,1.4283972260260225,True
24,2013.0,S_scrap,0.8685473673784782,1.1966515599332845,True
24,2014.0,S_conc,0.8867497366232461,1.5832672804265195,True
24,2014.0,S_ref,0.5392543584050975,1.4530926242628264,True
24,2014.0,S_iu_short,0.517237793646146,1.0324698625976536,True
24,2014.0,S_iu_med,0.5731395362850233,1.1288072020260647,True
24,2014.0,S_iu_long,1.3426859243345621,1.4134836265126252,True
24,2014.0,S_scrap,0.8643862207942331,1.191520113755288,True
24,2015.0,S_conc,0.8957515853690611,1.5949261615498345,True
24,2015.0,S_ref,0.5299349116639659,1.466801902674685,True
24,2015.0,S_iu_short,0.520450534447669,1.0373544841718627,True
24,2015.0,S_iu_med,0.5681903008389602,1.151538126635444,True
24,2015.0,S_iu_long,1.3158349660577178,1.3725937046658232,True
24,2015.0,S_scrap,0.8326428565131088,1.1817504482473367,True
24,2016.0,S_conc,0.8959200139541017,1.4917560012741955,True
24,2016.0,S_ref,0.5733243726055142,1.3766242852816475,True
24,2016.0,S_iu_short,0.5195934788724977,1.0342748305203973,True
24,2016.0,S_iu_med,0.5710731688749325,1.1407752307356112,True
24,2016.0,S_iu_long,1.331399967162273,1.3913916657443839,True
24,2016.0,S_scrap,0.8444643816814255,1.1852524297917226,True
24,2017.0,S_conc,0.8929931022912545,1.379221440314534,True
24,2017.0,S_ref,0.6300430179140036,1.2852852297341186,True
24,2017.0,S_iu_short,0.5168796418518414,1.036371961161794,True
24,2017.0,S_iu_med,0.5685619517663549,1.1363438900642204,True
24,2017.0,S_iu_long,1.3178298810086646,1.3738031301568774,True
24,2017.0,S_scrap,0.8731185092971347,1.1822843696364855,True
24,2018.0,S_conc,0.9086512035235631,1.4059872424836177,True
24,2018.0,S_ref,0.6157004547231031,1.3062010310069114,True
24,2018.0,S_iu_short,0.5202789197308524,1.0354013573821415,True
24,2018.0,S_iu_med,0.5737271657518037,1.1385276661983854,True
24,2018.0,S_iu_long,1.345915384834851,1.3948712404980952,True
24,2018.0,S_scrap,0.8702066535117123,1.18388441554951,True
24,2019.0,S_conc,0.8989207285263552,1.38423327170395,True
24,2019.0,S_ref,0.620153660999227,1.291038569002332,True
24,2019.0,S_iu_short,0.5211117928441682,1.0436030359441415,True
24,2019.0,S_iu_med,0.5604056828720259,1.1692636067983193,True
24,2019.0,S_iu_long,1.2748246759270123,1.313277171221255,True
24,2019.0,S_scrap,0.8557185386357232,1.1700970510378206,True
25,1980.0,S_conc,0.8541847918511255,1.8763307030322913,True
25,1980.0,S_ref,0.4606794293670967,1.7036284504986723,True
25,1980.0,S_iu_short,0.5114649246975328,1.0246337181823866,True
25,1980.0,S_iu_med,0.5659857188003562,1.1191255282184143,True
25,1980.0,S_iu_long,1.3040716476792764,1.4637916785269796,True
25,1980.0,S_scrap,0.7132043443807573,1.2149589006610053,True
25,1981.0,S_conc,0.8961312284484393,1.7815715978074267,True
25,1981.0,S_ref,0.4798759342772041,1.6235849655300199,True
25,1981.0,S_iu_short,0.5118756426846142,1.0352482890315844,True
25,1981.0,S_iu_med,0.5691797636723954,1.1230836249187246,True
25,1981.0,S_iu_long,1.3211537334554995,1.4438641623389086,True
25,1981.0,S_scrap,0.656251375829504,1.1927283810042513,True
25,1982.0,S_conc,0.8789639798421793,1.6372356275158197,True
25,1982.0,S_ref,0.5222574635892941,1.4969208653128059,True
25,1982.0,S_iu_short,0.5089743975837521,1.0411304308634992,True
25,1982.0,S_iu_med,0.5731777624996927,1.1086027593043497,True
25,1982.0,S_iu_long,1.3428957353687083,1.4490027518318789,True
25,1982.0,S_scrap,0.6794064872332111,1.189367002423842,True
25,1983.0,S_conc,0.8653019283778697,1.5207604842769549,True
25,1983.0,S_ref,0.580053331507834,1.3918250015640732,True
25,1983.0,S_iu_short,0.5125057026875796,1.0244744979421898,True
25,1983.0,S_iu_med,0.572003839466811,1.1081983886514295,True
25,1983.0,S_iu_long,1.3364695579376695,1.4905560238023425,True
25,1983.0,S_scrap,0.7123788092253815,1.2128782819488828,True
25,1984.0,S_conc,0.8874912244482457,1.5330780616644868,True
25,1984.0,S_ref,0.5709809185955579,1.4031219955558019,True
25,1984.0,S_iu_short,0.513640129816937,1.0299920336638386,True
25,1984.0,S_iu_med,0.5734255196762801,1.116151254457504,True
25,1984.0,S_iu_long,1.3442565041422954,1.4806484443963956,True
25,1984.0,S_scrap,0.6621070487330196,1.20175708101885,True
25,1985.0,S_conc,0.897806165966276,1.5280839425571748,True
25,1985.0,S_ref,0.5665915403417204,1.4017955436748257,True
25,1985.0,S_iu_short,0.5052573508967422,1.043654454442763,True
25,1985.0,S_iu_med,0.5703687366542889,1.0980978340977263,True
25,1985.0,S_iu_long,1.327577356015944,1.4504444861427455,True
25,1985.0,S_scrap,0.6262287914564599,1.1896786218510456,True
25,1986.0,S_conc,0.932410619516787,1.4281159516252537,True
25,1986.0,S_ref,0.6090471111964564,1.321825948849124,True
25,1986.0,S_iu_short,0.5007277779732965,1.063589890923007,True
25,1986.0,S_iu_med,0.5609803611888834,1.1233220300614621,True
25,1986.0,S_iu_long,1.2778024297683843,1.3995903861280294,True
25,1986.0,S_scrap,0.44082830005510126,1.1688215050781283,True
25,1987.0,S_conc,0.9099009282242432,1.3494187964988829,True
25,1987.0,S_ref,0.6670495829239244,1.2603473437844215,True
25,1987.0,S_iu_short,0.5063696571069896,1.0371768482668844,True
25,1987.0,S_iu_med,0.5591385757469177,1.1222917628439086,True
25,1987.0,S_iu_long,1.2682864614299685,1.4150300621313707,True
25,1987.0,S_scrap,0.5732719586284506,1.198725690102592,True
25,1988.0,S_conc,0.8680069473069103,1.3608841044873514,True
25,1988.0,S_ref,0.649308925001506,1.2706422276078395,True
25,1988.0,S_iu_short,0.5107741181842493,1.0345894947285854,True
25,1988.0,S_iu_med,0.5548730432125554,1.1584685438719502,True
25,1988.0,S_iu_long,1.2465500791440862,1.3482318224671566,True
25,1988.0,S_scrap,0.7196260046064882,1.189975936934886,True
25,1989.0,S_conc,0.8274032140447766,1.3205303964101898,True
25,1989.0,S_ref,0.6639770201796491,1.2422351046371043,True
25,1989.0,S_iu_short,0.5135830648169869,1.0522764328119376,True
25,1989.0,S_iu_med,0.551989844490005,1.181517964668366,True
25,1989.0,S_iu_long,1.2320922588499008,1.2812467150762195,True
25,1989.0,S_scrap,0.791932681794432,1.172955246593096,True
25,1990.0,S_conc,0.8462820944450766,1.3143272293417527,True
25,1990.0,S_ref,0.677061310256858,1.236488658595994,True
25,1990.0,S_iu_short,0.5223235360669694,1.0400549563599206,True
25,1990.0,S_iu_med,0.5613018776931816,1.180202388933637,True
25,1990.0,S_iu_long,1.2794718033933508,1.3560739690242185,True
25,1990.0,S_scrap,0.7422035655878907,1.1753306107657684,True
25,1991.0,S_conc,0.85991676370662,1.3596443995686545,True
25,1991.0,S_ref,0.6291677545625675,1.2723725341238445,True
25,1991.0,S_iu_short,0.5105950680981343,1.083586776541973,True
25,1991.0,S_iu_med,0.5487347248558209,1.1839374668834475,True
25,1991.0,S_iu_long,1.2159914690544278,1.2384057177460124,True
25,1991.0,S_scrap,0.7046309449936378,1.1508071524508505,True
25,1992.0,S_conc,0.8238951014097295,1.5090167951662112,True
25,1992.0,S_ref,0.5534828108326072,1.3971504051724115,True
25,1992.0,S_iu_short,0.5158267286189648,1.0694303072158062,True
25,1992.0,S_iu_med,0.5487399326215325,1.19706413842501,True
25,1992.0,S_iu_long,1.2160170426985943,1.246592704137771,True
25,1992.0,S_scrap,0.7543272876107713,1.1605751922061631,True
25,1993.0,S_conc,0.5954328390501282,2.2259040259416483,True
25,1993.0,S_ref,0.37321084565654966,2.0674225669181334,True
25,1993.0,S_iu_short,0.5078888187044637,1.0900264146637848,True
25,1993.0,S_iu_med,0.5484414520300435,1.1759911154386824,True
25,1993.0,S_iu_long,1.2145522535131654,1.2257466244094513,True
25,1993.0,S_scrap,0.7579737020723367,1.1656292168899343,True
25,1994.0,S_conc,0.47325283378806965,2.6684970346709567,True
25,1994.0,S_ref,0.3212298818874344,2.4854594834285137,True
25,1994.0,S_iu_short,0.5156639665432569,1.0401580518600715,True
25,1994.0,S_iu_med,0.5544832154555933,1.1783215778135159,True
25,1994.0,S_iu_long,1.2445843449481204,1.3119226785381835,True
25,1994.0,S_scrap,0.7901440847047447,1.1843534077246998,True
25,1995.0,S_conc,0.823835381383944,1.8170754984916557,True
25,1995.0,S_ref,0.45678952742521567,1.6733803662149436,True
25,1995.0,S_iu_short,0.5115482322880253,1.0627730826512927,True
25,1995.0,S_iu_med,0.5544792196448282,1.16549709466975,True
25,1995.0,S_iu_long,1.2445642135991815,1.283507104024661,True
25,1995.0,S_scrap,0.8097155871367144,1.1686977868989408,True
25,1996.0,S_conc,0.8149117437585404,1.5958559133398698,True
25,1996.0,S_ref,0.521739995462258,1.4727695338648166,True
25,1996.0,S_iu_short,0.5103085326751821,1.062098331889211,True
25,1996.0,S_iu_med,0.5585147010835659,1.1486079454488647,True
25,1996.0,S_iu_long,1.2650810852691237,1.3062620128962934,True
25,1996.0,S_scrap,0.8194045679519342,1.1716324414835715,True
25,1997.0,S_conc,0.8279158911947458,1.4526809298962249,True
25,1997.0,S_ref,0.58848050210553,1.3461061566005932,True
25,1997.0,S_iu_short,0.5144166145272925,1.0451835405772447,True
25,1997.0,S_iu_med,0.566608277761531,1.1403588957410937,True
25,1997.0,S_iu_long,1.3073814027526833,1.3673706535231862,True
25,1997.0,S_scrap,0.8271976189816559,1.1748256574541907,True
25,1998.0,S_conc,0.8815692774175075,1.4150278649104686,True
25,1998.0,S_ref,0.6019251902494638,1.3167024713406077,True
25,1998.0,S_iu_short,0.5053109658575533,1.0731464393016612,True
25,1998.0,S_iu_med,0.5672068291217118,1.1219317329827734,True
25,1998.0,S_iu_long,1.3105725027283852,1.3356654981744933,True
25,1998.0,S_scrap,0.7837348709808934,1.1565249846732977,True
25,1999.0,S_conc,0.8702591556790383,1.3243840051895845,True
25,1999.0,S_ref,0.6762966110944715,1.2438948592724093,True
25,1999.0,S_iu_short,0.5073547311540532,1.0458628638343526,True
25,1999.0,S_iu_med,0.5716897287385126,1.102226045694487,True
25,1999.0,S_iu_long,1.334756056759355,1.413585942617454,True
25,1999.0,S_scrap,0.8104464616093456,1.1794794328672005,True
25,2000.0,S_conc,0.8244843072211212,1.2861921961389144,True
25,2000.0,S_ref,0.7366386676993282,1.2168244298990682,True
25,2000.0,S_iu_short,0.5180989224377598,1.0258454978304936,True
25,2000.0,S_iu_med,0.5825894857024193,1.1147169796330965,True
25,2000.0,S_iu_long,1.3957230729628414,1.50425531522752,True
25,2000.0,S_scrap,0.8585097944087902,1.208794060175831,True
25,2001.0,S_conc,0.8529512616824371,1.3706602612719443,True
25,2001.0,S_ref,0.6567009096463146,1.2740830942738752,True
25,2001.0,S_iu_short,0.5174510821715286,1.0350977111968356,True
25,2001.0,S_iu_med,0.5853436420378029,1.119258699659223,True
25,2001.0,S_iu_long,1.4116355164899386,1.4876849209074325,True
25,2001.0,S_scrap,0.8237841374797874,1.1993662234750875,True
25,2002.0,S_conc,0.8657051731152812,1.7838558888047742,True
25,2002.0,S_ref,0.4867076546539854,1.6192633026471446,True
25,2002.0,S_iu_short,0.517094348553094,1.0345457172304924,True
25,2002.0,S_iu_med,0.5910794407498827,1.1115580139884762,True
25,2002.0,S_iu_long,1.4454627613583682,1.5202078792190843,True
25,2002.0,S_scrap,0.8226405869209336,1.2101217708592866,True
25,2003.0,S_conc,0.5575147775171538,2.4810340259782415,True
25,2003.0,S_ref,0.35795151709949896,2.2689570591433608,True
25,2003.0,S_iu_short,0.509938163410541,1.0331924310861047,True
25,2003.0,S_iu_med,0.5854071336751809,1.0893898650273277,True
25,2003.0,S_iu_long,1.412004839505692,1.521307373230068,True
25,2003.0,S_scrap,0.8119987387701496,1.2134204410724265,True
25,2004.0,S_conc,0.8763962765520343,1.8670257913992045,True
25,2004.0,S_ref,0.4786119506748913,1.6782727927682206,True
25,2004.0,S_iu_short,0.5139386560250131,1.026090689347253,True
25,2004.0,S_iu_med,0.594717525841975,1.0863075815967347,True
25,2004.0,S_iu_long,1.4674148618873826,1.5895189375819578,True
25,2004.0,S_scrap,0.8473024964598411,1.2359697208401534,True
25,2005.0,S_conc,0.875802095672502,1.8837545516097436,True
25,2005.0,S_ref,0.47580622213778384,1.6916441192122855,True
25,2005.0,S_iu_short,0.5132089482563597,1.0255622686254966,True
25,2005.0,S_iu_med,0.595383402753714,1.0825252408197694,True
25,2005.0,S_iu_long,1.4714754827304088,1.596924935086099,True
25,2005.0,S_scrap,0.8542017143576379,1.2386831304571968,True
25,2006.0,S_conc,0.8411936785335309,1.4192632976681812,True
25,2006.0,S_ref,0.6522363404205791,1.3080526987361714,True
25,2006.0,S_iu_short,0.5218926010098771,1.035127735410202,True
25,2006.0,S_iu_med,0.6158109076123286,1.1038331446526761,True
25,2006.0,S_iu_long,1.6028849330030845,1.6283078611484743,True
25,2006.0,S_scrap,0.8838335077185728,1.2403339434674663,True
25,2007.0,S_conc,0.8351214713886902,1.264132084157428,True
25,2007.0,S_ref,0.7531853014346434,1.2027250226186188,True
25,2007.0,S_iu_short,0.521062829935503,1.0316589636384683,True
25,2007.0,S_iu_med,0.5949147999041817,1.1161746792202691,True
25,2007.0,S_iu_long,1.4686164781222848,1.528471891931046,True
25,2007.0,S_scrap,0.8834518411732917,1.2120169341822975,True
25,2008.0,S_conc,0.44728250771358663,2.912925268025587,True
25,2008.0,S_ref,0.3090498954624985,2.691930567620834,True
25,2008.0,S_iu_short,0.5203950611430214,1.0270037382494213,True
25,2008.0,S_iu_med,0.5897919072293626,1.1137464513625794,True
25,2008.0,S_iu_long,1.437787107625732,1.5296421483096205,True
25,2008.0,S_scrap,0.8714594888793706,1.2254766005360678,True
25,2009.0,S_conc,0.6587484933925032,2.173465096009658,True
25,2009.0,S_ref,0.39713585032123744,1.9900092946548749,True
25,2009.0,S_iu_short,0.5097502611874346,1.0422053631566668,True
25,2009.0,S_iu_med,0.5878102901889865,1.09595447955973,True
25,2009.0,S_iu_long,1.4260673573304241,1.4792241436399973,True
25,2009.0,S_scrap,0.8452394631916768,1.1960175887874727,True
25,2010.0,S_conc,0.8616776913737954,1.8314557305042423,True
25,2010.0,S_ref,0.4828984191907833,1.6526191394656877,True
25,2010.0,S_iu_short,0.5173981760341613,1.0241375174219032,True
25,2010.0,S_iu_med,0.5901806097522768,1.0988530373379708,True
25,2010.0,S_iu_long,1.440099282260732,1.5465583972104795,True
25,2010.0,S_scrap,0.8775036048771346,1.2208520333547228,True
25,2011.0,S_conc,0.16847233899257522,6.834686532384654,True
25,2011.0,S_ref,0.14418170920316986,6.580158525863405,True
25,2011.0,S_iu_short,0.5152092477178742,1.02500467930555,True
25,2011.0,S_iu_med,0.5863794340088341,1.0967978293985472,True
25,2011.0,S_iu_long,1.4176747536807872,1.5246603608360636,True
25,2011.0,S_scrap,0.8679537178910912,1.2198465481503786,True
25,2012.0,S_conc,0.3050783880890383,3.9495357886170583,True
25,2012.0,S_ref,0.23376250106765578,3.723110574974934,True
25,2012.0,S_iu_short,0.5102238332151183,1.034189700058165,True
25,2012.0,S_iu_med,0.5824770847600592,1.0921262484613077,True
25,2012.0,S_iu_long,1.3950781226590234,1.480143455525975,True
25,2012.0,S_scrap,0.8546090546045899,1.2016331166081504,True
25,2013.0,S_conc,0.5765589047745652,2.4009566445713415,True
25,2013.0,S_ref,0.3657071759440592,2.2000001283970687,True
25,2013.0,S_iu_short,0.5096339216293199,1.034049273925807,True
25,2013.0,S_iu_med,0.5836443390992159,1.0882769068712776,True
25,2013.0,S_iu_long,1.4017927313309566,1.4845074476958193,True
25,2013.0,S_scrap,0.8511509917803785,1.1978345260152474,True
25,2014.0,S_conc,0.7243249851332488,2.075116341751661,True
25,2014.0,S_ref,0.42006291817274566,1.8872092988991602,True
25,2014.0,S_iu_short,0.5112827767643352,1.0320095428087483,True
25,2014.0,S_iu_med,0.5879367429799577,1.0888210761214774,True
25,2014.0,S_iu_long,1.4268118619257553,1.5045941842029626,True
25,2014.0,S_scrap,0.844450734221775,1.2014899737699014,True
25,2015.0,S_conc,0.6137719566739487,2.2948200720722856,True
25,2015.0,S_ref,0.3803337603777415,2.099820763601339,True
25,2015.0,S_iu_short,0.5096155923132988,1.039679306763246,True
25,2015.0,S_iu_med,0.5950817837533187,1.0883085132193935,True
25,2015.0,S_iu_long,1.4696345085912044,1.5081597189108698,True
25,2015.0,S_scrap,0.8257056462703812,1.1939976815194593,True
25,2016.0,S_conc,0.4174411942948999,3.083038998161444,True
25,2016.0,S_ref,0.29450335998069693,2.854473026590972,True
25,2016.0,S_iu_short,0.5110107153804219,1.032647777656806,True
25,2016.0,S_iu_med,0.5973346234279102,1.081979698744565,True
25,2016.0,S_iu_long,1.4834516652835896,1.544463993154557,True
25,2016.0,S_scrap,0.8294870143597887,1.2110355758218794,True
25,2017.0,S_conc,0.6918727957990572,2.167721585038537,True
25,2017.0,S_ref,0.4089390156972715,1.963227553117084,True
25,2017.0,S_iu_short,0.5122387929308033,1.0290295801594997,True
25,2017.0,S_iu_med,0.5978292463629081,1.080304851922334,True
25,2017.0,S_iu_long,1.486506020033404,1.5609519459576329,True
25,2017.0,S_scrap,0.8458546256600343,1.2174630172620324,True
25,2018.0,S_conc,0.5242519728459056,2.587978613939015,True
25,2018.0,S_ref,0.3439404915888568,2.3741965179831626,True
25,2018.0,S_iu_short,0.513612602977844,1.0313543969007686,True
25,2018.0,S_iu_med,0.5969279571544963,1.0886622959072125,True
25,2018.0,S_iu_long,1.4809460684508375,1.5366344309708508,True
25,2018.0,S_scrap,0.8541800493978503,1.2093930201739056,True
25,2019.0,S_conc,0.9105648525728051,1.7107439389025216,True
25,2019.0,S_ref,0.5067445265451702,1.5555546595840541,True
25,2019.0,S_iu_short,0.5115969746106224,1.0371160339422825,True
25,2019.0,S_iu_med,0.5983060399645356,1.0893206990845425,True
25,2019.0,S_iu_long,1.4894573966502085,1.5181866911051314,True
25,2019.0,S_scrap,0.8465050007217558,1.195558617859033,True
26,1980.0,S_conc,0.8623120410293578,1.5793849014919104,True
26,1980.0,S_ref,0.5784155663950397,1.4294636814728077,True
26,1980.0,S_iu_short,0.5099525919111226,1.0146872204814221,True
26,1980.0,S_iu_med,0.5735241040295573,1.0785695720737587,True
26,1980.0,S_iu_long,1.3447984034936078,1.5937661000493375,True
26,1980.0,S_scrap,0.6941785780113547,1.2601479264219237,True
26,1981.0,S_conc,0.9008880259460085,1.6094641267413892,True
26,1981.0,S_ref,0.5452101842240419,1.46401313047255,True
26,1981.0,S_iu_short,0.5218505285635204,1.0208890713993064,True
26,1981.0,S_iu_med,0.5656309477252444,1.1580438163650886,True
26,1981.0,S_iu_long,1.3021897963565334,1.4713955226651365,True
26,1981.0,S_scrap,0.6427924780145087,1.2251317937853081,True
26,1982.0,S_conc,0.8804236237494003,1.672333465250297,True
26,1982.0,S_ref,0.5185376819992152,1.521030135074698,True
26,1982.0,S_iu_short,0.5273289481577647,1.0248352897176873,True
26,1982.0,S_iu_med,0.5661757983547101,1.1758714290254777,True
26,1982.0,S_iu_long,1.30508117391209,1.4429135323384914,True
26,1982.0,S_scrap,0.685867678734077,1.2121154810567965,True
26,1983.0,S_conc,0.8598690325491143,1.5628055994047354,True
26,1983.0,S_ref,0.5596512004941328,1.4275493786615456,True
26,1983.0,S_iu_short,0.5196975001111436,1.0191609486929274,True
26,1983.0,S_iu_med,0.5648304668830261,1.1533682731706791,True
26,1983.0,S_iu_long,1.2979549897193727,1.448148330293719,True
26,1983.0,S_scrap,0.7207397402008008,1.214777835540513,True
26,1984.0,S_conc,0.8895844332837823,1.4891423546940392,True
26,1984.0,S_ref,0.5862378078885324,1.3687754176123819,True
26,1984.0,S_iu_short,0.5309969834845253,1.0268284549192224,True
26,1984.0,S_iu_med,0.55098970703951,1.2440446232012943,True
26,1984.0,S_iu_long,1.22712043727691,1.340352439737465,True
26,1984.0,S_scrap,0.6572821999350962,1.2013576585627108,True
26,1985.0,S_conc,0.9079050259173174,1.5994934559136882,True
26,1985.0,S_ref,0.5363059497825492,1.4629635074041658,True
26,1985.0,S_iu_short,0.5309902410573392,1.034230975603119,True
26,1985.0,S_iu_med,0.5455197943477496,1.2625081441559793,True
26,1985.0,S_iu_long,1.2003158499826039,1.29978028727913,True
26,1985.0,S_scrap,0.5890262555705957,1.188024210681095,True
26,1986.0,S_conc,0.9327291759173761,1.449200937683803,True
26,1986.0,S_ref,0.5972963504968706,1.3388875550178083,True
26,1986.0,S_iu_short,0.5137543577090161,1.0480324375942311,True
26,1986.0,S_iu_med,0.5522843606712459,1.1972987958425076,True
26,1986.0,S_iu_long,1.2335605731782526,1.3549771390992231,True
26,1986.0,S_scrap,0.4161402388930326,1.174059903206541,True
26,1987.0,S_conc,0.9076776559430801,1.3125626152880796,True
26,1987.0,S_ref,0.6756599909961022,1.2344185764272508,True
26,1987.0,S_iu_short,0.5077414275580606,1.0617728665708832,True
26,1987.0,S_iu_med,0.5466632174744348,1.2018436514038158,True
26,1987.0,S_iu_long,1.2058655695859106,1.2603110242885625,True
26,1987.0,S_scrap,0.5861171231379034,1.1837378529362939,True
26,1988.0,S_conc,0.8679655940714636,1.3629348809849262,True
26,1988.0,S_ref,0.649230766261706,1.2719838479598646,True
26,1988.0,S_iu_short,0.5144940870505013,1.0301768535699087,True
26,1988.0,S_iu_med,0.5526421633221803,1.18582338738854,True
26,1988.0,S_iu_long,1.2353470041482357,1.3290597752391615,True
26,1988.0,S_scrap,0.7241814862286587,1.1881272315806004,True
26,1989.0,S_conc,0.8406429749394068,1.3332125108033261,True
26,1989.0,S_ref,0.6543728515942635,1.251246471751612,True
26,1989.0,S_iu_short,0.5166740164177472,1.0727200182976147,True
26,1989.0,S_iu_med,0.5370965442032015,1.2606767006655817,True
26,1989.0,S_iu_long,1.1602776723252024,1.1664407284147322,True
26,1989.0,S_scrap,0.777246717583158,1.1729138787340287,True
26,1990.0,S_conc,0.8483741488652342,1.3262870738410237,True
26,1990.0,S_ref,0.6663711486946696,1.245049003354603,True
26,1990.0,S_iu_short,0.530968146821507,1.0443728471557154,True
26,1990.0,S_iu_med,0.546683210777349,1.245540208482235,True
26,1990.0,S_iu_long,1.2059628581478379,1.275145812015371,True
26,1990.0,S_scrap,0.7373900255307284,1.1728471816499633,True
26,1991.0,S_conc,0.8573693482546625,1.351748506403121,True
26,1991.0,S_ref,0.6478147788273381,1.2641330116918803,True
26,1991.0,S_iu_short,0.5209895647113755,1.0396011476405265,True
26,1991.0,S_iu_med,0.5551662599411317,1.1925716433518254,True
26,1991.0,S_iu_long,1.248030915702712,1.3226820667148405,True
26,1991.0,S_scrap,0.7027816434471893,1.172140100558814,True
26,1992.0,S_conc,0.8209602980924815,1.5693068672496866,True
26,1992.0,S_ref,0.5362711035997714,1.445499868911682,True
26,1992.0,S_iu_short,0.5215415822291907,1.0435135689632906,True
26,1992.0,S_iu_med,0.5564391951702888,1.189490668699206,True
26,1992.0,S_iu_long,1.2544823372838658,1.317473053463747,True
26,1992.0,S_scrap,0.75576715404521,1.1702663756023222,True
26,1993.0,S_conc,0.5773381675707374,2.272982745880071,True
26,1993.0,S_ref,0.3660205398186093,2.113040150003121,True
26,1993.0,S_iu_short,0.5121833856739967,1.0787473406576968,True
26,1993.0,S_iu_med,0.5484048663320454,1.1880223171595026,True
26,1993.0,S_iu_long,1.2143728429440352,1.2347393503324913,True
26,1993.0,S_scrap,0.7584746050763079,1.1666257524742085,True
26,1994.0,S_conc,0.4837687596513692,2.671872329825448,True
26,1994.0,S_ref,0.32604053462147087,2.4730049633503675,True
26,1994.0,S_iu_short,0.5069313156484814,1.039966765027794,True
26,1994.0,S_iu_med,0.5703049398614652,1.0967027516536032,True
26,1994.0,S_iu_long,1.3272317807833247,1.4350397528386614,True
26,1994.0,S_scrap,0.7917619116660675,1.1979866081167239,True
26,1995.0,S_conc,0.784465509829537,1.9506661020687477,True
26,1995.0,S_ref,0.439608109828065,1.7780312757069412,True
26,1995.0,S_iu_short,0.5065974631453973,1.0358870154582605,True
26,1995.0,S_iu_med,0.5735524209887717,1.0867879497190451,True
26,1995.0,S_iu_long,1.3449541027261176,1.4687162337407116,True
26,1995.0,S_scrap,0.8109205232645202,1.2092473900813807,True
26,1996.0,S_conc,0.8166278299042025,1.5874065499879397,True
26,1996.0,S_ref,0.5268459503578438,1.463731778402309,True
26,1996.0,S_iu_short,0.5118355272908428,1.055210016725591,True
26,1996.0,S_iu_med,0.5637066379249889,1.141300123384946,True
26,1996.0,S_iu_long,1.292035788131179,1.340353979950527,True
26,1996.0,S_scrap,0.8172306948427464,1.1725336627023333,True
26,1997.0,S_conc,0.8280165117744155,1.4604045458279142,True
26,1997.0,S_ref,0.5931210236659112,1.3494320063400476,True
26,1997.0,S_iu_short,0.5119387636972108,1.0381742581340767,True
26,1997.0,S_iu_med,0.5741280075960492,1.1135786858605443,True
26,1997.0,S_iu_long,1.3481234216770794,1.4304572529711443,True
26,1997.0,S_scrap,0.8251963622508445,1.188273033258064,True
26,1998.0,S_conc,0.883031015004074,1.4077471070711767,True
26,1998.0,S_ref,0.6121177717897366,1.3087978923052763,True
26,1998.0,S_iu_short,0.5119075635239771,1.0500934177590324,True
26,1998.0,S_iu_med,0.5706503120080321,1.128166607304572,True
26,1998.0,S_iu_long,1.3291038236848736,1.3813997391195227,True
26,1998.0,S_scrap,0.7769598790404685,1.1675008014614152,True
26,1999.0,S_conc,0.870534534531622,1.2917212285239714,True
26,1999.0,S_ref,0.6923031660850965,1.220638508246717,True
26,1999.0,S_iu_short,0.507108746275297,1.0594542673298892,True
26,1999.0,S_iu_med,0.5630128384805482,1.1228593232152382,True
26,1999.0,S_iu_long,1.2883967495129407,1.3398688555914657,True
26,1999.0,S_scrap,0.8107998784939534,1.1630223545046514,True
26,2000.0,S_conc,0.8148982164421812,1.2361779653021325,True
26,2000.0,S_ref,0.7418774618775733,1.1799922275186576,True
26,2000.0,S_iu_short,0.5150923261814275,1.0607509631437806,True
26,2000.0,S_iu_med,0.5584666562809,1.1657533836939409,True
26,2000.0,S_iu_long,1.2648346137957636,1.2992423552032375,True
26,2000.0,S_scrap,0.8678847292907604,1.1644691369202191,True
26,2001.0,S_conc,0.8601720775608397,1.384854920967908,True
26,2001.0,S_ref,0.6331588564757573,1.2870309040437478,True
26,2001.0,S_iu_short,0.5167939777531488,1.0438148257942117,True
26,2001.0,S_iu_med,0.5763243405477281,1.1353036875104148,True
26,2001.0,S_iu_long,1.3602960842565288,1.4184658204032095,True
26,2001.0,S_scrap,0.8215161232948307,1.1851741854391398,True
26,2002.0,S_conc,0.868173287855668,1.638921855468391,True
26,2002.0,S_ref,0.5233916119798981,1.4977604137614493,True
26,2002.0,S_iu_short,0.5140765997833265,1.0422220238864937,True
26,2002.0,S_iu_med,0.5799705031240444,1.120303242049321,True
26,2002.0,S_iu_long,1.380785176845147,1.4471580852077968,True
26,2002.0,S_scrap,0.8148953875849275,1.1878291736952027,True
26,2003.0,S_conc,0.4574451334316091,2.857076562608004,True
26,2003.0,S_ref,0.31386782455030565,2.6384276899816865,True
26,2003.0,S_iu_short,0.5102655836985616,1.0362387704244542,True
26,2003.0,S_iu_med,0.5824690871808269,1.0968585374817124,True
26,2003.0,S_iu_long,1.3950322462305595,1.4931246390772728,True
26,2003.0,S_scrap,0.8142330381772909,1.2012458447778191,True
26,2004.0,S_conc,0.8206877156811768,1.921214554992131,True
26,2004.0,S_ref,0.4507569906759829,1.7467432922364559,True
26,2004.0,S_iu_short,0.5151898992059873,1.0355981180673126,True
26,2004.0,S_iu_med,0.5837093653942218,1.113802679769217,True
26,2004.0,S_iu_long,1.4021679011515287,1.4805273420297453,True
26,2004.0,S_scrap,0.848405003274653,1.1961388479963508,True
26,2005.0,S_conc,0.8714529997420182,1.6573151539931785,True
26,2005.0,S_ref,0.5372393580814302,1.498954778509463,True
26,2005.0,S_iu_short,0.5138026891288736,1.0312739254132415,True
26,2005.0,S_iu_med,0.5968773006563023,1.0919674401338872,True
26,2005.0,S_iu_long,1.480634312153709,1.567363865580125,True
26,2005.0,S_scrap,0.8536056149584926,1.219192195877773,True
26,2006.0,S_conc,0.8415653503861489,1.4433505004841771,True
26,2006.0,S_ref,0.6459184433898517,1.324581420301293,True
26,2006.0,S_iu_short,0.5148695898865264,1.0310357489094302,True
26,2006.0,S_iu_med,0.6093181982366048,1.0858320403775727,True
26,2006.0,S_iu_long,1.5596277980862296,1.6263278244805672,True
26,2006.0,S_scrap,0.8816492285471451,1.23610694578078,True
26,2007.0,S_conc,0.8032947528265003,1.2681884938676908,True
26,2007.0,S_ref,0.7292465763056569,1.2027524498594933,True
26,2007.0,S_iu_short,0.5301359450575887,1.0377327371087586,True
26,2007.0,S_iu_med,0.5968969524813249,1.1455970570096035,True
26,2007.0,S_iu_long,1.4807552464700025,1.5014635768577875,True
26,2007.0,S_scrap,0.9023742624494714,1.223157600372141,True
26,2008.0,S_conc,0.5924353278586936,1.2353715459385568,True
26,2008.0,S_ref,0.7821898909567698,1.1829785112031903,True
26,2008.0,S_iu_short,0.5255407804581866,1.0394172677581985,True
26,2008.0,S_iu_med,0.6196446854704646,1.1186212875846577,True
26,2008.0,S_iu_long,1.6291206190635408,1.6040409492831664,True
26,2008.0,S_scrap,0.9169670035804903,1.2999125277272858,True
26,2009.0,S_conc,0.8684528326512709,1.4925202359898833,True
26,2009.0,S_ref,0.5958919911388624,1.3666059598758886,True
26,2009.0,S_iu_short,0.5148238382601827,1.0309913672648456,True
26,2009.0,S_iu_med,0.5966906080024841,1.0933946722316852,True
26,2009.0,S_iu_long,1.4794860220020845,1.5554762058067522,True
26,2009.0,S_scrap,0.8404868473100156,1.2273132292490914,True
26,2010.0,S_conc,0.7079253238705265,1.311607729529731,True
26,2010.0,S_ref,0.7191320582864404,1.2375543753745823,True
26,2010.0,S_iu_short,0.5113614044729888,1.0278365874078557,True
26,2010.0,S_iu_med,0.6007399493076179,1.0765424722110943,True
26,2010.0,S_iu_long,1.5046332541055305,1.5961631523122155,True
26,2010.0,S_scrap,0.9097189533180967,1.2543695563828048,True
26,2011.0,S_conc,0.7077602703838604,1.3068109175262452,True
26,2011.0,S_ref,0.7324833258931877,1.2357390545029296,True
26,2011.0,S_iu_short,0.510237244687501,1.0275940507525172,True
26,2011.0,S_iu_med,0.6052463858563305,1.069650146713687,True
26,2011.0,S_iu_long,1.533225698691267,1.62900165292056,True
26,2011.0,S_scrap,0.8923413747549983,1.2676177767739207,True
26,2012.0,S_conc,0.8214369211786224,1.34744651695528,True
26,2012.0,S_ref,0.6873816382432858,1.2577668940085702,True
26,2012.0,S_iu_short,0.5133715049726676,1.0290932163648063,True
26,2012.0,S_iu_med,0.598104083859625,1.0852593049587764,True
26,2012.0,S_iu_long,1.488206423204156,1.5718256784225213,True
26,2012.0,S_scrap,0.8603980681450528,1.2338257267336963,True
26,2013.0,S_conc,0.8442148208512072,1.3346891231734652,True
26,2013.0,S_ref,0.6851764618500836,1.2485044284863647,True
26,2013.0,S_iu_short,0.5161523979678583,1.0296467577387733,True
26,2013.0,S_iu_med,0.5922561768771356,1.0993900820424138,True
26,2013.0,S_iu_long,1.4525202916407454,1.525578333247102,True
26,2013.0,S_scrap,0.8632910541519871,1.2191204762573724,True
26,2014.0,S_conc,0.8497927562714372,1.3293523239097642,True
26,2014.0,S_ref,0.6889934712618413,1.2446153429740239,True
26,2014.0,S_iu_short,0.5156143067272393,1.0284921859526361,True
26,2014.0,S_iu_med,0.590287425506578,1.0975695150980125,True
26,2014.0,S_iu_long,1.4407354380968729,1.5205485347684782,True
26,2014.0,S_scrap,0.8575310743646337,1.218511715714607,True
26,2015.0,S_conc,0.89885963339757,1.3422803208639258,True
26,2015.0,S_ref,0.6673616318594954,1.2539369767638477,True
26,2015.0,S_iu_short,0.5187803091048617,1.0316733444157193,True
26,2015.0,S_iu_med,0.5819721508545017,1.1201484351297515,True
26,2015.0,S_iu_long,1.3921851188721663,1.4595323702719527,True
26,2015.0,S_scrap,0.8242917027043639,1.1963058021784356,True
26,2016.0,S_conc,0.8963865359309163,1.3419273904808313,True
26,2016.0,S_ref,0.678143831071815,1.2529363948001353,True
26,2016.0,S_iu_short,0.5144756766945453,1.0291542680679147,True
26,2016.0,S_iu_med,0.5828296832254946,1.1011859574898626,True
26,2016.0,S_iu_long,1.397102477788547,1.4810588727657452,True
26,2016.0,S_scrap,0.8171258383500383,1.1944085700383276,True
26,2017.0,S_conc,0.8647678892614243,1.2686323693126094,True
26,2017.0,S_ref,0.7531013096681397,1.20525277840572,True
26,2017.0,S_iu_short,0.5134696160517017,1.0255706048751247,True
26,2017.0,S_iu_med,0.5840068782211717,1.0919300440930044,True
26,2017.0,S_iu_long,1.403885900141569,1.502997633960744,True
26,2017.0,S_scrap,0.8455207336122011,1.2011382061826164,True
26,2018.0,S_conc,0.8580100759582855,1.2636830352460995,True
26,2018.0,S_ref,0.7578376933679778,1.2023307267744452,True
26,2018.0,S_iu_short,0.5133843538199554,1.0264996605071974,True
26,2018.0,S_iu_med,0.5856993825446747,1.0909308432463962,True
26,2018.0,S_iu_long,1.4137062747868858,1.507523007822644,True
26,2018.0,S_scrap,0.8435038657116721,1.2016639136246072,True
26,2019.0,S_conc,0.8670274866469411,1.249653126448787,True
26,2019.0,S_ref,0.7414879456074696,1.189971387272316,True
26,2019.0,S_iu_short,0.5189547483530508,1.0323051236393281,True
26,2019.0,S_iu_med,0.5774380989212197,1.1262861058619469,True
26,2019.0,S_iu_long,1.3665171835109784,1.4237723002830114,True
26,2019.0,S_scrap,0.8627010226256789,1.185053200948978,True
27,1980.0,S_conc,0.49071099348680686,2.6213307573004627,True
27,1980.0,S_ref,0.3291791605688925,2.4301730304734424,True
27,1980.0,S_iu_short,0.5197660395496074,1.0343772550886636,True
27,1980.0,S_iu_med,0.5428907058791242,1.2688542629959774,True
27,1980.0,S_iu_long,1.187660616096694,1.2484135323769836,True
27,1980.0,S_scrap,0.6982327066139465,1.2029376220754489,True
27,1981.0,S_conc,0.8942657645295087,1.6816848350933826,True
27,1981.0,S_ref,0.5211568876874668,1.5247442834695941,True
27,1981.0,S_iu_short,0.5181291170546338,1.0205219098397933,True
27,1981.0,S_iu_med,0.5700612069106916,1.1304991288626371,True
27,1981.0,S_iu_long,1.3259124695739577,1.5017213634889173,True
27,1981.0,S_scrap,0.6597108580284007,1.2278195925601747,True
27,1982.0,S_conc,0.8762281357631446,1.6000506600373612,True
27,1982.0,S_ref,0.5570808639183458,1.451705686009288,True
27,1982.0,S_iu_short,0.5186118230270581,1.020877219992801,True
27,1982.0,S_iu_med,0.5753402036946723,1.1177348131601892,True
27,1982.0,S_iu_long,1.3548261660282208,1.5372443751845444,True
27,1982.0,S_scrap,0.6790291016130175,1.2341242964868506,True
27,1983.0,S_conc,0.8723445825198554,1.611686278502446,True
27,1983.0,S_ref,0.5451156803934472,1.465861483459717,True
27,1983.0,S_iu_short,0.5148743933114623,1.0205725320814638,True
27,1983.0,S_iu_med,0.5703931875688303,1.1179769827565684,True
27,1983.0,S_iu_long,1.327709829229528,1.4959034385506347,True
27,1983.0,S_scrap,0.7000807534745058,1.2205122915851203,True
27,1984.0,S_conc,0.8884942512430539,1.5407621009735635,True
27,1984.0,S_ref,0.5676953764451735,1.4093052324706172,True
27,1984.0,S_iu_short,0.5226071675980867,1.0260707750636202,True
27,1984.0,S_iu_med,0.5678344555369009,1.1571554631855723,True
27,1984.0,S_iu_long,1.31392810651379,1.454860274925186,True
27,1984.0,S_scrap,0.6525598485093442,1.2074329503816665,True
27,1985.0,S_conc,0.9047881534680065,1.5960032295283146,True
27,1985.0,S_ref,0.5454416018286765,1.4552405708519014,True
27,1985.0,S_iu_short,0.5248182402123742,1.0277721409383596,True
27,1985.0,S_iu_med,0.5633623076711759,1.1768075905377444,True
27,1985.0,S_iu_long,1.2902283004164419,1.43348324469532,True
27,1985.0,S_scrap,0.6003232342993561,1.2052590234786713,True
27,1986.0,S_conc,0.9310088736098506,1.4681481195038808,True
27,1986.0,S_ref,0.6088996372100635,1.3471231820377676,True
27,1986.0,S_iu_short,0.5238645382531064,1.0385104272347243,True
27,1986.0,S_iu_med,0.559668657263612,1.1860211534092968,True
27,1986.0,S_iu_long,1.2710170795147495,1.4444275636013784,True
27,1986.0,S_scrap,0.4377783629431735,1.2161406427944965,True
27,1987.0,S_conc,0.9066151838330536,1.348956199145282,True
27,1987.0,S_ref,0.6755755134494658,1.2594208730846823,True
27,1987.0,S_iu_short,0.514462886874579,1.0162338616631181,True
27,1987.0,S_iu_med,0.5521553675632326,1.1938728831592418,True
27,1987.0,S_iu_long,1.2329172386389895,1.381683670632443,True
27,1987.0,S_scrap,0.5827638378625217,1.215792184176524,True
27,1988.0,S_conc,0.8743280692351066,1.3804307952285455,True
27,1988.0,S_ref,0.6389873321455161,1.2851382969158023,True
27,1988.0,S_iu_short,0.511013522970603,1.030928975310705,True
27,1988.0,S_iu_med,0.5557254564410309,1.1548264158761625,True
27,1988.0,S_iu_long,1.250860452163784,1.3637004166756632,True
27,1988.0,S_scrap,0.7118510824377444,1.1943468669706105,True
27,1989.0,S_conc,0.828851152234741,1.2984415243822789,True
27,1989.0,S_ref,0.6783223408631895,1.2256435998021298,True
27,1989.0,S_iu_short,0.5178338210189144,1.0582602689483958,True
27,1989.0,S_iu_med,0.5426572535494457,1.235498562481351,True
27,1989.0,S_iu_long,1.1865439164849971,1.2134938889511735,True
27,1989.0,S_scrap,0.7917029239578436,1.1760774533318616,True
27,1990.0,S_conc,0.8416005647945181,1.342150152737452,True
27,1990.0,S_ref,0.6671416930028897,1.2554134741008134,True
27,1990.0,S_iu_short,0.541339872737691,1.0468565009980328,True
27,1990.0,S_iu_med,0.5250006651204873,1.3538012128605301,True
27,1990.0,S_iu_long,1.1052661058013014,1.1717651079400944,True
27,1990.0,S_scrap,0.7496419522528561,1.1912151993991136,True
27,1991.0,S_conc,0.865454890425038,1.3763670453785564,True
27,1991.0,S_ref,0.6328833364733055,1.2825340630784878,True
27,1991.0,S_iu_short,0.5298427347279738,1.0395040971847223,True
27,1991.0,S_iu_med,0.5433810416091879,1.2595997235843384,True
27,1991.0,S_iu_long,1.1900098137058024,1.2610466040403119,True
27,1991.0,S_scrap,0.6840042127833115,1.1796438231966728,True
27,1992.0,S_conc,0.8255039844976579,1.530789750129256,True
27,1992.0,S_ref,0.554366333753778,1.410189757939284,True
27,1992.0,S_iu_short,0.5305553053701016,1.0386275736001975,True
27,1992.0,S_iu_med,0.5466706997177604,1.24614395016063,True
27,1992.0,S_iu_long,1.2059019776074633,1.2748115584601867,True
27,1992.0,S_scrap,0.7483548159763515,1.1786441987341092,True
27,1993.0,S_conc,0.5341564579743383,2.4533471429830835,True
27,1993.0,S_ref,0.3481759993890226,2.270927696294759,True
27,1993.0,S_iu_short,0.5214067901286665,1.0341703332252452,True
27,1993.0,S_iu_med,0.5558896753129328,1.1913903621266677,True
27,1993.0,S_iu_long,1.2516927538323468,1.3297431639257715,True
27,1993.0,S_scrap,0.7579120946660484,1.1832324484431778,True
27,1994.0,S_conc,0.4866171048014019,2.6282424336905077,True
27,1994.0,S_ref,0.3273318349625806,2.440872862399084,True
27,1994.0,S_iu_short,0.5158501900955327,1.0328063354390067,True
27,1994.0,S_iu_med,0.5603355066726508,1.1572676097784587,True
27,1994.0,S_iu_long,1.2744615841776803,1.3652150301147337,True
27,1994.0,S_scrap,0.7804152132660876,1.1943475502822716,True
27,1995.0,S_conc,0.8117535643743088,1.8930416745481697,True
27,1995.0,S_ref,0.4480485538079506,1.731106107685102,True
27,1995.0,S_iu_short,0.5093956999842776,1.0369357727902588,True
27,1995.0,S_iu_med,0.5658325320313042,1.1148111339847018,True
27,1995.0,S_iu_long,1.3032587049384865,1.4089809218295009,True
27,1995.0,S_scrap,0.8083933854747591,1.1955219338477097,True
27,1996.0,S_conc,0.8188812540256915,1.5670051524642155,True
27,1996.0,S_ref,0.5324668156204753,1.4469346964535905,True
27,1996.0,S_iu_short,0.5181673670442546,1.0537126122770624,True
27,1996.0,S_iu_med,0.5487240950294742,1.2057543657030259,True
27,1996.0,S_iu_long,1.2159392712653536,1.2543821329670166,True
27,1996.0,S_scrap,0.8155887062163283,1.1740387039943947,True
27,1997.0,S_conc,0.8358508663039204,1.5144714234538779,True
27,1997.0,S_ref,0.5540921668367425,1.4010207483936852,True
27,1997.0,S_iu_short,0.513532581241702,1.0577919941424891,True
27,1997.0,S_iu_med,0.5601698635682338,1.1554372895520106,True
27,1997.0,S_iu_long,1.2736050060433657,1.3137405355406457,True
27,1997.0,S_scrap,0.822113106903888,1.1665207273657725,True
27,1998.0,S_conc,0.8798271359533483,1.4130693968915875,True
27,1998.0,S_ref,0.6128247232041922,1.3120942335087864,True
27,1998.0,S_iu_short,0.518934240848574,1.0392536187369266,True
27,1998.0,S_iu_med,0.5634750956643553,1.1601892334415598,True
27,1998.0,S_iu_long,1.2908200427233776,1.3592618611908796,True
27,1998.0,S_scrap,0.777770303726081,1.1684998271951261,True
27,1999.0,S_conc,0.873765890211173,1.2937372171302792,True
27,1999.0,S_ref,0.6959763207294555,1.2220430804716218,True
27,1999.0,S_iu_short,0.5146320569406637,1.03723814075871,True
27,1999.0,S_iu_med,0.5624238197542883,1.1464470661071213,True
27,1999.0,S_iu_long,1.2853163520886148,1.3646332243325587,True
27,1999.0,S_scrap,0.8007400081490049,1.1773476635553768,True
27,2000.0,S_conc,0.825138981415574,1.275893372987726,True
27,2000.0,S_ref,0.7274707848699298,1.2083315638880427,True
27,2000.0,S_iu_short,0.5112430762819334,1.0389012312808306,True
27,2000.0,S_iu_med,0.5776246636881122,1.1072520984238363,True
27,2000.0,S_iu_long,1.3675624830082078,1.4494680545238334,True
27,2000.0,S_scrap,0.8611300823799576,1.1925705395226813,True
27,2001.0,S_conc,0.8554237020054005,1.3608172548262238,True
27,2001.0,S_ref,0.6587992033947608,1.267146369016974,True
27,2001.0,S_iu_short,0.5189043568746277,1.0352231179044837,True
27,2001.0,S_iu_med,0.5805682715432227,1.1300070581155142,True
27,2001.0,S_iu_long,1.384178239637039,1.4612547265132516,True
27,2001.0,S_scrap,0.8202521574153349,1.1952589091946964,True
27,2002.0,S_conc,0.8647324396290262,1.7006889404653716,True
27,2002.0,S_ref,0.5122309248057447,1.5443620850045447,True
27,2002.0,S_iu_short,0.5178534225300824,1.0330904832163448,True
27,2002.0,S_iu_med,0.5900680440731895,1.113167941553477,True
27,2002.0,S_iu_long,1.4394292407360907,1.5194878964613387,True
27,2002.0,S_scrap,0.8244729554920864,1.2102577007565563,True
27,2003.0,S_conc,0.480450223421073,2.7619107814776824,True
27,2003.0,S_ref,0.32452980574438556,2.5420387219609455,True
27,2003.0,S_iu_short,0.513653917663393,1.032964965672585,True
27,2003.0,S_iu_med,0.5903877279135884,1.098638725160233,True
27,2003.0,S_iu_long,1.4413331048563907,1.531974257680007,True
27,2003.0,S_scrap,0.817441387325221,1.2147096728552094,True
27,2004.0,S_conc,0.7871443412189216,1.988472327047371,True
27,2004.0,S_ref,0.4404481065486014,1.8021154947722453,True
27,2004.0,S_iu_short,0.5084124668238501,1.038955828911521,True
27,2004.0,S_iu_med,0.5920151461182648,1.0859582619932502,True
27,2004.0,S_iu_long,1.4510713828849033,1.5281069958172533,True
27,2004.0,S_scrap,0.8540546651407833,1.2071160294093621,True
27,2005.0,S_conc,0.8632161526129039,1.5746047288399196,True
27,2005.0,S_ref,0.5438599950652497,1.4444277709153772,True
27,2005.0,S_iu_short,0.5090359421677465,1.053161350731656,True
27,2005.0,S_iu_med,0.5829138158525494,1.1075104496794463,True
27,2005.0,S_iu_long,1.3975860098172768,1.4365617607929468,True
27,2005.0,S_scrap,0.8669767031951033,1.1832525189720224,True
27,2006.0,S_conc,0.8516755332549478,1.2860700221501606,True
27,2006.0,S_ref,0.6907810156104355,1.2146325012940602,True
27,2006.0,S_iu_short,0.4972908818743118,1.1018449582400665,True
27,2006.0,S_iu_med,0.573542202516239,1.102846767010369,True
27,2006.0,S_iu_long,1.3448979146361575,1.330202682024584,True
27,2006.0,S_scrap,0.8764850603630991,1.1606361013776847,True
27,2007.0,S_conc,0.8169158666577245,1.3183028821725926,True
27,2007.0,S_ref,0.6625922533067696,1.2395018908679991,True
27,2007.0,S_iu_short,0.49396481026635164,1.123166590739334,True
27,2007.0,S_iu_med,0.5701697952212319,1.1041507245398416,True
27,2007.0,S_iu_long,1.3265000664964812,1.2923028077778513,True
27,2007.0,S_scrap,0.9050486307874672,1.1592462234155834,True
27,2008.0,S_conc,0.7966315569775575,1.787530058019153,True
27,2008.0,S_ref,0.4724178923385126,1.6393103120899926,True
27,2008.0,S_iu_short,0.5070008168577866,1.0548642495142362,True
27,2008.0,S_iu_med,0.5873227948762716,1.097435035457483,True
27,2008.0,S_iu_long,1.4232014455467226,1.449386615678119,True
27,2008.0,S_scrap,0.9069682114508122,1.2060858930281144,True
27,2009.0,S_conc,0.07634052560770258,13.52643143105131,False
27,2009.0,S_ref,0.08265007583874917,13.71443578277179,False
27,2009.0,S_iu_short,0.5048423135284728,1.1182884800578077,True
27,2009.0,S_iu_med,0.5594810172356406,1.152973321803,True
27,2009.0,S_iu_long,1.2700497348031785,1.24090443551822,True
27,2009.0,S_scrap,0.8700753547405651,1.1612578976646477,True
27,2010.0,S_conc,0.4109948174730109,3.0474843908636178,True
27,2010.0,S_ref,0.29128017508177156,2.8451819326453243,True
27,2010.0,S_iu_short,0.4988912246216686,1.0661301726681782,True
27,2010.0,S_iu_med,0.5875085927895589,1.0751120305137856,True
27,2010.0,S_iu_long,1.424292924700439,1.4475316028221208,True
27,2010.0,S_scrap,0.8848855314277818,1.1878152911955842,True
27,2011.0,S_conc,0.18132692801525174,6.256809791922001,True
27,2011.0,S_ref,0.15349428148556576,6.031211094436367,True
27,2011.0,S_iu_short,0.5018650776423117,1.0530616100475707,True
27,2011.0,S_iu_med,0.5944398334272658,1.074818580697934,True
27,2011.0,S_iu_long,1.4657253902687148,1.4950356358756278,True
27,2011.0,S_scrap,0.8861794390216836,1.2115678064616484,True
27,2012.0,S_conc,0.07223615029404891,14.489680708769182,False
27,2012.0,S_ref,0.07786049253475838,14.702649899628673,False
27,2012.0,S_iu_short,0.4988496882917832,1.074712568846293,True
27,2012.0,S_iu_med,0.5921623699725904,1.087812380102118,True
27,2012.0,S_iu_long,1.4519561864185824,1.4282784237801223,True
27,2012.0,S_scrap,0.876676037818347,1.1870544708838178,True
27,2013.0,S_conc,0.1533258350253576,7.2385203960412365,True
27,2013.0,S_ref,0.13294233976991116,7.027741016453866,True
27,2013.0,S_iu_short,0.5002833870691331,1.0693660651856136,True
27,2013.0,S_iu_med,0.5926095603001748,1.0876025929974489,True
27,2013.0,S_iu_long,1.4546476857356383,1.434942827819169,True
27,2013.0,S_scrap,0.8788202636271828,1.1803615358277533,True
27,2014.0,S_conc,0.16748246406023004,6.6467981190507714,True
27,2014.0,S_ref,0.14345608539400698,6.439892832107861,True
27,2014.0,S_iu_short,0.5029274574594897,1.0677303418488593,True
27,2014.0,S_iu_med,0.5887914880012846,1.095489808257521,True
27,2014.0,S_iu_long,1.4318562744224608,1.4146356281561832,True
27,2014.0,S_scrap,0.8786784575226176,1.1721236582182557,True
27,2015.0,S_conc,0.27428281482053396,3.7934040932208317,True
27,2015.0,S_ref,0.3779472505569856,3.989926009395616,True
27,2015.0,S_iu_short,0.5058715496599339,1.0834140719767924,True
27,2015.0,S_iu_med,0.577959632700946,1.1234641095036146,True
27,2015.0,S_iu_long,1.3694415925181131,1.3339641485646705,True
27,2015.0,S_scrap,0.8670302222109387,1.149883188630527,True
27,2016.0,S_conc,0.33420898312449493,3.152159729805254,True
27,2016.0,S_ref,0.5019728032572539,3.362169667820974,True
27,2016.0,S_iu_short,0.5026541420428152,1.0649339543117957,True
27,2016.0,S_iu_med,0.5905710345165088,1.0922495912986956,True
27,2016.0,S_iu_long,1.44242612102226,1.4220168952634262,True
27,2016.0,S_scrap,0.8646001199552146,1.172342940406991,True
27,2017.0,S_conc,0.04601620776953132,23.591498232875324,False
27,2017.0,S_ref,0.043991868794895445,23.358297456464125,False
27,2017.0,S_iu_short,0.5000762121497175,1.0563782817939718,True
27,2017.0,S_iu_med,0.5928507383891469,1.0720824250343435,True
27,2017.0,S_iu_long,1.4561017157284801,1.4687821046756173,True
27,2017.0,S_scrap,0.8697431074565765,1.1867888593522133,True
27,2018.0,S_conc,0.20872727265156418,5.517071623664255,True
27,2018.0,S_ref,0.1726835137869296,5.2876612886576675,True
27,2018.0,S_iu_short,0.5033158257891349,1.0480629489182824,True
27,2018.0,S_iu_med,0.5984677289230659,1.0751212585618517,True
27,2018.0,S_iu_long,1.4904598510050977,1.501430614492654,True
27,2018.0,S_scrap,0.8814940116747454,1.1964457111750235,True
27,2019.0,S_conc,0.007874512797274382,133.8172655633924,False
27,2019.0,S_ref,0.007937012906982547,134.0203577510806,False
27,2019.0,S_iu_short,0.4985657538778271,1.089550081808334,True
27,2019.0,S_iu_med,0.5823060962453684,1.1010167422817083,True
27,2019.0,S_iu_long,1.3940976658051398,1.3462867253889266,True
27,2019.0,S_scrap,0.8796866753070092,1.1500217330301263,True
28,1980.0,S_conc,0.6832103433330561,2.157888168442499,True
28,1980.0,S_ref,0.4058971869078335,1.9588256522740022,True
28,1980.0,S_iu_short,0.5142601645720586,1.0159638973484295,True
28,1980.0,S_iu_med,0.5637816652147193,1.1325717496974914,True
28,1980.0,S_iu_long,1.2924300063917051,1.4730456600855297,True
28,1980.0,S_scrap,0.726255194755753,1.2268023669853336,True
28,1981.0,S_conc,0.8998501367164637,1.6564251461955792,True
28,1981.0,S_ref,0.5165053768451917,1.5128954734259343,True
28,1981.0,S_iu_short,0.5244125036360989,1.0257886139110914,True
28,1981.0,S_iu_med,0.5512781217155819,1.2268493041315136,True
28,1981.0,S_iu_long,1.2285519124301743,1.337398323056634,True
28,1981.0,S_scrap,0.6485849809543244,1.1982899900257065,True
28,1982.0,S_conc,0.8780545355616294,1.6102282021694887,True
28,1982.0,S_ref,0.5341921895404831,1.4716548139507166,True
28,1982.0,S_iu_short,0.5206587787170038,1.0288152213229977,True
28,1982.0,S_iu_med,0.5658207387507114,1.1586731720676353,True
28,1982.0,S_iu_long,1.3031961432764965,1.423245797939552,True
28,1982.0,S_scrap,0.673278878265534,1.1946609949905997,True
28,1983.0,S_conc,0.8553356246836954,1.5192336962946897,True
28,1983.0,S_ref,0.5759904056881918,1.3926111359468598,True
28,1983.0,S_iu_short,0.5208206379236987,1.0203552672229084,True
28,1983.0,S_iu_med,0.5628227309460188,1.1652395322701599,True
28,1983.0,S_iu_long,1.2874016349567416,1.4244080223496947,True
28,1983.0,S_scrap,0.7292017387006857,1.2073789608433292,True
28,1984.0,S_conc,0.8886486561057937,1.4861720609500773,True
28,1984.0,S_ref,0.5860469327901808,1.3670298097095432,True
28,1984.0,S_iu_short,0.5292281923463481,1.028208837783689,True
28,1984.0,S_iu_med,0.5578665567592627,1.2103350736123033,True
28,1984.0,S_iu_long,1.2617605957835443,1.382940661167215,True
28,1984.0,S_scrap,0.6525807714741004,1.2023757567676217,True
28,1985.0,S_conc,0.903912101265621,1.5499051585796264,True
28,1985.0,S_ref,0.5535483799723695,1.4222522596385265,True
28,1985.0,S_iu_short,0.5154733281713941,1.0329402242558918,True
28,1985.0,S_iu_med,0.5604471260674849,1.158975795990642,True
28,1985.0,S_iu_long,1.2750391575269984,1.393733686860516,True
28,1985.0,S_scrap,0.6071357496591617,1.188572986699506,True
28,1986.0,S_conc,0.9352241134453757,1.4373502122811497,True
28,1986.0,S_ref,0.5956873438924782,1.3315806215370356,True
28,1986.0,S_iu_short,0.5131677788851775,1.0810920295109858,True
28,1986.0,S_iu_med,0.5334754597731406,1.3047590246083958,True
28,1986.0,S_iu_long,1.1435099630851675,1.1864508747632823,True
28,1986.0,S_scrap,0.4206337277673891,1.1773305592014947,True
28,1987.0,S_conc,0.9064029769963671,1.3408499304459345,True
28,1987.0,S_ref,0.6646760784196085,1.2544612892299307,True
28,1987.0,S_iu_short,0.5148788309868702,1.030938824970534,True
28,1987.0,S_iu_med,0.5453290814837997,1.24497195684676,True
28,1987.0,S_iu_long,1.1993929219477206,1.2787372885572876,True
28,1987.0,S_scrap,0.5847385429766557,1.1998338330274567,True
28,1988.0,S_conc,0.8691251810124987,1.3698216239900873,True
28,1988.0,S_ref,0.6557163613592207,1.2752078303798675,True
28,1988.0,S_iu_short,0.5251080598373651,1.0228021739667497,True
28,1988.0,S_iu_med,0.5372953609702288,1.3330230020028697,True
28,1988.0,S_iu_long,1.1612059090154447,1.2086580380164893,True
28,1988.0,S_scrap,0.7222313185347256,1.2078188687925873,True
28,1989.0,S_conc,0.8415044278546222,1.3547395412249246,True
28,1989.0,S_ref,0.6634221582053647,1.2656175061288861,True
28,1989.0,S_iu_short,0.5190254028883282,1.0161596651642342,True
28,1989.0,S_iu_med,0.5556294355090349,1.1880550759765476,True
28,1989.0,S_iu_long,1.2503740794476765,1.376512685256515,True
28,1989.0,S_scrap,0.7725637287615642,1.2100318150967484,True
28,1990.0,S_conc,0.8503395914394295,1.3365154666374264,True
28,1990.0,S_ref,0.675770850633395,1.2518471346538598,True
28,1990.0,S_iu_short,0.5302698632744938,1.0285315933033166,True
28,1990.0,S_iu_med,0.5640755115903148,1.1936495179230084,True
28,1990.0,S_iu_long,1.2939752791776915,1.4062059563202967,True
28,1990.0,S_scrap,0.7273617900320206,1.1994379958352188,True
28,1991.0,S_conc,0.8541969384179579,1.3472099051743698,True
28,1991.0,S_ref,0.64491303332841,1.2613016278495803,True
28,1991.0,S_iu_short,0.5216544904685555,1.0534798733132307,True
28,1991.0,S_iu_med,0.545145961526324,1.2279492670407675,True
28,1991.0,S_iu_long,1.1985074670451088,1.246283097890585,True
28,1991.0,S_scrap,0.7111083792000407,1.1636507414930395,True
28,1992.0,S_conc,0.8317900449936996,1.59180796121994,True
28,1992.0,S_ref,0.5268499643170915,1.4657313328102723,True
28,1992.0,S_iu_short,0.5223952301762292,1.0435498476981597,True
28,1992.0,S_iu_med,0.5564557539657328,1.1921378867406478,True
28,1992.0,S_iu_long,1.2545665036600258,1.3194990436499177,True
28,1992.0,S_scrap,0.7400833027429342,1.173385857601539,True
28,1993.0,S_conc,0.6194878721526372,2.1715317601773263,True
28,1993.0,S_ref,0.3825208467471934,2.013467524042528,True
28,1993.0,S_iu_short,0.4973701093793728,1.1194649155012075,True
28,1993.0,S_iu_med,0.5556036018786602,1.1226358214470498,True
28,1993.0,S_iu_long,1.250243260808239,1.24810575491015,True
28,1993.0,S_scrap,0.7618371826041274,1.161893650648295,True
28,1994.0,S_conc,0.4855497136749337,2.5798421071744744,True
28,1994.0,S_ref,0.32684851217384514,2.411368321742144,True
28,1994.0,S_iu_short,0.5019410369824766,1.108812202065643,True
28,1994.0,S_iu_med,0.5517300634223163,1.1440252022875674,True
28,1994.0,S_iu_long,1.2307987183671047,1.230394972211742,True
28,1994.0,S_scrap,0.7970613979830808,1.1660592359919015,True
28,1995.0,S_conc,0.7945980981532872,1.8619730543547401,True
28,1995.0,S_ref,0.44277217220443965,1.719491734293334,True
28,1995.0,S_iu_short,0.5073193249366185,1.0919111547735125,True
28,1995.0,S_iu_med,0.5493026075381867,1.170364339321906,True
28,1995.0,S_iu_long,1.218783637814652,1.2268514716368206,True
28,1995.0,S_scrap,0.8155086492295307,1.1672647803536005,True
28,1996.0,S_conc,0.8177877277080169,1.6348816360275435,True
28,1996.0,S_ref,0.5162331812939095,1.5011235908701837,True
28,1996.0,S_iu_short,0.5035028368490122,1.059388562386281,True
28,1996.0,S_iu_med,0.5713680325117044,1.094559821118794,True
28,1996.0,S_iu_long,1.3330037791157203,1.398577405881057,True
28,1996.0,S_scrap,0.8167002681503736,1.1826750394072927,True
28,1997.0,S_conc,0.8257575348715294,1.4272404426393224,True
28,1997.0,S_ref,0.5964729692350158,1.3268958282223724,True
28,1997.0,S_iu_short,0.5151610585157058,1.0537247578149558,True
28,1997.0,S_iu_med,0.5658375962395078,1.1488669354641197,True
28,1997.0,S_iu_long,1.3032855708797273,1.3446411801181897,True
28,1997.0,S_scrap,0.8308650054952808,1.168879779709437,True
28,1998.0,S_conc,0.8764916763210739,1.4019443656322865,True
28,1998.0,S_ref,0.607306897674917,1.3066001309687245,True
28,1998.0,S_iu_short,0.508255375315487,1.0729567732175906,True
28,1998.0,S_iu_med,0.5600519628699449,1.1427459432737799,True
28,1998.0,S_iu_long,1.2729957076825988,1.2993401382970575,True
28,1998.0,S_scrap,0.786918572884492,1.1555174709747984,True
28,1999.0,S_conc,0.8631235938688724,1.3210201107024226,True
28,1999.0,S_ref,0.6838042770540409,1.2414779237909357,True
28,1999.0,S_iu_short,0.5060418502263947,1.0448574320336455,True
28,1999.0,S_iu_med,0.5768304183555852,1.0901083275394827,True
28,1999.0,S_iu_long,1.3631188142447586,1.4454699635133759,True
28,1999.0,S_scrap,0.8198883787488407,1.1865084716005898,True
28,2000.0,S_conc,0.8163704230717822,1.3181964312571763,True
28,2000.0,S_ref,0.7320342290346482,1.2403584330863124,True
28,2000.0,S_iu_short,0.5110569724219892,1.0295496776791004,True
28,2000.0,S_iu_med,0.6014754082955402,1.077520363428332,True
28,2000.0,S_iu_long,1.509255440732215,1.6072135380221446,True
28,2000.0,S_scrap,0.8659508316826331,1.234084094948138,True
28,2001.0,S_conc,0.8474217505624889,1.3774601366124248,True
28,2001.0,S_ref,0.6430263497093427,1.2806193448728163,True
28,2001.0,S_iu_short,0.5110897472534431,1.0495920757234716,True
28,2001.0,S_iu_med,0.5869199199540357,1.110566447801479,True
28,2001.0,S_iu_long,1.4208381093775517,1.4587090906525706,True
28,2001.0,S_scrap,0.8352297163603126,1.1830422973036554,True
28,2002.0,S_conc,0.8644896392481012,1.6066186561417115,True
28,2002.0,S_ref,0.5362672500235304,1.4685236946859601,True
28,2002.0,S_iu_short,0.5060338427572368,1.0535732831258249,True
28,2002.0,S_iu_med,0.5887691771285982,1.0954049473612684,True
28,2002.0,S_iu_long,1.4317243367545809,1.4724180128871331,True
28,2002.0,S_scrap,0.8228198692094548,1.186204972024422,True
28,2003.0,S_conc,0.45621328228419494,2.848857041558802,True
28,2003.0,S_ref,0.3132874063396712,2.634874971277361,True
28,2003.0,S_iu_short,0.4962605067815975,1.0649104526451745,True
28,2003.0,S_iu_med,0.5845989109912266,1.0626963576193833,True
28,2003.0,S_iu_long,1.4073119364857507,1.481004504670494,True
28,2003.0,S_scrap,0.8019363919501227,1.1977886229890504,True
28,2004.0,S_conc,0.8729219827392036,1.7620420522220621,True
28,2004.0,S_ref,0.5024365097562937,1.5904985515581336,True
28,2004.0,S_iu_short,0.505966481952975,1.0342660963320007,True
28,2004.0,S_iu_med,0.5911172393839536,1.0708355547683548,True
28,2004.0,S_iu_long,1.4456888289771428,1.5599402023548758,True
28,2004.0,S_scrap,0.845195627873074,1.2249007825317038,True
28,2005.0,S_conc,0.8788648649289091,1.7582774027130808,True
28,2005.0,S_ref,0.5067778924398485,1.5840627284292481,True
28,2005.0,S_iu_short,0.5075570918526982,1.0329393563591693,True
28,2005.0,S_iu_med,0.5990354759949142,1.0721018727384277,True
28,2005.0,S_iu_long,1.4939862260415744,1.5916610390543395,True
28,2005.0,S_scrap,0.8529398890441588,1.2328304954469684,True
28,2006.0,S_conc,0.8392161614097543,1.4288286930173277,True
28,2006.0,S_ref,0.6432379968917811,1.3152779055099928,True
28,2006.0,S_iu_short,0.5145598486332623,1.0243552719034916,True
28,2006.0,S_iu_med,0.5930858780315204,1.0876009219861402,True
28,2006.0,S_iu_long,1.4575210001619503,1.5760108662918373,True
28,2006.0,S_scrap,0.881945159966498,1.234466163494581,True
28,2007.0,S_conc,0.8457154096769344,1.4047703043383721,True
28,2007.0,S_ref,0.6517239240490327,1.2982699846561254,True
28,2007.0,S_iu_short,0.5184782303511066,1.0239156377344008,True
28,2007.0,S_iu_med,0.591379412337335,1.1014389548817842,True
28,2007.0,S_iu_long,1.4472579948065316,1.556757894724382,True
28,2007.0,S_scrap,0.8861432586496055,1.2319437341279933,True
28,2008.0,S_conc,0.5579521711879691,2.4453655675413617,True
28,2008.0,S_ref,0.35813177163360516,2.247326185066442,True
28,2008.0,S_iu_short,0.5128588746627154,1.0308634439567517,True
28,2008.0,S_iu_med,0.5834074925518261,1.0989605912356881,True
28,2008.0,S_iu_long,1.4004272331383798,1.493220796971046,True
28,2008.0,S_scrap,0.8824865980564929,1.2176926391113416,True
28,2009.0,S_conc,0.45521654808296125,2.7968891487689826,True
28,2009.0,S_ref,0.3128170502751935,2.6028849959788025,True
28,2009.0,S_iu_short,0.5033609422940379,1.0559435453199437,True
28,2009.0,S_iu_med,0.5810141501748021,1.086255557426864,True
28,2009.0,S_iu_long,1.3867154473527037,1.433385008998649,True
28,2009.0,S_scrap,0.8413812243633723,1.1888044774770399,True
28,2010.0,S_conc,0.8694194183545304,1.806092462753178,True
28,2010.0,S_ref,0.4753807090288859,1.6461586292253387,True
28,2010.0,S_iu_short,0.5135454008787276,1.0301104560008651,True
28,2010.0,S_iu_med,0.5759705296470877,1.109373133603461,True
28,2010.0,S_iu_long,1.3583266492485009,1.4532437576839767,True
28,2010.0,S_scrap,0.86855495199609,1.202735967531496,True
28,2011.0,S_conc,0.40402890119560464,3.082249754931268,True
28,2011.0,S_ref,0.2877639490551461,2.8810818803455973,True
28,2011.0,S_iu_short,0.5088081804611995,1.0393262331466535,True
28,2011.0,S_iu_med,0.5708008079752338,1.1025147334330687,True
28,2011.0,S_iu_long,1.32992050912877,1.413820028768423,True
28,2011.0,S_scrap,0.8584138428651814,1.1942737070478404,True
28,2012.0,S_conc,0.437128034297572,2.897582087300283,True
28,2012.0,S_ref,0.3041677734101318,2.698691480744942,True
28,2012.0,S_iu_short,0.5071112597738384,1.0424297607806379,True
28,2012.0,S_iu_med,0.5741581137250872,1.0934058066944676,True
28,2012.0,S_iu_long,1.3482894290826646,1.4274169125060887,True
28,2012.0,S_scrap,0.8478039216183412,1.1944234619200553,True
28,2013.0,S_conc,0.7961751677397846,1.928357211239517,True
28,2013.0,S_ref,0.4432614268583007,1.7618087191691343,True
28,2013.0,S_iu_short,0.511853010857781,1.0346501857272057,True
28,2013.0,S_iu_med,0.5790071515804517,1.1019358450281416,True
28,2013.0,S_iu_long,1.3753372622696702,1.4506389101326662,True
28,2013.0,S_scrap,0.8570767619031872,1.1972700928583009,True
28,2014.0,S_conc,0.8980461695085029,1.7633881341684754,True
28,2014.0,S_ref,0.48408410724866174,1.6101560835497306,True
28,2014.0,S_iu_short,0.5136547631372562,1.0334547730012893,True
28,2014.0,S_iu_med,0.5808306294929599,1.105483128302003,True
28,2014.0,S_iu_long,1.3856704958913613,1.4550043078380321,True
28,2014.0,S_scrap,0.8530041637280772,1.1970226623628681,True
28,2015.0,S_conc,0.8019938237892128,1.9083137103964767,True
28,2015.0,S_ref,0.44505914126985685,1.7469223417859296,True
28,2015.0,S_iu_short,0.5107955593487375,1.0375603541243228,True
28,2015.0,S_iu_med,0.5764234515487761,1.1027549197801583,True
28,2015.0,S_iu_long,1.360848360600759,1.429372109162235,True
28,2015.0,S_scrap,0.8375577518537038,1.1912894613233693,True
28,2016.0,S_conc,0.5488296706784346,2.456815393331535,True
28,2016.0,S_ref,0.3543512118011211,2.263736534576707,True
28,2016.0,S_iu_short,0.5069272624554717,1.0368148075854968,True
28,2016.0,S_iu_med,0.5782792816690069,1.0829222021849558,True
28,2016.0,S_iu_long,1.3712375430773514,1.4548675595183065,True
28,2016.0,S_scrap,0.8318267768266286,1.19698072180506,True
28,2017.0,S_conc,0.7744776460087058,1.9738943729757683,True
28,2017.0,S_ref,0.43645387573673955,1.7994984512911958,True
28,2017.0,S_iu_short,0.510984942392762,1.030379912633685,True
28,2017.0,S_iu_med,0.5809772513027026,1.0908129924387204,True
28,2017.0,S_iu_long,1.3865052747348605,1.4704920349526696,True
28,2017.0,S_scrap,0.8553065313008152,1.1989868397881973,True
28,2018.0,S_conc,0.5311221609267558,2.522706254547298,True
28,2018.0,S_ref,0.3468842490041936,2.3253192437385586,True
28,2018.0,S_iu_short,0.5119681359240872,1.0333466875984962,True
28,2018.0,S_iu_med,0.5853536184327528,1.0939213764317994,True
28,2018.0,S_iu_long,1.411693540457968,1.474110855848654,True
28,2018.0,S_scrap,0.8462878391689942,1.1951418208321531,True
28,2019.0,S_conc,0.9104194220760059,1.746037775196472,True
28,2019.0,S_ref,0.4926397578185361,1.5906419107582725,True
28,2019.0,S_iu_short,0.5129134749267847,1.0278339682496977,True
28,2019.0,S_iu_med,0.581190280153044,1.09516800592024,True
28,2019.0,S_iu_long,1.387719177972818,1.4734191917789639,True
28,2019.0,S_scrap,0.8571460214852796,1.202630772957058,True
29,1980.0,S_conc,0.8783490464245781,1.7465912908255692,True
29,1980.0,S_ref,0.49105136861810356,1.5903682395611811,True
29,1980.0,S_iu_short,0.529766686555966,1.023351193194754,True
29,1980.0,S_iu_med,0.5410470187038701,1.3043033915398785,True
29,1980.0,S_iu_long,1.178872435202182,1.2612240876478022,True
29,1980.0,S_scrap,0.7113335465708045,1.211224406527221,True
29,1981.0,S_conc,0.8854233935103082,1.6874397043214622,True
29,1981.0,S_ref,0.5117185733960327,1.5358551473784752,True
29,1981.0,S_iu_short,0.5201536453531181,1.0200170105848114,True
29,1981.0,S_iu_med,0.559998182446451,1.1737888393328773,True
29,1981.0,S_iu_long,1.2727178845762344,1.416716785273232,True
29,1981.0,S_scrap,0.6766307023072581,1.211520958316395,True
29,1982.0,S_conc,0.8739453254667218,1.6019331367664,True
29,1982.0,S_ref,0.5363560579853308,1.465032760570018,True
29,1982.0,S_iu_short,0.5273505589572337,1.0246239543731017,True
29,1982.0,S_iu_med,0.5555072292689853,1.2152203161533444,True
29,1982.0,S_iu_long,1.2497553747733532,1.3669440211747637,True
29,1982.0,S_scrap,0.6837648589870964,1.2050678129454682,True
29,1983.0,S_conc,0.8660893306447288,1.429424675996466,True
29,1983.0,S_ref,0.617628867651681,1.320820829315655,True
29,1983.0,S_iu_short,0.5319892625151672,1.0232515192786718,True
29,1983.0,S_iu_med,0.5414294611321614,1.3017277864884242,True
29,1983.0,S_iu_long,1.1806895891499976,1.267583207411463,True
29,1983.0,S_scrap,0.707268184994076,1.209605995385732,True
29,1984.0,S_conc,0.8897635043729968,1.5522171830658291,True
29,1984.0,S_ref,0.5565249144648402,1.4218009819572968,True
29,1984.0,S_iu_short,0.5339809340286688,1.0303221642116336,True
29,1984.0,S_iu_med,0.5457220765871772,1.2707403132117518,True
29,1984.0,S_iu_long,1.2012956132390675,1.3011235878920364,True
29,1984.0,S_scrap,0.6582587226813659,1.1964231607171996,True
29,1985.0,S_conc,0.9039270348777577,1.5662757305898478,True
29,1985.0,S_ref,0.5521540486428134,1.4325821236564937,True
29,1985.0,S_iu_short,0.5353293269704589,1.033256541045567,True
29,1985.0,S_iu_med,0.544461544297199,1.2787050938045907,True
29,1985.0,S_iu_long,1.1952043509854904,1.3015540345434107,True
29,1985.0,S_scrap,0.6006062332607219,1.1985280740437467,True
29,1986.0,S_conc,0.9361660687705119,1.4834797317470985,True
29,1986.0,S_ref,0.5902749473200481,1.3623644757711748,True
29,1986.0,S_iu_short,0.5285327154529863,1.0444851084670346,True
29,1986.0,S_iu_med,0.5317530407436426,1.3670750052873863,True
29,1986.0,S_iu_long,1.135625187162223,1.2159947972895517,True
29,1986.0,S_scrap,0.4104574140733191,1.2153140989441926,True
29,1987.0,S_conc,0.9014050579236655,1.3761568580278662,True
29,1987.0,S_ref,0.6556864297168785,1.278709611565834,True
29,1987.0,S_iu_short,0.5217055504279321,1.0162462411783384,True
29,1987.0,S_iu_med,0.5415879874939564,1.3125235742741603,True
29,1987.0,S_iu_long,1.1814437072301114,1.2642978816013462,True
29,1987.0,S_scrap,0.5981903045169973,1.2243942419024922,True
29,1988.0,S_conc,0.8757704334978234,1.3779812258100512,True
29,1988.0,S_ref,0.6518770876944366,1.2813147643433918,True
29,1988.0,S_iu_short,0.5229299396564048,1.0167348884886303,True
29,1988.0,S_iu_med,0.5471676718559766,1.255292721907923,True
29,1988.0,S_iu_long,1.2083228997774862,1.3091527184465521,True
29,1988.0,S_scrap,0.7085877241328062,1.2070612483122714,True
29,1989.0,S_conc,0.8418129746425554,1.3470441977614749,True
29,1989.0,S_ref,0.6758856591123711,1.2597161197326117,True
29,1989.0,S_iu_short,0.5240908837207016,1.0154260684674388,True
29,1989.0,S_iu_med,0.5564198323451025,1.2032238613540096,True
29,1989.0,S_iu_long,1.2543839263300736,1.3868480586221172,True
29,1989.0,S_scrap,0.7690094781874166,1.2134192624790774,True
29,1990.0,S_conc,0.8440700883894923,1.3574047447959736,True
29,1990.0,S_ref,0.6572043852249564,1.2670761555892365,True
29,1990.0,S_iu_short,0.537707274339051,1.0306889362577614,True
29,1990.0,S_iu_med,0.5491430044478557,1.2623398878951333,True
29,1990.0,S_iu_long,1.2179981898148102,1.3170707676738451,True
29,1990.0,S_scrap,0.7383581757143971,1.2001850445069546,True
29,1991.0,S_conc,0.8578246906607293,1.3643054153982295,True
29,1991.0,S_ref,0.6457260377770924,1.2724490154675494,True
29,1991.0,S_iu_short,0.5322836515636834,1.031400184640893,True
29,1991.0,S_iu_med,0.5442005723453699,1.2687480197073164,True
29,1991.0,S_iu_long,1.1939474675201291,1.2759361148175608,True
29,1991.0,S_scrap,0.7009031057964924,1.193828339923759,True
29,1992.0,S_conc,0.8194342789974189,1.5606210127631388,True
29,1992.0,S_ref,0.544590201228231,1.4341819979881187,True
29,1992.0,S_iu_short,0.5363213720244471,1.0411559640118089,True
29,1992.0,S_iu_med,0.5349444400087066,1.3050620468545715,True
29,1992.0,S_iu_long,1.1502807105858956,1.2138008132453424,True
29,1992.0,S_scrap,0.7545369797167288,1.1879293072524424,True
29,1993.0,S_conc,0.5648612070533313,2.3546482579810903,True
29,1993.0,S_ref,0.3609656910832224,2.1760831279049455,True
29,1993.0,S_iu_short,0.5268713577167629,1.0358367830622843,True
29,1993.0,S_iu_med,0.5460004191614822,1.2450871622509143,True
29,1993.0,S_iu_long,1.2026452054273773,1.268641668437362,True
29,1993.0,S_scrap,0.7432891107475873,1.1847658587057464,True
29,1994.0,S_conc,0.5113359773190265,2.5231921588260655,True
29,1994.0,S_ref,0.3383337556921594,2.342183683028459,True
29,1994.0,S_iu_short,0.5216549303693704,1.0391953754689112,True
29,1994.0,S_iu_med,0.5450788904056517,1.2398153399957685,True
29,1994.0,S_iu_long,1.19818333093335,1.247551205756889,True
29,1994.0,S_scrap,0.7940815201787546,1.1842480704981493,True
29,1995.0,S_conc,0.7968457688885828,1.897367786973576,True
29,1995.0,S_ref,0.4434692073663407,1.739842432953027,True
29,1995.0,S_iu_short,0.5188614205813195,1.030785373323304,True
29,1995.0,S_iu_med,0.5552191526990193,1.187123034946976,True
29,1995.0,S_iu_long,1.2482982486053533,1.3308118210918611,True
29,1995.0,S_scrap,0.803773418008828,1.1912981046705355,True
29,1996.0,S_conc,0.8100695415071141,1.6280801393481414,True
29,1996.0,S_ref,0.5152516931453416,1.4976039689625904,True
29,1996.0,S_iu_short,0.5229257963325878,1.036352837499865,True
29,1996.0,S_iu_med,0.5526492214349128,1.2073755338162884,True
29,1996.0,S_iu_long,1.2353822725145998,1.3001575214803636,True
29,1996.0,S_scrap,0.8214662462617279,1.185694942116419,True
29,1997.0,S_conc,0.8345725437831466,1.47125709790146,True
29,1997.0,S_ref,0.5759940443770282,1.3627818577409094,True
29,1997.0,S_iu_short,0.5231561935664142,1.0441421438592706,True
29,1997.0,S_iu_med,0.5530995468547842,1.2029762608036823,True
29,1997.0,S_iu_long,1.2376347863649628,1.2908959484711988,True
29,1997.0,S_scrap,0.8212496274445911,1.1734522879928428,True
29,1998.0,S_conc,0.8760878603496272,1.388082888546432,True
29,1998.0,S_ref,0.6150478605441315,1.295280207926908,True
29,1998.0,S_iu_short,0.5178116241117758,1.05900061122934,True
29,1998.0,S_iu_med,0.5566594869949048,1.177081209839809,True
29,1998.0,S_iu_long,1.2556025688284147,1.291698123987052,True
29,1998.0,S_scrap,0.791181991600012,1.1587551513138419,True
29,1999.0,S_conc,0.8611402373187548,1.3013658718670904,True
29,1999.0,S_ref,0.6913573866630777,1.2275686524102936,True
29,1999.0,S_iu_short,0.5173321326106018,1.0326956365374373,True
29,1999.0,S_iu_med,0.5609608754406528,1.159106464526327,True
29,1999.0,S_iu_long,1.2777013347128812,1.3593509756484274,True
29,1999.0,S_scrap,0.8198576070772484,1.1794396898329134,True
29,2000.0,S_conc,0.8242401042276211,1.2461765372118074,True
29,2000.0,S_ref,0.7469407623279459,1.1877580864021744,True
29,2000.0,S_iu_short,0.5299939058275777,1.0348827174242854,True
29,2000.0,S_iu_med,0.550130493920038,1.2345583413332182,True
29,2000.0,S_iu_long,1.222866823567844,1.2888091730044846,True
29,2000.0,S_scrap,0.8609162737694815,1.1800318127342182,True
29,2001.0,S_conc,0.852745234023535,1.32385418522569,True
29,2001.0,S_ref,0.6651637809069878,1.2411929206894619,True
29,2001.0,S_iu_short,0.5323108327554278,1.0625156862915264,True
29,2001.0,S_iu_med,0.5378263888501629,1.264001719257027,True
29,2001.0,S_iu_long,1.1636890897169785,1.2116938789824026,True
29,2001.0,S_scrap,0.8282336951214649,1.169855541086488,True
29,2002.0,S_conc,0.8648764850603012,1.6344569207597437,True
29,2002.0,S_ref,0.5163517413121628,1.5006422329255595,True
29,2002.0,S_iu_short,0.5345232613006322,1.0692796249588292,True
29,2002.0,S_iu_med,0.5307098849163252,1.2859098590350777,True
29,2002.0,S_iu_long,1.13087803867699,1.18106074860133,True
29,2002.0,S_scrap,0.8276018771966615,1.1678420492278234,True
29,2003.0,S_conc,0.48323632251702703,2.6770362236361116,True
29,2003.0,S_ref,0.3257986034868558,2.484502513826684,True
29,2003.0,S_iu_short,0.531325995164888,1.058183378742654,True
29,2003.0,S_iu_med,0.5342306908681291,1.2842841750971126,True
29,2003.0,S_iu_long,1.1469856007985169,1.193288200435563,True
29,2003.0,S_scrap,0.8048668681613342,1.1670292260847395,True
29,2004.0,S_conc,0.8349979238178641,1.8787255926007376,True
29,2004.0,S_ref,0.45504025534839965,1.715256345125449,True
29,2004.0,S_iu_short,0.5382037318082321,1.0457666425025058,True
29,2004.0,S_iu_med,0.5349062756834381,1.301116816704116,True
29,2004.0,S_iu_long,1.1501042644027568,1.211680589710773,True
29,2004.0,S_scrap,0.8482470605886242,1.1788696208324978,True
29,2005.0,S_conc,0.8746812762002626,1.6637884096846725,True
29,2005.0,S_ref,0.5135880064320478,1.5213694321651754,True
29,2005.0,S_iu_short,0.539662314515073,1.0460952417747478,True
29,2005.0,S_iu_med,0.5344719702599405,1.3025025239913353,True
29,2005.0,S_iu_long,1.1480983659746071,1.211158605533645,True
29,2005.0,S_scrap,0.8561615192998707,1.1810041844434207,True
29,2006.0,S_conc,0.8383893872478545,1.421630496457497,True
29,2006.0,S_ref,0.6162314994075258,1.3161295370652484,True
29,2006.0,S_iu_short,0.5359535538376983,1.0372760808406452,True
29,2006.0,S_iu_med,0.5382831616205965,1.2928096758526806,True
29,2006.0,S_iu_long,1.1658296100049892,1.2237458986765393,True
29,2006.0,S_scrap,0.8857924116939031,1.185894010768541,True
29,2007.0,S_conc,0.8085610792465985,1.272290156733948,True
29,2007.0,S_ref,0.7113168909940139,1.2050938673755682,True
29,2007.0,S_iu_short,0.5338315815850311,1.0367571850869848,True
29,2007.0,S_iu_med,0.5602848867314731,1.2118946236217196,True
29,2007.0,S_iu_long,1.2741997484842333,1.3373679036040078,True
29,2007.0,S_scrap,0.902540469136766,1.20053806591675,True
29,2008.0,S_conc,0.854392339561653,1.7707340610770075,True
29,2008.0,S_ref,0.4717358949523626,1.628651754392159,True
29,2008.0,S_iu_short,0.5425846822564359,1.0651579136165583,True
29,2008.0,S_iu_med,0.5323886637328122,1.2835902678314501,True
29,2008.0,S_iu_long,1.1385281374543312,1.200036920484565,True
29,2008.0,S_scrap,0.8677633398002756,1.1870669162106813,True
29,2009.0,S_conc,0.8319312379520578,1.755051938460995,True
29,2009.0,S_ref,0.4717081057644903,1.6179768990002035,True
29,2009.0,S_iu_short,0.5290846214251762,1.0615625730387106,True
29,2009.0,S_iu_med,0.5546616817138295,1.2079162970496264,True
29,2009.0,S_iu_long,1.2454838466368137,1.2793209617118606,True
29,2009.0,S_scrap,0.8394793172000201,1.1858124212336658,True
29,2010.0,S_conc,0.7905239829261501,1.5436300541809032,True
29,2010.0,S_ref,0.5480300940702364,1.4233206926448896,True
29,2010.0,S_iu_short,0.5323097495319373,1.0386592109210555,True
29,2010.0,S_iu_med,0.5624424266250163,1.20077189006241,True
29,2010.0,S_iu_long,1.285413533782004,1.3398313800795212,True
29,2010.0,S_scrap,0.9002796579430672,1.196425735630938,True
29,2011.0,S_conc,0.7107359125380247,2.0065699265330763,True
29,2011.0,S_ref,0.4154562415677511,1.8543748053298834,True
29,2011.0,S_iu_short,0.529224328745512,1.0524435783361445,True
29,2011.0,S_iu_med,0.5573288238777971,1.2023238413749084,True
29,2011.0,S_iu_long,1.2590131319594708,1.2948026879083037,True
29,2011.0,S_scrap,0.8820555767944522,1.1878620632199512,True
29,2012.0,S_conc,0.6612174331282417,2.100012368556294,True
29,2012.0,S_ref,0.3980318409511883,1.9437129955492431,True
29,2012.0,S_iu_short,0.5250328046533629,1.0519371272596783,True
29,2012.0,S_iu_med,0.5645011450025361,1.1779670803433804,True
29,2012.0,S_iu_long,1.296217288575474,1.3266020955260907,True
29,2012.0,S_scrap,0.8659632343798419,1.18833302401067,True
29,2013.0,S_conc,0.8355873546764055,1.7769396389646492,True
29,2013.0,S_ref,0.46892163762140043,1.6360902747034733,True
29,2013.0,S_iu_short,0.5260503695403596,1.0458149806680759,True
29,2013.0,S_iu_med,0.5734130297447898,1.1639989613763442,True
29,2013.0,S_iu_long,1.3441878672518743,1.370792073618481,True
29,2013.0,S_scrap,0.8803497464564256,1.1957844219517109,True
29,2014.0,S_conc,0.779543854534533,1.8984491987791263,True
29,2014.0,S_ref,0.43805824315492053,1.7516620097258062,True
29,2014.0,S_iu_short,0.5286936103102866,1.0490006597551924,True
29,2014.0,S_iu_med,0.5701065607099999,1.1757270791250456,True
29,2014.0,S_iu_long,1.3261578535638316,1.348252984498334,True
29,2014.0,S_scrap,0.8798642947776649,1.1908536976955717,True
29,2015.0,S_conc,0.8423997157336481,1.7410240613513406,True
29,2015.0,S_ref,0.47454756749294746,1.6071453732189502,True
29,2015.0,S_iu_short,0.5203605773121677,1.0570260328566392,True
29,2015.0,S_iu_med,0.5636290171530758,1.1659817276597124,True
29,2015.0,S_iu_long,1.2916280855246347,1.3121824718476032,True
29,2015.0,S_scrap,0.8554666242059308,1.1863500849370896,True
29,2016.0,S_conc,0.7183932406608052,1.98724353341614,True
29,2016.0,S_ref,0.41806102565007086,1.838003639581621,True
29,2016.0,S_iu_short,0.518263755197657,1.052538127493222,True
29,2016.0,S_iu_med,0.5674085772028377,1.1511621430457382,True
29,2016.0,S_iu_long,1.311650086665934,1.3335128554098503,True
29,2016.0,S_scrap,0.858182129703577,1.1816141446824378,True
29,2017.0,S_conc,0.8617999387441557,1.6813910137378925,True
29,2017.0,S_ref,0.500795455864474,1.5441504365506185,True
29,2017.0,S_iu_short,0.5187444846414326,1.0368710335777498,True
29,2017.0,S_iu_med,0.5789715407128558,1.127445018440264,True
29,2017.0,S_iu_long,1.3751363546614637,1.4160241092746655,True
29,2017.0,S_scrap,0.8799730611574934,1.1947310769997255,True
29,2018.0,S_conc,0.8797329128313629,1.7354579374695567,True
29,2018.0,S_ref,0.4789250814562832,1.5998354043799072,True
29,2018.0,S_iu_short,0.5191983953916384,1.0469359802730345,True
29,2018.0,S_iu_med,0.5706855323120843,1.1456232187919482,True
29,2018.0,S_iu_long,1.3292948998097507,1.3531348681905508,True
29,2018.0,S_scrap,0.8773208380301004,1.1823355028734834,True
29,2019.0,S_conc,0.8537231356937203,1.5156639711832711,True
29,2019.0,S_ref,0.5566629156950649,1.4002527490402374,True
29,2019.0,S_iu_short,0.5211517971325673,1.0393545803791746,True
29,2019.0,S_iu_med,0.5745906053485624,1.1420536953931288,True
29,2019.0,S_iu_long,1.3506768129071471,1.3845912882859555,True
29,2019.0,S_scrap,0.8826833779448328,1.193925997430223,True
30,1980.0,S_conc,0.8648026914408112,1.5668885865195332,True
30,1980.0,S_ref,0.5367413306563965,1.4435880375717485,True
30,1980.0,S_iu_short,0.5123530086628937,1.06361349053971,True
30,1980.0,S_iu_med,0.5465011257819278,1.2101553333942512,True
30,1980.0,S_iu_long,1.2050771387783734,1.2468602033733525,True
30,1980.0,S_scrap,0.7114376119089086,1.1754453633807689,True
30,1981.0,S_conc,0.8908402182528202,1.7070771830923857,True
30,1981.0,S_ref,0.49913770964171295,1.55882887073338,True
30,1981.0,S_iu_short,0.5250347991359494,1.0256732368282115,True
30,1981.0,S_iu_med,0.5547651557747527,1.2121226317260905,True
30,1981.0,S_iu_long,1.246005704562721,1.3608281097121024,True
30,1981.0,S_scrap,0.6667791566709229,1.2035456887682194,True
30,1982.0,S_conc,0.8765482294463927,1.5567778319071544,True
30,1982.0,S_ref,0.5481825700715361,1.4296234955641287,True
30,1982.0,S_iu_short,0.5262368224306656,1.0272136934736285,True
30,1982.0,S_iu_med,0.5496704495728202,1.237229428446486,True
30,1982.0,S_iu_long,1.2205960036409031,1.3163896231824381,True
30,1982.0,S_scrap,0.6872623473816859,1.2020446765262864,True
30,1983.0,S_conc,0.8622220523817605,1.4484162927732775,True
30,1983.0,S_ref,0.5915557974795886,1.3416912800156173,True
30,1983.0,S_iu_short,0.5114290974468862,1.0471554717677736,True
30,1983.0,S_iu_med,0.5572217059767139,1.156264649291877,True
30,1983.0,S_iu_long,1.2584666265221423,1.3359870199142407,True
30,1983.0,S_scrap,0.7252399542288779,1.1784046399367323,True
30,1984.0,S_conc,0.8836552251528058,1.5423760141930614,True
30,1984.0,S_ref,0.5634782454175307,1.4125668607052912,True
30,1984.0,S_iu_short,0.5169017855258362,1.0292686184366782,True
30,1984.0,S_iu_med,0.5692037156456787,1.137205498774196,True
30,1984.0,S_iu_long,1.32128278798598,1.4485184512581233,True
30,1984.0,S_scrap,0.6704682545690169,1.1962694221834953,True
30,1985.0,S_conc,0.905954282673384,1.5469348662691635,True
30,1985.0,S_ref,0.546325088802488,1.4244198439594655,True
30,1985.0,S_iu_short,0.5203520926736014,1.0486440857957278,True
30,1985.0,S_iu_med,0.5409091143704186,1.262338530902121,True
30,1985.0,S_iu_long,1.1782179330975706,1.2358421494073693,True
30,1985.0,S_scrap,0.5958180698486075,1.1797814611946333,True
30,1986.0,S_conc,0.9353886681457221,1.4638345769589585,True
30,1986.0,S_ref,0.5967004187246536,1.3483591758297486,True
30,1986.0,S_iu_short,0.509661469898835,1.0503708077096854,True
30,1986.0,S_iu_med,0.5617995331835818,1.1485500042569956,True
30,1986.0,S_iu_long,1.2820605538490784,1.4171663361054105,True
30,1986.0,S_scrap,0.41388675809186226,1.1648757517884576,True
30,1987.0,S_conc,0.9045386370253142,1.3294532113689619,True
30,1987.0,S_ref,0.6566012546063493,1.2476261580308232,True
30,1987.0,S_iu_short,0.505939884739312,1.0843983593230067,True
30,1987.0,S_iu_med,0.5465000204837427,1.1896556021202107,True
30,1987.0,S_iu_long,1.2050717644280544,1.237723991109469,True
30,1987.0,S_scrap,0.6054176935093544,1.1671999626504708,True
30,1988.0,S_conc,0.8665082772208499,1.3532138400337375,True
30,1988.0,S_ref,0.63850478090454,1.2672049152899152,True
30,1988.0,S_iu_short,0.5048253069431913,1.083104783442588,True
30,1988.0,S_iu_med,0.5494056541368442,1.162511081027339,True
30,1988.0,S_iu_long,1.219291052319811,1.2472120413602357,True
30,1988.0,S_scrap,0.7389577979174768,1.1729333558859232,True
30,1989.0,S_conc,0.8379921102756731,1.3307470709746638,True
30,1989.0,S_ref,0.6654659451383037,1.2489298727382272,True
30,1989.0,S_iu_short,0.5192837577666722,1.0329136838377981,True
30,1989.0,S_iu_med,0.5515146436240514,1.2048962115337454,True
30,1989.0,S_iu_long,1.2297272046531151,1.3041881070569008,True
30,1989.0,S_scrap,0.7735079061950644,1.1841400214793776,True
30,1990.0,S_conc,0.8482016819184781,1.3298705948141754,True
30,1990.0,S_ref,0.6713380825700902,1.2472850813434513,True
30,1990.0,S_iu_short,0.5328367474442012,1.0338335342943399,True
30,1990.0,S_iu_med,0.5508728935714603,1.2410062290779127,True
30,1990.0,S_iu_long,1.2265411855276416,1.313753404781485,True
30,1990.0,S_scrap,0.738180853532302,1.1858587541257013,True
30,1991.0,S_conc,0.8597527031434592,1.3662436269369151,True
30,1991.0,S_ref,0.6500538426407454,1.272811534416346,True
30,1991.0,S_iu_short,0.5374955297583673,1.0356493902966932,True
30,1991.0,S_iu_med,0.5324965031898896,1.3325177428416535,True
30,1991.0,S_iu_long,1.1390214336860411,1.208584971137781,True
30,1991.0,S_scrap,0.6940752564165821,1.1971933861391528,True
30,1992.0,S_conc,0.8223311220330716,1.5697940956155318,True
30,1992.0,S_ref,0.5410125261439384,1.4427338065072621,True
30,1992.0,S_iu_short,0.5260114450688397,1.034331180167772,True
30,1992.0,S_iu_med,0.5587730859042909,1.1952063930870236,True
30,1992.0,S_iu_long,1.2664075287644034,1.3474899189587697,True
30,1992.0,S_scrap,0.7520718718551997,1.180043036978614,True
30,1993.0,S_conc,0.5715216294733194,2.341317618443347,True
30,1993.0,S_ref,0.3636740460676061,2.161086051253503,True
30,1993.0,S_iu_short,0.5269930243421074,1.0331829150376184,True
30,1993.0,S_iu_med,0.5414139475458822,1.2741962504571007,True
30,1993.0,S_iu_long,1.1806158182275979,1.2387977964505423,True
30,1993.0,S_scrap,0.7474668116333811,1.1931491708995845,True
30,1994.0,S_conc,0.5015038167464964,2.514912240270005,True
30,1994.0,S_ref,0.33400102693922545,2.348832126646454,True
30,1994.0,S_iu_short,0.5074613325749651,1.1024046239554477,True
30,1994.0,S_iu_med,0.5443149973099417,1.1895610670217356,True
30,1994.0,S_iu_long,1.1944983795750825,1.1888523644801279,True
30,1994.0,S_scrap,0.7952817493622242,1.169653626224373,True
30,1995.0,S_conc,0.8079602783953754,1.8538120429025946,True
30,1995.0,S_ref,0.4508915636469131,1.7034732681292404,True
30,1995.0,S_iu_short,0.5188075616916739,1.0375244174955982,True
30,1995.0,S_iu_med,0.5525888485627917,1.1971013502078551,True
30,1995.0,S_iu_long,1.2350806339710656,1.299843523708439,True
30,1995.0,S_scrap,0.8218574314434819,1.1872375903738597,True
30,1996.0,S_conc,0.8229765489277251,1.614597639301076,True
30,1996.0,S_ref,0.5236044198436826,1.482610214049797,True
30,1996.0,S_iu_short,0.5292140917696373,1.0320679072937702,True
30,1996.0,S_iu_med,0.5525137603716911,1.224546369090664,True
30,1996.0,S_iu_long,1.2347055874402308,1.3095288730850394,True
30,1996.0,S_scrap,0.8101106281824287,1.1869314018112525,True
30,1997.0,S_conc,0.830613902482317,1.4639078256151896,True
30,1997.0,S_ref,0.5808686407958041,1.3562126103845675,True
30,1997.0,S_iu_short,0.5186173896625789,1.0450003455859753,True
30,1997.0,S_iu_med,0.5615432706562348,1.1659950517575972,True
30,1997.0,S_iu_long,1.2807267697697153,1.336185886812806,True
30,1997.0,S_scrap,0.8236314484031606,1.1715716774505003,True
30,1998.0,S_conc,0.8766751317831106,1.4262253384618189,True
30,1998.0,S_ref,0.6092030207339545,1.321574676460045,True
30,1998.0,S_iu_short,0.5262745341246272,1.0288099509601158,True
30,1998.0,S_iu_med,0.557690157066385,1.1983343255154129,True
30,1998.0,S_iu_long,1.2608585722793584,1.3471022754779045,True
30,1998.0,S_scrap,0.7834096169452508,1.1852788913910013,True
30,1999.0,S_conc,0.8633905774615349,1.2741910886423036,True
30,1999.0,S_ref,0.6981902084713036,1.2078768548158259,True
30,1999.0,S_iu_short,0.5197789288888623,1.0636331615254193,True
30,1999.0,S_iu_med,0.5401637597456023,1.2409422236025751,True
30,1999.0,S_iu_long,1.174687230929786,1.193309894424046,True
30,1999.0,S_scrap,0.820505625467562,1.16667863928373,True
30,2000.0,S_conc,0.8144475624016069,1.2267668136747085,True
30,2000.0,S_ref,0.7494885009890223,1.173346471247353,True
30,2000.0,S_iu_short,0.5216223077056216,1.062183733300504,True
30,2000.0,S_iu_med,0.5476143581310767,1.2142564045153421,True
30,2000.0,S_iu_long,1.2105034011882845,1.2412486385662653,True
30,2000.0,S_scrap,0.870911296659919,1.168348699800998,True
30,2001.0,S_conc,0.8480640524349995,1.3656945523336506,True
30,2001.0,S_ref,0.6333014213451463,1.274585122766119,True
30,2001.0,S_iu_short,0.5224471857852071,1.0606075165820819,True
30,2001.0,S_iu_med,0.5566437629744768,1.1924091102719991,True
30,2001.0,S_iu_long,1.255522571891623,1.2928524715882739,True
30,2001.0,S_scrap,0.8341925036473952,1.1654401560112402,True
30,2002.0,S_conc,0.8668556193588679,1.5878808082781606,True
30,2002.0,S_ref,0.5265900998677265,1.4646052327480001,True
30,2002.0,S_iu_short,0.5123232815656338,1.0830388878102253,True
30,2002.0,S_iu_med,0.5591155272166987,1.1643612739889282,True
30,2002.0,S_iu_long,1.2681678800956753,1.2820478681811311,True
30,2002.0,S_scrap,0.825291742432111,1.154261061085149,True
30,2003.0,S_conc,0.48984759714914994,2.628414271375326,True
30,2003.0,S_ref,0.3287904065398918,2.443924844240265,True
30,2003.0,S_iu_short,0.4920506011846569,1.1974555751086922,True
30,2003.0,S_iu_med,0.5395200560020117,1.1605967155057135,True
30,2003.0,S_iu_long,1.1716472411757606,1.1237905868792406,True
30,2003.0,S_scrap,0.8120757252290218,1.164273641529778,True
30,2004.0,S_conc,0.7437498797355597,1.9628214239335884,True
30,2004.0,S_ref,0.42652325793900536,1.809399141666716,True
30,2004.0,S_iu_short,0.5017125792218153,1.1464409747179953,True
30,2004.0,S_iu_med,0.5431459481022767,1.1729509545318588,True
30,2004.0,S_iu_long,1.1888828518563115,1.1631225076526965,True
30,2004.0,S_scrap,0.8621742269939572,1.1575849866366592,True
30,2005.0,S_conc,0.8740172103391307,1.6061700905666667,True
30,2005.0,S_ref,0.5221942275886783,1.4795001931564271,True
30,2005.0,S_iu_short,0.5068974965794071,1.137065743311266,True
30,2005.0,S_iu_med,0.5382782032351016,1.1973666826515443,True
30,2005.0,S_iu_long,1.165806351371331,1.1508917333875717,True
30,2005.0,S_scrap,0.861003146031945,1.1545532698264003,True
30,2006.0,S_conc,0.843084855744966,1.2970458234200262,True
30,2006.0,S_ref,0.679271765812125,1.2226285379480817,True
30,2006.0,S_iu_short,0.5017293326686528,1.1507463774566735,True
30,2006.0,S_iu_med,0.5420197210311071,1.1730834482152268,True
30,2006.0,S_iu_long,1.1835001329127588,1.1553351092531385,True
30,2006.0,S_scrap,0.8857394626474177,1.156096051305983,True
30,2007.0,S_conc,0.8144269119762363,1.2707783447632102,True
30,2007.0,S_ref,0.7021503137342444,1.2040434149996733,True
30,2007.0,S_iu_short,0.5264138085620768,1.0710594674619998,True
30,2007.0,S_iu_med,0.5426913600942613,1.2325282550742505,True
30,2007.0,S_iu_long,1.1867069911605475,1.2145824348619796,True
30,2007.0,S_scrap,0.8999456771587665,1.165552874220201,True
30,2008.0,S_conc,0.5892104728350402,2.279472791579048,True
30,2008.0,S_ref,0.37075672663038145,2.113955108897825,True
30,2008.0,S_iu_short,0.5292654949802279,1.069659789522572,True
30,2008.0,S_iu_med,0.5541907932878879,1.2085166050060163,True
30,2008.0,S_iu_long,1.2431120419766586,1.2698971572896742,True
30,2008.0,S_scrap,0.8685576263049728,1.1543823651266516,True
30,2009.0,S_conc,0.14704056737028506,7.49881710916787,True
30,2009.0,S_ref,0.12819125282324714,7.294400427836236,True
30,2009.0,S_iu_short,0.5205249475367422,1.070942554093,True
30,2009.0,S_iu_med,0.5489333321832874,1.2011585776360538,True
30,2009.0,S_iu_long,1.2169671832331936,1.2423384806627993,True
30,2009.0,S_scrap,0.8054839000446281,1.146014225305074,True
30,2010.0,S_conc,0.2816211123255609,4.111635061195657,True
30,2010.0,S_ref,0.2197381968954509,3.919950776864578,True
30,2010.0,S_iu_short,0.5004982114560785,1.138317394562417,True
30,2010.0,S_iu_med,0.5474626385045651,1.1556942547411222,True
30,2010.0,S_iu_long,1.2097622982894594,1.181033013108034,True
30,2010.0,S_scrap,0.864132642561631,1.14797889978686,True
30,2011.0,S_conc,0.008508939984566172,124.20059007641073,False
30,2011.0,S_ref,0.00858196339605293,124.40956106349188,False
30,2011.0,S_iu_short,0.5009754407727182,1.138270445111945,True
30,2011.0,S_iu_med,0.5462243485117683,1.1615841861532643,True
30,2011.0,S_iu_long,1.2037321674716037,1.1791790307260315,True
30,2011.0,S_scrap,0.8385418258363307,1.1401254073010987,True
30,2012.0,S_conc,0.03705391954791282,28.365529360945764,False
30,2012.0,S_ref,0.038479744920418196,28.57389053363921,False
30,2012.0,S_iu_short,0.5056960853617664,1.106221511013773,True
30,2012.0,S_iu_med,0.5538947544218292,1.156217742926675,True
30,2012.0,S_iu_long,1.2416234956035068,1.2308391071803397,True
30,2012.0,S_scrap,0.8128457314673412,1.1356471394513141,True
30,2013.0,S_conc,0.12029116874111846,9.07685693056468,True
30,2013.0,S_ref,0.10737491475210928,8.873335248468344,True
30,2013.0,S_iu_short,0.5120935692452134,1.077831152331917,True
30,2013.0,S_iu_med,0.5620079325172392,1.1528243858245393,True
30,2013.0,S_iu_long,1.2831463723697683,1.2856738519857274,True
30,2013.0,S_scrap,0.8320209940582618,1.1402943873472065,True
30,2014.0,S_conc,0.14302280625164987,7.690870182625477,True
30,2014.0,S_ref,0.12512681765350686,7.48845191053341,True
30,2014.0,S_iu_short,0.514568517234043,1.0689200404829498,True
30,2014.0,S_iu_med,0.5693779543201705,1.1470931637042836,True
30,2014.0,S_iu_long,1.3222220274888272,1.3214342152275258,True
30,2014.0,S_scrap,0.8450545498545945,1.1436044071192208,True
30,2015.0,S_conc,0.224790533355137,5.069784689095812,True
30,2015.0,S_ref,0.1835338592464099,4.86452744417181,True
30,2015.0,S_iu_short,0.519792707147168,1.0506671312741034,True
30,2015.0,S_iu_med,0.5732854306158239,1.1481242898714976,True
30,2015.0,S_iu_long,1.343486892053335,1.3646325586535544,True
30,2015.0,S_scrap,0.8251795732380405,1.1540574584866743,True
30,2016.0,S_conc,0.14938192811911485,7.338337774114037,True
30,2016.0,S_ref,0.12996718015531025,7.144144314785908,True
30,2016.0,S_iu_short,0.5051273266152249,1.1073747918640928,True
30,2016.0,S_iu_med,0.55143401895072,1.1550340937463912,True
30,2016.0,S_iu_long,1.2293264363490346,1.2127874476208327,True
30,2016.0,S_scrap,0.814987863469896,1.1357835955272257,True
30,2017.0,S_conc,0.3973566511294384,3.0694875463719593,True
30,2017.0,S_ref,0.28436308712472785,2.886911255376543,True
30,2017.0,S_iu_short,0.4973369623966366,1.1672398352727917,True
30,2017.0,S_iu_med,0.5373668224506482,1.1677965016880505,True
30,2017.0,S_iu_long,1.1615397436413302,1.1183914893189288,True
30,2017.0,S_scrap,0.8395358224910247,1.1489453266153722,True
30,2018.0,S_conc,0.5566313013175924,2.357814228401899,True
30,2018.0,S_ref,0.3575871183153251,2.1951901183894282,True
30,2018.0,S_iu_short,0.5045176708298943,1.128230376385057,True
30,2018.0,S_iu_med,0.5439566938841337,1.167770843726415,True
30,2018.0,S_iu_long,1.1927742093553093,1.1689407194070633,True
30,2018.0,S_scrap,0.8513133171769387,1.138364895119618,True
30,2019.0,S_conc,0.3083548964065678,3.7762450080584444,True
30,2019.0,S_ref,0.23568138679610012,3.5937137172503197,True
30,2019.0,S_iu_short,0.5147386191481955,1.0825616070881474,True
30,2019.0,S_iu_med,0.5499440984150048,1.1778514707557814,True
30,2019.0,S_iu_long,1.2219461993015222,1.2214828267602178,True
30,2019.0,S_scrap,0.8585273657324668,1.1432444495263872,True
31,1980.0,S_conc,0.7982180670249157,1.3507033345977262,True
31,1980.0,S_ref,0.6716112259864916,1.2625412127830848,True
31,1980.0,S_iu_short,0.5115568157211838,1.0245960443120317,True
31,1980.0,S_iu_med,0.5633316544072364,1.127324194724629,True
31,1980.0,S_iu_long,1.2900675308683787,1.442746482837472,True
31,1980.0,S_scrap,0.7408910891539405,1.2115769828295855,True
31,1981.0,S_conc,0.9031604492967396,1.6988187726584238,True
31,1981.0,S_ref,0.49899884666950595,1.5542076945587435,True
31,1981.0,S_iu_short,0.517497884276913,1.0333534494898227,True
31,1981.0,S_iu_med,0.5565342582632037,1.1807728637267678,True
31,1981.0,S_iu_long,1.2549656171491037,1.3584250720717403,True
31,1981.0,S_scrap,0.6531525832919024,1.1867356964882974,True
31,1982.0,S_conc,0.8812274397660698,1.6080877747838451,True
31,1982.0,S_ref,0.5380971961916801,1.4677532552970658,True
31,1982.0,S_iu_short,0.5205725277958667,1.0276130249903463,True
31,1982.0,S_iu_med,0.5686857418192908,1.149726452673042,True
31,1982.0,S_iu_long,1.3184951135583063,1.4475189649171816,True
31,1982.0,S_scrap,0.6701860884226841,1.1999870638332697,True
31,1983.0,S_conc,0.8607659186220866,1.4615444148862844,True
31,1983.0,S_ref,0.5947619307055367,1.3489218821030726,True
31,1983.0,S_iu_short,0.5135818031887474,1.0323030836254146,True
31,1983.0,S_iu_med,0.5654877689169632,1.135135248253963,True
31,1983.0,S_iu_long,1.3014311875812223,1.4159703776104429,True
31,1983.0,S_scrap,0.7204250440873057,1.1938392766037595,True
31,1984.0,S_conc,0.8852137982571852,1.4987562306471023,True
31,1984.0,S_ref,0.5642502474621723,1.3850541911557022,True
31,1984.0,S_iu_short,0.5151437160129934,1.0540522765635394,True
31,1984.0,S_iu_med,0.5529329843477307,1.1864909080800814,True
31,1984.0,S_iu_long,1.2368011170338824,1.2978433514634553,True
31,1984.0,S_scrap,0.6786798856498283,1.1656358436755971,True
31,1985.0,S_conc,0.9023663905919135,1.5701334053607272,True
31,1985.0,S_ref,0.5445081278537682,1.4400771781908708,True
31,1985.0,S_iu_short,0.5172578527058505,1.0339943839088346,True
31,1985.0,S_iu_med,0.558068707404141,1.1738220640187684,True
31,1985.0,S_iu_long,1.262795182767219,1.3721500254350436,True
31,1985.0,S_scrap,0.6093748415548202,1.183135903176887,True
31,1986.0,S_conc,0.9321437926884985,1.4194377023084754,True
31,1986.0,S_ref,0.6048212713274553,1.3174464931452088,True
31,1986.0,S_iu_short,0.5085377376098389,1.0662512073899326,True
31,1986.0,S_iu_med,0.5479310149555474,1.2046953982998876,True
31,1986.0,S_iu_long,1.2120517732524132,1.298317157274395,True
31,1986.0,S_scrap,0.4254295430894212,1.1605303704555325,True
31,1987.0,S_conc,0.8967859768798083,1.3118773789596496,True
31,1987.0,S_ref,0.673473853466173,1.2343109541291009,True
31,1987.0,S_iu_short,0.5055947872138299,1.064597166032173,True
31,1987.0,S_iu_med,0.5493420436118449,1.1714734431500482,True
31,1987.0,S_iu_long,1.2189777986271533,1.2816725129209394,True
31,1987.0,S_scrap,0.6233653245931143,1.1865272211046771,True
31,1988.0,S_conc,0.8705663259487816,1.3351992311996952,True
31,1988.0,S_ref,0.6466750274679718,1.2532929004583424,True
31,1988.0,S_iu_short,0.5000040695425615,1.1268639280121966,True
31,1988.0,S_iu_med,0.5470387442991539,1.1559520617528913,True
31,1988.0,S_iu_long,1.2076943390064256,1.200139056490208,True
31,1988.0,S_scrap,0.7242723798426527,1.1748293241491998,True
31,1989.0,S_conc,0.8411194118798052,1.308939655076085,True
31,1989.0,S_ref,0.6644260123834689,1.233891067642865,True
31,1989.0,S_iu_short,0.50439760163599,1.0961471509307203,True
31,1989.0,S_iu_med,0.5510046485692935,1.1551404336949629,True
31,1989.0,S_iu_long,1.227194550708684,1.23838604110663,True
31,1989.0,S_scrap,0.7809960467930631,1.165047927207411,True
31,1990.0,S_conc,0.8325412357742789,1.3201136131613853,True
31,1990.0,S_ref,0.6678628032989914,1.2406672575446407,True
31,1990.0,S_iu_short,0.5299302995601254,1.054083471856808,True
31,1990.0,S_iu_med,0.539211908650142,1.2658851009076917,True
31,1990.0,S_iu_long,1.1701949741594775,1.2231590509657746,True
31,1990.0,S_scrap,0.7608655872144837,1.1696590517737329,True
31,1991.0,S_conc,0.8538833123128021,1.3582538044016141,True
31,1991.0,S_ref,0.6455913770338837,1.268794419529501,True
31,1991.0,S_iu_short,0.5241675920937723,1.0367738383564942,True
31,1991.0,S_iu_med,0.5550029607676678,1.2015373252670318,True
31,1991.0,S_iu_long,1.2472059628196797,1.3256091068831513,True
31,1991.0,S_scrap,0.7083866699511207,1.1740241376253766,True
31,1992.0,S_conc,0.8192804712704617,1.5409756850080314,True
31,1992.0,S_ref,0.544818323655318,1.4223403633551792,True
31,1992.0,S_iu_short,0.5236283176909485,1.052172347671193,True
31,1992.0,S_iu_med,0.5469409215142497,1.224674726490321,True
31,1992.0,S_iu_long,1.2072176620812423,1.2555655207517482,True
31,1992.0,S_scrap,0.7586623917606209,1.1666645028419378,True
31,1993.0,S_conc,0.5909738698316352,2.3034895159605995,True
31,1993.0,S_ref,0.3714541646709603,2.119650977269678,True
31,1993.0,S_iu_short,0.5255291252032284,1.0272634430622436,True
31,1993.0,S_iu_med,0.5595039612197674,1.1914818978694333,True
31,1993.0,S_iu_long,1.2701679741980814,1.3675940008225869,True
31,1993.0,S_scrap,0.7522242266925704,1.1946680899004978,True
31,1994.0,S_conc,0.48277936864565596,2.6373097511986283,True
31,1994.0,S_ref,0.32559083222652196,2.451929507239667,True
31,1994.0,S_iu_short,0.5219091388322938,1.035823884138328,True
31,1994.0,S_iu_med,0.5493445801483655,1.2198183391098953,True
31,1994.0,S_iu_long,1.218990288254431,1.2826120844111213,True
31,1994.0,S_scrap,0.783279124410674,1.1841329031029124,True
31,1995.0,S_conc,0.8188650177906214,1.8494996452085761,True
31,1995.0,S_ref,0.4542341511254249,1.696276025462749,True
31,1995.0,S_iu_short,0.521747539117667,1.032834716549537,True
31,1995.0,S_iu_med,0.551757407917469,1.2104141258191552,True
31,1995.0,S_iu_long,1.2309348055346747,1.3021333757743072,True
31,1995.0,S_scrap,0.8106789863969258,1.1874575342904405,True
31,1996.0,S_conc,0.8106313257068686,1.638537161219235,True
31,1996.0,S_ref,0.5169277157634721,1.5026368312394607,True
31,1996.0,S_iu_short,0.5263850978715912,1.027496867936948,True
31,1996.0,S_iu_med,0.5539185553322579,1.2143147950205855,True
31,1996.0,S_iu_long,1.2417430986057643,1.3238003747923683,True
31,1996.0,S_scrap,0.8193691936748501,1.1921420440584949,True
31,1997.0,S_conc,0.8264897098996391,1.4501672679611384,True
31,1997.0,S_ref,0.5869511733343604,1.3448315798592216,True
31,1997.0,S_iu_short,0.5293384191704944,1.0479160667130731,True
31,1997.0,S_iu_med,0.5462635732490985,1.2371712265369712,True
31,1997.0,S_iu_long,1.203922676344859,1.2537393670972328,True
31,1997.0,S_scrap,0.8278326510303471,1.169191496438217,True
31,1998.0,S_conc,0.8758883142109668,1.413994785312145,True
31,1998.0,S_ref,0.613745292291591,1.3123575266877479,True
31,1998.0,S_iu_short,0.5333154195831957,1.0362190241666476,True
31,1998.0,S_iu_med,0.55132453154324,1.233254434334421,True
31,1998.0,S_iu_long,1.2287824280644228,1.3007649445716059,True
31,1998.0,S_scrap,0.7868632327081114,1.174264687274451,True
31,1999.0,S_conc,0.86498763017635,1.297129262192887,True
31,1999.0,S_ref,0.6896224620369721,1.2244529427906514,True
31,1999.0,S_iu_short,0.5218054698391568,1.0373057713283353,True
31,1999.0,S_iu_med,0.5512616681503927,1.207526885402483,True
31,1999.0,S_iu_long,1.2284701997224199,1.2878765059563342,True
31,1999.0,S_scrap,0.8159172238358444,1.1720639724202448,True
31,2000.0,S_conc,0.829791187124813,1.240198391704508,True
31,2000.0,S_ref,0.7503695253158653,1.1836409202896365,True
31,2000.0,S_iu_short,0.5256180817187097,1.039200927945613,True
31,2000.0,S_iu_med,0.5555646588747462,1.20379936830596,True
31,2000.0,S_iu_long,1.2500460864973675,1.311788105239672,True
31,2000.0,S_scrap,0.855024024893977,1.172830506503394,True
31,2001.0,S_conc,0.8634579445824161,1.3643140025174811,True
31,2001.0,S_ref,0.6515719959800749,1.2701805233888483,True
31,2001.0,S_iu_short,0.5358508028193858,1.0364276897998606,True
31,2001.0,S_iu_med,0.5586987983773101,1.2218336681349073,True
31,2001.0,S_iu_long,1.266026007459174,1.3448436924582354,True
31,2001.0,S_scrap,0.81272102218778,1.18179637214221,True
31,2002.0,S_conc,0.8737100525397052,1.7020027404062292,True
31,2002.0,S_ref,0.5042387195533317,1.5523010811282654,True
31,2002.0,S_iu_short,0.534898811225509,1.0314923735008834,True
31,2002.0,S_iu_med,0.5576688184388858,1.2249667238226676,True
31,2002.0,S_iu_long,1.2607495055417797,1.3509309839130519,True
31,2002.0,S_scrap,0.8077917728801627,1.1920268927072941,True
31,2003.0,S_conc,0.5002051102318782,2.6394672738669285,True
31,2003.0,S_ref,0.333424480972848,2.4371808013047964,True
31,2003.0,S_iu_short,0.5256508350326898,1.0244098969785427,True
31,2003.0,S_iu_med,0.5599197665228177,1.193537018281092,True
31,2003.0,S_iu_long,1.2723129191664748,1.3761747618612261,True
31,2003.0,S_scrap,0.8141095203958701,1.2004403701740134,True
31,2004.0,S_conc,0.6911459340714531,2.0995025317850953,True
31,2004.0,S_ref,0.4086849751679983,1.9230202309923121,True
31,2004.0,S_iu_short,0.524080941279272,1.0281144066148191,True
31,2004.0,S_iu_med,0.5652345878045621,1.1729831286591443,True
31,2004.0,S_iu_long,1.3000909730842967,1.3927160135315466,True
31,2004.0,S_scrap,0.857733868336206,1.2022908603051563,True
31,2005.0,S_conc,0.8670096017518611,1.5691534601611055,True
31,2005.0,S_ref,0.5454525947739445,1.4398234358646136,True
31,2005.0,S_iu_short,0.5274907186464974,1.0320647322432268,True
31,2005.0,S_iu_med,0.5627544949792701,1.1900189343946557,True
31,2005.0,S_iu_long,1.2870446660225585,1.3650935213383366,True
31,2005.0,S_scrap,0.8630076383107712,1.1935087673919398,True
31,2006.0,S_conc,0.8166540549958143,1.3469904929046619,True
31,2006.0,S_ref,0.652767878215111,1.2595248155409777,True
31,2006.0,S_iu_short,0.5369679606122593,1.0401235994354385,True
31,2006.0,S_iu_med,0.5643889731505313,1.2103423677175837,True
31,2006.0,S_iu_long,1.2956260020147825,1.3533607824828626,True
31,2006.0,S_scrap,0.8947863604329491,1.1970501122124928,True
31,2007.0,S_conc,0.8333876228119631,1.2916783879720548,True
31,2007.0,S_ref,0.6960269283162677,1.2183333973388204,True
31,2007.0,S_iu_short,0.5383806563400177,1.0400731734985413,True
31,2007.0,S_iu_med,0.5654750348466848,1.2102011015014922,True
31,2007.0,S_iu_long,1.3013637424656739,1.357199443158128,True
31,2007.0,S_scrap,0.8924498517752827,1.1923844105138104,True
31,2008.0,S_conc,0.8175156782960264,1.4034126948428047,True
31,2008.0,S_ref,0.6276784816253219,1.3017424185640887,True
31,2008.0,S_iu_short,0.5372525831970387,1.0333333273580991,True
31,2008.0,S_iu_med,0.570625543106531,1.197338664992017,True
31,2008.0,S_iu_long,1.3289694669660042,1.3988345813788368,True
31,2008.0,S_scrap,0.882771777406541,1.195925872413423,True
31,2009.0,S_conc,0.8517994269166315,1.513230654182079,True
31,2009.0,S_ref,0.5744973770858901,1.3884249083772446,True
31,2009.0,S_iu_short,0.5290769679524366,1.0329772685478702,True
31,2009.0,S_iu_med,0.5878177285984512,1.145226449124837,True
31,2009.0,S_iu_long,1.4261111391319352,1.4793046265914769,True
31,2009.0,S_scrap,0.8575442869144976,1.2063157705943899,True
31,2010.0,S_conc,0.620924516583927,2.24541910036029,True
31,2010.0,S_ref,0.3830681257709123,2.064671971428883,True
31,2010.0,S_iu_short,0.5196647333663902,1.030864343162709,True
31,2010.0,S_iu_med,0.5740906515989018,1.1364565092665704,True
31,2010.0,S_iu_long,1.3479174705934243,1.422964120565158,True
31,2010.0,S_scrap,0.8902263821200899,1.199921162844828,True
31,2011.0,S_conc,0.8253811872011633,1.8867147402594244,True
31,2011.0,S_ref,0.45216921977086394,1.724473206027489,True
31,2011.0,S_iu_short,0.5208887221631026,1.0286591177757127,True
31,2011.0,S_iu_med,0.5725823431028396,1.1413670263436246,True
31,2011.0,S_iu_long,1.3396319357967161,1.4202228485859894,True
31,2011.0,S_scrap,0.8716407689284396,1.198206831459731,True
31,2012.0,S_conc,0.7374920626067639,2.0127924544426636,True
31,2012.0,S_ref,0.42445780241453457,1.8424810511540761,True
31,2012.0,S_iu_short,0.5204365494756183,1.026712142005853,True
31,2012.0,S_iu_med,0.5710083575164591,1.1411244045488462,True
31,2012.0,S_iu_long,1.3310477430533318,1.4193319072873216,True
31,2012.0,S_scrap,0.8550557503643564,1.2029297359774704,True
31,2013.0,S_conc,0.8152366031128047,1.8894984096991585,True
31,2013.0,S_ref,0.4491076269147616,1.7301075332177054,True
31,2013.0,S_iu_short,0.5184056226593617,1.0276718465938668,True
31,2013.0,S_iu_med,0.5678241100793382,1.1402978275321558,True
31,2013.0,S_iu_long,1.3138727155362102,1.3979985675794688,True
31,2013.0,S_scrap,0.8619314115007646,1.1987984421151638,True
31,2014.0,S_conc,0.8926784862316367,1.5576772731812607,True
31,2014.0,S_ref,0.5445380208971506,1.43340360219277,True
31,2014.0,S_iu_short,0.5197319017199938,1.0320807532943654,True
31,2014.0,S_iu_med,0.5665656677839316,1.1492696418690442,True
31,2014.0,S_iu_long,1.307154569152812,1.373533341547554,True
31,2014.0,S_scrap,0.8632006252542375,1.190666071240916,True
31,2015.0,S_conc,0.8701437647922777,1.3648316675490273,True
31,2015.0,S_ref,0.642096236527143,1.2720971454701313,True
31,2015.0,S_iu_short,0.5237169582364358,1.0318582635508855,True
31,2015.0,S_iu_med,0.5745241988942931,1.1465167058503298,True
31,2015.0,S_iu_long,1.3503099292633003,1.4101420084404717,True
31,2015.0,S_scrap,0.852912962620794,1.1970886595205483,True
31,2016.0,S_conc,0.8692838928456144,1.34414335633931,True
31,2016.0,S_ref,0.6530839705119814,1.256908192110424,True
31,2016.0,S_iu_short,0.5230062681102323,1.031659839089182,True
31,2016.0,S_iu_med,0.5695532691844991,1.1523223947793966,True
31,2016.0,S_iu_long,1.3231678356702923,1.3828586425737246,True
31,2016.0,S_scrap,0.8587069720467593,1.1914184366947203,True
31,2017.0,S_conc,0.8746797616787838,1.2922926415184588,True
31,2017.0,S_ref,0.6843091513741189,1.218830717834055,True
31,2017.0,S_iu_short,0.524618576047141,1.0378026986734026,True
31,2017.0,S_iu_med,0.5617115533564063,1.1748935092051571,True
31,2017.0,S_iu_long,1.2816024644454695,1.3257653256012256,True
31,2017.0,S_scrap,0.875516505276167,1.1817854292211762,True
31,2018.0,S_conc,0.8882394747040779,1.2883927152672283,True
31,2018.0,S_ref,0.6873444391737005,1.215839319349029,True
31,2018.0,S_iu_short,0.524245071075032,1.0368700691503665,True
31,2018.0,S_iu_med,0.5579367768727662,1.1830283178645027,True
31,2018.0,S_iu_long,1.2621198681171037,1.3090655614425484,True
31,2018.0,S_scrap,0.8589519946687015,1.1807716102839128,True
31,2019.0,S_conc,0.9010217341466142,1.4400119473100803,True
31,2019.0,S_ref,0.5942990124590931,1.334451107656447,True
31,2019.0,S_iu_short,0.5244589341786553,1.0327170516845359,True
31,2019.0,S_iu_med,0.5681067744087022,1.158885905219095,True
31,2019.0,S_iu_long,1.3153870927957174,1.368127132527004,True
31,2019.0,S_scrap,0.8634841504336838,1.189051181729411,True
32,1980.0,S_conc,0.8353252494077293,1.5775369003718005,True
32,1980.0,S_ref,0.565018065421418,1.4350385897641065,True
32,1980.0,S_iu_short,0.5095361131378614,1.020712512971573,True
32,1980.0,S_iu_med,0.5761176345890995,1.0828362075617324,True
32,1980.0,S_iu_long,1.359145087412698,1.5575536046515577,True
32,1980.0,S_scrap,0.7469718308231207,1.2460701250924249,True
32,1981.0,S_conc,0.887559928242882,1.7152325640689992,True
32,1981.0,S_ref,0.49124673706084876,1.5718210679961317,True
32,1981.0,S_iu_short,0.5155279461675923,1.0369678048699356,True
32,1981.0,S_iu_med,0.5557230450227303,1.1776274288018571,True
32,1981.0,S_iu_long,1.2508482350860677,1.344809856472704,True
32,1981.0,S_scrap,0.6822345558983395,1.1884716135726658,True
32,1982.0,S_conc,0.8814386889022134,1.64130768386462,True
32,1982.0,S_ref,0.5203002784932053,1.500922191601515,True
32,1982.0,S_iu_short,0.5223833872799525,1.0299635719673874,True
32,1982.0,S_iu_med,0.559393490749354,1.1849860317092247,True
32,1982.0,S_iu_long,1.2695987894067493,1.3782385559728398,True
32,1982.0,S_scrap,0.6746089995208481,1.188995564803313,True
32,1983.0,S_conc,0.8604268978009051,1.4044273502072717,True
32,1983.0,S_ref,0.6342313077505489,1.301945878710974,True
32,1983.0,S_iu_short,0.5163731508874132,1.0216320215136934,True
32,1983.0,S_iu_med,0.5637117046387468,1.1456356563920878,True
32,1983.0,S_iu_long,1.292062406056493,1.4359026174122056,True
32,1983.0,S_scrap,0.7164189574735735,1.2095085121006162,True
32,1984.0,S_conc,0.8946016042038736,1.4905125488911548,True
32,1984.0,S_ref,0.5679260470761855,1.3777768744992562,True
32,1984.0,S_iu_short,0.5193596189340696,1.0532055207023743,True
32,1984.0,S_iu_med,0.5440496225473023,1.236813457875122,True
32,1984.0,S_iu_long,1.1932211254803582,1.2483961271804245,True
32,1984.0,S_scrap,0.6482236493020415,1.1726945798445854,True
32,1985.0,S_conc,0.9026366389602614,1.5745537740951705,True
32,1985.0,S_ref,0.545946209110773,1.4418566814791394,True
32,1985.0,S_iu_short,0.5231236027477507,1.0329373693788215,True
32,1985.0,S_iu_med,0.559652133820647,1.1856764698856297,True
32,1985.0,S_iu_long,1.2709318627484882,1.3833015062297658,True
32,1985.0,S_scrap,0.6108680711986051,1.1825238425548095,True
32,1986.0,S_conc,0.9317721748485341,1.456062142464191,True
32,1986.0,S_ref,0.5999676181322552,1.3423468308281803,True
32,1986.0,S_iu_short,0.5100932406357068,1.041200362101274,True
32,1986.0,S_iu_med,0.5579471085217175,1.1557199637682984,True
32,1986.0,S_iu_long,1.2621727383252024,1.4027923271575493,True
32,1986.0,S_scrap,0.44020201421105937,1.1819209918809968,True
32,1987.0,S_conc,0.901092932753633,1.390435992880796,True
32,1987.0,S_ref,0.64794686035336,1.289798083483413,True
32,1987.0,S_iu_short,0.50879474912235,1.02362633659249,True
32,1987.0,S_iu_med,0.5606579364573082,1.119432906924947,True
32,1987.0,S_iu_long,1.2761307941615472,1.4535174175958316,True
32,1987.0,S_scrap,0.6016622656675339,1.215630760108334,True
32,1988.0,S_conc,0.8707534455762466,1.3493978204287829,True
32,1988.0,S_ref,0.6496762187763044,1.2628916689216965,True
32,1988.0,S_iu_short,0.5094709484794967,1.0493717336099104,True
32,1988.0,S_iu_med,0.5540849062177617,1.1588118344341152,True
32,1988.0,S_iu_long,1.2425793922292032,1.3159152480342697,True
32,1988.0,S_scrap,0.7243177074776759,1.178036056843559,True
32,1989.0,S_conc,0.8381825087426643,1.2801571046206748,True
32,1989.0,S_ref,0.6893757165530118,1.2124226154684874,True
32,1989.0,S_iu_short,0.5070983330307798,1.0797724364140333,True
32,1989.0,S_iu_med,0.5507210314953662,1.1643455204895201,True
32,1989.0,S_iu_long,1.2257885859388633,1.2496858481359276,True
32,1989.0,S_scrap,0.780800926199744,1.1690529533462781,True
32,1990.0,S_conc,0.8419864975837184,1.3264881202968966,True
32,1990.0,S_ref,0.6536428773477572,1.246255094871152,True
32,1990.0,S_iu_short,0.5129292143790818,1.0937080566796193,True
32,1990.0,S_iu_med,0.5428710276955175,1.207520214919121,True
32,1990.0,S_iu_long,1.1875664431392117,1.201418610217006,True
32,1990.0,S_scrap,0.7576384897995575,1.1527581335167258,True
32,1991.0,S_conc,0.8630335825305535,1.3364690861524746,True
32,1991.0,S_ref,0.6508060072698852,1.2530968238992561,True
32,1991.0,S_iu_short,0.5193749234902926,1.0573627189790784,True
32,1991.0,S_iu_med,0.5478426079023536,1.2101151508972083,True
32,1991.0,S_iu_long,1.2116192668238923,1.2579643144557793,True
32,1991.0,S_scrap,0.6954778740249624,1.156277322561325,True
32,1992.0,S_conc,0.8205293675858664,1.5756100257332826,True
32,1992.0,S_ref,0.5300786157530983,1.4526739430328715,True
32,1992.0,S_iu_short,0.5233293856656108,1.0898616947949027,True
32,1992.0,S_iu_med,0.5271424678562829,1.284867736210773,True
32,1992.0,S_iu_long,1.1148018843359928,1.1358368121767681,True
32,1992.0,S_scrap,0.7594931475428854,1.1680063181380287,True
32,1993.0,S_conc,0.5946838448153655,2.2832054235496235,True
32,1993.0,S_ref,0.37291645409765767,2.1038459920207053,True
32,1993.0,S_iu_short,0.5286308872023496,1.0328557501302613,True
32,1993.0,S_iu_med,0.5469703758018407,1.2459688564316418,True
32,1993.0,S_iu_long,1.2073611670979618,1.2782752915894653,True
32,1993.0,S_scrap,0.7641029040351249,1.1850462718803996,True
32,1994.0,S_conc,0.499213121497798,2.5670656236932294,True
32,1994.0,S_ref,0.33298342599820374,2.3854391797735848,True
32,1994.0,S_iu_short,0.5205491745356039,1.0384403518398826,True
32,1994.0,S_iu_med,0.5513417127837963,1.2065984617932508,True
32,1994.0,S_iu_long,1.2288677786488997,1.2919590050445013,True
32,1994.0,S_scrap,0.7892284565933331,1.1828254690879212,True
32,1995.0,S_conc,0.8007367315395224,1.9000832423465974,True
32,1995.0,S_ref,0.44467173769201696,1.7403200811840474,True
32,1995.0,S_iu_short,0.512798926264645,1.0349938099859617,True
32,1995.0,S_iu_med,0.563580953172385,1.1358946149936437,True
32,1995.0,S_iu_long,1.2913757024793622,1.3869543613125002,True
32,1995.0,S_scrap,0.8179311032381025,1.193011225797075,True
32,1996.0,S_conc,0.8261898008850272,1.6153352378857126,True
32,1996.0,S_ref,0.5252464455285687,1.4818353032442528,True
32,1996.0,S_iu_short,0.5207013404705293,1.0285141877435624,True
32,1996.0,S_iu_med,0.5635666357232886,1.1636162003039099,True
32,1996.0,S_iu_long,1.2913005325733324,1.3841087688864533,True
32,1996.0,S_scrap,0.8075015365631085,1.1949873629214804,True
32,1997.0,S_conc,0.8337682772677931,1.4517641233769882,True
32,1997.0,S_ref,0.5845442325438073,1.3467827799029206,True
32,1997.0,S_iu_short,0.5212501683143578,1.0436507383183244,True
32,1997.0,S_iu_med,0.5548665682629822,1.192622924815291,True
32,1997.0,S_iu_long,1.2465174006314452,1.3016356626373693,True
32,1997.0,S_scrap,0.8214312333162221,1.1777917854139968,True
32,1998.0,S_conc,0.8724579144180705,1.45282998686499,True
32,1998.0,S_ref,0.6063756125897526,1.3396806190404753,True
32,1998.0,S_iu_short,0.5168460270831133,1.0301979055411077,True
32,1998.0,S_iu_med,0.5778028743128896,1.119975333120818,True
32,1998.0,S_iu_long,1.3685618379626259,1.4640399201341079,True
32,1998.0,S_scrap,0.7921315748284203,1.1901795945811604,True
32,1999.0,S_conc,0.8663589646892478,1.3342007122617792,True
32,1999.0,S_ref,0.6768905203634356,1.2507848688417413,True
32,1999.0,S_iu_short,0.5184999803250253,1.0241039659167053,True
32,1999.0,S_iu_med,0.5683526251633492,1.1403737897457622,True
32,1999.0,S_iu_long,1.3167058536575875,1.4306408542095193,True
32,1999.0,S_scrap,0.8097250867345848,1.1997977509886144,True
32,2000.0,S_conc,0.8211942622286078,1.2648469924233363,True
32,2000.0,S_ref,0.7405234654954849,1.201257486824784,True
32,2000.0,S_iu_short,0.5382866693945939,1.0273341787293175,True
32,2000.0,S_iu_med,0.5487707422148365,1.2662556995802998,True
32,2000.0,S_iu_long,1.2161683506704561,1.30465991193201,True
32,2000.0,S_scrap,0.8611674151731389,1.1998179963296947,True
32,2001.0,S_conc,0.8588949241570925,1.3436334830401029,True
32,2001.0,S_ref,0.6729833619302807,1.2541238048292054,True
32,2001.0,S_iu_short,0.5424839023446897,1.0336685588852363,True
32,2001.0,S_iu_med,0.5532940265998394,1.254814057390164,True
32,2001.0,S_iu_long,1.2386089722247724,1.3312016029212461,True
32,2001.0,S_scrap,0.8168372893004724,1.1931671781824094,True
32,2002.0,S_conc,0.8711924621034688,1.6761429995076922,True
32,2002.0,S_ref,0.5161927907037419,1.5258739427733221,True
32,2002.0,S_iu_short,0.5396563799764367,1.0315781868804346,True
32,2002.0,S_iu_med,0.562403236956003,1.2236522891397235,True
32,2002.0,S_iu_long,1.2852088599646652,1.3823518232849143,True
32,2002.0,S_scrap,0.8114844609099878,1.1986955477334755,True
32,2003.0,S_conc,0.47231412361223674,2.8196960973215752,True
32,2003.0,S_ref,0.32079711526059507,2.5908078993223556,True
32,2003.0,S_iu_short,0.5271563335295544,1.0214481979890488,True
32,2003.0,S_iu_med,0.5753902002113049,1.1523618814793433,True
32,2003.0,S_iu_long,1.3551034396701274,1.4957520137551636,True
32,2003.0,S_scrap,0.8090535588641645,1.2267852152818335,True
32,2004.0,S_conc,0.779812928197311,2.021812621449869,True
32,2004.0,S_ref,0.4381431979973013,1.8252429390781142,True
32,2004.0,S_iu_short,0.5279522391617452,1.0213515942310247,True
32,2004.0,S_iu_med,0.5794977442861229,1.1462566841557835,True
32,2004.0,S_iu_long,1.3781085271524236,1.5157890996265255,True
32,2004.0,S_scrap,0.8496494776384175,1.230679820292093,True
32,2005.0,S_conc,0.8648336678662734,1.724202319369607,True
32,2005.0,S_ref,0.5083673047680731,1.5621467979038124,True
32,2005.0,S_iu_short,0.534096396073785,1.0306085729789862,True
32,2005.0,S_iu_med,0.5890935265290749,1.155225507613542,True
32,2005.0,S_iu_long,1.4336438205828315,1.5178339561163745,True
32,2005.0,S_scrap,0.8597835378599299,1.2226144319689822,True
32,2006.0,S_conc,0.8236553785092711,1.3660972201076023,True
32,2006.0,S_ref,0.6714985607861574,1.2709204620117143,True
32,2006.0,S_iu_short,0.5245462845890798,1.0268908018535827,True
32,2006.0,S_iu_med,0.5943862427753287,1.1198669100947747,True
32,2006.0,S_iu_long,1.4653996127801345,1.5510862991782564,True
32,2006.0,S_scrap,0.88939821925762,1.2346097739962578,True
32,2007.0,S_conc,0.8361418386221887,1.4681524421449892,True
32,2007.0,S_ref,0.6164732048635793,1.3456967625804235,True
32,2007.0,S_iu_short,0.5308873897268329,1.0308411609418866,True
32,2007.0,S_iu_med,0.5986277991442629,1.1339624472163465,True
32,2007.0,S_iu_long,1.491453064930683,1.5533166289249378,True
32,2007.0,S_scrap,0.8879570216170474,1.220514333963091,True
32,2008.0,S_conc,0.4438892627246606,2.906135380606642,True
32,2008.0,S_ref,0.3074261123647591,2.693040770533961,True
32,2008.0,S_iu_short,0.5726593664498619,1.067223967189407,True
32,2008.0,S_iu_med,0.588368434908824,1.2438480867075499,True
32,2008.0,S_iu_long,1.4293569415127354,1.427544772501884,True
32,2008.0,S_scrap,0.879905337777807,1.1882598102508783,True
32,2009.0,S_conc,0.07108098260676518,15.681285414062955,False
32,2009.0,S_ref,0.06636377992051581,15.415918446753974,False
32,2009.0,S_iu_short,0.5435398979520875,1.0536040050881013,True
32,2009.0,S_iu_med,0.6243013667873548,1.1545342594539956,True
32,2009.0,S_iu_long,1.6617078466559148,1.5887051399339334,True
32,2009.0,S_scrap,0.8550911433872956,1.2179035002920642,True
32,2010.0,S_conc,0.49142889612116514,2.7545413701680292,True
32,2010.0,S_ref,0.3295020616800769,2.5223323995674916,True
32,2010.0,S_iu_short,0.5308406491293169,1.0340570614767242,True
32,2010.0,S_iu_med,0.6075936734204598,1.1253104690487146,True
32,2010.0,S_iu_long,1.5483788926560575,1.5853960622681047,True
32,2010.0,S_scrap,0.8841524535689419,1.2316535653253744,True
32,2011.0,S_conc,0.022648982265221024,48.610867547032996,False
32,2011.0,S_ref,0.022147366944083143,48.340135335563225,False
32,2011.0,S_iu_short,0.5435712949742139,1.0556800438918421,True
32,2011.0,S_iu_med,0.6332040550141551,1.1527966475510756,True
32,2011.0,S_iu_long,1.7263114919075544,1.605382544310276,True
32,2011.0,S_scrap,0.8811925907654057,1.217875008462352,True
32,2012.0,S_conc,0.08246387131726345,13.10573627550692,False
32,2012.0,S_ref,0.08987533977071066,13.390933589956754,False
32,2012.0,S_iu_short,0.5414632629310089,1.0614053268285266,True
32,2012.0,S_iu_med,0.6469652050964372,1.1457819426710445,True
32,2012.0,S_iu_long,1.83258198465442,1.6491258824731776,True
32,2012.0,S_scrap,0.8761462724385668,1.2292992998729533,True
32,2013.0,S_conc,0.08818118426476519,12.740497490845017,False
32,2013.0,S_ref,0.0810353878011089,12.472607119255908,False
32,2013.0,S_iu_short,0.5430424728525092,1.0530986310548387,True
32,2013.0,S_iu_med,0.6289792422353208,1.1497661355433266,True
32,2013.0,S_iu_long,1.6952669872833699,1.5996150357569738,True
32,2013.0,S_scrap,0.8784897800921335,1.2198375545621585,True
32,2014.0,S_conc,0.21799111081169487,5.379034997561387,True
32,2014.0,S_ref,0.17897594561787977,5.130348906518104,True
32,2014.0,S_iu_short,0.5428710696484854,1.0487807083447442,True
32,2014.0,S_iu_med,0.6194297106559188,1.1524513312484457,True
32,2014.0,S_iu_long,1.6276354933631723,1.5680076570352295,True
32,2014.0,S_scrap,0.87877118681697,1.2139144136877662,True
32,2015.0,S_conc,0.2524102828752986,4.741081872264504,True
32,2015.0,S_ref,0.20153961231922501,4.487898558385425,True
32,2015.0,S_iu_short,0.5352819293963131,1.0417251252575275,True
32,2015.0,S_iu_med,0.6154973503339408,1.1325942196559347,True
32,2015.0,S_iu_long,1.6007623116992842,1.5811919528425986,True
32,2015.0,S_scrap,0.8694201721327345,1.2219899391809763,True
32,2016.0,S_conc,0.17034546524695643,6.827850458469456,True
32,2016.0,S_ref,0.1455514378491752,6.558909446188417,True
32,2016.0,S_iu_short,0.5301330631954493,1.03995678566713,True
32,2016.0,S_iu_med,0.6198862168703702,1.1164753744772347,True
32,2016.0,S_iu_long,1.6307912114277923,1.609084878111104,True
32,2016.0,S_scrap,0.8738331599777754,1.2322663196983155,True
32,2017.0,S_conc,0.3322943276121783,3.7895516195507266,True
32,2017.0,S_ref,0.24941510349874196,3.528078814678499,True
32,2017.0,S_iu_short,0.5241941449893454,1.038005076932451,True
32,2017.0,S_iu_med,0.6237748394230465,1.1006170777676725,True
32,2017.0,S_iu_long,1.657982784741104,1.6381344432727585,True
32,2017.0,S_scrap,0.8832170908491969,1.2435355364418166,True
32,2018.0,S_conc,0.19245759389773603,6.11560186959037,True
32,2018.0,S_ref,0.1613957551887929,5.844803506999945,True
32,2018.0,S_iu_short,0.5286031126151316,1.0440364592901472,True
32,2018.0,S_iu_med,0.630772798064358,1.1133611258932008,True
32,2018.0,S_iu_long,1.7083594999436276,1.6350182844168724,True
32,2018.0,S_scrap,0.8872636751394225,1.2354423252042237,True
32,2019.0,S_conc,0.524340077089796,2.6404344356797314,True
32,2019.0,S_ref,0.343978410704023,2.4060634921220028,True
32,2019.0,S_iu_short,0.5253080121904795,1.0334761247134554,True
32,2019.0,S_iu_med,0.614836946839066,1.1011433181783097,True
32,2019.0,S_iu_long,1.5963030248962287,1.6170343229734272,True
32,2019.0,S_scrap,0.8824456387318839,1.2425977299933046,True
33,1980.0,S_conc,0.8566154761937036,1.6096974900348677,True
33,1980.0,S_ref,0.5261887360617921,1.476995134285787,True
33,1980.0,S_iu_short,0.5219620908518496,1.0439382373216006,True
33,1980.0,S_iu_med,0.5385477589280716,1.2870744553751743,True
33,1980.0,S_iu_long,1.1670714994840083,1.2051258542502996,True
33,1980.0,S_scrap,0.7394919056339472,1.1889383895224241,True
33,1981.0,S_conc,0.8940519402230994,1.6941947930022492,True
33,1981.0,S_ref,0.5110027143443253,1.5405385220968786,True
33,1981.0,S_iu_short,0.516721534162372,1.0227919202412155,True
33,1981.0,S_iu_med,0.5645903287673696,1.1444357217997192,True
33,1981.0,S_iu_long,1.2966876164441479,1.4449575717058278,True
33,1981.0,S_scrap,0.6683468431204828,1.2065214766912116,True
33,1982.0,S_conc,0.871123195933757,1.5917203159585585,True
33,1982.0,S_ref,0.5488510441162563,1.4511365179069977,True
33,1982.0,S_iu_short,0.5185206764639898,1.023715536973131,True
33,1982.0,S_iu_med,0.5703797233449097,1.1351927573756306,True
33,1982.0,S_iu_long,1.3276368792128137,1.4726974143656182,True
33,1982.0,S_scrap,0.6922527563065799,1.2093512971854004,True
33,1983.0,S_conc,0.865958036941091,1.447441061207719,True
33,1983.0,S_ref,0.5942764161694255,1.3394691051814294,True
33,1983.0,S_iu_short,0.5247845092342784,1.040098612705709,True
33,1983.0,S_iu_med,0.541047838489135,1.2697680382950314,True
33,1983.0,S_iu_long,1.1788763271274547,1.2346913125480348,True
33,1983.0,S_scrap,0.7122213229076678,1.1834844312804491,True
33,1984.0,S_conc,0.8889972662383575,1.5262405161086599,True
33,1984.0,S_ref,0.5593689125989171,1.404491732426699,True
33,1984.0,S_iu_short,0.5233767626798217,1.0337319445283908,True
33,1984.0,S_iu_med,0.5517979718035846,1.217029432229621,True
33,1984.0,S_iu_long,1.2311367131113702,1.3227394463517432,True
33,1984.0,S_scrap,0.6599395339014399,1.1861825148766345,True
33,1985.0,S_conc,0.9066471220541672,1.587625084499778,True
33,1985.0,S_ref,0.5371374877476142,1.4554133564338159,True
33,1985.0,S_iu_short,0.5231058868303017,1.0369802176896867,True
33,1985.0,S_iu_med,0.5536169853540527,1.2071037112090715,True
33,1985.0,S_iu_long,1.2402286090414059,1.3384094122888444,True
33,1985.0,S_scrap,0.5933611686464282,1.1746061947247919,True
33,1986.0,S_conc,0.9376661827136937,1.4609432761268948,True
33,1986.0,S_ref,0.6138377551721426,1.3412847815846625,True
33,1986.0,S_iu_short,0.5160141517650702,1.0427789703883277,True
33,1986.0,S_iu_med,0.563759404045421,1.1495584120538331,True
33,1986.0,S_iu_long,1.2923130246780594,1.4824314462790573,True
33,1986.0,S_scrap,0.38388819346864544,1.210911527969422,True
33,1987.0,S_conc,0.9023864126412987,1.3191331398171113,True
33,1987.0,S_ref,0.6652659751177661,1.2397991996329454,True
33,1987.0,S_iu_short,0.5045532934962211,1.0831401063948296,True
33,1987.0,S_iu_med,0.5474599235323386,1.1805251207023464,True
33,1987.0,S_iu_long,1.2097490410254532,1.2479241465213935,True
33,1987.0,S_scrap,0.6105188247574733,1.1779704302407445,True
33,1988.0,S_conc,0.8733930412284898,1.3387447453467078,True
33,1988.0,S_ref,0.6531330138105067,1.2545258819002219,True
33,1988.0,S_iu_short,0.5119290896633342,1.0845375796714303,True
33,1988.0,S_iu_med,0.5366380211507324,1.2708026793034974,True
33,1988.0,S_iu_long,1.1581399546062057,1.1454985807944082,True
33,1988.0,S_scrap,0.7185109774020186,1.1799758618866845,True
33,1989.0,S_conc,0.8347398677740335,1.3309247522217986,True
33,1989.0,S_ref,0.6526233723391625,1.2503860196641583,True
33,1989.0,S_iu_short,0.5020620260087865,1.0891554339072596,True
33,1989.0,S_iu_med,0.55728352659356,1.1243989173788718,True
33,1989.0,S_iu_long,1.2587819972127863,1.2875893226210056,True
33,1989.0,S_scrap,0.7868987005815202,1.1667694075158288,True
33,1990.0,S_conc,0.8425863140075884,1.3288419314445714,True
33,1990.0,S_ref,0.6705421917595479,1.246899906729383,True
33,1990.0,S_iu_short,0.5257348320331551,1.0345174574632434,True
33,1990.0,S_iu_med,0.5629534230628027,1.1848415588642234,True
33,1990.0,S_iu_long,1.2880856475480371,1.3764560995918755,True
33,1990.0,S_scrap,0.7430261200192234,1.1843977315430076,True
33,1991.0,S_conc,0.859292050736909,1.3721957801898823,True
33,1991.0,S_ref,0.647488123517802,1.2780656160013852,True
33,1991.0,S_iu_short,0.5174317283484309,1.0318725413444907,True
33,1991.0,S_iu_med,0.5717421929662238,1.1342597913049226,True
33,1991.0,S_iu_long,1.3350420788035533,1.440657185637869,True
33,1991.0,S_scrap,0.6999391512121627,1.1899246777880323,True
33,1992.0,S_conc,0.820419127346448,1.5511909837959756,True
33,1992.0,S_ref,0.5407789589361128,1.4312070935996122,True
33,1992.0,S_iu_short,0.5194324257080688,1.0463268437974673,True
33,1992.0,S_iu_med,0.5565519899723991,1.1835382966531063,True
33,1992.0,S_iu_long,1.2550557841893537,1.3146916912100148,True
33,1992.0,S_scrap,0.7552337441785688,1.1738512009981605,True
33,1993.0,S_conc,0.5673299599902191,2.3256184136524465,True
33,1993.0,S_ref,0.361972255027754,2.156096874060106,True
33,1993.0,S_iu_short,0.5031784134289993,1.0762486121397088,True
33,1993.0,S_iu_med,0.5627280680945108,1.1176297496282266,True
33,1993.0,S_iu_long,1.2869064466185254,1.326443222759923,True
33,1993.0,S_scrap,0.7611178972307506,1.1671951952331518,True
33,1994.0,S_conc,0.4960582955633582,2.5559013703959703,True
33,1994.0,S_ref,0.3315768490000997,2.3818900903357485,True
33,1994.0,S_iu_short,0.5152408950783014,1.0913076156482229,True
33,1994.0,S_iu_med,0.5352836101589254,1.2516220276969503,True
33,1994.0,S_iu_long,1.1518500785866055,1.1485276287821482,True
33,1994.0,S_scrap,0.7940154337437136,1.170555472346251,True
33,1995.0,S_conc,0.7941786238543069,1.8661694461129585,True
33,1995.0,S_ref,0.44264189378660035,1.7221412183971814,True
33,1995.0,S_iu_short,0.5115407191854833,1.0718570417612827,True
33,1995.0,S_iu_med,0.5496027525750711,1.1827822115443765,True
33,1995.0,S_iu_long,1.2202622367639524,1.2439629931118024,True
33,1995.0,S_scrap,0.8140235770643426,1.1711110023732088,True
33,1996.0,S_conc,0.8190837294186032,1.572295750828545,True
33,1996.0,S_ref,0.5282372034650684,1.4533045234419022,True
33,1996.0,S_iu_short,0.5045072271707102,1.084692386631313,True
33,1996.0,S_iu_med,0.5578195333630075,1.1336001408164298,True
33,1996.0,S_iu_long,1.2615200703131662,1.2825918291850265,True
33,1996.0,S_scrap,0.8168758819341314,1.1660588884874632,True
33,1997.0,S_conc,0.8351450942994614,1.4518859910448294,True
33,1997.0,S_ref,0.5848941768123931,1.346725031145164,True
33,1997.0,S_iu_short,0.5207232235751179,1.044639519714222,True
33,1997.0,S_iu_med,0.5579620442093869,1.1814397979667617,True
33,1997.0,S_iu_long,1.262249173176625,1.316421747570311,True
33,1997.0,S_scrap,0.8218127746720911,1.173972045281476,True
33,1998.0,S_conc,0.8741000486935917,1.4714524352445093,True
33,1998.0,S_ref,0.5984443442490079,1.3539004184594392,True
33,1998.0,S_iu_short,0.5165697054127704,1.0280257650144966,True
33,1998.0,S_iu_med,0.579474970309927,1.1140385919663918,True
33,1998.0,S_iu_long,1.3779797381787242,1.4834319771022761,True
33,1998.0,S_scrap,0.7882470609950927,1.2004972220070436,True
33,1999.0,S_conc,0.8646917368669226,1.2984406654298686,True
33,1999.0,S_ref,0.7034853904335443,1.2257277724302214,True
33,1999.0,S_iu_short,0.5093062971829138,1.039246431001825,True
33,1999.0,S_iu_med,0.574295731683878,1.1024982101636744,True
33,1999.0,S_iu_long,1.3490485635850238,1.4365666073891497,True
33,1999.0,S_scrap,0.8155357627115328,1.1834356519422282,True
33,2000.0,S_conc,0.8203880811182868,1.230611851699335,True
33,2000.0,S_ref,0.751705106959372,1.1766539196062764,True
33,2000.0,S_iu_short,0.5205984784438403,1.0524773283456892,True
33,2000.0,S_iu_med,0.554153746768754,1.1930439547375675,True
33,2000.0,S_iu_long,1.2429256559913993,1.2851982874688264,True
33,2000.0,S_scrap,0.8652303089801976,1.165595536104772,True
33,2001.0,S_conc,0.8534606633941457,1.384412391759366,True
33,2001.0,S_ref,0.6374498897738397,1.2857916377635483,True
33,2001.0,S_iu_short,0.5389848820034364,1.0369853639972246,True
33,2001.0,S_iu_med,0.5585999581419434,1.2294543229252137,True
33,2001.0,S_iu_long,1.2655185889664582,1.3445216705357208,True
33,2001.0,S_scrap,0.826310454106513,1.1880938963342367,True
33,2002.0,S_conc,0.8638140619533274,1.6419036362243975,True
33,2002.0,S_ref,0.5193341485522094,1.502698761587135,True
33,2002.0,S_iu_short,0.5361138671204004,1.0375277682728437,True
33,2002.0,S_iu_med,0.5542937780611956,1.2346309056816842,True
33,2002.0,S_iu_long,1.2436303349099318,1.320220987319567,True
33,2002.0,S_scrap,0.8201974397238517,1.1852900369971946,True
33,2003.0,S_conc,0.4421509890338595,2.860268147608219,True
33,2003.0,S_ref,0.30659132947658263,2.6661169867263244,True
33,2003.0,S_iu_short,0.523898185645607,1.0441769494233877,True
33,2003.0,S_iu_med,0.5575213723973556,1.1946885068241468,True
33,2003.0,S_iu_long,1.2599961616632522,1.3219889845475934,True
33,2003.0,S_scrap,0.8073212331190411,1.1702337624700268,True
33,2004.0,S_conc,0.8014418374061955,1.8922424402364895,True
33,2004.0,S_ref,0.4448890998113771,1.7383116907088245,True
33,2004.0,S_iu_short,0.524306883264057,1.0643778046893413,True
33,2004.0,S_iu_med,0.5413744420034236,1.2435203648128232,True
33,2004.0,S_iu_long,1.1804279821829398,1.2132682213025734,True
33,2004.0,S_scrap,0.852740671659178,1.1661765192541733,True
33,2005.0,S_conc,0.8707145706666067,1.5908731495702093,True
33,2005.0,S_ref,0.5346331549305318,1.460801496229747,True
33,2005.0,S_iu_short,0.5336053944443989,1.0496420450750124,True
33,2005.0,S_iu_med,0.5410717280698453,1.265806244380471,True
33,2005.0,S_iu_long,1.1789897488647032,1.2329001372035377,True
33,2005.0,S_scrap,0.8618741134423488,1.1744286101841803,True
33,2006.0,S_conc,0.8339754093418263,1.338892185296362,True
33,2006.0,S_ref,0.662947164310476,1.2529453683087655,True
33,2006.0,S_iu_short,0.5457770838299213,1.0518473122185665,True
33,2006.0,S_iu_med,0.5348050225381693,1.2968869487834052,True
33,2006.0,S_iu_long,1.1496362782249732,1.2196631046131554,True
33,2006.0,S_scrap,0.8894839028494653,1.1809007695831164,True
33,2007.0,S_conc,0.8354496943335941,1.2631587181227062,True
33,2007.0,S_ref,0.7122463256422882,1.1983579661028776,True
33,2007.0,S_iu_short,0.5318279331340928,1.067509073582095,True
33,2007.0,S_iu_med,0.5382794666293029,1.2552115406990436,True
33,2007.0,S_iu_long,1.165812277612397,1.2045872713631605,True
33,2007.0,S_scrap,0.8910720988539873,1.168061423916708,True
33,2008.0,S_conc,0.7482182165684605,2.0201337165182354,True
33,2008.0,S_ref,0.42798902875930545,1.8410083174978964,True
33,2008.0,S_iu_short,0.5486867915565498,1.0583062511503576,True
33,2008.0,S_iu_med,0.508502015466739,1.4078743789787582,True
33,2008.0,S_iu_long,1.0345963390869763,1.1041699203941295,True
33,2008.0,S_scrap,0.8783422386161862,1.2042063965609016,True
33,2009.0,S_conc,0.01072634518597139,98.06981051398749,False
33,2009.0,S_ref,0.010842647162162437,98.27278661219295,False
33,2009.0,S_iu_short,0.5181052932313408,1.052130024763052,True
33,2009.0,S_iu_med,0.5564154213057244,1.1786918730829108,True
33,2009.0,S_iu_long,1.2543615085618507,1.2961512805805433,True
33,2009.0,S_scrap,0.8666828876769801,1.1878177261301008,True
33,2010.0,S_conc,0.24103824470819843,4.793422589384116,True
33,2010.0,S_ref,0.19422305939078696,4.5792095658337,True
33,2010.0,S_iu_short,0.5307082829216921,1.108659058161775,True
33,2010.0,S_iu_med,0.5088501029917365,1.3437587683046812,True
33,2010.0,S_iu_long,1.036038297251593,1.0694033222268073,True
33,2010.0,S_scrap,0.8811938416222229,1.1808644105585395,True
33,2011.0,S_conc,0.10825139352751222,9.676005522536357,True
33,2011.0,S_ref,0.12139227663693802,9.898235752606306,True
33,2011.0,S_iu_short,0.5295191001658444,1.0937745142754671,True
33,2011.0,S_iu_med,0.5172805033158027,1.32156730770285,True
33,2011.0,S_iu_long,1.0715964589559879,1.0956558007784833,True
33,2011.0,S_scrap,0.8753909077030951,1.1777975008005208,True
33,2012.0,S_conc,0.24451560424957938,4.245937715556503,True
33,2012.0,S_ref,0.32365407627870685,4.4448094723145655,True
33,2012.0,S_iu_short,0.5159281104943557,1.094119011062911,True
33,2012.0,S_iu_med,0.5390493978412785,1.2202551996592201,True
33,2012.0,S_iu_long,1.1694298593315748,1.1690639119695845,True
33,2012.0,S_scrap,0.8733428270437245,1.166196024768173,True
33,2013.0,S_conc,0.08451031765895052,12.31569901165943,False
33,2013.0,S_ref,0.09231160032611672,12.517500050323655,False
33,2013.0,S_iu_short,0.5146062503633574,1.094399938157961,True
33,2013.0,S_iu_med,0.5392216383400232,1.21691900471851,True
33,2013.0,S_iu_long,1.1702407994972912,1.1646037796534803,True
33,2013.0,S_scrap,0.8735958567028562,1.1630957090835627,True
33,2014.0,S_conc,0.03405009009820142,30.748218384997724,False
33,2014.0,S_ref,0.0352503683153333,30.948250292607412,False
33,2014.0,S_iu_short,0.5199996392005453,1.0739629792708565,True
33,2014.0,S_iu_med,0.5413389927412896,1.2232259544190012,True
33,2014.0,S_iu_long,1.180259459980526,1.191333895311534,True
33,2014.0,S_scrap,0.8756415829220752,1.1679380024357944,True
33,2015.0,S_conc,0.13760315406329315,7.519750946513152,True
33,2015.0,S_ref,0.1595589718487817,7.717549703128311,True
33,2015.0,S_iu_short,0.5154496124751645,1.0633729472800642,True
33,2015.0,S_iu_med,0.5523263067939856,1.1789050539816546,True
33,2015.0,S_iu_long,1.233769853302082,1.254932729388339,True
33,2015.0,S_scrap,0.8620397022679601,1.174235155910916,True
33,2016.0,S_conc,0.12965965791017042,7.9866305832011255,True
33,2016.0,S_ref,0.14897581054192705,8.185471610039007,True
33,2016.0,S_iu_short,0.5144737407440412,1.0589715537271807,True
33,2016.0,S_iu_med,0.5582542603246002,1.158527608224184,True
33,2016.0,S_iu_long,1.2637456577052952,1.2882896089787048,True
33,2016.0,S_scrap,0.8631404117938075,1.1724215946766747,True
33,2017.0,S_conc,0.19863508613897912,5.615104588858023,True
33,2017.0,S_ref,0.16571773047193097,5.423551528983543,True
33,2017.0,S_iu_short,0.519369500608569,1.0552322056703225,True
33,2017.0,S_iu_med,0.5573067802207187,1.173881994634082,True
33,2017.0,S_iu_long,1.258900645685474,1.2830657690740093,True
33,2017.0,S_scrap,0.8764339357840574,1.1669872513042665,True
33,2018.0,S_conc,0.3938052411036274,3.091263890204089,True
33,2018.0,S_ref,0.2825396472119799,2.909252254459139,True
33,2018.0,S_iu_short,0.5244204297104547,1.0417158461145948,True
33,2018.0,S_iu_med,0.5592378978907182,1.1823140451167964,True
33,2018.0,S_iu_long,1.2687976012784823,1.3093823423074982,True
33,2018.0,S_scrap,0.8872240913397952,1.180753776698059,True
33,2019.0,S_conc,0.3741810916603986,3.1980622724385808,True
33,2019.0,S_ref,0.27229387300641883,3.0231821848049303,True
33,2019.0,S_iu_short,0.5145550702426255,1.0662691045358124,True
33,2019.0,S_iu_med,0.5548521161809632,1.165929069701301,True
33,2019.0,S_iu_long,1.246444465647564,1.2576394075475308,True
33,2019.0,S_scrap,0.8897879622464299,1.1647642613107634,True
34,1980.0,S_conc,0.8413068495664265,1.4749944260930403,True
34,1980.0,S_ref,0.5928306759007355,1.3575627359118851,True
34,1980.0,S_iu_short,0.5253167353097749,1.0206708122345585,True
34,1980.0,S_iu_med,0.5478946727774392,1.2554863273970962,True
34,1980.0,S_iu_long,1.2118739589806327,1.3153067910948955,True
34,1980.0,S_scrap,0.7127766359131902,1.2100720461022325,True
34,1981.0,S_conc,0.897055866206958,1.645518722027751,True
34,1981.0,S_ref,0.5224086312078785,1.5019260053262709,True
34,1981.0,S_iu_short,0.5169578371025298,1.0254287662289039,True
34,1981.0,S_iu_med,0.5628170403306622,1.153307348511393,True
34,1981.0,S_iu_long,1.2873718608711266,1.4224169749137114,True
34,1981.0,S_scrap,0.6675405164913838,1.2033614041365106,True
34,1982.0,S_conc,0.8728691511919731,1.5988561139003585,True
34,1982.0,S_ref,0.5381912728080586,1.46221312344383,True
34,1982.0,S_iu_short,0.5213773290752758,1.0264178777688004,True
34,1982.0,S_iu_med,0.5641429289267138,1.1649745911146174,True
34,1982.0,S_iu_long,1.294330105824662,1.4147790378715044,True
34,1982.0,S_scrap,0.699622946529295,1.1981868000892928,True
34,1983.0,S_conc,0.8597710516373377,1.4877987859319215,True
34,1983.0,S_ref,0.5904350716109742,1.3669004515290348,True
34,1983.0,S_iu_short,0.5208634880803735,1.0228833954743113,True
34,1983.0,S_iu_med,0.5633946772833685,1.1640961367794795,True
34,1983.0,S_iu_long,1.2903980963352262,1.4195166822129965,True
34,1983.0,S_scrap,0.7189989473961169,1.1988534703341482,True
34,1984.0,S_conc,0.8968702993323067,1.5563514648140104,True
34,1984.0,S_ref,0.5600547139254213,1.4228183770478502,True
34,1984.0,S_iu_short,0.5180024374240657,1.0272757675687103,True
34,1984.0,S_iu_med,0.5687012276226798,1.1402102548945554,True
34,1984.0,S_iu_long,1.3185783592380682,1.4583920032578686,True
34,1984.0,S_scrap,0.6424497404271695,1.2022604160716908,True
34,1985.0,S_conc,0.9089844281804913,1.5936326689264357,True
34,1985.0,S_ref,0.5387939079690919,1.4580388844474954,True
34,1985.0,S_iu_short,0.5200467446609414,1.0330331232872798,True
34,1985.0,S_iu_med,0.5616696976535301,1.1703329752647458,True
34,1985.0,S_iu_long,1.2813845966085387,1.4037801582717133,True
34,1985.0,S_scrap,0.5808296786466947,1.1871520990810251,True
34,1986.0,S_conc,0.935650875557723,1.4444652352775902,True
34,1986.0,S_ref,0.600147615583711,1.3349423546531456,True
34,1986.0,S_iu_short,0.5115031542676377,1.0452253930410853,True
34,1986.0,S_iu_med,0.5505004552240262,1.2019678249837153,True
34,1986.0,S_iu_long,1.2246963575867253,1.3489585095488188,True
34,1986.0,S_scrap,0.4048564286504491,1.186953198607131,True
34,1987.0,S_conc,0.9071115999196508,1.3228059476081535,True
34,1987.0,S_ref,0.6693446965223708,1.2418836905911685,True
34,1987.0,S_iu_short,0.5100203579323824,1.050327459993375,True
34,1987.0,S_iu_med,0.5456058001591727,1.221881256786227,True
34,1987.0,S_iu_long,1.2007323164562764,1.2596551803332252,True
34,1987.0,S_scrap,0.585587546875385,1.191274739510094,True
34,1988.0,S_conc,0.8652107916653845,1.3439721921353818,True
34,1988.0,S_ref,0.6521554530421975,1.2588046961165493,True
34,1988.0,S_iu_short,0.5123696191793566,1.0483015550763213,True
34,1988.0,S_iu_med,0.546379596294535,1.213678339555016,True
34,1988.0,S_iu_long,1.2044863763431999,1.2496500410159765,True
34,1988.0,S_scrap,0.7331131303603498,1.180118869459325,True
34,1989.0,S_conc,0.8424766603181959,1.3462792537068342,True
34,1989.0,S_ref,0.6614984588098692,1.2598602746347325,True
34,1989.0,S_iu_short,0.5229367052108602,1.024550780785307,True
34,1989.0,S_iu_med,0.5529692091660638,1.2118025189775425,True
34,1989.0,S_iu_long,1.2369823746022046,1.330925348430972,True
34,1989.0,S_scrap,0.7685396398538121,1.1937242736234055,True
34,1990.0,S_conc,0.8445592724868574,1.3469700557236919,True
34,1990.0,S_ref,0.6618696510818356,1.259785438785127,True
34,1990.0,S_iu_short,0.532048175735082,1.030297604818092,True
34,1990.0,S_iu_med,0.5558461684520603,1.223863978260087,True
34,1990.0,S_iu_long,1.2514721904229817,1.3492001182435827,True
34,1990.0,S_scrap,0.7418363189036385,1.193199283106486,True
34,1991.0,S_conc,0.8621445274712423,1.3574566282241323,True
34,1991.0,S_ref,0.6460591545260299,1.2680140037558987,True
34,1991.0,S_iu_short,0.5239797440469888,1.0349965796833096,True
34,1991.0,S_iu_med,0.5543619563847877,1.2039441241112105,True
34,1991.0,S_iu_long,1.243973588716886,1.3271467485414037,True
34,1991.0,S_scrap,0.6915849135494363,1.1791194614583942,True
34,1992.0,S_conc,0.8215105000168618,1.5703997961295157,True
34,1992.0,S_ref,0.5388589584515737,1.4443642284947082,True
34,1992.0,S_iu_short,0.5260918390558047,1.033907459508168,True
34,1992.0,S_iu_med,0.5548249534153847,1.2085099559783175,True
34,1992.0,S_iu_long,1.246307396768988,1.3254034935636858,True
34,1992.0,S_scrap,0.7531831569832664,1.1848222893065328,True
34,1993.0,S_conc,0.5820956327632051,2.3038303632833825,True
34,1993.0,S_ref,0.36792695758002153,2.128101227718843,True
34,1993.0,S_iu_short,0.5234277979432098,1.0332538330329377,True
34,1993.0,S_iu_med,0.5523156379449687,1.2111754946271183,True
34,1993.0,S_iu_long,1.2337166199186462,1.3085669377595088,True
34,1993.0,S_scrap,0.759937354650023,1.1886557210695639,True
34,1994.0,S_conc,0.4864214604243567,2.631474579298054,True
34,1994.0,S_ref,0.32724329766167987,2.4430529089676263,True
34,1994.0,S_iu_short,0.5277237250398136,1.0341664651415698,True
34,1994.0,S_iu_med,0.5433007340239502,1.26271425683109,True
34,1994.0,S_iu_long,1.1896247147733359,1.2495456533670481,True
34,1994.0,S_scrap,0.7861015482364074,1.1890667099147514,True
34,1995.0,S_conc,0.8039329608959761,1.8875218896115564,True
34,1995.0,S_ref,0.44565567475228085,1.7307943609988627,True
34,1995.0,S_iu_short,0.5257163790103037,1.0324605358373657,True
34,1995.0,S_iu_med,0.5465176924788039,1.244999231864431,True
34,1995.0,S_iu_long,1.2051576950513314,1.2692570789772188,True
34,1995.0,S_scrap,0.8113660843701594,1.1900056182117142,True
34,1996.0,S_conc,0.8220024561963328,1.6002743690020804,True
34,1996.0,S_ref,0.5276691541295705,1.4705299952210877,True
34,1996.0,S_iu_short,0.5292184551644241,1.035942956635743,True
34,1996.0,S_iu_med,0.5414175959945451,1.271401203743605,True
34,1996.0,S_iu_long,1.1806331670503973,1.235690873055853,True
34,1996.0,S_scrap,0.8076546829511078,1.1881943317759993,True
34,1997.0,S_conc,0.833064728986112,1.4777271046340223,True
34,1997.0,S_ref,0.5784163420637675,1.365856938990431,True
34,1997.0,S_iu_short,0.5246799536853158,1.0366627060159606,True
34,1997.0,S_iu_med,0.5606050717997071,1.1851471530627715,True
34,1997.0,S_iu_long,1.275856947406917,1.3432745972653939,True
34,1997.0,S_scrap,0.818866376565628,1.1756843730308972,True
34,1998.0,S_conc,0.8757477182925063,1.4079183243154842,True
34,1998.0,S_ref,0.6115504696615346,1.309034173348884,True
34,1998.0,S_iu_short,0.5240888387485384,1.0380067151608894,True
34,1998.0,S_iu_med,0.5531183258065445,1.2059586501264157,True
34,1998.0,S_iu_long,1.2377288167048424,1.3017731521663671,True
34,1998.0,S_scrap,0.7861873168414231,1.1756627885803852,True
34,1999.0,S_conc,0.8656195020897455,1.283360089006378,True
34,1999.0,S_ref,0.6991561673243251,1.214806665683705,True
34,1999.0,S_iu_short,0.5146941234685607,1.0455766303493375,True
34,1999.0,S_iu_med,0.5598334118183287,1.156075532554756,True
34,1999.0,S_iu_long,1.2718671222434244,1.330379492699345,True
34,1999.0,S_scrap,0.8166906761750542,1.167402315913773,True
34,2000.0,S_conc,0.8152255204566051,1.2507459859100793,True
34,2000.0,S_ref,0.7423974694468883,1.1911614258984788,True
34,2000.0,S_iu_short,0.5192537148690146,1.044111296255616,True
34,2000.0,S_iu_med,0.5727060026396159,1.147806338978485,True
34,2000.0,S_iu_long,1.34030902885956,1.3913114732407192,True
34,2000.0,S_scrap,0.8670432041585557,1.1709089481824568,True
34,2001.0,S_conc,0.8551313493761354,1.3214229646600062,True
34,2001.0,S_ref,0.6741063786148209,1.2390744121713895,True
34,2001.0,S_iu_short,0.5310245080319432,1.0442885352900426,True
34,2001.0,S_iu_med,0.5611343359956895,1.2031774217942182,True
34,2001.0,S_iu_long,1.2786015904634045,1.3379697517031932,True
34,2001.0,S_scrap,0.8228184683778771,1.1709467883968991,True
34,2002.0,S_conc,0.8744865779026556,1.6848577029390697,True
34,2002.0,S_ref,0.5052101430325219,1.540943013597881,True
34,2002.0,S_iu_short,0.539524514681639,1.043142362735395,True
34,2002.0,S_iu_med,0.5455129946204782,1.264066559552054,True
34,2002.0,S_iu_long,1.2002829303446083,1.2739497243940932,True
34,2002.0,S_scrap,0.809346586590038,1.1785789001246643,True
34,2003.0,S_conc,0.4675324835885997,2.760572544269128,True
34,2003.0,S_ref,0.31858407825176654,2.5607685867827663,True
34,2003.0,S_iu_short,0.5325774546203776,1.036264690503375,True
34,2003.0,S_iu_med,0.5398532868989658,1.286598891406866,True
34,2003.0,S_iu_long,1.1732199134071195,1.235633475883307,True
34,2003.0,S_scrap,0.8134044945740972,1.188064452133947,True
34,2004.0,S_conc,0.6558374272516238,2.1679240364849592,True
34,2004.0,S_ref,0.39607597730182337,1.9893456316362375,True
34,2004.0,S_iu_short,0.5270947608183616,1.0309900860118233,True
34,2004.0,S_iu_med,0.5539543268063043,1.217682714019973,True
34,2004.0,S_iu_long,1.2419228794216979,1.3203143642370558,True
34,2004.0,S_scrap,0.8470857017054187,1.1892805351946665,True
34,2005.0,S_conc,0.8663660710600891,1.5557594967981008,True
34,2005.0,S_ref,0.5524437794769292,1.4272764813612935,True
34,2005.0,S_iu_short,0.5255448732942621,1.0289345139278294,True
34,2005.0,S_iu_med,0.5626833300065206,1.184634661032605,True
34,2005.0,S_iu_long,1.2866724929898294,1.3742700876222163,True
34,2005.0,S_scrap,0.8603288490554578,1.1985005465096306,True
34,2006.0,S_conc,0.8399730982661251,1.331837213704603,True
34,2006.0,S_ref,0.6770142871595124,1.2468286502726968,True
34,2006.0,S_iu_short,0.5242089779403587,1.0265553469972062,True
34,2006.0,S_iu_med,0.5747135435987997,1.1502520735360449,True
34,2006.0,S_iu_long,1.3513563268909625,1.445302968303606,True
34,2006.0,S_scrap,0.8787453370674267,1.2169661608666091,True
34,2007.0,S_conc,0.7957824250890736,1.3036959905169998,True
34,2007.0,S_ref,0.712398880278655,1.2287534604300308,True
34,2007.0,S_iu_short,0.5212677822984536,1.030392342491046,True
34,2007.0,S_iu_med,0.5962272391060314,1.1148333462687652,True
34,2007.0,S_iu_long,1.476640568288859,1.5388214651360592,True
34,2007.0,S_scrap,0.9106981056630441,1.2277463176401233,True
34,2008.0,S_conc,0.6254584770976439,1.2831922524503723,True
34,2008.0,S_ref,0.7111809100777721,1.2149241728712001,True
34,2008.0,S_iu_short,0.5559196509746052,1.0411716613389288,True
34,2008.0,S_iu_med,0.5582353187008836,1.2653475211821523,True
34,2008.0,S_iu_long,1.2636485946754665,1.3450184674158132,True
34,2008.0,S_scrap,0.9077971933485662,1.2247481921485421,True
34,2009.0,S_conc,0.46014435735891124,2.799836561642766,True
34,2009.0,S_ref,0.31513620899183825,2.595779465187081,True
34,2009.0,S_iu_short,0.5607653216546314,1.0461624994822802,True
34,2009.0,S_iu_med,0.5354664652443226,1.3229660040251947,True
34,2009.0,S_iu_long,1.1526971148077663,1.2548039770167776,True
34,2009.0,S_scrap,0.8202717235021093,1.2089918121679668,True
34,2010.0,S_conc,0.8562040574150723,1.4361578196411997,True
34,2010.0,S_ref,0.6047127065528701,1.328251489896685,True
34,2010.0,S_iu_short,0.5340605806258845,1.0300971542197421,True
34,2010.0,S_iu_med,0.5587545423101771,1.2144952655138919,True
34,2010.0,S_iu_long,1.2663122816846266,1.3422792841174123,True
34,2010.0,S_scrap,0.8610199803905878,1.1947206392656557,True
34,2011.0,S_conc,0.8063325380192907,1.4230511004865978,True
34,2011.0,S_ref,0.6162870435325014,1.3160411629870388,True
34,2011.0,S_iu_short,0.5497530627148569,1.0341836488205731,True
34,2011.0,S_iu_med,0.5433601144813327,1.2937836813915964,True
34,2011.0,S_iu_long,1.1899094488081468,1.2768890585462376,True
34,2011.0,S_scrap,0.8627153998404802,1.2097000257697688,True
34,2012.0,S_conc,0.8534680758063704,1.640037490856331,True
34,2012.0,S_ref,0.5225042841733959,1.4986369518750697,True
34,2012.0,S_iu_short,0.5502656397979493,1.0349064213137997,True
34,2012.0,S_iu_med,0.538419016950573,1.310711858668602,True
34,2012.0,S_iu_long,1.1664670701845579,1.2533280427258722,True
34,2012.0,S_scrap,0.846347517588684,1.2105339746181305,True
34,2013.0,S_conc,0.870467866840747,1.616519143445191,True
34,2013.0,S_ref,0.5264237491171238,1.4816156829971097,True
34,2013.0,S_iu_short,0.5414919475811483,1.0321672861877709,True
34,2013.0,S_iu_med,0.5460214400528882,1.267642491488747,True
34,2013.0,S_iu_long,1.2027471960713283,1.2775843218609824,True
34,2013.0,S_scrap,0.8442895491761504,1.1987156817449942,True
34,2014.0,S_conc,0.8717520663103937,1.5600408873557294,True
34,2014.0,S_ref,0.5464084136740276,1.4328049966174214,True
34,2014.0,S_iu_short,0.5435716964123402,1.0346696009029115,True
34,2014.0,S_iu_med,0.5476734393503985,1.2617511887763806,True
34,2014.0,S_iu_long,1.2107921289518486,1.2851089387528487,True
34,2014.0,S_scrap,0.8371083986959545,1.1953958558027682,True
34,2015.0,S_conc,0.6787441110400275,2.1078727072295576,True
34,2015.0,S_ref,0.4043165998774686,1.9356845263707685,True
34,2015.0,S_iu_short,0.5441569511474224,1.0367283688453084,True
34,2015.0,S_iu_med,0.5415293746168736,1.2798164041428841,True
34,2015.0,S_iu_long,1.1811648219868787,1.2545604850175982,True
34,2015.0,S_scrap,0.8093366797127457,1.1889752168448278,True
34,2016.0,S_conc,0.5024770879072096,2.6056504866563035,True
34,2016.0,S_ref,0.3344324462259232,2.4127071807384364,True
34,2016.0,S_iu_short,0.5425721242416214,1.0341895474317007,True
34,2016.0,S_iu_med,0.5375007854386423,1.2948601354384228,True
34,2016.0,S_iu_long,1.162165834051021,1.2311573417604131,True
34,2016.0,S_scrap,0.8027308747009574,1.1870789563498203,True
34,2017.0,S_conc,0.9146140182390002,1.5632681723092807,True
34,2017.0,S_ref,0.5428520677260398,1.4379004492088605,True
34,2017.0,S_iu_short,0.5321667984240628,1.0323974977704358,True
34,2017.0,S_iu_med,0.5537506535463398,1.2161849208550193,True
34,2017.0,S_iu_long,1.2408996404073007,1.3018077166791953,True
34,2017.0,S_scrap,0.8278308765628599,1.1768275849054606,True
34,2018.0,S_conc,0.8936377426905732,1.3987083139004042,True
34,2018.0,S_ref,0.6208160203774002,1.2994069078648378,True
34,2018.0,S_iu_short,0.534407761881159,1.0317546722100879,True
34,2018.0,S_iu_med,0.5568850420837934,1.2124948814666325,True
34,2018.0,S_iu_long,1.2567507192774587,1.318899883647744,True
34,2018.0,S_scrap,0.849113987833273,1.1809767987248008,True
34,2019.0,S_conc,0.9097806423585841,1.5301874627847296,True
34,2019.0,S_ref,0.5554900342399048,1.4098233622127803,True
34,2019.0,S_iu_short,0.5318849338137884,1.0323565742171448,True
34,2019.0,S_iu_med,0.5567060614929814,1.2063184608853181,True
34,2019.0,S_iu_long,1.2558395527985935,1.3140587296129655,True
34,2019.0,S_scrap,0.8496902369040823,1.1775935181245636,True
