indicator,start_stock,year,form,rule,median,q1,q3,n_seeds
tau_FD,S_conc,1980.0,frozen,,34.46741766298283,32.68448835978948,35.97149824650188,35
tau_FD,S_conc,1980.0,nonautonomous,hold,35.8272998753148,34.85753671671527,37.07970178124784,35
tau_FD,S_conc,1980.0,nonautonomous,mean5,36.09482216700887,34.71515658409096,37.017276104755325,35
tau_FD,S_conc,1980.0,nonautonomous,trend20,35.942748245417164,34.660916316980156,37.312006564732215,35
tau_FD,S_conc,1980.0,nonautonomous,trend50,35.608431701116515,34.49528892030117,38.247497660618045,30
tau_FD,S_conc,1981.0,frozen,,33.98613485322821,33.04900471173832,35.37898533285319,35
tau_FD,S_conc,1981.0,nonautonomous,hold,35.47529648134159,34.77083701999348,36.69026618484533,35
tau_FD,S_conc,1981.0,nonautonomous,mean5,35.44442553309535,34.7010320265513,36.91917831663615,35
tau_FD,S_conc,1981.0,nonautonomous,trend20,35.37734942415645,34.83887114416517,36.80312581923649,35
tau_FD,S_conc,1981.0,nonautonomous,trend50,35.72571417368548,34.5010143574904,37.960377546490946,30
tau_FD,S_conc,1982.0,frozen,,34.753002493041464,33.96565198303709,35.77981740688588,35
tau_FD,S_conc,1982.0,nonautonomous,hold,35.53006951232011,34.7629904018694,36.512698004529554,35
tau_FD,S_conc,1982.0,nonautonomous,mean5,35.497177199641136,34.82012165843001,36.56248856298295,35
tau_FD,S_conc,1982.0,nonautonomous,trend20,35.59566234591102,34.559459791509035,36.976809010882,35
tau_FD,S_conc,1982.0,nonautonomous,trend50,35.959621473049125,34.13342024079443,37.52785936873859,30
tau_FD,S_conc,1983.0,frozen,,34.20589898808714,33.46906546506425,34.9555565668301,35
tau_FD,S_conc,1983.0,nonautonomous,hold,35.33270559657922,34.427251063863,36.30943090108316,35
tau_FD,S_conc,1983.0,nonautonomous,mean5,35.35532892236819,34.63387704199467,36.18993240901305,35
tau_FD,S_conc,1983.0,nonautonomous,trend20,34.92715406993339,34.31938199106955,36.44679452300607,35
tau_FD,S_conc,1983.0,nonautonomous,trend50,35.307774136410416,33.7044062631456,37.030663765595875,30
tau_FD,S_conc,1984.0,frozen,,34.054429609807904,32.662904215708146,34.94745894204904,35
tau_FD,S_conc,1984.0,nonautonomous,hold,34.82993839629615,33.74540701640444,35.84152274678074,35
tau_FD,S_conc,1984.0,nonautonomous,mean5,34.980533287860425,33.84574711328538,35.9692013653099,35
tau_FD,S_conc,1984.0,nonautonomous,trend20,34.667199040292104,33.636360164532135,35.96909235927188,35
tau_FD,S_conc,1984.0,nonautonomous,trend50,34.65307882048096,33.56907676467489,36.64774050835257,30
tau_FD,S_conc,1985.0,frozen,,33.435057026585056,32.23311303553071,34.78981260265046,35
tau_FD,S_conc,1985.0,nonautonomous,hold,34.38114989997424,33.7853869029364,35.79978722547761,35
tau_FD,S_conc,1985.0,nonautonomous,mean5,34.40725081452055,33.69170660403607,35.88496368714135,35
tau_FD,S_conc,1985.0,nonautonomous,trend20,34.37615105419485,33.32064134327563,36.00374381733134,35
tau_FD,S_conc,1985.0,nonautonomous,trend50,34.33315331095042,33.47049246984713,36.23836403112556,30
tau_FD,S_conc,1986.0,frozen,,33.083608287736354,31.22096959405278,34.42892849117432,35
tau_FD,S_conc,1986.0,nonautonomous,hold,34.266188813789896,33.313758212284554,35.46521014310382,35
tau_FD,S_conc,1986.0,nonautonomous,mean5,34.37192155120877,33.48177175805066,35.47431640946088,35
tau_FD,S_conc,1986.0,nonautonomous,trend20,34.095986514175564,32.84343768574918,35.9243090109276,35
tau_FD,S_conc,1986.0,nonautonomous,trend50,34.27140090490221,33.049416559618145,36.42198720614695,30
tau_FD,S_conc,1987.0,frozen,,30.989824300059343,29.45804682222569,32.58493994462955,35
tau_FD,S_conc,1987.0,nonautonomous,hold,33.78738293922922,32.52820727815879,35.571934400607084,35
tau_FD,S_conc,1987.0,nonautonomous,mean5,33.97618334845027,32.76488156672157,35.43621892529201,35
tau_FD,S_conc,1987.0,nonautonomous,trend20,33.50316571359758,32.6480409227664,35.6893557491655,35
tau_FD,S_conc,1987.0,nonautonomous,trend50,33.55601971774536,32.24667471409641,36.55350560901118,30
tau_FD,S_conc,1988.0,frozen,,30.342005985432895,27.89539997948426,31.37289332421411,35
tau_FD,S_conc,1988.0,nonautonomous,hold,33.06646477991036,32.00689166384582,35.2048716487966,35
tau_FD,S_conc,1988.0,nonautonomous,mean5,33.02264749971764,31.975954919993992,35.117006656344216,35
tau_FD,S_conc,1988.0,nonautonomous,trend20,33.239808338732495,31.738559800873936,34.84301184647125,35
tau_FD,S_conc,1988.0,nonautonomous,trend50,33.16376822340147,32.016027584995655,34.870675314784094,30
tau_FD,S_conc,1989.0,frozen,,30.22787657372976,28.58825839153743,32.0535365541895,35
tau_FD,S_conc,1989.0,nonautonomous,hold,33.78986349536454,32.01026823831897,34.73938162528518,35
tau_FD,S_conc,1989.0,nonautonomous,mean5,34.00537668046325,32.194083068977925,34.76457078399613,35
tau_FD,S_conc,1989.0,nonautonomous,trend20,33.389560931805775,31.723623658196903,35.046552674381104,35
tau_FD,S_conc,1989.0,nonautonomous,trend50,33.65429843151618,31.713012711362335,35.721475297705815,30
tau_FD,S_conc,1990.0,frozen,,33.53422730882416,31.257568153769505,34.585733946390135,35
tau_FD,S_conc,1990.0,nonautonomous,hold,33.712122338672486,32.6385557188885,35.30141636365715,35
tau_FD,S_conc,1990.0,nonautonomous,mean5,33.86692062910464,32.66158053813538,35.41069801233218,35
tau_FD,S_conc,1990.0,nonautonomous,trend20,33.58556521562543,32.60665932819425,35.10091895412505,35
tau_FD,S_conc,1990.0,nonautonomous,trend50,33.797347351633654,32.703130143274706,36.860526738420766,30
tau_FD,S_conc,1991.0,frozen,,32.553578329895245,30.78904747168326,34.16479834427916,35
tau_FD,S_conc,1991.0,nonautonomous,hold,33.62157022740405,32.48600122255423,34.75394194909821,35
tau_FD,S_conc,1991.0,nonautonomous,mean5,33.74849230051417,32.51391670797379,34.59535098977785,35
tau_FD,S_conc,1991.0,nonautonomous,trend20,33.69632692502611,32.138716619705846,35.37333460697225,35
tau_FD,S_conc,1991.0,nonautonomous,trend50,33.86358606707614,31.900515326548145,36.10778922689221,30
tau_FD,S_conc,1992.0,frozen,,32.17069638123029,30.687721308919762,32.9135395777234,35
tau_FD,S_conc,1992.0,nonautonomous,hold,33.75219845262083,32.588942869414836,34.753332276952015,35
tau_FD,S_conc,1992.0,nonautonomous,mean5,33.830787807455565,32.56612984831811,34.692679404936044,35
tau_FD,S_conc,1992.0,nonautonomous,trend20,33.65794348621677,32.39520591744787,35.07275065920037,35
tau_FD,S_conc,1992.0,nonautonomous,trend50,33.66747914251032,32.04470544782639,36.32689002452727,30
tau_FD,S_conc,1993.0,frozen,,32.06048273891871,30.417803213938065,33.11401061073517,35
tau_FD,S_conc,1993.0,nonautonomous,hold,33.97588568218221,32.85689090097488,35.51782924017846,35
tau_FD,S_conc,1993.0,nonautonomous,mean5,34.19530427440187,32.738707496463356,35.463827801349474,35
tau_FD,S_conc,1993.0,nonautonomous,trend20,34.09069314943519,32.33961451481196,35.859589355041464,35
tau_FD,S_conc,1993.0,nonautonomous,trend50,34.10616176160529,32.19576762271026,36.41175749691704,30
tau_FD,S_conc,1994.0,frozen,,31.26377467118319,29.406696826104536,32.696151813283834,35
tau_FD,S_conc,1994.0,nonautonomous,hold,34.525372702127875,32.673334114082635,35.897900501833746,35
tau_FD,S_conc,1994.0,nonautonomous,mean5,34.70355874322253,32.75445887340098,35.91128006315795,35
tau_FD,S_conc,1994.0,nonautonomous,trend20,33.84224345472717,32.8802354980989,36.13900029985781,35
tau_FD,S_conc,1994.0,nonautonomous,trend50,33.94253933637278,32.73270597731834,37.00819054784546,30
tau_FD,S_conc,1995.0,frozen,,31.259960542712566,30.67311576831348,33.00993013101214,35
tau_FD,S_conc,1995.0,nonautonomous,hold,34.96581974619626,33.03468296296438,35.93840410177003,35
tau_FD,S_conc,1995.0,nonautonomous,mean5,34.83263957781875,33.159824334391026,35.87093397526984,35
tau_FD,S_conc,1995.0,nonautonomous,trend20,34.73301006791252,32.908370471087835,36.298428034474824,35
tau_FD,S_conc,1995.0,nonautonomous,trend50,34.869296280350746,32.710566854325485,37.06320554135046,30
tau_FD,S_conc,1996.0,frozen,,32.57920090408138,31.183280674548662,33.80543634542584,35
tau_FD,S_conc,1996.0,nonautonomous,hold,34.31276963254696,33.28715617318504,36.32142562263395,35
tau_FD,S_conc,1996.0,nonautonomous,mean5,34.379808951372766,33.235240311620046,36.440115329690556,35
tau_FD,S_conc,1996.0,nonautonomous,trend20,35.005883430857494,33.031249917956266,35.69299341945781,35
tau_FD,S_conc,1996.0,nonautonomous,trend50,34.95122113699129,32.68618139287891,36.347697833363284,30
tau_FD,S_conc,1997.0,frozen,,33.03923241423241,31.438240501036198,33.8092347760568,35
tau_FD,S_conc,1997.0,nonautonomous,hold,35.01972536984318,33.17614643395794,36.420178152246706,35
tau_FD,S_conc,1997.0,nonautonomous,mean5,35.203240367754745,33.16939414709931,36.20259531865404,35
tau_FD,S_conc,1997.0,nonautonomous,trend20,34.86362211233991,33.02075406891565,36.17254859213253,35
tau_FD,S_conc,1997.0,nonautonomous,trend50,35.020304942972245,33.06864962891771,36.38270634103436,30
tau_FD,S_conc,1998.0,frozen,,33.60245189773294,32.2008280483623,34.79046575996437,35
tau_FD,S_conc,1998.0,nonautonomous,hold,35.26977691530952,33.51241279165565,36.228275869557876,35
tau_FD,S_conc,1998.0,nonautonomous,mean5,35.397631727523645,33.558818886388735,36.28966050568705,35
tau_FD,S_conc,1998.0,nonautonomous,trend20,34.97023792608829,33.280030934449215,36.527559566999734,35
tau_FD,S_conc,1998.0,nonautonomous,trend50,35.06735120401032,33.690405309942136,36.86396248026583,30
tau_FD,S_conc,1999.0,frozen,,32.899475229608775,31.437665783721286,34.511931813952714,35
tau_FD,S_conc,1999.0,nonautonomous,hold,35.12919824538801,33.60929559880127,37.06649518042253,35
tau_FD,S_conc,1999.0,nonautonomous,mean5,34.70039051545301,33.81625350118098,36.8499968268048,35
tau_FD,S_conc,1999.0,nonautonomous,trend20,35.10469512235355,33.56573997575961,37.093158946112055,35
tau_FD,S_conc,1999.0,nonautonomous,trend50,35.229812185260144,33.77191100373013,37.58423715578325,30
tau_FD,S_conc,2000.0,frozen,,34.415556841419885,32.61062253006793,36.168387506643214,35
tau_FD,S_conc,2000.0,nonautonomous,hold,35.45093089774482,34.1588225402694,38.17653909108324,35
tau_FD,S_conc,2000.0,nonautonomous,mean5,35.36644192263017,34.27852872588862,38.01017030607089,35
tau_FD,S_conc,2000.0,nonautonomous,trend20,36.123043172158845,34.18326557058902,37.955571637599135,35
tau_FD,S_conc,2000.0,nonautonomous,trend50,35.67319206224238,34.1685620099857,37.743915641671904,30
tau_FD,S_conc,2001.0,frozen,,35.45988350088,34.56011207772163,37.492572370085725,35
tau_FD,S_conc,2001.0,nonautonomous,hold,35.88206384168447,33.676131951040624,38.918012895340546,35
tau_FD,S_conc,2001.0,nonautonomous,mean5,35.92074926963465,34.050754510637674,38.664221427514605,35
tau_FD,S_conc,2001.0,nonautonomous,trend20,36.00956625472936,34.283354599083914,38.40415161733051,35
tau_FD,S_conc,2001.0,nonautonomous,trend50,36.298398703065786,33.85263076733811,38.46550547462917,30
tau_FD,S_conc,2002.0,frozen,,35.650989891630495,34.07859612044667,37.89456228397956,35
tau_FD,S_conc,2002.0,nonautonomous,hold,36.227207381585536,32.92018983723818,39.09406198619874,35
tau_FD,S_conc,2002.0,nonautonomous,mean5,36.320726375803744,33.113210268843346,38.86621444348391,35
tau_FD,S_conc,2002.0,nonautonomous,trend20,36.447435268122966,33.41058412624429,38.56467675953016,35
tau_FD,S_conc,2002.0,nonautonomous,trend50,36.74558190803879,32.84361588232552,39.45853856670439,30
tau_FD,S_conc,2003.0,frozen,,34.433156067839406,31.506113498806478,37.65672240722721,35
tau_FD,S_conc,2003.0,nonautonomous,hold,35.9537345361388,33.357060875617165,39.7297428197826,35
tau_FD,S_conc,2003.0,nonautonomous,mean5,35.64616015340508,33.50540083995983,39.512233613771514,35
tau_FD,S_conc,2003.0,nonautonomous,trend20,37.11221511717912,32.837920782564254,38.76545995112963,35
tau_FD,S_conc,2003.0,nonautonomous,trend50,36.882214497205865,32.698902732549314,39.72519370201084,30
tau_FD,S_conc,2004.0,frozen,,34.988577790766925,32.23780465771715,38.090837321145074,35
tau_FD,S_conc,2004.0,nonautonomous,hold,35.54036577244209,33.43038818296804,39.37747242720437,35
tau_FD,S_conc,2004.0,nonautonomous,mean5,36.03749101457154,33.691261494787184,39.41525974290879,35
tau_FD,S_conc,2004.0,nonautonomous,trend20,37.373218090368084,33.53780598590695,39.372843871573664,35
tau_FD,S_conc,2004.0,nonautonomous,trend50,36.78935087762413,33.62850938368235,40.32776782586558,30
tau_FD,S_conc,2005.0,frozen,,35.13764703135141,32.33609658226956,39.657004834322876,35
tau_FD,S_conc,2005.0,nonautonomous,hold,35.9799687180266,32.90256217216182,39.27921047821587,35
tau_FD,S_conc,2005.0,nonautonomous,mean5,35.954866925723366,33.129383505473996,39.301295071464196,35
tau_FD,S_conc,2005.0,nonautonomous,trend20,37.12246095945573,32.7750572471219,39.10522373246302,35
tau_FD,S_conc,2005.0,nonautonomous,trend50,37.03654818486115,33.23361348394889,40.47193002741873,30
tau_FD,S_conc,2006.0,frozen,,35.58201330646839,32.0027460931803,40.63368706326158,35
tau_FD,S_conc,2006.0,nonautonomous,hold,36.13101151429416,33.07695099936153,39.33579633670631,35
tau_FD,S_conc,2006.0,nonautonomous,mean5,36.02359048079897,33.081093472638685,39.71314616510112,35
tau_FD,S_conc,2006.0,nonautonomous,trend20,35.4650802898652,32.28236310846322,39.84776195311188,35
tau_FD,S_conc,2006.0,nonautonomous,trend50,35.25902291368173,32.17512009717835,40.99615323713397,30
tau_FD,S_conc,2007.0,frozen,,36.37820947782533,31.4540454714749,40.074441972173204,35
tau_FD,S_conc,2007.0,nonautonomous,hold,35.71528466278981,32.376804119073775,39.28196283426831,35
tau_FD,S_conc,2007.0,nonautonomous,mean5,36.13786414591429,32.59644946876263,39.59388611995017,35
tau_FD,S_conc,2007.0,nonautonomous,trend20,35.3477646769619,32.73252344458598,39.654703561045146,35
tau_FD,S_conc,2007.0,nonautonomous,trend50,35.33655251856118,32.86163457542828,40.42083484362568,30
tau_FD,S_conc,2008.0,frozen,,36.918431591054876,33.808619746185414,43.639023838530306,35
tau_FD,S_conc,2008.0,nonautonomous,hold,35.668440752114606,32.51872603621577,40.23214905581427,35
tau_FD,S_conc,2008.0,nonautonomous,mean5,35.493169777852835,32.84569158735437,40.58351845352744,35
tau_FD,S_conc,2008.0,nonautonomous,trend20,35.853029516067394,32.71423162340683,38.20119714068204,35
tau_FD,S_conc,2008.0,nonautonomous,trend50,36.404431364039425,33.23329925895219,39.09060333431614,30
tau_FD,S_conc,2009.0,frozen,,37.001377850623776,32.92322735281307,40.867893809577396,35
tau_FD,S_conc,2009.0,nonautonomous,hold,35.37254347458183,32.68532519500995,39.56102965785372,35
tau_FD,S_conc,2009.0,nonautonomous,mean5,35.79360517812842,32.72470665473466,39.60266350852295,35
tau_FD,S_conc,2009.0,nonautonomous,trend20,36.4843596903076,32.36729635044084,38.65283863819039,35
tau_FD,S_conc,2009.0,nonautonomous,trend50,35.83591308312103,32.5293453131354,40.000454597453626,30
tau_FD,S_conc,2010.0,frozen,,35.86265690812991,31.899488595599905,39.588189250125495,35
tau_FD,S_conc,2010.0,nonautonomous,hold,35.73958747041825,33.38121941291246,40.32864626665116,35
tau_FD,S_conc,2010.0,nonautonomous,mean5,35.68869227127435,33.11369723584443,40.277680740346355,35
tau_FD,S_conc,2010.0,nonautonomous,trend20,36.10920518470763,32.598821976748255,39.15877214406804,35
tau_FD,S_conc,2010.0,nonautonomous,trend50,36.48830878902069,32.68542732664115,40.49430484627263,30
tau_FD,S_conc,2011.0,frozen,,35.815622432104774,32.362140239642,41.38291150138089,35
tau_FD,S_conc,2011.0,nonautonomous,hold,35.414185926818135,32.406817868088446,40.54339599243306,35
tau_FD,S_conc,2011.0,nonautonomous,mean5,35.476045192421225,32.48829419795773,40.4281724704915,35
tau_FD,S_conc,2011.0,nonautonomous,trend20,36.30434010690301,32.67176313381542,38.42664310247594,35
tau_FD,S_conc,2011.0,nonautonomous,trend50,36.54101818471767,31.872609658269965,39.60380574313701,30
tau_FD,S_conc,2012.0,frozen,,35.167566545305355,32.103002047295696,40.49770392356405,35
tau_FD,S_conc,2012.0,nonautonomous,hold,35.35328423658186,31.926990194039572,39.73545872724068,35
tau_FD,S_conc,2012.0,nonautonomous,mean5,35.370476508788656,31.70230433803284,39.62168557479155,35
tau_FD,S_conc,2012.0,nonautonomous,trend20,36.380486894294236,32.35236677549455,38.42238610569565,35
tau_FD,S_conc,2012.0,nonautonomous,trend50,36.22110700479092,32.02163712807957,39.487071708835884,30
tau_FD,S_conc,2013.0,frozen,,35.429569726356924,31.79872564061733,39.34949288932712,35
tau_FD,S_conc,2013.0,nonautonomous,hold,35.25733319496325,31.754896275148123,39.48612938676736,35
tau_FD,S_conc,2013.0,nonautonomous,mean5,35.258405484107875,31.86121226764722,39.297513728795856,35
tau_FD,S_conc,2013.0,nonautonomous,trend20,36.03127085720628,31.830098674301354,38.95977697993044,35
tau_FD,S_conc,2013.0,nonautonomous,trend50,35.815252552559116,32.32229424085365,40.230791799196545,30
tau_FD,S_conc,2014.0,frozen,,35.30395924653967,33.104658796638006,39.20487568208403,35
tau_FD,S_conc,2014.0,nonautonomous,hold,35.05039383888604,31.957437690155047,39.26383317087959,35
tau_FD,S_conc,2014.0,nonautonomous,mean5,35.09674742146333,31.950522621704998,39.2475368561574,35
tau_FD,S_conc,2014.0,nonautonomous,trend20,35.66128772352236,32.27126634887209,38.77151640402404,35
tau_FD,S_conc,2014.0,nonautonomous,trend50,35.26440217544716,32.21678004966103,41.154090433585864,30
tau_FD,S_conc,2015.0,frozen,,35.637264277237186,32.93544583340251,39.38505426960603,35
tau_FD,S_conc,2015.0,nonautonomous,hold,35.09044952024477,32.22680956042235,38.774698457733855,35
tau_FD,S_conc,2015.0,nonautonomous,mean5,35.23667676584604,32.30039709524691,39.182956748955675,35
tau_FD,S_conc,2015.0,nonautonomous,trend20,35.14436912854914,32.63442027863975,38.939696613030804,35
tau_FD,S_conc,2015.0,nonautonomous,trend50,35.14686652365796,32.375139038841745,41.5299159253861,30
tau_FD,S_conc,2016.0,frozen,,34.98386619487345,32.13669640781244,39.18566147241573,35
tau_FD,S_conc,2016.0,nonautonomous,hold,35.39456252193955,32.57073401136793,39.58735744965764,35
tau_FD,S_conc,2016.0,nonautonomous,mean5,34.9664585882284,32.30126288373573,39.322781717088326,35
tau_FD,S_conc,2016.0,nonautonomous,trend20,35.32135821277268,32.651334565754155,38.94309725907218,35
tau_FD,S_conc,2016.0,nonautonomous,trend50,35.22831442319034,32.87811708270992,41.023527821473245,30
tau_FD,S_conc,2017.0,frozen,,34.69916072755587,31.58232228813754,38.59682958314903,35
tau_FD,S_conc,2017.0,nonautonomous,hold,34.78817230696139,32.23754414718449,39.14884565742687,35
tau_FD,S_conc,2017.0,nonautonomous,mean5,34.681254877369,32.33838998188095,38.87931363553875,35
tau_FD,S_conc,2017.0,nonautonomous,trend20,34.63046635535148,32.72230502358993,39.06159870018883,35
tau_FD,S_conc,2017.0,nonautonomous,trend50,35.04492086184086,32.823772600849274,41.2626509007363,30
tau_FD,S_conc,2018.0,frozen,,34.775368644617124,31.920283305984412,39.15237075053457,35
tau_FD,S_conc,2018.0,nonautonomous,hold,34.61082983868465,32.03449935656211,39.1689192199481,35
tau_FD,S_conc,2018.0,nonautonomous,mean5,34.88738943131399,31.911845186647007,38.89434814735759,35
tau_FD,S_conc,2018.0,nonautonomous,trend20,34.74690165718415,32.29525754760752,38.70334759419954,35
tau_FD,S_conc,2018.0,nonautonomous,trend50,34.762448773662584,32.68127518152287,41.124678394564526,30
tau_FD,S_conc,2019.0,frozen,,34.41085858760334,31.694838354502693,38.16006015396029,35
tau_FD,S_conc,2019.0,nonautonomous,hold,34.41085858760334,31.694838354502693,38.16006015396029,35
tau_FD,S_conc,2019.0,nonautonomous,mean5,35.00275158234002,32.3436556096335,39.136775853652495,35
tau_FD,S_conc,2019.0,nonautonomous,trend20,33.798527304579004,32.1869146998273,39.160727393777734,35
tau_FD,S_conc,2019.0,nonautonomous,trend50,34.14411458846887,32.246744998683724,41.8412682749491,30
tau_FD,S_ref,1980.0,frozen,,36.294748819489755,34.5398495875185,38.01573975071214,35
tau_FD,S_ref,1980.0,nonautonomous,hold,38.15369267676533,36.68784000302264,39.84084884213724,35
tau_FD,S_ref,1980.0,nonautonomous,mean5,38.33635259258763,36.646755705512554,39.66041311972575,35
tau_FD,S_ref,1980.0,nonautonomous,trend20,38.497789608065496,36.71532010960662,39.99790285705984,35
tau_FD,S_ref,1980.0,nonautonomous,trend50,38.25451704843504,36.43401854940892,40.361142504831804,30
tau_FD,S_ref,1981.0,frozen,,35.960895708712314,34.969779722809704,37.45104218535478,35
tau_FD,S_ref,1981.0,nonautonomous,hold,37.64551237941786,36.48013649275768,38.781487393885214,35
tau_FD,S_ref,1981.0,nonautonomous,mean5,37.5992074333371,36.54438689601116,39.11520625596262,35
tau_FD,S_ref,1981.0,nonautonomous,trend20,37.46390618756441,36.677588899955296,39.189282391757175,35
tau_FD,S_ref,1981.0,nonautonomous,trend50,37.93894171738613,36.67087829402806,40.27019008653533,30
tau_FD,S_ref,1982.0,frozen,,36.73228007961318,35.89992218076719,37.835870433777295,35
tau_FD,S_ref,1982.0,nonautonomous,hold,37.49632712685032,36.7540462914783,38.96615014592902,35
tau_FD,S_ref,1982.0,nonautonomous,mean5,37.638372427025935,36.819323699383226,38.8976405772726,35
tau_FD,S_ref,1982.0,nonautonomous,trend20,37.65277909365402,36.64814367978811,39.165179355840046,35
tau_FD,S_ref,1982.0,nonautonomous,trend50,37.967745144606575,36.516770093490756,39.943590591521335,30
tau_FD,S_ref,1983.0,frozen,,36.160690973908494,35.37083134956606,36.96656653528379,35
tau_FD,S_ref,1983.0,nonautonomous,hold,37.612757516984864,36.70783093894394,38.74478043656336,35
tau_FD,S_ref,1983.0,nonautonomous,mean5,37.792551478603116,36.778717514736584,38.523250528221936,35
tau_FD,S_ref,1983.0,nonautonomous,trend20,37.599709972524536,36.3797183043492,38.968169569584134,35
tau_FD,S_ref,1983.0,nonautonomous,trend50,37.92106131894289,35.796909669899854,39.669674924785866,30
tau_FD,S_ref,1984.0,frozen,,36.008989543431,34.52015900638379,36.962870581027644,35
tau_FD,S_ref,1984.0,nonautonomous,hold,36.73296765535999,35.72698082622911,38.00892483503174,35
tau_FD,S_ref,1984.0,nonautonomous,mean5,37.0144678766367,36.008643610736186,38.01583338562411,35
tau_FD,S_ref,1984.0,nonautonomous,trend20,36.73269395675798,35.64572378242058,37.897086078872704,35
tau_FD,S_ref,1984.0,nonautonomous,trend50,36.609888620580264,35.85942522969185,38.73809678688624,30
tau_FD,S_ref,1985.0,frozen,,35.34050980849512,34.05870083282883,36.79125698679365,35
tau_FD,S_ref,1985.0,nonautonomous,hold,36.50973106609077,35.543598306071544,38.01621095798231,35
tau_FD,S_ref,1985.0,nonautonomous,mean5,36.55447376616041,35.53024551715873,38.07883262164175,35
tau_FD,S_ref,1985.0,nonautonomous,trend20,36.60180312655595,35.28099072775592,38.1738262792846,35
tau_FD,S_ref,1985.0,nonautonomous,trend50,36.61342734862757,34.98293780182116,38.76968762232524,30
tau_FD,S_ref,1986.0,frozen,,34.95731325838272,32.95846557184932,36.40358896156241,35
tau_FD,S_ref,1986.0,nonautonomous,hold,36.37168583593162,35.65969378671612,37.812814298468666,35
tau_FD,S_ref,1986.0,nonautonomous,mean5,36.41727665838825,35.60689769577944,37.55812399552305,35
tau_FD,S_ref,1986.0,nonautonomous,trend20,36.09109365908677,35.15627522958558,38.0297221502623,35
tau_FD,S_ref,1986.0,nonautonomous,trend50,36.7648806335463,35.158855755353244,38.14132214477604,30
tau_FD,S_ref,1987.0,frozen,,32.728080812383155,31.078677965996093,34.429470094193775,35
tau_FD,S_ref,1987.0,nonautonomous,hold,36.40626169498972,34.793210555935204,37.67916524360908,35
tau_FD,S_ref,1987.0,nonautonomous,mean5,36.28539897419161,34.930560790790466,37.73252739253746,35
tau_FD,S_ref,1987.0,nonautonomous,trend20,35.67496802355767,34.98042307662122,38.5095376939871,35
tau_FD,S_ref,1987.0,nonautonomous,trend50,36.251530554717604,34.73793639845756,39.375882486423265,30
tau_FD,S_ref,1988.0,frozen,,32.059062892022695,29.44006059952333,33.16056823700276,35
tau_FD,S_ref,1988.0,nonautonomous,hold,35.524508682708365,33.68632845257973,37.33852372177833,35
tau_FD,S_ref,1988.0,nonautonomous,mean5,35.459821847285966,33.865811322375464,37.33815689822917,35
tau_FD,S_ref,1988.0,nonautonomous,trend20,35.104043839941355,33.37670537411273,37.218644856823246,35
tau_FD,S_ref,1988.0,nonautonomous,trend50,35.231410915756456,33.91381368942274,37.68095249285337,30
tau_FD,S_ref,1989.0,frozen,,31.929207130967924,30.18094348672424,33.88615788262586,35
tau_FD,S_ref,1989.0,nonautonomous,hold,35.23673289323371,33.59713494510507,36.622547830595735,35
tau_FD,S_ref,1989.0,nonautonomous,mean5,35.28463120598384,33.636559040867496,36.73587169131923,35
tau_FD,S_ref,1989.0,nonautonomous,trend20,35.043173572012606,33.2181675142929,37.32732331261114,35
tau_FD,S_ref,1989.0,nonautonomous,trend50,35.3189101220114,33.01724185907473,37.743224703617116,30
tau_FD,S_ref,1990.0,frozen,,35.43059330103732,32.986790507836695,36.552070807676756,35
tau_FD,S_ref,1990.0,nonautonomous,hold,36.064480421367406,34.04922081570302,37.30920878901325,35
tau_FD,S_ref,1990.0,nonautonomous,mean5,36.01516236997476,34.037187509492604,37.2238903190974,35
tau_FD,S_ref,1990.0,nonautonomous,trend20,35.813318915053,34.28978452071481,37.311040531839595,35
tau_FD,S_ref,1990.0,nonautonomous,trend50,35.84697587832996,34.50403796843804,38.43317673361256,30
tau_FD,S_ref,1991.0,frozen,,34.34873843177093,32.461853896173025,36.07540073574682,35
tau_FD,S_ref,1991.0,nonautonomous,hold,35.93970784866441,34.21870748759861,37.07757022524326,35
tau_FD,S_ref,1991.0,nonautonomous,mean5,35.71757067762724,34.18082998029801,36.99781404227062,35
tau_FD,S_ref,1991.0,nonautonomous,trend20,35.66091982222228,34.22075325236058,37.27350078594756,35
tau_FD,S_ref,1991.0,nonautonomous,trend50,35.87853168003723,33.900707486941144,38.578490879471715,30
tau_FD,S_ref,1992.0,frozen,,33.92123838195819,32.33428222822033,34.71724455057132,35
tau_FD,S_ref,1992.0,nonautonomous,hold,35.26705884083039,34.345970757749555,36.634825365598886,35
tau_FD,S_ref,1992.0,nonautonomous,mean5,35.33877178597605,34.28404553212385,36.51319863741576,35
tau_FD,S_ref,1992.0,nonautonomous,trend20,35.18106114760674,34.0166876192334,36.68724906451021,35
tau_FD,S_ref,1992.0,nonautonomous,trend50,35.62290088475917,34.13951359203172,38.23457497183469,30
tau_FD,S_ref,1993.0,frozen,,33.85428265411526,32.09815923314258,34.980504416097915,35
tau_FD,S_ref,1993.0,nonautonomous,hold,35.984005447473976,34.732847693952436,37.52184332042686,35
tau_FD,S_ref,1993.0,nonautonomous,mean5,36.20048510336858,34.66093215798598,37.49639150636409,35
tau_FD,S_ref,1993.0,nonautonomous,trend20,36.29464166496266,34.2031708576836,37.60879317372836,35
tau_FD,S_ref,1993.0,nonautonomous,trend50,36.04335058031489,34.03476527584556,38.38601630850456,30
tau_FD,S_ref,1994.0,frozen,,33.02556004045028,31.03882846872714,34.558938302511315,35
tau_FD,S_ref,1994.0,nonautonomous,hold,36.36629257170672,34.484001152267766,37.943092989524324,35
tau_FD,S_ref,1994.0,nonautonomous,mean5,36.35298374838369,34.736563231964254,37.773263520219345,35
tau_FD,S_ref,1994.0,nonautonomous,trend20,35.9952112451054,34.59996779128608,38.44619433359442,35
tau_FD,S_ref,1994.0,nonautonomous,trend50,35.63691028188728,34.26040906025057,39.06896121656386,30
tau_FD,S_ref,1995.0,frozen,,33.05772801001061,32.429495161115824,34.92838359500786,35
tau_FD,S_ref,1995.0,nonautonomous,hold,37.0141169700327,35.10776349083885,38.09295157174954,35
tau_FD,S_ref,1995.0,nonautonomous,mean5,36.93690665643899,35.1868530519267,38.24303821549997,35
tau_FD,S_ref,1995.0,nonautonomous,trend20,36.507886728624854,34.78952860652423,38.3301375974236,35
tau_FD,S_ref,1995.0,nonautonomous,trend50,36.462214552969016,34.543923469481925,39.24113711114822,30
tau_FD,S_ref,1996.0,frozen,,34.47102186738379,32.98056231141719,35.78481627820532,35
tau_FD,S_ref,1996.0,nonautonomous,hold,36.61023205266867,35.167070913793324,38.611159326973095,35
tau_FD,S_ref,1996.0,nonautonomous,mean5,36.56200381906908,35.299074567503084,38.631342189923814,35
tau_FD,S_ref,1996.0,nonautonomous,trend20,37.1088756819391,34.53369525776529,38.30418614705189,35
tau_FD,S_ref,1996.0,nonautonomous,trend50,37.14705238184399,34.48017219299676,39.18453728612762,30
tau_FD,S_ref,1997.0,frozen,,35.0079434861451,33.294539927001864,35.8319040511285,35
tau_FD,S_ref,1997.0,nonautonomous,hold,37.07440077548774,35.02585391963876,38.570305438678055,35
tau_FD,S_ref,1997.0,nonautonomous,mean5,37.00309202262413,35.02097403118809,38.375293578162044,35
tau_FD,S_ref,1997.0,nonautonomous,trend20,37.020811232721016,35.03898092049431,37.76907384686764,35
tau_FD,S_ref,1997.0,nonautonomous,trend50,36.68981931838533,35.01792198823999,38.78531566291216,30
tau_FD,S_ref,1998.0,frozen,,35.64344462995044,34.147790741520396,36.91333419609377,35
tau_FD,S_ref,1998.0,nonautonomous,hold,37.34228587019566,35.321845040105785,38.55780843141352,35
tau_FD,S_ref,1998.0,nonautonomous,mean5,37.568413247093815,35.36590911291828,38.5462799751675,35
tau_FD,S_ref,1998.0,nonautonomous,trend20,36.998632935093,35.34444395335764,38.88960643118246,35
tau_FD,S_ref,1998.0,nonautonomous,trend50,37.215465058116784,35.62406191618716,39.064666563761904,30
tau_FD,S_ref,1999.0,frozen,,34.9100192600301,33.350531827196484,36.633929212503546,35
tau_FD,S_ref,1999.0,nonautonomous,hold,37.07880198011399,35.56091713917407,38.94848208930854,35
tau_FD,S_ref,1999.0,nonautonomous,mean5,36.77534272971766,35.68115291598919,38.78459025813927,35
tau_FD,S_ref,1999.0,nonautonomous,trend20,37.24452698240431,35.48525131010944,39.26603605156865,35
tau_FD,S_ref,1999.0,nonautonomous,trend50,37.39609926285189,35.82102480009947,39.617828444700784,30
tau_FD,S_ref,2000.0,frozen,,35.95498464161065,34.06096844415059,37.80779266719896,35
tau_FD,S_ref,2000.0,nonautonomous,hold,37.03183195176648,35.6784196932701,40.083083333216564,35
tau_FD,S_ref,2000.0,nonautonomous,mean5,37.27116229413103,35.72237964933839,40.018045025004625,35
tau_FD,S_ref,2000.0,nonautonomous,trend20,37.54737670454365,35.68489812140646,39.33447728095827,35
tau_FD,S_ref,2000.0,nonautonomous,trend50,37.73946436355765,35.64634531015302,39.251255607156,30
tau_FD,S_ref,2001.0,frozen,,37.0489717797268,36.103361363787506,39.18980882002523,35
tau_FD,S_ref,2001.0,nonautonomous,hold,37.34654489514462,35.15476104342743,40.30574617004815,35
tau_FD,S_ref,2001.0,nonautonomous,mean5,37.36609511871215,35.49030662944597,40.066881281856155,35
tau_FD,S_ref,2001.0,nonautonomous,trend20,37.65357668341768,35.82968094924415,39.844778122854876,35
tau_FD,S_ref,2001.0,nonautonomous,trend50,37.97163561313489,35.71407761623948,39.98715231377381,30
tau_FD,S_ref,2002.0,frozen,,37.26379555311315,35.60719351959935,39.62453036849581,35
tau_FD,S_ref,2002.0,nonautonomous,hold,37.6615531428948,34.474791044444196,40.90371109825444,35
tau_FD,S_ref,2002.0,nonautonomous,mean5,37.89916683847407,34.744249116037224,40.62830326991552,35
tau_FD,S_ref,2002.0,nonautonomous,trend20,38.000067003631386,35.126123185547584,40.38431027623171,35
tau_FD,S_ref,2002.0,nonautonomous,trend50,38.37201355694009,34.51241031437069,41.24408876166508,30
tau_FD,S_ref,2003.0,frozen,,36.01895189805789,32.9381992969131,39.41299779412878,35
tau_FD,S_ref,2003.0,nonautonomous,hold,37.67585845103706,34.59681840325241,41.40955267470011,35
tau_FD,S_ref,2003.0,nonautonomous,mean5,37.68805374712336,34.80567436121472,41.244019603524244,35
tau_FD,S_ref,2003.0,nonautonomous,trend20,38.680096612398096,34.09978771194332,40.548944105694815,35
tau_FD,S_ref,2003.0,nonautonomous,trend50,38.598638565572664,34.018254042833156,41.45057102630143,30
tau_FD,S_ref,2004.0,frozen,,36.638056115913386,33.73231734420597,39.8985676115214,35
tau_FD,S_ref,2004.0,nonautonomous,hold,37.565260459550544,35.13907689625003,41.29470316401374,35
tau_FD,S_ref,2004.0,nonautonomous,mean5,37.19619925141428,35.39590366924891,41.333848900466656,35
tau_FD,S_ref,2004.0,nonautonomous,trend20,38.92995918153152,35.24104694236168,41.571790115161335,35
tau_FD,S_ref,2004.0,nonautonomous,trend50,38.49815218659356,35.1548592209657,42.380386500700624,30
tau_FD,S_ref,2005.0,frozen,,36.798813672324364,33.83531489816431,41.54803448787362,35
tau_FD,S_ref,2005.0,nonautonomous,hold,38.23282733742532,34.50589416645661,41.200597648285466,35
tau_FD,S_ref,2005.0,nonautonomous,mean5,38.20585706281885,34.72638299374982,41.31323544033842,35
tau_FD,S_ref,2005.0,nonautonomous,trend20,39.15060309664362,34.670631144899005,41.04737011914473,35
tau_FD,S_ref,2005.0,nonautonomous,trend50,38.56766945283668,35.12696883688258,42.19764062923836,30
tau_FD,S_ref,2006.0,frozen,,37.24518317024023,33.4832778933348,42.56720203406381,35
tau_FD,S_ref,2006.0,nonautonomous,hold,37.5706785378748,34.45354014474729,41.68567845348962,35
tau_FD,S_ref,2006.0,nonautonomous,mean5,37.0020390354748,34.5362837771729,41.94890272084581,35
tau_FD,S_ref,2006.0,nonautonomous,trend20,37.01976518716414,33.78325608272696,41.53654458947376,35
tau_FD,S_ref,2006.0,nonautonomous,trend50,36.95538756888418,33.51331019930366,43.17597974992344,30
tau_FD,S_ref,2007.0,frozen,,38.098800867673816,32.91090254528646,41.9820671091214,35
tau_FD,S_ref,2007.0,nonautonomous,hold,37.13050307955334,34.002081483336724,40.86500644507394,35
tau_FD,S_ref,2007.0,nonautonomous,mean5,37.45111083049035,34.23149536277509,41.01400163361879,35
tau_FD,S_ref,2007.0,nonautonomous,trend20,36.64991886144724,34.11040257115381,42.1813682035895,35
tau_FD,S_ref,2007.0,nonautonomous,trend50,36.7873932183659,34.19211523605493,42.72709280643333,30
tau_FD,S_ref,2008.0,frozen,,38.65709027147786,35.37834719833694,45.71194313951813,35
tau_FD,S_ref,2008.0,nonautonomous,hold,37.396132775751674,34.364480375876845,42.3350569066876,35
tau_FD,S_ref,2008.0,nonautonomous,mean5,37.614449156139884,34.71159396052254,42.47430065689153,35
tau_FD,S_ref,2008.0,nonautonomous,trend20,37.510143878903335,34.212236688053764,40.12190731398858,35
tau_FD,S_ref,2008.0,nonautonomous,trend50,38.00655574642806,34.61452124839612,41.11044261167997,30
tau_FD,S_ref,2009.0,frozen,,38.64585926990806,34.39994873952773,42.824300469293206,35
tau_FD,S_ref,2009.0,nonautonomous,hold,36.93873370543132,33.56537177390172,41.283471514724056,35
tau_FD,S_ref,2009.0,nonautonomous,mean5,37.276970687106676,33.724609930986844,41.54790940820001,35
tau_FD,S_ref,2009.0,nonautonomous,trend20,38.29880561019333,33.69607068599354,40.367467137317504,35
tau_FD,S_ref,2009.0,nonautonomous,trend50,37.880245292223414,33.53068708976525,41.403120822026764,30
tau_FD,S_ref,2010.0,frozen,,37.547618670685495,33.37057380442855,41.48679379993488,35
tau_FD,S_ref,2010.0,nonautonomous,hold,37.58362925340505,34.95404291333388,42.17432279270181,35
tau_FD,S_ref,2010.0,nonautonomous,mean5,37.53025089745198,34.951963809902125,42.15410951584885,35
tau_FD,S_ref,2010.0,nonautonomous,trend20,38.1478637192005,34.091750763351975,41.403582123254495,35
tau_FD,S_ref,2010.0,nonautonomous,trend50,38.03844858960929,34.407876961428556,42.788295757897416,30
tau_FD,S_ref,2011.0,frozen,,37.53857537416834,33.846757775665296,43.38262358025437,35
tau_FD,S_ref,2011.0,nonautonomous,hold,37.2910528648133,34.01562117242976,42.63792050645104,35
tau_FD,S_ref,2011.0,nonautonomous,mean5,37.189343303607764,34.0659970270096,42.468885445872225,35
tau_FD,S_ref,2011.0,nonautonomous,trend20,37.926949643609305,34.119018279890824,40.40188120180082,35
tau_FD,S_ref,2011.0,nonautonomous,trend50,38.32780257305686,33.312952820343455,41.469480614013385,30
tau_FD,S_ref,2012.0,frozen,,36.84920136711205,33.53540595398803,42.482904311227614,35
tau_FD,S_ref,2012.0,nonautonomous,hold,37.00448429130109,33.47229988581185,41.75535467825489,35
tau_FD,S_ref,2012.0,nonautonomous,mean5,37.151746282657214,33.3293780538273,41.68831955671463,35
tau_FD,S_ref,2012.0,nonautonomous,trend20,38.076563604402764,34.04996296972461,40.29281304996823,35
tau_FD,S_ref,2012.0,nonautonomous,trend50,38.01713383716982,33.43090514982674,41.25767281034392,30
tau_FD,S_ref,2013.0,frozen,,37.07861505227484,33.2914479444858,41.25947762537797,35
tau_FD,S_ref,2013.0,nonautonomous,hold,36.921214926085696,33.224628673443846,41.361959906161516,35
tau_FD,S_ref,2013.0,nonautonomous,mean5,37.02558725272622,33.266722816492724,41.21507152599972,35
tau_FD,S_ref,2013.0,nonautonomous,trend20,37.74356960153028,33.337765073956206,40.87902939154338,35
tau_FD,S_ref,2013.0,nonautonomous,trend50,37.58223715155168,33.69788990214779,41.97704898952711,30
tau_FD,S_ref,2014.0,frozen,,36.98957949648281,34.64074948415764,41.0929704190579,35
tau_FD,S_ref,2014.0,nonautonomous,hold,37.01861990567892,33.444084890900406,41.36344150983912,35
tau_FD,S_ref,2014.0,nonautonomous,mean5,36.99608026259888,33.43714320936016,41.12773352262573,35
tau_FD,S_ref,2014.0,nonautonomous,trend20,37.547266794913114,33.42227248892611,40.60904289888022,35
tau_FD,S_ref,2014.0,nonautonomous,trend50,37.12933069078887,33.79222044062678,42.981774319928064,30
tau_FD,S_ref,2015.0,frozen,,37.30650002288458,34.42387506841332,41.238402952373136,35
tau_FD,S_ref,2015.0,nonautonomous,hold,36.91394297613207,33.66786073990431,40.38482147054127,35
tau_FD,S_ref,2015.0,nonautonomous,mean5,36.84864383447251,33.8420452973037,40.810542142786254,35
tau_FD,S_ref,2015.0,nonautonomous,trend20,36.63880452053485,34.07975990765377,40.96722755116942,35
tau_FD,S_ref,2015.0,nonautonomous,trend50,36.65115627309069,33.782474206095344,43.62359185211949,30
tau_FD,S_ref,2016.0,frozen,,36.65596590820272,33.65333364233897,41.0733650112623,35
tau_FD,S_ref,2016.0,nonautonomous,hold,37.268309035391226,34.014612509337226,41.54461753294756,35
tau_FD,S_ref,2016.0,nonautonomous,mean5,36.81882538213686,33.783972834076934,41.31605255686059,35
tau_FD,S_ref,2016.0,nonautonomous,trend20,37.12854143535925,34.137865256163124,40.8212457529554,35
tau_FD,S_ref,2016.0,nonautonomous,trend50,37.10250632403981,34.281603805195495,42.97383381742731,30
tau_FD,S_ref,2017.0,frozen,,36.376110441393166,33.04332394765767,40.475702467079294,35
tau_FD,S_ref,2017.0,nonautonomous,hold,36.28315701591923,33.80462067337517,41.07249197399686,35
tau_FD,S_ref,2017.0,nonautonomous,mean5,36.1660075882485,33.98154506717201,40.7893878032695,35
tau_FD,S_ref,2017.0,nonautonomous,trend20,36.408920786460996,34.17121286772205,41.06509588295191,35
tau_FD,S_ref,2017.0,nonautonomous,trend50,36.64428061113097,34.407903083643454,43.35071484874014,30
tau_FD,S_ref,2018.0,frozen,,36.46873672438533,33.45231425473875,41.05455194624852,35
tau_FD,S_ref,2018.0,nonautonomous,hold,36.51613431026332,33.551836561343414,41.03166703521718,35
tau_FD,S_ref,2018.0,nonautonomous,mean5,36.636494645462626,33.38502115456417,40.74329010346597,35
tau_FD,S_ref,2018.0,nonautonomous,trend20,36.659551055464846,33.809389508835764,40.543709660847725,35
tau_FD,S_ref,2018.0,nonautonomous,trend50,36.7997371132319,34.208795276026066,43.01527887431511,30
tau_FD,S_ref,2019.0,frozen,,36.03753775040963,33.17681791686189,40.02166596098104,35
tau_FD,S_ref,2019.0,nonautonomous,hold,36.03753775040963,33.17681791686189,40.02166596098104,35
tau_FD,S_ref,2019.0,nonautonomous,mean5,36.685891445133066,33.846558885016805,41.036700363678605,35
tau_FD,S_ref,2019.0,nonautonomous,trend20,35.462869411768665,33.656477864114905,41.09331073461671,35
tau_FD,S_ref,2019.0,nonautonomous,trend50,35.79451472005083,33.80611173770747,43.91209465113462,30
tau_FD,S_iu_short,1980.0,frozen,,14.857461346906708,14.640911543072963,15.101306106089307,35
tau_FD,S_iu_short,1980.0,nonautonomous,hold,16.237485499495925,15.929604420309932,16.49102337528826,35
tau_FD,S_iu_short,1980.0,nonautonomous,mean5,16.24134482170416,15.95133995306657,16.441622327337207,35
tau_FD,S_iu_short,1980.0,nonautonomous,trend20,16.130611902462288,15.942120367092471,16.485662693164446,35
tau_FD,S_iu_short,1980.0,nonautonomous,trend50,16.22464518891191,15.894639354813908,16.511766917183103,30
tau_FD,S_iu_short,1981.0,frozen,,15.536205363952378,15.27249537626372,16.048113055587883,35
tau_FD,S_iu_short,1981.0,nonautonomous,hold,16.34811574340885,16.019286718681975,16.598048499665975,35
tau_FD,S_iu_short,1981.0,nonautonomous,mean5,16.30826720516353,16.028511056777166,16.553225322917008,35
tau_FD,S_iu_short,1981.0,nonautonomous,trend20,16.200754669857833,16.02002666101795,16.605463287422516,35
tau_FD,S_iu_short,1981.0,nonautonomous,trend50,16.31490932066358,15.957753641561313,16.62168385229767,30
tau_FD,S_iu_short,1982.0,frozen,,16.326823161336495,15.959532205651584,16.649984695681653,35
tau_FD,S_iu_short,1982.0,nonautonomous,hold,16.377873863002822,16.0269253594171,16.63682766451246,35
tau_FD,S_iu_short,1982.0,nonautonomous,mean5,16.337646112179186,16.05187527021914,16.598307317866713,35
tau_FD,S_iu_short,1982.0,nonautonomous,trend20,16.233401775408755,16.022566238438365,16.652317472231005,35
tau_FD,S_iu_short,1982.0,nonautonomous,trend50,16.314105761849284,15.957813320770024,16.649041724539167,30
tau_FD,S_iu_short,1983.0,frozen,,15.591854633179466,15.075727761624835,15.766833964193033,35
tau_FD,S_iu_short,1983.0,nonautonomous,hold,16.374244219115063,16.02677446424525,16.655534566276067,35
tau_FD,S_iu_short,1983.0,nonautonomous,mean5,16.36569600028725,16.043354238196173,16.61029865337239,35
tau_FD,S_iu_short,1983.0,nonautonomous,trend20,16.293923589141478,16.041690452875677,16.6944862116124,35
tau_FD,S_iu_short,1983.0,nonautonomous,trend50,16.331719092811312,15.95510625461086,16.68633752135853,30
tau_FD,S_iu_short,1984.0,frozen,,16.10802149198988,15.813922290781232,16.41877527960779,35
tau_FD,S_iu_short,1984.0,nonautonomous,hold,16.415076700816584,16.048462939432003,16.69209788307555,35
tau_FD,S_iu_short,1984.0,nonautonomous,mean5,16.382863109544495,16.055031024220142,16.655168085806373,35
tau_FD,S_iu_short,1984.0,nonautonomous,trend20,16.319311023168563,16.06438787858761,16.78160736696133,35
tau_FD,S_iu_short,1984.0,nonautonomous,trend50,16.385616027738806,15.976241310660251,16.732009998320006,30
tau_FD,S_iu_short,1985.0,frozen,,15.837641682688808,15.54896896296744,16.117609825522557,35
tau_FD,S_iu_short,1985.0,nonautonomous,hold,16.449460148428706,16.068350199451736,16.734614178990594,35
tau_FD,S_iu_short,1985.0,nonautonomous,mean5,16.424169418151887,16.07819736855177,16.687953567002136,35
tau_FD,S_iu_short,1985.0,nonautonomous,trend20,16.332502994962482,16.07365353610112,16.84675108530358,35
tau_FD,S_iu_short,1985.0,nonautonomous,trend50,16.42993425197526,15.983465290709178,16.764859162502788,30
tau_FD,S_iu_short,1986.0,frozen,,14.919353010782846,14.58202565067473,15.46953240801324,35
tau_FD,S_iu_short,1986.0,nonautonomous,hold,16.54784172189968,16.17480664903339,16.877428644904235,35
tau_FD,S_iu_short,1986.0,nonautonomous,mean5,16.53386139773952,16.184092625764748,16.822708955646384,35
tau_FD,S_iu_short,1986.0,nonautonomous,trend20,16.42977228400818,16.168768602630927,16.993573312511895,35
tau_FD,S_iu_short,1986.0,nonautonomous,trend50,16.548503944453152,16.08607730220943,16.902104048952452,30
tau_FD,S_iu_short,1987.0,frozen,,13.69023172389925,13.38374011471038,13.873424685399161,35
tau_FD,S_iu_short,1987.0,nonautonomous,hold,16.75048171039503,16.40822771753324,17.153529780263295,35
tau_FD,S_iu_short,1987.0,nonautonomous,mean5,16.746043996073006,16.41809461635897,17.090431333739645,35
tau_FD,S_iu_short,1987.0,nonautonomous,trend20,16.673492381615784,16.39381079720435,17.250399055316755,35
tau_FD,S_iu_short,1987.0,nonautonomous,trend50,16.802939800656794,16.281558653081785,17.190899242745182,30
tau_FD,S_iu_short,1988.0,frozen,,13.694870664989983,13.509141713717609,13.989150616926434,35
tau_FD,S_iu_short,1988.0,nonautonomous,hold,17.040040990111777,16.675220660037844,17.485514474812838,35
tau_FD,S_iu_short,1988.0,nonautonomous,mean5,17.037634085760637,16.68533446300276,17.418709110058135,35
tau_FD,S_iu_short,1988.0,nonautonomous,trend20,16.991291131501548,16.65910460231506,17.573623096237387,35
tau_FD,S_iu_short,1988.0,nonautonomous,trend50,17.10648689103447,16.543319287558376,17.536505074258187,30
tau_FD,S_iu_short,1989.0,frozen,,14.78338071329367,14.5280180856149,14.991755650879746,35
tau_FD,S_iu_short,1989.0,nonautonomous,hold,17.29146248740484,16.883253928307724,17.790386232657998,35
tau_FD,S_iu_short,1989.0,nonautonomous,mean5,17.315389763798525,16.894330423535244,17.71892758783506,35
tau_FD,S_iu_short,1989.0,nonautonomous,trend20,17.238432622890414,16.873757527402116,17.86294568444344,35
tau_FD,S_iu_short,1989.0,nonautonomous,trend50,17.367032801757055,16.74781782761009,17.846033998985625,30
tau_FD,S_iu_short,1990.0,frozen,,17.0155680299782,16.611734081195785,17.25360392732123,35
tau_FD,S_iu_short,1990.0,nonautonomous,hold,17.396158389568757,16.979283922425967,17.952471343469337,35
tau_FD,S_iu_short,1990.0,nonautonomous,mean5,17.459102940068465,16.990686028029685,17.90877594051001,35
tau_FD,S_iu_short,1990.0,nonautonomous,trend20,17.327045569348492,16.960334735792706,18.03013456224353,35
tau_FD,S_iu_short,1990.0,nonautonomous,trend50,17.48523381599773,16.838417922434562,18.048152376662873,30
tau_FD,S_iu_short,1991.0,frozen,,16.306889482870375,16.130925729340486,16.81037380826252,35
tau_FD,S_iu_short,1991.0,nonautonomous,hold,17.453442557605456,17.022483608905794,18.0532050515869,35
tau_FD,S_iu_short,1991.0,nonautonomous,mean5,17.48552091932379,17.028509429928242,18.026835305341645,35
tau_FD,S_iu_short,1991.0,nonautonomous,trend20,17.37259219673186,16.998059780453495,18.143177773654088,35
tau_FD,S_iu_short,1991.0,nonautonomous,trend50,17.53907443868741,16.873001430661468,18.196941567359058,30
tau_FD,S_iu_short,1992.0,frozen,,16.63230659983488,16.44040033296256,16.96187786773718,35
tau_FD,S_iu_short,1992.0,nonautonomous,hold,17.510890821185342,17.08469302210679,18.160613971495124,35
tau_FD,S_iu_short,1992.0,nonautonomous,mean5,17.532871908224454,17.093074741793483,18.11371070748169,35
tau_FD,S_iu_short,1992.0,nonautonomous,trend20,17.448926228749418,17.05357643169052,18.26804139642104,35
tau_FD,S_iu_short,1992.0,nonautonomous,trend50,17.611897096224034,16.91982653438381,18.34172137983569,30
tau_FD,S_iu_short,1993.0,frozen,,15.882727696052378,15.674889248354383,16.108134089253635,35
tau_FD,S_iu_short,1993.0,nonautonomous,hold,17.603180817714893,17.147687449933805,18.263356510157152,35
tau_FD,S_iu_short,1993.0,nonautonomous,mean5,17.60447460407592,17.16249477219312,18.220773551059914,35
tau_FD,S_iu_short,1993.0,nonautonomous,trend20,17.537559578807247,17.124101158281597,18.41194872887788,35
tau_FD,S_iu_short,1993.0,nonautonomous,trend50,17.699474494481173,16.98759126661843,18.492458192624433,30
tau_FD,S_iu_short,1994.0,frozen,,15.319297309896035,14.949201598789589,15.518010854155238,35
tau_FD,S_iu_short,1994.0,nonautonomous,hold,17.75031839803645,17.25851792078207,18.451754126087852,35
tau_FD,S_iu_short,1994.0,nonautonomous,mean5,17.747975594743927,17.29565342159333,18.402538843832932,35
tau_FD,S_iu_short,1994.0,nonautonomous,trend20,17.696369637758924,17.261472599289487,18.622035846812224,35
tau_FD,S_iu_short,1994.0,nonautonomous,trend50,17.872655316854406,17.11347671804612,18.709322449047047,30
tau_FD,S_iu_short,1995.0,frozen,,15.280331609309515,15.1661275138983,15.568227459688583,35
tau_FD,S_iu_short,1995.0,nonautonomous,hold,17.93947284712784,17.412504733135044,18.707903445224353,35
tau_FD,S_iu_short,1995.0,nonautonomous,mean5,17.931290681998792,17.463208398760898,18.64952323533238,35
tau_FD,S_iu_short,1995.0,nonautonomous,trend20,17.904335170517186,17.43008608584097,18.87789455939005,35
tau_FD,S_iu_short,1995.0,nonautonomous,trend50,18.09289601636835,17.260009435951876,18.98819926624363,30
tau_FD,S_iu_short,1996.0,frozen,,16.152816182171524,15.815008266454427,16.44054803256989,35
tau_FD,S_iu_short,1996.0,nonautonomous,hold,18.093161981355443,17.566134409869036,18.957576665716207,35
tau_FD,S_iu_short,1996.0,nonautonomous,mean5,18.11174858013712,17.6138636230586,18.89537735091031,35
tau_FD,S_iu_short,1996.0,nonautonomous,trend20,18.09357845076791,17.578611613490658,19.122686999214757,35
tau_FD,S_iu_short,1996.0,nonautonomous,trend50,18.284345688054763,17.408861037709258,19.280259870230154,30
tau_FD,S_iu_short,1997.0,frozen,,16.962837682156522,16.581474976505774,17.3059815390745,35
tau_FD,S_iu_short,1997.0,nonautonomous,hold,18.17261967542059,17.652752829993233,19.152481040337108,35
tau_FD,S_iu_short,1997.0,nonautonomous,mean5,18.246342888575455,17.70032011885924,19.08643967433096,35
tau_FD,S_iu_short,1997.0,nonautonomous,trend20,18.216204907944263,17.66270698136337,19.312280260189887,35
tau_FD,S_iu_short,1997.0,nonautonomous,trend50,18.417961671534577,17.52210340944211,19.519653987429898,30
tau_FD,S_iu_short,1998.0,frozen,,17.008783938523177,16.623328080165102,17.268812865841817,35
tau_FD,S_iu_short,1998.0,nonautonomous,hold,18.240980729045496,17.734565148498326,19.31567512826813,35
tau_FD,S_iu_short,1998.0,nonautonomous,mean5,18.33672988474641,17.752057788162286,19.24565500502338,35
tau_FD,S_iu_short,1998.0,nonautonomous,trend20,18.27362255625629,17.740253666754242,19.50066638687977,35
tau_FD,S_iu_short,1998.0,nonautonomous,trend50,18.532313281603287,17.582927015841474,19.72404195273782,30
tau_FD,S_iu_short,1999.0,frozen,,16.24103964202979,15.770573811423983,16.587441078765934,35
tau_FD,S_iu_short,1999.0,nonautonomous,hold,18.371568547815738,17.880533761458558,19.51750058309049,35
tau_FD,S_iu_short,1999.0,nonautonomous,mean5,18.473464714509987,17.86046682788235,19.44306807004077,35
tau_FD,S_iu_short,1999.0,nonautonomous,trend20,18.394544584786956,17.873526911184793,19.756678400703994,35
tau_FD,S_iu_short,1999.0,nonautonomous,trend50,18.64535368969947,17.69383098277507,19.962900033342137,30
tau_FD,S_iu_short,2000.0,frozen,,17.442770374103386,16.719102224840707,18.01773134559148,35
tau_FD,S_iu_short,2000.0,nonautonomous,hold,18.484241220246716,17.939367404651115,19.704978173442022,35
tau_FD,S_iu_short,2000.0,nonautonomous,mean5,18.582582681903013,17.939477480601838,19.625887928525472,35
tau_FD,S_iu_short,2000.0,nonautonomous,trend20,18.508525489062766,18.009015556501925,20.019944400340997,35
tau_FD,S_iu_short,2000.0,nonautonomous,trend50,18.726495992358274,17.830870715774353,20.181733683334294,30
tau_FD,S_iu_short,2001.0,frozen,,18.725317167505963,18.453175260211367,19.04333764426204,35
tau_FD,S_iu_short,2001.0,nonautonomous,hold,18.514776732095598,17.93682989046347,19.774061800834172,35
tau_FD,S_iu_short,2001.0,nonautonomous,mean5,18.596490987065962,17.921104903590592,19.720260063574074,35
tau_FD,S_iu_short,2001.0,nonautonomous,trend20,18.5339031156557,18.022577757174133,20.18059435271416,35
tau_FD,S_iu_short,2001.0,nonautonomous,trend50,18.73669999841102,17.841448591992304,20.32195434249149,30
tau_FD,S_iu_short,2002.0,frozen,,18.356693786622852,18.03649449914745,18.98177964410803,35
tau_FD,S_iu_short,2002.0,nonautonomous,hold,18.5661868101158,17.91859591514219,19.77813440495505,35
tau_FD,S_iu_short,2002.0,nonautonomous,mean5,18.631504525476068,17.867852487819945,19.805658172463264,35
tau_FD,S_iu_short,2002.0,nonautonomous,trend20,18.6076534287961,17.995082353765795,20.294788408227106,35
tau_FD,S_iu_short,2002.0,nonautonomous,trend50,18.796672337695398,17.777742058537164,20.442889244480746,30
tau_FD,S_iu_short,2003.0,frozen,,17.15626756914611,16.476230005677905,17.59223772774191,35
tau_FD,S_iu_short,2003.0,nonautonomous,hold,18.686334055562376,17.96689520318057,19.877768734339384,35
tau_FD,S_iu_short,2003.0,nonautonomous,mean5,18.785057473314893,17.92303284546553,19.959269845574596,35
tau_FD,S_iu_short,2003.0,nonautonomous,trend20,18.67326701762964,18.05705011483431,20.475330196319536,35
tau_FD,S_iu_short,2003.0,nonautonomous,trend50,18.915901752103224,17.839787077263168,20.647445160731266,30
tau_FD,S_iu_short,2004.0,frozen,,17.49507412831454,16.776217026232867,18.20785193590462,35
tau_FD,S_iu_short,2004.0,nonautonomous,hold,18.83592522671237,18.049588258499334,20.06680379003367,35
tau_FD,S_iu_short,2004.0,nonautonomous,mean5,19.002809755501218,18.047047685819567,20.141601047341858,35
tau_FD,S_iu_short,2004.0,nonautonomous,trend20,18.731302800004165,18.124202361239057,20.686319853513947,35
tau_FD,S_iu_short,2004.0,nonautonomous,trend50,19.063111084324596,17.982663364598867,20.936753397229744,30
tau_FD,S_iu_short,2005.0,frozen,,18.362130160606714,17.406699098464177,19.28516295752795,35
tau_FD,S_iu_short,2005.0,nonautonomous,hold,19.02598840144443,18.10463965584136,20.21215344747958,35
tau_FD,S_iu_short,2005.0,nonautonomous,mean5,19.185698199399383,18.13792170379749,20.26323634018366,35
tau_FD,S_iu_short,2005.0,nonautonomous,trend20,18.83769291086429,18.12139527190562,20.806851789196052,35
tau_FD,S_iu_short,2005.0,nonautonomous,trend50,19.09591906583567,18.070873590464664,21.143787551096118,30
tau_FD,S_iu_short,2006.0,frozen,,18.84450312584874,17.83091942616302,19.953379925229143,35
tau_FD,S_iu_short,2006.0,nonautonomous,hold,19.221477856077197,18.092390461713787,20.318889581564186,35
tau_FD,S_iu_short,2006.0,nonautonomous,mean5,19.199987273539815,18.12984501463777,20.334514595184018,35
tau_FD,S_iu_short,2006.0,nonautonomous,trend20,18.79604467537094,18.066729700037506,20.84401317793059,35
tau_FD,S_iu_short,2006.0,nonautonomous,trend50,19.099287421947032,18.060306695983407,21.288905617155677,30
tau_FD,S_iu_short,2007.0,frozen,,20.104501139404583,17.966622356305276,21.280252782811154,35
tau_FD,S_iu_short,2007.0,nonautonomous,hold,19.089819294182966,18.008283101386,20.320815040096356,35
tau_FD,S_iu_short,2007.0,nonautonomous,mean5,19.03868476248455,18.05191273416725,20.27715077665764,35
tau_FD,S_iu_short,2007.0,nonautonomous,trend20,18.83990352927683,17.990143622626043,20.790605431941607,35
tau_FD,S_iu_short,2007.0,nonautonomous,trend50,19.054493262695274,17.923857766506472,21.405550291772464,30
tau_FD,S_iu_short,2008.0,frozen,,19.97005139120761,18.92221454895164,23.465549584936753,35
tau_FD,S_iu_short,2008.0,nonautonomous,hold,18.94455249117616,17.886090350098154,20.17009839649762,35
tau_FD,S_iu_short,2008.0,nonautonomous,mean5,18.911590924675778,17.943353244296347,20.13257505619079,35
tau_FD,S_iu_short,2008.0,nonautonomous,trend20,18.65754637289445,17.907912848841633,20.69766152161056,35
tau_FD,S_iu_short,2008.0,nonautonomous,trend50,18.86519696489929,17.74569707669815,21.271246114073197,30
tau_FD,S_iu_short,2009.0,frozen,,20.025326524779924,19.14449570099751,21.013790844777322,35
tau_FD,S_iu_short,2009.0,nonautonomous,hold,18.71542739548125,17.76362734586344,20.127775959574553,35
tau_FD,S_iu_short,2009.0,nonautonomous,mean5,18.86001361780428,17.87601253288353,20.083466141096913,35
tau_FD,S_iu_short,2009.0,nonautonomous,trend20,18.594079409026712,17.81409746498049,20.686329240517317,35
tau_FD,S_iu_short,2009.0,nonautonomous,trend50,18.675529830389465,17.63072716049178,20.98307684957087,30
tau_FD,S_iu_short,2010.0,frozen,,18.235055559827998,17.15327272151411,19.916459846235067,35
tau_FD,S_iu_short,2010.0,nonautonomous,hold,18.59091742238882,17.683056486910093,20.11322425305277,35
tau_FD,S_iu_short,2010.0,nonautonomous,mean5,18.84127542184254,17.78798598253445,20.099949126361437,35
tau_FD,S_iu_short,2010.0,nonautonomous,trend20,18.561991105293707,17.719728902138854,20.685760531990702,35
tau_FD,S_iu_short,2010.0,nonautonomous,trend50,18.648904416755265,17.550810165735925,20.884294944293764,30
tau_FD,S_iu_short,2011.0,frozen,,18.52861978080479,17.61179298728976,20.958222661636956,35
tau_FD,S_iu_short,2011.0,nonautonomous,hold,18.48911672315453,17.674449168172075,20.15013891531531,35
tau_FD,S_iu_short,2011.0,nonautonomous,mean5,18.845828240362124,17.764380495124076,20.25302861862881,35
tau_FD,S_iu_short,2011.0,nonautonomous,trend20,18.551767823729254,17.618570771440375,20.683846810801736,35
tau_FD,S_iu_short,2011.0,nonautonomous,trend50,18.628095469253836,17.415073261983245,20.746716009272237,30
tau_FD,S_iu_short,2012.0,frozen,,18.701437684225017,17.552307536356967,20.300469284551163,35
tau_FD,S_iu_short,2012.0,nonautonomous,hold,18.34466661217469,17.67034802978058,20.064978467848086,35
tau_FD,S_iu_short,2012.0,nonautonomous,mean5,18.751250935992907,17.767315293555388,20.299131267052648,35
tau_FD,S_iu_short,2012.0,nonautonomous,trend20,18.51504674097493,17.503644910786946,20.66040047245333,35
tau_FD,S_iu_short,2012.0,nonautonomous,trend50,18.586408624942475,17.4572671024998,20.53471707974844,30
tau_FD,S_iu_short,2013.0,frozen,,18.667923674206474,17.911008276984063,20.365109561327657,35
tau_FD,S_iu_short,2013.0,nonautonomous,hold,18.334886908592708,17.705390783065617,20.003249041526757,35
tau_FD,S_iu_short,2013.0,nonautonomous,mean5,18.66707786715131,17.746804544124515,20.292681291875237,35
tau_FD,S_iu_short,2013.0,nonautonomous,trend20,18.449871854872786,17.487250384748506,20.65639319968993,35
tau_FD,S_iu_short,2013.0,nonautonomous,trend50,18.55185015556614,17.451400113966752,20.56704855263753,30
tau_FD,S_iu_short,2014.0,frozen,,19.421630956006002,18.329787036361164,20.311258478622143,35
tau_FD,S_iu_short,2014.0,nonautonomous,hold,18.336309421766614,17.685783953128386,19.961198883105993,35
tau_FD,S_iu_short,2014.0,nonautonomous,mean5,18.684443003665585,17.740605651731173,20.2042453219248,35
tau_FD,S_iu_short,2014.0,nonautonomous,trend20,18.42190864220892,17.402419619412598,20.481406750243213,35
tau_FD,S_iu_short,2014.0,nonautonomous,trend50,18.51104719297304,17.364052973604522,20.614762630698124,30
tau_FD,S_iu_short,2015.0,frozen,,19.46571993384639,18.521896625440903,20.42746377491612,35
tau_FD,S_iu_short,2015.0,nonautonomous,hold,18.307314034343648,17.62719519342801,19.959785521033645,35
tau_FD,S_iu_short,2015.0,nonautonomous,mean5,18.61875616202129,17.715350561651775,20.10185535335969,35
tau_FD,S_iu_short,2015.0,nonautonomous,trend20,18.309125072885937,17.330394260089623,20.45615787104586,35
tau_FD,S_iu_short,2015.0,nonautonomous,trend50,18.469894288470172,17.287125692362075,20.635933457405145,30
tau_FD,S_iu_short,2016.0,frozen,,18.733872525035157,17.749057093845735,19.92089507011856,35
tau_FD,S_iu_short,2016.0,nonautonomous,hold,18.261293450550912,17.60993244113913,19.95515859054212,35
tau_FD,S_iu_short,2016.0,nonautonomous,mean5,18.607918283641702,17.68431567149965,20.118034142502516,35
tau_FD,S_iu_short,2016.0,nonautonomous,trend20,18.305219737417985,17.264577720320574,20.498779853895556,35
tau_FD,S_iu_short,2016.0,nonautonomous,trend50,18.436639243021673,17.29446538137005,20.653781350435565,30
tau_FD,S_iu_short,2017.0,frozen,,18.140792190760575,17.44592606205734,19.40586879495371,35
tau_FD,S_iu_short,2017.0,nonautonomous,hold,18.3329547544405,17.621071229070665,19.99399882774554,35
tau_FD,S_iu_short,2017.0,nonautonomous,mean5,18.60918294449797,17.669394482056234,20.185977373248356,35
tau_FD,S_iu_short,2017.0,nonautonomous,trend20,18.23816051943741,17.21003124117506,20.600342379197485,35
tau_FD,S_iu_short,2017.0,nonautonomous,trend50,18.402800115589134,17.2914500805302,20.775339132782396,30
tau_FD,S_iu_short,2018.0,frozen,,18.704673408645892,17.954107399480637,20.61944619294382,35
tau_FD,S_iu_short,2018.0,nonautonomous,hold,18.3379655425477,17.608272851292355,20.098559576201048,35
tau_FD,S_iu_short,2018.0,nonautonomous,mean5,18.6155417727411,17.6814132570162,20.17185462080038,35
tau_FD,S_iu_short,2018.0,nonautonomous,trend20,18.173023930248004,17.144737385896534,20.683652346422853,35
tau_FD,S_iu_short,2018.0,nonautonomous,trend50,18.2619570414046,17.264373932977954,20.864442983370907,30
tau_FD,S_iu_short,2019.0,frozen,,18.328947528395883,17.594409068419957,20.13386411874552,35
tau_FD,S_iu_short,2019.0,nonautonomous,hold,18.328947528395883,17.594409068419957,20.13386411874552,35
tau_FD,S_iu_short,2019.0,nonautonomous,mean5,18.61209645442413,17.721631304606838,20.107901801282928,35
tau_FD,S_iu_short,2019.0,nonautonomous,trend20,18.199645367621674,17.073136380150096,20.724111042129866,35
tau_FD,S_iu_short,2019.0,nonautonomous,trend50,18.141693262764623,17.115671866404654,20.94880982443477,30
tau_FD,S_iu_med,1980.0,frozen,,24.857461346906703,24.64091154307296,25.101306106089304,35
tau_FD,S_iu_med,1980.0,nonautonomous,hold,26.901220432424964,26.494192474423123,27.529334425100295,35
tau_FD,S_iu_med,1980.0,nonautonomous,mean5,26.949223375336423,26.515093659535616,27.48858005899016,35
tau_FD,S_iu_med,1980.0,nonautonomous,trend20,26.875881918743513,26.491937644072266,27.57986174559906,35
tau_FD,S_iu_med,1980.0,nonautonomous,trend50,26.993211592007746,26.37080157336678,27.65750288761292,30
tau_FD,S_iu_med,1981.0,frozen,,25.536205363952377,25.272495376263713,26.04811305558788,35
tau_FD,S_iu_med,1981.0,nonautonomous,hold,26.966023491231457,26.55459671277457,27.632858328956218,35
tau_FD,S_iu_med,1981.0,nonautonomous,mean5,27.03733866871526,26.582331796595444,27.568413494031677,35
tau_FD,S_iu_med,1981.0,nonautonomous,trend20,26.964290895020937,26.548640298929456,27.694272757035655,35
tau_FD,S_iu_med,1981.0,nonautonomous,trend50,27.081107379965108,26.431773338027607,27.776743063385336,30
tau_FD,S_iu_med,1982.0,frozen,,26.3268231613365,25.959532205651584,26.649984695681653,35
tau_FD,S_iu_med,1982.0,nonautonomous,hold,27.01249710334548,26.580925555089436,27.691945302472448,35
tau_FD,S_iu_med,1982.0,nonautonomous,mean5,27.080295614162118,26.615590495841086,27.6299007433456,35
tau_FD,S_iu_med,1982.0,nonautonomous,trend20,27.00873507649067,26.57762437950553,27.77268677452227,35
tau_FD,S_iu_med,1982.0,nonautonomous,trend50,27.136203593706284,26.477527761622646,27.84904649960923,30
tau_FD,S_iu_med,1983.0,frozen,,25.591854633179462,25.075727761624833,25.76683396419303,35
tau_FD,S_iu_med,1983.0,nonautonomous,hold,27.059284113408943,26.60042031679408,27.75976004164021,35
tau_FD,S_iu_med,1983.0,nonautonomous,mean5,27.128840932263085,26.641668823712685,27.689719444205323,35
tau_FD,S_iu_med,1983.0,nonautonomous,trend20,27.051216627377407,26.61775543305469,27.85090921243627,35
tau_FD,S_iu_med,1983.0,nonautonomous,trend50,27.197969718738236,26.520304477550187,27.9173951214901,30
tau_FD,S_iu_med,1984.0,frozen,,26.108021491989877,25.81392229078123,26.418775279607786,35
tau_FD,S_iu_med,1984.0,nonautonomous,hold,27.10077997883461,26.63510926528784,27.82960089812061,35
tau_FD,S_iu_med,1984.0,nonautonomous,mean5,27.19724458447206,26.682614717156312,27.764243988929643,35
tau_FD,S_iu_med,1984.0,nonautonomous,trend20,27.09878044787773,26.654512131901328,27.95260254407801,35
tau_FD,S_iu_med,1984.0,nonautonomous,trend50,27.278041260238226,26.558478797783827,28.007050007154483,30
tau_FD,S_iu_med,1985.0,frozen,,25.837641682688805,25.548968962967436,26.117609825522557,35
tau_FD,S_iu_med,1985.0,nonautonomous,hold,27.159188294301227,26.67668385474965,27.903023472260042,35
tau_FD,S_iu_med,1985.0,nonautonomous,mean5,27.256861113270034,26.727199557799313,27.844618683396263,35
tau_FD,S_iu_med,1985.0,nonautonomous,trend20,27.155924761534315,26.6838956587649,28.044349144409324,35
tau_FD,S_iu_med,1985.0,nonautonomous,trend50,27.34155413800761,26.58054952824145,28.09779663506036,30
tau_FD,S_iu_med,1986.0,frozen,,24.919353010782842,24.58202565067473,25.469532408013237,35
tau_FD,S_iu_med,1986.0,nonautonomous,hold,27.263750985119113,26.760946642892954,28.024270801105487,35
tau_FD,S_iu_med,1986.0,nonautonomous,mean5,27.349943279798175,26.814575152769255,27.96821941118528,35
tau_FD,S_iu_med,1986.0,nonautonomous,trend20,27.267922497472632,26.757876454571512,28.178112592354715,35
tau_FD,S_iu_med,1986.0,nonautonomous,trend50,27.43940258845884,26.645967417945485,28.233351767177716,30
tau_FD,S_iu_med,1987.0,frozen,,23.69023172389925,23.383740114710378,23.873424685399158,35
tau_FD,S_iu_med,1987.0,nonautonomous,hold,27.42109617914568,26.90962752467433,28.201967304367876,35
tau_FD,S_iu_med,1987.0,nonautonomous,mean5,27.514063791128365,26.959999234822128,28.154745727626675,35
tau_FD,S_iu_med,1987.0,nonautonomous,trend20,27.433334633648787,26.899605093086436,28.385543350309092,35
tau_FD,S_iu_med,1987.0,nonautonomous,trend50,27.609233043860726,26.782504803365043,28.44264430327146,30
tau_FD,S_iu_med,1988.0,frozen,,23.694870664989978,23.509141713717604,23.98915061692643,35
tau_FD,S_iu_med,1988.0,nonautonomous,hold,27.598909387956752,27.077553202686058,28.40329117632635,35
tau_FD,S_iu_med,1988.0,nonautonomous,mean5,27.700969876325743,27.127906079140434,28.36625477036628,35
tau_FD,S_iu_med,1988.0,nonautonomous,trend20,27.613838973076508,27.059738472525794,28.610012704853318,35
tau_FD,S_iu_med,1988.0,nonautonomous,trend50,27.798422702897092,26.93323273110327,28.675160233760394,30
tau_FD,S_iu_med,1989.0,frozen,,24.78338071329367,24.528018085614903,24.991755650879746,35
tau_FD,S_iu_med,1989.0,nonautonomous,hold,27.764103629699527,27.202067154796154,28.573134824852772,35
tau_FD,S_iu_med,1989.0,nonautonomous,mean5,27.8549090229745,27.2608499285588,28.556642559526402,35
tau_FD,S_iu_med,1989.0,nonautonomous,trend20,27.771123108346046,27.182890269445796,28.81558525902948,35
tau_FD,S_iu_med,1989.0,nonautonomous,trend50,27.960949597813205,27.050680847543184,28.884280571381897,30
tau_FD,S_iu_med,1990.0,frozen,,27.015568029978205,26.611734081195777,27.25360392732123,35
tau_FD,S_iu_med,1990.0,nonautonomous,hold,27.86596388209499,27.25684041819089,28.688406488648948,35
tau_FD,S_iu_med,1990.0,nonautonomous,mean5,27.93374857163658,27.320261845838367,28.6902517267292,35
tau_FD,S_iu_med,1990.0,nonautonomous,trend20,27.84861993037647,27.24502714143162,28.966507447778163,35
tau_FD,S_iu_med,1990.0,nonautonomous,trend50,28.059355759647072,27.105970044829803,29.033456177742835,30
tau_FD,S_iu_med,1991.0,frozen,,26.306889482870375,26.130925729340483,26.81037380826252,35
tau_FD,S_iu_med,1991.0,nonautonomous,hold,27.93364632831174,27.293092409974655,28.772136839025055,35
tau_FD,S_iu_med,1991.0,nonautonomous,mean5,27.98247047710966,27.350623046249687,28.783631467399722,35
tau_FD,S_iu_med,1991.0,nonautonomous,trend20,27.894021760786437,27.286588218920127,29.08171875100879,35
tau_FD,S_iu_med,1991.0,nonautonomous,trend50,28.119254729209615,27.137404936508137,29.149838926820273,30
tau_FD,S_iu_med,1992.0,frozen,,26.632306599834877,26.44040033296256,26.96187786773718,35
tau_FD,S_iu_med,1992.0,nonautonomous,hold,28.00846093866081,27.33756790401882,28.850175353589485,35
tau_FD,S_iu_med,1992.0,nonautonomous,mean5,28.04425052178715,27.390900046201992,28.87294840839137,35
tau_FD,S_iu_med,1992.0,nonautonomous,trend20,27.9376145833199,27.327292056251643,29.194514449856698,35
tau_FD,S_iu_med,1992.0,nonautonomous,trend50,28.17804149210181,27.172652591490078,29.26322418421077,30
tau_FD,S_iu_med,1993.0,frozen,,25.882727696052378,25.674889248354376,26.10813408925363,35
tau_FD,S_iu_med,1993.0,nonautonomous,hold,28.093389970331806,27.395770225598675,28.94465134853968,35
tau_FD,S_iu_med,1993.0,nonautonomous,mean5,28.101036029142378,27.43879871395003,28.97273269147957,35
tau_FD,S_iu_med,1993.0,nonautonomous,trend20,28.005488834346913,27.376477703318024,29.309449390256137,35
tau_FD,S_iu_med,1993.0,nonautonomous,trend50,28.24683177448056,27.208990288051602,29.379651849802396,30
tau_FD,S_iu_med,1994.0,frozen,,25.319297309896033,24.94920159878959,25.518010854155236,35
tau_FD,S_iu_med,1994.0,nonautonomous,hold,28.20126901091829,27.482617765436622,29.073689307876634,35
tau_FD,S_iu_med,1994.0,nonautonomous,mean5,28.189740845568053,27.51810805980425,29.097597713985223,35
tau_FD,S_iu_med,1994.0,nonautonomous,trend20,28.12412714048225,27.455010202765813,29.455300601200214,35
tau_FD,S_iu_med,1994.0,nonautonomous,trend50,28.345708592267165,27.27688267895946,29.528813702142752,30
tau_FD,S_iu_med,1995.0,frozen,,25.280331609309513,25.166127513898296,25.56822745968858,35
tau_FD,S_iu_med,1995.0,nonautonomous,hold,28.32768482849891,27.574943411992948,29.22534167972296,35
tau_FD,S_iu_med,1995.0,nonautonomous,mean5,28.310537873869958,27.611308290401084,29.249317153938797,35
tau_FD,S_iu_med,1995.0,nonautonomous,trend20,28.26593589164573,27.548421905031812,29.62691725078187,35
tau_FD,S_iu_med,1995.0,nonautonomous,trend50,28.467404708316515,27.35614124731356,29.70730930694517,30
tau_FD,S_iu_med,1996.0,frozen,,26.152816182171524,25.815008266454427,26.44054803256989,35
tau_FD,S_iu_med,1996.0,nonautonomous,hold,28.44231110016269,27.65602376805934,29.365659993423087,35
tau_FD,S_iu_med,1996.0,nonautonomous,mean5,28.407655028231265,27.695121458826833,29.40037225482049,35
tau_FD,S_iu_med,1996.0,nonautonomous,trend20,28.3877133190469,27.633364095056862,29.796937631074655,35
tau_FD,S_iu_med,1996.0,nonautonomous,trend50,28.572129050483497,27.422227462025575,29.887410718352207,30
tau_FD,S_iu_med,1997.0,frozen,,26.96283768215652,26.581474976505774,27.3059815390745,35
tau_FD,S_iu_med,1997.0,nonautonomous,hold,28.51419468075254,27.701219980543726,29.46145757228116,35
tau_FD,S_iu_med,1997.0,nonautonomous,mean5,28.475629389271205,27.737342290324293,29.513413199712783,35
tau_FD,S_iu_med,1997.0,nonautonomous,trend20,28.453056082282473,27.672687876324304,29.936450463172154,35
tau_FD,S_iu_med,1997.0,nonautonomous,trend50,28.64158948124908,27.454932249727644,30.03134475741292,30
tau_FD,S_iu_med,1998.0,frozen,,27.008783938523173,26.623328080165102,27.268812865841817,35
tau_FD,S_iu_med,1998.0,nonautonomous,hold,28.56655672503627,27.753329489796222,29.53538088715792,35
tau_FD,S_iu_med,1998.0,nonautonomous,mean5,28.5354419513689,27.751687698965924,29.60340126178107,35
tau_FD,S_iu_med,1998.0,nonautonomous,trend20,28.49092548254303,27.693827208469507,30.054198990795513,35
tau_FD,S_iu_med,1998.0,nonautonomous,trend50,28.70444564756871,27.474055790408013,30.15170415648115,30
tau_FD,S_iu_med,1999.0,frozen,,26.241039642029786,25.77057381142399,26.587441078765934,35
tau_FD,S_iu_med,1999.0,nonautonomous,hold,28.625265802177132,27.82612866374911,29.631402847381096,35
tau_FD,S_iu_med,1999.0,nonautonomous,mean5,28.619069221808736,27.804693606535096,29.72599006322359,35
tau_FD,S_iu_med,1999.0,nonautonomous,trend20,28.543863759121987,27.74360644827616,30.18910487838073,35
tau_FD,S_iu_med,1999.0,nonautonomous,trend50,28.790721628532687,27.521604074984843,30.285310501360417,30
tau_FD,S_iu_med,2000.0,frozen,,27.442770374103386,26.719102224840704,28.01773134559148,35
tau_FD,S_iu_med,2000.0,nonautonomous,hold,28.677420822471053,27.873180101503866,29.717925313630793,35
tau_FD,S_iu_med,2000.0,nonautonomous,mean5,28.70666562514266,27.846407366162126,29.84185140142184,35
tau_FD,S_iu_med,2000.0,nonautonomous,trend20,28.575460756183553,27.78102484776228,30.316272954356005,35
tau_FD,S_iu_med,2000.0,nonautonomous,trend50,28.869715964798885,27.552083072017837,30.401277663191365,30
tau_FD,S_iu_med,2001.0,frozen,,28.725317167505956,28.453175260211367,29.043337644262035,35
tau_FD,S_iu_med,2001.0,nonautonomous,hold,28.68939963222276,27.865216362301595,29.76782202659286,35
tau_FD,S_iu_med,2001.0,nonautonomous,mean5,28.72745833123424,27.833957311211673,29.9099662210199,35
tau_FD,S_iu_med,2001.0,nonautonomous,trend20,28.559553868742157,27.753628524156817,30.380342828457724,35
tau_FD,S_iu_med,2001.0,nonautonomous,trend50,28.88913404800529,27.505509741056407,30.45280312810931,30
tau_FD,S_iu_med,2002.0,frozen,,28.356693786622845,28.03649449914745,28.98177964410803,35
tau_FD,S_iu_med,2002.0,nonautonomous,hold,28.682625950582274,27.839020260648425,29.820293213982065,35
tau_FD,S_iu_med,2002.0,nonautonomous,mean5,28.732108257272216,27.802300908367542,29.96382716171871,35
tau_FD,S_iu_med,2002.0,nonautonomous,trend20,28.54262166412269,27.714716981018782,30.41816726811831,35
tau_FD,S_iu_med,2002.0,nonautonomous,trend50,28.88681460458204,27.44761504523863,30.483981329280244,30
tau_FD,S_iu_med,2003.0,frozen,,27.156267569146106,26.476230005677902,27.59223772774191,35
tau_FD,S_iu_med,2003.0,nonautonomous,hold,28.70799807931862,27.847175818751925,29.91935125420297,35
tau_FD,S_iu_med,2003.0,nonautonomous,mean5,28.776952551459324,27.826175494422852,30.04701448147295,35
tau_FD,S_iu_med,2003.0,nonautonomous,trend20,28.54256008519765,27.734638865975192,30.499115684678067,35
tau_FD,S_iu_med,2003.0,nonautonomous,trend50,28.91482651175364,27.454329822119526,30.558797759095114,30
tau_FD,S_iu_med,2004.0,frozen,,27.49507412831454,26.776217026232864,28.207851935904614,35
tau_FD,S_iu_med,2004.0,nonautonomous,hold,28.77949610368216,27.881300425167005,30.04555307596946,35
tau_FD,S_iu_med,2004.0,nonautonomous,mean5,28.83324600820027,27.88158151560735,30.14024782993908,35
tau_FD,S_iu_med,2004.0,nonautonomous,trend20,28.576412576144513,27.7932599927966,30.616360398167927,35
tau_FD,S_iu_med,2004.0,nonautonomous,trend50,28.947639060689813,27.4964821917402,30.66950510533485,30
tau_FD,S_iu_med,2005.0,frozen,,28.362130160606714,27.406699098464173,29.28516295752795,35
tau_FD,S_iu_med,2005.0,nonautonomous,hold,28.8315038607658,27.89940583018543,30.144199799762596,35
tau_FD,S_iu_med,2005.0,nonautonomous,mean5,28.874746762114107,27.91729465491138,30.185208046935347,35
tau_FD,S_iu_med,2005.0,nonautonomous,trend20,28.58146245459946,27.83530983945994,30.686702595984364,35
tau_FD,S_iu_med,2005.0,nonautonomous,trend50,28.953506230544328,27.509837972082494,30.755081790255883,30
tau_FD,S_iu_med,2006.0,frozen,,28.844503125848735,27.830919426163014,29.953379925229143,35
tau_FD,S_iu_med,2006.0,nonautonomous,hold,28.80699501442166,27.882717106483486,30.215297609613618,35
tau_FD,S_iu_med,2006.0,nonautonomous,mean5,28.90608687855712,27.910310848759487,30.222865726972223,35
tau_FD,S_iu_med,2006.0,nonautonomous,trend20,28.576631471260562,27.806869347042344,30.715191904616802,35
tau_FD,S_iu_med,2006.0,nonautonomous,trend50,28.9412220042432,27.476826391619788,30.805658502925972,30
tau_FD,S_iu_med,2007.0,frozen,,30.104501139404583,27.966622356305272,31.280252782811154,35
tau_FD,S_iu_med,2007.0,nonautonomous,hold,28.732534869997988,27.83285314902851,30.242965425242286,35
tau_FD,S_iu_med,2007.0,nonautonomous,mean5,28.91123629921704,27.859301535187754,30.224699380853586,35
tau_FD,S_iu_med,2007.0,nonautonomous,trend20,28.57653272955126,27.693938678660746,30.705216133739157,35
tau_FD,S_iu_med,2007.0,nonautonomous,trend50,28.891401694597704,27.383622149940607,30.802352113168435,30
tau_FD,S_iu_med,2008.0,frozen,,29.97005139120761,28.92221454895164,33.46554958493675,35
tau_FD,S_iu_med,2008.0,nonautonomous,hold,28.610113533228365,27.769276326552813,30.19059860012611,35
tau_FD,S_iu_med,2008.0,nonautonomous,mean5,28.901057721421054,27.81826084501522,30.20887139047391,35
tau_FD,S_iu_med,2008.0,nonautonomous,trend20,28.4371030628062,27.525930995438006,30.582405976596263,35
tau_FD,S_iu_med,2008.0,nonautonomous,trend50,28.80674186142848,27.251338461359218,30.867762217146495,30
tau_FD,S_iu_med,2009.0,frozen,,30.025326524779924,29.14449570099751,31.01379084477732,35
tau_FD,S_iu_med,2009.0,nonautonomous,hold,28.481817607463043,27.702971384586295,30.104628243455014,35
tau_FD,S_iu_med,2009.0,nonautonomous,mean5,28.787518008998433,27.75779783659466,30.239696288702916,35
tau_FD,S_iu_med,2009.0,nonautonomous,trend20,28.331595609287,27.412887175103215,30.555510948402706,35
tau_FD,S_iu_med,2009.0,nonautonomous,trend50,28.594170451781707,27.147047553741825,30.89118021323697,30
tau_FD,S_iu_med,2010.0,frozen,,28.235055559827995,27.15327272151411,29.916459846235064,35
tau_FD,S_iu_med,2010.0,nonautonomous,hold,28.409103612230222,27.66861501002763,30.085842501462494,35
tau_FD,S_iu_med,2010.0,nonautonomous,mean5,28.7450018551944,27.712456450723966,30.220380978764272,35
tau_FD,S_iu_med,2010.0,nonautonomous,trend20,28.238331765409683,27.345357457600063,30.571465152955845,35
tau_FD,S_iu_med,2010.0,nonautonomous,trend50,28.47546590857989,27.036839616275575,30.93036512980558,30
tau_FD,S_iu_med,2011.0,frozen,,28.528619780804785,27.61179298728976,30.95822266163696,35
tau_FD,S_iu_med,2011.0,nonautonomous,hold,28.320919935574018,27.668336532918378,30.0413671470314,35
tau_FD,S_iu_med,2011.0,nonautonomous,mean5,28.71296014009347,27.719189071280653,30.226579452458402,35
tau_FD,S_iu_med,2011.0,nonautonomous,trend20,28.216678600878417,27.284963081148963,30.613231363538006,35
tau_FD,S_iu_med,2011.0,nonautonomous,trend50,28.34675800490004,26.936871973220796,31.02610474003112,30
tau_FD,S_iu_med,2012.0,frozen,,28.701437684225017,27.55230753635697,30.30046928455116,35
tau_FD,S_iu_med,2012.0,nonautonomous,hold,28.265622922846337,27.667228136971055,29.99219588545609,35
tau_FD,S_iu_med,2012.0,nonautonomous,mean5,28.64907465712349,27.717605815081285,30.227205082553322,35
tau_FD,S_iu_med,2012.0,nonautonomous,trend20,28.182827277872775,27.22159028582417,30.64034128962532,35
tau_FD,S_iu_med,2012.0,nonautonomous,trend50,28.171876040421278,26.896428840701013,31.089670361092363,30
tau_FD,S_iu_med,2013.0,frozen,,28.667923674206477,27.911008276984063,30.365109561327657,35
tau_FD,S_iu_med,2013.0,nonautonomous,hold,28.266687049142927,27.664418100032663,29.990878281722743,35
tau_FD,S_iu_med,2013.0,nonautonomous,mean5,28.665399746339684,27.722531381932797,30.206371009674776,35
tau_FD,S_iu_med,2013.0,nonautonomous,trend20,28.279848421163933,27.190489257435935,30.66373707470938,35
tau_FD,S_iu_med,2013.0,nonautonomous,trend50,28.199913150077514,26.863506017248614,31.137465366939914,30
tau_FD,S_iu_med,2014.0,frozen,,29.421630956006002,28.32978703636116,30.311258478622143,35
tau_FD,S_iu_med,2014.0,nonautonomous,hold,28.263771396753405,27.64307707076263,29.979132885595337,35
tau_FD,S_iu_med,2014.0,nonautonomous,mean5,28.649000220884588,27.728335325345515,30.153946051444763,35
tau_FD,S_iu_med,2014.0,nonautonomous,trend20,28.18037775985266,27.155076318997573,30.69355683742485,35
tau_FD,S_iu_med,2014.0,nonautonomous,trend50,28.228943409391512,26.81651811343118,31.194341356832926,30
tau_FD,S_iu_med,2015.0,frozen,,29.46571993384639,28.521896625440903,30.42746377491612,35
tau_FD,S_iu_med,2015.0,nonautonomous,hold,28.24589762291113,27.612371420520276,29.9813454008247,35
tau_FD,S_iu_med,2015.0,nonautonomous,mean5,28.615382813178172,27.7153117578844,30.10149962128562,35
tau_FD,S_iu_med,2015.0,nonautonomous,trend20,28.111881788807636,27.107672562018504,30.720562541414118,35
tau_FD,S_iu_med,2015.0,nonautonomous,trend50,28.258859992174912,26.766577450398994,31.227969704041755,30
tau_FD,S_iu_med,2016.0,frozen,,28.733872525035153,27.749057093845735,29.920895070118565,35
tau_FD,S_iu_med,2016.0,nonautonomous,hold,28.277252883605186,27.603350105066767,30.000540793838304,35
tau_FD,S_iu_med,2016.0,nonautonomous,mean5,28.609955476832198,27.700247058920468,30.113790168111365,35
tau_FD,S_iu_med,2016.0,nonautonomous,trend20,28.120641343076116,27.064210281693956,30.755042431159644,35
tau_FD,S_iu_med,2016.0,nonautonomous,trend50,28.296737307785577,26.74523281085935,31.2514197758085,30
tau_FD,S_iu_med,2017.0,frozen,,28.140792190760575,27.44592606205733,29.40586879495371,35
tau_FD,S_iu_med,2017.0,nonautonomous,hold,28.33126391966683,27.6084107317008,30.06164422517047,35
tau_FD,S_iu_med,2017.0,nonautonomous,mean5,28.61071146532276,27.69379692873939,30.14663616745053,35
tau_FD,S_iu_med,2017.0,nonautonomous,trend20,28.14256254541015,27.02738123709842,30.817766603717025,35
tau_FD,S_iu_med,2017.0,nonautonomous,trend50,28.338034763694772,26.693770331698232,31.32504194125465,30
tau_FD,S_iu_med,2018.0,frozen,,28.704673408645892,27.954107399480634,30.61944619294382,35
tau_FD,S_iu_med,2018.0,nonautonomous,hold,28.3335340144534,27.601452298492926,30.115918791131122,35
tau_FD,S_iu_med,2018.0,nonautonomous,mean5,28.613853258023425,27.701021897621544,30.137421318515756,35
tau_FD,S_iu_med,2018.0,nonautonomous,trend20,28.173024176935062,26.986120319879184,30.86933336161422,35
tau_FD,S_iu_med,2018.0,nonautonomous,trend50,28.37731113374022,26.506471757508766,31.42196584298908,30
tau_FD,S_iu_med,2019.0,frozen,,28.32894752839588,27.59440906841995,30.13386411874552,35
tau_FD,S_iu_med,2019.0,nonautonomous,hold,28.32894752839588,27.59440906841995,30.13386411874552,35
tau_FD,S_iu_med,2019.0,nonautonomous,mean5,28.61209645442413,27.721631304606834,30.107901801282928,35
tau_FD,S_iu_med,2019.0,nonautonomous,trend20,28.070382430250852,26.927054618983945,30.898547320091403,35
tau_FD,S_iu_med,2019.0,nonautonomous,trend50,28.418736065131426,26.46307920794367,31.5123721135129,30
tau_FD,S_iu_long,1980.0,frozen,,48.8574613469067,48.64091154307297,49.10130610608931,35
tau_FD,S_iu_long,1980.0,nonautonomous,hold,51.58250668359141,51.015840543916134,52.60688025425779,35
tau_FD,S_iu_long,1980.0,nonautonomous,mean5,51.723353854794766,51.04635892302443,52.63790563691965,35
tau_FD,S_iu_long,1980.0,nonautonomous,trend20,51.404111040770445,50.83779216218247,52.97425365810341,35
tau_FD,S_iu_long,1980.0,nonautonomous,trend50,51.56354143125024,50.238725055106244,53.4007248110379,30
tau_FD,S_iu_long,1981.0,frozen,,49.536205363952384,49.27249537626372,50.04811305558789,35
tau_FD,S_iu_long,1981.0,nonautonomous,hold,51.635938225737306,51.05488518240395,52.66257596285823,35
tau_FD,S_iu_long,1981.0,nonautonomous,mean5,51.769521627318625,51.08868068572231,52.7102652032292,35
tau_FD,S_iu_long,1981.0,nonautonomous,trend20,51.44033691272178,50.869348418726574,53.05651193339702,35
tau_FD,S_iu_long,1981.0,nonautonomous,trend50,51.61679711939354,50.260164127861,53.48990939932761,30
tau_FD,S_iu_long,1982.0,frozen,,50.32682316133649,49.959532205651584,50.64998469568165,35
tau_FD,S_iu_long,1982.0,nonautonomous,hold,51.68264492492724,51.0781427771997,52.70940239571707,35
tau_FD,S_iu_long,1982.0,nonautonomous,mean5,51.80644713422039,51.116408289915086,52.76599012432857,35
tau_FD,S_iu_long,1982.0,nonautonomous,trend20,51.46045524141938,50.88839329991788,53.11927363634519,35
tau_FD,S_iu_long,1982.0,nonautonomous,trend50,51.655229665985104,50.27025811885664,53.56437094339178,30
tau_FD,S_iu_long,1983.0,frozen,,49.591854633179466,49.07572776162483,49.76683396419304,35
tau_FD,S_iu_long,1983.0,nonautonomous,hold,51.72783244666026,51.09829490384118,52.763747428951405,35
tau_FD,S_iu_long,1983.0,nonautonomous,mean5,51.85308800005149,51.14276256270829,52.824889747964065,35
tau_FD,S_iu_long,1983.0,nonautonomous,trend20,51.48643021510402,50.91517353947479,53.18238868627367,35
tau_FD,S_iu_long,1983.0,nonautonomous,trend50,51.694464326555654,50.280913715521706,53.63885207746747,30
tau_FD,S_iu_long,1984.0,frozen,,50.10802149198989,49.813922290781235,50.41877527960779,35
tau_FD,S_iu_long,1984.0,nonautonomous,hold,51.76971467670107,51.12264879097156,52.821115999336655,35
tau_FD,S_iu_long,1984.0,nonautonomous,mean5,51.900254990672025,51.1707430224925,52.88549469419087,35
tau_FD,S_iu_long,1984.0,nonautonomous,trend20,51.51825326054055,50.940757037590636,53.25126894426881,35
tau_FD,S_iu_long,1984.0,nonautonomous,trend50,51.738546441763184,50.29693129823221,53.71509695435692,30
tau_FD,S_iu_long,1985.0,frozen,,49.83764168268881,49.54896896296744,50.117609825522564,35
tau_FD,S_iu_long,1985.0,nonautonomous,hold,51.80330187705337,51.15015748286841,52.88121522143639,35
tau_FD,S_iu_long,1985.0,nonautonomous,mean5,51.942258685845545,51.201541657083894,52.943996807132855,35
tau_FD,S_iu_long,1985.0,nonautonomous,trend20,51.554730362687096,50.9606573181117,53.318774453546425,35
tau_FD,S_iu_long,1985.0,nonautonomous,trend50,51.77828375958354,50.3036652409276,53.78834131551131,30
tau_FD,S_iu_long,1986.0,frozen,,48.91935301078284,48.58202565067474,49.46953240801324,35
tau_FD,S_iu_long,1986.0,nonautonomous,hold,51.85883740090493,51.20037095125228,52.96069918807028,35
tau_FD,S_iu_long,1986.0,nonautonomous,mean5,51.99597925865484,51.25242509905188,53.020146302688275,35
tau_FD,S_iu_long,1986.0,nonautonomous,trend20,51.61130990162403,50.99725944078818,53.40490238179615,35
tau_FD,S_iu_long,1986.0,nonautonomous,trend50,51.83260230075819,50.3268639006648,53.87918482547648,30
tau_FD,S_iu_long,1987.0,frozen,,47.69023172389926,47.38374011471038,47.87342468539916,35
tau_FD,S_iu_long,1987.0,nonautonomous,hold,51.94705789120994,51.27712608481602,53.063769901878814,35
tau_FD,S_iu_long,1987.0,nonautonomous,mean5,52.07354004681649,51.32903122969291,53.120179884638034,35
tau_FD,S_iu_long,1987.0,nonautonomous,trend20,51.69001280891095,51.06272525854531,53.52393295736044,35
tau_FD,S_iu_long,1987.0,nonautonomous,trend50,51.917549619232226,50.38071035624989,54.00526669284264,30
tau_FD,S_iu_long,1988.0,frozen,,47.694870664989985,47.50914171371761,47.98915061692644,35
tau_FD,S_iu_long,1988.0,nonautonomous,hold,52.038848687610695,51.35703314874965,53.178106782870415,35
tau_FD,S_iu_long,1988.0,nonautonomous,mean5,52.166001155464485,51.415170314874196,53.2338624251886,35
tau_FD,S_iu_long,1988.0,nonautonomous,trend20,51.77701350992237,51.13646831011971,53.654149144182185,35
tau_FD,S_iu_long,1988.0,nonautonomous,trend50,52.011548590049586,50.438275690021,54.14663715713699,30
tau_FD,S_iu_long,1989.0,frozen,,48.78338071329367,48.5280180856149,48.99175565087975,35
tau_FD,S_iu_long,1989.0,nonautonomous,hold,52.114797258450636,51.41758790865185,53.27671962632232,35
tau_FD,S_iu_long,1989.0,nonautonomous,mean5,52.24548656274921,51.4817916111318,53.333474835669435,35
tau_FD,S_iu_long,1989.0,nonautonomous,trend20,51.8455100185406,51.1921271508478,53.769145236337444,35
tau_FD,S_iu_long,1989.0,nonautonomous,trend50,52.08761239932751,50.48109985375303,54.26890015140219,30
tau_FD,S_iu_long,1990.0,frozen,,51.015568029978205,50.61173408119579,51.25360392732124,35
tau_FD,S_iu_long,1990.0,nonautonomous,hold,52.16344338412795,51.4503742231037,53.34322761832138,35
tau_FD,S_iu_long,1990.0,nonautonomous,mean5,52.28931164355033,51.51466656339851,53.40731394977541,35
tau_FD,S_iu_long,1990.0,nonautonomous,trend20,51.87816445655123,51.214028579514576,53.85348675131819,35
tau_FD,S_iu_long,1990.0,nonautonomous,trend50,52.1280014714888,50.495896091357,54.3559919922928,30
tau_FD,S_iu_long,1991.0,frozen,,50.30688948287038,50.13092572934048,50.81037380826251,35
tau_FD,S_iu_long,1991.0,nonautonomous,hold,52.19479768485451,51.47411566573153,53.39251105526747,35
tau_FD,S_iu_long,1991.0,nonautonomous,mean5,52.31889559213093,51.53193930359845,53.46854610148276,35
tau_FD,S_iu_long,1991.0,nonautonomous,trend20,51.89804507422581,51.2192128996112,53.92276222686661,35
tau_FD,S_iu_long,1991.0,nonautonomous,trend50,52.15533058770086,50.49441958655562,54.42914181699781,30
tau_FD,S_iu_long,1992.0,frozen,,50.63230659983489,50.44040033296257,50.96187786773718,35
tau_FD,S_iu_long,1992.0,nonautonomous,hold,52.22708016916744,51.498747648284926,53.44471052806156,35
tau_FD,S_iu_long,1992.0,nonautonomous,mean5,52.352728383064765,51.55080229082946,53.52553610343989,35
tau_FD,S_iu_long,1992.0,nonautonomous,trend20,51.92468625993303,51.22384735964974,53.99076795991578,35
tau_FD,S_iu_long,1992.0,nonautonomous,trend50,52.19011970072093,50.49249920822073,54.504562272617605,30
tau_FD,S_iu_long,1993.0,frozen,,49.88272769605238,49.674889248354376,50.10813408925364,35
tau_FD,S_iu_long,1993.0,nonautonomous,hold,52.256477222139075,51.52616618365671,53.49968564484706,35
tau_FD,S_iu_long,1993.0,nonautonomous,mean5,52.39227929305747,51.57292459187771,53.58468497983432,35
tau_FD,S_iu_long,1993.0,nonautonomous,trend20,51.94786550851975,51.23077068196072,54.0601915040555,35
tau_FD,S_iu_long,1993.0,nonautonomous,trend50,52.22809884679852,50.49103300279197,54.58417574965912,30
tau_FD,S_iu_long,1994.0,frozen,,49.31929730989604,48.949201598789585,49.51801085415524,35
tau_FD,S_iu_long,1994.0,nonautonomous,hold,52.29960772578424,51.565243435575965,53.56569697104936,35
tau_FD,S_iu_long,1994.0,nonautonomous,mean5,52.44344009021517,51.60921447746129,53.66021554708199,35
tau_FD,S_iu_long,1994.0,nonautonomous,trend20,51.99038478424585,51.25459247852578,54.14435127350413,35
tau_FD,S_iu_long,1994.0,nonautonomous,trend50,52.27939452934431,50.50017845364214,54.680947861693994,30
tau_FD,S_iu_long,1995.0,frozen,,49.28033160930952,49.166127513898296,49.568227459688586,35
tau_FD,S_iu_long,1995.0,nonautonomous,hold,52.35604937132806,51.60880195164527,53.64407722089226,35
tau_FD,S_iu_long,1995.0,nonautonomous,mean5,52.49596834310104,51.652147570548976,53.744441216435035,35
tau_FD,S_iu_long,1995.0,nonautonomous,trend20,52.042818792844244,51.287457877747585,54.240807628747035,35
tau_FD,S_iu_long,1995.0,nonautonomous,trend50,52.33802734656389,50.51449830142684,54.79010257707164,30
tau_FD,S_iu_long,1996.0,frozen,,50.15281618217153,49.81500826645443,50.44054803256989,35
tau_FD,S_iu_long,1996.0,nonautonomous,hold,52.40029057953754,51.64971975574997,53.717629556597174,35
tau_FD,S_iu_long,1996.0,nonautonomous,mean5,52.540928482384615,51.68956471599215,53.82305480120322,35
tau_FD,S_iu_long,1996.0,nonautonomous,trend20,52.09071967540659,51.31069076078843,54.33550941360015,35
tau_FD,S_iu_long,1996.0,nonautonomous,trend50,52.38767801961694,50.522617036969514,54.896648141261934,30
tau_FD,S_iu_long,1997.0,frozen,,50.962837682156525,50.58147497650577,51.3059815390745,35
tau_FD,S_iu_long,1997.0,nonautonomous,hold,52.43028527304811,51.67762507539611,53.77663080582999,35
tau_FD,S_iu_long,1997.0,nonautonomous,mean5,52.566976660043196,51.70830856380793,53.881964259489884,35
tau_FD,S_iu_long,1997.0,nonautonomous,trend20,52.11941564899621,51.31854041167192,54.411045301570226,35
tau_FD,S_iu_long,1997.0,nonautonomous,trend50,52.42119372110247,50.51532075182805,54.984113134844144,30
tau_FD,S_iu_long,1998.0,frozen,,51.00878393852318,50.62332808016511,51.268812865841824,35
tau_FD,S_iu_long,1998.0,nonautonomous,hold,52.45569521218488,51.70046458074541,53.82652707703829,35
tau_FD,S_iu_long,1998.0,nonautonomous,mean5,52.58946967929221,51.71407278503674,53.9298946301373,35
tau_FD,S_iu_long,1998.0,nonautonomous,trend20,52.13286689622174,51.32188386893598,54.474301670412274,35
tau_FD,S_iu_long,1998.0,nonautonomous,trend50,52.446362376315534,50.49803683591392,55.05927618280518,30
tau_FD,S_iu_long,1999.0,frozen,,50.2410396420298,49.770573811423986,50.587441078765934,35
tau_FD,S_iu_long,1999.0,nonautonomous,hold,52.49110584548372,51.731908075257536,53.879322923678394,35
tau_FD,S_iu_long,1999.0,nonautonomous,mean5,52.6246138069245,51.734197621129994,53.98470839443159,35
tau_FD,S_iu_long,1999.0,nonautonomous,trend20,52.16060527316469,51.33640658046942,54.544392340371324,35
tau_FD,S_iu_long,1999.0,nonautonomous,trend50,52.48272486971962,50.50889143141245,55.145578051814354,30
tau_FD,S_iu_long,2000.0,frozen,,51.44277037410339,50.71910222484071,52.01773134559149,35
tau_FD,S_iu_long,2000.0,nonautonomous,hold,52.52702663514623,51.750759786659955,53.92025403175177,35
tau_FD,S_iu_long,2000.0,nonautonomous,mean5,52.65324949213853,51.753058323652766,54.04562869535742,35
tau_FD,S_iu_long,2000.0,nonautonomous,trend20,52.19235311420166,51.343514840848655,54.60769928206868,35
tau_FD,S_iu_long,2000.0,nonautonomous,trend50,52.520632005027096,50.51365512331281,55.22899983865891,30
tau_FD,S_iu_long,2001.0,frozen,,52.725317167505956,52.45317526021137,53.04333764426204,35
tau_FD,S_iu_long,2001.0,nonautonomous,hold,52.53174833317444,51.74433236915411,53.93826816183697,35
tau_FD,S_iu_long,2001.0,nonautonomous,mean5,52.66186453950634,51.74650205228333,54.09532744128987,35
tau_FD,S_iu_long,2001.0,nonautonomous,trend20,52.19601443056989,51.31791381458002,54.64224197692124,35
tau_FD,S_iu_long,2001.0,nonautonomous,trend50,52.53075761741568,50.493392562661555,55.28782969002867,30
tau_FD,S_iu_long,2002.0,frozen,,52.35669378662285,52.036494499147466,52.98177964410803,35
tau_FD,S_iu_long,2002.0,nonautonomous,hold,52.524973978077924,51.729815713788675,53.95529966587728,35
tau_FD,S_iu_long,2002.0,nonautonomous,mean5,52.67468784641935,51.73932491323531,54.13798111277289,35
tau_FD,S_iu_long,2002.0,nonautonomous,trend20,52.193336690732195,51.285684234907436,54.66522584994365,35
tau_FD,S_iu_long,2002.0,nonautonomous,trend50,52.53131296099899,50.46803551499681,55.3388833578678,30
tau_FD,S_iu_long,2003.0,frozen,,51.15626756914612,50.476230005677905,51.59223772774192,35
tau_FD,S_iu_long,2003.0,nonautonomous,hold,52.52934692820389,51.73102783755379,53.989318161146585,35
tau_FD,S_iu_long,2003.0,nonautonomous,mean5,52.70168697919443,51.75728912397865,54.17137763720648,35
tau_FD,S_iu_long,2003.0,nonautonomous,trend20,52.21415457944033,51.276592585012395,54.70282565884948,35
tau_FD,S_iu_long,2003.0,nonautonomous,trend50,52.54650721215994,50.4665287548205,55.417798591499604,30
tau_FD,S_iu_long,2004.0,frozen,,51.495074128314535,50.77621702623287,52.20785193590463,35
tau_FD,S_iu_long,2004.0,nonautonomous,hold,52.5332433869527,51.74364542479839,54.03135964187774,35
tau_FD,S_iu_long,2004.0,nonautonomous,mean5,52.7303042890335,51.7826384637013,54.21194220970395,35
tau_FD,S_iu_long,2004.0,nonautonomous,trend20,52.24581060542973,51.26888748577932,54.75454315945126,35
tau_FD,S_iu_long,2004.0,nonautonomous,trend50,52.569124109064575,50.47791867276744,55.51480956193523,30
tau_FD,S_iu_long,2005.0,frozen,,52.36213016060672,51.40669909846419,53.28516295752796,35
tau_FD,S_iu_long,2005.0,nonautonomous,hold,52.52030681292895,51.748573240286575,54.062481277895074,35
tau_FD,S_iu_long,2005.0,nonautonomous,mean5,52.74770078649908,51.7958645980424,54.23225989375641,35
tau_FD,S_iu_long,2005.0,nonautonomous,trend20,52.26651688846228,51.23897985591698,54.79918845174404,35
tau_FD,S_iu_long,2005.0,nonautonomous,trend50,52.58240030489203,50.47840888613449,55.60410469561414,30
tau_FD,S_iu_long,2006.0,frozen,,52.84450312584874,51.83091942616302,53.95337992522915,35
tau_FD,S_iu_long,2006.0,nonautonomous,hold,52.494062210059,51.737575939168345,54.085636243855845,35
tau_FD,S_iu_long,2006.0,nonautonomous,mean5,52.756094429937484,51.78727079263806,54.24144125421509,35
tau_FD,S_iu_long,2006.0,nonautonomous,trend20,52.260177316173966,51.207111836181355,54.8330152262276,35
tau_FD,S_iu_long,2006.0,nonautonomous,trend50,52.58041267532143,50.46649717485335,55.69182348766341,30
tau_FD,S_iu_long,2007.0,frozen,,54.10450113940458,51.96662235630528,55.28025278281116,35
tau_FD,S_iu_long,2007.0,nonautonomous,hold,52.4491140881768,51.711867866655254,54.089383181435224,35
tau_FD,S_iu_long,2007.0,nonautonomous,mean5,52.75559143306577,51.77083594453354,54.23461239393181,35
tau_FD,S_iu_long,2007.0,nonautonomous,trend20,52.22659075207997,51.15181603009253,54.84798214350157,35
tau_FD,S_iu_long,2007.0,nonautonomous,trend50,52.56254826685725,50.437353533649286,55.76844195735793,30
tau_FD,S_iu_long,2008.0,frozen,,53.97005139120762,52.92221454895163,57.46554958493675,35
tau_FD,S_iu_long,2008.0,nonautonomous,hold,52.387594259307576,51.680570335295855,54.04268896602179,35
tau_FD,S_iu_long,2008.0,nonautonomous,mean5,52.718156753925115,51.75900438632772,54.21286408480148,35
tau_FD,S_iu_long,2008.0,nonautonomous,trend20,52.19088942394567,51.06815839686151,54.84524574689239,35
tau_FD,S_iu_long,2008.0,nonautonomous,trend50,52.535155165607016,50.38676026826636,55.807672129723834,30
tau_FD,S_iu_long,2009.0,frozen,,54.02532652477993,53.144495700997524,55.01379084477732,35
tau_FD,S_iu_long,2009.0,nonautonomous,hold,52.32509196609002,51.64881068731572,54.000885959272296,35
tau_FD,S_iu_long,2009.0,nonautonomous,mean5,52.68568817574594,51.73306730270694,54.191989929598165,35
tau_FD,S_iu_long,2009.0,nonautonomous,trend20,52.155251584086784,50.98322591638606,54.844131929927215,35
tau_FD,S_iu_long,2009.0,nonautonomous,trend50,52.52874644199204,50.32550336405187,55.833382567958125,30
tau_FD,S_iu_long,2010.0,frozen,,52.23505555982799,51.153272721514114,53.91645984623507,35
tau_FD,S_iu_long,2010.0,nonautonomous,hold,52.288878599135295,51.632237248969716,53.99008257297632,35
tau_FD,S_iu_long,2010.0,nonautonomous,mean5,52.677692749745404,51.71659969661128,54.18230639537362,35
tau_FD,S_iu_long,2010.0,nonautonomous,trend20,52.14001151284446,50.92756108391093,54.85798946548472,35
tau_FD,S_iu_long,2010.0,nonautonomous,trend50,52.54657233652354,50.263835153514684,55.89386690283327,30
tau_FD,S_iu_long,2011.0,frozen,,52.528619780804796,51.61179298728976,54.95822266163695,35
tau_FD,S_iu_long,2011.0,nonautonomous,hold,52.26615765560109,51.631267687849885,54.00689469676935,35
tau_FD,S_iu_long,2011.0,nonautonomous,mean5,52.67487424720193,51.719701102753774,54.184192130864986,35
tau_FD,S_iu_long,2011.0,nonautonomous,trend20,52.14978230264301,50.87054913821734,54.871816762344096,35
tau_FD,S_iu_long,2011.0,nonautonomous,trend50,52.56208578881655,50.184383871758115,55.971146648255306,30
tau_FD,S_iu_long,2012.0,frozen,,52.70143768422502,51.55230753635697,54.30046928455117,35
tau_FD,S_iu_long,2012.0,nonautonomous,hold,52.27938230178432,51.6299248373817,54.01066788111663,35
tau_FD,S_iu_long,2012.0,nonautonomous,mean5,52.66052453430826,51.71899812651141,54.18033853545816,35
tau_FD,S_iu_long,2012.0,nonautonomous,trend20,52.118499859722746,50.79944789159218,54.8710657249745,35
tau_FD,S_iu_long,2012.0,nonautonomous,trend50,52.58020304578024,50.09377534234318,56.04359641918569,30
tau_FD,S_iu_long,2013.0,frozen,,52.66792367420648,51.91100827698406,54.365109561327664,35
tau_FD,S_iu_long,2013.0,nonautonomous,hold,52.28965375680346,51.62779967023093,54.02558752687006,35
tau_FD,S_iu_long,2013.0,nonautonomous,mean5,52.65196583335905,51.72125655712958,54.152890783977455,35
tau_FD,S_iu_long,2013.0,nonautonomous,trend20,51.95222207641696,50.77100213330823,54.876325909554154,35
tau_FD,S_iu_long,2013.0,nonautonomous,trend50,52.60216458814907,50.011153038990386,56.11263688384635,30
tau_FD,S_iu_long,2014.0,frozen,,53.42163095600601,52.32978703636116,54.31125847862214,35
tau_FD,S_iu_long,2014.0,nonautonomous,hold,52.27932659849938,51.61735983342285,54.05197958999797,35
tau_FD,S_iu_long,2014.0,nonautonomous,mean5,52.62905625513033,51.72381209121605,54.12814863362321,35
tau_FD,S_iu_long,2014.0,nonautonomous,trend20,51.80430759084496,50.74350810298431,54.881477073308695,35
tau_FD,S_iu_long,2014.0,nonautonomous,trend50,52.62442230903077,49.92645944236838,56.1772194946279,30
tau_FD,S_iu_long,2015.0,frozen,,53.46571993384639,52.5218966254409,54.42746377491612,35
tau_FD,S_iu_long,2015.0,nonautonomous,hold,52.27645320186413,51.60301299305216,54.06090424035366,35
tau_FD,S_iu_long,2015.0,nonautonomous,mean5,52.61357972301792,51.71784878938032,54.10405283624248,35
tau_FD,S_iu_long,2015.0,nonautonomous,trend20,51.76440927456372,50.71502327158586,54.88806481276055,35
tau_FD,S_iu_long,2015.0,nonautonomous,trend50,52.6469304452917,49.84644737456905,56.23787106975045,30
tau_FD,S_iu_long,2016.0,frozen,,52.73387252503516,51.749057093845735,53.92089507011857,35
tau_FD,S_iu_long,2016.0,nonautonomous,hold,52.305311460519405,51.59879089644397,54.07140404036396,35
tau_FD,S_iu_long,2016.0,nonautonomous,mean5,52.61111203751939,51.71116917767059,54.10815920841037,35
tau_FD,S_iu_long,2016.0,nonautonomous,trend20,51.745748933263314,50.70057319818256,54.90701610974444,35
tau_FD,S_iu_long,2016.0,nonautonomous,trend50,52.67284318407034,49.776321759584626,56.30348794246748,30
tau_FD,S_iu_long,2017.0,frozen,,52.14079219076057,51.44592606205734,53.40586879495372,35
tau_FD,S_iu_long,2017.0,nonautonomous,hold,52.330082288760195,51.60094719377427,54.10044790271331,35
tau_FD,S_iu_long,2017.0,nonautonomous,mean5,52.61148615923297,51.70853006444047,54.1227419342314,35
tau_FD,S_iu_long,2017.0,nonautonomous,trend20,51.742868971245706,50.69713485447991,54.93474524703245,35
tau_FD,S_iu_long,2017.0,nonautonomous,trend50,52.699997505687605,49.71375440293857,56.37832999432053,30
tau_FD,S_iu_long,2018.0,frozen,,52.704673408645895,51.95410739948064,54.619446192943826,35
tau_FD,S_iu_long,2018.0,nonautonomous,hold,52.331051884732844,51.59763866514544,54.12563308515978,35
tau_FD,S_iu_long,2018.0,nonautonomous,mean5,52.61290364725064,51.712136113329706,54.11798462231088,35
tau_FD,S_iu_long,2018.0,nonautonomous,trend20,51.739208544788056,50.68579377667919,54.9486904105339,35
tau_FD,S_iu_long,2018.0,nonautonomous,trend50,52.72592763647071,49.6441791234009,56.44943833935627,30
tau_FD,S_iu_long,2019.0,frozen,,52.32894752839589,51.59440906841995,54.13386411874552,35
tau_FD,S_iu_long,2019.0,nonautonomous,hold,52.32894752839589,51.59440906841995,54.13386411874552,35
tau_FD,S_iu_long,2019.0,nonautonomous,mean5,52.61209645442414,51.721631304606845,54.107901801282935,35
tau_FD,S_iu_long,2019.0,nonautonomous,trend20,51.73853293585861,50.667671336047455,54.948268102492854,35
tau_FD,S_iu_long,2019.0,nonautonomous,trend50,52.752511734534764,49.56690409010005,56.52400305754196,30
tau_FD,S_scrap,1980.0,frozen,,37.82600101126161,36.05577941648785,39.7964014911219,35
tau_FD,S_scrap,1980.0,nonautonomous,hold,39.45423377054287,38.22728194934999,40.366939636702156,35
tau_FD,S_scrap,1980.0,nonautonomous,mean5,39.46149228261519,38.29270146289667,40.26432287052903,35
tau_FD,S_scrap,1980.0,nonautonomous,trend20,39.08368749149855,38.31271414826061,40.544278230732644,35
tau_FD,S_scrap,1980.0,nonautonomous,trend50,38.82296727181938,38.033369028616946,41.35526747629373,30
tau_FD,S_scrap,1981.0,frozen,,38.083843389092934,37.02078919173276,39.671821007297325,35
tau_FD,S_scrap,1981.0,nonautonomous,hold,39.11786481942559,38.042643541429214,40.18343390826678,35
tau_FD,S_scrap,1981.0,nonautonomous,mean5,39.144092988862454,38.05426655595019,40.12643609599776,35
tau_FD,S_scrap,1981.0,nonautonomous,trend20,38.70174119054355,38.1608141400053,40.20438403382911,35
tau_FD,S_scrap,1981.0,nonautonomous,trend50,38.98237868110536,37.88056695485415,40.83202048367986,30
tau_FD,S_scrap,1982.0,frozen,,38.59702174924143,37.713321988464585,39.65086162679584,35
tau_FD,S_scrap,1982.0,nonautonomous,hold,38.85842266171271,38.13776243509601,39.8403101050657,35
tau_FD,S_scrap,1982.0,nonautonomous,mean5,38.92788953438688,38.23074893081577,39.75525287502121,35
tau_FD,S_scrap,1982.0,nonautonomous,trend20,38.72941893094526,37.801048986421684,40.04825939260216,35
tau_FD,S_scrap,1982.0,nonautonomous,trend50,38.671373593300395,37.28549433741638,40.721148155160904,30
tau_FD,S_scrap,1983.0,frozen,,37.76273032002496,36.96863576642063,38.58559003550502,35
tau_FD,S_scrap,1983.0,nonautonomous,hold,38.60702772586208,37.67498763808335,39.54801986645651,35
tau_FD,S_scrap,1983.0,nonautonomous,mean5,38.54485473999129,37.77585189300754,39.59877742634084,35
tau_FD,S_scrap,1983.0,nonautonomous,trend20,38.30728547040739,37.51597159109367,39.85961352636495,35
tau_FD,S_scrap,1983.0,nonautonomous,trend50,38.50757821914552,37.03877683626334,40.63147439545862,30
tau_FD,S_scrap,1984.0,frozen,,38.15745575327525,36.61941952874574,39.03682345030819,35
tau_FD,S_scrap,1984.0,nonautonomous,hold,38.30110059984932,37.32592010343738,39.558254181831956,35
tau_FD,S_scrap,1984.0,nonautonomous,mean5,38.33866649135503,37.44742156707454,39.47078346700089,35
tau_FD,S_scrap,1984.0,nonautonomous,trend20,38.13276278120805,37.24534846988223,39.623931131837175,35
tau_FD,S_scrap,1984.0,nonautonomous,trend50,38.06610775447603,37.14223447891308,40.43617855414145,30
tau_FD,S_scrap,1985.0,frozen,,37.78083321791241,36.66015873684794,39.26557401040964,35
tau_FD,S_scrap,1985.0,nonautonomous,hold,38.068176920733784,37.103814899747626,39.31407323163131,35
tau_FD,S_scrap,1985.0,nonautonomous,mean5,38.088135177983744,37.26401919580367,39.30644715482889,35
tau_FD,S_scrap,1985.0,nonautonomous,trend20,37.86284424112058,36.98286017008715,39.417302058046396,35
tau_FD,S_scrap,1985.0,nonautonomous,trend50,37.66015698355478,36.94951313923794,40.00268304804499,30
tau_FD,S_scrap,1986.0,frozen,,39.09037165702206,37.219935901647894,40.58305275545535,35
tau_FD,S_scrap,1986.0,nonautonomous,hold,37.86417861714749,36.75146860800235,39.09055763889869,35
tau_FD,S_scrap,1986.0,nonautonomous,mean5,37.795975170024754,36.713261452597706,39.12287479872815,35
tau_FD,S_scrap,1986.0,nonautonomous,trend20,37.47726055487304,36.379960019908324,39.017195392358204,35
tau_FD,S_scrap,1986.0,nonautonomous,trend50,37.1122933773101,36.20355730138655,39.6977306752095,30
tau_FD,S_scrap,1987.0,frozen,,35.70909216680313,33.88221633125076,37.18540389659849,35
tau_FD,S_scrap,1987.0,nonautonomous,hold,37.31075137919521,36.291675166102294,38.730619870697915,35
tau_FD,S_scrap,1987.0,nonautonomous,mean5,37.42036066476268,36.133626411086865,38.651078162412475,35
tau_FD,S_scrap,1987.0,nonautonomous,trend20,37.06911831229233,35.79151803106244,38.3792991017679,35
tau_FD,S_scrap,1987.0,nonautonomous,trend50,36.81870208948161,35.8697529362838,39.139006437881314,30
tau_FD,S_scrap,1988.0,frozen,,33.79937946338188,31.24317900036585,34.974938765545154,35
tau_FD,S_scrap,1988.0,nonautonomous,hold,36.79999737287121,35.57732908557411,37.95229379995918,35
tau_FD,S_scrap,1988.0,nonautonomous,mean5,36.87813241459291,35.5354239758846,38.276986683271794,35
tau_FD,S_scrap,1988.0,nonautonomous,trend20,36.831560043888274,35.360007167153306,38.24771018351038,35
tau_FD,S_scrap,1988.0,nonautonomous,trend50,36.50441217722114,35.643891560675904,38.75688367976859,30
tau_FD,S_scrap,1989.0,frozen,,33.17200114456137,31.55311165636395,35.19089848039435,35
tau_FD,S_scrap,1989.0,nonautonomous,hold,36.89760935121441,35.46776170500235,38.18882901460363,35
tau_FD,S_scrap,1989.0,nonautonomous,mean5,36.81599394686168,35.54157076477521,38.37189953039463,35
tau_FD,S_scrap,1989.0,nonautonomous,trend20,36.63794175175698,35.58126448035458,38.48412640829886,35
tau_FD,S_scrap,1989.0,nonautonomous,trend50,36.633822291880165,35.699375099062095,39.30939178056484,30
tau_FD,S_scrap,1990.0,frozen,,36.84269329610967,34.34119587975416,37.92162083396161,35
tau_FD,S_scrap,1990.0,nonautonomous,hold,37.066487432911444,35.85453861318219,38.153930508343535,35
tau_FD,S_scrap,1990.0,nonautonomous,mean5,36.99638840892938,35.86634388263257,38.52187086214116,35
tau_FD,S_scrap,1990.0,nonautonomous,trend20,36.696171089584965,35.85194200425768,38.40944045307788,35
tau_FD,S_scrap,1990.0,nonautonomous,trend50,37.18610299966744,35.458667347849065,39.69277595694691,30
tau_FD,S_scrap,1991.0,frozen,,35.98005990157974,34.145913945031396,37.66371196091056,35
tau_FD,S_scrap,1991.0,nonautonomous,hold,36.71463001121835,35.76234496150309,38.120393540841,35
tau_FD,S_scrap,1991.0,nonautonomous,mean5,36.810000834401585,35.82083571148485,38.19259952924074,35
tau_FD,S_scrap,1991.0,nonautonomous,trend20,36.77879253823616,35.55849516620023,38.27272700713049,35
tau_FD,S_scrap,1991.0,nonautonomous,trend50,37.104645352777105,35.09256324154846,39.406233772949186,30
tau_FD,S_scrap,1992.0,frozen,,35.17534539609021,33.649165929624616,35.92179489029006,35
tau_FD,S_scrap,1992.0,nonautonomous,hold,37.211744200133914,35.824471178018456,38.19643906124146,35
tau_FD,S_scrap,1992.0,nonautonomous,mean5,37.266292612696056,35.7608763368098,38.349140039100405,35
tau_FD,S_scrap,1992.0,nonautonomous,trend20,36.856324013793106,35.23950504062398,38.49383976980275,35
tau_FD,S_scrap,1992.0,nonautonomous,trend50,37.038216805065204,35.04797729235666,39.26713164373965,30
tau_FD,S_scrap,1993.0,frozen,,34.89236854291026,33.2102755981588,35.97620686296471,35
tau_FD,S_scrap,1993.0,nonautonomous,hold,37.385346430301034,35.68711748270712,38.46782996143533,35
tau_FD,S_scrap,1993.0,nonautonomous,mean5,37.44147699139555,35.7684838143439,38.530540136930426,35
tau_FD,S_scrap,1993.0,nonautonomous,trend20,37.01927468052678,35.42812827223908,38.7367175577978,35
tau_FD,S_scrap,1993.0,nonautonomous,trend50,36.80844526095838,35.01150482325308,39.295883434716586,30
tau_FD,S_scrap,1994.0,frozen,,33.95479073362819,31.96681962663819,35.42599671576544,35
tau_FD,S_scrap,1994.0,nonautonomous,hold,37.711413822103424,35.68637229149397,38.433233184506925,35
tau_FD,S_scrap,1994.0,nonautonomous,mean5,37.52392878514398,35.613955236259315,38.5545492243909,35
tau_FD,S_scrap,1994.0,nonautonomous,trend20,37.366702618124975,35.69855738822303,38.76894783602056,35
tau_FD,S_scrap,1994.0,nonautonomous,trend50,37.13745344999734,35.204314937661366,39.50970325644276,30
tau_FD,S_scrap,1995.0,frozen,,33.7784500074615,33.21644770150536,35.59099616991727,35
tau_FD,S_scrap,1995.0,nonautonomous,hold,37.67987435064409,36.070641669393154,38.740788057299426,35
tau_FD,S_scrap,1995.0,nonautonomous,mean5,37.553356097692166,35.98275505122449,38.94279791908677,35
tau_FD,S_scrap,1995.0,nonautonomous,trend20,37.46401064867118,35.71356038202751,38.587655782766674,35
tau_FD,S_scrap,1995.0,nonautonomous,trend50,37.847401530940544,35.36216395375044,39.309205756358494,30
tau_FD,S_scrap,1996.0,frozen,,35.01025230421299,33.59298817429928,36.33265567930173,35
tau_FD,S_scrap,1996.0,nonautonomous,hold,37.514755823125874,35.82888888332991,38.927520239907736,35
tau_FD,S_scrap,1996.0,nonautonomous,mean5,37.57600390671473,35.7579662223562,38.91885175620443,35
tau_FD,S_scrap,1996.0,nonautonomous,trend20,37.71444090660982,35.58029272087762,38.532509796698605,35
tau_FD,S_scrap,1996.0,nonautonomous,trend50,37.64318913402153,35.745840264419535,39.15298834961743,30
tau_FD,S_scrap,1997.0,frozen,,35.43746730758839,33.845507354388054,36.284456126010085,35
tau_FD,S_scrap,1997.0,nonautonomous,hold,37.78648966233123,35.99254351378943,38.987082533057496,35
tau_FD,S_scrap,1997.0,nonautonomous,mean5,37.78594822728104,36.01551056385041,39.02762073632847,35
tau_FD,S_scrap,1997.0,nonautonomous,trend20,37.61962952924323,35.762385601582736,39.134617775888145,35
tau_FD,S_scrap,1997.0,nonautonomous,trend50,37.649546685782646,36.21764922938927,39.73477318264464,30
tau_FD,S_scrap,1998.0,frozen,,36.21251460228094,34.79256231456655,37.46000216566462,35
tau_FD,S_scrap,1998.0,nonautonomous,hold,37.80796781745108,36.07528808332861,39.67663177122154,35
tau_FD,S_scrap,1998.0,nonautonomous,mean5,37.89759561933894,36.12375071254612,39.49535608465477,35
tau_FD,S_scrap,1998.0,nonautonomous,trend20,37.79744979734568,36.16297218975778,39.50750398647081,35
tau_FD,S_scrap,1998.0,nonautonomous,trend50,37.85996450699877,36.22720311481584,40.32146488885707,30
tau_FD,S_scrap,1999.0,frozen,,35.44428063721271,33.910417948107664,37.11317281206439,35
tau_FD,S_scrap,1999.0,nonautonomous,hold,37.49368126573476,36.032345339433704,39.99081266711728,35
tau_FD,S_scrap,1999.0,nonautonomous,mean5,37.38287728689193,36.19344533109796,39.98290548163273,35
tau_FD,S_scrap,1999.0,nonautonomous,trend20,38.177096650974995,36.212624489240596,39.897957799375156,35
tau_FD,S_scrap,1999.0,nonautonomous,trend50,37.72663850709982,35.972686790592945,40.304162561505585,30
tau_FD,S_scrap,2000.0,frozen,,36.2271607389204,34.332342822040175,38.05127658783064,35
tau_FD,S_scrap,2000.0,nonautonomous,hold,37.93478720402944,36.126153207500224,41.04791012097692,35
tau_FD,S_scrap,2000.0,nonautonomous,mean5,37.81409850644094,36.40945508495213,40.86164944367531,35
tau_FD,S_scrap,2000.0,nonautonomous,trend20,38.19445979961482,36.36486318115262,40.6683980113892,35
tau_FD,S_scrap,2000.0,nonautonomous,trend50,38.4752651434667,35.69077166090295,41.33000196420746,30
tau_FD,S_scrap,2001.0,frozen,,37.81824612787342,36.79168103260544,39.863274304826135,35
tau_FD,S_scrap,2001.0,nonautonomous,hold,38.590861621564805,36.05299369409114,41.827938465113434,35
tau_FD,S_scrap,2001.0,nonautonomous,mean5,38.42335126622428,36.236754978849426,41.420860913416476,35
tau_FD,S_scrap,2001.0,nonautonomous,trend20,38.48883524685222,35.605068573067626,40.797739511768825,35
tau_FD,S_scrap,2001.0,nonautonomous,trend50,38.845181647427886,35.42846222970728,41.79995082619022,30
tau_FD,S_scrap,2002.0,frozen,,38.0263512217141,36.34780013439348,40.32873353779236,35
tau_FD,S_scrap,2002.0,nonautonomous,hold,38.3765228764497,36.00214557799109,42.19575776351761,35
tau_FD,S_scrap,2002.0,nonautonomous,mean5,38.056620208514076,36.15682438550528,41.992141014799664,35
tau_FD,S_scrap,2002.0,nonautonomous,trend20,39.08878944717967,35.47417148173066,41.17310103562963,35
tau_FD,S_scrap,2002.0,nonautonomous,trend50,38.970097151273926,35.343849140029356,42.349658774926176,30
tau_FD,S_scrap,2003.0,frozen,,36.81438449768004,33.77803566121481,40.18112548858032,35
tau_FD,S_scrap,2003.0,nonautonomous,hold,38.10736274611112,35.6507223832366,41.5425274615856,35
tau_FD,S_scrap,2003.0,nonautonomous,mean5,38.62322916386506,35.9210887549897,41.58214910668437,35
tau_FD,S_scrap,2003.0,nonautonomous,trend20,39.831831180085885,35.71325209173722,41.22658095521661,35
tau_FD,S_scrap,2003.0,nonautonomous,trend50,38.93822403689256,36.00883684232808,42.629883435741455,30
tau_FD,S_scrap,2004.0,frozen,,37.14080327466926,34.32587491986624,40.40779330094685,35
tau_FD,S_scrap,2004.0,nonautonomous,hold,38.00665442893359,35.02445381247935,41.17920619662496,35
tau_FD,S_scrap,2004.0,nonautonomous,mean5,38.209982718344115,35.30034783550185,41.09097448443703,35
tau_FD,S_scrap,2004.0,nonautonomous,trend20,39.342878058200554,35.18255145335203,41.32403838874016,35
tau_FD,S_scrap,2004.0,nonautonomous,trend50,39.25316003082547,35.63330126964827,43.04608805063034,30
tau_FD,S_scrap,2005.0,frozen,,37.33737055583742,34.363806200542584,41.945010019930464,35
tau_FD,S_scrap,2005.0,nonautonomous,hold,37.70941599345059,34.9954533793857,42.00429554047294,35
tau_FD,S_scrap,2005.0,nonautonomous,mean5,37.59444790161454,35.14666725763329,42.177310182745686,35
tau_FD,S_scrap,2005.0,nonautonomous,trend20,38.092582777221224,34.36591998500241,41.476093086127946,35
tau_FD,S_scrap,2005.0,nonautonomous,trend50,38.286230585621084,34.49662455240424,43.14230144993595,30
tau_FD,S_scrap,2006.0,frozen,,37.61993714549763,34.01543151044409,42.80472396419874,35
tau_FD,S_scrap,2006.0,nonautonomous,hold,38.08315420706018,34.621726030110565,41.14232520918708,35
tau_FD,S_scrap,2006.0,nonautonomous,mean5,37.96429352677627,34.888815877848934,41.44674093584851,35
tau_FD,S_scrap,2006.0,nonautonomous,trend20,37.818473330092985,34.82604684746568,41.59196939491815,35
tau_FD,S_scrap,2006.0,nonautonomous,trend50,37.291770323292326,34.23674357353941,43.14224544120759,30
tau_FD,S_scrap,2007.0,frozen,,38.279602377350315,33.3858510600991,42.26171244550158,35
tau_FD,S_scrap,2007.0,nonautonomous,hold,36.97132387603247,34.714020965387775,41.73611215579389,35
tau_FD,S_scrap,2007.0,nonautonomous,mean5,36.96534607653088,34.555164779459005,42.080694106860975,35
tau_FD,S_scrap,2007.0,nonautonomous,trend20,37.55660660990472,34.97500237354492,40.4643948405614,35
tau_FD,S_scrap,2007.0,nonautonomous,trend50,37.59629774292014,35.26035898501593,41.81489327648268,30
tau_FD,S_scrap,2008.0,frozen,,39.00206000935516,35.8554112826298,45.70738911400775,35
tau_FD,S_scrap,2008.0,nonautonomous,hold,37.569858265723006,34.85543750967595,41.94763587555911,35
tau_FD,S_scrap,2008.0,nonautonomous,mean5,37.75834792139689,34.754641016080306,42.44083119789509,35
tau_FD,S_scrap,2008.0,nonautonomous,trend20,38.20269060059691,34.52765324493707,40.313587241091795,35
tau_FD,S_scrap,2008.0,nonautonomous,trend50,38.25621213705692,34.792749256012485,41.504292795387364,30
tau_FD,S_scrap,2009.0,frozen,,39.4489031500147,34.69761980999979,43.17539385888965,35
tau_FD,S_scrap,2009.0,nonautonomous,hold,37.63057317694157,35.07294833829732,42.04992713912098,35
tau_FD,S_scrap,2009.0,nonautonomous,mean5,37.577936933405745,34.88959584590578,42.027131429272536,35
tau_FD,S_scrap,2009.0,nonautonomous,trend20,38.28203787912059,34.73786238412589,40.905054466775894,35
tau_FD,S_scrap,2009.0,nonautonomous,trend50,38.51046708002346,34.42309312016371,42.31189608019893,30
tau_FD,S_scrap,2010.0,frozen,,37.889458279608874,33.98634018302732,41.66260668847224,35
tau_FD,S_scrap,2010.0,nonautonomous,hold,37.71924497064378,35.07216127936344,42.45834551313242,35
tau_FD,S_scrap,2010.0,nonautonomous,mean5,37.63914484116853,34.73584704072695,42.40143899754209,35
tau_FD,S_scrap,2010.0,nonautonomous,trend20,38.309350602088614,34.5041253795051,40.87780336677652,35
tau_FD,S_scrap,2010.0,nonautonomous,trend50,38.67269326739219,34.4234421650789,42.60284464396657,30
tau_FD,S_scrap,2011.0,frozen,,38.280626622158756,34.130899638596475,43.54401341031237,35
tau_FD,S_scrap,2011.0,nonautonomous,hold,37.638642290542286,34.26797296170486,42.353125833022396,35
tau_FD,S_scrap,2011.0,nonautonomous,mean5,37.581321730857795,34.44146434762538,42.2146041575249,35
tau_FD,S_scrap,2011.0,nonautonomous,trend20,38.74881636928818,34.59585113310486,40.68018001253369,35
tau_FD,S_scrap,2011.0,nonautonomous,trend50,38.65774282629617,34.45944068906519,42.26292421160956,30
tau_FD,S_scrap,2012.0,frozen,,37.65289179296942,34.120357184710144,42.86881218168439,35
tau_FD,S_scrap,2012.0,nonautonomous,hold,37.42984507923447,34.03634510911394,41.99333394121611,35
tau_FD,S_scrap,2012.0,nonautonomous,mean5,37.636414402236355,34.20356333213348,41.80821927840819,35
tau_FD,S_scrap,2012.0,nonautonomous,trend20,38.32863250768812,34.2730048031543,41.000586015941224,35
tau_FD,S_scrap,2012.0,nonautonomous,trend50,38.25407105548049,34.67965411716152,43.08654123516917,30
tau_FD,S_scrap,2013.0,frozen,,37.82513492024127,34.342681657662666,41.631499171882766,35
tau_FD,S_scrap,2013.0,nonautonomous,hold,37.52291532394538,34.0762910752269,41.84804629674794,35
tau_FD,S_scrap,2013.0,nonautonomous,mean5,37.5074791901738,34.17141546804427,41.71997822743191,35
tau_FD,S_scrap,2013.0,nonautonomous,trend20,37.85937780599065,34.54106019498846,41.27743203254513,35
tau_FD,S_scrap,2013.0,nonautonomous,trend50,37.80314420930003,34.37868690300418,43.739543727983964,30
tau_FD,S_scrap,2014.0,frozen,,37.839371311518896,35.55071947051396,41.471224564483165,35
tau_FD,S_scrap,2014.0,nonautonomous,hold,37.20958137432216,34.473898991177336,41.768489181537376,35
tau_FD,S_scrap,2014.0,nonautonomous,mean5,37.69864815587555,34.54032737926168,41.76435604462428,35
tau_FD,S_scrap,2014.0,nonautonomous,trend20,37.246399935011794,35.108197953802744,41.43809957754689,35
tau_FD,S_scrap,2014.0,nonautonomous,trend50,37.31900043037533,34.3351598464163,44.12979561722842,30
tau_FD,S_scrap,2015.0,frozen,,37.927331451622806,35.17799589460067,41.75811338954754,35
tau_FD,S_scrap,2015.0,nonautonomous,hold,37.627724644733966,34.82215475742025,41.86089110920908,35
tau_FD,S_scrap,2015.0,nonautonomous,mean5,37.575424887092794,34.90155203696493,41.781681436762085,35
tau_FD,S_scrap,2015.0,nonautonomous,trend20,37.15637922992903,35.02765289400451,41.3235536484366,35
tau_FD,S_scrap,2015.0,nonautonomous,trend50,37.14874890580789,34.7022000589717,44.16167259114908,30
tau_FD,S_scrap,2016.0,frozen,,37.22771095962353,34.72101932428221,41.92163578329203,35
tau_FD,S_scrap,2016.0,nonautonomous,hold,36.96853352916428,34.665398325723764,41.694138843722385,35
tau_FD,S_scrap,2016.0,nonautonomous,mean5,37.191529047432496,34.76851056824381,41.498657270006774,35
tau_FD,S_scrap,2016.0,nonautonomous,trend20,37.08151232006002,34.97416429455978,41.34042531989569,35
tau_FD,S_scrap,2016.0,nonautonomous,trend50,37.04507251675849,34.93960115423798,44.153746917395054,30
tau_FD,S_scrap,2017.0,frozen,,36.938522641624246,34.04281180604603,40.881832142931664,35
tau_FD,S_scrap,2017.0,nonautonomous,hold,36.92689048653395,34.44583303819002,41.50218643590856,35
tau_FD,S_scrap,2017.0,nonautonomous,mean5,37.05754284946168,34.619939396961215,41.26085384978494,35
tau_FD,S_scrap,2017.0,nonautonomous,trend20,36.76833466654908,34.63001486587018,41.26558440317752,35
tau_FD,S_scrap,2017.0,nonautonomous,trend50,36.808320180856626,34.74565005348778,44.26011850610392,30
tau_FD,S_scrap,2018.0,frozen,,37.292519908195864,34.164244782129735,41.518046068519,35
tau_FD,S_scrap,2018.0,nonautonomous,hold,36.75305945440459,34.22304744201125,41.12644003749454,35
tau_FD,S_scrap,2018.0,nonautonomous,mean5,37.432679964828424,34.46722462539206,41.407159366077295,35
tau_FD,S_scrap,2018.0,nonautonomous,trend20,36.387645532486474,34.59071585157052,41.31876097908108,35
tau_FD,S_scrap,2018.0,nonautonomous,trend50,36.45278923794735,34.515000830822935,44.328128037580946,30
tau_FD,S_scrap,2019.0,frozen,,36.57042201580999,33.94809123847719,40.542562856087045,35
tau_FD,S_scrap,2019.0,nonautonomous,hold,36.57042201580999,33.94809123847719,40.542562856087045,35
tau_FD,S_scrap,2019.0,nonautonomous,mean5,37.539392413043075,34.65358914299835,41.552649225766416,35
tau_FD,S_scrap,2019.0,nonautonomous,trend20,35.901972463312674,34.63670512410365,41.64788104772156,35
tau_FD,S_scrap,2019.0,nonautonomous,trend50,36.45867463029546,34.37283214462557,44.20889851692224,30
use_entry,S_conc,1980.0,frozen,,1.0185939954064556,1.0126634197194515,1.023898148163105,35
use_entry,S_conc,1980.0,nonautonomous,hold,1.0927128819774377,1.0820669551610498,1.1095762388134316,35
use_entry,S_conc,1980.0,nonautonomous,mean5,1.094011276499386,1.0816614149047623,1.1057143945284955,35
use_entry,S_conc,1980.0,nonautonomous,trend20,1.0857847612330138,1.0729573398083727,1.1183323730245494,35
use_entry,S_conc,1980.0,nonautonomous,trend50,1.0818415962479784,1.0629681150008459,1.1570356250172509,30
use_entry,S_conc,1981.0,frozen,,1.0281154768715015,1.0228446954439174,1.0346797837555464,35
use_entry,S_conc,1981.0,nonautonomous,hold,1.0906912316456563,1.0803330241690654,1.1072392878984552,35
use_entry,S_conc,1981.0,nonautonomous,mean5,1.0930518445361923,1.0796570806692518,1.1049246620865674,35
use_entry,S_conc,1981.0,nonautonomous,trend20,1.0826500369792125,1.0714802477152638,1.1172476075379643,35
use_entry,S_conc,1981.0,nonautonomous,trend50,1.0794740019996913,1.06052313723178,1.1602397255786974,30
use_entry,S_conc,1982.0,frozen,,1.0438943779942114,1.0383400907910216,1.0520425282178945,35
use_entry,S_conc,1982.0,nonautonomous,hold,1.0923114280870379,1.0812494339134213,1.1093537175554304,35
use_entry,S_conc,1982.0,nonautonomous,mean5,1.0930075945402482,1.080549609652128,1.106955905619011,35
use_entry,S_conc,1982.0,nonautonomous,trend20,1.0834583940974811,1.0717066185338342,1.1183210853922647,35
use_entry,S_conc,1982.0,nonautonomous,trend50,1.0803642669840166,1.0611476351169529,1.162663578815353,30
use_entry,S_conc,1983.0,frozen,,1.0276024394124503,1.021420518762274,1.0351401379834861,35
use_entry,S_conc,1983.0,nonautonomous,hold,1.0941579072969916,1.0821646355199277,1.1106967539808723,35
use_entry,S_conc,1983.0,nonautonomous,mean5,1.0947451848121583,1.0814614227431278,1.1085625096503247,35
use_entry,S_conc,1983.0,nonautonomous,trend20,1.0855703354326798,1.072725674659834,1.1197101930820907,35
use_entry,S_conc,1983.0,nonautonomous,trend50,1.0822778842040899,1.0623766670079742,1.1634912780116888,30
use_entry,S_conc,1984.0,frozen,,1.044103136908343,1.0396121357488375,1.049331548380084,35
use_entry,S_conc,1984.0,nonautonomous,hold,1.0942075993503124,1.0819384130034941,1.1112298257009532,35
use_entry,S_conc,1984.0,nonautonomous,mean5,1.0957249070978536,1.0809372629262248,1.1087773395763278,35
use_entry,S_conc,1984.0,nonautonomous,trend20,1.0856675657229802,1.0732296370719214,1.1215892226585056,35
use_entry,S_conc,1984.0,nonautonomous,trend50,1.0816604974325812,1.0620324367362741,1.1643178296871846,30
use_entry,S_conc,1985.0,frozen,,1.0315121801292677,1.0270426135772537,1.038256432677319,35
use_entry,S_conc,1985.0,nonautonomous,hold,1.0955603976499702,1.0825668706749578,1.112349205741455,35
use_entry,S_conc,1985.0,nonautonomous,mean5,1.0955787311425822,1.0817561573516263,1.1106862134114945,35
use_entry,S_conc,1985.0,nonautonomous,trend20,1.0866875526989301,1.0747521350859457,1.1244981610677138,35
use_entry,S_conc,1985.0,nonautonomous,trend50,1.082787326838488,1.0625547408681775,1.1678987913203727,30
use_entry,S_conc,1986.0,frozen,,1.002078362038969,0.9952065281189196,1.011644269171978,35
use_entry,S_conc,1986.0,nonautonomous,hold,1.0989148743450206,1.0854591401448412,1.1151195138957921,35
use_entry,S_conc,1986.0,nonautonomous,mean5,1.0981586487216093,1.084662457556886,1.1146483518175305,35
use_entry,S_conc,1986.0,nonautonomous,trend20,1.0905637682520273,1.077321835161408,1.1274411448397317,35
use_entry,S_conc,1986.0,nonautonomous,trend50,1.0865466909177985,1.0652172219631386,1.1750024911778894,30
use_entry,S_conc,1987.0,frozen,,0.9783160610865895,0.9737857252665654,0.9829470692142717,35
use_entry,S_conc,1987.0,nonautonomous,hold,1.1014289139822095,1.0887783924403895,1.1194224123609837,35
use_entry,S_conc,1987.0,nonautonomous,mean5,1.102649388129911,1.0883529036947457,1.1175163815554012,35
use_entry,S_conc,1987.0,nonautonomous,trend20,1.094365204895624,1.0801199865920141,1.131097363201051,35
use_entry,S_conc,1987.0,nonautonomous,trend50,1.089539202480524,1.068979854724155,1.178861984245428,30
use_entry,S_conc,1988.0,frozen,,0.9912388337468533,0.9889512756237029,0.9952572930097958,35
use_entry,S_conc,1988.0,nonautonomous,hold,1.1035659640952813,1.0917989295891668,1.1223422185209015,35
use_entry,S_conc,1988.0,nonautonomous,mean5,1.105161815145041,1.0917040275563905,1.1195219172941266,35
use_entry,S_conc,1988.0,nonautonomous,trend20,1.0973250335059856,1.0831597798550983,1.1335886137336355,35
use_entry,S_conc,1988.0,nonautonomous,trend50,1.0928526349895145,1.0715580093189692,1.1771560421064533,30
use_entry,S_conc,1989.0,frozen,,1.0246188514561585,1.0208285763170926,1.029136497235633,35
use_entry,S_conc,1989.0,nonautonomous,hold,1.107757233187989,1.095181878071605,1.1259377762981355,35
use_entry,S_conc,1989.0,nonautonomous,mean5,1.109183052552435,1.0944484014444185,1.121202146861517,35
use_entry,S_conc,1989.0,nonautonomous,trend20,1.0996027887518696,1.086106693141308,1.1384479197798085,35
use_entry,S_conc,1989.0,nonautonomous,trend50,1.095717270799372,1.0734162532807723,1.1811066949017917,30
use_entry,S_conc,1990.0,frozen,,1.0841635097226587,1.080679123864499,1.0892129590526398,35
use_entry,S_conc,1990.0,nonautonomous,hold,1.107185553774799,1.0952597723785307,1.1286843129296562,35
use_entry,S_conc,1990.0,nonautonomous,mean5,1.109633600763585,1.0944735370003595,1.1229055056588133,35
use_entry,S_conc,1990.0,nonautonomous,trend20,1.0995000178526735,1.086101364342699,1.13916558099797,35
use_entry,S_conc,1990.0,nonautonomous,trend50,1.0956689578669188,1.0729785856149643,1.183320411810303,30
use_entry,S_conc,1991.0,frozen,,1.058891835548499,1.0519692730298513,1.061004689449208,35
use_entry,S_conc,1991.0,nonautonomous,hold,1.1059300461565138,1.0928198299206953,1.1278089053037381,35
use_entry,S_conc,1991.0,nonautonomous,mean5,1.1068318639517056,1.0920000941334704,1.1220317040159364,35
use_entry,S_conc,1991.0,nonautonomous,trend20,1.097666819475065,1.0832608428915615,1.1353355275975572,35
use_entry,S_conc,1991.0,nonautonomous,trend50,1.093592979700552,1.070565354283055,1.18009817500868,30
use_entry,S_conc,1992.0,frozen,,1.0712856359271794,1.0678544664776675,1.075498574920257,35
use_entry,S_conc,1992.0,nonautonomous,hold,1.1079298108464646,1.0935645170653188,1.1302349973802177,35
use_entry,S_conc,1992.0,nonautonomous,mean5,1.107667575098268,1.0927085648521884,1.124370286430997,35
use_entry,S_conc,1992.0,nonautonomous,trend20,1.0986592200778662,1.0837713654011818,1.1371316067606418,35
use_entry,S_conc,1992.0,nonautonomous,trend50,1.094411292732826,1.0709014476577596,1.1844676263594724,30
use_entry,S_conc,1993.0,frozen,,1.0448856062144376,1.0398484342092171,1.0502533172709179,35
use_entry,S_conc,1993.0,nonautonomous,hold,1.110489822889254,1.0959001913386048,1.133690563952294,35
use_entry,S_conc,1993.0,nonautonomous,mean5,1.1108948730869908,1.0950121281112533,1.1276890402994497,35
use_entry,S_conc,1993.0,nonautonomous,trend20,1.1013411776355704,1.0860376831307206,1.14200945803247,35
use_entry,S_conc,1993.0,nonautonomous,trend50,1.096930344256497,1.0731043417285047,1.1936197252153677,30
use_entry,S_conc,1994.0,frozen,,1.0320851935040032,1.0287794584694998,1.0361927364507975,35
use_entry,S_conc,1994.0,nonautonomous,hold,1.1155960378717913,1.1006616775673879,1.1389499632133289,35
use_entry,S_conc,1994.0,nonautonomous,mean5,1.1168350235452207,1.099815932685106,1.1336355478580624,35
use_entry,S_conc,1994.0,nonautonomous,trend20,1.1064070575989546,1.090549156174752,1.1481189832124783,35
use_entry,S_conc,1994.0,nonautonomous,trend50,1.102031086739839,1.0774767381455816,1.2038793372102463,30
use_entry,S_conc,1995.0,frozen,,1.039097524294355,1.0344421707736662,1.0424934076078554,35
use_entry,S_conc,1995.0,nonautonomous,hold,1.1202498217576151,1.1043717662007326,1.1439151931307086,35
use_entry,S_conc,1995.0,nonautonomous,mean5,1.1217341879836318,1.1034352532034135,1.137964509184909,35
use_entry,S_conc,1995.0,nonautonomous,trend20,1.1099876892479368,1.0939066113008389,1.1545172455801191,35
use_entry,S_conc,1995.0,nonautonomous,trend50,1.1057208115345727,1.0804860006482486,1.2090953151289772,30
use_entry,S_conc,1996.0,frozen,,1.0579491105253576,1.0547108864134098,1.0627563278505379,35
use_entry,S_conc,1996.0,nonautonomous,hold,1.1221487826939698,1.1054537757094791,1.145717052664589,35
use_entry,S_conc,1996.0,nonautonomous,mean5,1.123354790358291,1.1045055248580256,1.1397341127120066,35
use_entry,S_conc,1996.0,nonautonomous,trend20,1.1110113233932308,1.0946241422083918,1.1574025898229419,35
use_entry,S_conc,1996.0,nonautonomous,trend50,1.1066327102205982,1.0809801510197716,1.209984923308434,30
use_entry,S_conc,1997.0,frozen,,1.082102031704927,1.0747393824409956,1.0890475508722264,35
use_entry,S_conc,1997.0,nonautonomous,hold,1.124429366161176,1.106694059848211,1.1481111045890822,35
use_entry,S_conc,1997.0,nonautonomous,mean5,1.1255481198709896,1.1058066250307599,1.1431003015473087,35
use_entry,S_conc,1997.0,nonautonomous,trend20,1.11263154661047,1.0954659221708396,1.1619539199510882,35
use_entry,S_conc,1997.0,nonautonomous,trend50,1.1081933546522031,1.0814480287579757,1.2151696228431417,30
use_entry,S_conc,1998.0,frozen,,1.0776770518655945,1.0691880412695483,1.0824922630094704,35
use_entry,S_conc,1998.0,nonautonomous,hold,1.127552810443341,1.1091174690970949,1.1520025610155875,35
use_entry,S_conc,1998.0,nonautonomous,mean5,1.1286410219989755,1.10820830427278,1.1470087504666666,35
use_entry,S_conc,1998.0,nonautonomous,trend20,1.1153200699209955,1.0976614525360722,1.166175771620892,35
use_entry,S_conc,1998.0,nonautonomous,trend50,1.1108821783289557,1.0830371250269388,1.2232999420655704,30
use_entry,S_conc,1999.0,frozen,,1.0583733233900479,1.0523670719556382,1.0647542449666465,35
use_entry,S_conc,1999.0,nonautonomous,hold,1.134920096677952,1.115728980293556,1.159521897056086,35
use_entry,S_conc,1999.0,nonautonomous,mean5,1.1357068743423309,1.1147312105553415,1.1547079866384546,35
use_entry,S_conc,1999.0,nonautonomous,trend20,1.1226859918889827,1.103412515902721,1.1735749697119773,35
use_entry,S_conc,1999.0,nonautonomous,trend50,1.1178704979600345,1.0886849257471225,1.2340537167730872,30
use_entry,S_conc,2000.0,frozen,,1.1146977829667235,1.1097106524666576,1.1260768188150263,35
use_entry,S_conc,2000.0,nonautonomous,hold,1.1496282413121968,1.1298777979821841,1.1760784385031464,35
use_entry,S_conc,2000.0,nonautonomous,mean5,1.1506339268842924,1.1286463903483404,1.1713743586620877,35
use_entry,S_conc,2000.0,nonautonomous,trend20,1.137747397575759,1.1178866838895067,1.1897144574566747,35
use_entry,S_conc,2000.0,nonautonomous,trend50,1.1323508924544687,1.1023199357724487,1.2530422574448665,30
use_entry,S_conc,2001.0,frozen,,1.1482172913784212,1.1408760435866518,1.1570123701102728,35
use_entry,S_conc,2001.0,nonautonomous,hold,1.150011144803193,1.1293345842967928,1.177133985499776,35
use_entry,S_conc,2001.0,nonautonomous,mean5,1.1503492563728255,1.1274402793221565,1.172420702394095,35
use_entry,S_conc,2001.0,nonautonomous,trend20,1.1375548380595772,1.1167670753159311,1.190757039235224,35
use_entry,S_conc,2001.0,nonautonomous,trend50,1.1317149077797242,1.101316230316999,1.256913190049419,30
use_entry,S_conc,2002.0,frozen,,1.136386847678502,1.1295734270272972,1.1490834675899961,35
use_entry,S_conc,2002.0,nonautonomous,hold,1.1512208899729997,1.1292814042525432,1.178915243739859,35
use_entry,S_conc,2002.0,nonautonomous,mean5,1.1508962901754844,1.1274929909348321,1.1741404575441652,35
use_entry,S_conc,2002.0,nonautonomous,trend20,1.1387029374104867,1.1163286393819578,1.1920619637495817,35
use_entry,S_conc,2002.0,nonautonomous,trend50,1.132566911668561,1.1011577000984651,1.2620502311328932,30
use_entry,S_conc,2003.0,frozen,,1.0988462777323904,1.0891592831956647,1.1134602690954942,35
use_entry,S_conc,2003.0,nonautonomous,hold,1.1524330900815,1.1294351240424312,1.181147488520979,35
use_entry,S_conc,2003.0,nonautonomous,mean5,1.1517818022522384,1.1282130979905578,1.1755621056686623,35
use_entry,S_conc,2003.0,nonautonomous,trend20,1.1408541885558319,1.1160483187886494,1.1946360713846271,35
use_entry,S_conc,2003.0,nonautonomous,trend50,1.1344017740119925,1.1009565822953844,1.265058245209326,30
use_entry,S_conc,2004.0,frozen,,1.1141244915751662,1.1006844773436248,1.1294009867574795,35
use_entry,S_conc,2004.0,nonautonomous,hold,1.153633362079621,1.1300261365185937,1.1836126740986082,35
use_entry,S_conc,2004.0,nonautonomous,mean5,1.15249665680582,1.1294093039115511,1.1768348067551302,35
use_entry,S_conc,2004.0,nonautonomous,trend20,1.141661608607349,1.11693422125433,1.1986117134330283,35
use_entry,S_conc,2004.0,nonautonomous,trend50,1.1354738246447234,1.099865349028811,1.2664292796644614,30
use_entry,S_conc,2005.0,frozen,,1.1338264652810057,1.1270580474940393,1.1454742225012562,35
use_entry,S_conc,2005.0,nonautonomous,hold,1.1521983653971872,1.1280629729032956,1.1828718794119373,35
use_entry,S_conc,2005.0,nonautonomous,mean5,1.1503034134796557,1.1275875800206252,1.1750172268489996,35
use_entry,S_conc,2005.0,nonautonomous,trend20,1.1402008806094255,1.114010194624596,1.2001155422380947,35
use_entry,S_conc,2005.0,nonautonomous,trend50,1.133948947687569,1.0961589395093585,1.2645720084089889,30
use_entry,S_conc,2006.0,frozen,,1.148372573792897,1.134930670075136,1.1743342167418982,35
use_entry,S_conc,2006.0,nonautonomous,hold,1.1477148948422387,1.1230791028455784,1.179139011201603,35
use_entry,S_conc,2006.0,nonautonomous,mean5,1.1480338570218511,1.1226111149022149,1.1711074185211472,35
use_entry,S_conc,2006.0,nonautonomous,trend20,1.1354398166586137,1.1079743100394022,1.1984202158215385,35
use_entry,S_conc,2006.0,nonautonomous,trend50,1.1294226576786832,1.089717390582355,1.2601626464266806,30
use_entry,S_conc,2007.0,frozen,,1.1656558776524952,1.151388189629916,1.196862668023332,35
use_entry,S_conc,2007.0,nonautonomous,hold,1.1436911321685976,1.1184312698627399,1.175438645472389,35
use_entry,S_conc,2007.0,nonautonomous,mean5,1.144736506715383,1.1182696805396177,1.168210807125249,35
use_entry,S_conc,2007.0,nonautonomous,trend20,1.1308000614161604,1.1047772291872993,1.1951190671881673,35
use_entry,S_conc,2007.0,nonautonomous,trend50,1.1242296999439743,1.0851554556809992,1.2628974143010194,30
use_entry,S_conc,2008.0,frozen,,1.194661886698291,1.1441121626861064,1.2433412005385962,35
use_entry,S_conc,2008.0,nonautonomous,hold,1.139333404088619,1.112928719135422,1.1704060063988606,35
use_entry,S_conc,2008.0,nonautonomous,mean5,1.1396598021859852,1.1130734924686578,1.164640552362321,35
use_entry,S_conc,2008.0,nonautonomous,trend20,1.1228555225841366,1.0994033286627205,1.191951290916965,35
use_entry,S_conc,2008.0,nonautonomous,trend50,1.1191780914557012,1.0811797576544797,1.2634503122579077,30
use_entry,S_conc,2009.0,frozen,,1.1702500565314606,1.130972410093402,1.2185911160839078,35
use_entry,S_conc,2009.0,nonautonomous,hold,1.1370005534707586,1.1097106204267642,1.1673431341736382,35
use_entry,S_conc,2009.0,nonautonomous,mean5,1.1357945193029675,1.109858597807262,1.1615430382562066,35
use_entry,S_conc,2009.0,nonautonomous,trend20,1.1211628899728108,1.0949773031926737,1.1901987909816936,35
use_entry,S_conc,2009.0,nonautonomous,trend50,1.1171122512410696,1.0757200294084972,1.2586461132428173,30
use_entry,S_conc,2010.0,frozen,,1.118730623418769,1.1045216930219688,1.1496772184601227,35
use_entry,S_conc,2010.0,nonautonomous,hold,1.1341067621657135,1.1069899906051575,1.166306148030571,35
use_entry,S_conc,2010.0,nonautonomous,mean5,1.1318874894119766,1.107207399561085,1.1611626870973417,35
use_entry,S_conc,2010.0,nonautonomous,trend20,1.1185680037633163,1.0911787186645387,1.1908104706713676,35
use_entry,S_conc,2010.0,nonautonomous,trend50,1.11539073222911,1.071433098152708,1.2619796898450921,30
use_entry,S_conc,2011.0,frozen,,1.1331986890955514,1.0985523910215984,1.1678837731704694,35
use_entry,S_conc,2011.0,nonautonomous,hold,1.1295396572577399,1.1036020222638134,1.1624271168362883,35
use_entry,S_conc,2011.0,nonautonomous,mean5,1.1272169274392512,1.1033112857392577,1.1592321304276993,35
use_entry,S_conc,2011.0,nonautonomous,trend20,1.1151889486840736,1.0858703224777249,1.1883692733292637,35
use_entry,S_conc,2011.0,nonautonomous,trend50,1.1116084478772832,1.067058015144259,1.2618817286523958,30
use_entry,S_conc,2012.0,frozen,,1.1324675672115847,1.1028385650301136,1.1580777968398168,35
use_entry,S_conc,2012.0,nonautonomous,hold,1.1252413477428114,1.1003499769808984,1.1588662079913923,35
use_entry,S_conc,2012.0,nonautonomous,mean5,1.1230998709352806,1.1001562664706697,1.1565242025760996,35
use_entry,S_conc,2012.0,nonautonomous,trend20,1.1129038300111476,1.0801267712153542,1.1861884144235804,35
use_entry,S_conc,2012.0,nonautonomous,trend50,1.1077598011281937,1.061855221183849,1.258398495146385,30
use_entry,S_conc,2013.0,frozen,,1.136683323643532,1.1048889047184827,1.15457274387911,35
use_entry,S_conc,2013.0,nonautonomous,hold,1.120707613587022,1.097274038612256,1.155028425317616,35
use_entry,S_conc,2013.0,nonautonomous,mean5,1.1189993798213453,1.096747441476933,1.1532097308310192,35
use_entry,S_conc,2013.0,nonautonomous,trend20,1.109004657555036,1.076057020324317,1.1849458354022557,35
use_entry,S_conc,2013.0,nonautonomous,trend50,1.1034123679123884,1.0564337369086774,1.2560399462921517,30
use_entry,S_conc,2014.0,frozen,,1.1385576281759078,1.1047331651958086,1.1643466777879652,35
use_entry,S_conc,2014.0,nonautonomous,hold,1.1165061325196732,1.093399461471494,1.1510975977084676,35
use_entry,S_conc,2014.0,nonautonomous,mean5,1.1153119649580105,1.0934926070439972,1.1500000255898923,35
use_entry,S_conc,2014.0,nonautonomous,trend20,1.1038879202729632,1.0719963641404688,1.1840132925019686,35
use_entry,S_conc,2014.0,nonautonomous,trend50,1.099130421232301,1.051937286514087,1.2540989536775409,30
use_entry,S_conc,2015.0,frozen,,1.1310119662990505,1.1037958936988461,1.1707820912190399,35
use_entry,S_conc,2015.0,nonautonomous,hold,1.1143308992200656,1.090129233287474,1.1477610689974007,35
use_entry,S_conc,2015.0,nonautonomous,mean5,1.1123609848812275,1.0912145195308938,1.1465007243028076,35
use_entry,S_conc,2015.0,nonautonomous,trend20,1.0997126203628294,1.068737594615461,1.1826752607867084,35
use_entry,S_conc,2015.0,nonautonomous,trend50,1.0960495373801717,1.048334595573022,1.2520690019116503,30
use_entry,S_conc,2016.0,frozen,,1.1108019871909856,1.082680171647945,1.136851469545779,35
use_entry,S_conc,2016.0,nonautonomous,hold,1.1110602995410366,1.086457156417123,1.1446755316963584,35
use_entry,S_conc,2016.0,nonautonomous,mean5,1.1092005754245462,1.0888544155671047,1.1430763916231437,35
use_entry,S_conc,2016.0,nonautonomous,trend20,1.0967829387851715,1.0642489436828826,1.1810257854128543,35
use_entry,S_conc,2016.0,nonautonomous,trend50,1.094228223301518,1.0436759153064228,1.253920677610934,30
use_entry,S_conc,2017.0,frozen,,1.0955506648586546,1.084915657946937,1.1261844563422878,35
use_entry,S_conc,2017.0,nonautonomous,hold,1.1102313843122396,1.0852991482792747,1.1443911194653413,35
use_entry,S_conc,2017.0,nonautonomous,mean5,1.1085520481432598,1.0881066642406392,1.1426814311527502,35
use_entry,S_conc,2017.0,nonautonomous,trend20,1.0962802108149616,1.0619581395931537,1.181707701687549,35
use_entry,S_conc,2017.0,nonautonomous,trend50,1.0938844165998738,1.0401609110653727,1.2578843776766593,30
use_entry,S_conc,2018.0,frozen,,1.1208608751273668,1.0927116464076316,1.1457382202941018,35
use_entry,S_conc,2018.0,nonautonomous,hold,1.1091280377913713,1.0838874203339688,1.1434686624010286,35
use_entry,S_conc,2018.0,nonautonomous,mean5,1.1076168206406842,1.0868349149712397,1.1422303691571147,35
use_entry,S_conc,2018.0,nonautonomous,trend20,1.0939738698186499,1.0591222079229454,1.1820426626244496,35
use_entry,S_conc,2018.0,nonautonomous,trend50,1.0915977778230945,1.0379991090615823,1.259553537791039,30
use_entry,S_conc,2019.0,frozen,,1.1078874903463312,1.0833260808292926,1.1422505361214368,35
use_entry,S_conc,2019.0,nonautonomous,hold,1.1078874903463312,1.0833260808292926,1.1422505361214368,35
use_entry,S_conc,2019.0,nonautonomous,mean5,1.1093145699700575,1.0883525075297205,1.144127293066752,35
use_entry,S_conc,2019.0,nonautonomous,trend20,1.0922963871970355,1.0560075701485907,1.1818213916041898,35
use_entry,S_conc,2019.0,nonautonomous,trend50,1.0889362654030186,1.0334073539196476,1.2558634385682474,30
use_entry,S_ref,1980.0,frozen,,1.089405342680701,1.0830624809833704,1.095078233329524,35
use_entry,S_ref,1980.0,nonautonomous,hold,1.1700680250059605,1.1590381247554977,1.1885415678199478,35
use_entry,S_ref,1980.0,nonautonomous,mean5,1.1699772645982367,1.158547641191266,1.182655249514931,35
use_entry,S_ref,1980.0,nonautonomous,trend20,1.1634552414596167,1.1485100472533922,1.1974049049219389,35
use_entry,S_ref,1980.0,nonautonomous,trend50,1.1587725796146842,1.1386929994218031,1.2387279286172481,30
use_entry,S_ref,1981.0,frozen,,1.0995887453171136,1.0939515459293232,1.1066093943909587,35
use_entry,S_ref,1981.0,nonautonomous,hold,1.165970278167546,1.1552028905636265,1.18347431286334,35
use_entry,S_ref,1981.0,nonautonomous,mean5,1.1677469706245944,1.1544973137632137,1.1810446818706737,35
use_entry,S_ref,1981.0,nonautonomous,trend20,1.1582966213717716,1.146073940436866,1.1944970261975505,35
use_entry,S_ref,1981.0,nonautonomous,trend50,1.1546014497173007,1.13434402728024,1.2395682012780793,30
use_entry,S_ref,1982.0,frozen,,1.1164645753948783,1.1105241612738197,1.1251791745645927,35
use_entry,S_ref,1982.0,nonautonomous,hold,1.16749784254004,1.1558317900067263,1.1854882482234737,35
use_entry,S_ref,1982.0,nonautonomous,mean5,1.1685436586169362,1.1550808548967217,1.182939946802355,35
use_entry,S_ref,1982.0,nonautonomous,trend20,1.157492775598715,1.1458339279130172,1.1955977113957905,35
use_entry,S_ref,1982.0,nonautonomous,trend50,1.1544774100518633,1.1341535184671194,1.2429649488667707,30
use_entry,S_ref,1983.0,frozen,,1.0990400421523532,1.0924283623125923,1.107101751853996,35
use_entry,S_ref,1983.0,nonautonomous,hold,1.1701567655459142,1.157405137967507,1.1879180629631256,35
use_entry,S_ref,1983.0,nonautonomous,mean5,1.1699258227628715,1.1565596794419366,1.1856686864248354,35
use_entry,S_ref,1983.0,nonautonomous,trend20,1.1608116443537462,1.1469016829738254,1.1968518276140365,35
use_entry,S_ref,1983.0,nonautonomous,trend50,1.1570008312524784,1.1361090425520781,1.2442721728702397,30
use_entry,S_ref,1984.0,frozen,,1.1166878469607946,1.1118846371645317,1.1222797308877905,35
use_entry,S_ref,1984.0,nonautonomous,hold,1.1700661790120372,1.1572251456475529,1.1878477484163574,35
use_entry,S_ref,1984.0,nonautonomous,mean5,1.1717305444113053,1.1564862440508272,1.1854457431486085,35
use_entry,S_ref,1984.0,nonautonomous,trend20,1.1621573288912417,1.1477475674176936,1.1985399606244502,35
use_entry,S_ref,1984.0,nonautonomous,trend50,1.1578908657476208,1.13608740412712,1.244495338549235,30
use_entry,S_ref,1985.0,frozen,,1.1032215830259546,1.0984412979435867,1.1104346873554212,35
use_entry,S_ref,1985.0,nonautonomous,hold,1.170790960295171,1.1573045823008186,1.1892443549475167,35
use_entry,S_ref,1985.0,nonautonomous,mean5,1.1714203004914396,1.1561104430308227,1.186868494031629,35
use_entry,S_ref,1985.0,nonautonomous,trend20,1.1602247530976937,1.1481764443053042,1.201332008681077,35
use_entry,S_ref,1985.0,nonautonomous,trend50,1.155843850859057,1.1355870682952438,1.2466697933733455,30
use_entry,S_ref,1986.0,frozen,,1.0717415636780419,1.0643920086833367,1.081972480397837,35
use_entry,S_ref,1986.0,nonautonomous,hold,1.1736522049418572,1.1595808790925433,1.1906252356521643,35
use_entry,S_ref,1986.0,nonautonomous,mean5,1.172638402435482,1.158854127114256,1.190849898764643,35
use_entry,S_ref,1986.0,nonautonomous,trend20,1.1650649004217963,1.1512866337563779,1.2046547613889502,35
use_entry,S_ref,1986.0,nonautonomous,trend50,1.1612973246004539,1.1379528098526417,1.2535244879677316,30
use_entry,S_ref,1987.0,frozen,,1.0463273380605234,1.0414820591086258,1.051280287929702,35
use_entry,S_ref,1987.0,nonautonomous,hold,1.1769588383365555,1.1630867365297783,1.1958347458914838,35
use_entry,S_ref,1987.0,nonautonomous,mean5,1.1777231015376894,1.1621680969700854,1.1941561896272608,35
use_entry,S_ref,1987.0,nonautonomous,trend20,1.168640076428,1.1535875655537429,1.2076933562428196,35
use_entry,S_ref,1987.0,nonautonomous,trend50,1.1635423420288094,1.1414800692583138,1.2615494575468407,30
use_entry,S_ref,1988.0,frozen,,1.0601484852907523,1.0577018990627838,1.0644463026842734,35
use_entry,S_ref,1988.0,nonautonomous,hold,1.1794396797169477,1.1666216826483575,1.1994555956721322,35
use_entry,S_ref,1988.0,nonautonomous,mean5,1.181030469740403,1.166802105490389,1.1966646880141703,35
use_entry,S_ref,1988.0,nonautonomous,trend20,1.1731083376905116,1.1576813268701451,1.2118330553045062,35
use_entry,S_ref,1988.0,nonautonomous,trend50,1.1679907413017347,1.1457677557344526,1.259544943390672,30
use_entry,S_ref,1989.0,frozen,,1.0958490389905438,1.091795268788334,1.1006807457065593,35
use_entry,S_ref,1989.0,nonautonomous,hold,1.1827158446104957,1.1694553749379915,1.2013296473852095,35
use_entry,S_ref,1989.0,nonautonomous,mean5,1.1837086997311161,1.1689206031717136,1.1973487307479445,35
use_entry,S_ref,1989.0,nonautonomous,trend20,1.1745163016846856,1.1598746551060617,1.2145945455574303,35
use_entry,S_ref,1989.0,nonautonomous,trend50,1.1702530028488454,1.1465133226627682,1.2586188366067403,30
use_entry,S_ref,1990.0,frozen,,1.1595331654787795,1.1558065495876995,1.1649336460456037,35
use_entry,S_ref,1990.0,nonautonomous,hold,1.187377359984374,1.1736178190756699,1.2083769385692698,35
use_entry,S_ref,1990.0,nonautonomous,mean5,1.189068761209801,1.1728056985827422,1.2024006920704984,35
use_entry,S_ref,1990.0,nonautonomous,trend20,1.177948171135937,1.1638131916941616,1.221629504679115,35
use_entry,S_ref,1990.0,nonautonomous,trend50,1.1739431894553412,1.1505270808990513,1.2697989634993743,30
use_entry,S_ref,1991.0,frozen,,1.1325046369502663,1.1251008267698943,1.1347643737424682,35
use_entry,S_ref,1991.0,nonautonomous,hold,1.182013968158484,1.1685642062162658,1.2054960812131317,35
use_entry,S_ref,1991.0,nonautonomous,mean5,1.1837151525419722,1.1676870192981597,1.1990921887608645,35
use_entry,S_ref,1991.0,nonautonomous,trend20,1.1733018039235914,1.1585236324682517,1.214023585419894,35
use_entry,S_ref,1991.0,nonautonomous,trend50,1.169127019176341,1.1445866242185119,1.2600753414192523,30
use_entry,S_ref,1992.0,frozen,,1.145760038424791,1.1420903384787886,1.1502658555296865,35
use_entry,S_ref,1992.0,nonautonomous,hold,1.1836645617184924,1.1689577695477267,1.2071312663592093,35
use_entry,S_ref,1992.0,nonautonomous,mean5,1.184294573503044,1.1680767902279148,1.20121250020204,35
use_entry,S_ref,1992.0,nonautonomous,trend20,1.1745861641384416,1.1585351571520648,1.2146693923292557,35
use_entry,S_ref,1992.0,nonautonomous,trend50,1.1699981732166578,1.1462353403065997,1.2644093809722259,30
use_entry,S_ref,1993.0,frozen,,1.1175247125288104,1.1121373627906066,1.123265579968896,35
use_entry,S_ref,1993.0,nonautonomous,hold,1.1863201943794368,1.170414409032517,1.2109266145528164,35
use_entry,S_ref,1993.0,nonautonomous,mean5,1.1860367151040434,1.1695783202863763,1.2043611611483933,35
use_entry,S_ref,1993.0,nonautonomous,trend20,1.1759587530865054,1.1600300172578155,1.2185008395852397,35
use_entry,S_ref,1993.0,nonautonomous,trend50,1.1714300022908177,1.1460062234234,1.2708482005587816,30
use_entry,S_ref,1994.0,frozen,,1.1038344315550834,1.1002988860636365,1.1082275256158258,35
use_entry,S_ref,1994.0,nonautonomous,hold,1.1904673238238312,1.17478510065151,1.2153424919136477,35
use_entry,S_ref,1994.0,nonautonomous,mean5,1.1913823559433723,1.1739978933575963,1.2094322362302425,35
use_entry,S_ref,1994.0,nonautonomous,trend20,1.1810854802001907,1.1641577638135592,1.2240136982060914,35
use_entry,S_ref,1994.0,nonautonomous,trend50,1.1762117565164019,1.1504603594023064,1.2847362673446932,30
use_entry,S_ref,1995.0,frozen,,1.111334250582198,1.106355262859536,1.1149662113452998,35
use_entry,S_ref,1995.0,nonautonomous,hold,1.1974127934141112,1.1808132491153847,1.22257683601226,35
use_entry,S_ref,1995.0,nonautonomous,mean5,1.1991791339984599,1.1798236296142708,1.216928263064723,35
use_entry,S_ref,1995.0,nonautonomous,trend20,1.186739695351453,1.1696887300789012,1.233711260479433,35
use_entry,S_ref,1995.0,nonautonomous,trend50,1.1822786315376907,1.155308841224173,1.2919546652971443,30
use_entry,S_ref,1996.0,frozen,,1.1314963748934301,1.1280330335972297,1.1366377837973665,35
use_entry,S_ref,1996.0,nonautonomous,hold,1.1994096291199015,1.181818622225311,1.224861792433669,35
use_entry,S_ref,1996.0,nonautonomous,mean5,1.2006768181053,1.180799072555933,1.2180356555004477,35
use_entry,S_ref,1996.0,nonautonomous,trend20,1.1878011850011045,1.1704069592243274,1.2366509976661524,35
use_entry,S_ref,1996.0,nonautonomous,trend50,1.1831374339259404,1.1560945448008564,1.2929885264092669,30
use_entry,S_ref,1997.0,frozen,,1.157328376155002,1.1494538849636315,1.164756738900777,35
use_entry,S_ref,1997.0,nonautonomous,hold,1.2016325152059493,1.183073376796402,1.2265029726551444,35
use_entry,S_ref,1997.0,nonautonomous,mean5,1.2028115185038826,1.1820644564665626,1.221198917685427,35
use_entry,S_ref,1997.0,nonautonomous,trend20,1.1891742499659452,1.170760605565319,1.2406308290074928,35
use_entry,S_ref,1997.0,nonautonomous,trend50,1.1844040860507947,1.1561243215770376,1.296695887323989,30
use_entry,S_ref,1998.0,frozen,,1.1525957773963578,1.1435166216786612,1.157745735839006,35
use_entry,S_ref,1998.0,nonautonomous,hold,1.2049729952868846,1.1854847319987738,1.2312422556698563,35
use_entry,S_ref,1998.0,nonautonomous,mean5,1.20621040497895,1.1845569725943974,1.2258816879074805,35
use_entry,S_ref,1998.0,nonautonomous,trend20,1.1921730234822743,1.173309502450555,1.245634173506561,35
use_entry,S_ref,1998.0,nonautonomous,trend50,1.1873092299104449,1.1579167426535242,1.306449235480865,30
use_entry,S_ref,1999.0,frozen,,1.1319500784920293,1.1255262801664578,1.138774593547215,35
use_entry,S_ref,1999.0,nonautonomous,hold,1.208358166968072,1.1879816562503787,1.234207214103217,35
use_entry,S_ref,1999.0,nonautonomous,mean5,1.2091088557115657,1.1869031892570425,1.228952795792454,35
use_entry,S_ref,1999.0,nonautonomous,trend20,1.1951634487753777,1.1747207633284538,1.2493804744119759,35
use_entry,S_ref,1999.0,nonautonomous,trend50,1.1901740711345385,1.1592606021423095,1.3131871572129796,30
use_entry,S_ref,2000.0,frozen,,1.1733660873333933,1.1681164762806922,1.185344019805291,35
use_entry,S_ref,2000.0,nonautonomous,hold,1.2100788767848194,1.1894763269187374,1.237708338343447,35
use_entry,S_ref,2000.0,nonautonomous,mean5,1.2112676009174792,1.188483981721113,1.2327608865623798,35
use_entry,S_ref,2000.0,nonautonomous,trend20,1.1977088603934165,1.177018798170585,1.2520149252992054,35
use_entry,S_ref,2000.0,nonautonomous,trend50,1.1921752116629647,1.160483001417413,1.318152861450911,30
use_entry,S_ref,2001.0,frozen,,1.2086497803983383,1.200922151143844,1.2179077580108135,35
use_entry,S_ref,2001.0,nonautonomous,hold,1.2101548247817826,1.188701671920696,1.2385587756748124,35
use_entry,S_ref,2001.0,nonautonomous,mean5,1.2107715078374888,1.1867585732952688,1.2335208242349804,35
use_entry,S_ref,2001.0,nonautonomous,trend20,1.1971309327302802,1.175578325798019,1.2530643543719495,35
use_entry,S_ref,2001.0,nonautonomous,trend50,1.191081286147008,1.1592793332305427,1.3214173901478385,30
use_entry,S_ref,2002.0,frozen,,1.196196681766844,1.1890246600287342,1.2095615448315749,35
use_entry,S_ref,2002.0,nonautonomous,hold,1.2116681097412478,1.18889231403233,1.2406226147436081,35
use_entry,S_ref,2002.0,nonautonomous,mean5,1.2114007367398365,1.1868954621861862,1.2357298158088288,35
use_entry,S_ref,2002.0,nonautonomous,trend20,1.198218329341597,1.1754597655323482,1.2544742046487416,35
use_entry,S_ref,2002.0,nonautonomous,trend50,1.191898981986707,1.1592846171668758,1.3276347200812313,30
use_entry,S_ref,2003.0,frozen,,1.1566802923498847,1.1464834559954364,1.1720634411531519,35
use_entry,S_ref,2003.0,nonautonomous,hold,1.21269115021535,1.188701207873542,1.24257920499727,35
use_entry,S_ref,2003.0,nonautonomous,mean5,1.212083438411618,1.187208544385482,1.2369400063438318,35
use_entry,S_ref,2003.0,nonautonomous,trend20,1.200552450820545,1.1744146971348248,1.2564871120602943,35
use_entry,S_ref,2003.0,nonautonomous,trend50,1.193675268888504,1.1589605288567717,1.331205897313095,30
use_entry,S_ref,2004.0,frozen,,1.1727626227107013,1.1586152393090787,1.1888431439552416,35
use_entry,S_ref,2004.0,nonautonomous,hold,1.214350898447951,1.189606686568101,1.2457747638112016,35
use_entry,S_ref,2004.0,nonautonomous,mean5,1.213283449440799,1.1889864491741617,1.2389134460338926,35
use_entry,S_ref,2004.0,nonautonomous,trend20,1.2017585372670976,1.1759593552717842,1.2611505184186842,35
use_entry,S_ref,2004.0,nonautonomous,trend50,1.1952997709739848,1.158221506639313,1.3330868002218828,30
use_entry,S_ref,2005.0,frozen,,1.1935015424010584,1.186376892098989,1.2057623394750068,35
use_entry,S_ref,2005.0,nonautonomous,hold,1.213746627402435,1.1885167159073675,1.2458714299568845,35
use_entry,S_ref,2005.0,nonautonomous,mean5,1.2117425040074992,1.1877882505636514,1.2377603091939358,35
use_entry,S_ref,2005.0,nonautonomous,trend20,1.2010163559273184,1.1737804971048544,1.2634495262838161,35
use_entry,S_ref,2005.0,nonautonomous,trend50,1.194443352222883,1.155215012821513,1.3324525206388453,30
use_entry,S_ref,2006.0,frozen,,1.2088132355714707,1.1946638632369853,1.2361412807809455,35
use_entry,S_ref,2006.0,nonautonomous,hold,1.2087028359438488,1.1827164641705923,1.2417000991622296,35
use_entry,S_ref,2006.0,nonautonomous,mean5,1.2087453834985988,1.182533960571326,1.2331803782952413,35
use_entry,S_ref,2006.0,nonautonomous,trend20,1.1961084160671698,1.1665012029303745,1.262211513897233,35
use_entry,S_ref,2006.0,nonautonomous,trend50,1.1898183970938034,1.1479421545346316,1.3261094463586933,30
use_entry,S_ref,2007.0,frozen,,1.2270061870026265,1.2119875680314907,1.2598554400245603,35
use_entry,S_ref,2007.0,nonautonomous,hold,1.2048966520532143,1.1784078643378795,1.2382985576081533,35
use_entry,S_ref,2007.0,nonautonomous,mean5,1.205843613002153,1.1780549370914106,1.2305388344766433,35
use_entry,S_ref,2007.0,nonautonomous,trend20,1.1911686791422926,1.1640204550625104,1.2585087853849177,35
use_entry,S_ref,2007.0,nonautonomous,trend50,1.1844702909273117,1.1424606296337108,1.3281522626094655,30
use_entry,S_ref,2008.0,frozen,,1.2575388281034643,1.2043285923011646,1.3087802110932594,35
use_entry,S_ref,2008.0,nonautonomous,hold,1.1998987834874377,1.1725511510613549,1.232937035619143,35
use_entry,S_ref,2008.0,nonautonomous,mean5,1.2007315221087274,1.1731837386762058,1.2268640659223906,35
use_entry,S_ref,2008.0,nonautonomous,trend20,1.182820710182738,1.1583569023541034,1.255624612930128,35
use_entry,S_ref,2008.0,nonautonomous,trend50,1.178955890824136,1.1398526114044443,1.3317497797705986,30
use_entry,S_ref,2009.0,frozen,,1.2318421647699591,1.190497273782529,1.2827274906146398,35
use_entry,S_ref,2009.0,nonautonomous,hold,1.1972721032721483,1.1688229601889417,1.2288703657298297,35
use_entry,S_ref,2009.0,nonautonomous,mean5,1.1963382364730162,1.1686813475174387,1.222851697115611,35
use_entry,S_ref,2009.0,nonautonomous,trend20,1.1804636636399881,1.1532076009258128,1.2525060708633986,35
use_entry,S_ref,2009.0,nonautonomous,trend50,1.176061097369025,1.1334632601964927,1.3244104785612962,30
use_entry,S_ref,2010.0,frozen,,1.1776111825460729,1.1626544137073358,1.2101865457474974,35
use_entry,S_ref,2010.0,nonautonomous,hold,1.1944056770668268,1.165897699117195,1.2282269817321168,35
use_entry,S_ref,2010.0,nonautonomous,mean5,1.1925232510636716,1.1664472361008142,1.2225909413647973,35
use_entry,S_ref,2010.0,nonautonomous,trend20,1.178431861272916,1.1494152013682322,1.2539577076148622,35
use_entry,S_ref,2010.0,nonautonomous,trend50,1.1748360382698473,1.1286598185522698,1.3281003676656071,30
use_entry,S_ref,2011.0,frozen,,1.1928407253637385,1.156370937917472,1.2293513401794416,35
use_entry,S_ref,2011.0,nonautonomous,hold,1.1898152850364934,1.1624441547280093,1.2241077217330951,35
use_entry,S_ref,2011.0,nonautonomous,mean5,1.1874326455805804,1.1622060281629436,1.2206189639927074,35
use_entry,S_ref,2011.0,nonautonomous,trend20,1.1744178914966206,1.1440976744515203,1.2514612150017315,35
use_entry,S_ref,2011.0,nonautonomous,trend50,1.1708253651610554,1.1245253728386548,1.328796258304068,30
use_entry,S_ref,2012.0,frozen,,1.1920711233806154,1.1608827000316984,1.219029259831386,35
use_entry,S_ref,2012.0,nonautonomous,hold,1.1851530808648338,1.1591507596986073,1.2204552970188995,35
use_entry,S_ref,2012.0,nonautonomous,mean5,1.1829861025452686,1.158803721653146,1.21797005651282,35
use_entry,S_ref,2012.0,nonautonomous,trend20,1.1720038105669681,1.1377812840194017,1.2488899417992538,35
use_entry,S_ref,2012.0,nonautonomous,trend50,1.1667769626358062,1.1190894317458357,1.3250629552417286,30
use_entry,S_ref,2013.0,frozen,,1.1965087617300336,1.163040952335245,1.2153397303990632,35
use_entry,S_ref,2013.0,nonautonomous,hold,1.1803825169341415,1.1556014184065395,1.2164897573700844,35
use_entry,S_ref,2013.0,nonautonomous,mean5,1.1785381854183714,1.1552392661722926,1.214460399082522,35
use_entry,S_ref,2013.0,nonautonomous,trend20,1.1681388457604684,1.1335165885991798,1.2475008267562586,35
use_entry,S_ref,2013.0,nonautonomous,trend50,1.1622470259619617,1.113102777213543,1.3223847684016006,30
use_entry,S_ref,2014.0,frozen,,1.1984817138693769,1.162877015995588,1.2256280818820686,35
use_entry,S_ref,2014.0,nonautonomous,hold,1.1755062509397636,1.1515182306722653,1.2122297396640114,35
use_entry,S_ref,2014.0,nonautonomous,mean5,1.1745285724172163,1.1514760930028007,1.2109695290694091,35
use_entry,S_ref,2014.0,nonautonomous,trend20,1.162662609717767,1.1289153652474342,1.2464383115313447,35
use_entry,S_ref,2014.0,nonautonomous,trend50,1.157536744157552,1.1079957313054711,1.3204754674520398,30
use_entry,S_ref,2015.0,frozen,,1.1905389118937375,1.161890414419838,1.2324022012831999,35
use_entry,S_ref,2015.0,nonautonomous,hold,1.1735245313854819,1.148318756162966,1.2090000706382877,35
use_entry,S_ref,2015.0,nonautonomous,mean5,1.171632298680085,1.1493360234096397,1.2074873721252348,35
use_entry,S_ref,2015.0,nonautonomous,trend20,1.158194360730748,1.1258993603170198,1.2455642675811218,35
use_entry,S_ref,2015.0,nonautonomous,trend50,1.1542626498538815,1.1045534092012463,1.317915905664225,30
use_entry,S_ref,2016.0,frozen,,1.1692652496747216,1.1396633385767843,1.1966857574166094,35
use_entry,S_ref,2016.0,nonautonomous,hold,1.169642861477639,1.1438441827316252,1.2049214191029112,35
use_entry,S_ref,2016.0,nonautonomous,mean5,1.167682670284836,1.1462148860801644,1.2033273356861227,35
use_entry,S_ref,2016.0,nonautonomous,trend20,1.1546155603077461,1.12066954893394,1.2429625246030418,35
use_entry,S_ref,2016.0,nonautonomous,trend50,1.151785557629244,1.0995287627418169,1.319544173050191,30
use_entry,S_ref,2017.0,frozen,,1.1532112261670047,1.1420164820494076,1.1854573224655662,35
use_entry,S_ref,2017.0,nonautonomous,hold,1.168747401517007,1.1426921219526354,1.204751942042322,35
use_entry,S_ref,2017.0,nonautonomous,mean5,1.1670171938870002,1.145583779639796,1.2028977200935091,35
use_entry,S_ref,2017.0,nonautonomous,trend20,1.1541486390182887,1.1181061929821434,1.243841968270312,35
use_entry,S_ref,2017.0,nonautonomous,trend50,1.1517272344557772,1.0951171101980086,1.3236975215122067,30
use_entry,S_ref,2018.0,frozen,,1.179853552765649,1.150222785692244,1.2060402318885282,35
use_entry,S_ref,2018.0,nonautonomous,hold,1.1677232909056476,1.1410394417347203,1.2038474760840083,35
use_entry,S_ref,2018.0,nonautonomous,mean5,1.1660891104659443,1.1442502894794273,1.2025115252386973,35
use_entry,S_ref,2018.0,nonautonomous,trend20,1.1520760271504873,1.1154263935502988,1.2443453822234845,35
use_entry,S_ref,2018.0,nonautonomous,trend50,1.1495145608473742,1.0933638723617305,1.3263374453853685,30
use_entry,S_ref,2019.0,frozen,,1.1661973582592964,1.1403432429782028,1.2023689853909862,35
use_entry,S_ref,2019.0,nonautonomous,hold,1.1661973582592964,1.1403432429782028,1.2023689853909862,35
use_entry,S_ref,2019.0,nonautonomous,mean5,1.1676995473369025,1.1456342184523374,1.2043445190176338,35
use_entry,S_ref,2019.0,nonautonomous,trend20,1.1500014647273231,1.1121355531619521,1.2440737366050207,35
use_entry,S_ref,2019.0,nonautonomous,trend50,1.1467316776590921,1.088652648984625,1.3220106911476077,30
use_entry,S_iu_short,1980.0,frozen,,0.1384545254564292,0.1312526047631371,0.14416931795897303,35
use_entry,S_iu_short,1980.0,nonautonomous,hold,0.18877085179351982,0.18532364073758253,0.19370197629047622,35
use_entry,S_iu_short,1980.0,nonautonomous,mean5,0.18873307345352516,0.18491181472625612,0.19314223134146524,35
use_entry,S_iu_short,1980.0,nonautonomous,trend20,0.18830188785579646,0.1818596042641064,0.19622067806579505,35
use_entry,S_iu_short,1980.0,nonautonomous,trend50,0.18530065299339749,0.18091305678894815,0.2060188525763983,30
use_entry,S_iu_short,1981.0,frozen,,0.15661600138014836,0.15049390431375045,0.1647207017531361,35
use_entry,S_iu_short,1981.0,nonautonomous,hold,0.19148859315697053,0.18833586701576482,0.19712239333416248,35
use_entry,S_iu_short,1981.0,nonautonomous,mean5,0.1917398584546635,0.18858245483965203,0.19566455320769666,35
use_entry,S_iu_short,1981.0,nonautonomous,trend20,0.19207218968914117,0.18467251999642373,0.19894854243634522,35
use_entry,S_iu_short,1981.0,nonautonomous,trend50,0.18823296919519766,0.18372106823815243,0.21015315454328296,30
use_entry,S_iu_short,1982.0,frozen,,0.17604708588195048,0.17006616716549933,0.18577481630969506,35
use_entry,S_iu_short,1982.0,nonautonomous,hold,0.19319684019843705,0.1893100329524816,0.19838764775523585,35
use_entry,S_iu_short,1982.0,nonautonomous,mean5,0.1936052794192503,0.18965439192283,0.19738783469755738,35
use_entry,S_iu_short,1982.0,nonautonomous,trend20,0.19329644812932265,0.1859549171074117,0.20100950141038382,35
use_entry,S_iu_short,1982.0,nonautonomous,trend50,0.18969051089126715,0.1855795463835308,0.21165355850852408,30
use_entry,S_iu_short,1983.0,frozen,,0.15656780969820075,0.1490249805659789,0.1647527137519738,35
use_entry,S_iu_short,1983.0,nonautonomous,hold,0.1954915781831972,0.19044148643835587,0.2004854322331593,35
use_entry,S_iu_short,1983.0,nonautonomous,mean5,0.19590835494296982,0.19029296170114757,0.19987076042920293,35
use_entry,S_iu_short,1983.0,nonautonomous,trend20,0.19416008352473338,0.1879775524025209,0.20305562036580954,35
use_entry,S_iu_short,1983.0,nonautonomous,trend50,0.19203193340395713,0.18737331606973084,0.21406288887758798,30
use_entry,S_iu_short,1984.0,frozen,,0.17529662965196327,0.17056471842932336,0.1814055809208611,35
use_entry,S_iu_short,1984.0,nonautonomous,hold,0.1971308283142492,0.19147159639459682,0.20316710617371286,35
use_entry,S_iu_short,1984.0,nonautonomous,mean5,0.1982820845917891,0.1912430006533649,0.20256908626253708,35
use_entry,S_iu_short,1984.0,nonautonomous,trend20,0.19558884139645133,0.18979325754678117,0.2056001553800185,35
use_entry,S_iu_short,1984.0,nonautonomous,trend50,0.19431928381838814,0.18816293551906493,0.21670317095197844,30
use_entry,S_iu_short,1985.0,frozen,,0.16465728172161714,0.1601642061672168,0.17243418533102242,35
use_entry,S_iu_short,1985.0,nonautonomous,hold,0.19817380956839292,0.19270560319373586,0.20556445061476675,35
use_entry,S_iu_short,1985.0,nonautonomous,mean5,0.20022315062455506,0.19260928375860292,0.20504001909733416,35
use_entry,S_iu_short,1985.0,nonautonomous,trend20,0.19783214243944083,0.19097524399434812,0.20808569948763594,35
use_entry,S_iu_short,1985.0,nonautonomous,trend50,0.1962107064552494,0.1888510633323313,0.21877175374781085,30
use_entry,S_iu_short,1986.0,frozen,,0.13239665012511745,0.12410274501329117,0.14247513203701917,35
use_entry,S_iu_short,1986.0,nonautonomous,hold,0.2018836248886066,0.19638030222900343,0.21001484661014952,35
use_entry,S_iu_short,1986.0,nonautonomous,mean5,0.20419921282088754,0.19661184864013503,0.2086366057994943,35
use_entry,S_iu_short,1986.0,nonautonomous,trend20,0.20162240440908433,0.19395921194059298,0.21214339211723543,35
use_entry,S_iu_short,1986.0,nonautonomous,trend50,0.2001430835077193,0.19230366411135585,0.2233888612236587,30
use_entry,S_iu_short,1987.0,frozen,,0.10324962253357275,0.09859797991526179,0.10882784483421595,35
use_entry,S_iu_short,1987.0,nonautonomous,hold,0.2096909482984765,0.20391483289065332,0.2176835253580386,35
use_entry,S_iu_short,1987.0,nonautonomous,mean5,0.2098468539512582,0.20407014049281524,0.21527291476284327,35
use_entry,S_iu_short,1987.0,nonautonomous,trend20,0.20867148116464385,0.20020761687337463,0.21939147140825283,35
use_entry,S_iu_short,1987.0,nonautonomous,trend50,0.20652984498114835,0.1993461599126729,0.23188557491893655,30
use_entry,S_iu_short,1988.0,frozen,,0.11615241293409986,0.11352380725143665,0.12027451771346101,35
use_entry,S_iu_short,1988.0,nonautonomous,hold,0.2183825184926056,0.2133416162456272,0.22739142547012592,35
use_entry,S_iu_short,1988.0,nonautonomous,mean5,0.21911062857368488,0.21309981380191856,0.2248465342084816,35
use_entry,S_iu_short,1988.0,nonautonomous,trend20,0.21853944388145016,0.20851049879665898,0.22909885672660224,35
use_entry,S_iu_short,1988.0,nonautonomous,trend50,0.2148510983528483,0.20759675894241164,0.24257748047376526,30
use_entry,S_iu_short,1989.0,frozen,,0.15515486266789785,0.15056971755098625,0.15999302925695452,35
use_entry,S_iu_short,1989.0,nonautonomous,hold,0.22581876371365273,0.2204012254605034,0.23559322503912022,35
use_entry,S_iu_short,1989.0,nonautonomous,mean5,0.22666315285433067,0.21995765771089637,0.23319441004887664,35
use_entry,S_iu_short,1989.0,nonautonomous,trend20,0.22602565138571717,0.2150980819596755,0.2375092973057475,35
use_entry,S_iu_short,1989.0,nonautonomous,trend50,0.2220383262968339,0.2141256545255398,0.2512435326097073,30
use_entry,S_iu_short,1990.0,frozen,,0.21767444870714098,0.21386457436272968,0.22328938212010618,35
use_entry,S_iu_short,1990.0,nonautonomous,hold,0.22999971867844285,0.22340439569592183,0.24009599482702704,35
use_entry,S_iu_short,1990.0,nonautonomous,mean5,0.23058969968910192,0.22268347420346096,0.2376004865946032,35
use_entry,S_iu_short,1990.0,nonautonomous,trend20,0.2286893095067887,0.2179460540304489,0.24119442469343436,35
use_entry,S_iu_short,1990.0,nonautonomous,trend50,0.2254956181841584,0.2165365503020526,0.2554409716238331,30
use_entry,S_iu_short,1991.0,frozen,,0.19870879028131586,0.19064303623919376,0.20049387854139245,35
use_entry,S_iu_short,1991.0,nonautonomous,hold,0.23220225396652566,0.2247636257130149,0.24262717335586206,35
use_entry,S_iu_short,1991.0,nonautonomous,mean5,0.2326190187032796,0.2239456894150626,0.23983594229847857,35
use_entry,S_iu_short,1991.0,nonautonomous,trend20,0.229590433999346,0.2190730068933263,0.24302513686861965,35
use_entry,S_iu_short,1991.0,nonautonomous,trend50,0.2270418858923624,0.21703686694265062,0.2580683904730071,30
use_entry,S_iu_short,1992.0,frozen,,0.2125665171346196,0.20864568372607872,0.21740795329786344,35
use_entry,S_iu_short,1992.0,nonautonomous,hold,0.23424453385557414,0.2263411335278993,0.24531224109890726,35
use_entry,S_iu_short,1992.0,nonautonomous,mean5,0.2351397569878796,0.22568954629746252,0.24249723976240062,35
use_entry,S_iu_short,1992.0,nonautonomous,trend20,0.2311491586721414,0.22027312178723563,0.2454873757731761,35
use_entry,S_iu_short,1992.0,nonautonomous,trend50,0.2294485259469835,0.2185659305714443,0.2611617510675157,30
use_entry,S_iu_short,1993.0,frozen,,0.18383383878449758,0.17864139313031752,0.1896355875835122,35
use_entry,S_iu_short,1993.0,nonautonomous,hold,0.23648026393448243,0.22863887363732244,0.2487021026354922,35
use_entry,S_iu_short,1993.0,nonautonomous,mean5,0.237919699922197,0.22775181327876556,0.24615457722211173,35
use_entry,S_iu_short,1993.0,nonautonomous,trend20,0.23308329523291033,0.22225775736452746,0.24928316585739413,35
use_entry,S_iu_short,1993.0,nonautonomous,trend50,0.23227805137425273,0.22076899082285903,0.26518132663038463,30
use_entry,S_iu_short,1994.0,frozen,,0.1668641660013623,0.16357788283668828,0.1721878197865072,35
use_entry,S_iu_short,1994.0,nonautonomous,hold,0.24097047530401577,0.23320466362844136,0.2543174549086375,35
use_entry,S_iu_short,1994.0,nonautonomous,mean5,0.24330511475327415,0.2319131924912263,0.2513120834457872,35
use_entry,S_iu_short,1994.0,nonautonomous,trend20,0.23770325783955068,0.2261732545425185,0.25476899534846054,35
use_entry,S_iu_short,1994.0,nonautonomous,trend50,0.23724109793778594,0.22456054033737016,0.2719088445914511,30
use_entry,S_iu_short,1995.0,frozen,,0.16924181944661665,0.16386090708473933,0.17300995547993053,35
use_entry,S_iu_short,1995.0,nonautonomous,hold,0.2476430843069537,0.23860564222552622,0.26155114351362396,35
use_entry,S_iu_short,1995.0,nonautonomous,mean5,0.24993493694762975,0.23733752032026192,0.2579972663975372,35
use_entry,S_iu_short,1995.0,nonautonomous,trend20,0.24360190588104286,0.2312531061050901,0.26133903368905526,35
use_entry,S_iu_short,1995.0,nonautonomous,trend50,0.24348219313554714,0.22918351221095395,0.28045103105866137,30
use_entry,S_iu_short,1996.0,frozen,,0.1927900531739083,0.18858665703749822,0.1977920285320933,35
use_entry,S_iu_short,1996.0,nonautonomous,hold,0.2540763223148148,0.24379950428493644,0.26883979793915835,35
use_entry,S_iu_short,1996.0,nonautonomous,mean5,0.2557050029241088,0.241804186575862,0.26462486406009456,35
use_entry,S_iu_short,1996.0,nonautonomous,trend20,0.24892181713175004,0.23565364915159498,0.26789537179102024,35
use_entry,S_iu_short,1996.0,nonautonomous,trend50,0.24886174831064978,0.23358703842843198,0.2875614039593089,30
use_entry,S_iu_short,1997.0,frozen,,0.21984652800387244,0.21165583733950194,0.22714627025096878,35
use_entry,S_iu_short,1997.0,nonautonomous,hold,0.2578226976678351,0.2465801306404189,0.2739324787039161,35
use_entry,S_iu_short,1997.0,nonautonomous,mean5,0.25916617333868663,0.24503926816969152,0.2691751973032326,35
use_entry,S_iu_short,1997.0,nonautonomous,trend20,0.2529194243541088,0.2385907576478829,0.2727044152673651,35
use_entry,S_iu_short,1997.0,nonautonomous,trend50,0.25272303995395523,0.23601386734794477,0.29331813759113,30
use_entry,S_iu_short,1998.0,frozen,,0.2141472802102721,0.2051390822670639,0.2193938560843704,35
use_entry,S_iu_short,1998.0,nonautonomous,hold,0.26056618947458565,0.24847788287631267,0.27778399162587464,35
use_entry,S_iu_short,1998.0,nonautonomous,mean5,0.26271482895564235,0.24747893476520946,0.27306214295831743,35
use_entry,S_iu_short,1998.0,nonautonomous,trend20,0.25551982700806963,0.240811209112621,0.27676002587591164,35
use_entry,S_iu_short,1998.0,nonautonomous,trend50,0.2568089203401853,0.2374972962213485,0.29825946451965046,30
use_entry,S_iu_short,1999.0,frozen,,0.19135394359245195,0.1849957041866748,0.19873260420786057,35
use_entry,S_iu_short,1999.0,nonautonomous,hold,0.26504908944558037,0.2522803757630356,0.2827858085161759,35
use_entry,S_iu_short,1999.0,nonautonomous,mean5,0.26782644541124223,0.2511565377275113,0.2786336449028491,35
use_entry,S_iu_short,1999.0,nonautonomous,trend20,0.2593051924196174,0.24428675785603093,0.28200321138189377,35
use_entry,S_iu_short,1999.0,nonautonomous,trend50,0.26158384321316575,0.24009760085224516,0.30435083057465856,30
use_entry,S_iu_short,2000.0,frozen,,0.2335231991840147,0.22786925265323948,0.24593120035610133,35
use_entry,S_iu_short,2000.0,nonautonomous,hold,0.26844339987751653,0.25556812124521683,0.287619231380559,35
use_entry,S_iu_short,2000.0,nonautonomous,mean5,0.27223838112224674,0.2544941673939206,0.28415769230295784,35
use_entry,S_iu_short,2000.0,nonautonomous,trend20,0.26363633395814334,0.2463702958576124,0.28704080303560464,35
use_entry,S_iu_short,2000.0,nonautonomous,trend50,0.2654623558930057,0.24172636165007155,0.3107074418753254,30
use_entry,S_iu_short,2001.0,frozen,,0.27086916397106203,0.26285698628728815,0.28090244202941095,35
use_entry,S_iu_short,2001.0,nonautonomous,hold,0.2692158803514616,0.2549160750894355,0.29021050917336544,35
use_entry,S_iu_short,2001.0,nonautonomous,mean5,0.2737757668863307,0.2540812295295671,0.2874852288384893,35
use_entry,S_iu_short,2001.0,nonautonomous,trend20,0.26444552824726075,0.245550661860374,0.29043002611361113,35
use_entry,S_iu_short,2001.0,nonautonomous,trend50,0.26607989595794446,0.24041574224588677,0.3148673996790797,30
use_entry,S_iu_short,2002.0,frozen,,0.2570405712484018,0.24985588109371276,0.2710334385602652,35
use_entry,S_iu_short,2002.0,nonautonomous,hold,0.2696591442709767,0.2529232400966377,0.29261898414367016,35
use_entry,S_iu_short,2002.0,nonautonomous,mean5,0.2752109673113339,0.2530119845368374,0.2893285730524881,35
use_entry,S_iu_short,2002.0,nonautonomous,trend20,0.26330625756723536,0.24535333304214296,0.2930971119428464,35
use_entry,S_iu_short,2002.0,nonautonomous,trend50,0.26614512922025146,0.2376713160113249,0.31804988438566584,30
use_entry,S_iu_short,2003.0,frozen,,0.21637464643050403,0.20599628253969807,0.2320972328609651,35
use_entry,S_iu_short,2003.0,nonautonomous,hold,0.27235109054714285,0.2535288536260354,0.2978363689020519,35
use_entry,S_iu_short,2003.0,nonautonomous,mean5,0.27759373571475937,0.25451075569188364,0.29308192077026357,35
use_entry,S_iu_short,2003.0,nonautonomous,trend20,0.2655422856710545,0.24671667214937706,0.2969846763944662,35
use_entry,S_iu_short,2003.0,nonautonomous,trend50,0.2687200442624693,0.23830655562249825,0.32253046734577534,30
use_entry,S_iu_short,2004.0,frozen,,0.23262868771543732,0.21786411784302906,0.24885075508577614,35
use_entry,S_iu_short,2004.0,nonautonomous,hold,0.27682469713128227,0.25613494705398687,0.30543794448771655,35
use_entry,S_iu_short,2004.0,nonautonomous,mean5,0.2807839027331721,0.2578264802176006,0.2981902207234452,35
use_entry,S_iu_short,2004.0,nonautonomous,trend20,0.271433187222618,0.24828939216478807,0.30284946766172127,35
use_entry,S_iu_short,2004.0,nonautonomous,trend50,0.27251875895379835,0.24114355945045174,0.32748783242777196,30
use_entry,S_iu_short,2005.0,frozen,,0.25491256372770354,0.2484192314662368,0.2685972268182096,35
use_entry,S_iu_short,2005.0,nonautonomous,hold,0.28075709233247204,0.25917934880992116,0.30991061038409856,35
use_entry,S_iu_short,2005.0,nonautonomous,mean5,0.2834057970208818,0.2600074722981831,0.30263623361745756,35
use_entry,S_iu_short,2005.0,nonautonomous,trend20,0.27465811201285967,0.24918946247716306,0.30754678197529917,35
use_entry,S_iu_short,2005.0,nonautonomous,trend50,0.27400359343239333,0.24335839784481184,0.3305615158599806,30
use_entry,S_iu_short,2006.0,frozen,,0.2765469764390858,0.2626687139466219,0.3056449636014034,35
use_entry,S_iu_short,2006.0,nonautonomous,hold,0.28243704378471113,0.26147308367199606,0.312754553036639,35
use_entry,S_iu_short,2006.0,nonautonomous,mean5,0.2845499893566452,0.2584707034275393,0.3047495112783648,35
use_entry,S_iu_short,2006.0,nonautonomous,trend20,0.27215556442109434,0.24979854717417005,0.30984479827225864,35
use_entry,S_iu_short,2006.0,nonautonomous,trend50,0.2732847298894938,0.24356351503071474,0.3318103393759394,30
use_entry,S_iu_short,2007.0,frozen,,0.29879467051778413,0.2828776682268533,0.334526331130236,35
use_entry,S_iu_short,2007.0,nonautonomous,hold,0.28035411372785735,0.26069616235551907,0.3130181511084229,35
use_entry,S_iu_short,2007.0,nonautonomous,mean5,0.28562830935570116,0.2543702272465721,0.3050874126583991,35
use_entry,S_iu_short,2007.0,nonautonomous,trend20,0.2720165661327334,0.24831220530156284,0.30984350267756017,35
use_entry,S_iu_short,2007.0,nonautonomous,trend50,0.2719092672562249,0.2410770594601955,0.3319644093690167,30
use_entry,S_iu_short,2008.0,frozen,,0.3347043438855931,0.27637848045265057,0.38821638831775296,35
use_entry,S_iu_short,2008.0,nonautonomous,hold,0.27762275534607406,0.25336790730978787,0.3087706694508504,35
use_entry,S_iu_short,2008.0,nonautonomous,mean5,0.28221826961183305,0.24891744909010685,0.30411013250113406,35
use_entry,S_iu_short,2008.0,nonautonomous,trend20,0.2687881714344536,0.24443451820945583,0.30739917120580845,35
use_entry,S_iu_short,2008.0,nonautonomous,trend50,0.26965510276326454,0.23416524782276654,0.3344236796147471,30
use_entry,S_iu_short,2009.0,frozen,,0.3124854330833292,0.2660699645675265,0.3654711890210788,35
use_entry,S_iu_short,2009.0,nonautonomous,hold,0.2716853663279306,0.24909074639036083,0.3049481060921292,35
use_entry,S_iu_short,2009.0,nonautonomous,mean5,0.2755610502209679,0.24678396523490345,0.30152583895080187,35
use_entry,S_iu_short,2009.0,nonautonomous,trend20,0.2652511689625062,0.23864207954429958,0.3070808960606456,35
use_entry,S_iu_short,2009.0,nonautonomous,trend50,0.2663536050688784,0.23086941729767585,0.3384795312664893,30
use_entry,S_iu_short,2010.0,frozen,,0.25383821394638406,0.23831858763168745,0.2901545779132515,35
use_entry,S_iu_short,2010.0,nonautonomous,hold,0.27249570442829685,0.24639789048943236,0.3049198213562302,35
use_entry,S_iu_short,2010.0,nonautonomous,mean5,0.27704962784876136,0.24550772367086304,0.3011277546714211,35
use_entry,S_iu_short,2010.0,nonautonomous,trend20,0.26603357911403513,0.23567923163806057,0.30843044420275567,35
use_entry,S_iu_short,2010.0,nonautonomous,trend50,0.26618863207658694,0.23021780217670246,0.34426458195612686,30
use_entry,S_iu_short,2011.0,frozen,,0.2763541902717124,0.23558540618347895,0.31435662491828154,35
use_entry,S_iu_short,2011.0,nonautonomous,hold,0.2728516816210034,0.24608770979526212,0.3065295264824037,35
use_entry,S_iu_short,2011.0,nonautonomous,mean5,0.27667573556213343,0.24450660528485085,0.3032943727268304,35
use_entry,S_iu_short,2011.0,nonautonomous,trend20,0.2645351209336707,0.23193264893994148,0.30705730375563656,35
use_entry,S_iu_short,2011.0,nonautonomous,trend50,0.26603974795372687,0.22944174143864104,0.35292334715033014,30
use_entry,S_iu_short,2012.0,frozen,,0.27703256218792727,0.24531281293878524,0.30769617461000637,35
use_entry,S_iu_short,2012.0,nonautonomous,hold,0.27186642749173473,0.24572391451043574,0.3074423876947825,35
use_entry,S_iu_short,2012.0,nonautonomous,mean5,0.2736455335552129,0.24400194766486688,0.3059087212588706,35
use_entry,S_iu_short,2012.0,nonautonomous,trend20,0.26436854460508974,0.23013264330775815,0.3103502435021621,35
use_entry,S_iu_short,2012.0,nonautonomous,trend50,0.2650330632107699,0.22825512751332155,0.36015399057793324,30
use_entry,S_iu_short,2013.0,frozen,,0.2859366547708416,0.2501315282997104,0.3072533131834046,35
use_entry,S_iu_short,2013.0,nonautonomous,hold,0.27113256011390274,0.2448102546502221,0.30894353682324005,35
use_entry,S_iu_short,2013.0,nonautonomous,mean5,0.27300470833552637,0.24409936236952123,0.30637933169915016,35
use_entry,S_iu_short,2013.0,nonautonomous,trend20,0.26286978719367105,0.23027384462277983,0.31430169515905093,35
use_entry,S_iu_short,2013.0,nonautonomous,trend50,0.25873797508875496,0.2267319144826761,0.36577432080012484,30
use_entry,S_iu_short,2014.0,frozen,,0.2926142231056458,0.25302561414815455,0.3205723253765816,35
use_entry,S_iu_short,2014.0,nonautonomous,hold,0.2708441384420796,0.243678318469494,0.3089322645556846,35
use_entry,S_iu_short,2014.0,nonautonomous,mean5,0.2704691770871659,0.2435238441133104,0.30633424705303897,35
use_entry,S_iu_short,2014.0,nonautonomous,trend20,0.2639709980795081,0.22948726890303983,0.3177731265213946,35
use_entry,S_iu_short,2014.0,nonautonomous,trend50,0.25410391679327815,0.2259454524960202,0.3710903062661783,30
use_entry,S_iu_short,2015.0,frozen,,0.2880742573340938,0.2571074655589841,0.33168144708432623,35
use_entry,S_iu_short,2015.0,nonautonomous,hold,0.26956501466477994,0.24223096008895895,0.30805175817697705,35
use_entry,S_iu_short,2015.0,nonautonomous,mean5,0.26603090139594837,0.24316168479949868,0.3042834423255489,35
use_entry,S_iu_short,2015.0,nonautonomous,trend20,0.25942359661793635,0.2285448450170267,0.3204620784719835,35
use_entry,S_iu_short,2015.0,nonautonomous,trend50,0.25215433812673815,0.22586826045276615,0.3744749447886023,30
use_entry,S_iu_short,2016.0,frozen,,0.2674327962204209,0.2348092366108118,0.29643484693944955,35
use_entry,S_iu_short,2016.0,nonautonomous,hold,0.2681655516735621,0.24160878496368612,0.3089045104340911,35
use_entry,S_iu_short,2016.0,nonautonomous,mean5,0.264880155284567,0.24289616036139022,0.3027523488551581,35
use_entry,S_iu_short,2016.0,nonautonomous,trend20,0.256887891184146,0.2302184186388385,0.32259372113467677,35
use_entry,S_iu_short,2016.0,nonautonomous,trend50,0.25130912360171653,0.22497969038515717,0.3776354600345005,30
use_entry,S_iu_short,2017.0,frozen,,0.2506735473167737,0.2381850606071635,0.2865431639121999,35
use_entry,S_iu_short,2017.0,nonautonomous,hold,0.26878954761855844,0.241718900878863,0.31009565906798087,35
use_entry,S_iu_short,2017.0,nonautonomous,mean5,0.26577993569409475,0.24421623980141127,0.3034299288732551,35
use_entry,S_iu_short,2017.0,nonautonomous,trend20,0.2601282939330501,0.22768092134314888,0.3254829714113593,35
use_entry,S_iu_short,2017.0,nonautonomous,trend50,0.24995843329776646,0.2209781401467545,0.38435954998303234,30
use_entry,S_iu_short,2018.0,frozen,,0.2812045491651616,0.24856426573077123,0.30991742949023865,35
use_entry,S_iu_short,2018.0,nonautonomous,hold,0.2679014899777056,0.24170514161291545,0.3100384806430206,35
use_entry,S_iu_short,2018.0,nonautonomous,mean5,0.26642418546503793,0.24359959084997662,0.30462003598340953,35
use_entry,S_iu_short,2018.0,nonautonomous,trend20,0.2599523017721046,0.22406126238587054,0.3272067958466881,35
use_entry,S_iu_short,2018.0,nonautonomous,trend50,0.24916577438381754,0.21438442479358577,0.39253724838985016,30
use_entry,S_iu_short,2019.0,frozen,,0.2671742290480117,0.24153985359482533,0.30907251108410294,35
use_entry,S_iu_short,2019.0,nonautonomous,hold,0.2671742290480117,0.24153985359482533,0.30907251108410294,35
use_entry,S_iu_short,2019.0,nonautonomous,mean5,0.26656278684825685,0.24366295777847635,0.3058178731954829,35
use_entry,S_iu_short,2019.0,nonautonomous,trend20,0.256283833713823,0.2218143382609994,0.3293410942379805,35
use_entry,S_iu_short,2019.0,nonautonomous,trend50,0.2488496065231089,0.21140309553520084,0.39831966509486955,30
use_entry,S_iu_med,1980.0,frozen,,0.1384545254564292,0.1312526047631371,0.14416931795897303,35
use_entry,S_iu_med,1980.0,nonautonomous,hold,0.21425773180177235,0.20501678143924768,0.22617958967459617,35
use_entry,S_iu_med,1980.0,nonautonomous,mean5,0.21455693212844384,0.2043849408085462,0.22305420990741553,35
use_entry,S_iu_med,1980.0,nonautonomous,trend20,0.21227816208289652,0.19837064123778364,0.23062845885824068,35
use_entry,S_iu_med,1980.0,nonautonomous,trend50,0.20623780298913091,0.1969508868138336,0.25377088693559413,30
use_entry,S_iu_med,1981.0,frozen,,0.15661600138014836,0.15049390431375045,0.1647207017531361,35
use_entry,S_iu_med,1981.0,nonautonomous,hold,0.21700569842958017,0.20750954386573545,0.22908681259552405,35
use_entry,S_iu_med,1981.0,nonautonomous,mean5,0.21754893536491093,0.20697179767509416,0.22596109416464805,35
use_entry,S_iu_med,1981.0,nonautonomous,trend20,0.21507653837243568,0.200792149844164,0.2339852074326803,35
use_entry,S_iu_med,1981.0,nonautonomous,trend50,0.20853352903574546,0.19917327768486667,0.257973605771077,30
use_entry,S_iu_med,1982.0,frozen,,0.17604708588195045,0.17006616716549933,0.18577481630969506,35
use_entry,S_iu_med,1982.0,nonautonomous,hold,0.21910779421552323,0.20922341863163163,0.2313396131942636,35
use_entry,S_iu_med,1982.0,nonautonomous,mean5,0.21949351140474335,0.2085484871633023,0.22837535721767566,35
use_entry,S_iu_med,1982.0,nonautonomous,trend20,0.217245816731772,0.2022571655234056,0.23641323610966225,35
use_entry,S_iu_med,1982.0,nonautonomous,trend50,0.21011432798413843,0.20080392092933433,0.26115389231396985,30
use_entry,S_iu_med,1983.0,frozen,,0.15656780969820075,0.1490249805659789,0.1647527137519738,35
use_entry,S_iu_med,1983.0,nonautonomous,hold,0.2209261756095176,0.2107147411140946,0.23405764142581542,35
use_entry,S_iu_med,1983.0,nonautonomous,mean5,0.22189251188550815,0.20993803105161618,0.23115035628500843,35
use_entry,S_iu_med,1983.0,nonautonomous,trend20,0.21950121287684066,0.20355063001208507,0.23933087796022845,35
use_entry,S_iu_med,1983.0,nonautonomous,trend50,0.21162300535392525,0.20223230286708582,0.2647083665531568,30
use_entry,S_iu_med,1984.0,frozen,,0.17529662965196324,0.17056471842932333,0.1814055809208611,35
use_entry,S_iu_med,1984.0,nonautonomous,hold,0.22305352581644805,0.2122271298853164,0.23708165863919078,35
use_entry,S_iu_med,1984.0,nonautonomous,mean5,0.22450545672738326,0.21168878533990804,0.23382536227978296,35
use_entry,S_iu_med,1984.0,nonautonomous,trend20,0.22143394113919307,0.2049234457598313,0.24252726424393536,35
use_entry,S_iu_med,1984.0,nonautonomous,trend50,0.2131801300207805,0.20371295814564894,0.26850779733730923,30
use_entry,S_iu_med,1985.0,frozen,,0.16465728172161714,0.1601642061672168,0.17243418533102242,35
use_entry,S_iu_med,1985.0,nonautonomous,hold,0.22509305652199074,0.21376732702329865,0.2399765812974677,35
use_entry,S_iu_med,1985.0,nonautonomous,mean5,0.22656912257832704,0.21323246805608032,0.23631396849222633,35
use_entry,S_iu_med,1985.0,nonautonomous,trend20,0.22357225332981076,0.2062279138936479,0.24560607398619683,35
use_entry,S_iu_med,1985.0,nonautonomous,trend50,0.21489905399851267,0.20484139750433253,0.2723685400992403,30
use_entry,S_iu_med,1986.0,frozen,,0.13239665012511745,0.12410274501329116,0.14247513203701917,35
use_entry,S_iu_med,1986.0,nonautonomous,hold,0.22829122976254174,0.21680497806451124,0.24394821027939403,35
use_entry,S_iu_med,1986.0,nonautonomous,mean5,0.2296901171004258,0.21608140705451437,0.2398037327071353,35
use_entry,S_iu_med,1986.0,nonautonomous,trend20,0.22682714004003018,0.20871618974203032,0.24964007915278227,35
use_entry,S_iu_med,1986.0,nonautonomous,trend50,0.21789882458510218,0.20695706605304487,0.27747710241496004,30
use_entry,S_iu_med,1987.0,frozen,,0.10324962253357275,0.09859797991526179,0.10882784483421595,35
use_entry,S_iu_med,1987.0,nonautonomous,hold,0.23345680645543984,0.2217479979650414,0.24946333050841504,35
use_entry,S_iu_med,1987.0,nonautonomous,mean5,0.2341047304209269,0.2209574400583887,0.24512473019848569,35
use_entry,S_iu_med,1987.0,nonautonomous,trend20,0.23190199890795526,0.2130626305437066,0.2551022396495196,35
use_entry,S_iu_med,1987.0,nonautonomous,trend50,0.2225408065258503,0.21103736353246294,0.28439996635510784,30
use_entry,S_iu_med,1988.0,frozen,,0.11615241293409986,0.11352380725143665,0.12027451771346098,35
use_entry,S_iu_med,1988.0,nonautonomous,hold,0.23890700127343573,0.22706889247778822,0.25577019550668434,35
use_entry,S_iu_med,1988.0,nonautonomous,mean5,0.2396385880404957,0.22642668910671107,0.25142875586400076,35
use_entry,S_iu_med,1988.0,nonautonomous,trend20,0.23789991683539585,0.2180155372518372,0.26166613139376604,35
use_entry,S_iu_med,1988.0,nonautonomous,trend50,0.22784310122665774,0.21572575840937427,0.2922524326407243,30
use_entry,S_iu_med,1989.0,frozen,,0.15515486266789785,0.15056971755098625,0.15999302925695452,35
use_entry,S_iu_med,1989.0,nonautonomous,hold,0.24358119504940506,0.23119927939085125,0.2612767110733917,35
use_entry,S_iu_med,1989.0,nonautonomous,mean5,0.24439369016123116,0.23052946411327255,0.2566189766748156,35
use_entry,S_iu_med,1989.0,nonautonomous,trend20,0.24240745798802818,0.22200410226111517,0.26742582273630155,35
use_entry,S_iu_med,1989.0,nonautonomous,trend50,0.23207277763149098,0.219341639150211,0.2989955442428569,30
use_entry,S_iu_med,1990.0,frozen,,0.21767444870714103,0.2138645743627297,0.22328938212010618,35
use_entry,S_iu_med,1990.0,nonautonomous,hold,0.24651687605810696,0.2330525332358227,0.26506326176768413,35
use_entry,S_iu_med,1990.0,nonautonomous,mean5,0.2468607512695535,0.2323219644690438,0.25989062353105696,35
use_entry,S_iu_med,1990.0,nonautonomous,trend20,0.24466410801728394,0.223902342694661,0.2707435600592276,35
use_entry,S_iu_med,1990.0,nonautonomous,trend50,0.23419153500726458,0.22077964487245882,0.30345342726197033,30
use_entry,S_iu_med,1991.0,frozen,,0.19870879028131583,0.19064303623919376,0.20049387854139245,35
use_entry,S_iu_med,1991.0,nonautonomous,hold,0.24844114280350138,0.23424808474436798,0.26785279196343204,35
use_entry,S_iu_med,1991.0,nonautonomous,mean5,0.24841306121805093,0.23335206558600433,0.2622200177945138,35
use_entry,S_iu_med,1991.0,nonautonomous,trend20,0.24592703993517892,0.22475435531388022,0.2730630875924014,35
use_entry,S_iu_med,1991.0,nonautonomous,trend50,0.23554971836152944,0.2213022571976825,0.30702537554631143,30
use_entry,S_iu_med,1992.0,frozen,,0.2125665171346196,0.20864568372607872,0.21740795329786344,35
use_entry,S_iu_med,1992.0,nonautonomous,hold,0.25026395879917507,0.2355980951434197,0.27041113788014604,35
use_entry,S_iu_med,1992.0,nonautonomous,mean5,0.25013685147728015,0.23467368303026884,0.26461620163777066,35
use_entry,S_iu_med,1992.0,nonautonomous,trend20,0.24752213014956143,0.22574447578042603,0.2755818322600812,35
use_entry,S_iu_med,1992.0,nonautonomous,trend50,0.23700961480576418,0.22210423862068587,0.3109430266353719,30
use_entry,S_iu_med,1993.0,frozen,,0.1838338387844976,0.17864139313031752,0.18963558758351223,35
use_entry,S_iu_med,1993.0,nonautonomous,hold,0.25218069511428076,0.23733338818611815,0.27324314822989054,35
use_entry,S_iu_med,1993.0,nonautonomous,mean5,0.2522094639519902,0.23620109987271753,0.2674529770073477,35
use_entry,S_iu_med,1993.0,nonautonomous,trend20,0.2492911188768166,0.22704288080274954,0.2786978271315881,35
use_entry,S_iu_med,1993.0,nonautonomous,trend50,0.23855206501709805,0.22324483169602138,0.3155794160133351,30
use_entry,S_iu_med,1994.0,frozen,,0.1668641660013623,0.16357788283668828,0.17218781978650727,35
use_entry,S_iu_med,1994.0,nonautonomous,hold,0.2550095093106306,0.23989549163868917,0.2770212760455769,35
use_entry,S_iu_med,1994.0,nonautonomous,mean5,0.2553549580999044,0.23853392976696164,0.27111327305317245,35
use_entry,S_iu_med,1994.0,nonautonomous,trend20,0.2520828210250515,0.22921716484093752,0.28312704308450776,35
use_entry,S_iu_med,1994.0,nonautonomous,trend50,0.2411797146366199,0.22528518848346588,0.3215858712809721,30
use_entry,S_iu_med,1995.0,frozen,,0.16924181944661665,0.16386090708473933,0.17300995547993053,35
use_entry,S_iu_med,1995.0,nonautonomous,hold,0.2585725891718802,0.2427619736770558,0.2815639364948266,35
use_entry,S_iu_med,1995.0,nonautonomous,mean5,0.2591849459890454,0.2413993146541504,0.2755780901125176,35
use_entry,S_iu_med,1995.0,nonautonomous,trend20,0.2555492660725836,0.23163952369957508,0.28814068263653736,35
use_entry,S_iu_med,1995.0,nonautonomous,trend50,0.24447849036200042,0.22773120494990967,0.32804035311696683,30
use_entry,S_iu_med,1996.0,frozen,,0.1927900531739083,0.18858665703749825,0.19779202853209332,35
use_entry,S_iu_med,1996.0,nonautonomous,hold,0.26222835138922324,0.2453582081166657,0.28584596037523397,35
use_entry,S_iu_med,1996.0,nonautonomous,mean5,0.262164075480662,0.2441194064454406,0.2799243041293403,35
use_entry,S_iu_med,1996.0,nonautonomous,trend20,0.2587298022241058,0.2338486330344275,0.29248538961289094,35
use_entry,S_iu_med,1996.0,nonautonomous,trend50,0.24743438450318483,0.2299387001471626,0.3341170663136837,30
use_entry,S_iu_med,1997.0,frozen,,0.21984652800387247,0.21165583733950194,0.22714627025096878,35
use_entry,S_iu_med,1997.0,nonautonomous,hold,0.26492446881187637,0.24678366749811315,0.2890230673512764,35
use_entry,S_iu_med,1997.0,nonautonomous,mean5,0.2645621648015415,0.24574627564853058,0.2830635328564426,35
use_entry,S_iu_med,1997.0,nonautonomous,trend20,0.2605153647631825,0.2348049592651617,0.29605220957074785,35
use_entry,S_iu_med,1997.0,nonautonomous,trend50,0.249480713791838,0.23115824409106334,0.3393932688449535,30
use_entry,S_iu_med,1998.0,frozen,,0.2141472802102721,0.2051390822670639,0.2193938560843704,35
use_entry,S_iu_med,1998.0,nonautonomous,hold,0.2669346190761065,0.2477216440978811,0.2916729580643318,35
use_entry,S_iu_med,1998.0,nonautonomous,mean5,0.2667470323397498,0.246984636064915,0.28567105757712896,35
use_entry,S_iu_med,1998.0,nonautonomous,trend20,0.2612752614024113,0.2352752934588409,0.2992789857187568,35
use_entry,S_iu_med,1998.0,nonautonomous,trend50,0.2512575242228161,0.23162637803873054,0.3438972688085199,30
use_entry,S_iu_med,1999.0,frozen,,0.19135394359245195,0.18499570418667483,0.1987326042078606,35
use_entry,S_iu_med,1999.0,nonautonomous,hold,0.2692060133947531,0.249850936401194,0.29482674236909046,35
use_entry,S_iu_med,1999.0,nonautonomous,mean5,0.2692610233600198,0.24902769178566625,0.2892299452719275,35
use_entry,S_iu_med,1999.0,nonautonomous,trend20,0.2632733066269513,0.23662342767792777,0.3030627573720651,35
use_entry,S_iu_med,1999.0,nonautonomous,trend50,0.2533672865923099,0.23267435407250492,0.3493218295088467,30
use_entry,S_iu_med,2000.0,frozen,,0.23352319918401473,0.22786925265323948,0.24593120035610133,35
use_entry,S_iu_med,2000.0,nonautonomous,hold,0.2708578428753071,0.2513187816391863,0.2977941406960225,35
use_entry,S_iu_med,2000.0,nonautonomous,mean5,0.2716881928007932,0.2499765042169227,0.2929176369989074,35
use_entry,S_iu_med,2000.0,nonautonomous,trend20,0.265609590226875,0.23698318551322312,0.3067798863469674,35
use_entry,S_iu_med,2000.0,nonautonomous,trend50,0.2546643655005354,0.2336852417893947,0.3552146774541155,30
use_entry,S_iu_med,2001.0,frozen,,0.27086916397106203,0.26285698628728815,0.280902442029411,35
use_entry,S_iu_med,2001.0,nonautonomous,hold,0.2709645220464063,0.25082353351665565,0.2995741916519825,35
use_entry,S_iu_med,2001.0,nonautonomous,mean5,0.2731001171512113,0.24898833304944043,0.29498069633791885,35
use_entry,S_iu_med,2001.0,nonautonomous,trend20,0.26618433580576095,0.2354896672990175,0.3091970730658341,35
use_entry,S_iu_med,2001.0,nonautonomous,trend50,0.25437867600671915,0.23291039736155356,0.35958357034330934,30
use_entry,S_iu_med,2002.0,frozen,,0.2570405712484018,0.2498558810937128,0.2710334385602652,35
use_entry,S_iu_med,2002.0,nonautonomous,hold,0.2710165495376671,0.2496382621220205,0.3012315705199753,35
use_entry,S_iu_med,2002.0,nonautonomous,mean5,0.2741159432502521,0.24820796223371872,0.29619243316466604,35
use_entry,S_iu_med,2002.0,nonautonomous,trend20,0.26643067852909036,0.23373024108709098,0.31100156030692666,35
use_entry,S_iu_med,2002.0,nonautonomous,trend50,0.25400240336279456,0.23124676691186855,0.36306275423522666,30
use_entry,S_iu_med,2003.0,frozen,,0.21637464643050403,0.20599628253969804,0.2320972328609651,35
use_entry,S_iu_med,2003.0,nonautonomous,hold,0.2727158616269233,0.24966823010047012,0.30422391939655785,35
use_entry,S_iu_med,2003.0,nonautonomous,mean5,0.2755225564098207,0.24872516176039106,0.2979226522472779,35
use_entry,S_iu_med,2003.0,nonautonomous,trend20,0.26834838149557,0.23356998730894138,0.3136565650198583,35
use_entry,S_iu_med,2003.0,nonautonomous,trend50,0.2547890628900764,0.2304349934356626,0.3670611864672551,30
use_entry,S_iu_med,2004.0,frozen,,0.23262868771543732,0.21786411784302906,0.24885075508577614,35
use_entry,S_iu_med,2004.0,nonautonomous,hold,0.27544550550382396,0.2513434838269665,0.3083008299893879,35
use_entry,S_iu_med,2004.0,nonautonomous,mean5,0.276854186047499,0.250508364256825,0.30042900141820694,35
use_entry,S_iu_med,2004.0,nonautonomous,trend20,0.27099021362980225,0.23467083048079324,0.31706564173470864,35
use_entry,S_iu_med,2004.0,nonautonomous,trend50,0.25661604706755575,0.2303167185512132,0.37175905685446897,30
use_entry,S_iu_med,2005.0,frozen,,0.25491256372770354,0.24841923146623682,0.2685972268182096,35
use_entry,S_iu_med,2005.0,nonautonomous,hold,0.27725580960974366,0.25268845836665654,0.31150747938265516,35
use_entry,S_iu_med,2005.0,nonautonomous,mean5,0.2771159531082501,0.2519378559129509,0.3024839616801174,35
use_entry,S_iu_med,2005.0,nonautonomous,trend20,0.2727692211939674,0.235242776453018,0.31999614796353515,35
use_entry,S_iu_med,2005.0,nonautonomous,trend50,0.2569524673636601,0.22984671619442024,0.3762792997364461,30
use_entry,S_iu_med,2006.0,frozen,,0.27654697643908577,0.2626687139466219,0.3056449636014034,35
use_entry,S_iu_med,2006.0,nonautonomous,hold,0.27734239215699164,0.252720967273224,0.3127307793552047,35
use_entry,S_iu_med,2006.0,nonautonomous,mean5,0.27698081520913614,0.2514849460404065,0.30363461317585494,35
use_entry,S_iu_med,2006.0,nonautonomous,trend20,0.27255048688992034,0.23531026348414374,0.32128443522994055,35
use_entry,S_iu_med,2006.0,nonautonomous,trend50,0.2568532351552464,0.22826774587428184,0.3799943289048141,30
use_entry,S_iu_med,2007.0,frozen,,0.29879467051778413,0.28287766822685334,0.334526331130236,35
use_entry,S_iu_med,2007.0,nonautonomous,hold,0.27637718612204754,0.25130036296135466,0.31196688438690734,35
use_entry,S_iu_med,2007.0,nonautonomous,mean5,0.2771398950787947,0.2491285497463761,0.303862342740413,35
use_entry,S_iu_med,2007.0,nonautonomous,trend20,0.27054325077208474,0.23463767204341854,0.3214964748865107,35
use_entry,S_iu_med,2007.0,nonautonomous,trend50,0.25582528981918184,0.2263134251462723,0.38318406391723514,30
use_entry,S_iu_med,2008.0,frozen,,0.3347043438855931,0.27637848045265057,0.38821638831775296,35
use_entry,S_iu_med,2008.0,nonautonomous,hold,0.2730596163398566,0.24828114946509525,0.30983987148676084,35
use_entry,S_iu_med,2008.0,nonautonomous,mean5,0.27648083900332143,0.24684092500220725,0.30332230982595965,35
use_entry,S_iu_med,2008.0,nonautonomous,trend20,0.2687536286965454,0.23290197290865622,0.32218811780965917,35
use_entry,S_iu_med,2008.0,nonautonomous,trend50,0.2520675170077429,0.22382513494906017,0.38694026879312055,30
use_entry,S_iu_med,2009.0,frozen,,0.3124854330833292,0.2660699645675265,0.3654711890210788,35
use_entry,S_iu_med,2009.0,nonautonomous,hold,0.27160870653338887,0.24485933124099823,0.30803727968834105,35
use_entry,S_iu_med,2009.0,nonautonomous,mean5,0.2743575228829287,0.24522970381176343,0.3021976283471425,35
use_entry,S_iu_med,2009.0,nonautonomous,trend20,0.2636177216387723,0.23097541062282034,0.32296480227767943,35
use_entry,S_iu_med,2009.0,nonautonomous,trend50,0.25104488480606346,0.22242501185461205,0.3896403959287461,30
use_entry,S_iu_med,2010.0,frozen,,0.25383821394638406,0.23831858763168745,0.2901545779132515,35
use_entry,S_iu_med,2010.0,nonautonomous,hold,0.2721835321101373,0.24326226129291956,0.30819306784079104,35
use_entry,S_iu_med,2010.0,nonautonomous,mean5,0.273285880482634,0.24412148624600763,0.30226223591023615,35
use_entry,S_iu_med,2010.0,nonautonomous,trend20,0.2589188925693825,0.22923572262973987,0.32455838793132114,35
use_entry,S_iu_med,2010.0,nonautonomous,trend50,0.25150531250016595,0.22058312698115407,0.3936382022504972,30
use_entry,S_iu_med,2011.0,frozen,,0.2763541902717124,0.23558540618347895,0.31435662491828154,35
use_entry,S_iu_med,2011.0,nonautonomous,hold,0.27232989278919534,0.24304426284576286,0.30914068563181685,35
use_entry,S_iu_med,2011.0,nonautonomous,mean5,0.27128711222855506,0.243412322246503,0.3048203558521945,35
use_entry,S_iu_med,2011.0,nonautonomous,trend20,0.25782635283161803,0.22669882842834932,0.3272754751364211,35
use_entry,S_iu_med,2011.0,nonautonomous,trend50,0.2510674774048879,0.21690767394838564,0.39961372226645275,30
use_entry,S_iu_med,2012.0,frozen,,0.27703256218792727,0.24531281293878524,0.30769617461000637,35
use_entry,S_iu_med,2012.0,nonautonomous,hold,0.27088284372237365,0.24308384451209208,0.3097211958951158,35
use_entry,S_iu_med,2012.0,nonautonomous,mean5,0.27021691409487036,0.24328141645936752,0.30615996860190353,35
use_entry,S_iu_med,2012.0,nonautonomous,trend20,0.25666397951329567,0.2247638963119793,0.33025747047989307,35
use_entry,S_iu_med,2012.0,nonautonomous,trend50,0.2509287649853603,0.21081043039141148,0.405922047941136,30
use_entry,S_iu_med,2013.0,frozen,,0.2859366547708416,0.2501315282997104,0.3072533131834046,35
use_entry,S_iu_med,2013.0,nonautonomous,hold,0.26936953508173583,0.24361554822641396,0.3099100534721694,35
use_entry,S_iu_med,2013.0,nonautonomous,mean5,0.2697262189304864,0.24329007968258165,0.3064009019650179,35
use_entry,S_iu_med,2013.0,nonautonomous,trend20,0.2558248989446025,0.22422002114458467,0.3333136021924702,35
use_entry,S_iu_med,2013.0,nonautonomous,trend50,0.25068877677387996,0.2087946509302981,0.4122611963832151,30
use_entry,S_iu_med,2014.0,frozen,,0.2926142231056458,0.25302561414815455,0.3205723253765816,35
use_entry,S_iu_med,2014.0,nonautonomous,hold,0.26863867814196357,0.24404393769105873,0.3091680654491022,35
use_entry,S_iu_med,2014.0,nonautonomous,mean5,0.2683170909296572,0.2435543344672329,0.3063791142799662,35
use_entry,S_iu_med,2014.0,nonautonomous,trend20,0.25445131810899024,0.2235821826485087,0.33602421376882163,35
use_entry,S_iu_med,2014.0,nonautonomous,trend50,0.24942490037732098,0.20619974491503346,0.4145606754113803,30
use_entry,S_iu_med,2015.0,frozen,,0.2880742573340938,0.25710746555898406,0.33168144708432623,35
use_entry,S_iu_med,2015.0,nonautonomous,hold,0.26827719806864453,0.24339798387644668,0.30875600983131907,35
use_entry,S_iu_med,2015.0,nonautonomous,mean5,0.2660414435634934,0.2433765144571352,0.3052875180400171,35
use_entry,S_iu_med,2015.0,nonautonomous,trend20,0.2516548253799625,0.22199262643029663,0.3375220490448817,35
use_entry,S_iu_med,2015.0,nonautonomous,trend50,0.2482404425994311,0.20336311040573368,0.41616917131541015,30
use_entry,S_iu_med,2016.0,frozen,,0.2674327962204209,0.2348092366108118,0.29643484693944955,35
use_entry,S_iu_med,2016.0,nonautonomous,hold,0.26851455919863576,0.24239564312772655,0.3092100754237703,35
use_entry,S_iu_med,2016.0,nonautonomous,mean5,0.26531369570986946,0.24326156467415372,0.3045809445146197,35
use_entry,S_iu_med,2016.0,nonautonomous,trend20,0.25045271326728286,0.2179417165047552,0.33929888467263497,35
use_entry,S_iu_med,2016.0,nonautonomous,trend50,0.24846372915628784,0.20096755859451323,0.41795869406388036,30
use_entry,S_iu_med,2017.0,frozen,,0.2506735473167737,0.23818506060716346,0.28654316391219997,35
use_entry,S_iu_med,2017.0,nonautonomous,hold,0.2680184382456919,0.24172451093081315,0.3098051893917362,35
use_entry,S_iu_med,2017.0,nonautonomous,mean5,0.26577569179186283,0.2434773995337221,0.30461519349123356,35
use_entry,S_iu_med,2017.0,nonautonomous,trend20,0.25041876993724266,0.21554596479340327,0.3415565715698077,35
use_entry,S_iu_med,2017.0,nonautonomous,trend50,0.24903356306779711,0.1975419133150156,0.42135708062364785,30
use_entry,S_iu_med,2018.0,frozen,,0.2812045491651616,0.24856426573077123,0.30991742949023865,35
use_entry,S_iu_med,2018.0,nonautonomous,hold,0.2675438921438422,0.24162387422454687,0.3096548263705694,35
use_entry,S_iu_med,2018.0,nonautonomous,mean5,0.26608693481805773,0.24363161595403487,0.3052577383067898,35
use_entry,S_iu_med,2018.0,nonautonomous,trend20,0.24985463097836202,0.2132913768365839,0.3433946614060015,35
use_entry,S_iu_med,2018.0,nonautonomous,trend50,0.24846616805422603,0.19404552827974522,0.42487380987786505,30
use_entry,S_iu_med,2019.0,frozen,,0.2671742290480117,0.24153985359482538,0.30907251108410294,35
use_entry,S_iu_med,2019.0,nonautonomous,hold,0.2671742290480117,0.24153985359482538,0.30907251108410294,35
use_entry,S_iu_med,2019.0,nonautonomous,mean5,0.2665627868482569,0.24366295777847632,0.3058178731954829,35
use_entry,S_iu_med,2019.0,nonautonomous,trend20,0.24871108600324923,0.21149189315143918,0.34527042864743424,35
use_entry,S_iu_med,2019.0,nonautonomous,trend50,0.24752666541018048,0.19130758940850434,0.42879040023435877,30
use_entry,S_iu_long,1980.0,frozen,,0.1384545254564292,0.1312526047631371,0.14416931795897303,35
use_entry,S_iu_long,1980.0,nonautonomous,hold,0.24088420953825146,0.223754048865879,0.26215934758067744,35
use_entry,S_iu_long,1980.0,nonautonomous,mean5,0.23966333443465596,0.22273362045697248,0.257263674360239,35
use_entry,S_iu_long,1980.0,nonautonomous,trend20,0.22747565724990343,0.2099772143876455,0.2805363752523455,35
use_entry,S_iu_long,1980.0,nonautonomous,trend50,0.22289929905818603,0.19177358801878133,0.33518348581758706,30
use_entry,S_iu_long,1981.0,frozen,,0.15661600138014836,0.15049390431375045,0.16472070175313613,35
use_entry,S_iu_long,1981.0,nonautonomous,hold,0.24219070443434126,0.22535589972101058,0.26428896032511323,35
use_entry,S_iu_long,1981.0,nonautonomous,mean5,0.24144222670792598,0.22431424918793164,0.25965384675667913,35
use_entry,S_iu_long,1981.0,nonautonomous,trend20,0.2289055302852751,0.21106767610715124,0.28316249652151737,35
use_entry,S_iu_long,1981.0,nonautonomous,trend50,0.22437655858916394,0.19266742093912595,0.33921133629952416,30
use_entry,S_iu_long,1982.0,frozen,,0.17604708588195045,0.17006616716549933,0.18577481630969506,35
use_entry,S_iu_long,1982.0,nonautonomous,hold,0.24340112687706822,0.2264814177164426,0.26610751696853197,35
use_entry,S_iu_long,1982.0,nonautonomous,mean5,0.24298931914614424,0.22541847626905626,0.2616271413890822,35
use_entry,S_iu_long,1982.0,nonautonomous,trend20,0.23019407713682427,0.21179479182377037,0.2853808904140633,35
use_entry,S_iu_long,1982.0,nonautonomous,trend50,0.22544469644969758,0.19320312474763415,0.3427298528316849,30
use_entry,S_iu_long,1983.0,frozen,,0.15656780969820075,0.1490249805659789,0.1647527137519738,35
use_entry,S_iu_long,1983.0,nonautonomous,hold,0.24505310617923504,0.2275022321532816,0.2681268138030939,35
use_entry,S_iu_long,1983.0,nonautonomous,mean5,0.24468245360340118,0.2264175859755219,0.2636076844835361,35
use_entry,S_iu_long,1983.0,nonautonomous,trend20,0.23162251974939269,0.21276105902580122,0.28781611379102423,35
use_entry,S_iu_long,1983.0,nonautonomous,trend50,0.22668204272494388,0.19360581443609415,0.346152863422988,30
use_entry,S_iu_long,1984.0,frozen,,0.17529662965196327,0.17056471842932336,0.18140558092086106,35
use_entry,S_iu_long,1984.0,nonautonomous,hold,0.2467286435103524,0.22861542264684642,0.27026468088216493,35
use_entry,S_iu_long,1984.0,nonautonomous,mean5,0.24624957702836525,0.22750854182540642,0.26559284022374696,35
use_entry,S_iu_long,1984.0,nonautonomous,trend20,0.2329207441667287,0.2138076271485873,0.2903625630493626,35
use_entry,S_iu_long,1984.0,nonautonomous,trend50,0.22780385845511808,0.19403901582539074,0.34972521148048363,30
use_entry,S_iu_long,1985.0,frozen,,0.1646572817216172,0.1601642061672168,0.17243418533102242,35
use_entry,S_iu_long,1985.0,nonautonomous,hold,0.2482465917316926,0.22974963797220835,0.2723259790311542,35
use_entry,S_iu_long,1985.0,nonautonomous,mean5,0.24753782192529558,0.22862002730462602,0.2674204288898893,35
use_entry,S_iu_long,1985.0,nonautonomous,trend20,0.2342938525054982,0.21459118906613772,0.2928432210485005,35
use_entry,S_iu_long,1985.0,nonautonomous,trend50,0.22897544327159297,0.19437208067533623,0.35329513845363714,30
use_entry,S_iu_long,1986.0,frozen,,0.13239665012511745,0.12410274501329117,0.14247513203701917,35
use_entry,S_iu_long,1986.0,nonautonomous,hold,0.25038094203306543,0.23144255213522982,0.2748516402908887,35
use_entry,S_iu_long,1986.0,nonautonomous,mean5,0.24950051464202316,0.23028940304003465,0.26956215192764216,35
use_entry,S_iu_long,1986.0,nonautonomous,trend20,0.23595968689536884,0.21587499519492942,0.2957387167735712,35
use_entry,S_iu_long,1986.0,nonautonomous,trend50,0.23058620505603922,0.19532107175619215,0.3574293703215789,30
use_entry,S_iu_long,1987.0,frozen,,0.10324962253357277,0.09859797991526179,0.10882784483421595,35
use_entry,S_iu_long,1987.0,nonautonomous,hold,0.2531754676244622,0.23398157849511703,0.2780361409399087,35
use_entry,S_iu_long,1987.0,nonautonomous,mean5,0.2520764028063962,0.2328038686978502,0.2725972269701612,35
use_entry,S_iu_long,1987.0,nonautonomous,trend20,0.2378977431655574,0.21791548869698557,0.29924889893499124,35
use_entry,S_iu_long,1987.0,nonautonomous,trend50,0.23276673495304806,0.19716875196326428,0.36256906767210306,30
use_entry,S_iu_long,1988.0,frozen,,0.11615241293409986,0.11352380725143667,0.12027451771346098,35
use_entry,S_iu_long,1988.0,nonautonomous,hold,0.2561557189960064,0.23673033028499824,0.28152028374400745,35
use_entry,S_iu_long,1988.0,nonautonomous,mean5,0.2547853467342923,0.23552733395401482,0.27608555484454944,35
use_entry,S_iu_long,1988.0,nonautonomous,trend20,0.2403057585020665,0.220060664753474,0.3032067986101371,35
use_entry,S_iu_long,1988.0,nonautonomous,trend50,0.23536402120346908,0.19907640447247843,0.36806122516217277,30
use_entry,S_iu_long,1989.0,frozen,,0.15515486266789785,0.15056971755098625,0.15999302925695455,35
use_entry,S_iu_long,1989.0,nonautonomous,hold,0.2587687309502598,0.2388019266496565,0.28457913833527587,35
use_entry,S_iu_long,1989.0,nonautonomous,mean5,0.25723981812699803,0.23757366122424678,0.27898827241198076,35
use_entry,S_iu_long,1989.0,nonautonomous,trend20,0.24245592773234226,0.22172723428085062,0.3067415945709606,35
use_entry,S_iu_long,1989.0,nonautonomous,trend50,0.2374060719209632,0.20034462677808562,0.37296438940690146,30
use_entry,S_iu_long,1990.0,frozen,,0.21767444870714103,0.2138645743627297,0.22328938212010618,35
use_entry,S_iu_long,1990.0,nonautonomous,hold,0.2602715747830293,0.23978958207370904,0.2868103663456836,35
use_entry,S_iu_long,1990.0,nonautonomous,mean5,0.2586749178860904,0.23853648389187032,0.2808766151239368,35
use_entry,S_iu_long,1990.0,nonautonomous,trend20,0.24358957562765782,0.22240976648549812,0.3091297924943763,35
use_entry,S_iu_long,1990.0,nonautonomous,trend50,0.2386142082487876,0.20062863874148087,0.3767599052398817,30
use_entry,S_iu_long,1991.0,frozen,,0.19870879028131586,0.19064303623919376,0.20049387854139247,35
use_entry,S_iu_long,1991.0,nonautonomous,hold,0.26125412164100525,0.2404202726764086,0.28856069337118223,35
use_entry,S_iu_long,1991.0,nonautonomous,mean5,0.2598030092352392,0.23914224543828927,0.28238582497100084,35
use_entry,S_iu_long,1991.0,nonautonomous,trend20,0.2444128838712372,0.22260293497977957,0.3110528861061274,35
use_entry,S_iu_long,1991.0,nonautonomous,trend50,0.23938624133407227,0.2005685575575446,0.38011463969294695,30
use_entry,S_iu_long,1992.0,frozen,,0.2125665171346196,0.20864568372607872,0.21740795329786344,35
use_entry,S_iu_long,1992.0,nonautonomous,hold,0.2623604401124792,0.2411708421312788,0.2901832768974107,35
use_entry,S_iu_long,1992.0,nonautonomous,mean5,0.26095213634039205,0.23986732246593806,0.2839314455800044,35
use_entry,S_iu_long,1992.0,nonautonomous,trend20,0.24525119886780328,0.22285437897669885,0.3130548984554429,35
use_entry,S_iu_long,1992.0,nonautonomous,trend50,0.24002036896575044,0.20058324057334131,0.3836138675312435,30
use_entry,S_iu_long,1993.0,frozen,,0.1838338387844976,0.17864139313031752,0.18963558758351223,35
use_entry,S_iu_long,1993.0,nonautonomous,hold,0.2636154168711381,0.24200190899307938,0.2919083045890929,35
use_entry,S_iu_long,1993.0,nonautonomous,mean5,0.2623475329853279,0.24067239549683506,0.2855732848071331,35
use_entry,S_iu_long,1993.0,nonautonomous,trend20,0.24632702485399777,0.2232571132614744,0.3152931794027113,35
use_entry,S_iu_long,1993.0,nonautonomous,trend50,0.2407524405635338,0.200661992610746,0.3873229700556134,30
use_entry,S_iu_long,1994.0,frozen,,0.1668641660013623,0.1635778828366883,0.17218781978650724,35
use_entry,S_iu_long,1994.0,nonautonomous,hold,0.2652500562904408,0.24317810855241134,0.29403216083772943,35
use_entry,S_iu_long,1994.0,nonautonomous,mean5,0.2642688625265245,0.24182172922186487,0.2877272108263952,35
use_entry,S_iu_long,1994.0,nonautonomous,trend20,0.2479178067638204,0.224051088878013,0.3181441222978103,35
use_entry,S_iu_long,1994.0,nonautonomous,trend50,0.2420576532863538,0.20104212736701155,0.3915584859442589,30
use_entry,S_iu_long,1995.0,frozen,,0.16924181944661665,0.16386090708473933,0.17300995547993048,35
use_entry,S_iu_long,1995.0,nonautonomous,hold,0.2671151722904908,0.24453114356795924,0.29646021072279455,35
use_entry,S_iu_long,1995.0,nonautonomous,mean5,0.26619087068881225,0.24314717333720998,0.29020030143271325,35
use_entry,S_iu_long,1995.0,nonautonomous,trend20,0.2495039606931284,0.2250482411629617,0.3211767705826568,35
use_entry,S_iu_long,1995.0,nonautonomous,trend50,0.2435549819728134,0.20153865437166898,0.3960533035475698,30
use_entry,S_iu_long,1996.0,frozen,,0.19279005317390835,0.18858665703749825,0.1977920285320933,35
use_entry,S_iu_long,1996.0,nonautonomous,hold,0.2687827559110963,0.24576879057420167,0.29872116508055613,35
use_entry,S_iu_long,1996.0,nonautonomous,mean5,0.26768554088949226,0.24435685763760517,0.2924832344537729,35
use_entry,S_iu_long,1996.0,nonautonomous,trend20,0.2506609342674697,0.2259147637831573,0.32390288133541795,35
use_entry,S_iu_long,1996.0,nonautonomous,trend50,0.24472995930395164,0.2019066544458473,0.4003982038311741,30
use_entry,S_iu_long,1997.0,frozen,,0.21984652800387244,0.21165583733950194,0.22714627025096878,35
use_entry,S_iu_long,1997.0,nonautonomous,hold,0.2699043593286016,0.24641538980814168,0.30044022985754315,35
use_entry,S_iu_long,1997.0,nonautonomous,mean5,0.26864734453540146,0.24497554969314259,0.294231050114643,35
use_entry,S_iu_long,1997.0,nonautonomous,trend20,0.25128366928725043,0.22625781300208359,0.32622364016073924,35
use_entry,S_iu_long,1997.0,nonautonomous,trend50,0.2454487266888039,0.2017476323030593,0.4042768248822351,30
use_entry,S_iu_long,1998.0,frozen,,0.2141472802102721,0.2051390822670639,0.2193938560843704,35
use_entry,S_iu_long,1998.0,nonautonomous,hold,0.270716886087891,0.24673861069962397,0.3018907304382924,35
use_entry,S_iu_long,1998.0,nonautonomous,mean5,0.26971074473516976,0.24535688231976338,0.2958195266402429,35
use_entry,S_iu_long,1998.0,nonautonomous,trend20,0.25199970441318076,0.2262891361131796,0.32836350965006833,35
use_entry,S_iu_long,1998.0,nonautonomous,trend50,0.2461085863836106,0.20133051134108895,0.40787510315106357,30
use_entry,S_iu_long,1999.0,frozen,,0.191353943592452,0.18499570418667483,0.1987326042078606,35
use_entry,S_iu_long,1999.0,nonautonomous,hold,0.27163401092491357,0.2475175914643683,0.3035404204888902,35
use_entry,S_iu_long,1999.0,nonautonomous,mean5,0.27115345577623745,0.24623602415189902,0.29777026993064687,35
use_entry,S_iu_long,1999.0,nonautonomous,trend20,0.25308309941021556,0.2264751263677074,0.33072980414613107,35
use_entry,S_iu_long,1999.0,nonautonomous,trend50,0.24706493552324274,0.20125402809878742,0.41183099331510686,30
use_entry,S_iu_long,2000.0,frozen,,0.2335231991840147,0.22786925265323948,0.24593120035610133,35
use_entry,S_iu_long,2000.0,nonautonomous,hold,0.2724203151172529,0.2480693182674184,0.30506963435754764,35
use_entry,S_iu_long,2000.0,nonautonomous,mean5,0.27204089132771025,0.24659422931031377,0.2996182977737789,35
use_entry,S_iu_long,2000.0,nonautonomous,trend20,0.2538805709478158,0.22656462938861882,0.33303057188060525,35
use_entry,S_iu_long,2000.0,nonautonomous,trend50,0.24770327304023815,0.20078652884760778,0.4155701820840607,30
use_entry,S_iu_long,2001.0,frozen,,0.27086916397106203,0.26285698628728815,0.280902442029411,35
use_entry,S_iu_long,2001.0,nonautonomous,hold,0.2726513813950666,0.24777007108453947,0.30603377515560365,35
use_entry,S_iu_long,2001.0,nonautonomous,mean5,0.2720625975486135,0.24621474536534851,0.30069528696251563,35
use_entry,S_iu_long,2001.0,nonautonomous,trend20,0.253828175947819,0.2259981947270549,0.33471654350679425,35
use_entry,S_iu_long,2001.0,nonautonomous,trend50,0.24741217869600549,0.1994381515252206,0.4185634957055828,30
use_entry,S_iu_long,2002.0,frozen,,0.2570405712484018,0.2498558810937128,0.2710334385602653,35
use_entry,S_iu_long,2002.0,nonautonomous,hold,0.2727555062324737,0.24736471758214823,0.30692612589907164,35
use_entry,S_iu_long,2002.0,nonautonomous,mean5,0.27190461213044104,0.24577995861823562,0.30137001865309615,35
use_entry,S_iu_long,2002.0,nonautonomous,trend20,0.2533344358358525,0.2251832964752572,0.3361119357435973,35
use_entry,S_iu_long,2002.0,nonautonomous,trend50,0.24683650404499102,0.19790034383835153,0.4215494733134169,30
use_entry,S_iu_long,2003.0,frozen,,0.21637464643050405,0.20599628253969807,0.23209723286096512,35
use_entry,S_iu_long,2003.0,nonautonomous,hold,0.27344795188793947,0.24772223284409306,0.30840043710097564,35
use_entry,S_iu_long,2003.0,nonautonomous,mean5,0.2724415453332271,0.2461067234867786,0.3022656387399549,35
use_entry,S_iu_long,2003.0,nonautonomous,trend20,0.25339072624495634,0.22488937365967965,0.33788138176658156,35
use_entry,S_iu_long,2003.0,nonautonomous,trend50,0.24692880549598456,0.19700828695352307,0.425147000752923,30
use_entry,S_iu_long,2004.0,frozen,,0.23262868771543732,0.21786411784302906,0.24885075508577614,35
use_entry,S_iu_long,2004.0,nonautonomous,hold,0.2747604562886419,0.24854663514932737,0.31032444450529517,35
use_entry,S_iu_long,2004.0,nonautonomous,mean5,0.27357485679813315,0.24689946201308804,0.3033090244227956,35
use_entry,S_iu_long,2004.0,nonautonomous,trend20,0.2538794799739722,0.22507234710472504,0.33996611600064786,35
use_entry,S_iu_long,2004.0,nonautonomous,trend50,0.2474334697393311,0.19664690000005966,0.42897398090004346,30
use_entry,S_iu_long,2005.0,frozen,,0.25491256372770354,0.24841923146623682,0.2685972268182096,35
use_entry,S_iu_long,2005.0,nonautonomous,hold,0.27585446641580036,0.24908457844574383,0.31160982718075886,35
use_entry,S_iu_long,2005.0,nonautonomous,mean5,0.2742751972033644,0.24740560636000405,0.3041121021529905,35
use_entry,S_iu_long,2005.0,nonautonomous,trend20,0.2540152760605199,0.22462121632212403,0.34180570489312784,35
use_entry,S_iu_long,2005.0,nonautonomous,trend50,0.24760506127572487,0.1961056329826578,0.4324293898537112,30
use_entry,S_iu_long,2006.0,frozen,,0.2765469764390858,0.2626687139466219,0.3056449636014034,35
use_entry,S_iu_long,2006.0,nonautonomous,hold,0.2756971066604574,0.24901427783769395,0.3122857228769769,35
use_entry,S_iu_long,2006.0,nonautonomous,mean5,0.27460240130667224,0.24730396679666772,0.30471433911834434,35
use_entry,S_iu_long,2006.0,nonautonomous,trend20,0.25388956786804023,0.22345583201260738,0.34288172825023705,35
use_entry,S_iu_long,2006.0,nonautonomous,trend50,0.247254832051791,0.19435710278906507,0.435666381949173,30
use_entry,S_iu_long,2007.0,frozen,,0.29879467051778413,0.28287766822685334,0.334526331130236,35
use_entry,S_iu_long,2007.0,nonautonomous,hold,0.27454387237710975,0.2478617501492057,0.3120064945353569,35
use_entry,S_iu_long,2007.0,nonautonomous,mean5,0.2742020672083463,0.24646627541616964,0.30492221694093713,35
use_entry,S_iu_long,2007.0,nonautonomous,trend20,0.25354230672285283,0.22176015574182487,0.34347388893370884,35
use_entry,S_iu_long,2007.0,nonautonomous,trend50,0.24631244942012367,0.1927201322972805,0.43860617979917077,30
use_entry,S_iu_long,2008.0,frozen,,0.3347043438855931,0.27637848045265057,0.38821638831775296,35
use_entry,S_iu_long,2008.0,nonautonomous,hold,0.27247167034169406,0.2461646025450469,0.3109546704406253,35
use_entry,S_iu_long,2008.0,nonautonomous,mean5,0.27273794177938737,0.2451658516937656,0.3049479478995507,35
use_entry,S_iu_long,2008.0,nonautonomous,trend20,0.25242837204083285,0.2184653484497619,0.3442895288169905,35
use_entry,S_iu_long,2008.0,nonautonomous,trend50,0.24487861375255532,0.19111958060740436,0.4403774699532127,30
use_entry,S_iu_long,2009.0,frozen,,0.3124854330833292,0.2660699645675265,0.3654711890210788,35
use_entry,S_iu_long,2009.0,nonautonomous,hold,0.2706585682815246,0.24492765632348062,0.30972664902908753,35
use_entry,S_iu_long,2009.0,nonautonomous,mean5,0.27104253275197093,0.24379913358173277,0.304513058954191,35
use_entry,S_iu_long,2009.0,nonautonomous,trend20,0.2514040199554478,0.2156648678882735,0.3451455454705823,35
use_entry,S_iu_long,2009.0,nonautonomous,trend50,0.2442883784306404,0.18856848153993302,0.4416168023581858,30
use_entry,S_iu_long,2010.0,frozen,,0.25383821394638406,0.23831858763168748,0.2901545779132515,35
use_entry,S_iu_long,2010.0,nonautonomous,hold,0.26988938898367915,0.24455210868509103,0.30972180132949034,35
use_entry,S_iu_long,2010.0,nonautonomous,mean5,0.2697503897235434,0.24319733701325796,0.3046185289721073,35
use_entry,S_iu_long,2010.0,nonautonomous,trend20,0.2512587661933162,0.21413617816462138,0.3463718214854249,35
use_entry,S_iu_long,2010.0,nonautonomous,trend50,0.243951393124577,0.18609358737121812,0.4438985258575548,30
use_entry,S_iu_long,2011.0,frozen,,0.27635419027171243,0.23558540618347895,0.31435662491828154,35
use_entry,S_iu_long,2011.0,nonautonomous,hold,0.26882292852287776,0.24460287081068594,0.30981708220381243,35
use_entry,S_iu_long,2011.0,nonautonomous,mean5,0.2687732155015142,0.24313363245269715,0.3058189121353997,35
use_entry,S_iu_long,2011.0,nonautonomous,trend20,0.2508863754717582,0.2126505523205826,0.34809165325505526,35
use_entry,S_iu_long,2011.0,nonautonomous,trend50,0.24385100669884208,0.18402459112137648,0.4471148391853836,30
use_entry,S_iu_long,2012.0,frozen,,0.27703256218792727,0.24531281293878524,0.30769617461000637,35
use_entry,S_iu_long,2012.0,nonautonomous,hold,0.2681458712365864,0.24475006557508167,0.309558800109875,35
use_entry,S_iu_long,2012.0,nonautonomous,mean5,0.26823748091095057,0.24311436717553922,0.3064404523742218,35
use_entry,S_iu_long,2012.0,nonautonomous,trend20,0.2513361230579549,0.2112613914600644,0.349907221469701,35
use_entry,S_iu_long,2012.0,nonautonomous,trend50,0.2440965903276706,0.18144104657670893,0.44972898625278346,30
use_entry,S_iu_long,2013.0,frozen,,0.2859366547708416,0.2501315282997104,0.3072533131834046,35
use_entry,S_iu_long,2013.0,nonautonomous,hold,0.26826766587139533,0.24447107447417435,0.3095207506871868,35
use_entry,S_iu_long,2013.0,nonautonomous,mean5,0.26797136242544184,0.24336462527905767,0.30636687929869383,35
use_entry,S_iu_long,2013.0,nonautonomous,trend20,0.2522864694427613,0.21036413200343418,0.3521953014193547,35
use_entry,S_iu_long,2013.0,nonautonomous,trend50,0.24416187015201793,0.17868572166867291,0.4520598589501241,30
use_entry,S_iu_long,2014.0,frozen,,0.2926142231056458,0.2530256141481546,0.3205723253765816,35
use_entry,S_iu_long,2014.0,nonautonomous,hold,0.2683214596358912,0.24393968524748577,0.30932430666949495,35
use_entry,S_iu_long,2014.0,nonautonomous,mean5,0.2672980243101623,0.2436024433939683,0.3060801102214388,35
use_entry,S_iu_long,2014.0,nonautonomous,trend20,0.2528575116693019,0.20940905668731208,0.35422868805434393,35
use_entry,S_iu_long,2014.0,nonautonomous,trend50,0.24368503596048563,0.17583629322485084,0.45449316977613724,30
use_entry,S_iu_long,2015.0,frozen,,0.2880742573340938,0.25710746555898406,0.33168144708432623,35
use_entry,S_iu_long,2015.0,nonautonomous,hold,0.2681156982296815,0.24281155079730868,0.30914440067325044,35
use_entry,S_iu_long,2015.0,nonautonomous,mean5,0.26625390684496547,0.24352313113518798,0.3055428959633548,35
use_entry,S_iu_long,2015.0,nonautonomous,trend20,0.2534985875618402,0.2082676253803585,0.35601613466407844,35
use_entry,S_iu_long,2015.0,nonautonomous,trend50,0.2432325096686114,0.17303139747286755,0.45658322874069696,30
use_entry,S_iu_long,2016.0,frozen,,0.2674327962204209,0.23480923661081177,0.29643484693944955,35
use_entry,S_iu_long,2016.0,nonautonomous,hold,0.2678055662414568,0.2419360326031335,0.30931137001568726,35
use_entry,S_iu_long,2016.0,nonautonomous,mean5,0.26554210969024716,0.2434758146089706,0.3052337378233603,35
use_entry,S_iu_long,2016.0,nonautonomous,trend20,0.25451793679336815,0.20654251699793785,0.35777775121967625,35
use_entry,S_iu_long,2016.0,nonautonomous,trend50,0.2434566573055835,0.17038973286175968,0.4587076096222634,30
use_entry,S_iu_long,2017.0,frozen,,0.25067354731677377,0.2381850606071635,0.2865431639122,35
use_entry,S_iu_long,2017.0,nonautonomous,hold,0.2675674226998186,0.2416259059045735,0.3094607734545447,35
use_entry,S_iu_long,2017.0,nonautonomous,mean5,0.2657547719194728,0.24357734005074352,0.3053133272261671,35
use_entry,S_iu_long,2017.0,nonautonomous,trend20,0.2555843775962592,0.20479266700203544,0.35975828540738347,35
use_entry,S_iu_long,2017.0,nonautonomous,trend50,0.24373728485467733,0.16779052502400382,0.46165761948423,30
use_entry,S_iu_long,2018.0,frozen,,0.2812045491651616,0.24856426573077123,0.30991742949023865,35
use_entry,S_iu_long,2018.0,nonautonomous,hold,0.26734378239494666,0.2415783927292803,0.3093396026116937,35
use_entry,S_iu_long,2018.0,nonautonomous,mean5,0.26605880734389914,0.24364880205387052,0.3056178520093245,35
use_entry,S_iu_long,2018.0,nonautonomous,trend20,0.25624455730012174,0.20321256020942888,0.3615591386338639,35
use_entry,S_iu_long,2018.0,nonautonomous,trend50,0.24355685707098246,0.16541961971412933,0.46484280462938926,30
use_entry,S_iu_long,2019.0,frozen,,0.26717422904801175,0.24153985359482538,0.30907251108410294,35
use_entry,S_iu_long,2019.0,nonautonomous,hold,0.26717422904801175,0.24153985359482538,0.30907251108410294,35
use_entry,S_iu_long,2019.0,nonautonomous,mean5,0.26656278684825685,0.24366295777847635,0.3058178731954829,35
use_entry,S_iu_long,2019.0,nonautonomous,trend20,0.2568852748862982,0.20192750788892116,0.3633502730727145,35
use_entry,S_iu_long,2019.0,nonautonomous,trend50,0.24334950898253038,0.1634199360194311,0.4675429287416575,30
use_entry,S_scrap,1980.0,frozen,,1.0659964080690205,1.0607452670963082,1.0708130655938493,35
use_entry,S_scrap,1980.0,nonautonomous,hold,1.1427310553103387,1.1314975221070807,1.1611372981825727,35
use_entry,S_scrap,1980.0,nonautonomous,mean5,1.1434147519329068,1.1307803320239267,1.1584457912335888,35
use_entry,S_scrap,1980.0,nonautonomous,trend20,1.1336676512937343,1.1209815664725582,1.1721930542008976,35
use_entry,S_scrap,1980.0,nonautonomous,trend50,1.1303149263114214,1.1102155418391542,1.2140920922838814,30
use_entry,S_scrap,1981.0,frozen,,1.0742166854667918,1.0689932884117976,1.0808050550542023,35
use_entry,S_scrap,1981.0,nonautonomous,hold,1.1430597947501173,1.13076385725621,1.1612734290982918,35
use_entry,S_scrap,1981.0,nonautonomous,mean5,1.1437973518759834,1.130036439439693,1.158723172743689,35
use_entry,S_scrap,1981.0,nonautonomous,trend20,1.1339768681353548,1.1212058848143867,1.171884889842648,35
use_entry,S_scrap,1981.0,nonautonomous,trend50,1.1304224543294163,1.109707613227312,1.2167192180500443,30
use_entry,S_scrap,1982.0,frozen,,1.0901077739381209,1.083660246891064,1.0977641074153786,35
use_entry,S_scrap,1982.0,nonautonomous,hold,1.1452576305236433,1.1318562115624675,1.1632834528293743,35
use_entry,S_scrap,1982.0,nonautonomous,mean5,1.1457561605923807,1.131120623264047,1.1606818720349854,35
use_entry,S_scrap,1982.0,nonautonomous,trend20,1.1355188351946424,1.122306761477304,1.1736762523715778,35
use_entry,S_scrap,1982.0,nonautonomous,trend50,1.1319477317906792,1.1105139367366776,1.2187227588884424,30
use_entry,S_scrap,1983.0,frozen,,1.0753936542918283,1.0698987712671957,1.0820347994788377,35
use_entry,S_scrap,1983.0,nonautonomous,hold,1.1466494319338711,1.1328270306036294,1.1649219617105488,35
use_entry,S_scrap,1983.0,nonautonomous,mean5,1.1475553218851744,1.132090413635231,1.1623436417754702,35
use_entry,S_scrap,1983.0,nonautonomous,trend20,1.137222191764644,1.1236892605645936,1.1758285680542455,35
use_entry,S_scrap,1983.0,nonautonomous,trend50,1.1333541015974293,1.1114982999793466,1.2212675742832662,30
use_entry,S_scrap,1984.0,frozen,,1.0900139988088835,1.0851536707983125,1.0950418011067629,35
use_entry,S_scrap,1984.0,nonautonomous,hold,1.147779677522928,1.1338061260034031,1.1662694926304962,35
use_entry,S_scrap,1984.0,nonautonomous,mean5,1.1486374899028675,1.1330587016552982,1.163637781591269,35
use_entry,S_scrap,1984.0,nonautonomous,trend20,1.1378446250350456,1.1250419537079988,1.1781411657347056,35
use_entry,S_scrap,1984.0,nonautonomous,trend50,1.1343024312540368,1.1125637523270182,1.2243386477472398,30
use_entry,S_scrap,1985.0,frozen,,1.0713523273533534,1.0672276869063444,1.0782919258603547,35
use_entry,S_scrap,1985.0,nonautonomous,hold,1.1500489846364028,1.1362221396946104,1.1690281471864097,35
use_entry,S_scrap,1985.0,nonautonomous,mean5,1.150929384354888,1.1356086022770886,1.166221663476425,35
use_entry,S_scrap,1985.0,nonautonomous,trend20,1.141175945350181,1.1276384834373907,1.1807948313412906,35
use_entry,S_scrap,1985.0,nonautonomous,trend50,1.1370071448064476,1.1149365556451152,1.2287561398144162,30
use_entry,S_scrap,1986.0,frozen,,1.0343490927589711,1.0275268653977676,1.0436842123926817,35
use_entry,S_scrap,1986.0,nonautonomous,hold,1.153457114352089,1.1399713819226993,1.1731041372753124,35
use_entry,S_scrap,1986.0,nonautonomous,mean5,1.154895006169286,1.1394360422547285,1.1696668673085182,35
use_entry,S_scrap,1986.0,nonautonomous,trend20,1.1454447041618807,1.1311644528373646,1.184664425014077,35
use_entry,S_scrap,1986.0,nonautonomous,trend50,1.1408642549220556,1.1183084751780223,1.2335141080215881,30
use_entry,S_scrap,1987.0,frozen,,1.0196883099571805,1.0156455905327029,1.0261971742489613,35
use_entry,S_scrap,1987.0,nonautonomous,hold,1.1562961314287032,1.1431818993596665,1.177032491588605,35
use_entry,S_scrap,1987.0,nonautonomous,mean5,1.1583562550753037,1.1426954081822627,1.172566322327118,35
use_entry,S_scrap,1987.0,nonautonomous,trend20,1.1488086907435624,1.1338511759489711,1.1880595283531679,35
use_entry,S_scrap,1987.0,nonautonomous,trend50,1.1442379586286482,1.121135328026058,1.236675435110341,30
use_entry,S_scrap,1988.0,frozen,,1.0401326807403142,1.0372304534978234,1.0443131913808568,35
use_entry,S_scrap,1988.0,nonautonomous,hold,1.1578053867956775,1.1446552474843963,1.178659356293617,35
use_entry,S_scrap,1988.0,nonautonomous,mean5,1.159902338352389,1.1439551371391707,1.1734123870513704,35
use_entry,S_scrap,1988.0,nonautonomous,trend20,1.1499850116572188,1.13491647236507,1.1898378254993456,35
use_entry,S_scrap,1988.0,nonautonomous,trend50,1.1455215440210669,1.1219081576194556,1.2378940335627953,30
use_entry,S_scrap,1989.0,frozen,,1.0763863749988576,1.0717484780043836,1.0811439549097042,35
use_entry,S_scrap,1989.0,nonautonomous,hold,1.1566107446218186,1.1438230451656062,1.1788671170707214,35
use_entry,S_scrap,1989.0,nonautonomous,mean5,1.159346656598434,1.142990738022255,1.1731329437930482,35
use_entry,S_scrap,1989.0,nonautonomous,trend20,1.148468682533978,1.1340486930139702,1.1898224775725867,35
use_entry,S_scrap,1989.0,nonautonomous,trend50,1.1442465583612242,1.1203971894336453,1.2382187162272682,30
use_entry,S_scrap,1990.0,frozen,,1.13239143650036,1.129731728062653,1.138319330438291,35
use_entry,S_scrap,1990.0,nonautonomous,hold,1.155174556419227,1.1413149462367622,1.1780879170090113,35
use_entry,S_scrap,1990.0,nonautonomous,mean5,1.1568753689553566,1.140442193351849,1.1723056231972682,35
use_entry,S_scrap,1990.0,nonautonomous,trend20,1.1458406037923614,1.1311849803836864,1.1876932378529044,35
use_entry,S_scrap,1990.0,nonautonomous,trend50,1.141881950208897,1.1176501785092727,1.237323077458647,30
use_entry,S_scrap,1991.0,frozen,,1.0993671328472696,1.0936369169193028,1.10293393110385,35
use_entry,S_scrap,1991.0,nonautonomous,hold,1.1560354442940837,1.1411817302274816,1.17905564678258,35
use_entry,S_scrap,1991.0,nonautonomous,mean5,1.1565647948689024,1.1402804543718152,1.1733133800707105,35
use_entry,S_scrap,1991.0,nonautonomous,trend20,1.1461941361900312,1.130673114363157,1.1877876189399479,35
use_entry,S_scrap,1991.0,nonautonomous,trend50,1.1420098154989833,1.117307398036874,1.2393430035830293,30
use_entry,S_scrap,1992.0,frozen,,1.1165227685385204,1.1130927239126083,1.120808454888953,35
use_entry,S_scrap,1992.0,nonautonomous,hold,1.1584012505049253,1.1429704935665388,1.1821759170934194,35
use_entry,S_scrap,1992.0,nonautonomous,mean5,1.1583231096860591,1.142100179520457,1.1763419403964743,35
use_entry,S_scrap,1992.0,nonautonomous,trend20,1.1482885957975197,1.1323984481345157,1.1910162496008536,35
use_entry,S_scrap,1992.0,nonautonomous,trend50,1.143879422387874,1.1189283754003991,1.245105194079378,30
use_entry,S_scrap,1993.0,frozen,,1.0867021207938674,1.0815365942563848,1.0919296265025775,35
use_entry,S_scrap,1993.0,nonautonomous,hold,1.1615511859542067,1.1452774987409202,1.1858121339525787,35
use_entry,S_scrap,1993.0,nonautonomous,mean5,1.1617211192461943,1.1443238827564326,1.1798697443438524,35
use_entry,S_scrap,1993.0,nonautonomous,trend20,1.1509079962014461,1.134734953775975,1.1959086670620254,35
use_entry,S_scrap,1993.0,nonautonomous,trend50,1.1464431370983377,1.1209014406187847,1.2526950839237454,30
use_entry,S_scrap,1994.0,frozen,,1.076314567835911,1.0728006992354056,1.0803220557822621,35
use_entry,S_scrap,1994.0,nonautonomous,hold,1.165272298615164,1.1480603188142537,1.1898371677094044,35
use_entry,S_scrap,1994.0,nonautonomous,mean5,1.1661790747608634,1.1470877822377132,1.183958751158599,35
use_entry,S_scrap,1994.0,nonautonomous,trend20,1.1541356563724645,1.1373080708851506,1.2010881126475796,35
use_entry,S_scrap,1994.0,nonautonomous,trend50,1.1497150628278603,1.1230779907792716,1.259078611540792,30
use_entry,S_scrap,1995.0,frozen,,1.0831446254847683,1.078384274271064,1.08661673555209,35
use_entry,S_scrap,1995.0,nonautonomous,hold,1.1668378350532165,1.148643071943235,1.19164195054378,35
use_entry,S_scrap,1995.0,nonautonomous,mean5,1.1683537313666736,1.1476440691484489,1.1859647151176351,35
use_entry,S_scrap,1995.0,nonautonomous,trend20,1.1557481923433852,1.1376137905893475,1.2043191771451358,35
use_entry,S_scrap,1995.0,nonautonomous,trend50,1.150550062176939,1.1230598694994844,1.2613616951430078,30
use_entry,S_scrap,1996.0,frozen,,1.0987431463907005,1.0963108973951528,1.1036678937135915,35
use_entry,S_scrap,1996.0,nonautonomous,hold,1.1676419376703253,1.1484473244993554,1.1925938588167542,35
use_entry,S_scrap,1996.0,nonautonomous,mean5,1.1686671050408282,1.1473922816540483,1.1872352934684904,35
use_entry,S_scrap,1996.0,nonautonomous,trend20,1.1557839592695338,1.13690199804144,1.2059548861952052,35
use_entry,S_scrap,1996.0,nonautonomous,trend50,1.1505257888913385,1.1222363431393008,1.263171346307001,30
use_entry,S_scrap,1997.0,frozen,,1.124344852392925,1.1156719012674619,1.1306691827167046,35
use_entry,S_scrap,1997.0,nonautonomous,hold,1.1690433225084265,1.1496223511843702,1.1948325921084142,35
use_entry,S_scrap,1997.0,nonautonomous,mean5,1.1696002163792918,1.148705619771278,1.1896910829644425,35
use_entry,S_scrap,1997.0,nonautonomous,trend20,1.157233782896754,1.1372898664660955,1.2091254008124064,35
use_entry,S_scrap,1997.0,nonautonomous,trend50,1.1520975081363183,1.1225318169654495,1.2683830077139289,30
use_entry,S_scrap,1998.0,frozen,,1.110274668767345,1.1018021921752568,1.1158567616168062,35
use_entry,S_scrap,1998.0,nonautonomous,hold,1.1726789734623595,1.1526012352763084,1.1992183860237935,35
use_entry,S_scrap,1998.0,nonautonomous,mean5,1.1723473994041118,1.1520467787972066,1.1941575942876637,35
use_entry,S_scrap,1998.0,nonautonomous,trend20,1.1602491567939974,1.1401963646525677,1.2138752311920833,35
use_entry,S_scrap,1998.0,nonautonomous,trend50,1.1554132876839587,1.1249498571625565,1.2761097841158684,30
use_entry,S_scrap,1999.0,frozen,,1.0958230878783315,1.0893962346759556,1.102863572856483,35
use_entry,S_scrap,1999.0,nonautonomous,hold,1.1785404426730024,1.1573275927928464,1.2063554329064388,35
use_entry,S_scrap,1999.0,nonautonomous,mean5,1.1780428668026435,1.1569311609235085,1.2010828035624468,35
use_entry,S_scrap,1999.0,nonautonomous,trend20,1.1657927328425262,1.144812174430649,1.220193665527996,35
use_entry,S_scrap,1999.0,nonautonomous,trend50,1.160747864263997,1.1292326561602781,1.2851339217629094,30
use_entry,S_scrap,2000.0,frozen,,1.1439600434408055,1.1362697089266807,1.153683144704488,35
use_entry,S_scrap,2000.0,nonautonomous,hold,1.183356739972505,1.1611063756461726,1.2122428979518354,35
use_entry,S_scrap,2000.0,nonautonomous,mean5,1.1834566704715408,1.1603056071665754,1.2064673767856138,35
use_entry,S_scrap,2000.0,nonautonomous,trend20,1.1707003471994857,1.1485079465937926,1.2259127432295283,35
use_entry,S_scrap,2000.0,nonautonomous,trend50,1.1649954150466963,1.1325822121689582,1.2931596340418077,30
use_entry,S_scrap,2001.0,frozen,,1.1820666755196712,1.176234913282171,1.1912737767410548,35
use_entry,S_scrap,2001.0,nonautonomous,hold,1.1864726440872355,1.163468469780189,1.2156851824035508,35
use_entry,S_scrap,2001.0,nonautonomous,mean5,1.185776114232503,1.1619420218365382,1.2095023101553517,35
use_entry,S_scrap,2001.0,nonautonomous,trend20,1.1734126049290388,1.1502929305743224,1.2298470612192642,35
use_entry,S_scrap,2001.0,nonautonomous,trend50,1.1673405277082374,1.1337930980321216,1.2997330832374088,30
use_entry,S_scrap,2002.0,frozen,,1.1689961348665512,1.1627435298636861,1.1821951044121417,35
use_entry,S_scrap,2002.0,nonautonomous,hold,1.188768478267725,1.1647127675540978,1.2174321162779875,35
use_entry,S_scrap,2002.0,nonautonomous,mean5,1.1873850158172838,1.1633747931945795,1.211095933018897,35
use_entry,S_scrap,2002.0,nonautonomous,trend20,1.1751390865668434,1.1512253681521947,1.2323455101578844,35
use_entry,S_scrap,2002.0,nonautonomous,trend50,1.168896979506723,1.13449519157149,1.3040707999879317,30
use_entry,S_scrap,2003.0,frozen,,1.1319963296997242,1.1227088538668135,1.146750498819674,35
use_entry,S_scrap,2003.0,nonautonomous,hold,1.190739225782801,1.1667018920098629,1.2192594408069746,35
use_entry,S_scrap,2003.0,nonautonomous,mean5,1.189999441042635,1.1654074818923288,1.2131740879872344,35
use_entry,S_scrap,2003.0,nonautonomous,trend20,1.177051670562438,1.1528014700496478,1.2358743944950858,35
use_entry,S_scrap,2003.0,nonautonomous,trend50,1.170945601112721,1.135520604853979,1.3075719940883825,30
use_entry,S_scrap,2004.0,frozen,,1.1520114963086665,1.1384853417605458,1.167460914998765,35
use_entry,S_scrap,2004.0,nonautonomous,hold,1.1922021566923586,1.167229270541651,1.2193569654604142,35
use_entry,S_scrap,2004.0,nonautonomous,mean5,1.1907929043153105,1.1659754627931749,1.2138484777201697,35
use_entry,S_scrap,2004.0,nonautonomous,trend20,1.1770115252358593,1.152570736888249,1.2395129060370467,35
use_entry,S_scrap,2004.0,nonautonomous,trend50,1.1712411706539463,1.1348642519494159,1.3093318688679356,30
use_entry,S_scrap,2005.0,frozen,,1.1737267634873985,1.1627070682340022,1.182631719440965,35
use_entry,S_scrap,2005.0,nonautonomous,hold,1.1906461476319972,1.1654012089298456,1.217337858678913,35
use_entry,S_scrap,2005.0,nonautonomous,mean5,1.1890786509291535,1.1640004812504108,1.2125961384476702,35
use_entry,S_scrap,2005.0,nonautonomous,trend20,1.1748355082903186,1.1490034377417433,1.242019373838512,35
use_entry,S_scrap,2005.0,nonautonomous,trend50,1.1691171847450548,1.1324868491319535,1.309039858189076,30
use_entry,S_scrap,2006.0,frozen,,1.1896293187198628,1.1749883673499428,1.2184511957856112,35
use_entry,S_scrap,2006.0,nonautonomous,hold,1.1869205513956709,1.1620985250424771,1.2165123629592987,35
use_entry,S_scrap,2006.0,nonautonomous,mean5,1.1865752821472382,1.1596061818000698,1.2121420718107712,35
use_entry,S_scrap,2006.0,nonautonomous,trend20,1.1715261107155004,1.1459249270984069,1.2406011896191957,35
use_entry,S_scrap,2006.0,nonautonomous,trend50,1.1658764886370199,1.1289038579023194,1.3092216921155848,30
use_entry,S_scrap,2007.0,frozen,,1.213146443579398,1.197098699642629,1.2401085041592812,35
use_entry,S_scrap,2007.0,nonautonomous,hold,1.1813386532633714,1.1571243313975235,1.2097004806804628,35
use_entry,S_scrap,2007.0,nonautonomous,mean5,1.1822105391973752,1.1543783957062241,1.209783847340662,35
use_entry,S_scrap,2007.0,nonautonomous,trend20,1.1639906840879222,1.1403874647534125,1.237576545891916,35
use_entry,S_scrap,2007.0,nonautonomous,trend50,1.1603874800497536,1.1228711191222265,1.311197634961085,30
use_entry,S_scrap,2008.0,frozen,,1.2413589789371735,1.187898055179325,1.2890430563582989,35
use_entry,S_scrap,2008.0,nonautonomous,hold,1.1757653470778129,1.147983247235356,1.2020407637572965,35
use_entry,S_scrap,2008.0,nonautonomous,mean5,1.1763061561698738,1.1476884079881087,1.2032724754216226,35
use_entry,S_scrap,2008.0,nonautonomous,trend20,1.159712836840609,1.1332868634842157,1.2330500118626486,35
use_entry,S_scrap,2008.0,nonautonomous,trend50,1.1546584868688967,1.111935312475029,1.3077772013649218,30
use_entry,S_scrap,2009.0,frozen,,1.2064862824223006,1.16613895356606,1.2552429592789012,35
use_entry,S_scrap,2009.0,nonautonomous,hold,1.1721594555938504,1.1449255630654347,1.2024578944572872,35
use_entry,S_scrap,2009.0,nonautonomous,mean5,1.1748248546866324,1.1435225046251476,1.1995508844286227,35
use_entry,S_scrap,2009.0,nonautonomous,trend20,1.1579794919041204,1.1269808284083864,1.2317629426133374,35
use_entry,S_scrap,2009.0,nonautonomous,trend50,1.1530503818135003,1.1062722464276584,1.3051646322166073,30
use_entry,S_scrap,2010.0,frozen,,1.1589241140057047,1.1430260264363696,1.1926295611715414,35
use_entry,S_scrap,2010.0,nonautonomous,hold,1.1722628270356297,1.1437351104763835,1.1999042522989458,35
use_entry,S_scrap,2010.0,nonautonomous,mean5,1.1719285820720096,1.142334124769008,1.2004161689876875,35
use_entry,S_scrap,2010.0,nonautonomous,trend20,1.156315280764859,1.1237450466385557,1.2332243081880474,35
use_entry,S_scrap,2010.0,nonautonomous,trend50,1.151322140005918,1.1039032870609302,1.3094486846909072,30
use_entry,S_scrap,2011.0,frozen,,1.1749703285080035,1.135640022607051,1.2079858986833696,35
use_entry,S_scrap,2011.0,nonautonomous,hold,1.170053190582516,1.1409717464819205,1.1959639312552603,35
use_entry,S_scrap,2011.0,nonautonomous,mean5,1.1685284884135165,1.1393447095143607,1.1972989898219097,35
use_entry,S_scrap,2011.0,nonautonomous,trend20,1.1533130639650784,1.120838194665411,1.2310633441809729,35
use_entry,S_scrap,2011.0,nonautonomous,trend50,1.1475483830914288,1.0996072547976181,1.30953312559217,30
use_entry,S_scrap,2012.0,frozen,,1.175579345006566,1.1471231841304714,1.2044272759335268,35
use_entry,S_scrap,2012.0,nonautonomous,hold,1.1660749224809035,1.1383513768265867,1.1962161320454197,35
use_entry,S_scrap,2012.0,nonautonomous,mean5,1.1660833346625021,1.1385486246139047,1.1950870044751825,35
use_entry,S_scrap,2012.0,nonautonomous,trend20,1.1500862569721655,1.1175640250219394,1.229230386529825,35
use_entry,S_scrap,2012.0,nonautonomous,trend50,1.1456752900166893,1.096278115185929,1.3076654278370587,30
use_entry,S_scrap,2013.0,frozen,,1.1825945015953265,1.1467581176936301,1.2003418849371568,35
use_entry,S_scrap,2013.0,nonautonomous,hold,1.1619104483463472,1.135737390999863,1.193558997876,35
use_entry,S_scrap,2013.0,nonautonomous,mean5,1.1618724751072138,1.1361566740576783,1.191122052115048,35
use_entry,S_scrap,2013.0,nonautonomous,trend20,1.1461128493924186,1.1111361975559886,1.2276244445682187,35
use_entry,S_scrap,2013.0,nonautonomous,trend50,1.1425486979880772,1.0904211414995477,1.3044225407155412,30
use_entry,S_scrap,2014.0,frozen,,1.184560927954534,1.1480858153858637,1.2077251887167149,35
use_entry,S_scrap,2014.0,nonautonomous,hold,1.1588191664734446,1.132744864987809,1.1899272954418643,35
use_entry,S_scrap,2014.0,nonautonomous,mean5,1.157719264668462,1.1332837538530254,1.1869364853906799,35
use_entry,S_scrap,2014.0,nonautonomous,trend20,1.1419213625329376,1.1046644120490325,1.2271554375891491,35
use_entry,S_scrap,2014.0,nonautonomous,trend50,1.1390001692773275,1.0845171888879261,1.3011435628507453,30
use_entry,S_scrap,2015.0,frozen,,1.1774354062042847,1.1421866301039791,1.208140141950623,35
use_entry,S_scrap,2015.0,nonautonomous,hold,1.1563294905061423,1.1301587422790038,1.1865283933343287,35
use_entry,S_scrap,2015.0,nonautonomous,mean5,1.1540791159650257,1.1311675186005479,1.1828558472619326,35
use_entry,S_scrap,2015.0,nonautonomous,trend20,1.1383357236702436,1.099742698233856,1.2273459999146248,35
use_entry,S_scrap,2015.0,nonautonomous,trend50,1.1363542640262034,1.079993170903337,1.2991174316723422,30
use_entry,S_scrap,2016.0,frozen,,1.152547891765637,1.1258251422905357,1.1818077925068755,35
use_entry,S_scrap,2016.0,nonautonomous,hold,1.1552544121261104,1.1289023795661128,1.1848076241500527,35
use_entry,S_scrap,2016.0,nonautonomous,mean5,1.1521589532435308,1.1302901529659866,1.1824830964322046,35
use_entry,S_scrap,2016.0,nonautonomous,trend20,1.1364722079240672,1.0975641079032803,1.228737765679845,35
use_entry,S_scrap,2016.0,nonautonomous,trend50,1.1352055552590887,1.077591760687862,1.3022296835689464,30
use_entry,S_scrap,2017.0,frozen,,1.1396160934556954,1.126655802069742,1.1684962336064624,35
use_entry,S_scrap,2017.0,nonautonomous,hold,1.1547440182056805,1.1278545707482373,1.1843347033405118,35
use_entry,S_scrap,2017.0,nonautonomous,mean5,1.1518373223494593,1.1296801533259901,1.1836302313456992,35
use_entry,S_scrap,2017.0,nonautonomous,trend20,1.135357249445123,1.0961836428371583,1.2299843410305298,35
use_entry,S_scrap,2017.0,nonautonomous,trend50,1.1341045089052957,1.0758326759859975,1.3049109270045653,30
use_entry,S_scrap,2018.0,frozen,,1.1624135984456518,1.1339164651350422,1.1883990704623684,35
use_entry,S_scrap,2018.0,nonautonomous,hold,1.1538665831609023,1.12728968127692,1.183993607270072,35
use_entry,S_scrap,2018.0,nonautonomous,mean5,1.1524648710980026,1.1289926190180029,1.1837312698646119,35
use_entry,S_scrap,2018.0,nonautonomous,trend20,1.1334258919685545,1.0934057443464034,1.2299441720018227,35
use_entry,S_scrap,2018.0,nonautonomous,trend50,1.131935307208012,1.0721760155379734,1.3038067512281792,30
use_entry,S_scrap,2019.0,frozen,,1.1536649223693631,1.1270243106680022,1.1845174773709934,35
use_entry,S_scrap,2019.0,nonautonomous,hold,1.1536649223693631,1.1270243106680022,1.1845174773709934,35
use_entry,S_scrap,2019.0,nonautonomous,mean5,1.1540075904590563,1.1300445421149012,1.1839311103488812,35
use_entry,S_scrap,2019.0,nonautonomous,trend20,1.1311651876175324,1.0896759758288967,1.2296435753450732,35
use_entry,S_scrap,2019.0,nonautonomous,trend50,1.1296106637906753,1.0671275374230489,1.3016848047040745,30
oldscrap_metallurgy,S_conc,1980.0,frozen,,0.05382204691903675,0.04925981583737042,0.05712668761116457,35
oldscrap_metallurgy,S_conc,1980.0,nonautonomous,hold,0.08936604006960999,0.08469934895959484,0.10039976430052577,35
oldscrap_metallurgy,S_conc,1980.0,nonautonomous,mean5,0.09052996828900542,0.08538743659320405,0.1004973451639089,35
oldscrap_metallurgy,S_conc,1980.0,nonautonomous,trend20,0.10636035115416315,0.0859923092454635,0.1287041492155173,35
oldscrap_metallurgy,S_conc,1980.0,nonautonomous,trend50,0.10566360070053492,0.08692566520298384,0.16839205790249595,30
oldscrap_metallurgy,S_conc,1981.0,frozen,,0.06460554936593307,0.06163708172921009,0.06729888567513126,35
oldscrap_metallurgy,S_conc,1981.0,nonautonomous,hold,0.0919282089845579,0.08532691518771279,0.10322221380708915,35
oldscrap_metallurgy,S_conc,1981.0,nonautonomous,mean5,0.0927139988431226,0.08613002921001342,0.1035072039716598,35
oldscrap_metallurgy,S_conc,1981.0,nonautonomous,trend20,0.10759440250801523,0.0870898092273601,0.1299605610389365,35
oldscrap_metallurgy,S_conc,1981.0,nonautonomous,trend50,0.10689692753728475,0.08788540103130742,0.1743174451757044,30
oldscrap_metallurgy,S_conc,1982.0,frozen,,0.07252327632231058,0.06889802995773717,0.07514551918760859,35
oldscrap_metallurgy,S_conc,1982.0,nonautonomous,hold,0.09019253096738732,0.08466373105755273,0.10322615317760234,35
oldscrap_metallurgy,S_conc,1982.0,nonautonomous,mean5,0.09238389430357963,0.08557884091210671,0.10367658416146322,35
oldscrap_metallurgy,S_conc,1982.0,nonautonomous,trend20,0.10639360040989995,0.08678506771474231,0.13153795670032054,35
oldscrap_metallurgy,S_conc,1982.0,nonautonomous,trend50,0.1064494816080063,0.08754208200667923,0.18019965407592428,30
oldscrap_metallurgy,S_conc,1983.0,frozen,,0.05788936897968498,0.0548535257610679,0.060041510692693936,35
oldscrap_metallurgy,S_conc,1983.0,nonautonomous,hold,0.09156971509198583,0.08525056913019355,0.1040668832777897,35
oldscrap_metallurgy,S_conc,1983.0,nonautonomous,mean5,0.09338419850454491,0.08682716883440836,0.10473040335359055,35
oldscrap_metallurgy,S_conc,1983.0,nonautonomous,trend20,0.10657299472805717,0.0877607697368689,0.13272198629768459,35
oldscrap_metallurgy,S_conc,1983.0,nonautonomous,trend50,0.10819129144163586,0.08920610855654912,0.1824134303719589,30
oldscrap_metallurgy,S_conc,1984.0,frozen,,0.06914838711645235,0.06671308086199687,0.07128638416954833,35
oldscrap_metallurgy,S_conc,1984.0,nonautonomous,hold,0.09345619062388993,0.08761107915764996,0.10472862416925423,35
oldscrap_metallurgy,S_conc,1984.0,nonautonomous,mean5,0.09465857346607938,0.08805545379916005,0.10621520011504418,35
oldscrap_metallurgy,S_conc,1984.0,nonautonomous,trend20,0.10893824607645491,0.08907074141734822,0.1331902789810901,35
oldscrap_metallurgy,S_conc,1984.0,nonautonomous,trend50,0.10896509189597661,0.09121744663786874,0.18212995748981314,30
oldscrap_metallurgy,S_conc,1985.0,frozen,,0.07988710238925409,0.07581216324667397,0.082268060210956,35
oldscrap_metallurgy,S_conc,1985.0,nonautonomous,hold,0.09144371807428271,0.08664570405765602,0.10372223711947931,35
oldscrap_metallurgy,S_conc,1985.0,nonautonomous,mean5,0.09361590036345464,0.08709335216540554,0.10521160151572552,35
oldscrap_metallurgy,S_conc,1985.0,nonautonomous,trend20,0.10869860045538753,0.08810882131303711,0.13318086285559785,35
oldscrap_metallurgy,S_conc,1985.0,nonautonomous,trend50,0.10832676540549842,0.08879660701531247,0.18728077050125652,30
oldscrap_metallurgy,S_conc,1986.0,frozen,,0.08591563427461427,0.08188421122186432,0.08822210819973479,35
oldscrap_metallurgy,S_conc,1986.0,nonautonomous,hold,0.08959938485650885,0.08403077321154619,0.10172010598308301,35
oldscrap_metallurgy,S_conc,1986.0,nonautonomous,mean5,0.09067177036572915,0.08424781988450493,0.10359925460994407,35
oldscrap_metallurgy,S_conc,1986.0,nonautonomous,trend20,0.10471331574701138,0.08496917995553896,0.1300490449316249,35
oldscrap_metallurgy,S_conc,1986.0,nonautonomous,trend50,0.1066391591520741,0.08664948685580562,0.18738139015447192,30
oldscrap_metallurgy,S_conc,1987.0,frozen,,0.0501496152346375,0.0478126454692,0.05230934076991932,35
oldscrap_metallurgy,S_conc,1987.0,nonautonomous,hold,0.08840221826260422,0.08274531704498199,0.10161156427861669,35
oldscrap_metallurgy,S_conc,1987.0,nonautonomous,mean5,0.09001966714175536,0.0832175669277113,0.10278974992389674,35
oldscrap_metallurgy,S_conc,1987.0,nonautonomous,trend20,0.1034159387802466,0.08368724229912984,0.13142556363902466,35
oldscrap_metallurgy,S_conc,1987.0,nonautonomous,trend50,0.10624368239811674,0.08613581377816337,0.18257066006886352,30
oldscrap_metallurgy,S_conc,1988.0,frozen,,0.04007481813233412,0.03861977431564101,0.041007577442862306,35
oldscrap_metallurgy,S_conc,1988.0,nonautonomous,hold,0.09273422783187349,0.08548157456281798,0.10457878492936487,35
oldscrap_metallurgy,S_conc,1988.0,nonautonomous,mean5,0.09413996238337895,0.08664262345292889,0.10647015455699016,35
oldscrap_metallurgy,S_conc,1988.0,nonautonomous,trend20,0.10851043541201305,0.08678829267821825,0.13422183568819107,35
oldscrap_metallurgy,S_conc,1988.0,nonautonomous,trend50,0.10976226496477062,0.08923478230283373,0.18556308153156825,30
oldscrap_metallurgy,S_conc,1989.0,frozen,,0.046378791296426705,0.04532525132977665,0.04745921989062351,35
oldscrap_metallurgy,S_conc,1989.0,nonautonomous,hold,0.10009098052475796,0.09186892014983825,0.11020577571583809,35
oldscrap_metallurgy,S_conc,1989.0,nonautonomous,mean5,0.10069144679831789,0.09328594634857183,0.11334769601934758,35
oldscrap_metallurgy,S_conc,1989.0,nonautonomous,trend20,0.11667844372033984,0.0936545359701374,0.13702877960996163,35
oldscrap_metallurgy,S_conc,1989.0,nonautonomous,trend50,0.11569712456975269,0.09655786335433435,0.1889959388571107,30
oldscrap_metallurgy,S_conc,1990.0,frozen,,0.07725669314959922,0.07580046457011763,0.07905588678356058,35
oldscrap_metallurgy,S_conc,1990.0,nonautonomous,hold,0.10297574121575653,0.09628529103502725,0.1140031299892599,35
oldscrap_metallurgy,S_conc,1990.0,nonautonomous,mean5,0.10379034169385956,0.09755859644191027,0.11843490361496274,35
oldscrap_metallurgy,S_conc,1990.0,nonautonomous,trend20,0.12112742989084797,0.09776129086419239,0.14327509742594458,35
oldscrap_metallurgy,S_conc,1990.0,nonautonomous,trend50,0.12033966376855665,0.10093862425138608,0.1994920062161078,30
oldscrap_metallurgy,S_conc,1991.0,frozen,,0.08803738823833372,0.08601802445044082,0.0913221875444122,35
oldscrap_metallurgy,S_conc,1991.0,nonautonomous,hold,0.1018642100593736,0.09532783214176843,0.11417105430375094,35
oldscrap_metallurgy,S_conc,1991.0,nonautonomous,mean5,0.10390301737024285,0.09700306738486589,0.11820083983463181,35
oldscrap_metallurgy,S_conc,1991.0,nonautonomous,trend20,0.12161116537654124,0.09746663812322313,0.14475294595584048,35
oldscrap_metallurgy,S_conc,1991.0,nonautonomous,trend50,0.12153161689787656,0.09994985460590547,0.20556292746788613,30
oldscrap_metallurgy,S_conc,1992.0,frozen,,0.08170762606337906,0.07994639372328402,0.08388640524441532,35
oldscrap_metallurgy,S_conc,1992.0,nonautonomous,hold,0.10223903986307672,0.095875509272285,0.11505702018196176,35
oldscrap_metallurgy,S_conc,1992.0,nonautonomous,mean5,0.10474241318862355,0.09776985537971544,0.11819143481610558,35
oldscrap_metallurgy,S_conc,1992.0,nonautonomous,trend20,0.12363370930474224,0.09723989948839433,0.14747419083885407,35
oldscrap_metallurgy,S_conc,1992.0,nonautonomous,trend50,0.1227074776272481,0.09991419228519965,0.20901346126141251,30
oldscrap_metallurgy,S_conc,1993.0,frozen,,0.0814512084983382,0.07838534236279782,0.08431066592739157,35
oldscrap_metallurgy,S_conc,1993.0,nonautonomous,hold,0.10194819890722984,0.09672581112146811,0.11607305795332548,35
oldscrap_metallurgy,S_conc,1993.0,nonautonomous,mean5,0.1043592642552307,0.09728225509618232,0.11909627555956073,35
oldscrap_metallurgy,S_conc,1993.0,nonautonomous,trend20,0.12364394247170436,0.09726530310294737,0.15077000359841475,35
oldscrap_metallurgy,S_conc,1993.0,nonautonomous,trend50,0.12341040763272326,0.10039783284847405,0.2114058167901659,30
oldscrap_metallurgy,S_conc,1994.0,frozen,,0.06697381826548077,0.06481725127134089,0.0693888702839296,35
oldscrap_metallurgy,S_conc,1994.0,nonautonomous,hold,0.10360314908273036,0.09766677086203335,0.11915427948009485,35
oldscrap_metallurgy,S_conc,1994.0,nonautonomous,mean5,0.1061408199696254,0.09845415369228822,0.12157824317619251,35
oldscrap_metallurgy,S_conc,1994.0,nonautonomous,trend20,0.12467446326656369,0.098476669331534,0.15518536149594536,35
oldscrap_metallurgy,S_conc,1994.0,nonautonomous,trend50,0.12628155041842057,0.10156428275653273,0.21578144186851717,30
oldscrap_metallurgy,S_conc,1995.0,frozen,,0.06894720961965828,0.06729418879455196,0.07153814868787606,35
oldscrap_metallurgy,S_conc,1995.0,nonautonomous,hold,0.10788981753065696,0.09995101669312828,0.12362116355540409,35
oldscrap_metallurgy,S_conc,1995.0,nonautonomous,mean5,0.11036122409588714,0.10231818112395147,0.12589744911513434,35
oldscrap_metallurgy,S_conc,1995.0,nonautonomous,trend20,0.13126312560583103,0.10188657423230342,0.15908706969136152,35
oldscrap_metallurgy,S_conc,1995.0,nonautonomous,trend50,0.13099921100321776,0.10439517167564263,0.2202654828961732,30
oldscrap_metallurgy,S_conc,1996.0,frozen,,0.08881256006304063,0.08415020161843448,0.09029165370414483,35
oldscrap_metallurgy,S_conc,1996.0,nonautonomous,hold,0.11053154386146397,0.10234313047989377,0.12608296332711166,35
oldscrap_metallurgy,S_conc,1996.0,nonautonomous,mean5,0.11315018614671926,0.1048413746676467,0.1295998360313086,35
oldscrap_metallurgy,S_conc,1996.0,nonautonomous,trend20,0.13632503645571328,0.10458669806523674,0.16334861992382377,35
oldscrap_metallurgy,S_conc,1996.0,nonautonomous,trend50,0.1347535052933178,0.10701226197577095,0.22758625777992747,30
oldscrap_metallurgy,S_conc,1997.0,frozen,,0.09483023761168084,0.09197397560869874,0.09792958766065413,35
oldscrap_metallurgy,S_conc,1997.0,nonautonomous,hold,0.11209630280033114,0.10457908032825888,0.12869166003313692,35
oldscrap_metallurgy,S_conc,1997.0,nonautonomous,mean5,0.11448757268544704,0.1065255917852474,0.13227056740710721,35
oldscrap_metallurgy,S_conc,1997.0,nonautonomous,trend20,0.1385694248767025,0.1066493417419733,0.1671923717589051,35
oldscrap_metallurgy,S_conc,1997.0,nonautonomous,trend50,0.13691664397054942,0.10997428405407975,0.23757434772730227,30
oldscrap_metallurgy,S_conc,1998.0,frozen,,0.11937604250877293,0.11367929943342606,0.12250946817589811,35
oldscrap_metallurgy,S_conc,1998.0,nonautonomous,hold,0.11149436389625056,0.10327489074503007,0.12794940859618623,35
oldscrap_metallurgy,S_conc,1998.0,nonautonomous,mean5,0.11276407126023305,0.10513702475436112,0.13063802461186344,35
oldscrap_metallurgy,S_conc,1998.0,nonautonomous,trend20,0.1379955307530941,0.10562399914360895,0.1666627750922239,35
oldscrap_metallurgy,S_conc,1998.0,nonautonomous,trend50,0.1351760889143092,0.10866044323792713,0.23737716369888331,30
oldscrap_metallurgy,S_conc,1999.0,frozen,,0.09396519802042312,0.09142037768024452,0.09591885384950335,35
oldscrap_metallurgy,S_conc,1999.0,nonautonomous,hold,0.11118849951743143,0.1009432801885213,0.12772829889813356,35
oldscrap_metallurgy,S_conc,1999.0,nonautonomous,mean5,0.11236774087630869,0.10407784071914168,0.13079287524005073,35
oldscrap_metallurgy,S_conc,1999.0,nonautonomous,trend20,0.13519202028248667,0.10320813137739918,0.16957975610017562,35
oldscrap_metallurgy,S_conc,1999.0,nonautonomous,trend50,0.1351149699980161,0.10709671862621663,0.23789845481769195,30
oldscrap_metallurgy,S_conc,2000.0,frozen,,0.08956442662016093,0.08637977190736314,0.09272106942784458,35
oldscrap_metallurgy,S_conc,2000.0,nonautonomous,hold,0.11721284500385068,0.10740347499759126,0.1342886499867436,35
oldscrap_metallurgy,S_conc,2000.0,nonautonomous,mean5,0.11824589288675083,0.10994264087491148,0.1377536923096934,35
oldscrap_metallurgy,S_conc,2000.0,nonautonomous,trend20,0.14103839268240553,0.10983141667877797,0.1780005638973373,35
oldscrap_metallurgy,S_conc,2000.0,nonautonomous,trend50,0.14554233995785962,0.11361362238532985,0.2491740057640181,30
oldscrap_metallurgy,S_conc,2001.0,frozen,,0.13850912895573678,0.13304760634124957,0.14192228985366984,35
oldscrap_metallurgy,S_conc,2001.0,nonautonomous,hold,0.11940002700352471,0.10860574682339244,0.1372939052514151,35
oldscrap_metallurgy,S_conc,2001.0,nonautonomous,mean5,0.12063497027533329,0.11169501521201954,0.1402945516867704,35
oldscrap_metallurgy,S_conc,2001.0,nonautonomous,trend20,0.1466080857762881,0.11172711064444293,0.18253117669482585,35
oldscrap_metallurgy,S_conc,2001.0,nonautonomous,trend50,0.15032349008504495,0.11537198341253933,0.2573630215074974,30
oldscrap_metallurgy,S_conc,2002.0,frozen,,0.13667108653016213,0.1300227922197763,0.14194017230868156,35
oldscrap_metallurgy,S_conc,2002.0,nonautonomous,hold,0.11842329846268135,0.10266501759098542,0.1353900661293016,35
oldscrap_metallurgy,S_conc,2002.0,nonautonomous,mean5,0.1168284680045026,0.10517879164624601,0.13594328877745016,35
oldscrap_metallurgy,S_conc,2002.0,nonautonomous,trend20,0.1455447524535776,0.1069255967320121,0.18269140342589496,35
oldscrap_metallurgy,S_conc,2002.0,nonautonomous,trend50,0.14668491625245955,0.10873577395290318,0.25586314214587763,30
oldscrap_metallurgy,S_conc,2003.0,frozen,,0.11498981267611783,0.10779258010956008,0.12063064217988917,35
oldscrap_metallurgy,S_conc,2003.0,nonautonomous,hold,0.11604088304900896,0.09908042856839575,0.1333964630558233,35
oldscrap_metallurgy,S_conc,2003.0,nonautonomous,mean5,0.1157080212825293,0.10035506936604816,0.13308763375891014,35
oldscrap_metallurgy,S_conc,2003.0,nonautonomous,trend20,0.14300726163899807,0.10249516009350508,0.1822358962655374,35
oldscrap_metallurgy,S_conc,2003.0,nonautonomous,trend50,0.14341864947402522,0.10629823758398199,0.25389863494841713,30
oldscrap_metallurgy,S_conc,2004.0,frozen,,0.09922312025529749,0.0941713540097108,0.10480997507398379,35
oldscrap_metallurgy,S_conc,2004.0,nonautonomous,hold,0.11463586102786331,0.09766494068291107,0.13059185229961484,35
oldscrap_metallurgy,S_conc,2004.0,nonautonomous,mean5,0.11610795121331828,0.09938109250996396,0.13220372486511367,35
oldscrap_metallurgy,S_conc,2004.0,nonautonomous,trend20,0.14338141586670555,0.10168243477606262,0.18356802767006053,35
oldscrap_metallurgy,S_conc,2004.0,nonautonomous,trend50,0.14323102305247948,0.10508710272829963,0.2551593986198891,30
oldscrap_metallurgy,S_conc,2005.0,frozen,,0.11040962487948217,0.10371515106449737,0.11977316773296116,35
oldscrap_metallurgy,S_conc,2005.0,nonautonomous,hold,0.11304175074541617,0.09679781141710385,0.12948021032635326,35
oldscrap_metallurgy,S_conc,2005.0,nonautonomous,mean5,0.11438558746436779,0.10002363603467632,0.13332707975856994,35
oldscrap_metallurgy,S_conc,2005.0,nonautonomous,trend20,0.1449907849313699,0.1020001115474695,0.18575152288613656,35
oldscrap_metallurgy,S_conc,2005.0,nonautonomous,trend50,0.14354050695371373,0.10565768481291606,0.25646279443543823,30
oldscrap_metallurgy,S_conc,2006.0,frozen,,0.09952685225628458,0.09406188007587668,0.1059537318707757,35
oldscrap_metallurgy,S_conc,2006.0,nonautonomous,hold,0.11080646524635002,0.0967338411786838,0.1309716197288074,35
oldscrap_metallurgy,S_conc,2006.0,nonautonomous,mean5,0.1131105071365513,0.09697196915713859,0.13428866561203406,35
oldscrap_metallurgy,S_conc,2006.0,nonautonomous,trend20,0.14836241349364612,0.10031337476194094,0.19005057865421926,35
oldscrap_metallurgy,S_conc,2006.0,nonautonomous,trend50,0.14523517558595453,0.10351996404209896,0.2612609073131812,30
oldscrap_metallurgy,S_conc,2007.0,frozen,,0.09912425036811191,0.08964739579781925,0.11383291013556894,35
oldscrap_metallurgy,S_conc,2007.0,nonautonomous,hold,0.11606400599983564,0.10240093150006546,0.1358295175506595,35
oldscrap_metallurgy,S_conc,2007.0,nonautonomous,mean5,0.11717993303137961,0.10445060797865087,0.13768432422513036,35
oldscrap_metallurgy,S_conc,2007.0,nonautonomous,trend20,0.15536953829219685,0.10395019064807928,0.19096416585883572,35
oldscrap_metallurgy,S_conc,2007.0,nonautonomous,trend50,0.1499892930000492,0.10640005458657925,0.2660114922446934,30
oldscrap_metallurgy,S_conc,2008.0,frozen,,0.11491150647949777,0.09588788667529184,0.14074178261678638,35
oldscrap_metallurgy,S_conc,2008.0,nonautonomous,hold,0.12170755307035627,0.10418355281133,0.1386426990222477,35
oldscrap_metallurgy,S_conc,2008.0,nonautonomous,mean5,0.12013405579751138,0.11008030433587623,0.14633627990348563,35
oldscrap_metallurgy,S_conc,2008.0,nonautonomous,trend20,0.1595161845625378,0.10684137691286656,0.19567849155079908,35
oldscrap_metallurgy,S_conc,2008.0,nonautonomous,trend50,0.15456820422484996,0.10872603279654658,0.27315127838987463,30
oldscrap_metallurgy,S_conc,2009.0,frozen,,0.15571411408896896,0.12491498442881768,0.1805616117224258,35
oldscrap_metallurgy,S_conc,2009.0,nonautonomous,hold,0.1169879244586626,0.10042558450907925,0.13846178308465315,35
oldscrap_metallurgy,S_conc,2009.0,nonautonomous,mean5,0.11544203847824036,0.10287226537205482,0.14543665644869452,35
oldscrap_metallurgy,S_conc,2009.0,nonautonomous,trend20,0.1612346393809187,0.10258280124836142,0.19213185536441613,35
oldscrap_metallurgy,S_conc,2009.0,nonautonomous,trend50,0.15153317869857397,0.10425099903383446,0.27277286495194975,30
oldscrap_metallurgy,S_conc,2010.0,frozen,,0.0879135497559308,0.07793361912344995,0.10332646536596496,35
oldscrap_metallurgy,S_conc,2010.0,nonautonomous,hold,0.11579868762087366,0.09810828419954948,0.13586796059857598,35
oldscrap_metallurgy,S_conc,2010.0,nonautonomous,mean5,0.1140788228490784,0.10044483490450838,0.14247394457456133,35
oldscrap_metallurgy,S_conc,2010.0,nonautonomous,trend20,0.15434961404268396,0.10111238316577192,0.19310305840466563,35
oldscrap_metallurgy,S_conc,2010.0,nonautonomous,trend50,0.14782118266670352,0.10482040074384612,0.2683452075057615,30
oldscrap_metallurgy,S_conc,2011.0,frozen,,0.10144543352421329,0.09306152044270383,0.12079904912213613,35
oldscrap_metallurgy,S_conc,2011.0,nonautonomous,hold,0.11936914217461689,0.10234667560748092,0.14116302594616612,35
oldscrap_metallurgy,S_conc,2011.0,nonautonomous,mean5,0.121635592915375,0.10489964357489433,0.14720243125716695,35
oldscrap_metallurgy,S_conc,2011.0,nonautonomous,trend20,0.15851061657065188,0.10559459403772478,0.19903371934192698,35
oldscrap_metallurgy,S_conc,2011.0,nonautonomous,trend50,0.15222750823652678,0.10849517861608035,0.2798816639313313,30
oldscrap_metallurgy,S_conc,2012.0,frozen,,0.11621664298183176,0.10452903862237631,0.14465565560754046,35
oldscrap_metallurgy,S_conc,2012.0,nonautonomous,hold,0.12120194526008705,0.10203742425317405,0.14324883985790904,35
oldscrap_metallurgy,S_conc,2012.0,nonautonomous,mean5,0.12455982281046123,0.10628281484881578,0.14865453651078592,35
oldscrap_metallurgy,S_conc,2012.0,nonautonomous,trend20,0.1596954025488104,0.10638825307952603,0.20371715012491284,35
oldscrap_metallurgy,S_conc,2012.0,nonautonomous,trend50,0.15326632756725247,0.10738994843279955,0.2862301916291375,30
oldscrap_metallurgy,S_conc,2013.0,frozen,,0.11416522958189858,0.1051684261725497,0.13958251092986063,35
oldscrap_metallurgy,S_conc,2013.0,nonautonomous,hold,0.12257417340681723,0.1016761337720972,0.14449780633429052,35
oldscrap_metallurgy,S_conc,2013.0,nonautonomous,mean5,0.12445612518959304,0.10789734711027987,0.14989295925488932,35
oldscrap_metallurgy,S_conc,2013.0,nonautonomous,trend20,0.1616483782904226,0.10474108474182259,0.20660857901163104,35
oldscrap_metallurgy,S_conc,2013.0,nonautonomous,trend50,0.15453698743976696,0.10718694599922884,0.2923527681686128,30
oldscrap_metallurgy,S_conc,2014.0,frozen,,0.1228988009206737,0.10922329830092087,0.14629788154313444,35
oldscrap_metallurgy,S_conc,2014.0,nonautonomous,hold,0.12458398978531549,0.10171607498653118,0.14702392468694556,35
oldscrap_metallurgy,S_conc,2014.0,nonautonomous,mean5,0.12253417918913932,0.10915519433743519,0.1521702706316448,35
oldscrap_metallurgy,S_conc,2014.0,nonautonomous,trend20,0.16803901292518247,0.10497349168407696,0.21012186278875675,35
oldscrap_metallurgy,S_conc,2014.0,nonautonomous,trend50,0.1577566413489932,0.1071913617561881,0.302406952271991,30
oldscrap_metallurgy,S_conc,2015.0,frozen,,0.13793700690183203,0.11361438026869684,0.1694727673515622,35
oldscrap_metallurgy,S_conc,2015.0,nonautonomous,hold,0.12150663207737723,0.10095473506176225,0.14666085587791722,35
oldscrap_metallurgy,S_conc,2015.0,nonautonomous,mean5,0.12012244201936394,0.10784979819544352,0.15143533428635758,35
oldscrap_metallurgy,S_conc,2015.0,nonautonomous,trend20,0.16783587983373785,0.10302968276483263,0.21069784855346668,35
oldscrap_metallurgy,S_conc,2015.0,nonautonomous,trend50,0.161823459908459,0.1040022001759082,0.31126133580966114,30
oldscrap_metallurgy,S_conc,2016.0,frozen,,0.1269206852128203,0.10733527331404902,0.15359878829820606,35
oldscrap_metallurgy,S_conc,2016.0,nonautonomous,hold,0.11860858228288435,0.09773854102522408,0.14380821136592617,35
oldscrap_metallurgy,S_conc,2016.0,nonautonomous,mean5,0.11537509254774239,0.1008228562290973,0.14478662305945056,35
oldscrap_metallurgy,S_conc,2016.0,nonautonomous,trend20,0.165455649294078,0.10066353245465376,0.2097631520486019,35
oldscrap_metallurgy,S_conc,2016.0,nonautonomous,trend50,0.15563178891634005,0.1027167784131022,0.3074445148377601,30
oldscrap_metallurgy,S_conc,2017.0,frozen,,0.1081002105976755,0.09216364084219636,0.13367942423554202,35
oldscrap_metallurgy,S_conc,2017.0,nonautonomous,hold,0.1199638356284088,0.09547475466570088,0.14416188871838953,35
oldscrap_metallurgy,S_conc,2017.0,nonautonomous,mean5,0.11449285686394636,0.0973409063173938,0.1459134243354775,35
oldscrap_metallurgy,S_conc,2017.0,nonautonomous,trend20,0.16226487308002976,0.10118093956131502,0.21312895466510012,35
oldscrap_metallurgy,S_conc,2017.0,nonautonomous,trend50,0.15146812017400826,0.10276312025532247,0.30922879369151646,30
oldscrap_metallurgy,S_conc,2018.0,frozen,,0.12121973221818244,0.09953246192705512,0.14807458057492295,35
oldscrap_metallurgy,S_conc,2018.0,nonautonomous,hold,0.12172583851021328,0.09601549523922237,0.14528191705396293,35
oldscrap_metallurgy,S_conc,2018.0,nonautonomous,mean5,0.11697585994103721,0.09874462927973376,0.14759795918412033,35
oldscrap_metallurgy,S_conc,2018.0,nonautonomous,trend20,0.16121797521264497,0.10189524719676796,0.21773224921786488,35
oldscrap_metallurgy,S_conc,2018.0,nonautonomous,trend50,0.15256014493117417,0.10367644300284053,0.3138734126916239,30
oldscrap_metallurgy,S_conc,2019.0,frozen,,0.12061791322984372,0.09637478570911875,0.14478606464359525,35
oldscrap_metallurgy,S_conc,2019.0,nonautonomous,hold,0.12061791322984372,0.09637478570911875,0.14478606464359525,35
oldscrap_metallurgy,S_conc,2019.0,nonautonomous,mean5,0.11928601638367074,0.10180943482510338,0.14811135112327015,35
oldscrap_metallurgy,S_conc,2019.0,nonautonomous,trend20,0.15859148453716676,0.10198033861442894,0.22255360685114384,35
oldscrap_metallurgy,S_conc,2019.0,nonautonomous,trend50,0.15623973251036363,0.10268971835302049,0.32111758430112136,30
oldscrap_metallurgy,S_ref,1980.0,frozen,,0.057563686544424314,0.05268429501323041,0.06109806161621878,35
oldscrap_metallurgy,S_ref,1980.0,nonautonomous,hold,0.09415820683881325,0.0887880976155477,0.10632612581098672,35
oldscrap_metallurgy,S_ref,1980.0,nonautonomous,mean5,0.0958804160533842,0.09057861436789501,0.10543407927580992,35
oldscrap_metallurgy,S_ref,1980.0,nonautonomous,trend20,0.11255538776589472,0.09096887434079984,0.13597449208321108,35
oldscrap_metallurgy,S_ref,1980.0,nonautonomous,trend50,0.11187958717924038,0.09231997401973092,0.17942656417237138,30
oldscrap_metallurgy,S_ref,1981.0,frozen,,0.06909684424163964,0.06592201254460972,0.07197741783436498,35
oldscrap_metallurgy,S_ref,1981.0,nonautonomous,hold,0.09818011867856484,0.09192988498971819,0.1099123899454706,35
oldscrap_metallurgy,S_ref,1981.0,nonautonomous,mean5,0.09901218145615637,0.0923327532517299,0.11065308609641797,35
oldscrap_metallurgy,S_ref,1981.0,nonautonomous,trend20,0.11512335513152112,0.0934480626972199,0.13854862186012867,35
oldscrap_metallurgy,S_ref,1981.0,nonautonomous,trend50,0.11436628805126747,0.09392468438130466,0.18332075600805148,30
oldscrap_metallurgy,S_ref,1982.0,frozen,,0.0775650014142359,0.07368773257511994,0.08036953923808404,35
oldscrap_metallurgy,S_ref,1982.0,nonautonomous,hold,0.09804942122713325,0.09130790050107747,0.11090107380946224,35
oldscrap_metallurgy,S_ref,1982.0,nonautonomous,mean5,0.09907941858304463,0.09194377596274383,0.11151220727293196,35
oldscrap_metallurgy,S_ref,1982.0,nonautonomous,trend20,0.1146797345444894,0.09316141155818408,0.14004453107128081,35
oldscrap_metallurgy,S_ref,1982.0,nonautonomous,trend50,0.11395758314170598,0.09334288800769051,0.19115307698062056,30
oldscrap_metallurgy,S_ref,1983.0,frozen,,0.06191376361463633,0.05866687247173037,0.06421551945742668,35
oldscrap_metallurgy,S_ref,1983.0,nonautonomous,hold,0.09619528284269446,0.08995280831638167,0.11069238174292825,35
oldscrap_metallurgy,S_ref,1983.0,nonautonomous,mean5,0.09874883851079941,0.09171214129903044,0.11008166035453652,35
oldscrap_metallurgy,S_ref,1983.0,nonautonomous,trend20,0.11292820237363375,0.0925612680268908,0.141743227771837,35
oldscrap_metallurgy,S_ref,1983.0,nonautonomous,trend50,0.11484331633413684,0.09410340322226977,0.19521816409452863,30
oldscrap_metallurgy,S_ref,1984.0,frozen,,0.07395549424219504,0.07135088862245653,0.0762421221064688,35
oldscrap_metallurgy,S_ref,1984.0,nonautonomous,hold,0.10052774612137576,0.0932711128371256,0.1121951751962222,35
oldscrap_metallurgy,S_ref,1984.0,nonautonomous,mean5,0.10143216510949726,0.09422354017076942,0.11329074586471269,35
oldscrap_metallurgy,S_ref,1984.0,nonautonomous,trend20,0.11550879504919459,0.09522441526639995,0.1423893722500153,35
oldscrap_metallurgy,S_ref,1984.0,nonautonomous,trend50,0.11684498183992315,0.09816983781481883,0.19466362431295414,30
oldscrap_metallurgy,S_ref,1985.0,frozen,,0.08544075121845354,0.08108252753654971,0.08798723017214546,35
oldscrap_metallurgy,S_ref,1985.0,nonautonomous,hold,0.09882271517662722,0.09336887625066023,0.11157405671977716,35
oldscrap_metallurgy,S_ref,1985.0,nonautonomous,mean5,0.10113937767856293,0.09384157379773675,0.1133124720594419,35
oldscrap_metallurgy,S_ref,1985.0,nonautonomous,trend20,0.11773730320494831,0.09508937130086362,0.14376994008875865,35
oldscrap_metallurgy,S_ref,1985.0,nonautonomous,trend50,0.11596987752592476,0.09620510719457734,0.19777295978285234,30
oldscrap_metallurgy,S_ref,1986.0,frozen,,0.09188837890333076,0.08757669649397251,0.09435519593554523,35
oldscrap_metallurgy,S_ref,1986.0,nonautonomous,hold,0.09723670322546366,0.09134274229096179,0.10978631575650737,35
oldscrap_metallurgy,S_ref,1986.0,nonautonomous,mean5,0.0979021155351291,0.09106603471222564,0.11227258459450135,35
oldscrap_metallurgy,S_ref,1986.0,nonautonomous,trend20,0.11370053225330216,0.0923797016783281,0.14024344588273968,35
oldscrap_metallurgy,S_ref,1986.0,nonautonomous,trend50,0.11530881355956424,0.09311227658917309,0.2032131798781974,30
oldscrap_metallurgy,S_ref,1987.0,frozen,,0.053635952122606946,0.05113651921839571,0.0559458190052613,35
oldscrap_metallurgy,S_ref,1987.0,nonautonomous,hold,0.09392100818683381,0.08750440746619642,0.1079663068557594,35
oldscrap_metallurgy,S_ref,1987.0,nonautonomous,mean5,0.0957994815594295,0.08862878725784641,0.10922474356083806,35
oldscrap_metallurgy,S_ref,1987.0,nonautonomous,trend20,0.10963322082329989,0.0885605805798689,0.13869229396954097,35
oldscrap_metallurgy,S_ref,1987.0,nonautonomous,trend50,0.11247929466050437,0.09202742845644318,0.19624927023040373,30
oldscrap_metallurgy,S_ref,1988.0,frozen,,0.04286076805597233,0.041304571460578615,0.04385837159664417,35
oldscrap_metallurgy,S_ref,1988.0,nonautonomous,hold,0.09603454202384568,0.08966693229046793,0.11015033865889101,35
oldscrap_metallurgy,S_ref,1988.0,nonautonomous,mean5,0.09809007723941159,0.09043190442716723,0.11140965888804949,35
oldscrap_metallurgy,S_ref,1988.0,nonautonomous,trend20,0.11270476526740554,0.09094140949740732,0.14357178817885863,35
oldscrap_metallurgy,S_ref,1988.0,nonautonomous,trend50,0.11569404510758151,0.09333048823100112,0.19425547698287257,30
oldscrap_metallurgy,S_ref,1989.0,frozen,,0.049602985343771874,0.04847620463077716,0.05075852394719091,35
oldscrap_metallurgy,S_ref,1989.0,nonautonomous,hold,0.10479999407880111,0.09487700709957475,0.11516745719684555,35
oldscrap_metallurgy,S_ref,1989.0,nonautonomous,mean5,0.10591458911768925,0.09678895732011378,0.11775682120202191,35
oldscrap_metallurgy,S_ref,1989.0,nonautonomous,trend20,0.12217563482303981,0.09688801232830667,0.14519453385766143,35
oldscrap_metallurgy,S_ref,1989.0,nonautonomous,trend50,0.1208688405661694,0.09976904850335525,0.19741175913349274,30
oldscrap_metallurgy,S_ref,1990.0,frozen,,0.08262747930438416,0.0810700155830135,0.08455175057065302,35
oldscrap_metallurgy,S_ref,1990.0,nonautonomous,hold,0.11032406970876303,0.10300655680123542,0.12205481562049075,35
oldscrap_metallurgy,S_ref,1990.0,nonautonomous,mean5,0.11159596521337863,0.10444008784449266,0.12579618213118465,35
oldscrap_metallurgy,S_ref,1990.0,nonautonomous,trend20,0.12858015703148917,0.10421535758001275,0.15271067876125416,35
oldscrap_metallurgy,S_ref,1990.0,nonautonomous,trend50,0.1279261062396821,0.10889026367189172,0.20969701201736327,30
oldscrap_metallurgy,S_ref,1991.0,frozen,,0.09415763447950135,0.09199788711277093,0.09767078881755314,35
oldscrap_metallurgy,S_ref,1991.0,nonautonomous,hold,0.10886768513684014,0.10221813340794143,0.12207283054519542,35
oldscrap_metallurgy,S_ref,1991.0,nonautonomous,mean5,0.11012301376359146,0.10335463993327934,0.12595195300704842,35
oldscrap_metallurgy,S_ref,1991.0,nonautonomous,trend20,0.13044736004517526,0.10463546111902397,0.15374768651091447,35
oldscrap_metallurgy,S_ref,1991.0,nonautonomous,trend50,0.1294560802392581,0.10740658275592214,0.21795540267269473,30
oldscrap_metallurgy,S_ref,1992.0,frozen,,0.08738783536190274,0.08550416440992945,0.08971808047531049,35
oldscrap_metallurgy,S_ref,1992.0,nonautonomous,hold,0.10945246195011256,0.10169281108588722,0.12266905804405266,35
oldscrap_metallurgy,S_ref,1992.0,nonautonomous,mean5,0.11128335364974788,0.10366200754511865,0.1267359995334671,35
oldscrap_metallurgy,S_ref,1992.0,nonautonomous,trend20,0.1303058278332176,0.10376366934410645,0.15634428848112863,35
oldscrap_metallurgy,S_ref,1992.0,nonautonomous,trend50,0.13086311587729352,0.10637794436571363,0.22235906455291618,30
oldscrap_metallurgy,S_ref,1993.0,frozen,,0.08711359197683231,0.08383459076235059,0.09017183521646155,35
oldscrap_metallurgy,S_ref,1993.0,nonautonomous,hold,0.10953049649436811,0.10335482966122994,0.12338172794777953,35
oldscrap_metallurgy,S_ref,1993.0,nonautonomous,mean5,0.11218697260059059,0.10398359115163402,0.12608681298936175,35
oldscrap_metallurgy,S_ref,1993.0,nonautonomous,trend20,0.13169145198586385,0.10435780960255799,0.15959002741534595,35
oldscrap_metallurgy,S_ref,1993.0,nonautonomous,trend50,0.13156505681382807,0.10738546073641933,0.22520075634960585,30
oldscrap_metallurgy,S_ref,1994.0,frozen,,0.0716297521555944,0.06932326339180842,0.07421269549083379,35
oldscrap_metallurgy,S_ref,1994.0,nonautonomous,hold,0.10953455721103489,0.10331781191935449,0.12555913364403903,35
oldscrap_metallurgy,S_ref,1994.0,nonautonomous,mean5,0.11210109305504747,0.10438876072232471,0.12858378557257716,35
oldscrap_metallurgy,S_ref,1994.0,nonautonomous,trend20,0.13145742937794574,0.10368671363377124,0.16413373258661776,35
oldscrap_metallurgy,S_ref,1994.0,nonautonomous,trend50,0.13327688074536376,0.10754195793060857,0.22643509417651858,30
oldscrap_metallurgy,S_ref,1995.0,frozen,,0.07374033114401955,0.07197239443267589,0.07651138897099044,35
oldscrap_metallurgy,S_ref,1995.0,nonautonomous,hold,0.11395743216811512,0.10605591102439145,0.13117215822039907,35
oldscrap_metallurgy,S_ref,1995.0,nonautonomous,mean5,0.11633420088297364,0.10819844266134539,0.1332779800539553,35
oldscrap_metallurgy,S_ref,1995.0,nonautonomous,trend20,0.1371719704530081,0.10815216756926861,0.16901766699167536,35
oldscrap_metallurgy,S_ref,1995.0,nonautonomous,trend50,0.1383095321366378,0.11079900891853978,0.23467312104606977,30
oldscrap_metallurgy,S_ref,1996.0,frozen,,0.09498669525458889,0.09000021563468927,0.09656861358732068,35
oldscrap_metallurgy,S_ref,1996.0,nonautonomous,hold,0.11765260489824753,0.10885049403871691,0.13388717469755088,35
oldscrap_metallurgy,S_ref,1996.0,nonautonomous,mean5,0.12039795885646931,0.11153302296474601,0.13713825691800102,35
oldscrap_metallurgy,S_ref,1996.0,nonautonomous,trend20,0.14550897994735074,0.11103708057378547,0.1731057219014793,35
oldscrap_metallurgy,S_ref,1996.0,nonautonomous,trend50,0.1429945064522558,0.11406113336577285,0.23814671348525163,30
oldscrap_metallurgy,S_ref,1997.0,frozen,,0.10142271402318806,0.09836788835154947,0.10473752690979052,35
oldscrap_metallurgy,S_ref,1997.0,nonautonomous,hold,0.1191642324884902,0.11169569856181824,0.13709389404330674,35
oldscrap_metallurgy,S_ref,1997.0,nonautonomous,mean5,0.12194500020532172,0.11298690155921884,0.14109358662453514,35
oldscrap_metallurgy,S_ref,1997.0,nonautonomous,trend20,0.14701022111435325,0.11383667828650207,0.17955362204765934,35
oldscrap_metallurgy,S_ref,1997.0,nonautonomous,trend50,0.14658831148718948,0.11734204185967345,0.2532399968153367,30
oldscrap_metallurgy,S_ref,1998.0,frozen,,0.1276749117740887,0.12158213843147171,0.13102616917208354,35
oldscrap_metallurgy,S_ref,1998.0,nonautonomous,hold,0.1201793395612817,0.11197753818259328,0.13757023759215953,35
oldscrap_metallurgy,S_ref,1998.0,nonautonomous,mean5,0.12171025277908565,0.1134882598774586,0.14043819626685639,35
oldscrap_metallurgy,S_ref,1998.0,nonautonomous,trend20,0.14891603808525428,0.11379150683307154,0.17822218240829918,35
oldscrap_metallurgy,S_ref,1998.0,nonautonomous,trend50,0.14672784012397289,0.11643296042414976,0.254714849884438,30
oldscrap_metallurgy,S_ref,1999.0,frozen,,0.10049753798975733,0.09777580500560909,0.10258700946470947,35
oldscrap_metallurgy,S_ref,1999.0,nonautonomous,hold,0.11782959114885291,0.10664577255855953,0.13538289217886784,35
oldscrap_metallurgy,S_ref,1999.0,nonautonomous,mean5,0.11952818802908083,0.11004008226379784,0.13834763538056027,35
oldscrap_metallurgy,S_ref,1999.0,nonautonomous,trend20,0.1438752443739942,0.10916008681577202,0.17989484236657297,35
oldscrap_metallurgy,S_ref,1999.0,nonautonomous,trend50,0.14232949432451908,0.11341204101979255,0.2522870783698819,30
oldscrap_metallurgy,S_ref,2000.0,frozen,,0.09427834381069572,0.0909260756919612,0.09760112571352061,35
oldscrap_metallurgy,S_ref,2000.0,nonautonomous,hold,0.12193691512637986,0.11130550323125332,0.1396266162597813,35
oldscrap_metallurgy,S_ref,2000.0,nonautonomous,mean5,0.12250530180054628,0.11388559200013001,0.14306151306026943,35
oldscrap_metallurgy,S_ref,2000.0,nonautonomous,trend20,0.14603466367498122,0.11364476586591557,0.1851312173506004,35
oldscrap_metallurgy,S_ref,2000.0,nonautonomous,trend50,0.15040930556929466,0.1178723875634618,0.25860008041099647,30
oldscrap_metallurgy,S_ref,2001.0,frozen,,0.14579908311130185,0.14005011193815747,0.14939188405649456,35
oldscrap_metallurgy,S_ref,2001.0,nonautonomous,hold,0.12566059095534815,0.11605232448769336,0.14467089084227025,35
oldscrap_metallurgy,S_ref,2001.0,nonautonomous,mean5,0.12746705048649448,0.11852781299495527,0.14852079619597547,35
oldscrap_metallurgy,S_ref,2001.0,nonautonomous,trend20,0.15422631636505463,0.11861060042456477,0.19220832043643393,35
oldscrap_metallurgy,S_ref,2001.0,nonautonomous,trend50,0.1588752267391068,0.1228936980991481,0.2705822985812789,30
oldscrap_metallurgy,S_ref,2002.0,frozen,,0.143864301610697,0.13686609707344877,0.14941070769334902,35
oldscrap_metallurgy,S_ref,2002.0,nonautonomous,hold,0.1253284090198487,0.1090047785627838,0.1429505983900196,35
oldscrap_metallurgy,S_ref,2002.0,nonautonomous,mean5,0.12422703593864697,0.11284085417502814,0.14478961872052276,35
oldscrap_metallurgy,S_ref,2002.0,nonautonomous,trend20,0.1539559132918376,0.11389620584746683,0.19243057676811023,35
oldscrap_metallurgy,S_ref,2002.0,nonautonomous,trend50,0.15567273865762252,0.11604632744519439,0.27083405438785146,30
oldscrap_metallurgy,S_ref,2003.0,frozen,,0.12104190808012404,0.11346587379953695,0.12697962334725174,35
oldscrap_metallurgy,S_ref,2003.0,nonautonomous,hold,0.12248530895933928,0.10479827579896034,0.14072669843908647,35
oldscrap_metallurgy,S_ref,2003.0,nonautonomous,mean5,0.12140167845322775,0.1063594793023441,0.14031824684308306,35
oldscrap_metallurgy,S_ref,2003.0,nonautonomous,trend20,0.1507575960158737,0.10843023974624232,0.19167142308209537,35
oldscrap_metallurgy,S_ref,2003.0,nonautonomous,trend50,0.15115737055173437,0.11257303993609319,0.26688720921249987,30
oldscrap_metallurgy,S_ref,2004.0,frozen,,0.10444538974241843,0.09912774106285346,0.11032628955156187,35
oldscrap_metallurgy,S_ref,2004.0,nonautonomous,hold,0.12020413753123985,0.10290251528825206,0.13806043287552378,35
oldscrap_metallurgy,S_ref,2004.0,nonautonomous,mean5,0.12190303268631686,0.10457775888800294,0.13926770174797448,35
oldscrap_metallurgy,S_ref,2004.0,nonautonomous,trend20,0.15052405044235653,0.10686547072527303,0.19280121149664703,35
oldscrap_metallurgy,S_ref,2004.0,nonautonomous,trend50,0.1504922672357341,0.11024864752479806,0.26874029881051065,30
oldscrap_metallurgy,S_ref,2005.0,frozen,,0.11622065776787598,0.1091738432257867,0.1260770186662749,35
oldscrap_metallurgy,S_ref,2005.0,nonautonomous,hold,0.12066809708410849,0.10191401260165542,0.1363608271431671,35
oldscrap_metallurgy,S_ref,2005.0,nonautonomous,mean5,0.12073210770051965,0.10527893200852327,0.13987800009061613,35
oldscrap_metallurgy,S_ref,2005.0,nonautonomous,trend20,0.15225870028971955,0.10737605502856719,0.19478655753375848,35
oldscrap_metallurgy,S_ref,2005.0,nonautonomous,trend50,0.15126842241149113,0.11159680177235672,0.26790815963925807,30
oldscrap_metallurgy,S_ref,2006.0,frozen,,0.1047651076381943,0.09901250534302806,0.11153024407450075,35
oldscrap_metallurgy,S_ref,2006.0,nonautonomous,hold,0.1158312346910681,0.10054550237426983,0.13714522448120153,35
oldscrap_metallurgy,S_ref,2006.0,nonautonomous,mean5,0.1190360911997368,0.10220544169601849,0.13989230398977198,35
oldscrap_metallurgy,S_ref,2006.0,nonautonomous,trend20,0.15525312542621839,0.10514513972007672,0.19982978113107777,35
oldscrap_metallurgy,S_ref,2006.0,nonautonomous,trend50,0.15210373664306354,0.10817721908723334,0.2739481586667769,30
oldscrap_metallurgy,S_ref,2007.0,frozen,,0.10434131617695992,0.09436567978717816,0.11982411593217784,35
oldscrap_metallurgy,S_ref,2007.0,nonautonomous,hold,0.12114257889880088,0.10688190143092015,0.1411625416861621,35
oldscrap_metallurgy,S_ref,2007.0,nonautonomous,mean5,0.12255741094576277,0.108777409410076,0.14517244034981974,35
oldscrap_metallurgy,S_ref,2007.0,nonautonomous,trend20,0.16177438032800268,0.108137720223004,0.19987678796941885,35
oldscrap_metallurgy,S_ref,2007.0,nonautonomous,trend50,0.15636464241749687,0.11090489028392946,0.27979328552002436,30
oldscrap_metallurgy,S_ref,2008.0,frozen,,0.12095948050473446,0.10093461755293878,0.14814924485977518,35
oldscrap_metallurgy,S_ref,2008.0,nonautonomous,hold,0.12636407736876193,0.10925807856555084,0.14433911310257444,35
oldscrap_metallurgy,S_ref,2008.0,nonautonomous,mean5,0.12520396320600258,0.11572183098968361,0.1517260767147134,35
oldscrap_metallurgy,S_ref,2008.0,nonautonomous,trend20,0.1670470819170542,0.11339837454322271,0.20685699081484815,35
oldscrap_metallurgy,S_ref,2008.0,nonautonomous,trend50,0.16284287491041394,0.11446984711166205,0.2842885159066508,30
oldscrap_metallurgy,S_ref,2009.0,frozen,,0.16390959377786207,0.13148945729349232,0.19006485444465876,35
oldscrap_metallurgy,S_ref,2009.0,nonautonomous,hold,0.12373897899682411,0.10726439565128114,0.14747972878127252,35
oldscrap_metallurgy,S_ref,2009.0,nonautonomous,mean5,0.12324453569362634,0.11069481505458312,0.1554475194248914,35
oldscrap_metallurgy,S_ref,2009.0,nonautonomous,trend20,0.1706195442150627,0.10964716060453827,0.2030800672665253,35
oldscrap_metallurgy,S_ref,2009.0,nonautonomous,trend50,0.16150407376671302,0.1107001543307099,0.2911899285690947,30
oldscrap_metallurgy,S_ref,2010.0,frozen,,0.0925405786904535,0.08203538855099995,0.10876470038522629,35
oldscrap_metallurgy,S_ref,2010.0,nonautonomous,hold,0.12038356582098853,0.10240780342349247,0.14198704042621407,35
oldscrap_metallurgy,S_ref,2010.0,nonautonomous,mean5,0.11858552607803363,0.10429687354471577,0.14841436828439114,35
oldscrap_metallurgy,S_ref,2010.0,nonautonomous,trend20,0.16139578839345697,0.10570321945177424,0.20250420859980037,35
oldscrap_metallurgy,S_ref,2010.0,nonautonomous,trend50,0.1542146199758579,0.1089776612862941,0.27993925030306277,30
oldscrap_metallurgy,S_ref,2011.0,frozen,,0.10678466686759293,0.09795949520284614,0.1271568938127749,35
oldscrap_metallurgy,S_ref,2011.0,nonautonomous,hold,0.12538709106844292,0.10732259132885646,0.14762817949225793,35
oldscrap_metallurgy,S_ref,2011.0,nonautonomous,mean5,0.12665043689702404,0.10970375234714594,0.15411674426336883,35
oldscrap_metallurgy,S_ref,2011.0,nonautonomous,trend20,0.16642065273794598,0.11069345045876203,0.20848254977028463,35
oldscrap_metallurgy,S_ref,2011.0,nonautonomous,trend50,0.15962579711894143,0.11387462870818152,0.2923885901968809,30
oldscrap_metallurgy,S_ref,2012.0,frozen,,0.12233330840192817,0.11003056697092242,0.15226911116583208,35
oldscrap_metallurgy,S_ref,2012.0,nonautonomous,hold,0.12831523620970298,0.10770856697650263,0.15081482452547695,35
oldscrap_metallurgy,S_ref,2012.0,nonautonomous,mean5,0.13112080111865604,0.11160257638285126,0.1563752989286485,35
oldscrap_metallurgy,S_ref,2012.0,nonautonomous,trend20,0.168209800821191,0.11232566786899922,0.2140915332958467,35
oldscrap_metallurgy,S_ref,2012.0,nonautonomous,trend50,0.16112265813405618,0.11353492523090923,0.30019186332709225,30
oldscrap_metallurgy,S_ref,2013.0,frozen,,0.12017392587568271,0.11070360649742075,0.14692895887353752,35
oldscrap_metallurgy,S_ref,2013.0,nonautonomous,hold,0.1285978084463651,0.10691844944472269,0.15173208914194916,35
oldscrap_metallurgy,S_ref,2013.0,nonautonomous,mean5,0.1316373413185352,0.1131761890472966,0.1573054941207872,35
oldscrap_metallurgy,S_ref,2013.0,nonautonomous,trend20,0.1691652353971873,0.1100974843842131,0.21697469468052855,35
oldscrap_metallurgy,S_ref,2013.0,nonautonomous,trend50,0.16208486139849448,0.11329404220469147,0.305966919008624,30
oldscrap_metallurgy,S_ref,2014.0,frozen,,0.12936715886386707,0.11497189294833779,0.15399777004540466,35
oldscrap_metallurgy,S_ref,2014.0,nonautonomous,hold,0.13133975470796266,0.10697531005433078,0.1543603517355715,35
oldscrap_metallurgy,S_ref,2014.0,nonautonomous,mean5,0.12889776091550337,0.11459546167713065,0.15963825744728835,35
oldscrap_metallurgy,S_ref,2014.0,nonautonomous,trend20,0.17547584557147983,0.11065419754955727,0.2206607054428364,35
oldscrap_metallurgy,S_ref,2014.0,nonautonomous,trend50,0.1651005698125022,0.11340731617621996,0.3154441201578202,30
oldscrap_metallurgy,S_ref,2015.0,frozen,,0.1451968493703495,0.11959408449336512,0.178392386685855,35
oldscrap_metallurgy,S_ref,2015.0,nonautonomous,hold,0.1286906681946082,0.10707796976380246,0.15492308392745469,35
oldscrap_metallurgy,S_ref,2015.0,nonautonomous,mean5,0.12780963944936533,0.11496862312503611,0.16035189207036912,35
oldscrap_metallurgy,S_ref,2015.0,nonautonomous,trend20,0.17690552685039015,0.10892745352459157,0.22230928271377298,35
oldscrap_metallurgy,S_ref,2015.0,nonautonomous,trend50,0.17117235480789536,0.11009234556359021,0.3284707484512089,30
oldscrap_metallurgy,S_ref,2016.0,frozen,,0.13360072127665293,0.11298449822531478,0.16168293505074322,35
oldscrap_metallurgy,S_ref,2016.0,nonautonomous,hold,0.12483415307536125,0.10333129899569282,0.15155994589620503,35
oldscrap_metallurgy,S_ref,2016.0,nonautonomous,mean5,0.1220391876178187,0.10717886751595376,0.15247023563977907,35
oldscrap_metallurgy,S_ref,2016.0,nonautonomous,trend20,0.17519322352479544,0.10610863399067436,0.22044953565846748,35
oldscrap_metallurgy,S_ref,2016.0,nonautonomous,trend50,0.16477830343696853,0.10795978799981007,0.32428130882357975,30
oldscrap_metallurgy,S_ref,2017.0,frozen,,0.11378969536597419,0.09701435878125934,0.14071518340583372,35
oldscrap_metallurgy,S_ref,2017.0,nonautonomous,hold,0.12588664859802703,0.10036852393034938,0.1516196885938847,35
oldscrap_metallurgy,S_ref,2017.0,nonautonomous,mean5,0.12023851827250598,0.10222569678508475,0.1532073278124637,35
oldscrap_metallurgy,S_ref,2017.0,nonautonomous,trend20,0.16932145330508497,0.10614436260186794,0.22356268112743022,35
oldscrap_metallurgy,S_ref,2017.0,nonautonomous,trend50,0.1593792199871784,0.10786934604723347,0.32453563057681534,30
oldscrap_metallurgy,S_ref,2018.0,frozen,,0.12759971812440254,0.10477101255479486,0.1558679795525505,35
oldscrap_metallurgy,S_ref,2018.0,nonautonomous,hold,0.12824478645156204,0.1005491890470491,0.1526298992895323,35
oldscrap_metallurgy,S_ref,2018.0,nonautonomous,mean5,0.12178715135450635,0.1033691060241684,0.15510589752033282,35
oldscrap_metallurgy,S_ref,2018.0,nonautonomous,trend20,0.17083468766857307,0.10745685549312786,0.2283214600554131,35
oldscrap_metallurgy,S_ref,2018.0,nonautonomous,trend50,0.1598142952017061,0.1093610953000706,0.32945116678094377,30
oldscrap_metallurgy,S_ref,2019.0,frozen,,0.12696622445246708,0.10144714285170395,0.15240638383536342,35
oldscrap_metallurgy,S_ref,2019.0,nonautonomous,hold,0.12696622445246708,0.10144714285170395,0.15240638383536342,35
oldscrap_metallurgy,S_ref,2019.0,nonautonomous,mean5,0.12556422777228501,0.1071678261316878,0.15590668539291597,35
oldscrap_metallurgy,S_ref,2019.0,nonautonomous,trend20,0.16691436903100104,0.10727614892478232,0.23374924429007296,35
oldscrap_metallurgy,S_ref,2019.0,nonautonomous,trend50,0.16431770285941552,0.1081461938938626,0.33707997781051346,30
oldscrap_metallurgy,S_iu_short,1980.0,frozen,,0.029186027199090907,0.0274019353302525,0.032755510768828724,35
oldscrap_metallurgy,S_iu_short,1980.0,nonautonomous,hold,0.052106696050873265,0.05016863117021872,0.055384454289276415,35
oldscrap_metallurgy,S_iu_short,1980.0,nonautonomous,mean5,0.05218014981167139,0.050297096880670675,0.055578737726014904,35
oldscrap_metallurgy,S_iu_short,1980.0,nonautonomous,trend20,0.0563684758679137,0.05065862468864046,0.06312274603318418,35
oldscrap_metallurgy,S_iu_short,1980.0,nonautonomous,trend50,0.05753208961127097,0.05049339677701156,0.07367880696358477,30
oldscrap_metallurgy,S_iu_short,1981.0,frozen,,0.0376057865326757,0.03538614037321493,0.0396874995269491,35
oldscrap_metallurgy,S_iu_short,1981.0,nonautonomous,hold,0.05310169260316346,0.05143369035821431,0.056798091207042954,35
oldscrap_metallurgy,S_iu_short,1981.0,nonautonomous,mean5,0.05347238191839157,0.051398968530836475,0.05723155332244634,35
oldscrap_metallurgy,S_iu_short,1981.0,nonautonomous,trend20,0.05796488917941151,0.051720472063252615,0.06509444355858493,35
oldscrap_metallurgy,S_iu_short,1981.0,nonautonomous,trend50,0.05907202558853122,0.05183435374131117,0.07602625929491104,30
oldscrap_metallurgy,S_iu_short,1982.0,frozen,,0.04458951070812063,0.04203462465503384,0.04739714554986303,35
oldscrap_metallurgy,S_iu_short,1982.0,nonautonomous,hold,0.053938841330000584,0.052048818296525017,0.05768110075122975,35
oldscrap_metallurgy,S_iu_short,1982.0,nonautonomous,mean5,0.054295473097387095,0.05208282151245599,0.05830919407573551,35
oldscrap_metallurgy,S_iu_short,1982.0,nonautonomous,trend20,0.05890206091078988,0.05241771277858734,0.06640391569265887,35
oldscrap_metallurgy,S_iu_short,1982.0,nonautonomous,trend50,0.0601174630749206,0.05255789794371042,0.07778867470176402,30
oldscrap_metallurgy,S_iu_short,1983.0,frozen,,0.034833998345164804,0.03227853016850816,0.03689438440887971,35
oldscrap_metallurgy,S_iu_short,1983.0,nonautonomous,hold,0.055263841224775415,0.05266620834052749,0.05880675545929714,35
oldscrap_metallurgy,S_iu_short,1983.0,nonautonomous,mean5,0.055274230056104524,0.05275698369240514,0.05940071189445162,35
oldscrap_metallurgy,S_iu_short,1983.0,nonautonomous,trend20,0.059832574301630914,0.05331825867186078,0.06781386508910536,35
oldscrap_metallurgy,S_iu_short,1983.0,nonautonomous,trend50,0.06114485580531551,0.05341305040540944,0.07983442865043301,30
oldscrap_metallurgy,S_iu_short,1984.0,frozen,,0.042776536386116136,0.04084777398685499,0.04464266315553933,35
oldscrap_metallurgy,S_iu_short,1984.0,nonautonomous,hold,0.05617972986276735,0.05337475469094596,0.0598711676079802,35
oldscrap_metallurgy,S_iu_short,1984.0,nonautonomous,mean5,0.0563244339363647,0.0533988131434236,0.06059987345473971,35
oldscrap_metallurgy,S_iu_short,1984.0,nonautonomous,trend20,0.06075378424585332,0.05409029836295566,0.06962596192898482,35
oldscrap_metallurgy,S_iu_short,1984.0,nonautonomous,trend50,0.0622523425900757,0.05418492303324476,0.08197882907998644,30
oldscrap_metallurgy,S_iu_short,1985.0,frozen,,0.0485837306749453,0.04576557945937637,0.05051766233833663,35
oldscrap_metallurgy,S_iu_short,1985.0,nonautonomous,hold,0.05712193233071233,0.05403210539834169,0.06100346168094787,35
oldscrap_metallurgy,S_iu_short,1985.0,nonautonomous,mean5,0.05734639445382343,0.053952026261269374,0.061794713194150516,35
oldscrap_metallurgy,S_iu_short,1985.0,nonautonomous,trend20,0.06178483111912941,0.054778837945381964,0.0712382820130196,35
oldscrap_metallurgy,S_iu_short,1985.0,nonautonomous,trend50,0.06345125537832724,0.054892638695244106,0.08403549971463739,30
oldscrap_metallurgy,S_iu_short,1986.0,frozen,,0.047609669925581855,0.044042845726710605,0.050820037719970235,35
oldscrap_metallurgy,S_iu_short,1986.0,nonautonomous,hold,0.05880650694991717,0.05548812879893791,0.0629129321315121,35
oldscrap_metallurgy,S_iu_short,1986.0,nonautonomous,mean5,0.0588560372850333,0.05550447482921932,0.06347053883962586,35
oldscrap_metallurgy,S_iu_short,1986.0,nonautonomous,trend20,0.0638561188159015,0.05638926113012005,0.07333053473510953,35
oldscrap_metallurgy,S_iu_short,1986.0,nonautonomous,trend50,0.06559952765941764,0.056342851912687925,0.08661754616640224,30
oldscrap_metallurgy,S_iu_short,1987.0,frozen,,0.025496282521009953,0.023561856896562858,0.027432622648671807,35
oldscrap_metallurgy,S_iu_short,1987.0,nonautonomous,hold,0.061635122588518665,0.05810044671393216,0.06607120175009354,35
oldscrap_metallurgy,S_iu_short,1987.0,nonautonomous,mean5,0.06157389669884371,0.05817663757722158,0.06666028527275275,35
oldscrap_metallurgy,S_iu_short,1987.0,nonautonomous,trend20,0.06710904751091419,0.05909142209657231,0.07676441588598322,35
oldscrap_metallurgy,S_iu_short,1987.0,nonautonomous,trend50,0.06905670937880623,0.05875035188579466,0.09075352277475365,30
oldscrap_metallurgy,S_iu_short,1988.0,frozen,,0.021726204714521743,0.02101600416354691,0.022325792829094655,35
oldscrap_metallurgy,S_iu_short,1988.0,nonautonomous,hold,0.06485664216966981,0.06114386832316247,0.06983347917808244,35
oldscrap_metallurgy,S_iu_short,1988.0,nonautonomous,mean5,0.06489354944861644,0.061306241028413574,0.07049866560942655,35
oldscrap_metallurgy,S_iu_short,1988.0,nonautonomous,trend20,0.07083084588380706,0.0621526316591593,0.08124660978662818,35
oldscrap_metallurgy,S_iu_short,1988.0,nonautonomous,trend50,0.07304751342214341,0.06193073823339325,0.09599377909554956,30
oldscrap_metallurgy,S_iu_short,1989.0,frozen,,0.028098008678050793,0.026809030193154983,0.02913059399991808,35
oldscrap_metallurgy,S_iu_short,1989.0,nonautonomous,hold,0.06766204855493937,0.06367454775521673,0.07312794498102196,35
oldscrap_metallurgy,S_iu_short,1989.0,nonautonomous,mean5,0.06785872312039908,0.06390186224750494,0.07388282573335019,35
oldscrap_metallurgy,S_iu_short,1989.0,nonautonomous,trend20,0.07432052887686666,0.06476287618483306,0.08541997618004663,35
oldscrap_metallurgy,S_iu_short,1989.0,nonautonomous,trend50,0.07647040028482577,0.0646246159449533,0.10084690278101531,30
oldscrap_metallurgy,S_iu_short,1990.0,frozen,,0.05159437409262438,0.05005775249127479,0.0528176941595995,35
oldscrap_metallurgy,S_iu_short,1990.0,nonautonomous,hold,0.0692459877710728,0.06501994252728499,0.07500356850163944,35
oldscrap_metallurgy,S_iu_short,1990.0,nonautonomous,mean5,0.06932031347003476,0.0652460041706589,0.07579532482866426,35
oldscrap_metallurgy,S_iu_short,1990.0,nonautonomous,trend20,0.07652312825539073,0.06615595322631365,0.08814052460988078,35
oldscrap_metallurgy,S_iu_short,1990.0,nonautonomous,trend50,0.07852163060393108,0.06587801215031475,0.10415888100531064,30
oldscrap_metallurgy,S_iu_short,1991.0,frozen,,0.05796199410467802,0.05610976868037844,0.06027447489618214,35
oldscrap_metallurgy,S_iu_short,1991.0,nonautonomous,hold,0.07044843699116579,0.06577294881531781,0.07613992335389211,35
oldscrap_metallurgy,S_iu_short,1991.0,nonautonomous,mean5,0.07023267995154951,0.06601184042169042,0.07706930897604519,35
oldscrap_metallurgy,S_iu_short,1991.0,nonautonomous,trend20,0.07777749363843915,0.06699759242147253,0.09001263635424572,35
oldscrap_metallurgy,S_iu_short,1991.0,nonautonomous,trend50,0.08007482793952767,0.06646398545100432,0.10650994421005282,30
oldscrap_metallurgy,S_iu_short,1992.0,frozen,,0.05513563196727026,0.053788921137674695,0.05699196018485152,35
oldscrap_metallurgy,S_iu_short,1992.0,nonautonomous,hold,0.07149469227503155,0.06657142959768303,0.07763475966937733,35
oldscrap_metallurgy,S_iu_short,1992.0,nonautonomous,mean5,0.07133530558340113,0.06682434996737195,0.07857250492434403,35
oldscrap_metallurgy,S_iu_short,1992.0,nonautonomous,trend20,0.0791258746450616,0.06787965597955414,0.09198557717273269,35
oldscrap_metallurgy,S_iu_short,1992.0,nonautonomous,trend50,0.08200382973619458,0.067167442225266,0.10884665467015324,30
oldscrap_metallurgy,S_iu_short,1993.0,frozen,,0.051652181755160655,0.05088897953824506,0.05464155337025849,35
oldscrap_metallurgy,S_iu_short,1993.0,nonautonomous,hold,0.07253299253011303,0.0673440861168159,0.07946423534459132,35
oldscrap_metallurgy,S_iu_short,1993.0,nonautonomous,mean5,0.07274616640903572,0.06761603085921639,0.08034222937727173,35
oldscrap_metallurgy,S_iu_short,1993.0,nonautonomous,trend20,0.08078562627655718,0.06884333022872886,0.09435353553571338,35
oldscrap_metallurgy,S_iu_short,1993.0,nonautonomous,trend50,0.08403285202700475,0.06815970784870064,0.1115999076222795,30
oldscrap_metallurgy,S_iu_short,1994.0,frozen,,0.04228263849219195,0.041180628642013696,0.04352185498136736,35
oldscrap_metallurgy,S_iu_short,1994.0,nonautonomous,hold,0.07444161796415746,0.06880785167747747,0.08197052973306335,35
oldscrap_metallurgy,S_iu_short,1994.0,nonautonomous,mean5,0.07502673210669253,0.06920977604864825,0.08283650164975229,35
oldscrap_metallurgy,S_iu_short,1994.0,nonautonomous,trend20,0.08336739198795634,0.07048843211558117,0.09767964901824189,35
oldscrap_metallurgy,S_iu_short,1994.0,nonautonomous,trend50,0.0865614757792493,0.0698020626116379,0.11566395695784445,30
oldscrap_metallurgy,S_iu_short,1995.0,frozen,,0.04294950448434213,0.041584229915972756,0.044451359161071846,35
oldscrap_metallurgy,S_iu_short,1995.0,nonautonomous,hold,0.07674042569107903,0.07057774040976576,0.08469545796924054,35
oldscrap_metallurgy,S_iu_short,1995.0,nonautonomous,mean5,0.07729991328329754,0.07118098174058018,0.08572125882090315,35
oldscrap_metallurgy,S_iu_short,1995.0,nonautonomous,trend20,0.0862081275409813,0.07238949284442467,0.10143338965784128,35
oldscrap_metallurgy,S_iu_short,1995.0,nonautonomous,trend50,0.08938438332854734,0.071715037416911,0.1203923852025957,30
oldscrap_metallurgy,S_iu_short,1996.0,frozen,,0.05700935157927574,0.054701499141602605,0.05920380419000837,35
oldscrap_metallurgy,S_iu_short,1996.0,nonautonomous,hold,0.07853738315057873,0.07178980162319189,0.08709734608456973,35
oldscrap_metallurgy,S_iu_short,1996.0,nonautonomous,mean5,0.07902746072544492,0.07257758153211646,0.08831380550467312,35
oldscrap_metallurgy,S_iu_short,1996.0,nonautonomous,trend20,0.08873744258879815,0.0739871544465891,0.10465878386133562,35
oldscrap_metallurgy,S_iu_short,1996.0,nonautonomous,trend50,0.09187680658536759,0.07321227552243548,0.12436710973783174,30
oldscrap_metallurgy,S_iu_short,1997.0,frozen,,0.06459106265939472,0.062431138967139574,0.06849054070766133,35
oldscrap_metallurgy,S_iu_short,1997.0,nonautonomous,hold,0.07932562282101371,0.07235921575573058,0.08873461083009618,35
oldscrap_metallurgy,S_iu_short,1997.0,nonautonomous,mean5,0.07979399992935857,0.07314024668413344,0.09010048471428792,35
oldscrap_metallurgy,S_iu_short,1997.0,nonautonomous,trend20,0.09021338103284052,0.0747438906349859,0.10722056586230959,35
oldscrap_metallurgy,S_iu_short,1997.0,nonautonomous,trend50,0.09358041085759428,0.07389544905882231,0.12740568032686106,30
oldscrap_metallurgy,S_iu_short,1998.0,frozen,,0.0814420359596343,0.07650178017268001,0.08417627257772128,35
oldscrap_metallurgy,S_iu_short,1998.0,nonautonomous,hold,0.07974573450486952,0.07250032740634914,0.08995360611717562,35
oldscrap_metallurgy,S_iu_short,1998.0,nonautonomous,mean5,0.08013633607327182,0.07299863264725695,0.09137456437449495,35
oldscrap_metallurgy,S_iu_short,1998.0,nonautonomous,trend20,0.09116541499021477,0.075033878725566,0.10972308907765335,35
oldscrap_metallurgy,S_iu_short,1998.0,nonautonomous,trend50,0.09492556390543792,0.07381518784894153,0.13051752170620012,30
oldscrap_metallurgy,S_iu_short,1999.0,frozen,,0.06269624198324292,0.06021954715574169,0.06403816082198274,35
oldscrap_metallurgy,S_iu_short,1999.0,nonautonomous,hold,0.08108339622889935,0.07320279654988512,0.09197735844007864,35
oldscrap_metallurgy,S_iu_short,1999.0,nonautonomous,mean5,0.08123285693979049,0.07359778209907855,0.09347363719526301,35
oldscrap_metallurgy,S_iu_short,1999.0,nonautonomous,trend20,0.09347857448983425,0.07606809746016735,0.11300945988735778,35
oldscrap_metallurgy,S_iu_short,1999.0,nonautonomous,trend50,0.09704394382021725,0.07432325802056755,0.13452569802795444,30
oldscrap_metallurgy,S_iu_short,2000.0,frozen,,0.0627472067824447,0.05940243988615237,0.06634072805452867,35
oldscrap_metallurgy,S_iu_short,2000.0,nonautonomous,hold,0.0819907712272192,0.07394062385158343,0.09383897912330631,35
oldscrap_metallurgy,S_iu_short,2000.0,nonautonomous,mean5,0.08246547580308611,0.07436303552182526,0.09558162171729102,35
oldscrap_metallurgy,S_iu_short,2000.0,nonautonomous,trend20,0.09572998389333864,0.07682254134824837,0.11628688816381728,35
oldscrap_metallurgy,S_iu_short,2000.0,nonautonomous,trend50,0.09890420930352506,0.07502179307047321,0.13860687129579222,30
oldscrap_metallurgy,S_iu_short,2001.0,frozen,,0.09929543798468238,0.09421439959518713,0.10261516059621427,35
oldscrap_metallurgy,S_iu_short,2001.0,nonautonomous,hold,0.08117722060357113,0.07319516170102182,0.09423304868116124,35
oldscrap_metallurgy,S_iu_short,2001.0,nonautonomous,mean5,0.0820453025367803,0.07364484559560838,0.0962357223705077,35
oldscrap_metallurgy,S_iu_short,2001.0,nonautonomous,trend20,0.09651763526813226,0.07596839362827429,0.11812589684282894,35
oldscrap_metallurgy,S_iu_short,2001.0,nonautonomous,trend50,0.09910962438591817,0.07408542428895014,0.14135423269895897,30
oldscrap_metallurgy,S_iu_short,2002.0,frozen,,0.09734012712880115,0.09055618125436529,0.10190228690359851,35
oldscrap_metallurgy,S_iu_short,2002.0,nonautonomous,hold,0.08037523023086711,0.07201965267441357,0.09458366389746115,35
oldscrap_metallurgy,S_iu_short,2002.0,nonautonomous,mean5,0.08100044273301976,0.07249787950588382,0.0967143869779063,35
oldscrap_metallurgy,S_iu_short,2002.0,nonautonomous,trend20,0.09702267485118266,0.07470985900871488,0.11967573240703058,35
oldscrap_metallurgy,S_iu_short,2002.0,nonautonomous,trend50,0.09909804812598666,0.07254670414648093,0.14386300782382108,30
oldscrap_metallurgy,S_iu_short,2003.0,frozen,,0.07702716430260577,0.07228802969144779,0.08147214809098208,35
oldscrap_metallurgy,S_iu_short,2003.0,nonautonomous,hold,0.0813095484608397,0.07174745465494851,0.09615721715404804,35
oldscrap_metallurgy,S_iu_short,2003.0,nonautonomous,mean5,0.08123536603554177,0.07225782171060077,0.09807988183667862,35
oldscrap_metallurgy,S_iu_short,2003.0,nonautonomous,trend20,0.09843690523409282,0.07454039724511877,0.12219527937647946,35
oldscrap_metallurgy,S_iu_short,2003.0,nonautonomous,trend50,0.1005817134067264,0.07200981277442225,0.1474299558060193,30
oldscrap_metallurgy,S_iu_short,2004.0,frozen,,0.0679900849307835,0.06352149557997636,0.07513083964399439,35
oldscrap_metallurgy,S_iu_short,2004.0,nonautonomous,hold,0.08311676404057047,0.07216699081060925,0.0984934380976068,35
oldscrap_metallurgy,S_iu_short,2004.0,nonautonomous,mean5,0.08302181650576118,0.07271268217604485,0.10042482689932854,35
oldscrap_metallurgy,S_iu_short,2004.0,nonautonomous,trend20,0.10050167969221274,0.07568866084034429,0.12569148886221923,35
oldscrap_metallurgy,S_iu_short,2004.0,nonautonomous,trend50,0.10348082515485782,0.07254829176182437,0.15199631894935722,30
oldscrap_metallurgy,S_iu_short,2005.0,frozen,,0.07705336539927053,0.07267410849311845,0.08891391607193001,35
oldscrap_metallurgy,S_iu_short,2005.0,nonautonomous,hold,0.08447614978356016,0.07256566968953324,0.10080104760926777,35
oldscrap_metallurgy,S_iu_short,2005.0,nonautonomous,mean5,0.08487950029673635,0.07314865631976328,0.10296598867931975,35
oldscrap_metallurgy,S_iu_short,2005.0,nonautonomous,trend20,0.10248397644449077,0.07677667065053881,0.12928131980035745,35
oldscrap_metallurgy,S_iu_short,2005.0,nonautonomous,trend50,0.10634993312150434,0.07345522244473755,0.1564196174366945,30
oldscrap_metallurgy,S_iu_short,2006.0,frozen,,0.07291582422301181,0.06839052044330327,0.07961406229155216,35
oldscrap_metallurgy,S_iu_short,2006.0,nonautonomous,hold,0.08489202578576098,0.07274781394372529,0.10340417261924059,35
oldscrap_metallurgy,S_iu_short,2006.0,nonautonomous,mean5,0.08655679569537429,0.07358067913901245,0.10586848018930063,35
oldscrap_metallurgy,S_iu_short,2006.0,nonautonomous,trend20,0.10480853126825693,0.07766609103489694,0.1328528309793128,35
oldscrap_metallurgy,S_iu_short,2006.0,nonautonomous,trend50,0.10867164780199637,0.07416327525390931,0.1609913538736944,30
oldscrap_metallurgy,S_iu_short,2007.0,frozen,,0.07111648931887517,0.06569886397556979,0.08612899235825269,35
oldscrap_metallurgy,S_iu_short,2007.0,nonautonomous,hold,0.08576984668288644,0.07227991715196652,0.1061412025063446,35
oldscrap_metallurgy,S_iu_short,2007.0,nonautonomous,mean5,0.08673710448764038,0.07437372575431134,0.10831409765750385,35
oldscrap_metallurgy,S_iu_short,2007.0,nonautonomous,trend20,0.10749981938348423,0.07714555122764327,0.13696418389285464,35
oldscrap_metallurgy,S_iu_short,2007.0,nonautonomous,trend50,0.11038607757535975,0.07457966237153889,0.16575120303888857,30
oldscrap_metallurgy,S_iu_short,2008.0,frozen,,0.08995539573504253,0.06904694156750826,0.1106734373462272,35
oldscrap_metallurgy,S_iu_short,2008.0,nonautonomous,hold,0.08463343997331185,0.07126585027657135,0.10687597021146683,35
oldscrap_metallurgy,S_iu_short,2008.0,nonautonomous,mean5,0.08582226779978899,0.07312872737644616,0.1086869256782526,35
oldscrap_metallurgy,S_iu_short,2008.0,nonautonomous,trend20,0.10790402159622321,0.07565267787650003,0.1413574771087111,35
oldscrap_metallurgy,S_iu_short,2008.0,nonautonomous,trend50,0.11049820388504697,0.07419453542087318,0.17003724841532494,30
oldscrap_metallurgy,S_iu_short,2009.0,frozen,,0.11385079379441354,0.09150362780653026,0.13525522706568477,35
oldscrap_metallurgy,S_iu_short,2009.0,nonautonomous,hold,0.08308596549784739,0.07044100356871172,0.10602407417963587,35
oldscrap_metallurgy,S_iu_short,2009.0,nonautonomous,mean5,0.08419821097763663,0.07230423756463708,0.10823687300635945,35
oldscrap_metallurgy,S_iu_short,2009.0,nonautonomous,trend20,0.10664690646580334,0.07465489410376905,0.14313044845488843,35
oldscrap_metallurgy,S_iu_short,2009.0,nonautonomous,trend50,0.11008059095036793,0.07363298063931803,0.17379149106000047,30
oldscrap_metallurgy,S_iu_short,2010.0,frozen,,0.06168961340837422,0.05584319015916642,0.07457636793327757,35
oldscrap_metallurgy,S_iu_short,2010.0,nonautonomous,hold,0.08345391044277065,0.0707287323737707,0.10811604216466875,35
oldscrap_metallurgy,S_iu_short,2010.0,nonautonomous,mean5,0.08522767593865346,0.07260982865990522,0.10963216997195718,35
oldscrap_metallurgy,S_iu_short,2010.0,nonautonomous,trend20,0.107036725279502,0.07473352976420705,0.14586515014043072,35
oldscrap_metallurgy,S_iu_short,2010.0,nonautonomous,trend50,0.11180118747360583,0.07383952831769275,0.1783334407548663,30
oldscrap_metallurgy,S_iu_short,2011.0,frozen,,0.0734281423024926,0.06462700884046998,0.08617726877880205,35
oldscrap_metallurgy,S_iu_short,2011.0,nonautonomous,hold,0.08326179460389138,0.07120287863113796,0.11082287770486066,35
oldscrap_metallurgy,S_iu_short,2011.0,nonautonomous,mean5,0.0857481430665977,0.07265715528910902,0.11180589230892217,35
oldscrap_metallurgy,S_iu_short,2011.0,nonautonomous,trend20,0.10724959242604029,0.07477472991102382,0.15005384987085763,35
oldscrap_metallurgy,S_iu_short,2011.0,nonautonomous,trend50,0.113897923154796,0.07414407259453037,0.18472275310204675,30
oldscrap_metallurgy,S_iu_short,2012.0,frozen,,0.08431072190594041,0.07291650672183152,0.1082393069668603,35
oldscrap_metallurgy,S_iu_short,2012.0,nonautonomous,hold,0.08256773161134945,0.07143102834778672,0.1123084888894485,35
oldscrap_metallurgy,S_iu_short,2012.0,nonautonomous,mean5,0.08593690823908777,0.07279702686718545,0.1123732148672373,35
oldscrap_metallurgy,S_iu_short,2012.0,nonautonomous,trend20,0.10931990462917339,0.07411869694247476,0.15286010031948993,35
oldscrap_metallurgy,S_iu_short,2012.0,nonautonomous,trend50,0.1148482318747614,0.07423394608129116,0.19014163486502944,30
oldscrap_metallurgy,S_iu_short,2013.0,frozen,,0.08314613286567571,0.07314357188709023,0.09979044153479236,35
oldscrap_metallurgy,S_iu_short,2013.0,nonautonomous,hold,0.0821434091101159,0.07135444602631878,0.11240400200606496,35
oldscrap_metallurgy,S_iu_short,2013.0,nonautonomous,mean5,0.08669627998464052,0.07282411506999573,0.11274967969223466,35
oldscrap_metallurgy,S_iu_short,2013.0,nonautonomous,trend20,0.11139902195785588,0.0734413426301965,0.15479703484560295,35
oldscrap_metallurgy,S_iu_short,2013.0,nonautonomous,trend50,0.1145470907806277,0.07398672088554621,0.19475703860606164,30
oldscrap_metallurgy,S_iu_short,2014.0,frozen,,0.09064409538770532,0.08006490263855676,0.11008938841522589,35
oldscrap_metallurgy,S_iu_short,2014.0,nonautonomous,hold,0.08141273370914845,0.07080006623960945,0.11169348561701879,35
oldscrap_metallurgy,S_iu_short,2014.0,nonautonomous,mean5,0.08666947041136792,0.07233509377732233,0.11266769074737275,35
oldscrap_metallurgy,S_iu_short,2014.0,nonautonomous,trend20,0.11264134461228803,0.07265017370777582,0.15632953232791919,35
oldscrap_metallurgy,S_iu_short,2014.0,nonautonomous,trend50,0.11398464450142395,0.07306710017768217,0.19913090573458744,30
oldscrap_metallurgy,S_iu_short,2015.0,frozen,,0.09910472511221102,0.08474145767233386,0.12471136367926647,35
oldscrap_metallurgy,S_iu_short,2015.0,nonautonomous,hold,0.08066894172437235,0.06995186592415994,0.10997004186831806,35
oldscrap_metallurgy,S_iu_short,2015.0,nonautonomous,mean5,0.08642384712227677,0.0717784768763563,0.11188637140542777,35
oldscrap_metallurgy,S_iu_short,2015.0,nonautonomous,trend20,0.1138832374617613,0.07183838560400023,0.157164868351734,35
oldscrap_metallurgy,S_iu_short,2015.0,nonautonomous,trend50,0.11411216362369286,0.07257722445159806,0.2030777297282978,30
oldscrap_metallurgy,S_iu_short,2016.0,frozen,,0.08556533173816112,0.07670014236354586,0.11526101428293584,35
oldscrap_metallurgy,S_iu_short,2016.0,nonautonomous,hold,0.0803370312382337,0.06928057970611982,0.10847337014201096,35
oldscrap_metallurgy,S_iu_short,2016.0,nonautonomous,mean5,0.08654161701187753,0.07198884256239294,0.11134735545019026,35
oldscrap_metallurgy,S_iu_short,2016.0,nonautonomous,trend20,0.11613328042504713,0.07112491953524758,0.15769752435720277,35
oldscrap_metallurgy,S_iu_short,2016.0,nonautonomous,trend50,0.11472707153395521,0.07249012886092826,0.20821725995970317,30
oldscrap_metallurgy,S_iu_short,2017.0,frozen,,0.08060536694992831,0.06576313940010362,0.09839224391978538,35
oldscrap_metallurgy,S_iu_short,2017.0,nonautonomous,hold,0.08049512720498327,0.06912165037297074,0.10920281741817836,35
oldscrap_metallurgy,S_iu_short,2017.0,nonautonomous,mean5,0.08748878831290094,0.07247859756026434,0.11174476509841665,35
oldscrap_metallurgy,S_iu_short,2017.0,nonautonomous,trend20,0.11607761253969204,0.07103486970741471,0.1600312275590297,35
oldscrap_metallurgy,S_iu_short,2017.0,nonautonomous,trend50,0.11618292808533366,0.07259807226345952,0.21563385394425938,30
oldscrap_metallurgy,S_iu_short,2018.0,frozen,,0.09652811757133263,0.07133550344989084,0.1146624491479433,35
oldscrap_metallurgy,S_iu_short,2018.0,nonautonomous,hold,0.08025764440600758,0.069028863291279,0.10990487903448443,35
oldscrap_metallurgy,S_iu_short,2018.0,nonautonomous,mean5,0.08749967282862921,0.07246278182433105,0.11213124954281933,35
oldscrap_metallurgy,S_iu_short,2018.0,nonautonomous,trend20,0.11522581374057156,0.07187385804056631,0.1613673996026934,35
oldscrap_metallurgy,S_iu_short,2018.0,nonautonomous,trend50,0.117585777232384,0.07273503655266243,0.22295814436469616,30
oldscrap_metallurgy,S_iu_short,2019.0,frozen,,0.0801263020227766,0.06896899555948398,0.11011674657279141,35
oldscrap_metallurgy,S_iu_short,2019.0,nonautonomous,hold,0.0801263020227766,0.06896899555948398,0.11011674657279141,35
oldscrap_metallurgy,S_iu_short,2019.0,nonautonomous,mean5,0.08667144516934021,0.07222244027366319,0.11213921309720243,35
oldscrap_metallurgy,S_iu_short,2019.0,nonautonomous,trend20,0.11433812796829465,0.07239811431998094,0.16444323517930032,35
oldscrap_metallurgy,S_iu_short,2019.0,nonautonomous,trend50,0.1191166096383606,0.07304909561954194,0.22954265897356935,30
oldscrap_metallurgy,S_iu_med,1980.0,frozen,,0.029186027199090907,0.0274019353302525,0.032755510768828724,35
oldscrap_metallurgy,S_iu_med,1980.0,nonautonomous,hold,0.06141658229749442,0.057341377702669935,0.06939571222251652,35
oldscrap_metallurgy,S_iu_med,1980.0,nonautonomous,mean5,0.06222946632858047,0.057705092267867956,0.0704246083100721,35
oldscrap_metallurgy,S_iu_med,1980.0,nonautonomous,trend20,0.0732260732175408,0.058182778948054015,0.0873184564932587,35
oldscrap_metallurgy,S_iu_med,1980.0,nonautonomous,trend50,0.0751331451234098,0.05889761615306265,0.11224472510242048,30
oldscrap_metallurgy,S_iu_med,1981.0,frozen,,0.0376057865326757,0.03538614037321493,0.0396874995269491,35
oldscrap_metallurgy,S_iu_med,1981.0,nonautonomous,hold,0.062377456481445465,0.05832434115445432,0.07076223010714036,35
oldscrap_metallurgy,S_iu_med,1981.0,nonautonomous,mean5,0.06347097739462226,0.058621122023527386,0.07198183860528254,35
oldscrap_metallurgy,S_iu_med,1981.0,nonautonomous,trend20,0.07486697992952211,0.059084855918147564,0.08958462806533118,35
oldscrap_metallurgy,S_iu_med,1981.0,nonautonomous,trend50,0.07683608080730328,0.0599495758135576,0.11536504653078519,30
oldscrap_metallurgy,S_iu_med,1982.0,frozen,,0.04458951070812063,0.04203462465503384,0.04739714554986303,35
oldscrap_metallurgy,S_iu_med,1982.0,nonautonomous,hold,0.0632615567811891,0.05897584598066141,0.07190865941203065,35
oldscrap_metallurgy,S_iu_med,1982.0,nonautonomous,mean5,0.06431501806091003,0.059406246097351324,0.07328408616357181,35
oldscrap_metallurgy,S_iu_med,1982.0,nonautonomous,trend20,0.07618874123733495,0.05980171628820306,0.09156520389597315,35
oldscrap_metallurgy,S_iu_med,1982.0,nonautonomous,trend50,0.07824476587858363,0.060705573354147196,0.11829779380159729,30
oldscrap_metallurgy,S_iu_med,1983.0,frozen,,0.034833998345164804,0.03227853016850816,0.03689438440887971,35
oldscrap_metallurgy,S_iu_med,1983.0,nonautonomous,hold,0.06438664733240591,0.059633334960217346,0.07327780905567197,35
oldscrap_metallurgy,S_iu_med,1983.0,nonautonomous,mean5,0.06513097705563779,0.06016856424799247,0.07456017769474813,35
oldscrap_metallurgy,S_iu_med,1983.0,nonautonomous,trend20,0.07752991341147544,0.06062043649279999,0.09356881200378338,35
oldscrap_metallurgy,S_iu_med,1983.0,nonautonomous,trend50,0.07966224944995633,0.06153579758071358,0.12130865521799944,30
oldscrap_metallurgy,S_iu_med,1984.0,frozen,,0.04277653638611613,0.04084777398685499,0.04464266315553934,35
oldscrap_metallurgy,S_iu_med,1984.0,nonautonomous,hold,0.06548900671573459,0.06033475319812206,0.07468332776338102,35
oldscrap_metallurgy,S_iu_med,1984.0,nonautonomous,mean5,0.06605477929973351,0.060860050986669224,0.07592159335728119,35
oldscrap_metallurgy,S_iu_med,1984.0,nonautonomous,trend20,0.07888473529686105,0.061427105457335075,0.09573640184636716,35
oldscrap_metallurgy,S_iu_med,1984.0,nonautonomous,trend50,0.08118275263193017,0.06235858252465634,0.12447971385417532,30
oldscrap_metallurgy,S_iu_med,1985.0,frozen,,0.0485837306749453,0.04576557945937637,0.05051766233833663,35
oldscrap_metallurgy,S_iu_med,1985.0,nonautonomous,hold,0.06645093554711529,0.06101286558386909,0.07600479391040438,35
oldscrap_metallurgy,S_iu_med,1985.0,nonautonomous,mean5,0.06702955358392328,0.06151310275635867,0.07727197068030472,35
oldscrap_metallurgy,S_iu_med,1985.0,nonautonomous,trend20,0.08031871620321646,0.06219582805548661,0.09784148736989531,35
oldscrap_metallurgy,S_iu_med,1985.0,nonautonomous,trend50,0.08268053768008622,0.06311558181971999,0.12766093457681574,30
oldscrap_metallurgy,S_iu_med,1986.0,frozen,,0.047609669925581855,0.044042845726710605,0.050820037719970235,35
oldscrap_metallurgy,S_iu_med,1986.0,nonautonomous,hold,0.06764885270123747,0.06208268717270356,0.07763086654045132,35
oldscrap_metallurgy,S_iu_med,1986.0,nonautonomous,mean5,0.06836759150725126,0.06260435243306063,0.07894128150080633,35
oldscrap_metallurgy,S_iu_med,1986.0,nonautonomous,trend20,0.08228076681369625,0.06331401590934879,0.1003957949566934,35
oldscrap_metallurgy,S_iu_med,1986.0,nonautonomous,trend50,0.0846302738706252,0.06419710904555047,0.1311582168742335,30
oldscrap_metallurgy,S_iu_med,1987.0,frozen,,0.02549628252100995,0.023561856896562858,0.027432622648671807,35
oldscrap_metallurgy,S_iu_med,1987.0,nonautonomous,hold,0.06930986380794096,0.06369622336730704,0.07979608871827816,35
oldscrap_metallurgy,S_iu_med,1987.0,nonautonomous,mean5,0.07027776572748083,0.06429737447020271,0.08125324522877701,35
oldscrap_metallurgy,S_iu_med,1987.0,nonautonomous,trend20,0.08481298708346545,0.0648961135078199,0.10370464265427988,35
oldscrap_metallurgy,S_iu_med,1987.0,nonautonomous,trend50,0.08729386727058845,0.06576654683396527,0.1354614398056079,30
oldscrap_metallurgy,S_iu_med,1988.0,frozen,,0.021726204714521743,0.02101600416354691,0.022325792829094655,35
oldscrap_metallurgy,S_iu_med,1988.0,nonautonomous,hold,0.07127370641400352,0.06546545955417363,0.08231128147819045,35
oldscrap_metallurgy,S_iu_med,1988.0,nonautonomous,mean5,0.07247101458545077,0.0661373535677574,0.08386901420070192,35
oldscrap_metallurgy,S_iu_med,1988.0,nonautonomous,trend20,0.08753378324729635,0.06668539534194018,0.10720829612942044,35
oldscrap_metallurgy,S_iu_med,1988.0,nonautonomous,trend50,0.09016284115095666,0.06760477109689231,0.1403077104140792,30
oldscrap_metallurgy,S_iu_med,1989.0,frozen,,0.028098008678050793,0.026809030193154983,0.029130593999918082,35
oldscrap_metallurgy,S_iu_med,1989.0,nonautonomous,hold,0.07296737094912599,0.06691868448349433,0.08458979817858032,35
oldscrap_metallurgy,S_iu_med,1989.0,nonautonomous,mean5,0.07430199310241398,0.06765016657227008,0.08621103973494584,35
oldscrap_metallurgy,S_iu_med,1989.0,nonautonomous,trend20,0.09009019207874604,0.06818778136755588,0.11050004187737891,35
oldscrap_metallurgy,S_iu_med,1989.0,nonautonomous,trend50,0.09268088093659377,0.06918088900055407,0.14494231505476543,30
oldscrap_metallurgy,S_iu_med,1990.0,frozen,,0.05159437409262438,0.05005775249127479,0.0528176941595995,35
oldscrap_metallurgy,S_iu_med,1990.0,nonautonomous,hold,0.07397142547722647,0.06773716034579222,0.08611501254549178,35
oldscrap_metallurgy,S_iu_med,1990.0,nonautonomous,mean5,0.07534070253285907,0.06847956806793949,0.08783791121936602,35
oldscrap_metallurgy,S_iu_med,1990.0,nonautonomous,trend20,0.09196692754553197,0.06903910639377295,0.11315741235266871,35
oldscrap_metallurgy,S_iu_med,1990.0,nonautonomous,trend50,0.09446778606246944,0.07005052373561366,0.14881284110430598,30
oldscrap_metallurgy,S_iu_med,1991.0,frozen,,0.05796199410467802,0.05610976868037844,0.06027447489618214,35
oldscrap_metallurgy,S_iu_med,1991.0,nonautonomous,hold,0.07480021308155677,0.06824445073647502,0.0872131804673255,35
oldscrap_metallurgy,S_iu_med,1991.0,nonautonomous,mean5,0.07608444064718031,0.06898490793055216,0.08910290933669088,35
oldscrap_metallurgy,S_iu_med,1991.0,nonautonomous,trend20,0.09337121575005054,0.06959787199682005,0.11546024163925503,35
oldscrap_metallurgy,S_iu_med,1991.0,nonautonomous,trend50,0.09597870919335555,0.07057769164211111,0.15233375752592226,30
oldscrap_metallurgy,S_iu_med,1992.0,frozen,,0.05513563196727026,0.053788921137674695,0.05699196018485152,35
oldscrap_metallurgy,S_iu_med,1992.0,nonautonomous,hold,0.07553167780084187,0.06875923140899623,0.08843614172928901,35
oldscrap_metallurgy,S_iu_med,1992.0,nonautonomous,mean5,0.0769205505981647,0.0695610980920346,0.09045747315119895,35
oldscrap_metallurgy,S_iu_med,1992.0,nonautonomous,trend20,0.09482677791516436,0.0701602266515136,0.11787023083136702,35
oldscrap_metallurgy,S_iu_med,1992.0,nonautonomous,trend50,0.09764804223285287,0.07113860199475486,0.15598157158219172,30
oldscrap_metallurgy,S_iu_med,1993.0,frozen,,0.05165218175516065,0.05088897953824505,0.05464155337025849,35
oldscrap_metallurgy,S_iu_med,1993.0,nonautonomous,hold,0.07624628486422573,0.06924897978182966,0.08988560763710242,35
oldscrap_metallurgy,S_iu_med,1993.0,nonautonomous,mean5,0.07778400113757679,0.07011793232617616,0.0919123142152502,35
oldscrap_metallurgy,S_iu_med,1993.0,nonautonomous,trend20,0.09644306676113892,0.07074800662065481,0.12042364445831213,35
oldscrap_metallurgy,S_iu_med,1993.0,nonautonomous,trend50,0.09937449929688265,0.0717850411396653,0.15984224782460676,30
oldscrap_metallurgy,S_iu_med,1994.0,frozen,,0.04228263849219195,0.04118062864201369,0.043521854981367354,35
oldscrap_metallurgy,S_iu_med,1994.0,nonautonomous,hold,0.0773685951247928,0.0700616584993404,0.09168476899984151,35
oldscrap_metallurgy,S_iu_med,1994.0,nonautonomous,mean5,0.07888663265461429,0.07102463776988538,0.09371940970789835,35
oldscrap_metallurgy,S_iu_med,1994.0,nonautonomous,trend20,0.09850517413107607,0.07159370316833055,0.12335319869188258,35
oldscrap_metallurgy,S_iu_med,1994.0,nonautonomous,trend50,0.10142700705750334,0.07269439206332443,0.16430319031139665,30
oldscrap_metallurgy,S_iu_med,1995.0,frozen,,0.042949504484342135,0.041584229915972756,0.044451359161071846,35
oldscrap_metallurgy,S_iu_med,1995.0,nonautonomous,hold,0.07863866195364926,0.07098797529309295,0.09351298264488755,35
oldscrap_metallurgy,S_iu_med,1995.0,nonautonomous,mean5,0.08011510716175296,0.07207811747510676,0.09566894282809929,35
oldscrap_metallurgy,S_iu_med,1995.0,nonautonomous,trend20,0.10066537735326282,0.07250400409432546,0.1265126338034691,35
oldscrap_metallurgy,S_iu_med,1995.0,nonautonomous,trend50,0.10362390477861813,0.07366294169494084,0.1691013701067665,30
oldscrap_metallurgy,S_iu_med,1996.0,frozen,,0.05700935157927574,0.054701499141602605,0.05920380419000837,35
oldscrap_metallurgy,S_iu_med,1996.0,nonautonomous,hold,0.07960974366396809,0.07159771943987814,0.0951115963486435,35
oldscrap_metallurgy,S_iu_med,1996.0,nonautonomous,mean5,0.08125103808745178,0.07280226659148806,0.09741182502433601,35
oldscrap_metallurgy,S_iu_med,1996.0,nonautonomous,trend20,0.10263809392882342,0.07321141032190452,0.12958436096014653,35
oldscrap_metallurgy,S_iu_med,1996.0,nonautonomous,trend50,0.10557196471962618,0.07445249131887086,0.17372260933122238,30
oldscrap_metallurgy,S_iu_med,1997.0,frozen,,0.06459106265939472,0.062431138967139574,0.06849054070766133,35
oldscrap_metallurgy,S_iu_med,1997.0,nonautonomous,hold,0.08016915381806806,0.07186442339386902,0.0964006739056944,35
oldscrap_metallurgy,S_iu_med,1997.0,nonautonomous,mean5,0.08197001829087854,0.07308679049004471,0.09876719265700315,35
oldscrap_metallurgy,S_iu_med,1997.0,nonautonomous,trend20,0.10406636833691638,0.07362829740465676,0.1323249784662434,35
oldscrap_metallurgy,S_iu_med,1997.0,nonautonomous,trend50,0.10711869421300868,0.07484710658485641,0.17792591587437814,30
oldscrap_metallurgy,S_iu_med,1998.0,frozen,,0.0814420359596343,0.07650178017268001,0.08417627257772128,35
oldscrap_metallurgy,S_iu_med,1998.0,nonautonomous,hold,0.08048570486702239,0.07190721523795214,0.09744550999933402,35
oldscrap_metallurgy,S_iu_med,1998.0,nonautonomous,mean5,0.08238628866852818,0.07301349991508957,0.09992648367902401,35
oldscrap_metallurgy,S_iu_med,1998.0,nonautonomous,trend20,0.10522176926720858,0.07387868976803474,0.13486018713914072,35
oldscrap_metallurgy,S_iu_med,1998.0,nonautonomous,trend50,0.10849776393457523,0.07496152628953547,0.18216283023552665,30
oldscrap_metallurgy,S_iu_med,1999.0,frozen,,0.06269624198324292,0.06021954715574169,0.06403816082198274,35
oldscrap_metallurgy,S_iu_med,1999.0,nonautonomous,hold,0.08117665938856744,0.07222179052132109,0.0988183217014065,35
oldscrap_metallurgy,S_iu_med,1999.0,nonautonomous,mean5,0.08300793781662363,0.07324147523329701,0.10145486911162858,35
oldscrap_metallurgy,S_iu_med,1999.0,nonautonomous,trend20,0.10681450470212173,0.07433326120433992,0.137760904446661,35
oldscrap_metallurgy,S_iu_med,1999.0,nonautonomous,trend50,0.11029269518184406,0.07538036673516763,0.18702827283760987,30
oldscrap_metallurgy,S_iu_med,2000.0,frozen,,0.0627472067824447,0.05940243988615236,0.06634072805452867,35
oldscrap_metallurgy,S_iu_med,2000.0,nonautonomous,hold,0.08162021214888038,0.07252830393445255,0.1001976832856102,35
oldscrap_metallurgy,S_iu_med,2000.0,nonautonomous,mean5,0.08347980275796735,0.07358321764844643,0.10286524041366985,35
oldscrap_metallurgy,S_iu_med,2000.0,nonautonomous,trend20,0.10820450935917098,0.07460901718761183,0.14064881509182695,35
oldscrap_metallurgy,S_iu_med,2000.0,nonautonomous,trend50,0.11198780580351997,0.07576423590816195,0.19192319912275171,30
oldscrap_metallurgy,S_iu_med,2001.0,frozen,,0.09929543798468238,0.09421439959518713,0.10261516059621428,35
oldscrap_metallurgy,S_iu_med,2001.0,nonautonomous,hold,0.08149672180725684,0.07208959632343354,0.10083575588643082,35
oldscrap_metallurgy,S_iu_med,2001.0,nonautonomous,mean5,0.0832152807088781,0.07314331268932203,0.10349193737117694,35
oldscrap_metallurgy,S_iu_med,2001.0,nonautonomous,trend20,0.10873862544153094,0.07407598835348202,0.1426860661088221,35
oldscrap_metallurgy,S_iu_med,2001.0,nonautonomous,trend50,0.11284229670183413,0.07554404474427656,0.19596713718682568,30
oldscrap_metallurgy,S_iu_med,2002.0,frozen,,0.09734012712880115,0.09055618125436529,0.10190228690359851,35
oldscrap_metallurgy,S_iu_med,2002.0,nonautonomous,hold,0.08121091453239829,0.07146103049307859,0.10123794081056783,35
oldscrap_metallurgy,S_iu_med,2002.0,nonautonomous,mean5,0.08298453188878119,0.0724764192643654,0.10403642522071377,35
oldscrap_metallurgy,S_iu_med,2002.0,nonautonomous,trend20,0.10913195547779218,0.07336703342495562,0.14454409793420794,35
oldscrap_metallurgy,S_iu_med,2002.0,nonautonomous,trend50,0.11367844219167714,0.07516123580555811,0.19982819850828576,30
oldscrap_metallurgy,S_iu_med,2003.0,frozen,,0.07702716430260577,0.07228802969144779,0.08147214809098208,35
oldscrap_metallurgy,S_iu_med,2003.0,nonautonomous,hold,0.08138624270199421,0.07130261262061013,0.1020721291365595,35
oldscrap_metallurgy,S_iu_med,2003.0,nonautonomous,mean5,0.08353483674204011,0.07232572694169313,0.10520475085162914,35
oldscrap_metallurgy,S_iu_med,2003.0,nonautonomous,trend20,0.1102499264674226,0.0732188675405987,0.14717430029224376,35
oldscrap_metallurgy,S_iu_med,2003.0,nonautonomous,trend50,0.11530341670322937,0.07503524138770293,0.20437491611441522,30
oldscrap_metallurgy,S_iu_med,2004.0,frozen,,0.0679900849307835,0.06352149557997636,0.0751308396439944,35
oldscrap_metallurgy,S_iu_med,2004.0,nonautonomous,hold,0.08201613174921055,0.07148426478818654,0.10327973334004689,35
oldscrap_metallurgy,S_iu_med,2004.0,nonautonomous,mean5,0.08461292766411396,0.07255727799902166,0.10671447618793753,35
oldscrap_metallurgy,S_iu_med,2004.0,nonautonomous,trend20,0.1119602373540051,0.07356430851436657,0.15042199849676852,35
oldscrap_metallurgy,S_iu_med,2004.0,nonautonomous,trend50,0.11748681687899196,0.07508370201789452,0.20929605291823006,30
oldscrap_metallurgy,S_iu_med,2005.0,frozen,,0.07705336539927053,0.07267410849311845,0.08891391607193,35
oldscrap_metallurgy,S_iu_med,2005.0,nonautonomous,hold,0.0823905436485719,0.07164356842542602,0.10447561161287036,35
oldscrap_metallurgy,S_iu_med,2005.0,nonautonomous,mean5,0.08559909170349325,0.07283001072987613,0.10813191709611723,35
oldscrap_metallurgy,S_iu_med,2005.0,nonautonomous,trend20,0.11349172065810698,0.07389073954251482,0.15341001364517814,35
oldscrap_metallurgy,S_iu_med,2005.0,nonautonomous,trend50,0.11973752115364633,0.07500796078704765,0.21402068807637573,30
oldscrap_metallurgy,S_iu_med,2006.0,frozen,,0.07291582422301182,0.06839052044330327,0.07961406229155216,35
oldscrap_metallurgy,S_iu_med,2006.0,nonautonomous,hold,0.08298790085497226,0.07168379006504277,0.10540014628612192,35
oldscrap_metallurgy,S_iu_med,2006.0,nonautonomous,mean5,0.08645266487765285,0.07334870558318078,0.10949417769160863,35
oldscrap_metallurgy,S_iu_med,2006.0,nonautonomous,trend20,0.1150574251996149,0.07402996090791061,0.1562212734254445,35
oldscrap_metallurgy,S_iu_med,2006.0,nonautonomous,trend50,0.12200769473064606,0.07538212656298118,0.21885947856343319,30
oldscrap_metallurgy,S_iu_med,2007.0,frozen,,0.07111648931887517,0.06569886397556979,0.08612899235825269,35
oldscrap_metallurgy,S_iu_med,2007.0,nonautonomous,hold,0.08331538295678186,0.0713999483204901,0.10679099173820436,35
oldscrap_metallurgy,S_iu_med,2007.0,nonautonomous,mean5,0.08635982372459745,0.07348489299701566,0.11046297151667356,35
oldscrap_metallurgy,S_iu_med,2007.0,nonautonomous,trend20,0.11664777647845737,0.07386526636822546,0.15845999067344377,35
oldscrap_metallurgy,S_iu_med,2007.0,nonautonomous,trend50,0.12352483783855084,0.07595884190931834,0.22333644185702484,30
oldscrap_metallurgy,S_iu_med,2008.0,frozen,,0.08995539573504253,0.06904694156750826,0.11067343734622721,35
oldscrap_metallurgy,S_iu_med,2008.0,nonautonomous,hold,0.08263026033409837,0.0708596518680223,0.10796633380287571,35
oldscrap_metallurgy,S_iu_med,2008.0,nonautonomous,mean5,0.08589324573303164,0.07274264860349061,0.11048739431656815,35
oldscrap_metallurgy,S_iu_med,2008.0,nonautonomous,trend20,0.11808984791699703,0.0732189967267525,0.1592816543787729,35
oldscrap_metallurgy,S_iu_med,2008.0,nonautonomous,trend50,0.12424850230588624,0.0758722235370116,0.2272409117899066,30
oldscrap_metallurgy,S_iu_med,2009.0,frozen,,0.11385079379441354,0.09150362780653026,0.13525522706568477,35
oldscrap_metallurgy,S_iu_med,2009.0,nonautonomous,hold,0.08177803327789392,0.07043917326355728,0.1082816118754268,35
oldscrap_metallurgy,S_iu_med,2009.0,nonautonomous,mean5,0.08531937059181274,0.0723250999586456,0.11021854031410142,35
oldscrap_metallurgy,S_iu_med,2009.0,nonautonomous,trend20,0.11758548289311757,0.07284532277100841,0.15961736934188359,35
oldscrap_metallurgy,S_iu_med,2009.0,nonautonomous,trend50,0.1243148365511904,0.07564909343104373,0.23124499586279673,30
oldscrap_metallurgy,S_iu_med,2010.0,frozen,,0.06168961340837422,0.05584319015916642,0.07457636793327758,35
oldscrap_metallurgy,S_iu_med,2010.0,nonautonomous,hold,0.08189264642791895,0.07058108591899259,0.10902414371717611,35
oldscrap_metallurgy,S_iu_med,2010.0,nonautonomous,mean5,0.08575305936715537,0.0724746004609645,0.11107295721849736,35
oldscrap_metallurgy,S_iu_med,2010.0,nonautonomous,trend20,0.11764428771647023,0.07294842163477461,0.16135366330945422,35
oldscrap_metallurgy,S_iu_med,2010.0,nonautonomous,trend50,0.1254096701255338,0.0761544984863517,0.23641383212998832,30
oldscrap_metallurgy,S_iu_med,2011.0,frozen,,0.07342814230249262,0.06462700884046998,0.08617726877880205,35
oldscrap_metallurgy,S_iu_med,2011.0,nonautonomous,hold,0.08171441615632487,0.07080392887923284,0.11006283078072972,35
oldscrap_metallurgy,S_iu_med,2011.0,nonautonomous,mean5,0.08620059208874511,0.07249083219775183,0.11197233400036738,35
oldscrap_metallurgy,S_iu_med,2011.0,nonautonomous,trend20,0.11697053425081724,0.07307435556490272,0.16285809617473734,35
oldscrap_metallurgy,S_iu_med,2011.0,nonautonomous,trend50,0.1268988357169459,0.07702610305735239,0.2425034295705424,30
oldscrap_metallurgy,S_iu_med,2012.0,frozen,,0.08431072190594043,0.07291650672183152,0.1082393069668603,35
oldscrap_metallurgy,S_iu_med,2012.0,nonautonomous,hold,0.08096817370283223,0.07085328578233335,0.11036018619704047,35
oldscrap_metallurgy,S_iu_med,2012.0,nonautonomous,mean5,0.08651151653547097,0.0725507766409446,0.11225628359852685,35
oldscrap_metallurgy,S_iu_med,2012.0,nonautonomous,trend20,0.11607592008720705,0.07321569387793637,0.164749116767974,35
oldscrap_metallurgy,S_iu_med,2012.0,nonautonomous,trend50,0.12797631539670895,0.07748846369467778,0.2481038283592499,30
oldscrap_metallurgy,S_iu_med,2013.0,frozen,,0.0831461328656757,0.07314357188709021,0.09979044153479236,35
oldscrap_metallurgy,S_iu_med,2013.0,nonautonomous,hold,0.08100636785844824,0.07075383382888509,0.11024047626803749,35
oldscrap_metallurgy,S_iu_med,2013.0,nonautonomous,mean5,0.08677601358890603,0.0725502533176407,0.1124336849057832,35
oldscrap_metallurgy,S_iu_med,2013.0,nonautonomous,trend20,0.11553656937894563,0.07327936708910165,0.16686697739192094,35
oldscrap_metallurgy,S_iu_med,2013.0,nonautonomous,trend50,0.12713129899932082,0.07752844396361737,0.25332377369183745,30
oldscrap_metallurgy,S_iu_med,2014.0,frozen,,0.09064409538770532,0.08006490263855676,0.11008938841522589,35
oldscrap_metallurgy,S_iu_med,2014.0,nonautonomous,hold,0.08059038769170226,0.0703023738727503,0.10972935094576378,35
oldscrap_metallurgy,S_iu_med,2014.0,nonautonomous,mean5,0.08658665389367373,0.07229689873818795,0.11237568302448735,35
oldscrap_metallurgy,S_iu_med,2014.0,nonautonomous,trend20,0.11484959117221549,0.07322066323317634,0.169024992553313,35
oldscrap_metallurgy,S_iu_med,2014.0,nonautonomous,trend50,0.1260548999934384,0.07736983541505929,0.2584578226541886,30
oldscrap_metallurgy,S_iu_med,2015.0,frozen,,0.09910472511221104,0.08474145767233388,0.12471136367926647,35
oldscrap_metallurgy,S_iu_med,2015.0,nonautonomous,hold,0.08010539377849643,0.06959164771888243,0.1092999107182749,35
oldscrap_metallurgy,S_iu_med,2015.0,nonautonomous,mean5,0.08633032790352532,0.07202463651901797,0.11197912897554518,35
oldscrap_metallurgy,S_iu_med,2015.0,nonautonomous,trend20,0.1141103631525218,0.0729126007563404,0.17208916701301288,35
oldscrap_metallurgy,S_iu_med,2015.0,nonautonomous,trend50,0.12502095561949605,0.0771665373547262,0.26342104007917,30
oldscrap_metallurgy,S_iu_med,2016.0,frozen,,0.08556533173816114,0.07670014236354585,0.11526101428293582,35
oldscrap_metallurgy,S_iu_med,2016.0,nonautonomous,hold,0.08000674304592838,0.0691328369283833,0.10924887418708518,35
oldscrap_metallurgy,S_iu_med,2016.0,nonautonomous,mean5,0.08664792536611811,0.07214198248652254,0.11172311294683882,35
oldscrap_metallurgy,S_iu_med,2016.0,nonautonomous,trend20,0.11346664620713404,0.0726532916384502,0.17583052372064,35
oldscrap_metallurgy,S_iu_med,2016.0,nonautonomous,trend50,0.12447704693225001,0.07724182813775973,0.2690262809996384,30
oldscrap_metallurgy,S_iu_med,2017.0,frozen,,0.08060536694992831,0.06576313940010362,0.09839224391978538,35
oldscrap_metallurgy,S_iu_med,2017.0,nonautonomous,hold,0.08006612589825486,0.06904867859046995,0.10964556332681122,35
oldscrap_metallurgy,S_iu_med,2017.0,nonautonomous,mean5,0.08714260147032447,0.07238734798139745,0.11193771427649185,35
oldscrap_metallurgy,S_iu_med,2017.0,nonautonomous,trend20,0.11301131861675666,0.0728437921136278,0.18000662827256153,35
oldscrap_metallurgy,S_iu_med,2017.0,nonautonomous,trend50,0.12423672670988326,0.07770334836706587,0.27576071370758254,30
oldscrap_metallurgy,S_iu_med,2018.0,frozen,,0.09652811757133263,0.07133550344989084,0.1146624491479433,35
oldscrap_metallurgy,S_iu_med,2018.0,nonautonomous,hold,0.08019314564030366,0.0689993764929572,0.11000899895765072,35
oldscrap_metallurgy,S_iu_med,2018.0,nonautonomous,mean5,0.08709513343042523,0.07234553935487872,0.11211733646335104,35
oldscrap_metallurgy,S_iu_med,2018.0,nonautonomous,trend20,0.1124365362486075,0.07297227195717004,0.18405116473356758,35
oldscrap_metallurgy,S_iu_med,2018.0,nonautonomous,trend50,0.12375463564844424,0.0781866962094729,0.2824096507866094,30
oldscrap_metallurgy,S_iu_med,2019.0,frozen,,0.0801263020227766,0.06896899555948398,0.11011674657279141,35
oldscrap_metallurgy,S_iu_med,2019.0,nonautonomous,hold,0.0801263020227766,0.06896899555948398,0.11011674657279141,35
oldscrap_metallurgy,S_iu_med,2019.0,nonautonomous,mean5,0.08667144516934021,0.07222244027366319,0.11213921309720244,35
oldscrap_metallurgy,S_iu_med,2019.0,nonautonomous,trend20,0.11246859511721377,0.07314361320654186,0.1878592830077711,35
oldscrap_metallurgy,S_iu_med,2019.0,nonautonomous,trend50,0.12313464418263836,0.07880365390441996,0.2886657523294475,30
oldscrap_metallurgy,S_iu_long,1980.0,frozen,,0.029186027199090907,0.0274019353302525,0.032755510768828724,35
oldscrap_metallurgy,S_iu_long,1980.0,nonautonomous,hold,0.07008635489374308,0.06355696208686797,0.08515355984311421,35
oldscrap_metallurgy,S_iu_long,1980.0,nonautonomous,mean5,0.07302659479379822,0.064539224268674,0.08731328189171025,35
oldscrap_metallurgy,S_iu_long,1980.0,nonautonomous,trend20,0.09009671848551173,0.06548309975131028,0.13068586583056852,35
oldscrap_metallurgy,S_iu_long,1980.0,nonautonomous,trend50,0.09039991998353344,0.06837324838149132,0.20570880621921467,30
oldscrap_metallurgy,S_iu_long,1981.0,frozen,,0.0376057865326757,0.03538614037321493,0.0396874995269491,35
oldscrap_metallurgy,S_iu_long,1981.0,nonautonomous,hold,0.07071609030928508,0.06414018710283287,0.08612788778388536,35
oldscrap_metallurgy,S_iu_long,1981.0,nonautonomous,mean5,0.07380098835760154,0.0651041847131971,0.088347432920021,35
oldscrap_metallurgy,S_iu_long,1981.0,nonautonomous,trend20,0.09116693845790882,0.06608713105809877,0.13259273773114738,35
oldscrap_metallurgy,S_iu_long,1981.0,nonautonomous,trend50,0.09152916639767089,0.06902730485884072,0.20925597635955093,30
oldscrap_metallurgy,S_iu_long,1982.0,frozen,,0.04458951070812063,0.04203462465503384,0.04739714554986304,35
oldscrap_metallurgy,S_iu_long,1982.0,nonautonomous,hold,0.07130426313511903,0.0645655757742829,0.08699511074969014,35
oldscrap_metallurgy,S_iu_long,1982.0,nonautonomous,mean5,0.07443194314931187,0.06560497490658078,0.08929360762383098,35
oldscrap_metallurgy,S_iu_long,1982.0,nonautonomous,trend20,0.09210586376697188,0.06657530965205082,0.13440172267673595,35
oldscrap_metallurgy,S_iu_long,1982.0,nonautonomous,trend50,0.0925426448305312,0.06961920016724822,0.21272882449353286,30
oldscrap_metallurgy,S_iu_long,1983.0,frozen,,0.03483399834516482,0.03227853016850816,0.03689438440887971,35
oldscrap_metallurgy,S_iu_long,1983.0,nonautonomous,hold,0.07199386620374976,0.06498918722701999,0.08795609097539521,35
oldscrap_metallurgy,S_iu_long,1983.0,nonautonomous,mean5,0.07511019468094426,0.06608938206128104,0.090286114976593,35
oldscrap_metallurgy,S_iu_long,1983.0,nonautonomous,trend20,0.0930719740869202,0.06704276670554579,0.13627484459847455,35
oldscrap_metallurgy,S_iu_long,1983.0,nonautonomous,trend50,0.09359763444423563,0.07019297548806291,0.21624969696826812,30
oldscrap_metallurgy,S_iu_long,1984.0,frozen,,0.04277653638611613,0.04084777398685499,0.04464266315553933,35
oldscrap_metallurgy,S_iu_long,1984.0,nonautonomous,hold,0.07266254231237089,0.06542649077405911,0.0889232919134264,35
oldscrap_metallurgy,S_iu_long,1984.0,nonautonomous,mean5,0.07575548569252616,0.06653517242297291,0.09129282371673494,35
oldscrap_metallurgy,S_iu_long,1984.0,nonautonomous,trend20,0.09404488491899185,0.06748575279124555,0.13821029817270106,35
oldscrap_metallurgy,S_iu_long,1984.0,nonautonomous,trend50,0.09465309748055023,0.0707317941485978,0.21985371688163446,30
oldscrap_metallurgy,S_iu_long,1985.0,frozen,,0.048583730674945313,0.04576557945937638,0.05051766233833663,35
oldscrap_metallurgy,S_iu_long,1985.0,nonautonomous,hold,0.0732587836263225,0.0658477674252328,0.08984319797751095,35
oldscrap_metallurgy,S_iu_long,1985.0,nonautonomous,mean5,0.07641577767521787,0.06695862542291536,0.09226739252208466,35
oldscrap_metallurgy,S_iu_long,1985.0,nonautonomous,trend20,0.09504740357784829,0.06794653292059095,0.14014590371087365,35
oldscrap_metallurgy,S_iu_long,1985.0,nonautonomous,trend50,0.0956949034098234,0.07123211043492916,0.2234740466781099,30
oldscrap_metallurgy,S_iu_long,1986.0,frozen,,0.047609669925581855,0.044042845726710605,0.050820037719970235,35
oldscrap_metallurgy,S_iu_long,1986.0,nonautonomous,hold,0.0739526845783568,0.06643907903524954,0.09089075377585018,35
oldscrap_metallurgy,S_iu_long,1986.0,nonautonomous,mean5,0.07723183776212238,0.0675736897914683,0.0933467622587996,35
oldscrap_metallurgy,S_iu_long,1986.0,nonautonomous,trend20,0.0962345006979761,0.06861618741313048,0.1423108626951393,35
oldscrap_metallurgy,S_iu_long,1986.0,nonautonomous,trend50,0.09687467270472425,0.07193035921800922,0.2272637512506193,30
oldscrap_metallurgy,S_iu_long,1987.0,frozen,,0.02549628252100995,0.023561856896562865,0.027432622648671807,35
oldscrap_metallurgy,S_iu_long,1987.0,nonautonomous,hold,0.07484278826431233,0.06726312210536622,0.09216686278935192,35
oldscrap_metallurgy,S_iu_long,1987.0,nonautonomous,mean5,0.07829264992143412,0.06844746348934344,0.09467489516842235,35
oldscrap_metallurgy,S_iu_long,1987.0,nonautonomous,trend20,0.09764655260553651,0.0695008323222535,0.14476272466462342,35
oldscrap_metallurgy,S_iu_long,1987.0,nonautonomous,trend50,0.0982715053929779,0.0729006437573988,0.2313821521556316,30
oldscrap_metallurgy,S_iu_long,1988.0,frozen,,0.021726204714521746,0.02101600416354691,0.022325792829094658,35
oldscrap_metallurgy,S_iu_long,1988.0,nonautonomous,hold,0.07585043281791026,0.0681380287565705,0.09357889523788376,35
oldscrap_metallurgy,S_iu_long,1988.0,nonautonomous,mean5,0.07946000199180393,0.06937636970967725,0.09614451990648533,35
oldscrap_metallurgy,S_iu_long,1988.0,nonautonomous,trend20,0.09915215393640828,0.07042437910286721,0.147294149897781,35
oldscrap_metallurgy,S_iu_long,1988.0,nonautonomous,trend50,0.09978507236914527,0.07391772081012185,0.235759820823316,30
oldscrap_metallurgy,S_iu_long,1989.0,frozen,,0.028098008678050793,0.026809030193154983,0.029130593999918082,35
oldscrap_metallurgy,S_iu_long,1989.0,nonautonomous,hold,0.07671426725271391,0.06885051670852721,0.09485875887517341,35
oldscrap_metallurgy,S_iu_long,1989.0,nonautonomous,mean5,0.08044083662508172,0.07014761872483548,0.09748792749884416,35
oldscrap_metallurgy,S_iu_long,1989.0,nonautonomous,trend20,0.10049459162277274,0.07119400763255196,0.14972279751734346,35
oldscrap_metallurgy,S_iu_long,1989.0,nonautonomous,trend50,0.10116731325654349,0.07478256926868951,0.24003114678215828,30
oldscrap_metallurgy,S_iu_long,1990.0,frozen,,0.05159437409262438,0.05005775249127479,0.0528176941595995,35
oldscrap_metallurgy,S_iu_long,1990.0,nonautonomous,hold,0.07722079788213779,0.06926097579381423,0.09577763943793227,35
oldscrap_metallurgy,S_iu_long,1990.0,nonautonomous,mean5,0.08104664014908286,0.07060413537164191,0.09847965386429684,35
oldscrap_metallurgy,S_iu_long,1990.0,nonautonomous,trend20,0.1014856087311928,0.07167173783430346,0.1518252649083176,35
oldscrap_metallurgy,S_iu_long,1990.0,nonautonomous,trend50,0.10220593764269134,0.07533521788603127,0.2439511636598926,30
oldscrap_metallurgy,S_iu_long,1991.0,frozen,,0.057961994104678026,0.05610976868037844,0.06027447489618214,35
oldscrap_metallurgy,S_iu_long,1991.0,nonautonomous,hold,0.07759270933302284,0.06952366542906291,0.09649212774584909,35
oldscrap_metallurgy,S_iu_long,1991.0,nonautonomous,mean5,0.08149706933971534,0.07089119350144915,0.09930017561858778,35
oldscrap_metallurgy,S_iu_long,1991.0,nonautonomous,trend20,0.10234293621918816,0.07198993024407827,0.15375895606552334,35
oldscrap_metallurgy,S_iu_long,1991.0,nonautonomous,trend50,0.10311124103008719,0.07572647133265786,0.24771689581633072,30
oldscrap_metallurgy,S_iu_long,1992.0,frozen,,0.05513563196727026,0.053788921137674695,0.05699196018485152,35
oldscrap_metallurgy,S_iu_long,1992.0,nonautonomous,hold,0.0780011827228501,0.0697835813963274,0.0972538402654714,35
oldscrap_metallurgy,S_iu_long,1992.0,nonautonomous,mean5,0.0819904576337057,0.07117292081274841,0.10014881525415893,35
oldscrap_metallurgy,S_iu_long,1992.0,nonautonomous,trend20,0.10327269936127806,0.0722874162350314,0.15573152780451005,35
oldscrap_metallurgy,S_iu_long,1992.0,nonautonomous,trend50,0.1040522086664728,0.07612358476432898,0.2515447206042359,30
oldscrap_metallurgy,S_iu_long,1993.0,frozen,,0.05165218175516065,0.05088897953824505,0.05464155337025849,35
oldscrap_metallurgy,S_iu_long,1993.0,nonautonomous,hold,0.07843178734582545,0.07002692994001766,0.09810668357384782,35
oldscrap_metallurgy,S_iu_long,1993.0,nonautonomous,mean5,0.08248513874522022,0.07147622576454209,0.10103096510075911,35
oldscrap_metallurgy,S_iu_long,1993.0,nonautonomous,trend20,0.10416696367638198,0.07260653891031679,0.15775100501458914,35
oldscrap_metallurgy,S_iu_long,1993.0,nonautonomous,trend50,0.10501935719253047,0.07653104778223094,0.2554728172749665,30
oldscrap_metallurgy,S_iu_long,1994.0,frozen,,0.04228263849219195,0.04118062864201369,0.04352185498136736,35
oldscrap_metallurgy,S_iu_long,1994.0,nonautonomous,hold,0.07895647358053537,0.07040952726073618,0.09910256914009546,35
oldscrap_metallurgy,S_iu_long,1994.0,nonautonomous,mean5,0.0831038289489518,0.07193550267737214,0.10205407880907377,35
oldscrap_metallurgy,S_iu_long,1994.0,nonautonomous,trend20,0.10519707461971137,0.0730506825012403,0.15991280261624496,35
oldscrap_metallurgy,S_iu_long,1994.0,nonautonomous,trend50,0.1061584549312824,0.07709366050245563,0.25967159814509755,30
oldscrap_metallurgy,S_iu_long,1995.0,frozen,,0.042949504484342135,0.041584229915972756,0.044451359161071846,35
oldscrap_metallurgy,S_iu_long,1995.0,nonautonomous,hold,0.07950581237880622,0.07083264602504152,0.10009240428978049,35
oldscrap_metallurgy,S_iu_long,1995.0,nonautonomous,mean5,0.08376910231281805,0.07241330890260286,0.10311348616672944,35
oldscrap_metallurgy,S_iu_long,1995.0,nonautonomous,trend20,0.10632851177138204,0.07350107595038562,0.16214925463399782,35
oldscrap_metallurgy,S_iu_long,1995.0,nonautonomous,trend50,0.10733807455435582,0.07768844945428982,0.2640149648682347,30
oldscrap_metallurgy,S_iu_long,1996.0,frozen,,0.05700935157927574,0.05470149914160261,0.05920380419000837,35
oldscrap_metallurgy,S_iu_long,1996.0,nonautonomous,hold,0.07996314646872892,0.0711019242347753,0.10096010785902891,35
oldscrap_metallurgy,S_iu_long,1996.0,nonautonomous,mean5,0.0843236985163141,0.07276235963218237,0.10405962895956455,35
oldscrap_metallurgy,S_iu_long,1996.0,nonautonomous,trend20,0.10734734992188252,0.07382144485907365,0.16431517525127826,35
oldscrap_metallurgy,S_iu_long,1996.0,nonautonomous,trend50,0.10832890643256239,0.07815650648912867,0.268268071834216,30
oldscrap_metallurgy,S_iu_long,1997.0,frozen,,0.06459106265939472,0.062431138967139574,0.06849054070766133,35
oldscrap_metallurgy,S_iu_long,1997.0,nonautonomous,hold,0.08027755331975976,0.0712098502293985,0.10167197753339932,35
oldscrap_metallurgy,S_iu_long,1997.0,nonautonomous,mean5,0.08462428411380728,0.07289829163757947,0.1047971274213455,35
oldscrap_metallurgy,S_iu_long,1997.0,nonautonomous,trend20,0.10821935433823118,0.07395471198722436,0.16627599250748593,35
oldscrap_metallurgy,S_iu_long,1997.0,nonautonomous,trend50,0.10912395153991908,0.07840620319889519,0.27232531548766375,30
oldscrap_metallurgy,S_iu_long,1998.0,frozen,,0.0814420359596343,0.07650178017268003,0.08417627257772128,35
oldscrap_metallurgy,S_iu_long,1998.0,nonautonomous,hold,0.08051996952779898,0.07121383494194332,0.10226158394254901,35
oldscrap_metallurgy,S_iu_long,1998.0,nonautonomous,mean5,0.08473030515006377,0.07289116075380639,0.10546384930067616,35
oldscrap_metallurgy,S_iu_long,1998.0,nonautonomous,trend20,0.10899026905946525,0.07399284303935799,0.16811625106021172,35
oldscrap_metallurgy,S_iu_long,1998.0,nonautonomous,trend50,0.10986199188863208,0.07848188735454227,0.2763953484610939,30
oldscrap_metallurgy,S_iu_long,1999.0,frozen,,0.06269624198324292,0.06021954715574169,0.06403816082198274,35
oldscrap_metallurgy,S_iu_long,1999.0,nonautonomous,hold,0.08083076858583013,0.07133955483693127,0.10298830361913751,35
oldscrap_metallurgy,S_iu_long,1999.0,nonautonomous,mean5,0.08505065891070054,0.07302762056525534,0.10630384365563686,35
oldscrap_metallurgy,S_iu_long,1999.0,nonautonomous,trend20,0.10982159456912986,0.07416467830312504,0.1700777409565302,35
oldscrap_metallurgy,S_iu_long,1999.0,nonautonomous,trend50,0.11075898519427216,0.07870254783183114,0.2807432995264719,30
oldscrap_metallurgy,S_iu_long,2000.0,frozen,,0.06274720678244472,0.05940243988615236,0.06634072805452867,35
oldscrap_metallurgy,S_iu_long,2000.0,nonautonomous,hold,0.08102080960164738,0.07145599494250833,0.10370190524779249,35
oldscrap_metallurgy,S_iu_long,2000.0,nonautonomous,mean5,0.08541977830500777,0.07312376358240225,0.107088993573868,35
oldscrap_metallurgy,S_iu_long,2000.0,nonautonomous,trend20,0.11058196470550391,0.07431156847465938,0.17199799808479138,35
oldscrap_metallurgy,S_iu_long,2000.0,nonautonomous,trend50,0.11165066898353257,0.07893333697728153,0.2850913684120726,30
oldscrap_metallurgy,S_iu_long,2001.0,frozen,,0.09929543798468238,0.09421439959518713,0.10261516059621428,35
oldscrap_metallurgy,S_iu_long,2001.0,nonautonomous,hold,0.08081862632496084,0.0712339455031998,0.10406771938324916,35
oldscrap_metallurgy,S_iu_long,2001.0,nonautonomous,mean5,0.08544594764364416,0.07282164772034722,0.10749849245340469,35
oldscrap_metallurgy,S_iu_long,2001.0,nonautonomous,trend20,0.1110700018026845,0.07409500265495805,0.17359838471315564,35
oldscrap_metallurgy,S_iu_long,2001.0,nonautonomous,trend50,0.11217991076056447,0.07877680263560145,0.2890745513005414,30
oldscrap_metallurgy,S_iu_long,2002.0,frozen,,0.09734012712880115,0.09055618125436529,0.10190228690359851,35
oldscrap_metallurgy,S_iu_long,2002.0,nonautonomous,hold,0.0805941147643874,0.07093274648029523,0.10432254643393116,35
oldscrap_metallurgy,S_iu_long,2002.0,nonautonomous,mean5,0.08545528078473073,0.07244373828246617,0.1078062725622031,35
oldscrap_metallurgy,S_iu_long,2002.0,nonautonomous,trend20,0.1115120033760919,0.07375609997851912,0.17521965835760123,35
oldscrap_metallurgy,S_iu_long,2002.0,nonautonomous,trend50,0.11262773925937417,0.0785079098680012,0.29306032266257054,30
oldscrap_metallurgy,S_iu_long,2003.0,frozen,,0.07702716430260578,0.07228802969144779,0.08147214809098208,35
oldscrap_metallurgy,S_iu_long,2003.0,nonautonomous,hold,0.08068693629873129,0.07085028986568015,0.10476810936568823,35
oldscrap_metallurgy,S_iu_long,2003.0,nonautonomous,mean5,0.08578647020550917,0.0723848149436656,0.10831665581956182,35
oldscrap_metallurgy,S_iu_long,2003.0,nonautonomous,trend20,0.1120969374396413,0.07366925601670689,0.17724165553186805,35
oldscrap_metallurgy,S_iu_long,2003.0,nonautonomous,trend50,0.11334934831872148,0.07852821014978534,0.29733631404029787,30
oldscrap_metallurgy,S_iu_long,2004.0,frozen,,0.0679900849307835,0.06352149557997636,0.07513083964399439,35
oldscrap_metallurgy,S_iu_long,2004.0,nonautonomous,hold,0.0810211940001839,0.07092132013269278,0.10537150534747083,35
oldscrap_metallurgy,S_iu_long,2004.0,nonautonomous,mean5,0.08621872837095981,0.07255984907507704,0.10894399471851977,35
oldscrap_metallurgy,S_iu_long,2004.0,nonautonomous,trend20,0.11274061543476374,0.07380623543565543,0.17959852712897043,35
oldscrap_metallurgy,S_iu_long,2004.0,nonautonomous,trend50,0.11426007349095174,0.07879117616931186,0.3016957620575488,30
oldscrap_metallurgy,S_iu_long,2005.0,frozen,,0.07705336539927053,0.07267410849311846,0.08891391607193,35
oldscrap_metallurgy,S_iu_long,2005.0,nonautonomous,hold,0.0813203450731298,0.07097979167229468,0.10601005925631263,35
oldscrap_metallurgy,S_iu_long,2005.0,nonautonomous,mean5,0.08644505157632666,0.07270868993747445,0.10950272910405721,35
oldscrap_metallurgy,S_iu_long,2005.0,nonautonomous,trend20,0.1132878975502874,0.07394176244895782,0.18194611856879864,35
oldscrap_metallurgy,S_iu_long,2005.0,nonautonomous,trend50,0.11513437558538074,0.07907316568207771,0.3058335860245656,30
oldscrap_metallurgy,S_iu_long,2006.0,frozen,,0.07291582422301181,0.06839052044330327,0.07961406229155216,35
oldscrap_metallurgy,S_iu_long,2006.0,nonautonomous,hold,0.08156358578982505,0.07098224889584084,0.10668198241520191,35
oldscrap_metallurgy,S_iu_long,2006.0,nonautonomous,mean5,0.08652138002315153,0.0728822575737231,0.11014010299795038,35
oldscrap_metallurgy,S_iu_long,2006.0,nonautonomous,trend20,0.11381146223294794,0.07399052210213233,0.18412208624707782,35
oldscrap_metallurgy,S_iu_long,2006.0,nonautonomous,trend50,0.1160226569076731,0.0794696438131724,0.3100162548829758,30
oldscrap_metallurgy,S_iu_long,2007.0,frozen,,0.07111648931887517,0.06569886397556979,0.08612899235825269,35
oldscrap_metallurgy,S_iu_long,2007.0,nonautonomous,hold,0.08167697826982628,0.07083857075280998,0.10733495848301457,35
oldscrap_metallurgy,S_iu_long,2007.0,nonautonomous,mean5,0.08655433573288972,0.07284790033117941,0.11088879680179342,35
oldscrap_metallurgy,S_iu_long,2007.0,nonautonomous,trend20,0.11411912071069658,0.0740501061886773,0.18600580745561085,35
oldscrap_metallurgy,S_iu_long,2007.0,nonautonomous,trend50,0.11680006956083898,0.07978024183447084,0.31420768436521235,30
oldscrap_metallurgy,S_iu_long,2008.0,frozen,,0.08995539573504253,0.06904694156750826,0.1106734373462272,35
oldscrap_metallurgy,S_iu_long,2008.0,nonautonomous,hold,0.08133084816935483,0.07052261497131565,0.10787382805214002,35
oldscrap_metallurgy,S_iu_long,2008.0,nonautonomous,mean5,0.08616066074840724,0.07250045772346153,0.11119791617833827,35
oldscrap_metallurgy,S_iu_long,2008.0,nonautonomous,trend20,0.11357411671726769,0.07396397744389752,0.1875039314878182,35
oldscrap_metallurgy,S_iu_long,2008.0,nonautonomous,trend50,0.11725394349602117,0.0797620855973585,0.31814899487016735,30
oldscrap_metallurgy,S_iu_long,2009.0,frozen,,0.11385079379441354,0.09150362780653026,0.13525522706568477,35
oldscrap_metallurgy,S_iu_long,2009.0,nonautonomous,hold,0.08092007416181848,0.07021575100792246,0.10801204675863715,35
oldscrap_metallurgy,S_iu_long,2009.0,nonautonomous,mean5,0.08602710657267822,0.0723087070663645,0.11123850327800114,35
oldscrap_metallurgy,S_iu_long,2009.0,nonautonomous,trend20,0.1130455149432126,0.07387094414327641,0.18922557240589927,35
oldscrap_metallurgy,S_iu_long,2009.0,nonautonomous,trend50,0.1177378715383717,0.07973491194348471,0.32219022806258796,30
oldscrap_metallurgy,S_iu_long,2010.0,frozen,,0.06168961340837423,0.055843190159166424,0.0745763679332776,35
oldscrap_metallurgy,S_iu_long,2010.0,nonautonomous,hold,0.08095230001195888,0.07005533631886393,0.1083402180581258,35
oldscrap_metallurgy,S_iu_long,2010.0,nonautonomous,mean5,0.08629567369654233,0.07237522463191706,0.11164625481925064,35
oldscrap_metallurgy,S_iu_long,2010.0,nonautonomous,trend20,0.1135512681622281,0.07394122565295852,0.19147475046987983,35
oldscrap_metallurgy,S_iu_long,2010.0,nonautonomous,trend50,0.11865326404071694,0.07990510744319529,0.3267437738325662,30
oldscrap_metallurgy,S_iu_long,2011.0,frozen,,0.07342814230249262,0.06462700884046998,0.08617726877880207,35
oldscrap_metallurgy,S_iu_long,2011.0,nonautonomous,hold,0.0808496663432676,0.06994955318564837,0.10890730330000913,35
oldscrap_metallurgy,S_iu_long,2011.0,nonautonomous,mean5,0.08644754762766492,0.07238024079580865,0.11206161148623864,35
oldscrap_metallurgy,S_iu_long,2011.0,nonautonomous,trend20,0.11432593562391244,0.07405072925838158,0.1936262743680814,35
oldscrap_metallurgy,S_iu_long,2011.0,nonautonomous,trend50,0.1194970512392514,0.08004501198332736,0.33152265676108095,30
oldscrap_metallurgy,S_iu_long,2012.0,frozen,,0.08431072190594043,0.07291650672183152,0.1082393069668603,35
oldscrap_metallurgy,S_iu_long,2012.0,nonautonomous,hold,0.08044079708868147,0.06988484838634226,0.1093030674539567,35
oldscrap_metallurgy,S_iu_long,2012.0,nonautonomous,mean5,0.08650757386526634,0.07240464465397692,0.11219069083620185,35
oldscrap_metallurgy,S_iu_long,2012.0,nonautonomous,trend20,0.11489657748913841,0.07412982862644607,0.19578254206872947,35
oldscrap_metallurgy,S_iu_long,2012.0,nonautonomous,trend50,0.1202010161647343,0.08017819988614253,0.3361789924530051,30
oldscrap_metallurgy,S_iu_long,2013.0,frozen,,0.08314613286567571,0.07314357188709021,0.09979044153479237,35
oldscrap_metallurgy,S_iu_long,2013.0,nonautonomous,hold,0.08027558232770728,0.0698177313322977,0.10959844652220899,35
oldscrap_metallurgy,S_iu_long,2013.0,nonautonomous,mean5,0.08662551936088494,0.072400780726561,0.11226868895213504,35
oldscrap_metallurgy,S_iu_long,2013.0,nonautonomous,trend20,0.11551494790663275,0.07416889209215624,0.19812311781046388,35
oldscrap_metallurgy,S_iu_long,2013.0,nonautonomous,trend50,0.12088596707632973,0.08030586671970265,0.34069964138906306,30
oldscrap_metallurgy,S_iu_long,2014.0,frozen,,0.09064409538770532,0.08006490263855676,0.11008938841522589,35
oldscrap_metallurgy,S_iu_long,2014.0,nonautonomous,hold,0.08007191659038194,0.06959337156980773,0.10976234717141073,35
oldscrap_metallurgy,S_iu_long,2014.0,nonautonomous,mean5,0.08653678721244926,0.07228352897577064,0.11223844292730308,35
oldscrap_metallurgy,S_iu_long,2014.0,nonautonomous,trend20,0.11614530305407897,0.07406945413156718,0.20046376205279487,35
oldscrap_metallurgy,S_iu_long,2014.0,nonautonomous,trend50,0.12151290045409101,0.08027620397087314,0.3451088415551845,30
oldscrap_metallurgy,S_iu_long,2015.0,frozen,,0.09910472511221102,0.08474145767233386,0.12471136367926647,35
oldscrap_metallurgy,S_iu_long,2015.0,nonautonomous,hold,0.07984527510461882,0.06925839835730029,0.10972277180567244,35
oldscrap_metallurgy,S_iu_long,2015.0,nonautonomous,mean5,0.08651269978477037,0.07216140898699708,0.11205732456273607,35
oldscrap_metallurgy,S_iu_long,2015.0,nonautonomous,trend20,0.11672689904046099,0.07393194201473757,0.20279888735999946,35
oldscrap_metallurgy,S_iu_long,2015.0,nonautonomous,trend50,0.12209814903737339,0.07954171744030766,0.34953101037698536,30
oldscrap_metallurgy,S_iu_long,2016.0,frozen,,0.08556533173816112,0.07670014236354586,0.11526101428293584,35
oldscrap_metallurgy,S_iu_long,2016.0,nonautonomous,hold,0.07991961443112588,0.06904560069370652,0.10971013054987051,35
oldscrap_metallurgy,S_iu_long,2016.0,nonautonomous,mean5,0.08667222295195173,0.0722176964850217,0.11194482630074132,35
oldscrap_metallurgy,S_iu_long,2016.0,nonautonomous,trend20,0.11728316431666504,0.07394372646817415,0.20525516118158593,35
oldscrap_metallurgy,S_iu_long,2016.0,nonautonomous,trend50,0.12280195095527022,0.07814834371328053,0.35417223205787596,30
oldscrap_metallurgy,S_iu_long,2017.0,frozen,,0.08060536694992831,0.06576313940010362,0.09839224391978538,35
oldscrap_metallurgy,S_iu_long,2017.0,nonautonomous,hold,0.08009059576602215,0.06900608150026252,0.10989891278786851,35
oldscrap_metallurgy,S_iu_long,2017.0,nonautonomous,mean5,0.08689436817370322,0.07231962265747204,0.11204653023120337,35
oldscrap_metallurgy,S_iu_long,2017.0,nonautonomous,trend20,0.11788236657430189,0.07405883996030292,0.2077960564130022,35
oldscrap_metallurgy,S_iu_long,2017.0,nonautonomous,trend50,0.12371112274182922,0.07682847612696933,0.3590967704517398,30
oldscrap_metallurgy,S_iu_long,2018.0,frozen,,0.09652811757133263,0.07133550344989086,0.1146624491479433,35
oldscrap_metallurgy,S_iu_long,2018.0,nonautonomous,hold,0.08015698204891349,0.06898291791455329,0.1100673117879746,35
oldscrap_metallurgy,S_iu_long,2018.0,nonautonomous,mean5,0.08686646338331001,0.07227913930211047,0.1121291689990056,35
oldscrap_metallurgy,S_iu_long,2018.0,nonautonomous,trend20,0.1184381666041028,0.07414425469651528,0.2101992539686094,35
oldscrap_metallurgy,S_iu_long,2018.0,nonautonomous,trend50,0.12464782604877957,0.0753471185023935,0.3639412986931184,30
oldscrap_metallurgy,S_iu_long,2019.0,frozen,,0.08012630202277661,0.06896899555948399,0.11011674657279143,35
oldscrap_metallurgy,S_iu_long,2019.0,nonautonomous,hold,0.08012630202277661,0.06896899555948399,0.11011674657279143,35
oldscrap_metallurgy,S_iu_long,2019.0,nonautonomous,mean5,0.08667144516934021,0.07222244027366319,0.11213921309720246,35
oldscrap_metallurgy,S_iu_long,2019.0,nonautonomous,trend20,0.11903764890619989,0.07424815275245768,0.21253832244006665,35
oldscrap_metallurgy,S_iu_long,2019.0,nonautonomous,trend50,0.1257680382920494,0.07378803575950638,0.36875046327108935,30
oldscrap_metallurgy,S_scrap,1980.0,frozen,,0.23465394662052685,0.2153980871787236,0.249902938831413,35
oldscrap_metallurgy,S_scrap,1980.0,nonautonomous,hold,0.28872604124373463,0.2800083407061531,0.2968355568378881,35
oldscrap_metallurgy,S_scrap,1980.0,nonautonomous,mean5,0.29029425015265126,0.2806423077462351,0.299253081244437,35
oldscrap_metallurgy,S_scrap,1980.0,nonautonomous,trend20,0.2956844773137671,0.2854115897284287,0.3279560787692485,35
oldscrap_metallurgy,S_scrap,1980.0,nonautonomous,trend50,0.30027818510235926,0.28011007805159255,0.38120758632507545,30
oldscrap_metallurgy,S_scrap,1981.0,frozen,,0.2579098872109181,0.24832381455035663,0.26497873402435007,35
oldscrap_metallurgy,S_scrap,1981.0,nonautonomous,hold,0.2919374945273493,0.2846831053188644,0.3041234211995802,35
oldscrap_metallurgy,S_scrap,1981.0,nonautonomous,mean5,0.29438747638266854,0.28649765578963804,0.3043279498543574,35
oldscrap_metallurgy,S_scrap,1981.0,nonautonomous,trend20,0.30192134214984667,0.2860528382491472,0.33377951355690827,35
oldscrap_metallurgy,S_scrap,1981.0,nonautonomous,trend50,0.30474578038663225,0.28685512476867087,0.389051215583317,30
oldscrap_metallurgy,S_scrap,1982.0,frozen,,0.27444610608062037,0.26583311147259603,0.28128731060235646,35
oldscrap_metallurgy,S_scrap,1982.0,nonautonomous,hold,0.28943804520264177,0.28541215430181455,0.3050328560723614,35
oldscrap_metallurgy,S_scrap,1982.0,nonautonomous,mean5,0.293109645590385,0.2868501440799735,0.30498518019218424,35
oldscrap_metallurgy,S_scrap,1982.0,nonautonomous,trend20,0.30470497422569914,0.28756537648072367,0.335411661777928,35
oldscrap_metallurgy,S_scrap,1982.0,nonautonomous,trend50,0.30415814158143856,0.28759152078450634,0.3902116012905374,30
oldscrap_metallurgy,S_scrap,1983.0,frozen,,0.23943630605958213,0.22960116264985736,0.24758132159897192,35
oldscrap_metallurgy,S_scrap,1983.0,nonautonomous,hold,0.29359812516525663,0.2889333867460876,0.3083781728093004,35
oldscrap_metallurgy,S_scrap,1983.0,nonautonomous,mean5,0.2947661171687474,0.2899933971876779,0.3092329789429028,35
oldscrap_metallurgy,S_scrap,1983.0,nonautonomous,trend20,0.30929058812836135,0.2908177996704808,0.33771812186313116,35
oldscrap_metallurgy,S_scrap,1983.0,nonautonomous,trend50,0.30971037185320305,0.29385680029728,0.3928539402134157,30
oldscrap_metallurgy,S_scrap,1984.0,frozen,,0.2652390056988248,0.26042105976446844,0.27118652184762215,35
oldscrap_metallurgy,S_scrap,1984.0,nonautonomous,hold,0.29989538951596245,0.29404864865383656,0.31297156212618743,35
oldscrap_metallurgy,S_scrap,1984.0,nonautonomous,mean5,0.30152108065703276,0.2964092862183578,0.31497077389445954,35
oldscrap_metallurgy,S_scrap,1984.0,nonautonomous,trend20,0.3185750011192111,0.2966068233212634,0.3419188665282106,35
oldscrap_metallurgy,S_scrap,1984.0,nonautonomous,trend50,0.3193723261207895,0.2985902117263497,0.3989694184803272,30
oldscrap_metallurgy,S_scrap,1985.0,frozen,,0.31487658602946156,0.3018178977110531,0.32181382756345145,35
oldscrap_metallurgy,S_scrap,1985.0,nonautonomous,hold,0.29933216437370413,0.2921016341133118,0.310877871908841,35
oldscrap_metallurgy,S_scrap,1985.0,nonautonomous,mean5,0.30038426869495205,0.29355096720090107,0.31321841918727833,35
oldscrap_metallurgy,S_scrap,1985.0,nonautonomous,trend20,0.3178655951248479,0.2938447709983635,0.3399344120969968,35
oldscrap_metallurgy,S_scrap,1985.0,nonautonomous,trend50,0.31916589312537347,0.2954834933378922,0.4001576500495435,30
oldscrap_metallurgy,S_scrap,1986.0,frozen,,0.36868271281259873,0.3597540178385088,0.37998817318830863,35
oldscrap_metallurgy,S_scrap,1986.0,nonautonomous,hold,0.2871434662099642,0.2794552828294348,0.29943760356521903,35
oldscrap_metallurgy,S_scrap,1986.0,nonautonomous,mean5,0.28858949369735926,0.2804556524588906,0.3037949033395881,35
oldscrap_metallurgy,S_scrap,1986.0,nonautonomous,trend20,0.308005368517696,0.2810759895264484,0.32890875017556054,35
oldscrap_metallurgy,S_scrap,1986.0,nonautonomous,trend50,0.30741145583854523,0.28496669491185056,0.38904582309519786,30
oldscrap_metallurgy,S_scrap,1987.0,frozen,,0.25065680499439597,0.24520080248885692,0.25472358459391176,35
oldscrap_metallurgy,S_scrap,1987.0,nonautonomous,hold,0.27663000851139147,0.26890003422202535,0.2903728287039397,35
oldscrap_metallurgy,S_scrap,1987.0,nonautonomous,mean5,0.27659336939517415,0.27051477873103824,0.2944991580856774,35
oldscrap_metallurgy,S_scrap,1987.0,nonautonomous,trend20,0.2974516470430759,0.2722160340251688,0.31944808182446816,35
oldscrap_metallurgy,S_scrap,1987.0,nonautonomous,trend50,0.2971347688281503,0.2744783323661729,0.37948285982498714,30
oldscrap_metallurgy,S_scrap,1988.0,frozen,,0.19342834479706209,0.19033690547461773,0.19836566265856018,35
oldscrap_metallurgy,S_scrap,1988.0,nonautonomous,hold,0.2812267738698104,0.2727008380289012,0.29399681909820385,35
oldscrap_metallurgy,S_scrap,1988.0,nonautonomous,mean5,0.28019121636616695,0.274859955270929,0.2989113564483123,35
oldscrap_metallurgy,S_scrap,1988.0,nonautonomous,trend20,0.30254117595770863,0.27569592389396635,0.3240230220406446,35
oldscrap_metallurgy,S_scrap,1988.0,nonautonomous,trend50,0.30219703655119756,0.27894380084129394,0.383527415435809,30
oldscrap_metallurgy,S_scrap,1989.0,frozen,,0.19465378124063942,0.19039601058665007,0.1983399717325745,35
oldscrap_metallurgy,S_scrap,1989.0,nonautonomous,hold,0.3005344574649784,0.29339666884557025,0.31433277403312243,35
oldscrap_metallurgy,S_scrap,1989.0,nonautonomous,mean5,0.3029049939881021,0.29444032728413505,0.3178278842992112,35
oldscrap_metallurgy,S_scrap,1989.0,nonautonomous,trend20,0.3252350326483389,0.2937221694326426,0.34489329905613986,35
oldscrap_metallurgy,S_scrap,1989.0,nonautonomous,trend50,0.3233187968535229,0.29916750740421577,0.40362569610630505,30
oldscrap_metallurgy,S_scrap,1990.0,frozen,,0.2675965711450499,0.26323802813972264,0.2711863679275013,35
oldscrap_metallurgy,S_scrap,1990.0,nonautonomous,hold,0.3216401769121941,0.31385552859346155,0.33519870055176487,35
oldscrap_metallurgy,S_scrap,1990.0,nonautonomous,mean5,0.3234298581280102,0.31441498044810035,0.33855669795139853,35
oldscrap_metallurgy,S_scrap,1990.0,nonautonomous,trend20,0.34515726978318084,0.314514441231992,0.3676983688273051,35
oldscrap_metallurgy,S_scrap,1990.0,nonautonomous,trend50,0.3439150538317856,0.31937374611240343,0.42971462985003717,30
oldscrap_metallurgy,S_scrap,1991.0,frozen,,0.3232248356596829,0.3163139073990142,0.33200136304293604,35
oldscrap_metallurgy,S_scrap,1991.0,nonautonomous,hold,0.32536455402724684,0.3180532625427119,0.33946080547042135,35
oldscrap_metallurgy,S_scrap,1991.0,nonautonomous,mean5,0.32625160105049955,0.31897295295846906,0.34332661134916015,35
oldscrap_metallurgy,S_scrap,1991.0,nonautonomous,trend20,0.34709732994614284,0.3194575219228324,0.37283206513811107,35
oldscrap_metallurgy,S_scrap,1991.0,nonautonomous,trend50,0.3457535241613289,0.3236369722484146,0.43875578397772363,30
oldscrap_metallurgy,S_scrap,1992.0,frozen,,0.2895382788451852,0.2866784514898411,0.2948763501957955,35
oldscrap_metallurgy,S_scrap,1992.0,nonautonomous,hold,0.32751745852904557,0.3186745423045524,0.3413844171337745,35
oldscrap_metallurgy,S_scrap,1992.0,nonautonomous,mean5,0.32822991123751805,0.3200071491307048,0.34354777268435366,35
oldscrap_metallurgy,S_scrap,1992.0,nonautonomous,trend20,0.34910595403649647,0.32049386690995024,0.37528653666979306,35
oldscrap_metallurgy,S_scrap,1992.0,nonautonomous,trend50,0.3476457374478104,0.3222848447673903,0.44174891449792114,30
oldscrap_metallurgy,S_scrap,1993.0,frozen,,0.30943793991375274,0.30195565278002484,0.31914794047376094,35
oldscrap_metallurgy,S_scrap,1993.0,nonautonomous,hold,0.3300722011767237,0.32049742402934617,0.3437205433929992,35
oldscrap_metallurgy,S_scrap,1993.0,nonautonomous,mean5,0.3307907923993506,0.3219955752625797,0.34652309018160304,35
oldscrap_metallurgy,S_scrap,1993.0,nonautonomous,trend20,0.34949971944887653,0.32269237946567025,0.37954039307539805,35
oldscrap_metallurgy,S_scrap,1993.0,nonautonomous,trend50,0.3487065890200049,0.32380987606337663,0.44763607912920167,30
oldscrap_metallurgy,S_scrap,1994.0,frozen,,0.27183182481394974,0.2665136379144184,0.2761831448774475,35
oldscrap_metallurgy,S_scrap,1994.0,nonautonomous,hold,0.33455838083376377,0.32394684988110106,0.3482218324720672,35
oldscrap_metallurgy,S_scrap,1994.0,nonautonomous,mean5,0.33550313054188396,0.32609420901546987,0.3507463348775737,35
oldscrap_metallurgy,S_scrap,1994.0,nonautonomous,trend20,0.3499356113975606,0.3269025149505503,0.3873066340211232,35
oldscrap_metallurgy,S_scrap,1994.0,nonautonomous,trend50,0.35114227160816364,0.3285840017194901,0.45277206776785284,30
oldscrap_metallurgy,S_scrap,1995.0,frozen,,0.2755569887463054,0.27144593858791727,0.2820820368302219,35
oldscrap_metallurgy,S_scrap,1995.0,nonautonomous,hold,0.35234954381126476,0.3385825976912876,0.3635594675943692,35
oldscrap_metallurgy,S_scrap,1995.0,nonautonomous,mean5,0.3516470248956251,0.341508353112154,0.367391476607834,35
oldscrap_metallurgy,S_scrap,1995.0,nonautonomous,trend20,0.36755351920704665,0.34174183987226947,0.4057571550365645,35
oldscrap_metallurgy,S_scrap,1995.0,nonautonomous,trend50,0.37006889704593476,0.34336163130476083,0.467298437391733,30
oldscrap_metallurgy,S_scrap,1996.0,frozen,,0.3244287815717357,0.31747971905130623,0.3325716522205282,35
oldscrap_metallurgy,S_scrap,1996.0,nonautonomous,hold,0.366520868339092,0.3545514079882768,0.37964752010599667,35
oldscrap_metallurgy,S_scrap,1996.0,nonautonomous,mean5,0.3680826426132916,0.35638970635019984,0.38255980461490746,35
oldscrap_metallurgy,S_scrap,1996.0,nonautonomous,trend20,0.38414552650291484,0.3571504417965861,0.4235278170211155,35
oldscrap_metallurgy,S_scrap,1996.0,nonautonomous,trend50,0.38486109585444217,0.357964585473118,0.48684071223114234,30
oldscrap_metallurgy,S_scrap,1997.0,frozen,,0.332170316262351,0.3254167729152838,0.342213084602563,35
oldscrap_metallurgy,S_scrap,1997.0,nonautonomous,hold,0.3788769439465924,0.3674254036117438,0.3938737756469427,35
oldscrap_metallurgy,S_scrap,1997.0,nonautonomous,mean5,0.3774648218979017,0.3690429017407408,0.3964269612518977,35
oldscrap_metallurgy,S_scrap,1997.0,nonautonomous,trend20,0.39890397333645533,0.37092822949244975,0.43783414026032763,35
oldscrap_metallurgy,S_scrap,1997.0,nonautonomous,trend50,0.39968684467852034,0.3724705993941369,0.50630214214053,30
oldscrap_metallurgy,S_scrap,1998.0,frozen,,0.4165129928200252,0.40944987228173213,0.42816489843980077,35
oldscrap_metallurgy,S_scrap,1998.0,nonautonomous,hold,0.38072216073795684,0.36787183262076795,0.39655903752816696,35
oldscrap_metallurgy,S_scrap,1998.0,nonautonomous,mean5,0.3790676507312968,0.37004178810730615,0.3973845789562347,35
oldscrap_metallurgy,S_scrap,1998.0,nonautonomous,trend20,0.4008543759541559,0.37175225146253843,0.43823368718730576,35
oldscrap_metallurgy,S_scrap,1998.0,nonautonomous,trend50,0.39909368074199025,0.37087891587551025,0.5098705764703496,30
oldscrap_metallurgy,S_scrap,1999.0,frozen,,0.35463111137766823,0.3518811406816993,0.3636668913961921,35
oldscrap_metallurgy,S_scrap,1999.0,nonautonomous,hold,0.3689015362075371,0.3559569337087525,0.3836259651954951,35
oldscrap_metallurgy,S_scrap,1999.0,nonautonomous,mean5,0.36899040641411757,0.35752155485366466,0.3844256821798441,35
oldscrap_metallurgy,S_scrap,1999.0,nonautonomous,trend20,0.38545721642622144,0.36046179846198423,0.4266312458772875,35
oldscrap_metallurgy,S_scrap,1999.0,nonautonomous,trend50,0.3845493181281854,0.3582473358689136,0.4995071415776525,30
oldscrap_metallurgy,S_scrap,2000.0,frozen,,0.3017945110047423,0.2968326895903658,0.31320835044694106,35
oldscrap_metallurgy,S_scrap,2000.0,nonautonomous,hold,0.37716522520579465,0.37159664680564153,0.39573332311463977,35
oldscrap_metallurgy,S_scrap,2000.0,nonautonomous,mean5,0.38099283494068853,0.37234174649508944,0.39934788687278105,35
oldscrap_metallurgy,S_scrap,2000.0,nonautonomous,trend20,0.39719376723752187,0.37370659566874853,0.4432231479839989,35
oldscrap_metallurgy,S_scrap,2000.0,nonautonomous,trend50,0.4044719511360143,0.37271032597022213,0.5191598978542097,30
oldscrap_metallurgy,S_scrap,2001.0,frozen,,0.434413476443019,0.4217942400601268,0.43802749127682267,35
oldscrap_metallurgy,S_scrap,2001.0,nonautonomous,hold,0.3970185210991178,0.3820548010951412,0.4138001922364326,35
oldscrap_metallurgy,S_scrap,2001.0,nonautonomous,mean5,0.3986624573769509,0.38482953802427955,0.42058953420912226,35
oldscrap_metallurgy,S_scrap,2001.0,nonautonomous,trend20,0.4206957623866205,0.3900563342830583,0.47072271824004414,35
oldscrap_metallurgy,S_scrap,2001.0,nonautonomous,trend50,0.43235919855769345,0.38839605579183695,0.5431758442395552,30
oldscrap_metallurgy,S_scrap,2002.0,frozen,,0.4375702349086231,0.4182114634890758,0.4488151556013672,35
oldscrap_metallurgy,S_scrap,2002.0,nonautonomous,hold,0.3813824168781145,0.3623900316060607,0.40734401793153463,35
oldscrap_metallurgy,S_scrap,2002.0,nonautonomous,mean5,0.3843786453717829,0.3662440247576131,0.40985259661937506,35
oldscrap_metallurgy,S_scrap,2002.0,nonautonomous,trend20,0.42143435002545304,0.37485996764187646,0.45940350459913065,35
oldscrap_metallurgy,S_scrap,2002.0,nonautonomous,trend50,0.41470895227534643,0.3771049551210977,0.5331829476475417,30
oldscrap_metallurgy,S_scrap,2003.0,frozen,,0.4029791323344012,0.3884498841643561,0.4176866546111193,35
oldscrap_metallurgy,S_scrap,2003.0,nonautonomous,hold,0.360024405856302,0.3389244077700029,0.38801172144691864,35
oldscrap_metallurgy,S_scrap,2003.0,nonautonomous,mean5,0.36105096738624154,0.34324153624117965,0.39412761968847293,35
oldscrap_metallurgy,S_scrap,2003.0,nonautonomous,trend20,0.4107505023732782,0.3491600956018982,0.44042054256972374,35
oldscrap_metallurgy,S_scrap,2003.0,nonautonomous,trend50,0.39507371011053893,0.3487682015479809,0.5193736911003232,30
oldscrap_metallurgy,S_scrap,2004.0,frozen,,0.3409729644788612,0.3281947276440721,0.35539020204266036,35
oldscrap_metallurgy,S_scrap,2004.0,nonautonomous,hold,0.34266647292657204,0.3249080116052814,0.3780131591542607,35
oldscrap_metallurgy,S_scrap,2004.0,nonautonomous,mean5,0.3436625868617906,0.32909258687765053,0.38034858837141217,35
oldscrap_metallurgy,S_scrap,2004.0,nonautonomous,trend20,0.4027682753308345,0.33195814048735073,0.43396071716007517,35
oldscrap_metallurgy,S_scrap,2004.0,nonautonomous,trend50,0.38234169359144954,0.33168434148598314,0.5111107257851912,30
oldscrap_metallurgy,S_scrap,2005.0,frozen,,0.3547807112162447,0.33859329615197403,0.38758076466776503,35
oldscrap_metallurgy,S_scrap,2005.0,nonautonomous,hold,0.3251006641049344,0.3085144197284021,0.3626461138168275,35
oldscrap_metallurgy,S_scrap,2005.0,nonautonomous,mean5,0.33193254432786934,0.31133024301057316,0.36559796515657084,35
oldscrap_metallurgy,S_scrap,2005.0,nonautonomous,trend20,0.38506316562157455,0.32190589528142144,0.41922562634393706,35
oldscrap_metallurgy,S_scrap,2005.0,nonautonomous,trend50,0.3684024549369145,0.3287007823690571,0.5088427388343222,30
oldscrap_metallurgy,S_scrap,2006.0,frozen,,0.31044980094820807,0.28161175572222485,0.3356231141817432,35
oldscrap_metallurgy,S_scrap,2006.0,nonautonomous,hold,0.32194362429549844,0.289074048081177,0.35023100774780797,35
oldscrap_metallurgy,S_scrap,2006.0,nonautonomous,mean5,0.32640504161487405,0.29273443179919756,0.35815513639408947,35
oldscrap_metallurgy,S_scrap,2006.0,nonautonomous,trend20,0.3675699697125879,0.313849025272126,0.4095504211095544,35
oldscrap_metallurgy,S_scrap,2006.0,nonautonomous,trend50,0.36168768654943806,0.31754562101802997,0.5086538007373839,30
oldscrap_metallurgy,S_scrap,2007.0,frozen,,0.3007849495824789,0.2627843708898282,0.32620097017335925,35
oldscrap_metallurgy,S_scrap,2007.0,nonautonomous,hold,0.3292181931073811,0.2872871368837613,0.3622565830715889,35
oldscrap_metallurgy,S_scrap,2007.0,nonautonomous,mean5,0.33041695862870246,0.28764326595002965,0.37165286048523616,35
oldscrap_metallurgy,S_scrap,2007.0,nonautonomous,trend20,0.36001664910984976,0.3193681182884865,0.4355882590354646,35
oldscrap_metallurgy,S_scrap,2007.0,nonautonomous,trend50,0.3673088793335319,0.3175358151813114,0.5291834622507244,30
oldscrap_metallurgy,S_scrap,2008.0,frozen,,0.32861226162581686,0.27183300238588615,0.3976898988318729,35
oldscrap_metallurgy,S_scrap,2008.0,nonautonomous,hold,0.3429161514384387,0.3111556751875561,0.397622229565617,35
oldscrap_metallurgy,S_scrap,2008.0,nonautonomous,mean5,0.3432392579769923,0.31280793222645265,0.4037196884977041,35
oldscrap_metallurgy,S_scrap,2008.0,nonautonomous,trend20,0.39349573152054507,0.3317725517734825,0.4534835690247201,35
oldscrap_metallurgy,S_scrap,2008.0,nonautonomous,trend50,0.40282936541553976,0.33203167651307225,0.5355259209092871,30
oldscrap_metallurgy,S_scrap,2009.0,frozen,,0.43299221587459413,0.37382545821262736,0.5030437702907038,35
oldscrap_metallurgy,S_scrap,2009.0,nonautonomous,hold,0.34486521875584863,0.3068222177712161,0.40509387622169146,35
oldscrap_metallurgy,S_scrap,2009.0,nonautonomous,mean5,0.34597178576256005,0.30780856095576503,0.41077144335233406,35
oldscrap_metallurgy,S_scrap,2009.0,nonautonomous,trend20,0.39317420700832023,0.31534804752222767,0.45107820972284235,35
oldscrap_metallurgy,S_scrap,2009.0,nonautonomous,trend50,0.40927995937261796,0.30936600528976077,0.5311316831512707,30
oldscrap_metallurgy,S_scrap,2010.0,frozen,,0.28894375668493644,0.24685693168914613,0.31624178981952067,35
oldscrap_metallurgy,S_scrap,2010.0,nonautonomous,hold,0.33692530854665537,0.29450089454651596,0.3924074729502311,35
oldscrap_metallurgy,S_scrap,2010.0,nonautonomous,mean5,0.3326429669942147,0.2980806676094584,0.40686089269560677,35
oldscrap_metallurgy,S_scrap,2010.0,nonautonomous,trend20,0.37965444876945187,0.3133772215802021,0.4428741837627126,35
oldscrap_metallurgy,S_scrap,2010.0,nonautonomous,trend50,0.40275738411374973,0.3097211763402219,0.5230831068793191,30
oldscrap_metallurgy,S_scrap,2011.0,frozen,,0.3227446801739399,0.2860472710614921,0.3639479071808771,35
oldscrap_metallurgy,S_scrap,2011.0,nonautonomous,hold,0.3608849612571321,0.3185461823531413,0.42373985042315215,35
oldscrap_metallurgy,S_scrap,2011.0,nonautonomous,mean5,0.3564655458957929,0.3216920680790323,0.4354399866030606,35
oldscrap_metallurgy,S_scrap,2011.0,nonautonomous,trend20,0.4157665984921255,0.3285498644820316,0.46595905628214507,35
oldscrap_metallurgy,S_scrap,2011.0,nonautonomous,trend50,0.4310139013568384,0.32927303478046466,0.5509895550877175,30
oldscrap_metallurgy,S_scrap,2012.0,frozen,,0.37272634340745014,0.31848320100400007,0.4320061067714086,35
oldscrap_metallurgy,S_scrap,2012.0,nonautonomous,hold,0.36473874389323957,0.31964376021283264,0.44051416040591906,35
oldscrap_metallurgy,S_scrap,2012.0,nonautonomous,mean5,0.3698801845244316,0.32713702876820444,0.4549617799196365,35
oldscrap_metallurgy,S_scrap,2012.0,nonautonomous,trend20,0.4438464998457582,0.3283801867299413,0.4886823394333456,35
oldscrap_metallurgy,S_scrap,2012.0,nonautonomous,trend50,0.42940760593058297,0.32766031345931157,0.5671452740159378,30
oldscrap_metallurgy,S_scrap,2013.0,frozen,,0.36401439405965214,0.3182261349819323,0.42683252924099035,35
oldscrap_metallurgy,S_scrap,2013.0,nonautonomous,hold,0.3761205028154018,0.31969130127879974,0.45104190273557865,35
oldscrap_metallurgy,S_scrap,2013.0,nonautonomous,mean5,0.3777714687669702,0.3251161157473455,0.4536350678642116,35
oldscrap_metallurgy,S_scrap,2013.0,nonautonomous,trend20,0.44814300630848153,0.330095510414112,0.4906201130451849,35
oldscrap_metallurgy,S_scrap,2013.0,nonautonomous,trend50,0.43442418918244075,0.3315799623968755,0.5805121744070152,30
oldscrap_metallurgy,S_scrap,2014.0,frozen,,0.3653152038199052,0.33184596608501066,0.4527716288637749,35
oldscrap_metallurgy,S_scrap,2014.0,nonautonomous,hold,0.39122019847840017,0.3265570038681773,0.4673473368943446,35
oldscrap_metallurgy,S_scrap,2014.0,nonautonomous,mean5,0.3937720479298444,0.33134188969245815,0.4698452584426025,35
oldscrap_metallurgy,S_scrap,2014.0,nonautonomous,trend20,0.46289590534432956,0.3340493546067978,0.5077023310471327,35
oldscrap_metallurgy,S_scrap,2014.0,nonautonomous,trend50,0.45088110501420486,0.33638238304199247,0.6011700134472787,30
oldscrap_metallurgy,S_scrap,2015.0,frozen,,0.42424203075277506,0.3521566268205031,0.4837022937325096,35
oldscrap_metallurgy,S_scrap,2015.0,nonautonomous,hold,0.40297823168075403,0.3245217384642549,0.4691886245246998,35
oldscrap_metallurgy,S_scrap,2015.0,nonautonomous,mean5,0.39409924331278917,0.3281142371836919,0.4782202447468512,35
oldscrap_metallurgy,S_scrap,2015.0,nonautonomous,trend20,0.47856117729133646,0.33146890059227635,0.514374347546219,35
oldscrap_metallurgy,S_scrap,2015.0,nonautonomous,trend50,0.4635473918898644,0.32682329561050355,0.6052175883501463,30
oldscrap_metallurgy,S_scrap,2016.0,frozen,,0.3999226973031078,0.33031014329373776,0.49100894994318145,35
oldscrap_metallurgy,S_scrap,2016.0,nonautonomous,hold,0.3869670051167422,0.31926653695310503,0.4532872239600193,35
oldscrap_metallurgy,S_scrap,2016.0,nonautonomous,mean5,0.3789528138172727,0.32421895830888514,0.46085959067204124,35
oldscrap_metallurgy,S_scrap,2016.0,nonautonomous,trend20,0.46486048387206585,0.3235005214208281,0.502150675874329,35
oldscrap_metallurgy,S_scrap,2016.0,nonautonomous,trend50,0.4595346919046172,0.3166988524008991,0.5972597385286167,30
oldscrap_metallurgy,S_scrap,2017.0,frozen,,0.35156595100912363,0.3063747345716606,0.435823591470177,35
oldscrap_metallurgy,S_scrap,2017.0,nonautonomous,hold,0.38437947440997944,0.3140111547401636,0.43742440376701613,35
oldscrap_metallurgy,S_scrap,2017.0,nonautonomous,mean5,0.3743041087767912,0.31810120385830704,0.44847608379947157,35
oldscrap_metallurgy,S_scrap,2017.0,nonautonomous,trend20,0.4543573852546148,0.32388983978514835,0.50638021916262,35
oldscrap_metallurgy,S_scrap,2017.0,nonautonomous,trend50,0.44982344206103575,0.31326936907694664,0.600114892306361,30
oldscrap_metallurgy,S_scrap,2018.0,frozen,,0.38127717676990225,0.3217915733570349,0.4414078353267902,35
oldscrap_metallurgy,S_scrap,2018.0,nonautonomous,hold,0.3891225198982681,0.3130976301779026,0.4364543752968525,35
oldscrap_metallurgy,S_scrap,2018.0,nonautonomous,mean5,0.38473491484072764,0.3263266128851694,0.45186792383411234,35
oldscrap_metallurgy,S_scrap,2018.0,nonautonomous,trend20,0.4544246753919208,0.3291236676930462,0.5181198779844818,35
oldscrap_metallurgy,S_scrap,2018.0,nonautonomous,trend50,0.4425486757317033,0.3145051174753468,0.6093648702755299,30
oldscrap_metallurgy,S_scrap,2019.0,frozen,,0.3796190761810388,0.30679770874539686,0.4258931598839266,35
oldscrap_metallurgy,S_scrap,2019.0,nonautonomous,hold,0.3796190761810388,0.30679770874539686,0.4258931598839266,35
oldscrap_metallurgy,S_scrap,2019.0,nonautonomous,mean5,0.38810608893037446,0.32605383767164564,0.4655695193897101,35
oldscrap_metallurgy,S_scrap,2019.0,nonautonomous,trend20,0.4431758615362178,0.3337627384188324,0.5374885727491989,35
oldscrap_metallurgy,S_scrap,2019.0,nonautonomous,trend50,0.437468747688775,0.31652892540131683,0.6053328302230895,30
oldscrap_manufacture,S_conc,1980.0,frozen,,0.2037256330706922,0.19371291586068756,0.20669518129092912,35
oldscrap_manufacture,S_conc,1980.0,nonautonomous,hold,0.2531772501376831,0.24581892355403262,0.26574996754430585,35
oldscrap_manufacture,S_conc,1980.0,nonautonomous,mean5,0.2529008100766279,0.24499496963811654,0.26211705597355095,35
oldscrap_manufacture,S_conc,1980.0,nonautonomous,trend20,0.24343235767379892,0.22625006362029582,0.2542384804357213,35
oldscrap_manufacture,S_conc,1980.0,nonautonomous,trend50,0.21912392330841354,0.2101484122412325,0.246361518020731,30
oldscrap_manufacture,S_conc,1981.0,frozen,,0.21850885879608076,0.2124455509618171,0.22576556460636743,35
oldscrap_manufacture,S_conc,1981.0,nonautonomous,hold,0.25627229224423437,0.24834014070996485,0.26727814125653304,35
oldscrap_manufacture,S_conc,1981.0,nonautonomous,mean5,0.25791429264330723,0.24822296886208794,0.2660095204449089,35
oldscrap_manufacture,S_conc,1981.0,nonautonomous,trend20,0.24429426652674796,0.22584197236571127,0.25700897713926407,35
oldscrap_manufacture,S_conc,1981.0,nonautonomous,trend50,0.22217153024207786,0.21132435596285018,0.2521151378629336,30
oldscrap_manufacture,S_conc,1982.0,frozen,,0.2296735820011743,0.22154871415024374,0.23459388282785593,35
oldscrap_manufacture,S_conc,1982.0,nonautonomous,hold,0.2533444496488091,0.24730494554588434,0.2643181982548701,35
oldscrap_manufacture,S_conc,1982.0,nonautonomous,mean5,0.25494230555460073,0.2462290898308359,0.2611590034332161,35
oldscrap_manufacture,S_conc,1982.0,nonautonomous,trend20,0.23963615276951125,0.22143238285101555,0.25413614398873763,35
oldscrap_manufacture,S_conc,1982.0,nonautonomous,trend50,0.21633495153294638,0.20710211289030725,0.24966086219286357,30
oldscrap_manufacture,S_conc,1983.0,frozen,,0.2128261982170799,0.20665168908901385,0.21783044677457353,35
oldscrap_manufacture,S_conc,1983.0,nonautonomous,hold,0.2519071844978869,0.24717358150260643,0.2620686523477741,35
oldscrap_manufacture,S_conc,1983.0,nonautonomous,mean5,0.2514403199346889,0.24712613732322192,0.260758012773368,35
oldscrap_manufacture,S_conc,1983.0,nonautonomous,trend20,0.23995057896126468,0.22219324628904663,0.2547074082381571,35
oldscrap_manufacture,S_conc,1983.0,nonautonomous,trend50,0.2144174407090786,0.20813921347670236,0.2460658246997486,30
oldscrap_manufacture,S_conc,1984.0,frozen,,0.22827014339250187,0.22474021117667126,0.22983686146103585,35
oldscrap_manufacture,S_conc,1984.0,nonautonomous,hold,0.2568778241403324,0.25011187448333216,0.26449500150989386,35
oldscrap_manufacture,S_conc,1984.0,nonautonomous,mean5,0.2568798740918309,0.25030711812310114,0.26393097466667137,35
oldscrap_manufacture,S_conc,1984.0,nonautonomous,trend20,0.24340138741214482,0.22611168007687515,0.2565443449249629,35
oldscrap_manufacture,S_conc,1984.0,nonautonomous,trend50,0.21971639858969655,0.21121367140614292,0.2517750429251331,30
oldscrap_manufacture,S_conc,1985.0,frozen,,0.20800410211460899,0.20437878728520437,0.21302970729123585,35
oldscrap_manufacture,S_conc,1985.0,nonautonomous,hold,0.2579156406100991,0.2493008989405597,0.2669040785888374,35
oldscrap_manufacture,S_conc,1985.0,nonautonomous,mean5,0.256698709292794,0.24895771519766435,0.2645342955607616,35
oldscrap_manufacture,S_conc,1985.0,nonautonomous,trend20,0.24422929153784315,0.2260157942206134,0.25610492455284173,35
oldscrap_manufacture,S_conc,1985.0,nonautonomous,trend50,0.21827875687605092,0.21055977710471097,0.25087131994389056,30
oldscrap_manufacture,S_conc,1986.0,frozen,,0.1701332549262009,0.1652774926892008,0.1750449973175039,35
oldscrap_manufacture,S_conc,1986.0,nonautonomous,hold,0.2561585725471295,0.2463271499734767,0.26376903691327347,35
oldscrap_manufacture,S_conc,1986.0,nonautonomous,mean5,0.253810337552604,0.24545006686316795,0.26197544475310086,35
oldscrap_manufacture,S_conc,1986.0,nonautonomous,trend20,0.2391549409179779,0.22085788748873678,0.2522660666065066,35
oldscrap_manufacture,S_conc,1986.0,nonautonomous,trend50,0.21459755547009624,0.2073780793458963,0.24582450428438393,30
oldscrap_manufacture,S_conc,1987.0,frozen,,0.1607881390697537,0.1572367604215605,0.16758602414863763,35
oldscrap_manufacture,S_conc,1987.0,nonautonomous,hold,0.2504691535205735,0.24343600088032138,0.2630709792179316,35
oldscrap_manufacture,S_conc,1987.0,nonautonomous,mean5,0.25249712324333623,0.24241443326452497,0.25855292336876246,35
oldscrap_manufacture,S_conc,1987.0,nonautonomous,trend20,0.23824933387052427,0.22003770337435008,0.24946690624705048,35
oldscrap_manufacture,S_conc,1987.0,nonautonomous,trend50,0.2118367259208685,0.2043030519519296,0.2424358130021585,30
oldscrap_manufacture,S_conc,1988.0,frozen,,0.18024943054552306,0.17761685227035925,0.1829407360101466,35
oldscrap_manufacture,S_conc,1988.0,nonautonomous,hold,0.25417660365199873,0.24779905286047813,0.26691039389048826,35
oldscrap_manufacture,S_conc,1988.0,nonautonomous,mean5,0.25807120166746716,0.24608820196283834,0.2637281323585287,35
oldscrap_manufacture,S_conc,1988.0,nonautonomous,trend20,0.24167795968971867,0.22277745046800565,0.25315001992765174,35
oldscrap_manufacture,S_conc,1988.0,nonautonomous,trend50,0.22170701315805513,0.20831265755609443,0.24865281197846278,30
oldscrap_manufacture,S_conc,1989.0,frozen,,0.2183900409445096,0.21322074318945466,0.22524903354269377,35
oldscrap_manufacture,S_conc,1989.0,nonautonomous,hold,0.26268048154453366,0.2553269830816554,0.2751227845984913,35
oldscrap_manufacture,S_conc,1989.0,nonautonomous,mean5,0.26229535521790504,0.2542775964648958,0.2721798874694237,35
oldscrap_manufacture,S_conc,1989.0,nonautonomous,trend20,0.24922344696994606,0.22845767780834447,0.2603002226668577,35
oldscrap_manufacture,S_conc,1989.0,nonautonomous,trend50,0.22697388489913783,0.2147812445397485,0.2581584630918762,30
oldscrap_manufacture,S_conc,1990.0,frozen,,0.2646366254065322,0.2586191290624702,0.26984236146633567,35
oldscrap_manufacture,S_conc,1990.0,nonautonomous,hold,0.26625119575585676,0.25920154065639206,0.27560718599342204,35
oldscrap_manufacture,S_conc,1990.0,nonautonomous,mean5,0.26601567979287305,0.2587129117991545,0.2770340790784322,35
oldscrap_manufacture,S_conc,1990.0,nonautonomous,trend20,0.2516600673431479,0.2293486158165829,0.26558421283024547,35
oldscrap_manufacture,S_conc,1990.0,nonautonomous,trend50,0.22485689195470399,0.21733118688508132,0.26035528803154295,30
oldscrap_manufacture,S_conc,1991.0,frozen,,0.22924385571227043,0.22607949911732989,0.23244588832048535,35
oldscrap_manufacture,S_conc,1991.0,nonautonomous,hold,0.2642508332233844,0.2559003874146841,0.27489133525503245,35
oldscrap_manufacture,S_conc,1991.0,nonautonomous,mean5,0.26392692098162684,0.25619042687474347,0.2744601361978999,35
oldscrap_manufacture,S_conc,1991.0,nonautonomous,trend20,0.25048846795209256,0.22999274007905596,0.26409726687129903,35
oldscrap_manufacture,S_conc,1991.0,nonautonomous,trend50,0.2220988452068126,0.21550419471816543,0.25773709368847775,30
oldscrap_manufacture,S_conc,1992.0,frozen,,0.24758738425220703,0.24470256504889307,0.2532829571049894,35
oldscrap_manufacture,S_conc,1992.0,nonautonomous,hold,0.2633548814821316,0.256710231617306,0.27581219247018884,35
oldscrap_manufacture,S_conc,1992.0,nonautonomous,mean5,0.2635794684940909,0.25537649214410474,0.2742186979119011,35
oldscrap_manufacture,S_conc,1992.0,nonautonomous,trend20,0.24981433916883558,0.22657025575327183,0.2617376902244197,35
oldscrap_manufacture,S_conc,1992.0,nonautonomous,trend50,0.21994282660859982,0.2127675084869943,0.2573829616612484,30
oldscrap_manufacture,S_conc,1993.0,frozen,,0.21868927896101856,0.2163613494813758,0.2246698088720575,35
oldscrap_manufacture,S_conc,1993.0,nonautonomous,hold,0.2647147396543766,0.2553845812854855,0.27453164202834784,35
oldscrap_manufacture,S_conc,1993.0,nonautonomous,mean5,0.26312952883050233,0.25279257375811864,0.2735949105465851,35
oldscrap_manufacture,S_conc,1993.0,nonautonomous,trend20,0.24871460300521683,0.22253436646225921,0.2592101338981288,35
oldscrap_manufacture,S_conc,1993.0,nonautonomous,trend50,0.21418570580075413,0.20771027089875313,0.2545459695245588,30
oldscrap_manufacture,S_conc,1994.0,frozen,,0.2108224913478926,0.20614219081764806,0.21520526236195692,35
oldscrap_manufacture,S_conc,1994.0,nonautonomous,hold,0.26366089364403655,0.254859609023542,0.2729155059299276,35
oldscrap_manufacture,S_conc,1994.0,nonautonomous,mean5,0.2619363899685615,0.2535225996235001,0.2726527367306596,35
oldscrap_manufacture,S_conc,1994.0,nonautonomous,trend20,0.24756343374178905,0.2195528943888988,0.2583847552374259,35
oldscrap_manufacture,S_conc,1994.0,nonautonomous,trend50,0.21323180425295685,0.20625893028048153,0.2555651046780518,30
oldscrap_manufacture,S_conc,1995.0,frozen,,0.21528159315644763,0.2100596864377149,0.21805464993719786,35
oldscrap_manufacture,S_conc,1995.0,nonautonomous,hold,0.2652780843456641,0.2561294114429723,0.2772462853653836,35
oldscrap_manufacture,S_conc,1995.0,nonautonomous,mean5,0.2648481346460487,0.2568158470863028,0.27711370766515986,35
oldscrap_manufacture,S_conc,1995.0,nonautonomous,trend20,0.24962990930198103,0.22165341484775547,0.26231530911003087,35
oldscrap_manufacture,S_conc,1995.0,nonautonomous,trend50,0.21669489344014745,0.20579294313980875,0.26050358519944616,30
oldscrap_manufacture,S_conc,1996.0,frozen,,0.22472970071762233,0.22020696516925362,0.2292341284653592,35
oldscrap_manufacture,S_conc,1996.0,nonautonomous,hold,0.266657162248932,0.25693097015044397,0.2806431573518463,35
oldscrap_manufacture,S_conc,1996.0,nonautonomous,mean5,0.26633188518372825,0.2579207418364191,0.27982652178241824,35
oldscrap_manufacture,S_conc,1996.0,nonautonomous,trend20,0.2512335537163243,0.22575561910214753,0.2649990884405017,35
oldscrap_manufacture,S_conc,1996.0,nonautonomous,trend50,0.21702471333197626,0.2058551636607031,0.262873870550653,30
oldscrap_manufacture,S_conc,1997.0,frozen,,0.24288477103725706,0.23709335775693008,0.2474461695086035,35
oldscrap_manufacture,S_conc,1997.0,nonautonomous,hold,0.2669063583302384,0.256748741431359,0.2799658353494259,35
oldscrap_manufacture,S_conc,1997.0,nonautonomous,mean5,0.2663111294604271,0.2578871342034039,0.2807644753545733,35
oldscrap_manufacture,S_conc,1997.0,nonautonomous,trend20,0.24908215442173662,0.2233966977623501,0.2664208662392442,35
oldscrap_manufacture,S_conc,1997.0,nonautonomous,trend50,0.21270209181923544,0.20468270148663759,0.26189623473227697,30
oldscrap_manufacture,S_conc,1998.0,frozen,,0.21833560228768195,0.2119295822749732,0.22198135574712952,35
oldscrap_manufacture,S_conc,1998.0,nonautonomous,hold,0.26807388193622816,0.2585719176982423,0.2820208209268054,35
oldscrap_manufacture,S_conc,1998.0,nonautonomous,mean5,0.2686625965869586,0.2591252809254929,0.28144767364205103,35
oldscrap_manufacture,S_conc,1998.0,nonautonomous,trend20,0.25116122282415365,0.22120013164899516,0.2665243327163509,35
oldscrap_manufacture,S_conc,1998.0,nonautonomous,trend50,0.2151207588062094,0.2032155406117226,0.2621884006421757,30
oldscrap_manufacture,S_conc,1999.0,frozen,,0.20987936126857673,0.20720290780278433,0.21734818441580844,35
oldscrap_manufacture,S_conc,1999.0,nonautonomous,hold,0.272864446949302,0.2589619228596059,0.28434787985246357,35
oldscrap_manufacture,S_conc,1999.0,nonautonomous,mean5,0.2713985721318479,0.25846670257326726,0.2829473521877341,35
oldscrap_manufacture,S_conc,1999.0,nonautonomous,trend20,0.2542178167301639,0.2236409491859323,0.2683827511651567,35
oldscrap_manufacture,S_conc,1999.0,nonautonomous,trend50,0.2149443322019714,0.20141261126816712,0.26171018726383327,30
oldscrap_manufacture,S_conc,2000.0,frozen,,0.2619485009456008,0.25508732678018947,0.27230320375024264,35
oldscrap_manufacture,S_conc,2000.0,nonautonomous,hold,0.2774806487131571,0.2656300775379349,0.2897375641005413,35
oldscrap_manufacture,S_conc,2000.0,nonautonomous,mean5,0.2770012928759711,0.26474554409310347,0.287669324476291,35
oldscrap_manufacture,S_conc,2000.0,nonautonomous,trend20,0.2583090623450176,0.22472472128507937,0.2734815380500092,35
oldscrap_manufacture,S_conc,2000.0,nonautonomous,trend50,0.2183309914172939,0.20421810973216697,0.2667896388670986,30
oldscrap_manufacture,S_conc,2001.0,frozen,,0.26878373235461905,0.2628980164161717,0.2738560166676782,35
oldscrap_manufacture,S_conc,2001.0,nonautonomous,hold,0.2806940982350963,0.2695667539154569,0.29490891452480017,35
oldscrap_manufacture,S_conc,2001.0,nonautonomous,mean5,0.2804963569512388,0.26904740367874047,0.29357473594225697,35
oldscrap_manufacture,S_conc,2001.0,nonautonomous,trend20,0.2615420204075326,0.22646021568284114,0.28089292956683787,35
oldscrap_manufacture,S_conc,2001.0,nonautonomous,trend50,0.2216703583629986,0.20518968475084556,0.26912658092098685,30
oldscrap_manufacture,S_conc,2002.0,frozen,,0.2572421134244916,0.2516250218365208,0.2613319193894179,35
oldscrap_manufacture,S_conc,2002.0,nonautonomous,hold,0.28204822296380316,0.27025513563304193,0.2958687484517618,35
oldscrap_manufacture,S_conc,2002.0,nonautonomous,mean5,0.28202655967779194,0.2676632048098988,0.29238836922218037,35
oldscrap_manufacture,S_conc,2002.0,nonautonomous,trend20,0.2611396141743737,0.22547983745128114,0.28006182325937234,35
oldscrap_manufacture,S_conc,2002.0,nonautonomous,trend50,0.22354720122345215,0.20451966074623137,0.27303728902105645,30
oldscrap_manufacture,S_conc,2003.0,frozen,,0.2295978629204394,0.220188906015315,0.24056124182534216,35
oldscrap_manufacture,S_conc,2003.0,nonautonomous,hold,0.28271584885831313,0.26840141853548005,0.2955829181650214,35
oldscrap_manufacture,S_conc,2003.0,nonautonomous,mean5,0.27901577265823874,0.26724874853558334,0.29652722196801606,35
oldscrap_manufacture,S_conc,2003.0,nonautonomous,trend20,0.2597540899465638,0.22605601992120583,0.2810182525859366,35
oldscrap_manufacture,S_conc,2003.0,nonautonomous,trend50,0.22561591915932222,0.20421431994383968,0.27163543844021687,30
oldscrap_manufacture,S_conc,2004.0,frozen,,0.25423917579681826,0.2460877647832182,0.2632268039271176,35
oldscrap_manufacture,S_conc,2004.0,nonautonomous,hold,0.27999962750124524,0.2709829319969911,0.30067896086224627,35
oldscrap_manufacture,S_conc,2004.0,nonautonomous,mean5,0.2784870514360731,0.2713729050512163,0.3009495049231282,35
oldscrap_manufacture,S_conc,2004.0,nonautonomous,trend20,0.2593606333310367,0.228729423325355,0.2821098590312481,35
oldscrap_manufacture,S_conc,2004.0,nonautonomous,trend50,0.22723412258310233,0.2050174135962439,0.272387951339756,30
oldscrap_manufacture,S_conc,2005.0,frozen,,0.27418582927379487,0.2613696645645003,0.28363510813380866,35
oldscrap_manufacture,S_conc,2005.0,nonautonomous,hold,0.28418457040456424,0.27482188263796414,0.30680189841183786,35
oldscrap_manufacture,S_conc,2005.0,nonautonomous,mean5,0.28558990219321034,0.27490672386219406,0.3080715940360744,35
oldscrap_manufacture,S_conc,2005.0,nonautonomous,trend20,0.26609123132613816,0.22985935411551367,0.2864189687079478,35
oldscrap_manufacture,S_conc,2005.0,nonautonomous,trend50,0.227555683489631,0.20681510892682453,0.2761470061324147,30
oldscrap_manufacture,S_conc,2006.0,frozen,,0.30292531927289407,0.2833341078871573,0.32086310312875904,35
oldscrap_manufacture,S_conc,2006.0,nonautonomous,hold,0.2884017844964834,0.2764374478603025,0.3071093385488922,35
oldscrap_manufacture,S_conc,2006.0,nonautonomous,mean5,0.286157831702036,0.2748786473272129,0.30883137516699644,35
oldscrap_manufacture,S_conc,2006.0,nonautonomous,trend20,0.2632401263230297,0.23004432476218434,0.28900799304833735,35
oldscrap_manufacture,S_conc,2006.0,nonautonomous,trend50,0.2259690447590521,0.20901625029634707,0.2805344669291916,30
oldscrap_manufacture,S_conc,2007.0,frozen,,0.34067090998827876,0.3088028551605399,0.35759149866664175,35
oldscrap_manufacture,S_conc,2007.0,nonautonomous,hold,0.28973030889713564,0.273116162588105,0.31459476007114723,35
oldscrap_manufacture,S_conc,2007.0,nonautonomous,mean5,0.28715375963706896,0.27319076966841216,0.3105017022882717,35
oldscrap_manufacture,S_conc,2007.0,nonautonomous,trend20,0.264383360264555,0.23124000059711408,0.2864194210754255,35
oldscrap_manufacture,S_conc,2007.0,nonautonomous,trend50,0.2309244683963513,0.20688209246131428,0.2777511962853275,30
oldscrap_manufacture,S_conc,2008.0,frozen,,0.34295997302262055,0.3001052375427768,0.3841586491422303,35
oldscrap_manufacture,S_conc,2008.0,nonautonomous,hold,0.2973324666682047,0.2691317522122695,0.3185255673332357,35
oldscrap_manufacture,S_conc,2008.0,nonautonomous,mean5,0.29602250238722816,0.2673149341481913,0.3096841287394798,35
oldscrap_manufacture,S_conc,2008.0,nonautonomous,trend20,0.26481731895955807,0.2260821624959795,0.2932938587052829,35
oldscrap_manufacture,S_conc,2008.0,nonautonomous,trend50,0.22954037630509155,0.19712200303358657,0.28599628556956036,30
oldscrap_manufacture,S_conc,2009.0,frozen,,0.30931835385015083,0.2757595800167134,0.3347717878944616,35
oldscrap_manufacture,S_conc,2009.0,nonautonomous,hold,0.28857519174467605,0.2664912063605364,0.3169088563892877,35
oldscrap_manufacture,S_conc,2009.0,nonautonomous,mean5,0.2888803530002274,0.2675009959588732,0.3122844537776128,35
oldscrap_manufacture,S_conc,2009.0,nonautonomous,trend20,0.261654918797549,0.22277237373849312,0.29373424478264626,35
oldscrap_manufacture,S_conc,2009.0,nonautonomous,trend50,0.22648776524011346,0.19493758939206102,0.2828180422302421,30
oldscrap_manufacture,S_conc,2010.0,frozen,,0.2823394335220545,0.26184003520007754,0.3080475602478526,35
oldscrap_manufacture,S_conc,2010.0,nonautonomous,hold,0.2839254919473343,0.25839796348235955,0.3052209093635905,35
oldscrap_manufacture,S_conc,2010.0,nonautonomous,mean5,0.27914406113441687,0.25934505120489415,0.29967066649102936,35
oldscrap_manufacture,S_conc,2010.0,nonautonomous,trend20,0.2523228828630571,0.21474506052785852,0.2830461118479355,35
oldscrap_manufacture,S_conc,2010.0,nonautonomous,trend50,0.21126977257855412,0.18530563368484873,0.26628592065516027,30
oldscrap_manufacture,S_conc,2011.0,frozen,,0.29667241845588227,0.25888619823749803,0.32941809427937785,35
oldscrap_manufacture,S_conc,2011.0,nonautonomous,hold,0.2886865846849019,0.26127485355745306,0.31365989193880367,35
oldscrap_manufacture,S_conc,2011.0,nonautonomous,mean5,0.28062056557151643,0.2588649789424634,0.30810148155788614,35
oldscrap_manufacture,S_conc,2011.0,nonautonomous,trend20,0.25201567046960055,0.21545467193030193,0.2851969967748436,35
oldscrap_manufacture,S_conc,2011.0,nonautonomous,trend50,0.21203858356341998,0.18655600963869362,0.2717238203378415,30
oldscrap_manufacture,S_conc,2012.0,frozen,,0.28867611824930833,0.24998513974597245,0.3197313674478375,35
oldscrap_manufacture,S_conc,2012.0,nonautonomous,hold,0.2853044886272629,0.26009284065634974,0.30997127936664803,35
oldscrap_manufacture,S_conc,2012.0,nonautonomous,mean5,0.2805931616528843,0.25629806148039236,0.3098089292109037,35
oldscrap_manufacture,S_conc,2012.0,nonautonomous,trend20,0.2549663795199755,0.21758712329668592,0.2873903591574454,35
oldscrap_manufacture,S_conc,2012.0,nonautonomous,trend50,0.20801022600582558,0.1873788784008642,0.2729383891382743,30
oldscrap_manufacture,S_conc,2013.0,frozen,,0.2857950647247245,0.2592713433406941,0.3194824331676617,35
oldscrap_manufacture,S_conc,2013.0,nonautonomous,hold,0.2808152068077896,0.2594226471022521,0.3103918541155152,35
oldscrap_manufacture,S_conc,2013.0,nonautonomous,mean5,0.28032973876875933,0.2562946483720523,0.3058352334910696,35
oldscrap_manufacture,S_conc,2013.0,nonautonomous,trend20,0.24757285969105947,0.2154639995058693,0.28236737985887395,35
oldscrap_manufacture,S_conc,2013.0,nonautonomous,trend50,0.20407826624392889,0.1839762440615604,0.27140575414673246,30
oldscrap_manufacture,S_conc,2014.0,frozen,,0.29339307202609494,0.27281309001124227,0.31867092618184545,35
oldscrap_manufacture,S_conc,2014.0,nonautonomous,hold,0.28142007043406275,0.25773820930022817,0.30619446515697485,35
oldscrap_manufacture,S_conc,2014.0,nonautonomous,mean5,0.27700938961467686,0.2568856660867121,0.30267760703504326,35
oldscrap_manufacture,S_conc,2014.0,nonautonomous,trend20,0.24815626835416393,0.21137241510045207,0.28214881985203,35
oldscrap_manufacture,S_conc,2014.0,nonautonomous,trend50,0.19939502888600147,0.17959086669501448,0.277170425956276,30
oldscrap_manufacture,S_conc,2015.0,frozen,,0.2805570099681449,0.26407131960266506,0.31260295136420824,35
oldscrap_manufacture,S_conc,2015.0,nonautonomous,hold,0.2825975922834886,0.2551941825926939,0.3037207343197965,35
oldscrap_manufacture,S_conc,2015.0,nonautonomous,mean5,0.27753330187718483,0.25493463853201187,0.30161418606538415,35
oldscrap_manufacture,S_conc,2015.0,nonautonomous,trend20,0.24412115093298703,0.20631579012603468,0.28567602893778515,35
oldscrap_manufacture,S_conc,2015.0,nonautonomous,trend50,0.19910207031030966,0.1744499431275267,0.2795072285310314,30
oldscrap_manufacture,S_conc,2016.0,frozen,,0.26514882536461937,0.23719174515795982,0.28772125686230376,35
oldscrap_manufacture,S_conc,2016.0,nonautonomous,hold,0.279947296367252,0.2532552954931308,0.2978773076084772,35
oldscrap_manufacture,S_conc,2016.0,nonautonomous,mean5,0.27583892402457594,0.24621585368990212,0.29472637984034966,35
oldscrap_manufacture,S_conc,2016.0,nonautonomous,trend20,0.24023137842122733,0.19883277953890188,0.2816843058723004,35
oldscrap_manufacture,S_conc,2016.0,nonautonomous,trend50,0.19323141199782023,0.1679155600127641,0.2754103138427923,30
oldscrap_manufacture,S_conc,2017.0,frozen,,0.26947260046413485,0.24410853062989696,0.2813674795822991,35
oldscrap_manufacture,S_conc,2017.0,nonautonomous,hold,0.2798599369840802,0.25357261666760067,0.2992588689313971,35
oldscrap_manufacture,S_conc,2017.0,nonautonomous,mean5,0.2786988827727631,0.2461026268539678,0.2937755702952729,35
oldscrap_manufacture,S_conc,2017.0,nonautonomous,trend20,0.2376497853671311,0.1982730704500133,0.2803825178900649,35
oldscrap_manufacture,S_conc,2017.0,nonautonomous,trend50,0.18918602376992832,0.1657481475714373,0.27645139116454887,30
oldscrap_manufacture,S_conc,2018.0,frozen,,0.27688521070389055,0.25791284027961103,0.3047698108433957,35
oldscrap_manufacture,S_conc,2018.0,nonautonomous,hold,0.28370541186731535,0.25480985330814965,0.3031319103196515,35
oldscrap_manufacture,S_conc,2018.0,nonautonomous,mean5,0.27653742844965523,0.24759883955274947,0.29737671048607883,35
oldscrap_manufacture,S_conc,2018.0,nonautonomous,trend20,0.23673826273960363,0.1986449569302559,0.2827435743556781,35
oldscrap_manufacture,S_conc,2018.0,nonautonomous,trend50,0.19481358948203112,0.16577141718520963,0.28165886341897306,30
oldscrap_manufacture,S_conc,2019.0,frozen,,0.2766845006793752,0.25436719327750834,0.2996195136792946,35
oldscrap_manufacture,S_conc,2019.0,nonautonomous,hold,0.2766845006793752,0.25436719327750834,0.2996195136792946,35
oldscrap_manufacture,S_conc,2019.0,nonautonomous,mean5,0.2774192641840108,0.24817839627707033,0.2977869562965847,35
oldscrap_manufacture,S_conc,2019.0,nonautonomous,trend20,0.23967467711005289,0.19442186341202639,0.2806314272305064,35
oldscrap_manufacture,S_conc,2019.0,nonautonomous,trend50,0.1963440713917754,0.16329551615224602,0.2770263917133269,30
oldscrap_manufacture,S_ref,1980.0,frozen,,0.21788837761571359,0.20717958915581564,0.22106436501703644,35
oldscrap_manufacture,S_ref,1980.0,nonautonomous,hold,0.26793055901917145,0.25938148212703127,0.28466748576503986,35
oldscrap_manufacture,S_ref,1980.0,nonautonomous,mean5,0.2669120638217285,0.25898676518692465,0.278139992615751,35
oldscrap_manufacture,S_ref,1980.0,nonautonomous,trend20,0.25811734637771877,0.23905654179566138,0.27053937746431,35
oldscrap_manufacture,S_ref,1980.0,nonautonomous,trend50,0.23404229475661703,0.22268842296841473,0.2625873237326135,30
oldscrap_manufacture,S_ref,1981.0,frozen,,0.2336993142204072,0.22721449300729105,0.24146049690520582,35
oldscrap_manufacture,S_ref,1981.0,nonautonomous,hold,0.27427264701321674,0.26678918315866784,0.28578612173390616,35
oldscrap_manufacture,S_ref,1981.0,nonautonomous,mean5,0.2760404954512001,0.2659570862601419,0.2833701188786092,35
oldscrap_manufacture,S_ref,1981.0,nonautonomous,trend20,0.2627167123980633,0.2428485998528485,0.27404168671018925,35
oldscrap_manufacture,S_ref,1981.0,nonautonomous,trend50,0.2391141359173822,0.22723476347923072,0.2688423729736436,30
oldscrap_manufacture,S_ref,1982.0,frozen,,0.24564019465366238,0.23695049641737298,0.25090254847899024,35
oldscrap_manufacture,S_ref,1982.0,nonautonomous,hold,0.2731846863991711,0.2662910314142788,0.2842870293914939,35
oldscrap_manufacture,S_ref,1982.0,nonautonomous,mean5,0.27467872125452897,0.2651639877869013,0.28344180351819237,35
oldscrap_manufacture,S_ref,1982.0,nonautonomous,trend20,0.258119617119433,0.23872019725331023,0.27617398225106876,35
oldscrap_manufacture,S_ref,1982.0,nonautonomous,trend50,0.23535955434094216,0.2247797198275448,0.27004529620281414,30
oldscrap_manufacture,S_ref,1983.0,frozen,,0.22762160237120843,0.22101784929306292,0.232973739865854,35
oldscrap_manufacture,S_ref,1983.0,nonautonomous,hold,0.26889325724814545,0.2605689070640329,0.2800685666644316,35
oldscrap_manufacture,S_ref,1983.0,nonautonomous,mean5,0.26869036716529976,0.2614410902868821,0.2775422061639736,35
oldscrap_manufacture,S_ref,1983.0,nonautonomous,trend20,0.255211527910858,0.2339990649972354,0.2700478204646153,35
oldscrap_manufacture,S_ref,1983.0,nonautonomous,trend50,0.22594974572110715,0.22007247613529174,0.2607959373771703,30
oldscrap_manufacture,S_ref,1984.0,frozen,,0.24413919079411955,0.24036386222103873,0.2458148250920169,35
oldscrap_manufacture,S_ref,1984.0,nonautonomous,hold,0.27341446615744386,0.26778721493908286,0.28394703254067954,35
oldscrap_manufacture,S_ref,1984.0,nonautonomous,mean5,0.2743060073918697,0.26698477956188693,0.2822190660506758,35
oldscrap_manufacture,S_ref,1984.0,nonautonomous,trend20,0.2583115929450296,0.24251370678332673,0.2745596420519687,35
oldscrap_manufacture,S_ref,1984.0,nonautonomous,trend50,0.23507423712736697,0.22577442355713864,0.26813318759624594,30
oldscrap_manufacture,S_ref,1985.0,frozen,,0.2224642803364802,0.2185869382729458,0.22783925913501157,35
oldscrap_manufacture,S_ref,1985.0,nonautonomous,hold,0.2765173401433629,0.26788377146486625,0.2852377188138462,35
oldscrap_manufacture,S_ref,1985.0,nonautonomous,mean5,0.27557758297460483,0.26721823035035164,0.28391604294280104,35
oldscrap_manufacture,S_ref,1985.0,nonautonomous,trend20,0.26233349521073135,0.24088161075920383,0.27487431085641295,35
oldscrap_manufacture,S_ref,1985.0,nonautonomous,trend50,0.2356443246333947,0.22572741302578794,0.26884278975307674,30
oldscrap_manufacture,S_ref,1986.0,frozen,,0.18196070045582982,0.17676737186010782,0.18721390087433568,35
oldscrap_manufacture,S_ref,1986.0,nonautonomous,hold,0.27547699573874795,0.26597243237762114,0.2847305587275257,35
oldscrap_manufacture,S_ref,1986.0,nonautonomous,mean5,0.27296025006017144,0.2655436168974561,0.2822427404300949,35
oldscrap_manufacture,S_ref,1986.0,nonautonomous,trend20,0.258565235090918,0.2407872748391569,0.2731868063475832,35
oldscrap_manufacture,S_ref,1986.0,nonautonomous,trend50,0.2339627837948472,0.22432752326420338,0.26673224051755584,30
oldscrap_manufacture,S_ref,1987.0,frozen,,0.17196592413877396,0.16816765820487756,0.17923638946378356,35
oldscrap_manufacture,S_ref,1987.0,nonautonomous,hold,0.2687073224069052,0.2592941161252477,0.2804021732004366,35
oldscrap_manufacture,S_ref,1987.0,nonautonomous,mean5,0.2687598041503545,0.2581942420279779,0.2768731761837421,35
oldscrap_manufacture,S_ref,1987.0,nonautonomous,trend20,0.25211708701846924,0.23263407596950703,0.2659128998961145,35
oldscrap_manufacture,S_ref,1987.0,nonautonomous,trend50,0.22512612267866483,0.21827059345614988,0.25790476712707106,30
oldscrap_manufacture,S_ref,1988.0,frozen,,0.19278013962088028,0.18996454788273714,0.19565854118732257,35
oldscrap_manufacture,S_ref,1988.0,nonautonomous,hold,0.2699867928588541,0.26166010091404357,0.2826614434229201,35
oldscrap_manufacture,S_ref,1988.0,nonautonomous,mean5,0.2711944185618371,0.2601534121893324,0.2793743900495266,35
oldscrap_manufacture,S_ref,1988.0,nonautonomous,trend20,0.2568978971159246,0.2347836070708878,0.2681439202792235,35
oldscrap_manufacture,S_ref,1988.0,nonautonomous,trend50,0.23267088125820107,0.22042905813532102,0.26262006300346785,30
oldscrap_manufacture,S_ref,1989.0,frozen,,0.23357223630428828,0.22804357560369481,0.2409080572649131,35
oldscrap_manufacture,S_ref,1989.0,nonautonomous,hold,0.2773474222564552,0.26936109799866814,0.2923507963222193,35
oldscrap_manufacture,S_ref,1989.0,nonautonomous,mean5,0.2791992570483516,0.2668303316392546,0.28796873174782656,35
oldscrap_manufacture,S_ref,1989.0,nonautonomous,trend20,0.2637968240113506,0.2428319118732652,0.2757737646196464,35
oldscrap_manufacture,S_ref,1989.0,nonautonomous,trend50,0.24386115985494142,0.22696111016651993,0.2714812647891527,30
oldscrap_manufacture,S_ref,1990.0,frozen,,0.28303382396420557,0.2765979989972943,0.2886014561137279,35
oldscrap_manufacture,S_ref,1990.0,nonautonomous,hold,0.28634320113207473,0.27933429791924536,0.2962862254536537,35
oldscrap_manufacture,S_ref,1990.0,nonautonomous,mean5,0.2854639151526457,0.2785051808010118,0.29774047034642426,35
oldscrap_manufacture,S_ref,1990.0,nonautonomous,trend20,0.26881911642249434,0.2493937805255329,0.2848953595649291,35
oldscrap_manufacture,S_ref,1990.0,nonautonomous,trend50,0.2410881680641983,0.23279523817999137,0.2809498101776572,30
oldscrap_manufacture,S_ref,1991.0,frozen,,0.2451805943446743,0.24179625574045976,0.2486052281502517,35
oldscrap_manufacture,S_ref,1991.0,nonautonomous,hold,0.28452203837811046,0.27402234235576317,0.29447356373166755,35
oldscrap_manufacture,S_ref,1991.0,nonautonomous,mean5,0.28225036178611684,0.27270028597462137,0.2947546843916978,35
oldscrap_manufacture,S_ref,1991.0,nonautonomous,trend20,0.26992836205374504,0.24326970191154035,0.2842377537552143,35
oldscrap_manufacture,S_ref,1991.0,nonautonomous,trend50,0.23994098596940583,0.2295740335869012,0.2754306656379627,30
oldscrap_manufacture,S_ref,1992.0,frozen,,0.26479934144621076,0.2617139733143241,0.2708908632138924,35
oldscrap_manufacture,S_ref,1992.0,nonautonomous,hold,0.2835226241126946,0.27398370257179533,0.29501831491757424,35
oldscrap_manufacture,S_ref,1992.0,nonautonomous,mean5,0.28028304276311,0.2741035301969759,0.2925847303687953,35
oldscrap_manufacture,S_ref,1992.0,nonautonomous,trend20,0.265938717704136,0.2471562537498884,0.28210498686387236,35
oldscrap_manufacture,S_ref,1992.0,nonautonomous,trend50,0.23729405353375876,0.23032506582791995,0.27681084668164396,30
oldscrap_manufacture,S_ref,1993.0,frozen,,0.2338922769636562,0.23140251281430568,0.24028856563856416,35
oldscrap_manufacture,S_ref,1993.0,nonautonomous,hold,0.284171210242201,0.2740234333042103,0.295623453341081,35
oldscrap_manufacture,S_ref,1993.0,nonautonomous,mean5,0.28187567995641194,0.27178001131833374,0.29509166254506125,35
oldscrap_manufacture,S_ref,1993.0,nonautonomous,trend20,0.26739515230779914,0.23915976073119882,0.27865502831985167,35
oldscrap_manufacture,S_ref,1993.0,nonautonomous,trend50,0.23364707936104592,0.22538553620405957,0.2732171794709818,30
oldscrap_manufacture,S_ref,1994.0,frozen,,0.22547860037207765,0.2204729313557733,0.2301660560020929,35
oldscrap_manufacture,S_ref,1994.0,nonautonomous,hold,0.28007055310017637,0.2708760369451183,0.29071370436269806,35
oldscrap_manufacture,S_ref,1994.0,nonautonomous,mean5,0.279735093152506,0.2686929365886044,0.2908423098568278,35
oldscrap_manufacture,S_ref,1994.0,nonautonomous,trend20,0.26432634482217676,0.23333594663428767,0.27631728767692587,35
oldscrap_manufacture,S_ref,1994.0,nonautonomous,trend50,0.22837106322936973,0.22061837090745734,0.2722944118942863,30
oldscrap_manufacture,S_ref,1995.0,frozen,,0.230247693215452,0.22466276624354534,0.23321352934459663,35
oldscrap_manufacture,S_ref,1995.0,nonautonomous,hold,0.2841857527135797,0.2732010269054272,0.2950723311356154,35
oldscrap_manufacture,S_ref,1995.0,nonautonomous,mean5,0.281506864097712,0.2742365435316686,0.2940585475857063,35
oldscrap_manufacture,S_ref,1995.0,nonautonomous,trend20,0.2673011282078614,0.23436076573137227,0.27975288780496416,35
oldscrap_manufacture,S_ref,1995.0,nonautonomous,trend50,0.23066781153187838,0.21884943330685616,0.2766354068438324,30
oldscrap_manufacture,S_ref,1996.0,frozen,,0.2403526210883661,0.23551547076925516,0.2451701908720419,35
oldscrap_manufacture,S_ref,1996.0,nonautonomous,hold,0.2860583794836818,0.2753931178754915,0.29924793483806056,35
oldscrap_manufacture,S_ref,1996.0,nonautonomous,mean5,0.285301910564876,0.2757819515458537,0.29927767506478586,35
oldscrap_manufacture,S_ref,1996.0,nonautonomous,trend20,0.2687485596423357,0.24212720609045646,0.283230613011133,35
oldscrap_manufacture,S_ref,1996.0,nonautonomous,trend50,0.23395658170071598,0.22099092235121642,0.28027576706715174,30
oldscrap_manufacture,S_ref,1997.0,frozen,,0.2597698085959968,0.2535757836972514,0.26464830963487007,35
oldscrap_manufacture,S_ref,1997.0,nonautonomous,hold,0.28485662570569215,0.2745590336311409,0.30014371222855246,35
oldscrap_manufacture,S_ref,1997.0,nonautonomous,mean5,0.28352684899000746,0.27649547686801274,0.30052760138563883,35
oldscrap_manufacture,S_ref,1997.0,nonautonomous,trend20,0.2661844669642033,0.23883981275088934,0.28562143667068013,35
oldscrap_manufacture,S_ref,1997.0,nonautonomous,trend50,0.22923469965316023,0.2188400214469947,0.2807101320150565,30
oldscrap_manufacture,S_ref,1998.0,frozen,,0.2335140131419058,0.22666265483954345,0.23741321470281232,35
oldscrap_manufacture,S_ref,1998.0,nonautonomous,hold,0.28639332817291063,0.2774817497349601,0.30154128872618857,35
oldscrap_manufacture,S_ref,1998.0,nonautonomous,mean5,0.2873410247748406,0.27604256425647034,0.30143031418685307,35
oldscrap_manufacture,S_ref,1998.0,nonautonomous,trend20,0.2678025621274773,0.2349357594678172,0.28633643528442654,35
oldscrap_manufacture,S_ref,1998.0,nonautonomous,trend50,0.2309871502879245,0.2184113963654647,0.28191368207965495,30
oldscrap_manufacture,S_ref,1999.0,frozen,,0.22446990510008205,0.22160738802436825,0.23245795124685392,35
oldscrap_manufacture,S_ref,1999.0,nonautonomous,hold,0.28951152262346763,0.27442283711026066,0.30306914652179423,35
oldscrap_manufacture,S_ref,1999.0,nonautonomous,mean5,0.28796834576209906,0.2744319443677641,0.3009864595628873,35
oldscrap_manufacture,S_ref,1999.0,nonautonomous,trend20,0.27063639659681166,0.23869962876981476,0.2851868804041007,35
oldscrap_manufacture,S_ref,1999.0,nonautonomous,trend50,0.22869360525326787,0.21409552708905816,0.2780057048734563,30
oldscrap_manufacture,S_ref,2000.0,frozen,,0.27573526415326405,0.2685129755580943,0.2866349513160449,35
oldscrap_manufacture,S_ref,2000.0,nonautonomous,hold,0.29231500954336004,0.2784066301876759,0.30356627255894175,35
oldscrap_manufacture,S_ref,2000.0,nonautonomous,mean5,0.29102889383516234,0.27692746007528335,0.3010880955807752,35
oldscrap_manufacture,S_ref,2000.0,nonautonomous,trend20,0.269363346489164,0.2358012903543829,0.2866345572394894,35
oldscrap_manufacture,S_ref,2000.0,nonautonomous,trend50,0.22927083040840415,0.2134270324648351,0.2806907043833666,30
oldscrap_manufacture,S_ref,2001.0,frozen,,0.28293024458380955,0.2767347541222861,0.28826949122913503,35
oldscrap_manufacture,S_ref,2001.0,nonautonomous,hold,0.296804161291373,0.2830603963764864,0.30986408805921506,35
oldscrap_manufacture,S_ref,2001.0,nonautonomous,mean5,0.29476474003321385,0.2835245030592569,0.3083155260859256,35
oldscrap_manufacture,S_ref,2001.0,nonautonomous,trend20,0.2759846939826303,0.23800586780250566,0.2952005028002208,35
oldscrap_manufacture,S_ref,2001.0,nonautonomous,trend50,0.23254912597063393,0.21564431370628195,0.28255075360461657,30
oldscrap_manufacture,S_ref,2002.0,frozen,,0.2707811720257806,0.2648684440384429,0.2750862309362294,35
oldscrap_manufacture,S_ref,2002.0,nonautonomous,hold,0.2926738755623165,0.28561880386849464,0.3121433290332055,35
oldscrap_manufacture,S_ref,2002.0,nonautonomous,mean5,0.29690334328900153,0.2809763074560625,0.3091218046194764,35
oldscrap_manufacture,S_ref,2002.0,nonautonomous,trend20,0.2729707290519884,0.23870298337104678,0.2964963038135497,35
oldscrap_manufacture,S_ref,2002.0,nonautonomous,trend50,0.23533669822491735,0.21611442865464064,0.2859251855677558,30
oldscrap_manufacture,S_ref,2003.0,frozen,,0.24168196096888359,0.23177779580559477,0.2532223598161497,35
oldscrap_manufacture,S_ref,2003.0,nonautonomous,hold,0.29885511613781063,0.2823173766721225,0.30984275163244956,35
oldscrap_manufacture,S_ref,2003.0,nonautonomous,mean5,0.2938520241849393,0.28054229111288886,0.31178066650942743,35
oldscrap_manufacture,S_ref,2003.0,nonautonomous,trend20,0.27339399295604105,0.2365210018091483,0.29575734665829934,35
oldscrap_manufacture,S_ref,2003.0,nonautonomous,trend50,0.2371122443496999,0.2141821531213891,0.2861300998063252,30
oldscrap_manufacture,S_ref,2004.0,frozen,,0.26762018504928237,0.25903975240338756,0.27708084623907114,35
oldscrap_manufacture,S_ref,2004.0,nonautonomous,hold,0.29339793445862133,0.2845394362204249,0.31540110730759174,35
oldscrap_manufacture,S_ref,2004.0,nonautonomous,mean5,0.2927682882350626,0.28501375568848547,0.31487664628255707,35
oldscrap_manufacture,S_ref,2004.0,nonautonomous,trend20,0.2729631301859652,0.24056099556830488,0.2966863181608347,35
oldscrap_manufacture,S_ref,2004.0,nonautonomous,trend50,0.2385815251082627,0.21642066183368816,0.28538409592279756,30
oldscrap_manufacture,S_ref,2005.0,frozen,,0.28861666239346834,0.275125962699474,0.2985632717197986,35
oldscrap_manufacture,S_ref,2005.0,nonautonomous,hold,0.2996245175769918,0.28897995801337906,0.3231073176731495,35
oldscrap_manufacture,S_ref,2005.0,nonautonomous,mean5,0.2978501870645456,0.2895542054461566,0.3239288626135324,35
oldscrap_manufacture,S_ref,2005.0,nonautonomous,trend20,0.2800746422874831,0.2419335455984647,0.2995181789128876,35
oldscrap_manufacture,S_ref,2005.0,nonautonomous,trend50,0.2408396927919894,0.21629307454022717,0.29054314143248233,30
oldscrap_manufacture,S_ref,2006.0,frozen,,0.3188687571293622,0.2982464293549024,0.33775063487237794,35
oldscrap_manufacture,S_ref,2006.0,nonautonomous,hold,0.304030652243367,0.2912767010910745,0.32298570125702875,35
oldscrap_manufacture,S_ref,2006.0,nonautonomous,mean5,0.3017807754391477,0.28974713449191714,0.32090764731785115,35
oldscrap_manufacture,S_ref,2006.0,nonautonomous,trend20,0.2774752011341402,0.24116799511948428,0.3054415171597559,35
oldscrap_manufacture,S_ref,2006.0,nonautonomous,trend50,0.23916733511669974,0.2206318609996548,0.2959877279837325,30
oldscrap_manufacture,S_ref,2007.0,frozen,,0.35860095788239865,0.32505563701109463,0.37641210385962287,35
oldscrap_manufacture,S_ref,2007.0,nonautonomous,hold,0.3035638860121279,0.28914896915832355,0.33003381730160947,35
oldscrap_manufacture,S_ref,2007.0,nonautonomous,mean5,0.3033811797865559,0.2874838518814893,0.3257846676869607,35
oldscrap_manufacture,S_ref,2007.0,nonautonomous,trend20,0.28000609288103495,0.24463440790945293,0.30219408509261586,35
oldscrap_manufacture,S_ref,2007.0,nonautonomous,trend50,0.2433912043843553,0.22049001385021386,0.2943684346395368,30
oldscrap_manufacture,S_ref,2008.0,frozen,,0.36101049791854795,0.3159002500450282,0.40437752541287403,35
oldscrap_manufacture,S_ref,2008.0,nonautonomous,hold,0.31462308277916096,0.2827884509599301,0.3367450341698863,35
oldscrap_manufacture,S_ref,2008.0,nonautonomous,mean5,0.31042711069819295,0.2830032472418259,0.32476798846574995,35
oldscrap_manufacture,S_ref,2008.0,nonautonomous,trend20,0.2788690734503699,0.23938490019273861,0.3088126747660256,35
oldscrap_manufacture,S_ref,2008.0,nonautonomous,trend50,0.24310435462867286,0.20767219636452705,0.2990762590284629,30
oldscrap_manufacture,S_ref,2009.0,frozen,,0.3255982672106852,0.2902732421228562,0.35239135567838076,35
oldscrap_manufacture,S_ref,2009.0,nonautonomous,hold,0.30554727746465205,0.28134174444800236,0.3369013185805126,35
oldscrap_manufacture,S_ref,2009.0,nonautonomous,mean5,0.3050912941428572,0.28155705203468967,0.33109600333284117,35
oldscrap_manufacture,S_ref,2009.0,nonautonomous,trend20,0.2777985931396241,0.2360258827421544,0.31264025467041257,35
oldscrap_manufacture,S_ref,2009.0,nonautonomous,trend50,0.24287544900616687,0.20738113617942935,0.3044981790545373,30
oldscrap_manufacture,S_ref,2010.0,frozen,,0.2971994037074258,0.27562108968429216,0.3242605897345817,35
oldscrap_manufacture,S_ref,2010.0,nonautonomous,hold,0.29642743668986615,0.2721385038371225,0.3195082241640299,35
oldscrap_manufacture,S_ref,2010.0,nonautonomous,mean5,0.2918880590037115,0.2725970177222721,0.31426346549936973,35
oldscrap_manufacture,S_ref,2010.0,nonautonomous,trend20,0.2647496630559386,0.22666266827931517,0.29779381976237007,35
oldscrap_manufacture,S_ref,2010.0,nonautonomous,trend50,0.22247273136443568,0.1952497188537988,0.2788349712501255,30
oldscrap_manufacture,S_ref,2011.0,frozen,,0.31228675626934976,0.272511787618419,0.34675588871513463,35
oldscrap_manufacture,S_ref,2011.0,nonautonomous,hold,0.3037243792013954,0.2745888530459326,0.3304814326670593,35
oldscrap_manufacture,S_ref,2011.0,nonautonomous,mean5,0.294377392186645,0.2731166231720862,0.32380823405619374,35
oldscrap_manufacture,S_ref,2011.0,nonautonomous,trend20,0.26461264399074713,0.22606764081106975,0.29983221039826224,35
oldscrap_manufacture,S_ref,2011.0,nonautonomous,trend50,0.22413068572843975,0.1953902771860824,0.2854919741026277,30
oldscrap_manufacture,S_ref,2012.0,frozen,,0.3038695981571667,0.2631422523641815,0.33655933415561845,35
oldscrap_manufacture,S_ref,2012.0,nonautonomous,hold,0.3018460422420385,0.2740275535029453,0.32728410770735156,35
oldscrap_manufacture,S_ref,2012.0,nonautonomous,mean5,0.29691966147899657,0.27029382378370953,0.32705979913431293,35
oldscrap_manufacture,S_ref,2012.0,nonautonomous,trend20,0.2690104636634023,0.22929552443244772,0.30315619359920154,35
oldscrap_manufacture,S_ref,2012.0,nonautonomous,trend50,0.2195975040678788,0.19794900271217702,0.2877753424762599,30
oldscrap_manufacture,S_ref,2013.0,frozen,,0.3008369102365521,0.27291720351652016,0.3362972980712229,35
oldscrap_manufacture,S_ref,2013.0,nonautonomous,hold,0.2959014086701264,0.27296678260367885,0.3267235646960496,35
oldscrap_manufacture,S_ref,2013.0,nonautonomous,mean5,0.29477759837030537,0.26951907336076164,0.3220168393762508,35
oldscrap_manufacture,S_ref,2013.0,nonautonomous,trend20,0.26196233884438674,0.22757581639200825,0.29844471336359046,35
oldscrap_manufacture,S_ref,2013.0,nonautonomous,trend50,0.21629380983587665,0.19439310697829007,0.28540275236343504,30
oldscrap_manufacture,S_ref,2014.0,frozen,,0.30883481265904733,0.28717167369604457,0.3354430801914162,35
oldscrap_manufacture,S_ref,2014.0,nonautonomous,hold,0.2960805671031739,0.2724862647908095,0.3228255340538101,35
oldscrap_manufacture,S_ref,2014.0,nonautonomous,mean5,0.29155470629481894,0.27024464641475,0.32047361552670917,35
oldscrap_manufacture,S_ref,2014.0,nonautonomous,trend20,0.26024279865871525,0.2232085839863054,0.2966553008354366,35
oldscrap_manufacture,S_ref,2014.0,nonautonomous,trend50,0.2101652524974355,0.19012989891056034,0.2905297950308408,30
oldscrap_manufacture,S_ref,2015.0,frozen,,0.29532316838752104,0.2779698101080684,0.3290557382781139,35
oldscrap_manufacture,S_ref,2015.0,nonautonomous,hold,0.29793214653176764,0.26923585495387503,0.32045973942111017,35
oldscrap_manufacture,S_ref,2015.0,nonautonomous,mean5,0.29213620933480683,0.2708319884012414,0.3186807090809407,35
oldscrap_manufacture,S_ref,2015.0,nonautonomous,trend20,0.2581383332554172,0.2191537459930024,0.3010562636630906,35
oldscrap_manufacture,S_ref,2015.0,nonautonomous,trend50,0.21094628947462923,0.18485595962541612,0.2955375861187193,30
oldscrap_manufacture,S_ref,2016.0,frozen,,0.27910402669959933,0.24967552121890502,0.30286448090768825,35
oldscrap_manufacture,S_ref,2016.0,nonautonomous,hold,0.29526743466591504,0.26578891654583625,0.31493536089123714,35
oldscrap_manufacture,S_ref,2016.0,nonautonomous,mean5,0.29101010135244665,0.2592756458228098,0.3118562626370499,35
oldscrap_manufacture,S_ref,2016.0,nonautonomous,trend20,0.25341771843688793,0.2095032221613838,0.29664042991495265,35
oldscrap_manufacture,S_ref,2016.0,nonautonomous,trend50,0.20455759135124638,0.1775815689514892,0.2903728876634156,30
oldscrap_manufacture,S_ref,2017.0,frozen,,0.2836553689096156,0.25695634803147044,0.29617629429715686,35
oldscrap_manufacture,S_ref,2017.0,nonautonomous,hold,0.2926578264909015,0.2665128994851544,0.31383192118540804,35
oldscrap_manufacture,S_ref,2017.0,nonautonomous,mean5,0.2916541461101683,0.2587279998816058,0.30857824920461385,35
oldscrap_manufacture,S_ref,2017.0,nonautonomous,trend20,0.2505954592733139,0.2084789213102114,0.2948767464426235,35
oldscrap_manufacture,S_ref,2017.0,nonautonomous,trend50,0.19821397744146307,0.174382696330171,0.2904601783461379,30
oldscrap_manufacture,S_ref,2018.0,frozen,,0.29145811653041104,0.2714872002943274,0.3208103272035744,35
oldscrap_manufacture,S_ref,2018.0,nonautonomous,hold,0.2998261705977208,0.2679048886657168,0.319557694658149,35
oldscrap_manufacture,S_ref,2018.0,nonautonomous,mean5,0.2909792891078874,0.2604685745974137,0.31287017504458314,35
oldscrap_manufacture,S_ref,2018.0,nonautonomous,trend20,0.2481509717383063,0.20971347164225407,0.2976349541377806,35
oldscrap_manufacture,S_ref,2018.0,nonautonomous,trend50,0.20441689161815352,0.17448733847634773,0.29695603169437373,30
oldscrap_manufacture,S_ref,2019.0,frozen,,0.291246842820395,0.2677549402921141,0.3153889617676786,35
oldscrap_manufacture,S_ref,2019.0,nonautonomous,hold,0.291246842820395,0.2677549402921141,0.3153889617676786,35
oldscrap_manufacture,S_ref,2019.0,nonautonomous,mean5,0.29202027808843245,0.26124041713375823,0.3134599539964049,35
oldscrap_manufacture,S_ref,2019.0,nonautonomous,trend20,0.2529000000459361,0.20515776048478765,0.29577874740825316,35
oldscrap_manufacture,S_ref,2019.0,nonautonomous,trend50,0.20711543274499744,0.17254737655988456,0.2913811832507184,30
oldscrap_manufacture,S_iu_short,1980.0,frozen,,0.1129594706604465,0.1091443966627712,0.11792463799297971,35
oldscrap_manufacture,S_iu_short,1980.0,nonautonomous,hold,0.1462015031195662,0.14368619735781696,0.14908087892514954,35
oldscrap_manufacture,S_iu_short,1980.0,nonautonomous,mean5,0.1459449736318469,0.14335529280656906,0.1490780336324628,35
oldscrap_manufacture,S_iu_short,1980.0,nonautonomous,trend20,0.14308885075024566,0.1384107198546939,0.14629107235782893,35
oldscrap_manufacture,S_iu_short,1980.0,nonautonomous,trend50,0.13800205560307435,0.13529445223999015,0.14379264242172607,30
oldscrap_manufacture,S_iu_short,1981.0,frozen,,0.12662607997859932,0.12174300692765218,0.1321226136779119,35
oldscrap_manufacture,S_iu_short,1981.0,nonautonomous,hold,0.14894770544062794,0.14584461805612847,0.15164594367195575,35
oldscrap_manufacture,S_iu_short,1981.0,nonautonomous,mean5,0.14760525516313103,0.14574459671438333,0.1513119827015859,35
oldscrap_manufacture,S_iu_short,1981.0,nonautonomous,trend20,0.1448283202402332,0.13926990587076166,0.14828328232799054,35
oldscrap_manufacture,S_iu_short,1981.0,nonautonomous,trend50,0.13962344788203496,0.13691503588981094,0.14567814111235958,30
oldscrap_manufacture,S_iu_short,1982.0,frozen,,0.14173633722672618,0.13584401670573742,0.14823158778169998,35
oldscrap_manufacture,S_iu_short,1982.0,nonautonomous,hold,0.14956662577373636,0.14612612444404544,0.1530070818985682,35
oldscrap_manufacture,S_iu_short,1982.0,nonautonomous,mean5,0.14846434673649608,0.14635235329073754,0.15237764997604566,35
oldscrap_manufacture,S_iu_short,1982.0,nonautonomous,trend20,0.14577486553577065,0.1398735321143112,0.14897068441611072,35
oldscrap_manufacture,S_iu_short,1982.0,nonautonomous,trend50,0.14053630401592887,0.13721169463439242,0.1460006570326863,30
oldscrap_manufacture,S_iu_short,1983.0,frozen,,0.1287366262892731,0.12358929792438833,0.13377064833054353,35
oldscrap_manufacture,S_iu_short,1983.0,nonautonomous,hold,0.1506002569170226,0.1471558929217865,0.15433957951623464,35
oldscrap_manufacture,S_iu_short,1983.0,nonautonomous,mean5,0.15051591009347734,0.14715157266095652,0.15382982445271592,35
oldscrap_manufacture,S_iu_short,1983.0,nonautonomous,trend20,0.14652340019540983,0.14040320755740898,0.15003491853093587,35
oldscrap_manufacture,S_iu_short,1983.0,nonautonomous,trend50,0.14199256097623347,0.13702393024550133,0.14711882125331005,30
oldscrap_manufacture,S_iu_short,1984.0,frozen,,0.1408292251758525,0.1368150210963454,0.1450765097477121,35
oldscrap_manufacture,S_iu_short,1984.0,nonautonomous,hold,0.15182987142183496,0.1480823431933131,0.1559312127513106,35
oldscrap_manufacture,S_iu_short,1984.0,nonautonomous,mean5,0.15174018402217812,0.14834540345258562,0.1556344966334099,35
oldscrap_manufacture,S_iu_short,1984.0,nonautonomous,trend20,0.14821406137707738,0.1410880852871148,0.15101825010285602,35
oldscrap_manufacture,S_iu_short,1984.0,nonautonomous,trend50,0.14363992601497796,0.138206434336059,0.14839601941835867,30
oldscrap_manufacture,S_iu_short,1985.0,frozen,,0.12522339165254126,0.12226763436605229,0.13096779615445034,35
oldscrap_manufacture,S_iu_short,1985.0,nonautonomous,hold,0.15298943024292383,0.14873450756825934,0.15730607867213714,35
oldscrap_manufacture,S_iu_short,1985.0,nonautonomous,mean5,0.15328537068765433,0.14925725464553868,0.15717456088027415,35
oldscrap_manufacture,S_iu_short,1985.0,nonautonomous,trend20,0.14873348883497786,0.14128342370290595,0.15211444133382968,35
oldscrap_manufacture,S_iu_short,1985.0,nonautonomous,trend50,0.14475605269607272,0.13827208122719767,0.14942457366461184,30
oldscrap_manufacture,S_iu_short,1986.0,frozen,,0.0937916892412257,0.08841798870615009,0.10024020844847914,35
oldscrap_manufacture,S_iu_short,1986.0,nonautonomous,hold,0.15558584458227506,0.15125637092047575,0.15950869878272825,35
oldscrap_manufacture,S_iu_short,1986.0,nonautonomous,mean5,0.15545922010222052,0.1515930621544167,0.15953477539227923,35
oldscrap_manufacture,S_iu_short,1986.0,nonautonomous,trend20,0.15056982864634572,0.14358652094982127,0.15447157294722014,35
oldscrap_manufacture,S_iu_short,1986.0,nonautonomous,trend50,0.1464219279353507,0.13975776808511903,0.15180634308296384,30
oldscrap_manufacture,S_iu_short,1987.0,frozen,,0.08157051293500422,0.07831038624756229,0.08729581321651128,35
oldscrap_manufacture,S_iu_short,1987.0,nonautonomous,hold,0.15950688009496,0.15625253176941759,0.16457375390810963,35
oldscrap_manufacture,S_iu_short,1987.0,nonautonomous,mean5,0.15939713227244576,0.1564782788536747,0.164368125774601,35
oldscrap_manufacture,S_iu_short,1987.0,nonautonomous,trend20,0.15552408853642322,0.14842742637994732,0.1592798145726111,35
oldscrap_manufacture,S_iu_short,1987.0,nonautonomous,trend50,0.14993722226634437,0.14395937201027262,0.15603354566759084,30
oldscrap_manufacture,S_iu_short,1988.0,frozen,,0.09796345632058626,0.09552426124879279,0.10141597341016279,35
oldscrap_manufacture,S_iu_short,1988.0,nonautonomous,hold,0.16588072586254257,0.16230661286948128,0.1713734669265782,35
oldscrap_manufacture,S_iu_short,1988.0,nonautonomous,mean5,0.1649467779110091,0.16264253257724465,0.17087118069046847,35
oldscrap_manufacture,S_iu_short,1988.0,nonautonomous,trend20,0.16172818910853343,0.15430461588834382,0.16558197641556405,35
oldscrap_manufacture,S_iu_short,1988.0,nonautonomous,trend50,0.15540072979380593,0.1492169032631019,0.16265980257240792,30
oldscrap_manufacture,S_iu_short,1989.0,frozen,,0.13183062478449714,0.12792988004380046,0.13660117580762368,35
oldscrap_manufacture,S_iu_short,1989.0,nonautonomous,hold,0.17078648000962565,0.1671028426707133,0.17719169216291372,35
oldscrap_manufacture,S_iu_short,1989.0,nonautonomous,mean5,0.1701702349647915,0.16784972825712088,0.17628721051204538,35
oldscrap_manufacture,S_iu_short,1989.0,nonautonomous,trend20,0.16633517233179346,0.15863105764073968,0.17066492443554154,35
oldscrap_manufacture,S_iu_short,1989.0,nonautonomous,trend50,0.16012342237502786,0.15322690307041037,0.16805649684659388,30
oldscrap_manufacture,S_iu_short,1990.0,frozen,,0.17579327919054918,0.17307269873156544,0.18085679852632275,35
oldscrap_manufacture,S_iu_short,1990.0,nonautonomous,hold,0.17259553192964536,0.16931446519878532,0.17979096105167336,35
oldscrap_manufacture,S_iu_short,1990.0,nonautonomous,mean5,0.17319150129805935,0.16963553102723467,0.1788285641850196,35
oldscrap_manufacture,S_iu_short,1990.0,nonautonomous,trend20,0.16839323916441465,0.1602701696466226,0.17283874498282137,35
oldscrap_manufacture,S_iu_short,1990.0,nonautonomous,trend50,0.161463783791294,0.15466380810406707,0.1705529727928807,30
oldscrap_manufacture,S_iu_short,1991.0,frozen,,0.1504058234206532,0.14640066502799431,0.15316771945985203,35
oldscrap_manufacture,S_iu_short,1991.0,nonautonomous,hold,0.1738296182093722,0.17012356364555592,0.18060275843074725,35
oldscrap_manufacture,S_iu_short,1991.0,nonautonomous,mean5,0.17389396057245807,0.17015201897307133,0.18026519561506582,35
oldscrap_manufacture,S_iu_short,1991.0,nonautonomous,trend20,0.1691577156388994,0.16055919051618273,0.17409952254789163,35
oldscrap_manufacture,S_iu_short,1991.0,nonautonomous,trend50,0.161612613829056,0.15488543246593306,0.17123241442337173,30
oldscrap_manufacture,S_iu_short,1992.0,frozen,,0.16755106085292973,0.16459838541991995,0.1715955075243199,35
oldscrap_manufacture,S_iu_short,1992.0,nonautonomous,hold,0.1749147165569095,0.17071862892397247,0.18212572015565898,35
oldscrap_manufacture,S_iu_short,1992.0,nonautonomous,mean5,0.17413665673459847,0.17101523445621078,0.18190976970372438,35
oldscrap_manufacture,S_iu_short,1992.0,nonautonomous,trend20,0.16949449818218024,0.16102561149715333,0.17531565824784556,35
oldscrap_manufacture,S_iu_short,1992.0,nonautonomous,trend50,0.16209165323978364,0.15538499665622546,0.17213073852492336,30
oldscrap_manufacture,S_iu_short,1993.0,frozen,,0.14118998229701255,0.13780009065239257,0.1460054273055218,35
oldscrap_manufacture,S_iu_short,1993.0,nonautonomous,hold,0.17625654417146372,0.17190929616380624,0.18392199831820244,35
oldscrap_manufacture,S_iu_short,1993.0,nonautonomous,mean5,0.17608902962879885,0.17204509029022697,0.18354844250694652,35
oldscrap_manufacture,S_iu_short,1993.0,nonautonomous,trend20,0.17058308411226036,0.1621899212782511,0.17683405524445037,35
oldscrap_manufacture,S_iu_short,1993.0,nonautonomous,trend50,0.16302658792048896,0.15646292897759456,0.1736964486850295,30
oldscrap_manufacture,S_iu_short,1994.0,frozen,,0.1323444301256703,0.12974381244500469,0.13620167226207738,35
oldscrap_manufacture,S_iu_short,1994.0,nonautonomous,hold,0.18017938174148576,0.1750564340684208,0.1872707616692167,35
oldscrap_manufacture,S_iu_short,1994.0,nonautonomous,mean5,0.18018937728268483,0.17466818884272872,0.18729876998236064,35
oldscrap_manufacture,S_iu_short,1994.0,nonautonomous,trend20,0.17381924928443773,0.16472017141998652,0.1800971572682809,35
oldscrap_manufacture,S_iu_short,1994.0,nonautonomous,trend50,0.16556807462716558,0.15884058809483192,0.17688551811090888,30
oldscrap_manufacture,S_iu_short,1995.0,frozen,,0.13364876233228623,0.12947247340082302,0.13611386102168302,35
oldscrap_manufacture,S_iu_short,1995.0,nonautonomous,hold,0.18472845438634733,0.17898663172127638,0.1923975556497986,35
oldscrap_manufacture,S_iu_short,1995.0,nonautonomous,mean5,0.18443909804391445,0.17887728772051542,0.19266398145998206,35
oldscrap_manufacture,S_iu_short,1995.0,nonautonomous,trend20,0.1780025113038819,0.1682944715367456,0.18506180637299452,35
oldscrap_manufacture,S_iu_short,1995.0,nonautonomous,trend50,0.16925527778200533,0.1619701627319449,0.18102580192175793,30
oldscrap_manufacture,S_iu_short,1996.0,frozen,,0.14536034736144615,0.14411738003195318,0.149961553571881,35
oldscrap_manufacture,S_iu_short,1996.0,nonautonomous,hold,0.188437754756445,0.18254577033202227,0.1970141689867683,35
oldscrap_manufacture,S_iu_short,1996.0,nonautonomous,mean5,0.18822793191252338,0.18266663766695504,0.19734502774226312,35
oldscrap_manufacture,S_iu_short,1996.0,nonautonomous,trend20,0.1813500568229147,0.1721003057162825,0.18957332587915046,35
oldscrap_manufacture,S_iu_short,1996.0,nonautonomous,trend50,0.1725083666600266,0.1650015638994924,0.18521856146443155,30
oldscrap_manufacture,S_iu_short,1997.0,frozen,,0.16688378705755041,0.16101879371461247,0.17095636483828736,35
oldscrap_manufacture,S_iu_short,1997.0,nonautonomous,hold,0.19096497358120407,0.18509299367616527,0.20075643208085525,35
oldscrap_manufacture,S_iu_short,1997.0,nonautonomous,mean5,0.19038952652812452,0.18495888644724928,0.20105162896321732,35
oldscrap_manufacture,S_iu_short,1997.0,nonautonomous,trend20,0.18427640879997562,0.17403938961322246,0.19248129527989516,35
oldscrap_manufacture,S_iu_short,1997.0,nonautonomous,trend50,0.17496922546175891,0.16662849838578395,0.18833623603404637,30
oldscrap_manufacture,S_iu_short,1998.0,frozen,,0.1474409941985827,0.1431390723479537,0.15275732995934027,35
oldscrap_manufacture,S_iu_short,1998.0,nonautonomous,hold,0.1937353549414021,0.18741417957282397,0.20470122036266863,35
oldscrap_manufacture,S_iu_short,1998.0,nonautonomous,mean5,0.1931925312982378,0.1870405792710488,0.20487584384267418,35
oldscrap_manufacture,S_iu_short,1998.0,nonautonomous,trend20,0.18634551891559253,0.17534955014050982,0.1948373869723924,35
oldscrap_manufacture,S_iu_short,1998.0,nonautonomous,trend50,0.17772723752488737,0.16799345623289594,0.19068816913561432,30
oldscrap_manufacture,S_iu_short,1999.0,frozen,,0.1406127278474857,0.1349546448459047,0.1456813879244389,35
oldscrap_manufacture,S_iu_short,1999.0,nonautonomous,hold,0.1976550296851386,0.19071796801636365,0.20937108896855794,35
oldscrap_manufacture,S_iu_short,1999.0,nonautonomous,mean5,0.197027618824052,0.19008199479083032,0.2095798820351949,35
oldscrap_manufacture,S_iu_short,1999.0,nonautonomous,trend20,0.18997440616902958,0.17765048194974992,0.19806152990633377,35
oldscrap_manufacture,S_iu_short,1999.0,nonautonomous,trend50,0.18091198173014778,0.17002983281234185,0.19397508674557742,30
oldscrap_manufacture,S_iu_short,2000.0,frozen,,0.18440949506220425,0.17601635512658653,0.19216690276983767,35
oldscrap_manufacture,S_iu_short,2000.0,nonautonomous,hold,0.20120091374976135,0.19282085590431042,0.21410677257402944,35
oldscrap_manufacture,S_iu_short,2000.0,nonautonomous,mean5,0.20091777733488603,0.19268126531273758,0.21364741074980087,35
oldscrap_manufacture,S_iu_short,2000.0,nonautonomous,trend20,0.19250124574485475,0.1803723836374881,0.2007749489268147,35
oldscrap_manufacture,S_iu_short,2000.0,nonautonomous,trend50,0.18330324947611318,0.17155056235056565,0.1977016581116135,30
oldscrap_manufacture,S_iu_short,2001.0,frozen,,0.19183213230669924,0.18891786952273798,0.19746462412629212,35
oldscrap_manufacture,S_iu_short,2001.0,nonautonomous,hold,0.20256084576710354,0.19283127821575752,0.21706911016196995,35
oldscrap_manufacture,S_iu_short,2001.0,nonautonomous,mean5,0.20225611830553125,0.19341341485969243,0.21540130553360537,35
oldscrap_manufacture,S_iu_short,2001.0,nonautonomous,trend20,0.1920369417546222,0.18020772172217497,0.20200676912523452,35
oldscrap_manufacture,S_iu_short,2001.0,nonautonomous,trend50,0.18472380002766153,0.17137124638177142,0.1997035764401718,30
oldscrap_manufacture,S_iu_short,2002.0,frozen,,0.1812895532084225,0.1757028457122526,0.18798589794741505,35
oldscrap_manufacture,S_iu_short,2002.0,nonautonomous,hold,0.20325227019745334,0.19274200137392672,0.21897476212568662,35
oldscrap_manufacture,S_iu_short,2002.0,nonautonomous,mean5,0.20225597299846237,0.19328820657276194,0.2168576144881475,35
oldscrap_manufacture,S_iu_short,2002.0,nonautonomous,trend20,0.19219394619192243,0.1796362575276138,0.203150675449971,35
oldscrap_manufacture,S_iu_short,2002.0,nonautonomous,trend50,0.18568464923693473,0.17088281850253717,0.20026638243915068,30
oldscrap_manufacture,S_iu_short,2003.0,frozen,,0.15369000562322463,0.14517184523855736,0.16609501125980766,35
oldscrap_manufacture,S_iu_short,2003.0,nonautonomous,hold,0.20564865953489195,0.19481722316774697,0.22216349302099636,35
oldscrap_manufacture,S_iu_short,2003.0,nonautonomous,mean5,0.20475557871789624,0.19458012611256525,0.220483293944862,35
oldscrap_manufacture,S_iu_short,2003.0,nonautonomous,trend20,0.19342111129438583,0.18084378324934924,0.20599007166517924,35
oldscrap_manufacture,S_iu_short,2003.0,nonautonomous,trend50,0.18696665249813627,0.17104609734170323,0.20158881637775056,30
oldscrap_manufacture,S_iu_short,2004.0,frozen,,0.1764082839883155,0.16417663455180653,0.18625539178458178,35
oldscrap_manufacture,S_iu_short,2004.0,nonautonomous,hold,0.20801548280178675,0.19660364919810103,0.22587389988481943,35
oldscrap_manufacture,S_iu_short,2004.0,nonautonomous,mean5,0.20867765075022093,0.1963332385713494,0.22476149143555274,35
oldscrap_manufacture,S_iu_short,2004.0,nonautonomous,trend20,0.19707020994492552,0.1831040752707397,0.2096117272714743,35
oldscrap_manufacture,S_iu_short,2004.0,nonautonomous,trend50,0.18943221086969894,0.1717205851511573,0.2035809768656205,30
oldscrap_manufacture,S_iu_short,2005.0,frozen,,0.19641917736626893,0.18417025601858372,0.20057330094613557,35
oldscrap_manufacture,S_iu_short,2005.0,nonautonomous,hold,0.20885529265241506,0.1974325726954174,0.2283507322991153,35
oldscrap_manufacture,S_iu_short,2005.0,nonautonomous,mean5,0.20879048909582568,0.19663415502697754,0.2280180564769682,35
oldscrap_manufacture,S_iu_short,2005.0,nonautonomous,trend20,0.197678005906294,0.18377070790391759,0.21157456139740521,35
oldscrap_manufacture,S_iu_short,2005.0,nonautonomous,trend50,0.1905199465985331,0.17100179974447047,0.20475263351610962,30
oldscrap_manufacture,S_iu_short,2006.0,frozen,,0.21626765755778737,0.2067131510121556,0.23743463507595772,35
oldscrap_manufacture,S_iu_short,2006.0,nonautonomous,hold,0.20904550337812233,0.19596608739175464,0.22922009625184972,35
oldscrap_manufacture,S_iu_short,2006.0,nonautonomous,mean5,0.2085987025286123,0.19557580908982813,0.22974854082110402,35
oldscrap_manufacture,S_iu_short,2006.0,nonautonomous,trend20,0.19710884548681545,0.18216693258508387,0.2112891061252966,35
oldscrap_manufacture,S_iu_short,2006.0,nonautonomous,trend50,0.18960652135352266,0.16908430686484582,0.20604347638577472,30
oldscrap_manufacture,S_iu_short,2007.0,frozen,,0.24333057252767862,0.2303371797207028,0.264476781048153,35
oldscrap_manufacture,S_iu_short,2007.0,nonautonomous,hold,0.20879852886751993,0.1946607513966428,0.22996510664865333,35
oldscrap_manufacture,S_iu_short,2007.0,nonautonomous,mean5,0.20872044416980595,0.19343594721799323,0.22919273020015649,35
oldscrap_manufacture,S_iu_short,2007.0,nonautonomous,trend20,0.19600605974412408,0.1774564797148582,0.21040368113028612,35
oldscrap_manufacture,S_iu_short,2007.0,nonautonomous,trend50,0.18788946152771113,0.1666576043664386,0.20660677517171672,30
oldscrap_manufacture,S_iu_short,2008.0,frozen,,0.2640826419065843,0.21190614979846706,0.29939355756889896,35
oldscrap_manufacture,S_iu_short,2008.0,nonautonomous,hold,0.20649425348815434,0.19267659150375274,0.22720081892511265,35
oldscrap_manufacture,S_iu_short,2008.0,nonautonomous,mean5,0.20702760807534717,0.18869572141107138,0.22573504107875006,35
oldscrap_manufacture,S_iu_short,2008.0,nonautonomous,trend20,0.19125705041492727,0.1729380801564135,0.20831634550646233,35
oldscrap_manufacture,S_iu_short,2008.0,nonautonomous,trend50,0.18249087470650238,0.1618364321789838,0.20405081930194893,30
oldscrap_manufacture,S_iu_short,2009.0,frozen,,0.22878695853833936,0.1916091870136175,0.25128834725590266,35
oldscrap_manufacture,S_iu_short,2009.0,nonautonomous,hold,0.20453972663371384,0.19002318393607584,0.224253027700677,35
oldscrap_manufacture,S_iu_short,2009.0,nonautonomous,mean5,0.20414745411405838,0.1873064653088098,0.22131642938926566,35
oldscrap_manufacture,S_iu_short,2009.0,nonautonomous,trend20,0.1898949815090134,0.16791949845570076,0.20556060215860283,35
oldscrap_manufacture,S_iu_short,2009.0,nonautonomous,trend50,0.17550821353052737,0.15501480623299782,0.20065464297739125,30
oldscrap_manufacture,S_iu_short,2010.0,frozen,,0.20589951929995678,0.18813134990368813,0.22781260002227421,35
oldscrap_manufacture,S_iu_short,2010.0,nonautonomous,hold,0.20522012343092372,0.18848464984987354,0.2233373799897541,35
oldscrap_manufacture,S_iu_short,2010.0,nonautonomous,mean5,0.20385661382020653,0.1866473853115096,0.21999205331098373,35
oldscrap_manufacture,S_iu_short,2010.0,nonautonomous,trend20,0.18672620775606863,0.16376322592707948,0.20453282472761267,35
oldscrap_manufacture,S_iu_short,2010.0,nonautonomous,trend50,0.17070864679104714,0.15247418892530437,0.19866908510908257,30
oldscrap_manufacture,S_iu_short,2011.0,frozen,,0.2137069688219876,0.18230372336379833,0.24808142420056434,35
oldscrap_manufacture,S_iu_short,2011.0,nonautonomous,hold,0.20434786167335806,0.1876628580179346,0.2231198141942107,35
oldscrap_manufacture,S_iu_short,2011.0,nonautonomous,mean5,0.20427635219725482,0.1870665908855752,0.2198183450790131,35
oldscrap_manufacture,S_iu_short,2011.0,nonautonomous,trend20,0.18828696798249803,0.16119113889109687,0.20303695605201438,35
oldscrap_manufacture,S_iu_short,2011.0,nonautonomous,trend50,0.16914926019388254,0.15000452504582226,0.19679142069533928,30
oldscrap_manufacture,S_iu_short,2012.0,frozen,,0.2052069077838986,0.17928148595782825,0.2321411808347526,35
oldscrap_manufacture,S_iu_short,2012.0,nonautonomous,hold,0.2019650229478761,0.18702332079623668,0.2207186449010337,35
oldscrap_manufacture,S_iu_short,2012.0,nonautonomous,mean5,0.20373966087620532,0.1849949798619741,0.21996751947883272,35
oldscrap_manufacture,S_iu_short,2012.0,nonautonomous,trend20,0.1897819741584201,0.15713926204594908,0.20155971648863635,35
oldscrap_manufacture,S_iu_short,2012.0,nonautonomous,trend50,0.16693018648072055,0.14616935690153324,0.19477384914882365,30
oldscrap_manufacture,S_iu_short,2013.0,frozen,,0.2072702790345477,0.19099048289535753,0.23514372001056189,35
oldscrap_manufacture,S_iu_short,2013.0,nonautonomous,hold,0.20253064792950795,0.18669196480873784,0.22044544379151043,35
oldscrap_manufacture,S_iu_short,2013.0,nonautonomous,mean5,0.20265475934434712,0.18384056510185187,0.2195734420505966,35
oldscrap_manufacture,S_iu_short,2013.0,nonautonomous,trend20,0.1878571279569024,0.15115253860490152,0.19991552537591195,35
oldscrap_manufacture,S_iu_short,2013.0,nonautonomous,trend50,0.16390228674858864,0.14009242572284172,0.19499897184909748,30
oldscrap_manufacture,S_iu_short,2014.0,frozen,,0.2206003713176161,0.19100920277198216,0.2400105277837794,35
oldscrap_manufacture,S_iu_short,2014.0,nonautonomous,hold,0.20289554515581107,0.18596836689761947,0.22081279632347842,35
oldscrap_manufacture,S_iu_short,2014.0,nonautonomous,mean5,0.20221424142527453,0.1829396957893364,0.21865352509908928,35
oldscrap_manufacture,S_iu_short,2014.0,nonautonomous,trend20,0.18558273518895574,0.14831332719868867,0.1984866810768341,35
oldscrap_manufacture,S_iu_short,2014.0,nonautonomous,trend50,0.16082884005060138,0.1347708595196377,0.19613972517458728,30
oldscrap_manufacture,S_iu_short,2015.0,frozen,,0.2072612452431801,0.1813711202943632,0.2325138192469789,35
oldscrap_manufacture,S_iu_short,2015.0,nonautonomous,hold,0.2007988894772365,0.18471069133075574,0.22083978831752837,35
oldscrap_manufacture,S_iu_short,2015.0,nonautonomous,mean5,0.20030822494040973,0.1827790239990731,0.2175606576681719,35
oldscrap_manufacture,S_iu_short,2015.0,nonautonomous,trend20,0.1828798130498137,0.14611439447715546,0.20056053996234313,35
oldscrap_manufacture,S_iu_short,2015.0,nonautonomous,trend50,0.1576117892640172,0.13356961578551074,0.1952346295650263,30
oldscrap_manufacture,S_iu_short,2016.0,frozen,,0.19143136027740779,0.17376097299456278,0.21266196127577996,35
oldscrap_manufacture,S_iu_short,2016.0,nonautonomous,hold,0.1982610075776228,0.18443152606331703,0.22139883348749084,35
oldscrap_manufacture,S_iu_short,2016.0,nonautonomous,mean5,0.20031166343312173,0.18334156309809957,0.2172314955773844,35
oldscrap_manufacture,S_iu_short,2016.0,nonautonomous,trend20,0.18102458951590722,0.14174585816906238,0.20234472749621252,35
oldscrap_manufacture,S_iu_short,2016.0,nonautonomous,trend50,0.15528713485814008,0.13245058287040595,0.19202215338956913,30
oldscrap_manufacture,S_iu_short,2017.0,frozen,,0.1891722073243912,0.1734564583945492,0.2124645080772336,35
oldscrap_manufacture,S_iu_short,2017.0,nonautonomous,hold,0.20034240870813896,0.18520115833272155,0.22202928702844912,35
oldscrap_manufacture,S_iu_short,2017.0,nonautonomous,mean5,0.20142237710077363,0.18407157923324624,0.21834270092621455,35
oldscrap_manufacture,S_iu_short,2017.0,nonautonomous,trend20,0.18000754544849276,0.1379471049173264,0.20364513206256207,35
oldscrap_manufacture,S_iu_short,2017.0,nonautonomous,trend50,0.15402032747054972,0.13056758026758555,0.1934002269713781,30
oldscrap_manufacture,S_iu_short,2018.0,frozen,,0.2070121978913407,0.18364676475500163,0.2268383233749517,35
oldscrap_manufacture,S_iu_short,2018.0,nonautonomous,hold,0.20078387415138665,0.18565934174179638,0.22246981078102426,35
oldscrap_manufacture,S_iu_short,2018.0,nonautonomous,mean5,0.20176030531608152,0.18435860106056073,0.2184111066434095,35
oldscrap_manufacture,S_iu_short,2018.0,nonautonomous,trend20,0.179339667352007,0.13442991455891198,0.20431336681231735,35
oldscrap_manufacture,S_iu_short,2018.0,nonautonomous,trend50,0.15283863604000375,0.12709832069670837,0.1932819132936996,30
oldscrap_manufacture,S_iu_short,2019.0,frozen,,0.20023929686233838,0.18559312546530432,0.22213499274209572,35
oldscrap_manufacture,S_iu_short,2019.0,nonautonomous,hold,0.20023929686233838,0.18559312546530432,0.22213499274209572,35
oldscrap_manufacture,S_iu_short,2019.0,nonautonomous,mean5,0.20108048155041214,0.1833007552731582,0.21809549864067507,35
oldscrap_manufacture,S_iu_short,2019.0,nonautonomous,trend20,0.17877594940177458,0.129801348582144,0.20495860650154082,35
oldscrap_manufacture,S_iu_short,2019.0,nonautonomous,trend50,0.15050488358913822,0.12255111461424524,0.19276513975870319,30
oldscrap_manufacture,S_iu_med,1980.0,frozen,,0.1129594706604465,0.1091443966627712,0.11792463799297971,35
oldscrap_manufacture,S_iu_med,1980.0,nonautonomous,hold,0.1628963142849434,0.15807519207659876,0.17001508186696737,35
oldscrap_manufacture,S_iu_med,1980.0,nonautonomous,mean5,0.16315244475096385,0.1577200077590409,0.16917768095097444,35
oldscrap_manufacture,S_iu_med,1980.0,nonautonomous,trend20,0.15647182738691584,0.14243597709375938,0.16156121371963794,35
oldscrap_manufacture,S_iu_med,1980.0,nonautonomous,trend50,0.14199732126215497,0.13590793666023915,0.15761231483673893,30
oldscrap_manufacture,S_iu_med,1981.0,frozen,,0.12662607997859932,0.12174300692765218,0.1321226136779119,35
oldscrap_manufacture,S_iu_med,1981.0,nonautonomous,hold,0.16463771505508645,0.1596308864073756,0.172002350156729,35
oldscrap_manufacture,S_iu_med,1981.0,nonautonomous,mean5,0.1647800758787857,0.1592179805690484,0.17130730701382277,35
oldscrap_manufacture,S_iu_med,1981.0,nonautonomous,trend20,0.15828504988446235,0.14362611471894493,0.16348308627795005,35
oldscrap_manufacture,S_iu_med,1981.0,nonautonomous,trend50,0.14312064448954182,0.13672915306282224,0.15915694970233799,30
oldscrap_manufacture,S_iu_med,1982.0,frozen,,0.14173633722672618,0.13584401670573742,0.14823158778169998,35
oldscrap_manufacture,S_iu_med,1982.0,nonautonomous,hold,0.16599544999293656,0.16049190827139007,0.1732400634967189,35
oldscrap_manufacture,S_iu_med,1982.0,nonautonomous,mean5,0.1658664999582503,0.1602967368963478,0.17273469097082164,35
oldscrap_manufacture,S_iu_med,1982.0,nonautonomous,trend20,0.15963171343673357,0.1440545063589616,0.16486837326835968,35
oldscrap_manufacture,S_iu_med,1982.0,nonautonomous,trend50,0.14377276044108867,0.13696560995117127,0.16033166352606834,30
oldscrap_manufacture,S_iu_med,1983.0,frozen,,0.1287366262892731,0.12358929792438833,0.13377064833054353,35
oldscrap_manufacture,S_iu_med,1983.0,nonautonomous,hold,0.16761434499179828,0.16158570180859128,0.1753391023931316,35
oldscrap_manufacture,S_iu_med,1983.0,nonautonomous,mean5,0.1674339349690537,0.16173576910558266,0.1742775222760264,35
oldscrap_manufacture,S_iu_med,1983.0,nonautonomous,trend20,0.16036368315669025,0.1444735895816594,0.16638496562140953,35
oldscrap_manufacture,S_iu_med,1983.0,nonautonomous,trend50,0.14457637766643328,0.13733516305518828,0.16171966265812268,30
oldscrap_manufacture,S_iu_med,1984.0,frozen,,0.1408292251758525,0.1368150210963454,0.1450765097477121,35
oldscrap_manufacture,S_iu_med,1984.0,nonautonomous,hold,0.16908231640162721,0.16310951439965798,0.1776005664841908,35
oldscrap_manufacture,S_iu_med,1984.0,nonautonomous,mean5,0.16889437870396762,0.16320317744189372,0.1762629614494813,35
oldscrap_manufacture,S_iu_med,1984.0,nonautonomous,trend20,0.16121217283322556,0.1448737453260484,0.16806650561838993,35
oldscrap_manufacture,S_iu_med,1984.0,nonautonomous,trend50,0.14550301719016018,0.13744488602300317,0.16301547109623904,30
oldscrap_manufacture,S_iu_med,1985.0,frozen,,0.12522339165254126,0.12226763436605229,0.13096779615445034,35
oldscrap_manufacture,S_iu_med,1985.0,nonautonomous,hold,0.1707277081097595,0.16432989832175754,0.17942874686153562,35
oldscrap_manufacture,S_iu_med,1985.0,nonautonomous,mean5,0.17053186872096235,0.16443370955074987,0.17805769085042006,35
oldscrap_manufacture,S_iu_med,1985.0,nonautonomous,trend20,0.16229615860466,0.14522281227617997,0.16942839449680974,35
oldscrap_manufacture,S_iu_med,1985.0,nonautonomous,trend50,0.14617501081243192,0.13732138905572797,0.1641675865947403,30
oldscrap_manufacture,S_iu_med,1986.0,frozen,,0.0937916892412257,0.0884179887061501,0.10024020844847914,35
oldscrap_manufacture,S_iu_med,1986.0,nonautonomous,hold,0.17288146854217962,0.16597346021125936,0.1816443303562001,35
oldscrap_manufacture,S_iu_med,1986.0,nonautonomous,mean5,0.17267724236856427,0.16629896733842564,0.18030356219351523,35
oldscrap_manufacture,S_iu_med,1986.0,nonautonomous,trend20,0.1644804205459654,0.14663728210613441,0.17127421271909282,35
oldscrap_manufacture,S_iu_med,1986.0,nonautonomous,trend50,0.1471006797775999,0.13808142699235132,0.16609408129076048,30
oldscrap_manufacture,S_iu_med,1987.0,frozen,,0.08157051293500421,0.07831038624756229,0.08729581321651128,35
oldscrap_manufacture,S_iu_med,1987.0,nonautonomous,hold,0.175473130167063,0.1689946382000176,0.18501346998580137,35
oldscrap_manufacture,S_iu_med,1987.0,nonautonomous,mean5,0.17581741501129863,0.16917959471209898,0.18373272371116484,35
oldscrap_manufacture,S_iu_med,1987.0,nonautonomous,trend20,0.16752232520131963,0.14922897242431837,0.1743481884650253,35
oldscrap_manufacture,S_iu_med,1987.0,nonautonomous,trend50,0.14884571748198028,0.14017335321111762,0.1690180113057359,30
oldscrap_manufacture,S_iu_med,1988.0,frozen,,0.09796345632058627,0.09552426124879279,0.10141597341016279,35
oldscrap_manufacture,S_iu_med,1988.0,nonautonomous,hold,0.1789354220226339,0.17265330701035939,0.18908719045386754,35
oldscrap_manufacture,S_iu_med,1988.0,nonautonomous,mean5,0.17971536589906184,0.17274228129650987,0.18801240790745288,35
oldscrap_manufacture,S_iu_med,1988.0,nonautonomous,trend20,0.17067068082296735,0.15193113342362097,0.17808805111970638,35
oldscrap_manufacture,S_iu_med,1988.0,nonautonomous,trend50,0.1514390670246762,0.14264192467839865,0.17244720733445357,30
oldscrap_manufacture,S_iu_med,1989.0,frozen,,0.13183062478449714,0.12792988004380046,0.13660117580762368,35
oldscrap_manufacture,S_iu_med,1989.0,nonautonomous,hold,0.18209233617996895,0.1758002563521096,0.19241825124808984,35
oldscrap_manufacture,S_iu_med,1989.0,nonautonomous,mean5,0.1829159710394476,0.17564437691055326,0.19167388008772934,35
oldscrap_manufacture,S_iu_med,1989.0,nonautonomous,trend20,0.17313072019174455,0.15408046440492595,0.1810071837932102,35
oldscrap_manufacture,S_iu_med,1989.0,nonautonomous,trend50,0.15344826734383443,0.14423742800376393,0.17535292705251504,30
oldscrap_manufacture,S_iu_med,1990.0,frozen,,0.17579327919054918,0.17307269873156544,0.18085679852632275,35
oldscrap_manufacture,S_iu_med,1990.0,nonautonomous,hold,0.1836538599911281,0.17733433885063757,0.1939934257944811,35
oldscrap_manufacture,S_iu_med,1990.0,nonautonomous,mean5,0.18429297540764855,0.17723743333413117,0.19358392673148944,35
oldscrap_manufacture,S_iu_med,1990.0,nonautonomous,trend20,0.17412728770178845,0.15484039628214655,0.18221133941676806,35
oldscrap_manufacture,S_iu_med,1990.0,nonautonomous,trend50,0.15381008588432293,0.1443295346327537,0.176897715968383,30
oldscrap_manufacture,S_iu_med,1991.0,frozen,,0.1504058234206532,0.14640066502799431,0.15316771945985203,35
oldscrap_manufacture,S_iu_med,1991.0,nonautonomous,hold,0.184777730617099,0.1782056973154182,0.19505073592595262,35
oldscrap_manufacture,S_iu_med,1991.0,nonautonomous,mean5,0.18510240148059962,0.17807316830246178,0.19487386101431764,35
oldscrap_manufacture,S_iu_med,1991.0,nonautonomous,trend20,0.17455432389009506,0.15465671185337065,0.1828172391753809,35
oldscrap_manufacture,S_iu_med,1991.0,nonautonomous,trend50,0.15352212986866431,0.14378589525314034,0.177691347424392,30
oldscrap_manufacture,S_iu_med,1992.0,frozen,,0.16755106085292973,0.16459838541991995,0.17159550752431987,35
oldscrap_manufacture,S_iu_med,1992.0,nonautonomous,hold,0.18596137122840883,0.17905320424363147,0.19665506617363693,35
oldscrap_manufacture,S_iu_med,1992.0,nonautonomous,mean5,0.1857927273489573,0.17882097609492115,0.19635260753467915,35
oldscrap_manufacture,S_iu_med,1992.0,nonautonomous,trend20,0.1748478394332144,0.1544101187642783,0.1837352199296458,35
oldscrap_manufacture,S_iu_med,1992.0,nonautonomous,trend50,0.15313575299006793,0.14330568177590416,0.17835548028802894,30
oldscrap_manufacture,S_iu_med,1993.0,frozen,,0.14118998229701255,0.13780009065239257,0.1460054273055218,35
oldscrap_manufacture,S_iu_med,1993.0,nonautonomous,hold,0.18761022245557654,0.18002522243540134,0.19838175746692926,35
oldscrap_manufacture,S_iu_med,1993.0,nonautonomous,mean5,0.18733657684850907,0.17978050530835468,0.19789385489476718,35
oldscrap_manufacture,S_iu_med,1993.0,nonautonomous,trend20,0.17567866490609127,0.1543837954413044,0.18493518727787606,35
oldscrap_manufacture,S_iu_med,1993.0,nonautonomous,trend50,0.15305858668990063,0.14324084447417273,0.17939849712951028,30
oldscrap_manufacture,S_iu_med,1994.0,frozen,,0.1323444301256703,0.12974381244500469,0.1362016722620774,35
oldscrap_manufacture,S_iu_med,1994.0,nonautonomous,hold,0.19019734721427,0.18183644416997546,0.20069547111807678,35
oldscrap_manufacture,S_iu_med,1994.0,nonautonomous,mean5,0.189911879132205,0.18156622110120713,0.20030239927101368,35
oldscrap_manufacture,S_iu_med,1994.0,nonautonomous,trend20,0.17747457825769047,0.15511786222708457,0.1868464721102077,35
oldscrap_manufacture,S_iu_med,1994.0,nonautonomous,trend50,0.15395611891030456,0.14383714849525917,0.1813768648469991,30
oldscrap_manufacture,S_iu_med,1995.0,frozen,,0.13364876233228626,0.12947247340082302,0.13611386102168302,35
oldscrap_manufacture,S_iu_med,1995.0,nonautonomous,hold,0.19288698773569296,0.18406984598168824,0.20362338944048541,35
oldscrap_manufacture,S_iu_med,1995.0,nonautonomous,mean5,0.19258920935774915,0.18389895749861143,0.20346370130752994,35
oldscrap_manufacture,S_iu_med,1995.0,nonautonomous,trend20,0.1798574083211461,0.15622428985932513,0.18940218832888872,35
oldscrap_manufacture,S_iu_med,1995.0,nonautonomous,trend50,0.15532981312169133,0.1447504054760375,0.1838164558508672,30
oldscrap_manufacture,S_iu_med,1996.0,frozen,,0.14536034736144615,0.14411738003195318,0.149961553571881,35
oldscrap_manufacture,S_iu_med,1996.0,nonautonomous,hold,0.1950403446987672,0.18602772241730084,0.20645916863154637,35
oldscrap_manufacture,S_iu_med,1996.0,nonautonomous,mean5,0.19472998086915405,0.1860977773956066,0.20629329729678914,35
oldscrap_manufacture,S_iu_med,1996.0,nonautonomous,trend20,0.18217671735240615,0.1571796686372435,0.19178067606379584,35
oldscrap_manufacture,S_iu_med,1996.0,nonautonomous,trend50,0.15644001869211108,0.14547421306108219,0.1859266724445694,30
oldscrap_manufacture,S_iu_med,1997.0,frozen,,0.16688378705755041,0.16101879371461247,0.17095636483828736,35
oldscrap_manufacture,S_iu_med,1997.0,nonautonomous,hold,0.19643917422500493,0.18746914070132192,0.2089058771988039,35
oldscrap_manufacture,S_iu_med,1997.0,nonautonomous,mean5,0.19611599346723502,0.18743140557111287,0.20866165513696702,35
oldscrap_manufacture,S_iu_med,1997.0,nonautonomous,trend20,0.1836870655964749,0.15732685542394437,0.19340559790613304,35
oldscrap_manufacture,S_iu_med,1997.0,nonautonomous,trend50,0.15686774340807497,0.14538541511235653,0.18740580663985384,30
oldscrap_manufacture,S_iu_med,1998.0,frozen,,0.1474409941985827,0.1431390723479537,0.15275732995934027,35
oldscrap_manufacture,S_iu_med,1998.0,nonautonomous,hold,0.19811535890499687,0.18883129729505047,0.21130268958969298,35
oldscrap_manufacture,S_iu_med,1998.0,nonautonomous,mean5,0.19777874275494545,0.1886864923036913,0.2110616355154848,35
oldscrap_manufacture,S_iu_med,1998.0,nonautonomous,trend20,0.18483394772205003,0.15710414029796393,0.19478071425419258,35
oldscrap_manufacture,S_iu_med,1998.0,nonautonomous,trend50,0.1571666955829841,0.14493251146166292,0.18880410175188242,30
oldscrap_manufacture,S_iu_med,1999.0,frozen,,0.14061272784748569,0.1349546448459047,0.1456813879244389,35
oldscrap_manufacture,S_iu_med,1999.0,nonautonomous,hold,0.2004143619363683,0.19065331832172422,0.21375452147375823,35
oldscrap_manufacture,S_iu_med,1999.0,nonautonomous,mean5,0.20008074395714573,0.19024707702010615,0.2135449280892724,35
oldscrap_manufacture,S_iu_med,1999.0,nonautonomous,trend20,0.18646722177174835,0.15728775894081065,0.19651640258642386,35
oldscrap_manufacture,S_iu_med,1999.0,nonautonomous,trend50,0.15772973579269872,0.14497052584396375,0.19042060588797305,30
oldscrap_manufacture,S_iu_med,2000.0,frozen,,0.18440949506220425,0.17601635512658653,0.19216690276983767,35
oldscrap_manufacture,S_iu_med,2000.0,nonautonomous,hold,0.2022780992141287,0.1920038974439573,0.21561094266618375,35
oldscrap_manufacture,S_iu_med,2000.0,nonautonomous,mean5,0.20222334278895,0.1913847237707702,0.21560428212582547,35
oldscrap_manufacture,S_iu_med,2000.0,nonautonomous,trend20,0.1880988986916557,0.15714774717903207,0.19801122582323022,35
oldscrap_manufacture,S_iu_med,2000.0,nonautonomous,trend50,0.15808133281462555,0.14454782830747848,0.19149079861113238,30
oldscrap_manufacture,S_iu_med,2001.0,frozen,,0.19183213230669924,0.188917869522738,0.19746462412629212,35
oldscrap_manufacture,S_iu_med,2001.0,nonautonomous,hold,0.20299173856928987,0.19239682598327942,0.21663059096585846,35
oldscrap_manufacture,S_iu_med,2001.0,nonautonomous,mean5,0.20320150813000942,0.191577146170404,0.21702023994271716,35
oldscrap_manufacture,S_iu_med,2001.0,nonautonomous,trend20,0.18878547800050216,0.156092638400192,0.19871836825749012,35
oldscrap_manufacture,S_iu_med,2001.0,nonautonomous,trend50,0.15765940188399147,0.14296880738094164,0.19162144832034106,30
oldscrap_manufacture,S_iu_med,2002.0,frozen,,0.1812895532084225,0.1757028457122526,0.18798589794741505,35
oldscrap_manufacture,S_iu_med,2002.0,nonautonomous,hold,0.20302377863841656,0.19248519708199324,0.21795877404665526,35
oldscrap_manufacture,S_iu_med,2002.0,nonautonomous,mean5,0.20396937334648307,0.1915175341003677,0.2183636559233127,35
oldscrap_manufacture,S_iu_med,2002.0,nonautonomous,trend20,0.18892900264013043,0.15469057572810718,0.1987000812401879,35
oldscrap_manufacture,S_iu_med,2002.0,nonautonomous,trend50,0.15673912609070584,0.14092499666073016,0.19157403389368377,30
oldscrap_manufacture,S_iu_med,2003.0,frozen,,0.15369000562322463,0.14517184523855736,0.16609501125980766,35
oldscrap_manufacture,S_iu_med,2003.0,nonautonomous,hold,0.203823365402939,0.19276728948308874,0.21972359605032404,35
oldscrap_manufacture,S_iu_med,2003.0,nonautonomous,mean5,0.20500086131812556,0.19219720152167208,0.2201445926323221,35
oldscrap_manufacture,S_iu_med,2003.0,nonautonomous,trend20,0.18898556505237665,0.15386203561975273,0.199450793298322,35
oldscrap_manufacture,S_iu_med,2003.0,nonautonomous,trend50,0.1558820109955146,0.13955159043186777,0.1923019741268471,30
oldscrap_manufacture,S_iu_med,2004.0,frozen,,0.1764082839883155,0.16417663455180653,0.18625539178458175,35
oldscrap_manufacture,S_iu_med,2004.0,nonautonomous,hold,0.2051725196902676,0.19312731390937204,0.2215512541970105,35
oldscrap_manufacture,S_iu_med,2004.0,nonautonomous,mean5,0.20584234171343557,0.19315883541496767,0.22198924851048185,35
oldscrap_manufacture,S_iu_med,2004.0,nonautonomous,trend20,0.18907165998893607,0.15375083053167904,0.2005698630242172,35
oldscrap_manufacture,S_iu_med,2004.0,nonautonomous,trend50,0.15503992211731343,0.13878562698173152,0.193476856595777,30
oldscrap_manufacture,S_iu_med,2005.0,frozen,,0.19641917736626893,0.18417025601858375,0.20057330094613557,35
oldscrap_manufacture,S_iu_med,2005.0,nonautonomous,hold,0.20585507081594426,0.19288412232842167,0.2227568066985715,35
oldscrap_manufacture,S_iu_med,2005.0,nonautonomous,mean5,0.205748552863105,0.19364617990163357,0.22312294916710673,35
oldscrap_manufacture,S_iu_med,2005.0,nonautonomous,trend20,0.18868620735731698,0.15311187712217472,0.2010384847778227,35
oldscrap_manufacture,S_iu_med,2005.0,nonautonomous,trend50,0.1534907878460648,0.13734803446373944,0.19420927457689202,30
oldscrap_manufacture,S_iu_med,2006.0,frozen,,0.2162676575577874,0.2067131510121556,0.23743463507595775,35
oldscrap_manufacture,S_iu_med,2006.0,nonautonomous,hold,0.2059472963660198,0.1917401914944276,0.22328862759762647,35
oldscrap_manufacture,S_iu_med,2006.0,nonautonomous,mean5,0.20548330804131437,0.19310613387849565,0.22347288823448663,35
oldscrap_manufacture,S_iu_med,2006.0,nonautonomous,trend20,0.1876236382933986,0.15160830185720703,0.19990048061862226,35
oldscrap_manufacture,S_iu_med,2006.0,nonautonomous,trend50,0.1509051757871298,0.13495642472658215,0.1941351785500601,30
oldscrap_manufacture,S_iu_med,2007.0,frozen,,0.24333057252767862,0.2303371797207028,0.264476781048153,35
oldscrap_manufacture,S_iu_med,2007.0,nonautonomous,hold,0.20566678434974886,0.19035736764951522,0.22356532413109814,35
oldscrap_manufacture,S_iu_med,2007.0,nonautonomous,mean5,0.20540544608980316,0.19136322467682695,0.22301552854687268,35
oldscrap_manufacture,S_iu_med,2007.0,nonautonomous,trend20,0.1860480668941729,0.15002633691543588,0.19862543512712172,35
oldscrap_manufacture,S_iu_med,2007.0,nonautonomous,trend50,0.14756541209233764,0.1314365657079763,0.19330598614793587,30
oldscrap_manufacture,S_iu_med,2008.0,frozen,,0.2640826419065843,0.21190614979846706,0.29939355756889896,35
oldscrap_manufacture,S_iu_med,2008.0,nonautonomous,hold,0.20437532126058916,0.18872156973250476,0.22133618004653483,35
oldscrap_manufacture,S_iu_med,2008.0,nonautonomous,mean5,0.20442568249758863,0.18928708438907618,0.22139035317939756,35
oldscrap_manufacture,S_iu_med,2008.0,nonautonomous,trend20,0.18453315487872582,0.14707016364574327,0.19739688510760822,35
oldscrap_manufacture,S_iu_med,2008.0,nonautonomous,trend50,0.14387168958813507,0.12781027352075944,0.19183672652658318,30
oldscrap_manufacture,S_iu_med,2009.0,frozen,,0.22878695853833936,0.1916091870136175,0.25128834725590266,35
oldscrap_manufacture,S_iu_med,2009.0,nonautonomous,hold,0.20260049486995857,0.1872588378189214,0.22001622420030137,35
oldscrap_manufacture,S_iu_med,2009.0,nonautonomous,mean5,0.20367926593904537,0.18714383943375315,0.21924830072506296,35
oldscrap_manufacture,S_iu_med,2009.0,nonautonomous,trend20,0.18216357579353948,0.14346837228692488,0.197447390334621,35
oldscrap_manufacture,S_iu_med,2009.0,nonautonomous,trend50,0.13969449594640088,0.12557182515018908,0.19046431260152244,30
oldscrap_manufacture,S_iu_med,2010.0,frozen,,0.20589951929995684,0.18813134990368816,0.22781260002227421,35
oldscrap_manufacture,S_iu_med,2010.0,nonautonomous,hold,0.20056126174526626,0.18700788573715782,0.2204336830164135,35
oldscrap_manufacture,S_iu_med,2010.0,nonautonomous,mean5,0.2030568302150927,0.18590159785891075,0.21828562830495168,35
oldscrap_manufacture,S_iu_med,2010.0,nonautonomous,trend20,0.18101127889770913,0.14012483056473013,0.19804336865697733,35
oldscrap_manufacture,S_iu_med,2010.0,nonautonomous,trend50,0.13652533953744087,0.1220560686544466,0.19014291432558364,30
oldscrap_manufacture,S_iu_med,2011.0,frozen,,0.2137069688219876,0.18230372336379833,0.2480814242005643,35
oldscrap_manufacture,S_iu_med,2011.0,nonautonomous,hold,0.20105581665150335,0.18712591284910957,0.22077937968744818,35
oldscrap_manufacture,S_iu_med,2011.0,nonautonomous,mean5,0.2028074313514327,0.18489526635476944,0.21911128075729921,35
oldscrap_manufacture,S_iu_med,2011.0,nonautonomous,trend20,0.1795562843698741,0.136765722831034,0.1987256236802915,35
oldscrap_manufacture,S_iu_med,2011.0,nonautonomous,trend50,0.134205012267404,0.1170724028999679,0.19041050986923547,30
oldscrap_manufacture,S_iu_med,2012.0,frozen,,0.2052069077838986,0.17928148595782825,0.2321411808347526,35
oldscrap_manufacture,S_iu_med,2012.0,nonautonomous,hold,0.20187334740633173,0.1869509660196746,0.22064080030003774,35
oldscrap_manufacture,S_iu_med,2012.0,nonautonomous,mean5,0.20246991946712853,0.1836823624601146,0.21925251082715969,35
oldscrap_manufacture,S_iu_med,2012.0,nonautonomous,trend20,0.1779311731384237,0.13224596334882197,0.19993098188998015,35
oldscrap_manufacture,S_iu_med,2012.0,nonautonomous,trend50,0.1313295033653575,0.11207255468721417,0.19054798544710685,30
oldscrap_manufacture,S_iu_med,2013.0,frozen,,0.2072702790345477,0.19099048289535753,0.23514372001056189,35
oldscrap_manufacture,S_iu_med,2013.0,nonautonomous,hold,0.2018681664159506,0.18658879415874857,0.22113155652996008,35
oldscrap_manufacture,S_iu_med,2013.0,nonautonomous,mean5,0.202344816515848,0.1836711700935989,0.21902266933586917,35
oldscrap_manufacture,S_iu_med,2013.0,nonautonomous,trend20,0.1762111021413657,0.12682466574974216,0.2015544823685145,35
oldscrap_manufacture,S_iu_med,2013.0,nonautonomous,trend50,0.1280279887808048,0.10911846848040317,0.1906519600135625,30
oldscrap_manufacture,S_iu_med,2014.0,frozen,,0.2206003713176161,0.19100920277198216,0.2400105277837794,35
oldscrap_manufacture,S_iu_med,2014.0,nonautonomous,hold,0.19861290042901664,0.1859686559910655,0.22134314963302168,35
oldscrap_manufacture,S_iu_med,2014.0,nonautonomous,mean5,0.20155382076762393,0.18322215896498684,0.21854499985237355,35
oldscrap_manufacture,S_iu_med,2014.0,nonautonomous,trend20,0.17467979241945455,0.12222377118829113,0.2031185837501581,35
oldscrap_manufacture,S_iu_med,2014.0,nonautonomous,trend50,0.12577442943729736,0.10543496491425733,0.19058461843142716,30
oldscrap_manufacture,S_iu_med,2015.0,frozen,,0.20726124524318013,0.18137112029436323,0.23251381924697886,35
oldscrap_manufacture,S_iu_med,2015.0,nonautonomous,hold,0.19786843455207762,0.18535624719006322,0.22138458559718116,35
oldscrap_manufacture,S_iu_med,2015.0,nonautonomous,mean5,0.20067722419968342,0.18316276790811203,0.21798379287381736,35
oldscrap_manufacture,S_iu_med,2015.0,nonautonomous,trend20,0.17286466105430914,0.11897561560017382,0.20436570943822224,35
oldscrap_manufacture,S_iu_med,2015.0,nonautonomous,trend50,0.1234778300973029,0.10098139761986005,0.19038130566217326,30
oldscrap_manufacture,S_iu_med,2016.0,frozen,,0.19143136027740779,0.17376097299456278,0.21266196127577996,35
oldscrap_manufacture,S_iu_med,2016.0,nonautonomous,hold,0.19910107376907799,0.18525729457124218,0.22168613523456424,35
oldscrap_manufacture,S_iu_med,2016.0,nonautonomous,mean5,0.20071177066725543,0.18383482127279405,0.21785044300087597,35
oldscrap_manufacture,S_iu_med,2016.0,nonautonomous,trend20,0.17093519976664093,0.11613183849016781,0.2054299726033142,35
oldscrap_manufacture,S_iu_med,2016.0,nonautonomous,trend50,0.12172234066867924,0.09674545424012214,0.19050200225133312,30
oldscrap_manufacture,S_iu_med,2017.0,frozen,,0.1891722073243912,0.17345645839454918,0.2124645080772336,35
oldscrap_manufacture,S_iu_med,2017.0,nonautonomous,hold,0.20030916776562266,0.1856533512661589,0.22216772816222952,35
oldscrap_manufacture,S_iu_med,2017.0,nonautonomous,mean5,0.2012754033852993,0.18421449745605223,0.2181993288185861,35
oldscrap_manufacture,S_iu_med,2017.0,nonautonomous,trend20,0.1698793034657074,0.11344490905585318,0.2062200788939713,35
oldscrap_manufacture,S_iu_med,2017.0,nonautonomous,trend50,0.12050395410035367,0.09398697242906623,0.19112895378538708,30
oldscrap_manufacture,S_iu_med,2018.0,frozen,,0.2070121978913407,0.18364676475500163,0.2268383233749517,35
oldscrap_manufacture,S_iu_med,2018.0,nonautonomous,hold,0.20051600507599524,0.18562681401765985,0.22230523545773467,35
oldscrap_manufacture,S_iu_med,2018.0,nonautonomous,mean5,0.20142707162284487,0.18416281534873558,0.2182555208559222,35
oldscrap_manufacture,S_iu_med,2018.0,nonautonomous,trend20,0.16912866788458836,0.11040173953242216,0.20667684523690916,35
oldscrap_manufacture,S_iu_med,2018.0,nonautonomous,trend50,0.11885148601630055,0.09022372282432085,0.1911465586788869,30
oldscrap_manufacture,S_iu_med,2019.0,frozen,,0.2002392968623384,0.18559312546530432,0.22213499274209572,35
oldscrap_manufacture,S_iu_med,2019.0,nonautonomous,hold,0.2002392968623384,0.18559312546530432,0.22213499274209572,35
oldscrap_manufacture,S_iu_med,2019.0,nonautonomous,mean5,0.20108048155041214,0.1833007552731582,0.21809549864067507,35
oldscrap_manufacture,S_iu_med,2019.0,nonautonomous,trend20,0.16759926875175654,0.10709076840721628,0.20675816280920545,35
oldscrap_manufacture,S_iu_med,2019.0,nonautonomous,trend50,0.1169161825927163,0.08589093121033044,0.19092061019595072,30
oldscrap_manufacture,S_iu_long,1980.0,frozen,,0.11295947066044648,0.1091443966627712,0.11792463799297971,35
oldscrap_manufacture,S_iu_long,1980.0,nonautonomous,hold,0.1786053762359287,0.17179397187901835,0.1911624026131066,35
oldscrap_manufacture,S_iu_long,1980.0,nonautonomous,mean5,0.1802158165955594,0.17054106865831942,0.18974913829355558,35
oldscrap_manufacture,S_iu_long,1980.0,nonautonomous,trend20,0.16066630363284237,0.13107655782327976,0.18042120362733222,35
oldscrap_manufacture,S_iu_long,1980.0,nonautonomous,trend50,0.12087857912659183,0.1096674385632414,0.17183086054895982,30
oldscrap_manufacture,S_iu_long,1981.0,frozen,,0.12662607997859934,0.12174300692765218,0.13212261367791192,35
oldscrap_manufacture,S_iu_long,1981.0,nonautonomous,hold,0.1800122633903578,0.17286925778600282,0.19247625947721703,35
oldscrap_manufacture,S_iu_long,1981.0,nonautonomous,mean5,0.1815290059723526,0.17162494450879168,0.19108421547669924,35
oldscrap_manufacture,S_iu_long,1981.0,nonautonomous,trend20,0.16135864935352423,0.13117370112561816,0.18165102715902653,35
oldscrap_manufacture,S_iu_long,1981.0,nonautonomous,trend50,0.12096890166645617,0.109449825047196,0.17284947069292672,30
oldscrap_manufacture,S_iu_long,1982.0,frozen,,0.1417363372267262,0.13584401670573742,0.14823158778169998,35
oldscrap_manufacture,S_iu_long,1982.0,nonautonomous,hold,0.1808566110808478,0.1736440756192119,0.19363496068749064,35
oldscrap_manufacture,S_iu_long,1982.0,nonautonomous,mean5,0.18240975474256757,0.17231061068474518,0.1920957598666128,35
oldscrap_manufacture,S_iu_long,1982.0,nonautonomous,trend20,0.16162230524278776,0.13107680493912105,0.18257297768014985,35
oldscrap_manufacture,S_iu_long,1982.0,nonautonomous,trend50,0.12067658656506422,0.10893651428090569,0.1736907868232831,30
oldscrap_manufacture,S_iu_long,1983.0,frozen,,0.1287366262892731,0.12358929792438833,0.13377064833054353,35
oldscrap_manufacture,S_iu_long,1983.0,nonautonomous,hold,0.1815692465517064,0.174438189142875,0.1949774001233844,35
oldscrap_manufacture,S_iu_long,1983.0,nonautonomous,mean5,0.18326626832447251,0.17303073781325795,0.19323374123914397,35
oldscrap_manufacture,S_iu_long,1983.0,nonautonomous,trend20,0.1619320381850853,0.13112707189846126,0.18350898269503405,35
oldscrap_manufacture,S_iu_long,1983.0,nonautonomous,trend50,0.1203064097489431,0.10833908360636757,0.17462064572040442,30
oldscrap_manufacture,S_iu_long,1984.0,frozen,,0.1408292251758525,0.1368150210963454,0.14507650974771208,35
oldscrap_manufacture,S_iu_long,1984.0,nonautonomous,hold,0.18250793840736718,0.17521901070882256,0.19641054569277142,35
oldscrap_manufacture,S_iu_long,1984.0,nonautonomous,mean5,0.18449208765672695,0.17388534492023683,0.1944680821550933,35
oldscrap_manufacture,S_iu_long,1984.0,nonautonomous,trend20,0.162359666138574,0.13123069788446257,0.1845177148711854,35
oldscrap_manufacture,S_iu_long,1984.0,nonautonomous,trend50,0.11989578882789295,0.10780968859913131,0.17549737625901593,30
oldscrap_manufacture,S_iu_long,1985.0,frozen,,0.12522339165254126,0.12226763436605229,0.13096779615445034,35
oldscrap_manufacture,S_iu_long,1985.0,nonautonomous,hold,0.18339678604650145,0.1760380908730667,0.1976776140415093,35
oldscrap_manufacture,S_iu_long,1985.0,nonautonomous,mean5,0.1854668497267634,0.17464989382886864,0.1956707849430842,35
oldscrap_manufacture,S_iu_long,1985.0,nonautonomous,trend20,0.16286729308426545,0.13109214122458837,0.18548759041642865,35
oldscrap_manufacture,S_iu_long,1985.0,nonautonomous,trend50,0.11950584865550981,0.10716729646908979,0.17630123972700684,30
oldscrap_manufacture,S_iu_long,1986.0,frozen,,0.0937916892412257,0.08841798870615011,0.10024020844847914,35
oldscrap_manufacture,S_iu_long,1986.0,nonautonomous,hold,0.1846721518354059,0.1772612490561666,0.19915941880080018,35
oldscrap_manufacture,S_iu_long,1986.0,nonautonomous,mean5,0.18664014091539954,0.17571379626482891,0.19718094862866387,35
oldscrap_manufacture,S_iu_long,1986.0,nonautonomous,trend20,0.16377189883526969,0.1311690823490182,0.18678171592936402,35
oldscrap_manufacture,S_iu_long,1986.0,nonautonomous,trend50,0.1195841232628706,0.10691331608009849,0.17744499917273385,30
oldscrap_manufacture,S_iu_long,1987.0,frozen,,0.08157051293500421,0.07831038624756229,0.08729581321651128,35
oldscrap_manufacture,S_iu_long,1987.0,nonautonomous,hold,0.18661681935840801,0.17890199632501824,0.20112434662721088,35
oldscrap_manufacture,S_iu_long,1987.0,nonautonomous,mean5,0.188540402511022,0.1773464539708411,0.19913359492353214,35
oldscrap_manufacture,S_iu_long,1987.0,nonautonomous,trend20,0.1651354319649399,0.13175438530996106,0.18862797116678037,35
oldscrap_manufacture,S_iu_long,1987.0,nonautonomous,trend50,0.12013704632475777,0.10728637588611782,0.17901763912902555,30
oldscrap_manufacture,S_iu_long,1988.0,frozen,,0.09796345632058627,0.09552426124879279,0.10141597341016279,35
oldscrap_manufacture,S_iu_long,1988.0,nonautonomous,hold,0.18861069561505356,0.18066196306868704,0.203375718257527,35
oldscrap_manufacture,S_iu_long,1988.0,nonautonomous,mean5,0.19040124006887704,0.17917176369305843,0.20140643948577747,35
oldscrap_manufacture,S_iu_long,1988.0,nonautonomous,trend20,0.16666612083157578,0.13247998052616244,0.19068052096950877,35
oldscrap_manufacture,S_iu_long,1988.0,nonautonomous,trend50,0.1207298798179201,0.10766705460288417,0.18078494900330372,30
oldscrap_manufacture,S_iu_long,1989.0,frozen,,0.13183062478449714,0.12792988004380046,0.1366011758076237,35
oldscrap_manufacture,S_iu_long,1989.0,nonautonomous,hold,0.19014476059361263,0.18210187462532335,0.20527095456896496,35
oldscrap_manufacture,S_iu_long,1989.0,nonautonomous,mean5,0.19208999961239914,0.18071104615470693,0.20335423580097786,35
oldscrap_manufacture,S_iu_long,1989.0,nonautonomous,trend20,0.16779717162487728,0.13284903993430086,0.19232630938672998,35
oldscrap_manufacture,S_iu_long,1989.0,nonautonomous,trend50,0.12100961357813284,0.10756807281810893,0.182278015994083,30
oldscrap_manufacture,S_iu_long,1990.0,frozen,,0.17579327919054918,0.17307269873156544,0.18085679852632275,35
oldscrap_manufacture,S_iu_long,1990.0,nonautonomous,hold,0.19117688342027805,0.18295324139619396,0.20647200186407416,35
oldscrap_manufacture,S_iu_long,1990.0,nonautonomous,mean5,0.19307419164564876,0.1815495973733649,0.20447685627528545,35
oldscrap_manufacture,S_iu_long,1990.0,nonautonomous,trend20,0.16820455090059838,0.13250692621917992,0.19320131051074035,35
oldscrap_manufacture,S_iu_long,1990.0,nonautonomous,trend50,0.1206078597430765,0.10677086238457313,0.18312808277006387,30
oldscrap_manufacture,S_iu_long,1991.0,frozen,,0.15040582342065323,0.14640066502799431,0.15316771945985203,35
oldscrap_manufacture,S_iu_long,1991.0,nonautonomous,hold,0.19192081009651174,0.18350782411439853,0.20733802519279532,35
oldscrap_manufacture,S_iu_long,1991.0,nonautonomous,mean5,0.19356778577909498,0.18204517668830106,0.2053064022210779,35
oldscrap_manufacture,S_iu_long,1991.0,nonautonomous,trend20,0.16835997898822638,0.13184478901192653,0.19377427959823737,35
oldscrap_manufacture,S_iu_long,1991.0,nonautonomous,trend50,0.11980622144335809,0.10570662947800133,0.1836271678770875,30
oldscrap_manufacture,S_iu_long,1992.0,frozen,,0.16755106085292976,0.16459838541991995,0.1715955075243199,35
oldscrap_manufacture,S_iu_long,1992.0,nonautonomous,hold,0.19257521732894972,0.18397755797375798,0.20826339721016418,35
oldscrap_manufacture,S_iu_long,1992.0,nonautonomous,mean5,0.19418554916793135,0.1825327313303049,0.20620869974189016,35
oldscrap_manufacture,S_iu_long,1992.0,nonautonomous,trend20,0.16863744963764857,0.13121456088140981,0.19445302330127856,35
oldscrap_manufacture,S_iu_long,1992.0,nonautonomous,trend50,0.11898642069048335,0.1046536483819817,0.1840610436099389,30
oldscrap_manufacture,S_iu_long,1993.0,frozen,,0.14118998229701257,0.13780009065239257,0.1460054273055218,35
oldscrap_manufacture,S_iu_long,1993.0,nonautonomous,hold,0.19332773144665522,0.18452739901589466,0.20933388665461533,35
oldscrap_manufacture,S_iu_long,1993.0,nonautonomous,mean5,0.1950648439842718,0.18308582409386942,0.2071676112109161,35
oldscrap_manufacture,S_iu_long,1993.0,nonautonomous,trend20,0.16882972392301004,0.1306628245009871,0.19533445724406603,35
oldscrap_manufacture,S_iu_long,1993.0,nonautonomous,trend50,0.11829515876774489,0.10357484366037895,0.18466086212021157,30
oldscrap_manufacture,S_iu_long,1994.0,frozen,,0.1323444301256703,0.12974381244500469,0.1362016722620774,35
oldscrap_manufacture,S_iu_long,1994.0,nonautonomous,hold,0.19453390665231352,0.18544375694705312,0.2106505704770708,35
oldscrap_manufacture,S_iu_long,1994.0,nonautonomous,mean5,0.1962103954429663,0.183926587627305,0.20846451247156583,35
oldscrap_manufacture,S_iu_long,1994.0,nonautonomous,trend20,0.16925474559670667,0.1303754866712713,0.1965588930399903,35
oldscrap_manufacture,S_iu_long,1994.0,nonautonomous,trend50,0.11792386675341492,0.10273245659009314,0.18566963836204692,30
oldscrap_manufacture,S_iu_long,1995.0,frozen,,0.13364876233228623,0.12947247340082302,0.13611386102168302,35
oldscrap_manufacture,S_iu_long,1995.0,nonautonomous,hold,0.19593879519817342,0.18652806789577914,0.21222303108854945,35
oldscrap_manufacture,S_iu_long,1995.0,nonautonomous,mean5,0.19743759539780928,0.18494902820142956,0.21010189095339296,35
oldscrap_manufacture,S_iu_long,1995.0,nonautonomous,trend20,0.16999648154932642,0.13026148194295517,0.197871559903048,35
oldscrap_manufacture,S_iu_long,1995.0,nonautonomous,trend50,0.11762384948957355,0.10207387635825271,0.1868620306580998,30
oldscrap_manufacture,S_iu_long,1996.0,frozen,,0.14536034736144618,0.14411738003195318,0.149961553571881,35
oldscrap_manufacture,S_iu_long,1996.0,nonautonomous,hold,0.19716511301808137,0.18747583591346476,0.21374639650469757,35
oldscrap_manufacture,S_iu_long,1996.0,nonautonomous,mean5,0.19851600018572405,0.18594342721958718,0.2115313659278359,35
oldscrap_manufacture,S_iu_long,1996.0,nonautonomous,trend20,0.17064630329502628,0.13005409541577578,0.19909594539975436,35
oldscrap_manufacture,S_iu_long,1996.0,nonautonomous,trend50,0.11719269631941248,0.10134551574946705,0.18787728380060226,30
oldscrap_manufacture,S_iu_long,1997.0,frozen,,0.16688378705755041,0.16101879371461247,0.17095636483828736,35
oldscrap_manufacture,S_iu_long,1997.0,nonautonomous,hold,0.19797311137951312,0.18820357324763565,0.2149120861065565,35
oldscrap_manufacture,S_iu_long,1997.0,nonautonomous,mean5,0.19939367225954507,0.1865974452149452,0.21272472288568622,35
oldscrap_manufacture,S_iu_long,1997.0,nonautonomous,trend20,0.17109279001913752,0.12958188210512572,0.2000666749174169,35
oldscrap_manufacture,S_iu_long,1997.0,nonautonomous,trend50,0.11633709487712698,0.10028465468176365,0.18858469173125156,30
oldscrap_manufacture,S_iu_long,1998.0,frozen,,0.14744099419858264,0.1431390723479537,0.15275732995934027,35
oldscrap_manufacture,S_iu_long,1998.0,nonautonomous,hold,0.19861509168746172,0.1888991816134576,0.21598914386536583,35
oldscrap_manufacture,S_iu_long,1998.0,nonautonomous,mean5,0.20028594885075368,0.18710625896517047,0.21390634612189902,35
oldscrap_manufacture,S_iu_long,1998.0,nonautonomous,trend20,0.17144546668396582,0.12899758635510555,0.20080845694564964,35
oldscrap_manufacture,S_iu_long,1998.0,nonautonomous,trend50,0.11528206752341827,0.09904723328503692,0.1892389659824374,30
oldscrap_manufacture,S_iu_long,1999.0,frozen,,0.14061272784748569,0.1349546448459047,0.1456813879244389,35
oldscrap_manufacture,S_iu_long,1999.0,nonautonomous,hold,0.1994128704341026,0.1896717307193174,0.21716202577195143,35
oldscrap_manufacture,S_iu_long,1999.0,nonautonomous,mean5,0.20136162040863756,0.18771749713967414,0.21517165784010436,35
oldscrap_manufacture,S_iu_long,1999.0,nonautonomous,trend20,0.1717331101906209,0.12847217006982412,0.20170551862890862,35
oldscrap_manufacture,S_iu_long,1999.0,nonautonomous,trend50,0.11441989917856227,0.09791663065951206,0.1899738440846993,30
oldscrap_manufacture,S_iu_long,2000.0,frozen,,0.18440949506220425,0.17601635512658653,0.19216690276983767,35
oldscrap_manufacture,S_iu_long,2000.0,nonautonomous,hold,0.20006505887676201,0.1903507886312662,0.2181964898068287,35
oldscrap_manufacture,S_iu_long,2000.0,nonautonomous,mean5,0.2022150398567966,0.18809696400229092,0.21629261772907032,35
oldscrap_manufacture,S_iu_long,2000.0,nonautonomous,trend20,0.1717459529919838,0.1277431996161426,0.20256756629345754,35
oldscrap_manufacture,S_iu_long,2000.0,nonautonomous,trend50,0.11339133836276352,0.09663678131341558,0.1904420042015912,30
oldscrap_manufacture,S_iu_long,2001.0,frozen,,0.19183213230669924,0.18891786952273798,0.19746462412629212,35
oldscrap_manufacture,S_iu_long,2001.0,nonautonomous,hold,0.2003809299980281,0.19048834229373737,0.21892807551673182,35
oldscrap_manufacture,S_iu_long,2001.0,nonautonomous,mean5,0.20251195346262407,0.18805012896649392,0.21702798023746103,35
oldscrap_manufacture,S_iu_long,2001.0,nonautonomous,trend20,0.17145469746015118,0.12658807494756516,0.2029435191255334,35
oldscrap_manufacture,S_iu_long,2001.0,nonautonomous,trend50,0.11188978646618022,0.09481929901610883,0.19047572883818437,30
oldscrap_manufacture,S_iu_long,2002.0,frozen,,0.1812895532084225,0.1757028457122526,0.18798589794741505,35
oldscrap_manufacture,S_iu_long,2002.0,nonautonomous,hold,0.20060697078959902,0.19035117039542532,0.21960750630683928,35
oldscrap_manufacture,S_iu_long,2002.0,nonautonomous,mean5,0.20277572094116184,0.1879900110871992,0.21757249253415606,35
oldscrap_manufacture,S_iu_long,2002.0,nonautonomous,trend20,0.17119004926641615,0.12532257525633653,0.20304677844822833,35
oldscrap_manufacture,S_iu_long,2002.0,nonautonomous,trend50,0.11018707865516764,0.09280776618880468,0.19042857697260765,30
oldscrap_manufacture,S_iu_long,2003.0,frozen,,0.15369000562322466,0.14517184523855736,0.1660950112598077,35
oldscrap_manufacture,S_iu_long,2003.0,nonautonomous,hold,0.2011788928069711,0.19040364745812371,0.22051673147145628,35
oldscrap_manufacture,S_iu_long,2003.0,nonautonomous,mean5,0.20321155191710139,0.18823536411863512,0.21829283184275408,35
oldscrap_manufacture,S_iu_long,2003.0,nonautonomous,trend20,0.17111338844049812,0.12438523124127845,0.2034023662092752,35
oldscrap_manufacture,S_iu_long,2003.0,nonautonomous,trend50,0.108851084424789,0.09116558603906513,0.1907297864520529,30
oldscrap_manufacture,S_iu_long,2004.0,frozen,,0.17640828398831554,0.16417663455180653,0.18625539178458175,35
oldscrap_manufacture,S_iu_long,2004.0,nonautonomous,hold,0.20188891213545757,0.1906087154663833,0.22146699038747558,35
oldscrap_manufacture,S_iu_long,2004.0,nonautonomous,mean5,0.2035464192092735,0.18854848601216484,0.21905645280640704,35
oldscrap_manufacture,S_iu_long,2004.0,nonautonomous,trend20,0.17095883114459132,0.12362863598505346,0.20393767260093876,35
oldscrap_manufacture,S_iu_long,2004.0,nonautonomous,trend50,0.10777037690019545,0.08980977984418165,0.19122009141516214,30
oldscrap_manufacture,S_iu_long,2005.0,frozen,,0.19641917736626896,0.18417025601858375,0.2005733009461356,35
oldscrap_manufacture,S_iu_long,2005.0,nonautonomous,hold,0.2021873626411219,0.19062921024958535,0.2220091519857857,35
oldscrap_manufacture,S_iu_long,2005.0,nonautonomous,mean5,0.2034507520615963,0.18848394770759858,0.21948403180392553,35
oldscrap_manufacture,S_iu_long,2005.0,nonautonomous,trend20,0.1705144125819228,0.12234802451906357,0.20430605116635117,35
oldscrap_manufacture,S_iu_long,2005.0,nonautonomous,trend50,0.10648874452355939,0.0881370954249545,0.1914958102931319,30
oldscrap_manufacture,S_iu_long,2006.0,frozen,,0.2162676575577874,0.2067131510121556,0.23743463507595772,35
oldscrap_manufacture,S_iu_long,2006.0,nonautonomous,hold,0.2022586676993408,0.19004037125447132,0.2221529639464113,35
oldscrap_manufacture,S_iu_long,2006.0,nonautonomous,mean5,0.20325792628291786,0.18802273834871794,0.21963727655557633,35
oldscrap_manufacture,S_iu_long,2006.0,nonautonomous,trend20,0.16993106769677788,0.12059012902094773,0.20397774150642067,35
oldscrap_manufacture,S_iu_long,2006.0,nonautonomous,trend50,0.1049976957706722,0.0861123938982189,0.19139928619385307,30
oldscrap_manufacture,S_iu_long,2007.0,frozen,,0.24333057252767862,0.23033717972070283,0.264476781048153,35
oldscrap_manufacture,S_iu_long,2007.0,nonautonomous,hold,0.20212872858449055,0.18921686132214555,0.22196928671511817,35
oldscrap_manufacture,S_iu_long,2007.0,nonautonomous,mean5,0.20319460038333775,0.18719537057442986,0.21963521038970446,35
oldscrap_manufacture,S_iu_long,2007.0,nonautonomous,trend20,0.16913104670994383,0.11856727107994865,0.20332452867506112,35
oldscrap_manufacture,S_iu_long,2007.0,nonautonomous,trend50,0.10339930125592967,0.08369203589944504,0.19096409288199187,30
oldscrap_manufacture,S_iu_long,2008.0,frozen,,0.2640826419065843,0.21190614979846706,0.29939355756889896,35
oldscrap_manufacture,S_iu_long,2008.0,nonautonomous,hold,0.2020421449895966,0.1880573254030056,0.221823100894707,35
oldscrap_manufacture,S_iu_long,2008.0,nonautonomous,mean5,0.20269170779934267,0.185840474440263,0.21907193141809578,35
oldscrap_manufacture,S_iu_long,2008.0,nonautonomous,trend20,0.16738077073148563,0.11550554388134826,0.2032198338929342,35
oldscrap_manufacture,S_iu_long,2008.0,nonautonomous,trend50,0.10166488639120905,0.08026753123723684,0.19025074845022522,30
oldscrap_manufacture,S_iu_long,2009.0,frozen,,0.22878695853833936,0.1916091870136175,0.25128834725590266,35
oldscrap_manufacture,S_iu_long,2009.0,nonautonomous,hold,0.20178718227055345,0.18712919994941304,0.22167658615102323,35
oldscrap_manufacture,S_iu_long,2009.0,nonautonomous,mean5,0.20196616488821922,0.1845774038385794,0.21838339497250825,35
oldscrap_manufacture,S_iu_long,2009.0,nonautonomous,trend20,0.1654789383832671,0.11224220729238721,0.20356468735757566,35
oldscrap_manufacture,S_iu_long,2009.0,nonautonomous,trend50,0.09968116051670989,0.0762706088386981,0.18960007881694058,30
oldscrap_manufacture,S_iu_long,2010.0,frozen,,0.20589951929995678,0.18813134990368818,0.22781260002227421,35
oldscrap_manufacture,S_iu_long,2010.0,nonautonomous,hold,0.2014185529092628,0.18672926645137594,0.22157609752096763,35
oldscrap_manufacture,S_iu_long,2010.0,nonautonomous,mean5,0.20197536078999706,0.18396271964364924,0.21841953123739538,35
oldscrap_manufacture,S_iu_long,2010.0,nonautonomous,trend20,0.1643599941938923,0.1099361292752839,0.20397215386126577,35
oldscrap_manufacture,S_iu_long,2010.0,nonautonomous,trend50,0.09784351466009804,0.07310829020243961,0.18943744422760778,30
oldscrap_manufacture,S_iu_long,2011.0,frozen,,0.2137069688219876,0.18230372336379835,0.24808142420056434,35
oldscrap_manufacture,S_iu_long,2011.0,nonautonomous,hold,0.20080532651881358,0.18660175897736264,0.2213799933135074,35
oldscrap_manufacture,S_iu_long,2011.0,nonautonomous,mean5,0.20196912666914238,0.1835196594838784,0.21880453062149535,35
oldscrap_manufacture,S_iu_long,2011.0,nonautonomous,trend20,0.1629855295137683,0.10759819330410578,0.20441480174732957,35
oldscrap_manufacture,S_iu_long,2011.0,nonautonomous,trend50,0.09649866959374816,0.06987587145803134,0.1895409282520603,30
oldscrap_manufacture,S_iu_long,2012.0,frozen,,0.2052069077838986,0.17928148595782825,0.2321411808347526,35
oldscrap_manufacture,S_iu_long,2012.0,nonautonomous,hold,0.1984982734221993,0.18651129249631535,0.22133305818627375,35
oldscrap_manufacture,S_iu_long,2012.0,nonautonomous,mean5,0.20178682252773955,0.18351257805576293,0.21886031335184114,35
oldscrap_manufacture,S_iu_long,2012.0,nonautonomous,trend20,0.16196111669381255,0.10500050132145533,0.2050865120297094,35
oldscrap_manufacture,S_iu_long,2012.0,nonautonomous,trend50,0.09521127460891993,0.06675703001737182,0.18958260846528216,30
oldscrap_manufacture,S_iu_long,2013.0,frozen,,0.2072702790345477,0.19099048289535753,0.23514372001056189,35
oldscrap_manufacture,S_iu_long,2013.0,nonautonomous,hold,0.19859061296762534,0.18633843652223964,0.22156899978100922,35
oldscrap_manufacture,S_iu_long,2013.0,nonautonomous,mean5,0.20161044055311067,0.1835030238243438,0.21874798661794928,35
oldscrap_manufacture,S_iu_long,2013.0,nonautonomous,trend20,0.1608230415799033,0.10269345412853423,0.20498909099311377,35
oldscrap_manufacture,S_iu_long,2013.0,nonautonomous,trend50,0.09381247575406998,0.06382630616552996,0.18960696111420378,30
oldscrap_manufacture,S_iu_long,2014.0,frozen,,0.2206003713176161,0.1910092027719822,0.2400105277837794,35
oldscrap_manufacture,S_iu_long,2014.0,nonautonomous,hold,0.19876550077268823,0.18605451411286628,0.22171874784306478,35
oldscrap_manufacture,S_iu_long,2014.0,nonautonomous,mean5,0.2012083018584717,0.18329756222464996,0.21836357677036627,35
oldscrap_manufacture,S_iu_long,2014.0,nonautonomous,trend20,0.1597830817652981,0.10063289364795723,0.20459046715225693,35
oldscrap_manufacture,S_iu_long,2014.0,nonautonomous,trend50,0.09223623525842145,0.06102983166622399,0.1895524283114062,30
oldscrap_manufacture,S_iu_long,2015.0,frozen,,0.2072612452431801,0.1813711202943632,0.23251381924697886,35
oldscrap_manufacture,S_iu_long,2015.0,nonautonomous,hold,0.19913826798834364,0.18578208305402882,0.22186108063802173,35
oldscrap_manufacture,S_iu_long,2015.0,nonautonomous,mean5,0.20089635507893416,0.18327375678803454,0.21801801366248297,35
oldscrap_manufacture,S_iu_long,2015.0,nonautonomous,trend20,0.15862593876125608,0.09871489212946338,0.2041443490693886,35
oldscrap_manufacture,S_iu_long,2015.0,nonautonomous,trend50,0.08988714661049353,0.05870172745689947,0.18943758531908475,30
oldscrap_manufacture,S_iu_long,2016.0,frozen,,0.19143136027740779,0.17376097299456278,0.21266196127577996,35
oldscrap_manufacture,S_iu_long,2016.0,nonautonomous,hold,0.19972053940470755,0.18574849525106057,0.22194322713313452,35
oldscrap_manufacture,S_iu_long,2016.0,nonautonomous,mean5,0.2009175308611053,0.1836723083929933,0.21802648518407236,35
oldscrap_manufacture,S_iu_long,2016.0,nonautonomous,trend20,0.15743448675478877,0.09697460428313612,0.2037412462087997,35
oldscrap_manufacture,S_iu_long,2016.0,nonautonomous,trend50,0.08695252242472593,0.05650460369643906,0.1894706619877864,30
oldscrap_manufacture,S_iu_long,2017.0,frozen,,0.1891722073243912,0.1734564583945492,0.2124645080772336,35
oldscrap_manufacture,S_iu_long,2017.0,nonautonomous,hold,0.2002758523565534,0.18562125890846118,0.22215274927546402,35
oldscrap_manufacture,S_iu_long,2017.0,nonautonomous,mean5,0.20117536849777384,0.18395261881910563,0.21814564160214409,35
oldscrap_manufacture,S_iu_long,2017.0,nonautonomous,trend20,0.1566518319444346,0.09532973190987469,0.20336181921815322,35
oldscrap_manufacture,S_iu_long,2017.0,nonautonomous,trend50,0.08447880207629993,0.05425800600207858,0.18967142212832944,30
oldscrap_manufacture,S_iu_long,2018.0,frozen,,0.20701219789134073,0.18364676475500163,0.2268383233749517,35
oldscrap_manufacture,S_iu_long,2018.0,nonautonomous,hold,0.2003661900154717,0.18560858523101414,0.22221309214846302,35
oldscrap_manufacture,S_iu_long,2018.0,nonautonomous,mean5,0.2012397148294147,0.18369753628449353,0.21816879429003735,35
oldscrap_manufacture,S_iu_long,2018.0,nonautonomous,trend20,0.1560108157281047,0.09354821795512272,0.20282692190744234,35
oldscrap_manufacture,S_iu_long,2018.0,nonautonomous,trend50,0.08211903030917378,0.05161785174013547,0.18970452056109416,30
oldscrap_manufacture,S_iu_long,2019.0,frozen,,0.2002392968623384,0.18559312546530432,0.22213499274209572,35
oldscrap_manufacture,S_iu_long,2019.0,nonautonomous,hold,0.2002392968623384,0.18559312546530432,0.22213499274209572,35
oldscrap_manufacture,S_iu_long,2019.0,nonautonomous,mean5,0.20108048155041214,0.1833007552731582,0.21809549864067507,35
oldscrap_manufacture,S_iu_long,2019.0,nonautonomous,trend20,0.15540212173576717,0.0916767958145692,0.20230264902515457,35
oldscrap_manufacture,S_iu_long,2019.0,nonautonomous,trend50,0.07963084971883208,0.04878839684914931,0.18957030655872403,30
oldscrap_manufacture,S_scrap,1980.0,frozen,,0.8723183551284927,0.8547520957770313,0.8933030660530483,35
oldscrap_manufacture,S_scrap,1980.0,nonautonomous,hold,0.9079013904265197,0.8999062240937934,0.9195515776965119,35
oldscrap_manufacture,S_scrap,1980.0,nonautonomous,mean5,0.906810216554281,0.9004393668005981,0.9160771999672342,35
oldscrap_manufacture,S_scrap,1980.0,nonautonomous,trend20,0.8962445341982701,0.8767044711576136,0.9077951749675256,35
oldscrap_manufacture,S_scrap,1980.0,nonautonomous,trend50,0.8769571646024238,0.8602025398884929,0.8989245892424866,30
oldscrap_manufacture,S_scrap,1981.0,frozen,,0.8677053034894072,0.8590567068911007,0.8763837027888075,35
oldscrap_manufacture,S_scrap,1981.0,nonautonomous,hold,0.9036020670633997,0.8967183383845723,0.9167596436572725,35
oldscrap_manufacture,S_scrap,1981.0,nonautonomous,mean5,0.9048032624846025,0.8958585310188889,0.9144764128045528,35
oldscrap_manufacture,S_scrap,1981.0,nonautonomous,trend20,0.8928360369252669,0.8733580339696316,0.9015212520617082,35
oldscrap_manufacture,S_scrap,1981.0,nonautonomous,trend50,0.8696367391401894,0.8549240817966319,0.8989845756848547,30
oldscrap_manufacture,S_scrap,1982.0,frozen,,0.8718491889688814,0.8585498029809647,0.8778682569363876,35
oldscrap_manufacture,S_scrap,1982.0,nonautonomous,hold,0.9041744640956315,0.8976808983738402,0.9170779750837788,35
oldscrap_manufacture,S_scrap,1982.0,nonautonomous,mean5,0.9065014467905786,0.8968305331113136,0.9138732305091554,35
oldscrap_manufacture,S_scrap,1982.0,nonautonomous,trend20,0.8947440031101046,0.8722910029981514,0.9021219632041094,35
oldscrap_manufacture,S_scrap,1982.0,nonautonomous,trend50,0.8670673560560384,0.8542974751301657,0.8990196220662934,30
oldscrap_manufacture,S_scrap,1983.0,frozen,,0.8788570939191573,0.8722389931622749,0.8876398837545679,35
oldscrap_manufacture,S_scrap,1983.0,nonautonomous,hold,0.9034661136691113,0.8961359207383377,0.9143351330980101,35
oldscrap_manufacture,S_scrap,1983.0,nonautonomous,mean5,0.9046992430263165,0.8959684488428415,0.9125347566598045,35
oldscrap_manufacture,S_scrap,1983.0,nonautonomous,trend20,0.892224764036645,0.8697088866730764,0.9018862784269974,35
oldscrap_manufacture,S_scrap,1983.0,nonautonomous,trend50,0.8635373748053334,0.852857048647371,0.8976466836579695,30
oldscrap_manufacture,S_scrap,1984.0,frozen,,0.8744598332492196,0.8674712082187361,0.8798103849763653,35
oldscrap_manufacture,S_scrap,1984.0,nonautonomous,hold,0.9017748457741167,0.8929968844832058,0.9105734536633023,35
oldscrap_manufacture,S_scrap,1984.0,nonautonomous,mean5,0.9007085625065219,0.8930595470445661,0.9089133625653469,35
oldscrap_manufacture,S_scrap,1984.0,nonautonomous,trend20,0.8868613908612819,0.8646725892683396,0.8993158651420925,35
oldscrap_manufacture,S_scrap,1984.0,nonautonomous,trend50,0.8600360320728287,0.8492245543334107,0.8947623611934918,30
oldscrap_manufacture,S_scrap,1985.0,frozen,,0.8159626137061775,0.8123637348455213,0.8247099936846832,35
oldscrap_manufacture,S_scrap,1985.0,nonautonomous,hold,0.9054568475946523,0.8963938848465031,0.9143617704582353,35
oldscrap_manufacture,S_scrap,1985.0,nonautonomous,mean5,0.9049120312500012,0.8967289886412222,0.9131436581195655,35
oldscrap_manufacture,S_scrap,1985.0,nonautonomous,trend20,0.889212231849424,0.868614574672012,0.9034182259238797,35
oldscrap_manufacture,S_scrap,1985.0,nonautonomous,trend50,0.8635277685057041,0.8536062207927546,0.898575810742474,30
oldscrap_manufacture,S_scrap,1986.0,frozen,,0.7376185428330568,0.7254610992293007,0.7417817045463172,35
oldscrap_manufacture,S_scrap,1986.0,nonautonomous,hold,0.9179535083435979,0.9096822090078084,0.9282731354441637,35
oldscrap_manufacture,S_scrap,1986.0,nonautonomous,mean5,0.917608726739135,0.9084550835915551,0.9257929337593371,35
oldscrap_manufacture,S_scrap,1986.0,nonautonomous,trend20,0.9010083299504884,0.8808249681736375,0.9168928191417449,35
oldscrap_manufacture,S_scrap,1986.0,nonautonomous,trend50,0.8770267612771026,0.8664319010094603,0.9124832586535718,30
oldscrap_manufacture,S_scrap,1987.0,frozen,,0.814144067369648,0.8071063607618735,0.8195845859358953,35
oldscrap_manufacture,S_scrap,1987.0,nonautonomous,hold,0.9298302106439501,0.9209115514625368,0.9408195617247288,35
oldscrap_manufacture,S_scrap,1987.0,nonautonomous,mean5,0.9295965047956835,0.9200036290616046,0.937356542792908,35
oldscrap_manufacture,S_scrap,1987.0,nonautonomous,trend20,0.9130668024988253,0.8921062582005566,0.9275319208905597,35
oldscrap_manufacture,S_scrap,1987.0,nonautonomous,trend50,0.8910899244122272,0.8772076185289026,0.9251841952193014,30
oldscrap_manufacture,S_scrap,1988.0,frozen,,0.8803833491468828,0.8715507622437004,0.883561479444243,35
oldscrap_manufacture,S_scrap,1988.0,nonautonomous,hold,0.9272811731443986,0.9197455652241577,0.939283770726912,35
oldscrap_manufacture,S_scrap,1988.0,nonautonomous,mean5,0.9282515110699217,0.9190474785421302,0.9358927625843998,35
oldscrap_manufacture,S_scrap,1988.0,nonautonomous,trend20,0.911963971006747,0.8893133126125569,0.9260872442701008,35
oldscrap_manufacture,S_scrap,1988.0,nonautonomous,trend50,0.8907043095447091,0.8747287963732783,0.9236089948973473,30
oldscrap_manufacture,S_scrap,1989.0,frozen,,0.9176836393381642,0.91077941373727,0.9225056822480237,35
oldscrap_manufacture,S_scrap,1989.0,nonautonomous,hold,0.9099176500201236,0.9036376743071477,0.9223082839552331,35
oldscrap_manufacture,S_scrap,1989.0,nonautonomous,mean5,0.9097459701233022,0.9013214998083457,0.9198225831814637,35
oldscrap_manufacture,S_scrap,1989.0,nonautonomous,trend20,0.896420811985199,0.871967262015612,0.9098638596511137,35
oldscrap_manufacture,S_scrap,1989.0,nonautonomous,trend50,0.8711334218403939,0.8573695434874338,0.9051230538640636,30
oldscrap_manufacture,S_scrap,1990.0,frozen,,0.917607154238203,0.907592164476962,0.921574094431929,35
oldscrap_manufacture,S_scrap,1990.0,nonautonomous,hold,0.8930143489932826,0.8841300577208775,0.9034275463318451,35
oldscrap_manufacture,S_scrap,1990.0,nonautonomous,mean5,0.8938171826059083,0.882274656192194,0.9017734511787769,35
oldscrap_manufacture,S_scrap,1990.0,nonautonomous,trend20,0.8779150122157,0.8534013748505984,0.8902543987649423,35
oldscrap_manufacture,S_scrap,1990.0,nonautonomous,trend50,0.8476405610945401,0.8380156344065113,0.8844178466406176,30
oldscrap_manufacture,S_scrap,1991.0,frozen,,0.836716099171669,0.8309938981962902,0.8423111985725013,35
oldscrap_manufacture,S_scrap,1991.0,nonautonomous,hold,0.8880964728047873,0.8797718899902776,0.9004418631775142,35
oldscrap_manufacture,S_scrap,1991.0,nonautonomous,mean5,0.8907950427390323,0.880295383061716,0.8991004298404526,35
oldscrap_manufacture,S_scrap,1991.0,nonautonomous,trend20,0.8745248084559831,0.8519741452762164,0.8860863947259693,35
oldscrap_manufacture,S_scrap,1991.0,nonautonomous,trend50,0.8421582125251315,0.8340095760379602,0.8819292531313967,30
oldscrap_manufacture,S_scrap,1992.0,frozen,,0.8812509469489966,0.8779537837780326,0.8869837647542509,35
oldscrap_manufacture,S_scrap,1992.0,nonautonomous,hold,0.8901487534047353,0.881214961179382,0.9045586028337695,35
oldscrap_manufacture,S_scrap,1992.0,nonautonomous,mean5,0.8914150914054404,0.8830909466721835,0.9000456624387481,35
oldscrap_manufacture,S_scrap,1992.0,nonautonomous,trend20,0.8760649389420462,0.8525700468055672,0.8868982402491938,35
oldscrap_manufacture,S_scrap,1992.0,nonautonomous,trend50,0.8441177690882866,0.8335474289401043,0.8843225103424707,30
oldscrap_manufacture,S_scrap,1993.0,frozen,,0.8348819642240757,0.8263247229477826,0.8436242433261609,35
oldscrap_manufacture,S_scrap,1993.0,nonautonomous,hold,0.8901398557962512,0.882608585658106,0.9065744425704454,35
oldscrap_manufacture,S_scrap,1993.0,nonautonomous,mean5,0.8923265688352977,0.8829163624361118,0.9023431650923637,35
oldscrap_manufacture,S_scrap,1993.0,nonautonomous,trend20,0.8770212618771365,0.8522034875385784,0.8869706444461786,35
oldscrap_manufacture,S_scrap,1993.0,nonautonomous,trend50,0.8427898772593865,0.8316532100169288,0.8844134603326818,30
oldscrap_manufacture,S_scrap,1994.0,frozen,,0.85334940402454,0.8502696340004088,0.8613842044059606,35
oldscrap_manufacture,S_scrap,1994.0,nonautonomous,hold,0.8872178589827767,0.8822374846944766,0.9066236883595125,35
oldscrap_manufacture,S_scrap,1994.0,nonautonomous,mean5,0.8924043505777132,0.8800016345412315,0.9036127514363264,35
oldscrap_manufacture,S_scrap,1994.0,nonautonomous,trend20,0.875823549677842,0.8499801761222505,0.8866928341177669,35
oldscrap_manufacture,S_scrap,1994.0,nonautonomous,trend50,0.8402025584679396,0.8282045480757515,0.8820310418700832,30
oldscrap_manufacture,S_scrap,1995.0,frozen,,0.8574332183832277,0.8521474462397001,0.8613018689844574,35
oldscrap_manufacture,S_scrap,1995.0,nonautonomous,hold,0.8781009650269147,0.8703777605429606,0.8933544147196857,35
oldscrap_manufacture,S_scrap,1995.0,nonautonomous,mean5,0.879900413939092,0.8679815406351143,0.8937787065082397,35
oldscrap_manufacture,S_scrap,1995.0,nonautonomous,trend20,0.8644195303303415,0.8358946372367482,0.8771392876846964,35
oldscrap_manufacture,S_scrap,1995.0,nonautonomous,trend50,0.8288918281823139,0.8166025094868395,0.8680905751256957,30
oldscrap_manufacture,S_scrap,1996.0,frozen,,0.8359442514542637,0.8307118972502839,0.8432505423113213,35
oldscrap_manufacture,S_scrap,1996.0,nonautonomous,hold,0.8670647902046156,0.8589309475310384,0.883775638917039,35
oldscrap_manufacture,S_scrap,1996.0,nonautonomous,mean5,0.8689222596913103,0.8541463852534796,0.8824562369515707,35
oldscrap_manufacture,S_scrap,1996.0,nonautonomous,trend20,0.8486666137418295,0.8219092019273282,0.8662126971000274,35
oldscrap_manufacture,S_scrap,1996.0,nonautonomous,trend50,0.8129718430936186,0.8041176874445066,0.8541843742133453,30
oldscrap_manufacture,S_scrap,1997.0,frozen,,0.852265827384315,0.8418722147472413,0.8604528662960198,35
oldscrap_manufacture,S_scrap,1997.0,nonautonomous,hold,0.8568315207094511,0.8478792403808402,0.875551388605252,35
oldscrap_manufacture,S_scrap,1997.0,nonautonomous,mean5,0.8578082980586131,0.8463036658846237,0.8725909445766777,35
oldscrap_manufacture,S_scrap,1997.0,nonautonomous,trend20,0.8386009794095133,0.8145730000645524,0.8558912049571294,35
oldscrap_manufacture,S_scrap,1997.0,nonautonomous,trend50,0.8036757349487906,0.790789418573141,0.8488833909504098,30
oldscrap_manufacture,S_scrap,1998.0,frozen,,0.7684233983674348,0.7582292066587415,0.7784196526072659,35
oldscrap_manufacture,S_scrap,1998.0,nonautonomous,hold,0.8622284016083352,0.8507028274416184,0.8769535845779373,35
oldscrap_manufacture,S_scrap,1998.0,nonautonomous,mean5,0.861501951112844,0.8507864116915933,0.8743195096997186,35
oldscrap_manufacture,S_scrap,1998.0,nonautonomous,trend20,0.8443546986176222,0.8189253018970419,0.859635932258908,35
oldscrap_manufacture,S_scrap,1998.0,nonautonomous,trend50,0.8092615613617028,0.7925656613909193,0.8536394524477756,30
oldscrap_manufacture,S_scrap,1999.0,frozen,,0.8033158563805909,0.7949080845019136,0.8107896281121825,35
oldscrap_manufacture,S_scrap,1999.0,nonautonomous,hold,0.8776182937146979,0.8660079168898562,0.8947472715849809,35
oldscrap_manufacture,S_scrap,1999.0,nonautonomous,mean5,0.878079716321274,0.8640639486510893,0.891999855431192,35
oldscrap_manufacture,S_scrap,1999.0,nonautonomous,trend20,0.8584142326843884,0.8332848637967001,0.8739718291816363,35
oldscrap_manufacture,S_scrap,1999.0,nonautonomous,trend50,0.8245948523463551,0.8054634964666483,0.8686070533673749,30
oldscrap_manufacture,S_scrap,2000.0,frozen,,0.8951579106317727,0.8849506614637498,0.9094655350179539,35
oldscrap_manufacture,S_scrap,2000.0,nonautonomous,hold,0.8722065925133569,0.8606145708904469,0.8881398532807508,35
oldscrap_manufacture,S_scrap,2000.0,nonautonomous,mean5,0.874550508528909,0.8585184019955283,0.8858471548830293,35
oldscrap_manufacture,S_scrap,2000.0,nonautonomous,trend20,0.8519011073259797,0.8221153681300929,0.8696514509756026,35
oldscrap_manufacture,S_scrap,2000.0,nonautonomous,trend50,0.8146389722070464,0.7978482929597304,0.8611518306625234,30
oldscrap_manufacture,S_scrap,2001.0,frozen,,0.8367922177318182,0.8265379709354743,0.8431188111842672,35
oldscrap_manufacture,S_scrap,2001.0,nonautonomous,hold,0.8585381835742165,0.8506454935405512,0.878360606994617,35
oldscrap_manufacture,S_scrap,2001.0,nonautonomous,mean5,0.8631907456677962,0.8471269647606812,0.8751616649505563,35
oldscrap_manufacture,S_scrap,2001.0,nonautonomous,trend20,0.8413466474868547,0.8029454618724147,0.8609965982795126,35
oldscrap_manufacture,S_scrap,2001.0,nonautonomous,trend50,0.8035108691630999,0.7803870235080173,0.8534959623041578,30
oldscrap_manufacture,S_scrap,2002.0,frozen,,0.8192977624357268,0.808176832229504,0.8322426080423955,35
oldscrap_manufacture,S_scrap,2002.0,nonautonomous,hold,0.8749116699927066,0.8592119014979368,0.8886239585136562,35
oldscrap_manufacture,S_scrap,2002.0,nonautonomous,mean5,0.8731277440714652,0.8612227533089407,0.8830939330795831,35
oldscrap_manufacture,S_scrap,2002.0,nonautonomous,trend20,0.8486211505491046,0.814129692062865,0.8730218198840182,35
oldscrap_manufacture,S_scrap,2002.0,nonautonomous,trend50,0.8146687360949032,0.7906855527916317,0.8716843072989243,30
oldscrap_manufacture,S_scrap,2003.0,frozen,,0.8022227064391934,0.7875522653744328,0.8206554316634276,35
oldscrap_manufacture,S_scrap,2003.0,nonautonomous,hold,0.8935996142754292,0.8802409998591941,0.907386348702236,35
oldscrap_manufacture,S_scrap,2003.0,nonautonomous,mean5,0.8903590207044463,0.8804550307341152,0.9007000223316011,35
oldscrap_manufacture,S_scrap,2003.0,nonautonomous,trend20,0.8665655377430262,0.8310468081364855,0.8927771154985273,35
oldscrap_manufacture,S_scrap,2003.0,nonautonomous,trend50,0.8278532668212717,0.8107370235656628,0.8916191089723389,30
oldscrap_manufacture,S_scrap,2004.0,frozen,,0.8679608163590424,0.855754623531205,0.8859071416606787,35
oldscrap_manufacture,S_scrap,2004.0,nonautonomous,hold,0.9071202325567518,0.8907155567334938,0.9206582399550023,35
oldscrap_manufacture,S_scrap,2004.0,nonautonomous,mean5,0.9061513417708356,0.8927375450493542,0.9209371403098715,35
oldscrap_manufacture,S_scrap,2004.0,nonautonomous,trend20,0.8806149546010145,0.8436402853041276,0.911825421560857,35
oldscrap_manufacture,S_scrap,2004.0,nonautonomous,trend50,0.8407571859798553,0.8201665470829668,0.8997929928997832,30
oldscrap_manufacture,S_scrap,2005.0,frozen,,0.880822721201965,0.8654462808039591,0.8953560839434509,35
oldscrap_manufacture,S_scrap,2005.0,nonautonomous,hold,0.9155099480113643,0.8948399830852689,0.9378829213419386,35
oldscrap_manufacture,S_scrap,2005.0,nonautonomous,mean5,0.9151301740801321,0.8977392575082801,0.9323226888952427,35
oldscrap_manufacture,S_scrap,2005.0,nonautonomous,trend20,0.8899873821266358,0.8535000200226647,0.9322036652160214,35
oldscrap_manufacture,S_scrap,2005.0,nonautonomous,trend50,0.8571095944327047,0.8304764615837673,0.9134465143422353,30
oldscrap_manufacture,S_scrap,2006.0,frozen,,0.9347572805485002,0.9177916953035903,0.9845065482945999,35
oldscrap_manufacture,S_scrap,2006.0,nonautonomous,hold,0.9249933782708718,0.8986824317160715,0.9562249053296181,35
oldscrap_manufacture,S_scrap,2006.0,nonautonomous,mean5,0.9207135196417926,0.8951738956378806,0.9449144757395426,35
oldscrap_manufacture,S_scrap,2006.0,nonautonomous,trend20,0.8962155719824594,0.8612659107751341,0.9305576997245237,35
oldscrap_manufacture,S_scrap,2006.0,nonautonomous,trend50,0.870252492246258,0.8359796584700266,0.9283784004135386,30
oldscrap_manufacture,S_scrap,2007.0,frozen,,0.98268049865434,0.9473450157270354,1.0166420545037838,35
oldscrap_manufacture,S_scrap,2007.0,nonautonomous,hold,0.9011470623866021,0.888031724052122,0.9553838131822967,35
oldscrap_manufacture,S_scrap,2007.0,nonautonomous,mean5,0.9029531805475851,0.878362344129505,0.9481482828081247,35
oldscrap_manufacture,S_scrap,2007.0,nonautonomous,trend20,0.87261126400314,0.8435174525515283,0.9260855667015999,35
oldscrap_manufacture,S_scrap,2007.0,nonautonomous,trend50,0.8646495612051316,0.8184983104510806,0.9064225433200233,30
oldscrap_manufacture,S_scrap,2008.0,frozen,,0.9733377511303605,0.9104768206669154,1.0125570261398376,35
oldscrap_manufacture,S_scrap,2008.0,nonautonomous,hold,0.8814877119158208,0.8624471450512877,0.9280358896448455,35
oldscrap_manufacture,S_scrap,2008.0,nonautonomous,mean5,0.8772090590267423,0.8577342633892615,0.9232097424418171,35
oldscrap_manufacture,S_scrap,2008.0,nonautonomous,trend20,0.8508840306904764,0.8155645440492636,0.9092903116183978,35
oldscrap_manufacture,S_scrap,2008.0,nonautonomous,trend50,0.8294653851608678,0.7894128138500833,0.8889425155602622,30
oldscrap_manufacture,S_scrap,2009.0,frozen,,0.8696152740891222,0.8147050773075124,0.9139772853627532,35
oldscrap_manufacture,S_scrap,2009.0,nonautonomous,hold,0.8913084824547772,0.8591405644507575,0.9232734786292853,35
oldscrap_manufacture,S_scrap,2009.0,nonautonomous,mean5,0.8839773636851096,0.8570492499257243,0.9231738627933328,35
oldscrap_manufacture,S_scrap,2009.0,nonautonomous,trend20,0.8469722485345803,0.8211651727055187,0.9069046371042454,35
oldscrap_manufacture,S_scrap,2009.0,nonautonomous,trend50,0.8209681148395559,0.7933438348486866,0.9004777720622754,30
oldscrap_manufacture,S_scrap,2010.0,frozen,,0.9248101645519922,0.8894695160065885,0.9594459435728051,35
oldscrap_manufacture,S_scrap,2010.0,nonautonomous,hold,0.8904086525959884,0.8552476587760214,0.9384191651680385,35
oldscrap_manufacture,S_scrap,2010.0,nonautonomous,mean5,0.8862115607976419,0.8532288250796211,0.9330413212181063,35
oldscrap_manufacture,S_scrap,2010.0,nonautonomous,trend20,0.8602575776465838,0.823640543348694,0.9119230759373469,35
oldscrap_manufacture,S_scrap,2010.0,nonautonomous,trend50,0.827504969241652,0.7907522325316472,0.9039942266531857,30
oldscrap_manufacture,S_scrap,2011.0,frozen,,0.9092993751441628,0.8572189359423041,0.9479986851266667,35
oldscrap_manufacture,S_scrap,2011.0,nonautonomous,hold,0.8818196448049547,0.8329105944775073,0.9215060997612848,35
oldscrap_manufacture,S_scrap,2011.0,nonautonomous,mean5,0.873352235883669,0.8343248715771495,0.9212830860946033,35
oldscrap_manufacture,S_scrap,2011.0,nonautonomous,trend20,0.8399154002411681,0.7913375611202382,0.8849445137335656,35
oldscrap_manufacture,S_scrap,2011.0,nonautonomous,trend50,0.8061353407870246,0.7685904420340863,0.8882300036228081,30
oldscrap_manufacture,S_scrap,2012.0,frozen,,0.8809081966436042,0.8358831077797658,0.9234746047868463,35
oldscrap_manufacture,S_scrap,2012.0,nonautonomous,hold,0.8718864311360376,0.8293472041457224,0.9047196850579959,35
oldscrap_manufacture,S_scrap,2012.0,nonautonomous,mean5,0.8615983467971655,0.8221024011495595,0.9125063229989379,35
oldscrap_manufacture,S_scrap,2012.0,nonautonomous,trend20,0.8227461213663926,0.7917932367407061,0.8837186182748036,35
oldscrap_manufacture,S_scrap,2012.0,nonautonomous,trend50,0.7942539698246027,0.7606948017619817,0.8870406890384146,30
oldscrap_manufacture,S_scrap,2013.0,frozen,,0.8880728975985666,0.864155370940511,0.9124093189586941,35
oldscrap_manufacture,S_scrap,2013.0,nonautonomous,hold,0.8702428732821899,0.825795269808825,0.8988073381602961,35
oldscrap_manufacture,S_scrap,2013.0,nonautonomous,mean5,0.8563420695950213,0.8130658305319581,0.903988488064214,35
oldscrap_manufacture,S_scrap,2013.0,nonautonomous,trend20,0.812712949127107,0.7899915199232054,0.883335478544408,35
oldscrap_manufacture,S_scrap,2013.0,nonautonomous,trend50,0.7860300313561663,0.7467309167023143,0.8819800245601521,30
oldscrap_manufacture,S_scrap,2014.0,frozen,,0.8840413632037231,0.8497763356152964,0.9162007646728859,35
oldscrap_manufacture,S_scrap,2014.0,nonautonomous,hold,0.8589066766491498,0.8242924088693937,0.8947571267744359,35
oldscrap_manufacture,S_scrap,2014.0,nonautonomous,mean5,0.8547269402183916,0.8109922428891199,0.8914801978988376,35
oldscrap_manufacture,S_scrap,2014.0,nonautonomous,trend20,0.8066907943079079,0.780529186185227,0.8792771922577134,35
oldscrap_manufacture,S_scrap,2014.0,nonautonomous,trend50,0.7723643717181343,0.7257779034151943,0.868895305228414,30
oldscrap_manufacture,S_scrap,2015.0,frozen,,0.8460172472647873,0.8028584742943128,0.8943676719264504,35
oldscrap_manufacture,S_scrap,2015.0,nonautonomous,hold,0.8511223773136488,0.8195291454359466,0.8945065909609126,35
oldscrap_manufacture,S_scrap,2015.0,nonautonomous,mean5,0.8495435270117685,0.810610096521041,0.8901222324608375,35
oldscrap_manufacture,S_scrap,2015.0,nonautonomous,trend20,0.8034321158825274,0.7663380425066806,0.8693006868154842,35
oldscrap_manufacture,S_scrap,2015.0,nonautonomous,trend50,0.7653079542410669,0.71285407090154,0.8627623977978758,30
oldscrap_manufacture,S_scrap,2016.0,frozen,,0.8240497987253718,0.7859914017398046,0.879528927966883,35
oldscrap_manufacture,S_scrap,2016.0,nonautonomous,hold,0.8530363151566325,0.8264676206710002,0.9051015131640391,35
oldscrap_manufacture,S_scrap,2016.0,nonautonomous,mean5,0.8517846311146593,0.8135730658626155,0.8931991432531481,35
oldscrap_manufacture,S_scrap,2016.0,nonautonomous,trend20,0.8091883411073679,0.7679723662947795,0.8755990789867059,35
oldscrap_manufacture,S_scrap,2016.0,nonautonomous,trend50,0.773082411685142,0.7144587616794713,0.8711765040819083,30
oldscrap_manufacture,S_scrap,2017.0,frozen,,0.845480412742494,0.8073892137064511,0.894432047881435,35
oldscrap_manufacture,S_scrap,2017.0,nonautonomous,hold,0.8631248906144802,0.8243075150434622,0.9108057694366806,35
oldscrap_manufacture,S_scrap,2017.0,nonautonomous,mean5,0.8595471913052303,0.8135021623084686,0.898494773386876,35
oldscrap_manufacture,S_scrap,2017.0,nonautonomous,trend20,0.8102943510104952,0.7710128568937414,0.8789032396307302,35
oldscrap_manufacture,S_scrap,2017.0,nonautonomous,trend50,0.7760668282957914,0.7203379569475398,0.8676514675649851,30
oldscrap_manufacture,S_scrap,2018.0,frozen,,0.8545954816483486,0.8132906121391181,0.9024914940406463,35
oldscrap_manufacture,S_scrap,2018.0,nonautonomous,hold,0.8647095858401532,0.8278220555340415,0.9107389747207513,35
oldscrap_manufacture,S_scrap,2018.0,nonautonomous,mean5,0.8575108948421395,0.8112973874395191,0.8964148591335044,35
oldscrap_manufacture,S_scrap,2018.0,nonautonomous,trend20,0.8016324885011589,0.7670683504374336,0.8758342958311487,35
oldscrap_manufacture,S_scrap,2018.0,nonautonomous,trend50,0.7678097977739606,0.7146884767257422,0.8629285609922381,30
oldscrap_manufacture,S_scrap,2019.0,frozen,,0.8639172721560506,0.8317187961325243,0.9151758862878323,35
oldscrap_manufacture,S_scrap,2019.0,nonautonomous,hold,0.8639172721560506,0.8317187961325243,0.9151758862878323,35
oldscrap_manufacture,S_scrap,2019.0,nonautonomous,mean5,0.8552160764086731,0.8143058325524356,0.8933964139649072,35
oldscrap_manufacture,S_scrap,2019.0,nonautonomous,trend20,0.7987194809861914,0.7596879457222283,0.8734836398111961,35
oldscrap_manufacture,S_scrap,2019.0,nonautonomous,trend50,0.7566178165156028,0.7060551222031749,0.8648715087570173,30
eol_collection,S_conc,1980.0,frozen,,0.1324350996509442,0.12492815002123683,0.1377877836461809,35
eol_collection,S_conc,1980.0,nonautonomous,hold,0.22078644036167616,0.20885439280879392,0.2388406737933917,35
eol_collection,S_conc,1980.0,nonautonomous,mean5,0.22119714864656947,0.2080279570566365,0.23493242696007766,35
eol_collection,S_conc,1980.0,nonautonomous,trend20,0.21497167050022822,0.2002238907620224,0.2524381842882111,35
eol_collection,S_conc,1980.0,nonautonomous,trend50,0.21352140055223232,0.19118732625484014,0.3029860652266017,30
eol_collection,S_conc,1981.0,frozen,,0.15010713286505448,0.14405848079062195,0.15758652829789477,35
eol_collection,S_conc,1981.0,nonautonomous,hold,0.22179645260461023,0.2100835997877545,0.23931056755924685,35
eol_collection,S_conc,1981.0,nonautonomous,mean5,0.22291498622657085,0.20918168425604466,0.23665598041651273,35
eol_collection,S_conc,1981.0,nonautonomous,trend20,0.2146969465322362,0.201765806266006,0.25412301498247847,35
eol_collection,S_conc,1981.0,nonautonomous,trend50,0.2137819582583397,0.19187535826230656,0.3099738897391427,30
eol_collection,S_conc,1982.0,frozen,,0.16862799532695694,0.16302784489901823,0.17804875964073605,35
eol_collection,S_conc,1982.0,nonautonomous,hold,0.2240582744408982,0.21142759501013011,0.24211404819180976,35
eol_collection,S_conc,1982.0,nonautonomous,mean5,0.22326572312762755,0.21049395567268245,0.2393641234798598,35
eol_collection,S_conc,1982.0,nonautonomous,trend20,0.21569743813861497,0.2025741996232302,0.25563499014643787,35
eol_collection,S_conc,1982.0,nonautonomous,trend50,0.21512406009103613,0.19286494362759501,0.3132477967185086,30
eol_collection,S_conc,1983.0,frozen,,0.1496896926711797,0.14243406610638082,0.1574797900514321,35
eol_collection,S_conc,1983.0,nonautonomous,hold,0.22535346987897573,0.21216185656430597,0.24351461138188127,35
eol_collection,S_conc,1983.0,nonautonomous,mean5,0.22508169324574073,0.21125020416635598,0.24079027424570204,35
eol_collection,S_conc,1983.0,nonautonomous,trend20,0.21830269743809838,0.20379566929352078,0.2572427566672908,35
eol_collection,S_conc,1983.0,nonautonomous,trend50,0.21745954560621894,0.19405361875644614,0.3141925348115441,30
eol_collection,S_conc,1984.0,frozen,,0.16767087075615095,0.1633198841079868,0.17371049616521228,35
eol_collection,S_conc,1984.0,nonautonomous,hold,0.22651175464155332,0.21307387315059453,0.24495553786671787,35
eol_collection,S_conc,1984.0,nonautonomous,mean5,0.22726616731996893,0.21143289760926393,0.2421251655596433,35
eol_collection,S_conc,1984.0,nonautonomous,trend20,0.21950355736455174,0.20512892504208746,0.2603410994846017,35
eol_collection,S_conc,1984.0,nonautonomous,trend50,0.2180272434241461,0.19481492101187214,0.31602158579131845,30
eol_collection,S_conc,1985.0,frozen,,0.1585227368934901,0.15423523433561215,0.16580909184561626,35
eol_collection,S_conc,1985.0,nonautonomous,hold,0.22820822820955372,0.21443662107953215,0.24681192228380344,35
eol_collection,S_conc,1985.0,nonautonomous,mean5,0.22757647518571228,0.21293915062857935,0.24510212240478613,35
eol_collection,S_conc,1985.0,nonautonomous,trend20,0.2209693522055896,0.20720712522508644,0.2641656685677961,35
eol_collection,S_conc,1985.0,nonautonomous,trend50,0.21964124986610392,0.19593351306984605,0.32141308657927925,30
eol_collection,S_conc,1986.0,frozen,,0.1281703202496463,0.12002347617726156,0.13802871082492996,35
eol_collection,S_conc,1986.0,nonautonomous,hold,0.23142945995464015,0.21691597951629948,0.2493724243008944,35
eol_collection,S_conc,1986.0,nonautonomous,mean5,0.23011882960736932,0.2157643773873153,0.24913751248494,35
eol_collection,S_conc,1986.0,nonautonomous,trend20,0.22507561397304776,0.20977330740281533,0.2673604073105706,35
eol_collection,S_conc,1986.0,nonautonomous,trend50,0.22332137552225634,0.19845548174614605,0.3296786570473714,30
eol_collection,S_conc,1987.0,frozen,,0.09898809468544262,0.09447122619503294,0.10425669273788674,35
eol_collection,S_conc,1987.0,nonautonomous,hold,0.2338650467414627,0.22010763906293607,0.2535867170056758,35
eol_collection,S_conc,1987.0,nonautonomous,mean5,0.23456545873767118,0.21930720102716808,0.2519621281987785,35
eol_collection,S_conc,1987.0,nonautonomous,trend20,0.22882486769799137,0.21262280807241407,0.27107546517260495,35
eol_collection,S_conc,1987.0,nonautonomous,trend50,0.2265321003660586,0.20212503580171046,0.3335128638408481,30
eol_collection,S_conc,1988.0,frozen,,0.11065012672395343,0.10820686406531857,0.11458675885460703,35
eol_collection,S_conc,1988.0,nonautonomous,hold,0.23674968977654948,0.22375227503199824,0.2571270472388729,35
eol_collection,S_conc,1988.0,nonautonomous,mean5,0.23737836285277822,0.22308718611445147,0.25411328960505186,35
eol_collection,S_conc,1988.0,nonautonomous,trend20,0.23230482343626035,0.21625043696201252,0.27413768355719914,35
eol_collection,S_conc,1988.0,nonautonomous,trend50,0.23027547616164845,0.20531185648434824,0.33055872907842854,30
eol_collection,S_conc,1989.0,frozen,,0.14776518745550443,0.1434068065936976,0.1523017821840762,35
eol_collection,S_conc,1989.0,nonautonomous,hold,0.24097004701168356,0.22676273496923494,0.26077474787635546,35
eol_collection,S_conc,1989.0,nonautonomous,mean5,0.241797070714606,0.22608798344513345,0.25555493011915276,35
eol_collection,S_conc,1989.0,nonautonomous,trend20,0.23481752993326763,0.2189400725016843,0.2795327553212522,35
eol_collection,S_conc,1989.0,nonautonomous,trend50,0.23350086776573825,0.207404593900068,0.3348728944363846,30
eol_collection,S_conc,1990.0,frozen,,0.20840605918649036,0.20457878269158797,0.21366731278666556,35
eol_collection,S_conc,1990.0,nonautonomous,hold,0.2414340663834737,0.2283878451838641,0.2648971962141047,35
eol_collection,S_conc,1990.0,nonautonomous,mean5,0.24304909739070496,0.22734255865683345,0.2586332697988456,35
eol_collection,S_conc,1990.0,nonautonomous,trend20,0.2360269182870346,0.22002006240498626,0.2817080743050243,35
eol_collection,S_conc,1990.0,nonautonomous,trend50,0.23467762678804407,0.20815325652769573,0.34098936729958873,30
eol_collection,S_conc,1991.0,frozen,,0.19085062285693255,0.18335682715619644,0.19330073613020982,35
eol_collection,S_conc,1991.0,nonautonomous,hold,0.24270404622309424,0.22888180156717938,0.26713801965728734,35
eol_collection,S_conc,1991.0,nonautonomous,mean5,0.2430214203215573,0.22778690045826436,0.2610903274656602,35
eol_collection,S_conc,1991.0,nonautonomous,trend20,0.23739519922219662,0.220299204501953,0.28054159287616515,35
eol_collection,S_conc,1991.0,nonautonomous,trend50,0.23579607353510168,0.2084988733627208,0.3405624646880939,30
eol_collection,S_conc,1992.0,frozen,,0.2036996986135206,0.2001650181246528,0.2086151037445105,35
eol_collection,S_conc,1992.0,nonautonomous,hold,0.24518338678528767,0.22986269687442515,0.2701394512856412,35
eol_collection,S_conc,1992.0,nonautonomous,mean5,0.2444821510737691,0.22891631550975583,0.2639486709800992,35
eol_collection,S_conc,1992.0,nonautonomous,trend20,0.23914501502463384,0.22160704991391417,0.283191192417095,35
eol_collection,S_conc,1992.0,nonautonomous,trend50,0.23738799320439669,0.2094177126964109,0.3464164329536096,30
eol_collection,S_conc,1993.0,frozen,,0.17692478024536934,0.17176325631132675,0.18231279395952465,35
eol_collection,S_conc,1993.0,nonautonomous,hold,0.24790263971210746,0.23192155633170045,0.27305514122178143,35
eol_collection,S_conc,1993.0,nonautonomous,mean5,0.24697339905078353,0.23072959098429552,0.26698260026423604,35
eol_collection,S_conc,1993.0,nonautonomous,trend20,0.24133765538218016,0.22343679227396238,0.28709222966566916,35
eol_collection,S_conc,1993.0,nonautonomous,trend50,0.23941293663924568,0.2111073362652251,0.3569950912442641,30
eol_collection,S_conc,1994.0,frozen,,0.1600071579470209,0.15686621676528512,0.16515423540250518,35
eol_collection,S_conc,1994.0,nonautonomous,hold,0.25115834710050733,0.234627028838448,0.2759430482144125,35
eol_collection,S_conc,1994.0,nonautonomous,mean5,0.25102950395920254,0.2334235253600706,0.2705679230164054,35
eol_collection,S_conc,1994.0,nonautonomous,trend20,0.24452899070013012,0.22581077327634705,0.2909711767201485,35
eol_collection,S_conc,1994.0,nonautonomous,trend50,0.24275772791200367,0.21335051116101747,0.36593214253916484,30
eol_collection,S_conc,1995.0,frozen,,0.1623594407028931,0.1571839373426479,0.16595241224675056,35
eol_collection,S_conc,1995.0,nonautonomous,hold,0.25461309263744547,0.23720634914829394,0.2798469358239506,35
eol_collection,S_conc,1995.0,nonautonomous,mean5,0.2548951852251421,0.23591562997982007,0.2736179602357288,35
eol_collection,S_conc,1995.0,nonautonomous,trend20,0.2470114254074383,0.22835726479493365,0.2972507212268394,35
eol_collection,S_conc,1995.0,nonautonomous,trend50,0.24571319446698497,0.21533623834955185,0.3689745661493694,30
eol_collection,S_conc,1996.0,frozen,,0.1853959383715229,0.1814259250440964,0.19047246558288367,35
eol_collection,S_conc,1996.0,nonautonomous,hold,0.2569868531704638,0.2387747766145163,0.28241364611640074,35
eol_collection,S_conc,1996.0,nonautonomous,mean5,0.2571468195674237,0.237426685399363,0.2762318960768321,35
eol_collection,S_conc,1996.0,nonautonomous,trend20,0.24880321470362315,0.22953301751918187,0.3008564042518907,35
eol_collection,S_conc,1996.0,nonautonomous,trend50,0.2473675557169855,0.21642668103771207,0.36945153296337424,30
eol_collection,S_conc,1997.0,frozen,,0.2115866623215764,0.20396511561391084,0.21868458558171977,35
eol_collection,S_conc,1997.0,nonautonomous,hold,0.2590480275196657,0.23963719203038467,0.284471101002175,35
eol_collection,S_conc,1997.0,nonautonomous,mean5,0.25927765094722,0.2383527401738157,0.2793253453870906,35
eol_collection,S_conc,1997.0,nonautonomous,trend20,0.2500768578925323,0.2300046396437771,0.30573657047658653,35
eol_collection,S_conc,1997.0,nonautonomous,trend50,0.24867138814951797,0.21666840642114957,0.3750337849659656,30
eol_collection,S_conc,1998.0,frozen,,0.2076138131923081,0.19895661964332823,0.21283389219389684,35
eol_collection,S_conc,1998.0,nonautonomous,hold,0.2614966839976006,0.24083460982144766,0.28765089820639034,35
eol_collection,S_conc,1998.0,nonautonomous,mean5,0.2615531709030496,0.23979790745737167,0.28230916299236464,35
eol_collection,S_conc,1998.0,nonautonomous,trend20,0.2515057774217786,0.23144157125895953,0.31027414402690745,35
eol_collection,S_conc,1998.0,nonautonomous,trend50,0.2504152486606589,0.21751379618910832,0.3837861038918118,30
eol_collection,S_conc,1999.0,frozen,,0.18469070927443135,0.178619269348896,0.19190619408256562,35
eol_collection,S_conc,1999.0,nonautonomous,hold,0.26491934403093964,0.24353935207293842,0.2915299247602542,35
eol_collection,S_conc,1999.0,nonautonomous,mean5,0.26463497631262956,0.24243477701948668,0.2865662879927751,35
eol_collection,S_conc,1999.0,nonautonomous,trend20,0.25485697773282834,0.23310815976341126,0.3128170868894943,35
eol_collection,S_conc,1999.0,nonautonomous,trend50,0.25350960557775504,0.21913187598342815,0.3918643107249619,30
eol_collection,S_conc,2000.0,frozen,,0.22778746434297018,0.2218912083244306,0.24019298847013487,35
eol_collection,S_conc,2000.0,nonautonomous,hold,0.2693779061310909,0.24715419144452863,0.29786333541947013,35
eol_collection,S_conc,2000.0,nonautonomous,mean5,0.2690782597816614,0.2456960835826287,0.292941577223267,35
eol_collection,S_conc,2000.0,nonautonomous,trend20,0.25951168742095365,0.23674498376809044,0.31882956722401534,35
eol_collection,S_conc,2000.0,nonautonomous,trend50,0.257646750792781,0.2222772959357407,0.4013742545128911,30
eol_collection,S_conc,2001.0,frozen,,0.26317503330151376,0.25540054801484446,0.27282357249843225,35
eol_collection,S_conc,2001.0,nonautonomous,hold,0.2697438675470935,0.24668930196106947,0.29975769252173184,35
eol_collection,S_conc,2001.0,nonautonomous,mean5,0.2693280235257424,0.24514107524087703,0.29459792052337386,35
eol_collection,S_conc,2001.0,nonautonomous,trend20,0.25962787163520323,0.23624669394773468,0.3205672736884582,35
eol_collection,S_conc,2001.0,nonautonomous,trend50,0.25762465109738547,0.2219958625168106,0.4067664102052289,30
eol_collection,S_conc,2002.0,frozen,,0.24987039372871622,0.242906873586147,0.2631121953560119,35
eol_collection,S_conc,2002.0,nonautonomous,hold,0.2708807459998722,0.2467267358910218,0.3017578069314219,35
eol_collection,S_conc,2002.0,nonautonomous,mean5,0.26994482687809984,0.24514544653056097,0.2961225379705046,35
eol_collection,S_conc,2002.0,nonautonomous,trend20,0.2599897230770405,0.23555592518945576,0.32192192732627956,35
eol_collection,S_conc,2002.0,nonautonomous,trend50,0.2581695363924609,0.22178505775293345,0.41301785725139833,30
eol_collection,S_conc,2003.0,frozen,,0.21003820294089715,0.19979201058543794,0.22529837881150366,35
eol_collection,S_conc,2003.0,nonautonomous,hold,0.2727003862636656,0.24797531419971447,0.30443003252698386,35
eol_collection,S_conc,2003.0,nonautonomous,mean5,0.2711984874331127,0.24633923254083104,0.29772666679820914,35
eol_collection,S_conc,2003.0,nonautonomous,trend20,0.26196734854600306,0.23554535253684886,0.3250826273981972,35
eol_collection,S_conc,2003.0,nonautonomous,trend50,0.2600117546045722,0.2218175288477005,0.4166474881356344,30
eol_collection,S_conc,2004.0,frozen,,0.22550781180151064,0.21062241868586942,0.24079506839208006,35
eol_collection,S_conc,2004.0,nonautonomous,hold,0.27439702025939416,0.24926736475994926,0.3074367986078449,35
eol_collection,S_conc,2004.0,nonautonomous,mean5,0.2723897846661102,0.24759364353352586,0.29935199358796394,35
eol_collection,S_conc,2004.0,nonautonomous,trend20,0.263499214944128,0.2365875293570988,0.3300110424492281,35
eol_collection,S_conc,2004.0,nonautonomous,trend50,0.26149184850237134,0.22111183393738443,0.4176237245375265,30
eol_collection,S_conc,2005.0,frozen,,0.2467213004576114,0.2407933371946233,0.26004557810615586,35
eol_collection,S_conc,2005.0,nonautonomous,hold,0.2749209781414225,0.2493046488313989,0.30884666856121645,35
eol_collection,S_conc,2005.0,nonautonomous,mean5,0.2730215010108854,0.24753345944163682,0.2999704272232011,35
eol_collection,S_conc,2005.0,nonautonomous,trend20,0.26409992529106907,0.23632335054122963,0.33449181512505977,35
eol_collection,S_conc,2005.0,nonautonomous,trend50,0.2620722943285292,0.21987911688919548,0.41705379227916795,30
eol_collection,S_conc,2006.0,frozen,,0.2669562342745026,0.2533296612390934,0.2948072186027813,35
eol_collection,S_conc,2006.0,nonautonomous,hold,0.27403557960013364,0.24717519046422293,0.3083807171704898,35
eol_collection,S_conc,2006.0,nonautonomous,mean5,0.2729394556205036,0.24528755818333953,0.2997036515830226,35
eol_collection,S_conc,2006.0,nonautonomous,trend20,0.26331486369189877,0.23415220869009365,0.3376669209499318,35
eol_collection,S_conc,2006.0,nonautonomous,trend50,0.26111480472077675,0.21736080730958468,0.41549843470211256,30
eol_collection,S_conc,2007.0,frozen,,0.2878432165188526,0.2728021575658428,0.32286317192515,35
eol_collection,S_conc,2007.0,nonautonomous,hold,0.27198482397573437,0.24438326983649816,0.30680653276239145,35
eol_collection,S_conc,2007.0,nonautonomous,mean5,0.27195491443854714,0.24292794121414824,0.29909403094148335,35
eol_collection,S_conc,2007.0,nonautonomous,trend20,0.26146261168042595,0.23402329367548072,0.33675050407462287,35
eol_collection,S_conc,2007.0,nonautonomous,trend50,0.25855093631354203,0.21533625120907826,0.4217244761675277,30
eol_collection,S_conc,2008.0,frozen,,0.3228857413732489,0.266419861157526,0.3744508677732916,35
eol_collection,S_conc,2008.0,nonautonomous,hold,0.26965551750193345,0.24123401002958733,0.3044801725020563,35
eol_collection,S_conc,2008.0,nonautonomous,mean5,0.2688063682280416,0.24117214649175975,0.2979416467432443,35
eol_collection,S_conc,2008.0,nonautonomous,trend20,0.2587204824172856,0.2308336788263654,0.336301225318399,35
eol_collection,S_conc,2008.0,nonautonomous,trend50,0.2561349334608519,0.21417991215291718,0.42620519740169077,30
eol_collection,S_conc,2009.0,frozen,,0.30310008581019626,0.2580462038230214,0.353887601073217,35
eol_collection,S_conc,2009.0,nonautonomous,hold,0.26914675262437276,0.2395915950300383,0.30302409809137965,35
eol_collection,S_conc,2009.0,nonautonomous,mean5,0.26646932119712136,0.23955617826265102,0.2964835007181933,35
eol_collection,S_conc,2009.0,nonautonomous,trend20,0.2579536882111866,0.22636900163957507,0.33634567845112123,35
eol_collection,S_conc,2009.0,nonautonomous,trend50,0.2558386008286191,0.21078111655368073,0.4227306575410021,30
eol_collection,S_conc,2010.0,frozen,,0.24516124305069248,0.2302911750453952,0.2793804795204897,35
eol_collection,S_conc,2010.0,nonautonomous,hold,0.2683859456390921,0.23886339269120632,0.30323041152241537,35
eol_collection,S_conc,2010.0,nonautonomous,mean5,0.26431878150837695,0.23847863312591008,0.2975984123459473,35
eol_collection,S_conc,2010.0,nonautonomous,trend20,0.25852572003589464,0.2240085914832793,0.3390538597728398,35
eol_collection,S_conc,2010.0,nonautonomous,trend50,0.2558731325109425,0.20797020746274458,0.4300636734655996,30
eol_collection,S_conc,2011.0,frozen,,0.26770365975283744,0.22789197681412543,0.30504183524409034,35
eol_collection,S_conc,2011.0,nonautonomous,hold,0.26618528408977177,0.23838447272754565,0.3029456893072515,35
eol_collection,S_conc,2011.0,nonautonomous,mean5,0.2622679732377313,0.23745821470881084,0.2986455011148741,35
eol_collection,S_conc,2011.0,nonautonomous,trend20,0.25501669779613,0.2222336358325603,0.3398388183357222,35
eol_collection,S_conc,2011.0,nonautonomous,trend50,0.2550437932390246,0.20639297221715627,0.43397915451546504,30
eol_collection,S_conc,2012.0,frozen,,0.2660692085433341,0.23584428942763508,0.2958642379428933,35
eol_collection,S_conc,2012.0,nonautonomous,hold,0.2635531095647384,0.2379819921325605,0.3022723653285557,35
eol_collection,S_conc,2012.0,nonautonomous,mean5,0.2609947887809022,0.2368673899038436,0.29855622674842675,35
eol_collection,S_conc,2012.0,nonautonomous,trend20,0.25527071865489465,0.21885004697195898,0.34067460709020503,35
eol_collection,S_conc,2012.0,nonautonomous,trend50,0.2540785230573249,0.2038397719245994,0.43281965176889287,30
eol_collection,S_conc,2013.0,frozen,,0.27483590246528333,0.24099851773425557,0.2954972157775865,35
eol_collection,S_conc,2013.0,nonautonomous,hold,0.26112031999318086,0.23769752452233217,0.3013736755973281,35
eol_collection,S_conc,2013.0,nonautonomous,mean5,0.25969793251833506,0.23659997699960247,0.29783858595990953,35
eol_collection,S_conc,2013.0,nonautonomous,trend20,0.25315461360714553,0.21799635675403603,0.34257986906678656,35
eol_collection,S_conc,2013.0,nonautonomous,trend50,0.2527572119170683,0.20120859846774458,0.4346814713396072,30
eol_collection,S_conc,2014.0,frozen,,0.28121994581140686,0.24347515400955544,0.30968717820096114,35
eol_collection,S_conc,2014.0,nonautonomous,hold,0.26023092109401147,0.23640930213189665,0.3003559017122686,35
eol_collection,S_conc,2014.0,nonautonomous,mean5,0.25806065457431043,0.23620574678774975,0.2969153343017108,35
eol_collection,S_conc,2014.0,nonautonomous,trend20,0.25064424749328024,0.21656698802472363,0.34362549174265156,35
eol_collection,S_conc,2014.0,nonautonomous,trend50,0.25108139572180077,0.19900941035316086,0.43523169547679963,30
eol_collection,S_conc,2015.0,frozen,,0.27809028278229064,0.2477515160571373,0.32134567679072085,35
eol_collection,S_conc,2015.0,nonautonomous,hold,0.2593443486429641,0.23497505562953702,0.29937413000486435,35
eol_collection,S_conc,2015.0,nonautonomous,mean5,0.25714720209718156,0.23550328622754874,0.29523850701689924,35
eol_collection,S_conc,2015.0,nonautonomous,trend20,0.24863798845826965,0.21507710197255814,0.3442530242869376,35
eol_collection,S_conc,2015.0,nonautonomous,trend50,0.2501772352008982,0.19721285150784318,0.43531339029847077,30
eol_collection,S_conc,2016.0,frozen,,0.25774623649399864,0.22579435932118627,0.2845889946429414,35
eol_collection,S_conc,2016.0,nonautonomous,hold,0.25794338216878687,0.23341589787836445,0.2985474340353124,35
eol_collection,S_conc,2016.0,nonautonomous,mean5,0.25653416655513106,0.23489433303447388,0.29431732442098235,35
eol_collection,S_conc,2016.0,nonautonomous,trend20,0.248924639295173,0.21311503684666122,0.3453155288688876,35
eol_collection,S_conc,2016.0,nonautonomous,trend50,0.25058623316515,0.1950318525427319,0.4419283758750016,30
eol_collection,S_conc,2017.0,frozen,,0.24198518017313442,0.22914307835786216,0.27556736551502625,35
eol_collection,S_conc,2017.0,nonautonomous,hold,0.2573366481161968,0.23296020384914357,0.29862806497327143,35
eol_collection,S_conc,2017.0,nonautonomous,mean5,0.2566300185492393,0.23480977700361072,0.2944529153172211,35
eol_collection,S_conc,2017.0,nonautonomous,trend20,0.2503238222758179,0.21170741236485163,0.3473560166974068,35
eol_collection,S_conc,2017.0,nonautonomous,trend50,0.25112913917352764,0.1925464904566739,0.4481398626220173,30
eol_collection,S_conc,2018.0,frozen,,0.27115234843133695,0.2384603908916806,0.2976101587925598,35
eol_collection,S_conc,2018.0,nonautonomous,hold,0.256663976606525,0.23256898477842677,0.2979875895130921,35
eol_collection,S_conc,2018.0,nonautonomous,mean5,0.256485653966784,0.23474511759107564,0.29464693717022306,35
eol_collection,S_conc,2018.0,nonautonomous,trend20,0.2508646616779489,0.2099745970212164,0.3486231508444291,35
eol_collection,S_conc,2018.0,nonautonomous,trend50,0.25016054511900065,0.1906830060656785,0.45143792688133266,30
eol_collection,S_conc,2019.0,frozen,,0.25623719533296296,0.2324154588226567,0.29745796822361636,35
eol_collection,S_conc,2019.0,nonautonomous,hold,0.25623719533296296,0.2324154588226567,0.29745796822361636,35
eol_collection,S_conc,2019.0,nonautonomous,mean5,0.25670629572027465,0.2351183417122495,0.29531647983740394,35
eol_collection,S_conc,2019.0,nonautonomous,trend20,0.25183362510271823,0.20825628193890322,0.34967318501460654,35
eol_collection,S_conc,2019.0,nonautonomous,trend50,0.2492234737970079,0.1873514481022958,0.4477486869621269,30
eol_collection,S_ref,1980.0,frozen,,0.1416418178084965,0.1336129946751196,0.1473666135253272,35
eol_collection,S_ref,1980.0,nonautonomous,hold,0.23483776667121675,0.2229573687559197,0.25562335511835177,35
eol_collection,S_ref,1980.0,nonautonomous,mean5,0.23457174270689657,0.2221197831124047,0.2495160097198315,35
eol_collection,S_ref,1980.0,nonautonomous,trend20,0.23025532969657325,0.21351307969157535,0.26930459059192835,35
eol_collection,S_ref,1980.0,nonautonomous,trend50,0.22830822058264966,0.204216338826944,0.3234921072264887,30
eol_collection,S_ref,1981.0,frozen,,0.16054238809096733,0.15407324148729615,0.16854174149507462,35
eol_collection,S_ref,1981.0,nonautonomous,hold,0.23613891765264858,0.22398729802416428,0.2546070596069694,35
eol_collection,S_ref,1981.0,nonautonomous,mean5,0.23730277023017488,0.22304557112833584,0.25182026022058995,35
eol_collection,S_ref,1981.0,nonautonomous,trend20,0.22938225712776478,0.2154151261348207,0.27090319791304607,35
eol_collection,S_ref,1981.0,nonautonomous,trend50,0.2285384376987032,0.20486104591549067,0.32953740188266933,30
eol_collection,S_ref,1982.0,frozen,,0.1803507971411304,0.17436133144280025,0.1904264808991829,35
eol_collection,S_ref,1982.0,nonautonomous,hold,0.23774016275957838,0.22575711212536548,0.25809015341013675,35
eol_collection,S_ref,1982.0,nonautonomous,mean5,0.23857497910389291,0.22475554857069385,0.25516789778302384,35
eol_collection,S_ref,1982.0,nonautonomous,trend20,0.23006860690267777,0.21637094880366825,0.27310212821135893,35
eol_collection,S_ref,1982.0,nonautonomous,trend50,0.22901354658735873,0.20574493633443397,0.3345602555875209,30
eol_collection,S_ref,1983.0,frozen,,0.16009592799056654,0.1523358995790169,0.1684275829427081,35
eol_collection,S_ref,1983.0,nonautonomous,hold,0.24038520072923322,0.2267298067705238,0.26022217971081785,35
eol_collection,S_ref,1983.0,nonautonomous,mean5,0.2394583609279068,0.22573869474821504,0.25734298959543034,35
eol_collection,S_ref,1983.0,nonautonomous,trend20,0.23258255300290887,0.21746372524131596,0.27400985566670216,35
eol_collection,S_ref,1983.0,nonautonomous,trend50,0.23178056676719508,0.20716203291612895,0.3357412637566424,30
eol_collection,S_ref,1984.0,frozen,,0.17932713449855717,0.17467367284276664,0.18578662691466558,35
eol_collection,S_ref,1984.0,nonautonomous,hold,0.24148036036815237,0.22722103591056408,0.2607554387293296,35
eol_collection,S_ref,1984.0,nonautonomous,mean5,0.2424169569951042,0.22578003518408218,0.25782377689110725,35
eol_collection,S_ref,1984.0,nonautonomous,trend20,0.23537624329233178,0.2189002226016244,0.2767739737524232,35
eol_collection,S_ref,1984.0,nonautonomous,trend50,0.23393125648061186,0.20806932105977174,0.33651633837689965,30
eol_collection,S_ref,1985.0,frozen,,0.16954303411068455,0.16495746987766002,0.17733592710761098,35
eol_collection,S_ref,1985.0,nonautonomous,hold,0.243382077146846,0.22888235179420902,0.26370106899756335,35
eol_collection,S_ref,1985.0,nonautonomous,mean5,0.24311879110015214,0.22697707720322696,0.2607979520291714,35
eol_collection,S_ref,1985.0,nonautonomous,trend20,0.2344113457479285,0.2202879260881649,0.2810679861272608,35
eol_collection,S_ref,1985.0,nonautonomous,trend50,0.23260359659999452,0.20880605592837226,0.3408071421974647,30
eol_collection,S_ref,1986.0,frozen,,0.13708055641673403,0.12836735420027975,0.1476242896523315,35
eol_collection,S_ref,1986.0,nonautonomous,hold,0.2457607939975147,0.23069233785798138,0.26466684383952144,35
eol_collection,S_ref,1986.0,nonautonomous,mean5,0.24459486892759527,0.22949516911883788,0.26528007488225236,35
eol_collection,S_ref,1986.0,nonautonomous,trend20,0.23943854297006512,0.223678838027563,0.28476058433926155,35
eol_collection,S_ref,1986.0,nonautonomous,trend50,0.23824254352246804,0.21095960941802916,0.34878394955572223,30
eol_collection,S_ref,1987.0,frozen,,0.10586961998443062,0.1010387445936181,0.11150448421164356,35
eol_collection,S_ref,1987.0,nonautonomous,hold,0.24919023772964077,0.23411542445340972,0.269941517653467,35
eol_collection,S_ref,1987.0,nonautonomous,mean5,0.24939660120243373,0.23280366311480852,0.26824975717683236,35
eol_collection,S_ref,1987.0,nonautonomous,trend20,0.24296219045845915,0.22568535593470906,0.28796038285860115,35
eol_collection,S_ref,1987.0,nonautonomous,trend50,0.2407735488348488,0.21446510385208703,0.3584086063774419,30
eol_collection,S_ref,1988.0,frozen,,0.11834238152294485,0.11572926638001986,0.12255268326695938,35
eol_collection,S_ref,1988.0,nonautonomous,hold,0.2514671259424889,0.23760204764018017,0.2733627962864802,35
eol_collection,S_ref,1988.0,nonautonomous,mean5,0.25225015274009305,0.23730249319084584,0.270869103214832,35
eol_collection,S_ref,1988.0,nonautonomous,trend20,0.24744147010004164,0.2300867813815366,0.2926275486119407,35
eol_collection,S_ref,1988.0,nonautonomous,trend50,0.24479765423453442,0.2186379369661013,0.3539806203129218,30
eol_collection,S_ref,1989.0,frozen,,0.15803763364225074,0.15337626373657498,0.16288960661398524,35
eol_collection,S_ref,1989.0,nonautonomous,hold,0.2562774961384439,0.24120046683962593,0.2766545363918864,35
eol_collection,S_ref,1989.0,nonautonomous,mean5,0.2573901013946535,0.24052826421939577,0.27207263617203453,35
eol_collection,S_ref,1989.0,nonautonomous,trend20,0.2501207225450339,0.2332024748231872,0.2962491036682846,35
eol_collection,S_ref,1989.0,nonautonomous,trend50,0.24867201333962685,0.22099160712079494,0.3533362729679851,30
eol_collection,S_ref,1990.0,frozen,,0.22289418094811803,0.21880083710330261,0.22852119014616634,35
eol_collection,S_ref,1990.0,nonautonomous,hold,0.2584176103063591,0.24417656546959782,0.2822494426603621,35
eol_collection,S_ref,1990.0,nonautonomous,mean5,0.26040530889481617,0.24318211468556095,0.2757231640979104,35
eol_collection,S_ref,1990.0,nonautonomous,trend20,0.25242012768670313,0.23536318895114938,0.30268563911696095,35
eol_collection,S_ref,1990.0,nonautonomous,trend50,0.251044399159971,0.2228094691078644,0.36526372410779095,30
eol_collection,S_ref,1991.0,frozen,,0.20411831321597068,0.19610355845582508,0.2067387552194757,35
eol_collection,S_ref,1991.0,nonautonomous,hold,0.25842583740331043,0.24436946736529458,0.28469646709203517,35
eol_collection,S_ref,1991.0,nonautonomous,mean5,0.2594333564991922,0.24319814467707923,0.27804791597369294,35
eol_collection,S_ref,1991.0,nonautonomous,trend20,0.25257686098484494,0.23534053784923573,0.29948152148507357,35
eol_collection,S_ref,1991.0,nonautonomous,trend50,0.2510858001272241,0.22250366969781593,0.36147301593245157,30
eol_collection,S_ref,1992.0,frozen,,0.21786064022836427,0.21408023328839867,0.22311775801551925,35
eol_collection,S_ref,1992.0,nonautonomous,hold,0.2608796384755199,0.24514787126421744,0.28707883097265735,35
eol_collection,S_ref,1992.0,nonautonomous,mean5,0.26101524767754186,0.244108505968016,0.28081453102634035,35
eol_collection,S_ref,1992.0,nonautonomous,trend20,0.2553376301465177,0.23618387902326626,0.301097719403582,35
eol_collection,S_ref,1992.0,nonautonomous,trend50,0.25336044538261726,0.22350145318838072,0.3674132325367183,30
eol_collection,S_ref,1993.0,frozen,,0.18922436389879072,0.18370401744526924,0.19498694541125627,35
eol_collection,S_ref,1993.0,nonautonomous,hold,0.26416967425042315,0.24684866622811766,0.29115211123017215,35
eol_collection,S_ref,1993.0,nonautonomous,mean5,0.2626392340173811,0.245812136141267,0.2843375619567545,35
eol_collection,S_ref,1993.0,nonautonomous,trend20,0.2566412435974507,0.23807770019710822,0.3055111677449289,35
eol_collection,S_ref,1993.0,nonautonomous,trend50,0.2548143906125163,0.22476177663066987,0.3755503919125768,30
eol_collection,S_ref,1994.0,frozen,,0.1711306502107175,0.16777135482918196,0.17663554588503227,35
eol_collection,S_ref,1994.0,nonautonomous,hold,0.26695897082028053,0.24968599838038635,0.29359944038563746,35
eol_collection,S_ref,1994.0,nonautonomous,mean5,0.2664784663100841,0.24840012952918017,0.28762581798550296,35
eol_collection,S_ref,1994.0,nonautonomous,trend20,0.26036133592373345,0.24031008423414313,0.30842735108822306,35
eol_collection,S_ref,1994.0,nonautonomous,trend50,0.25812780791528633,0.2273443905312606,0.3887208962621438,30
eol_collection,S_ref,1995.0,frozen,,0.17364646064480546,0.16811116293331324,0.17748921095909148,35
eol_collection,S_ref,1995.0,nonautonomous,hold,0.27116865639912513,0.25299026992544704,0.29786804943597933,35
eol_collection,S_ref,1995.0,nonautonomous,mean5,0.2715774278261395,0.25166511233399036,0.29207500002205233,35
eol_collection,S_ref,1995.0,nonautonomous,trend20,0.26343763368213713,0.24351881274058107,0.31643521315027406,35
eol_collection,S_ref,1995.0,nonautonomous,trend50,0.26203122354579794,0.2296180126467473,0.394536123998201,30
eol_collection,S_ref,1996.0,frozen,,0.19828442606579985,0.19403842250705497,0.2037138669335654,35
eol_collection,S_ref,1996.0,nonautonomous,hold,0.27411277644567267,0.2549487109530981,0.3016095985754599,35
eol_collection,S_ref,1996.0,nonautonomous,mean5,0.2742926636610122,0.25348442800114257,0.2944972054579966,35
eol_collection,S_ref,1996.0,nonautonomous,trend20,0.26553353286608694,0.24540367330193977,0.32046143872078486,35
eol_collection,S_ref,1996.0,nonautonomous,trend50,0.26407437382084253,0.23144385758824004,0.3939874088848663,30
eol_collection,S_ref,1997.0,frozen,,0.22629589553109777,0.21814450867797947,0.23388725730665214,35
eol_collection,S_ref,1997.0,nonautonomous,hold,0.2762915971375013,0.2559772160573435,0.3030414752370456,35
eol_collection,S_ref,1997.0,nonautonomous,mean5,0.2765583330700673,0.25462843273927926,0.29775861511235885,35
eol_collection,S_ref,1997.0,nonautonomous,trend20,0.26703319437422374,0.24538851124263633,0.32471996599159425,35
eol_collection,S_ref,1997.0,nonautonomous,trend50,0.26544740648788556,0.2314065212775051,0.39787343281469395,30
eol_collection,S_ref,1998.0,frozen,,0.2220468590292065,0.21278782849553818,0.22762983122341907,35
eol_collection,S_ref,1998.0,nonautonomous,hold,0.27888054498688525,0.257145977330424,0.3069702863387256,35
eol_collection,S_ref,1998.0,nonautonomous,mean5,0.27907918065890225,0.2559781090617669,0.3011352365215356,35
eol_collection,S_ref,1998.0,nonautonomous,trend20,0.268580103488358,0.24739698913830382,0.3302291209676591,35
eol_collection,S_ref,1998.0,nonautonomous,trend50,0.26726886336262856,0.23242411755865297,0.4084516836707797,30
eol_collection,S_ref,1999.0,frozen,,0.19753017034698545,0.19103665171004922,0.2052472663984659,35
eol_collection,S_ref,1999.0,nonautonomous,hold,0.281633818627236,0.2589888841139405,0.30964552182265703,35
eol_collection,S_ref,1999.0,nonautonomous,mean5,0.28133530358086106,0.25787358255388104,0.3042818526946327,35
eol_collection,S_ref,1999.0,nonautonomous,trend20,0.27080047306500893,0.24798811423057276,0.3325579724996418,35
eol_collection,S_ref,1999.0,nonautonomous,trend50,0.26952531909254757,0.23311843544456,0.41597199791629036,30
eol_collection,S_ref,2000.0,frozen,,0.23977627825575815,0.23356969297308483,0.25283472470540513,35
eol_collection,S_ref,2000.0,nonautonomous,hold,0.2834315986397053,0.26023364694009854,0.3129413619200426,35
eol_collection,S_ref,2000.0,nonautonomous,mean5,0.28309220124123624,0.258783711220533,0.307794548214205,35
eol_collection,S_ref,2000.0,nonautonomous,trend20,0.2730226241467636,0.24921662637930322,0.3349884205910739,35
eol_collection,S_ref,2000.0,nonautonomous,trend50,0.27113312338118734,0.23384070884334215,0.4212792833397538,30
eol_collection,S_ref,2001.0,frozen,,0.27702635084369864,0.2688426821208888,0.2871827078930866,35
eol_collection,S_ref,2001.0,nonautonomous,hold,0.28374178753690926,0.2597994051191992,0.3150189267745586,35
eol_collection,S_ref,2001.0,nonautonomous,mean5,0.28342765371435996,0.25813788777032953,0.30963831873755177,35
eol_collection,S_ref,2001.0,nonautonomous,trend20,0.27324891286716446,0.24883530103301418,0.33717213476132846,35
eol_collection,S_ref,2001.0,nonautonomous,trend50,0.2711261510669132,0.23365708563348603,0.42611337592653964,30
eol_collection,S_ref,2002.0,frozen,,0.2630214670828592,0.2556914458801547,0.27696020563790724,35
eol_collection,S_ref,2002.0,nonautonomous,hold,0.28478088229723686,0.2595816271999871,0.3171217514409601,35
eol_collection,S_ref,2002.0,nonautonomous,mean5,0.2839353065160985,0.2579330357404306,0.31138888254594255,35
eol_collection,S_ref,2002.0,nonautonomous,trend20,0.2733974323939148,0.24824342967773694,0.338342038262893,35
eol_collection,S_ref,2002.0,nonautonomous,trend50,0.2714681845720481,0.23353872737397163,0.4336900597030161,30
eol_collection,S_ref,2003.0,frozen,,0.22109284520094438,0.21030737956361886,0.23715618822263543,35
eol_collection,S_ref,2003.0,nonautonomous,hold,0.28663227352503406,0.260666064898992,0.31971905244617504,35
eol_collection,S_ref,2003.0,nonautonomous,mean5,0.2851561379394877,0.25895325140327474,0.31296476454269484,35
eol_collection,S_ref,2003.0,nonautonomous,trend20,0.27530917034902236,0.24769631400794095,0.341097547656681,35
eol_collection,S_ref,2003.0,nonautonomous,trend50,0.27329027677525053,0.23358811372918256,0.43807976860559883,30
eol_collection,S_ref,2004.0,frozen,,0.23737664400159014,0.22170780914302046,0.2534684930442948,35
eol_collection,S_ref,2004.0,nonautonomous,hold,0.2885816688839655,0.2622167796133309,0.3231635219190335,35
eol_collection,S_ref,2004.0,nonautonomous,mean5,0.2865439386290265,0.2604603090766532,0.3148796089186112,35
eol_collection,S_ref,2004.0,nonautonomous,trend20,0.2771293586394803,0.24887119570724175,0.3463472319894091,35
eol_collection,S_ref,2004.0,nonautonomous,trend50,0.27502345246465776,0.2328767430171634,0.4400134432479093,30
eol_collection,S_ref,2005.0,frozen,,0.2597066320606436,0.25346667073118245,0.27373218748016415,35
eol_collection,S_ref,2005.0,nonautonomous,hold,0.2895025550266771,0.2627389327960523,0.32509146657865307,35
eol_collection,S_ref,2005.0,nonautonomous,mean5,0.2871958922086837,0.2608867274653958,0.3158218993382888,35
eol_collection,S_ref,2005.0,nonautonomous,trend20,0.27807688121861085,0.24928275176028125,0.3513534364950991,35
eol_collection,S_ref,2005.0,nonautonomous,trend50,0.2759270532100978,0.23192116426048226,0.4397965778864298,30
eol_collection,S_ref,2006.0,frozen,,0.28100656239421334,0.26666280130430886,0.3103233880029277,35
eol_collection,S_ref,2006.0,nonautonomous,hold,0.2886555683523011,0.26062491593491277,0.32476516462238497,35
eol_collection,S_ref,2006.0,nonautonomous,mean5,0.28741260554665404,0.2586120242349691,0.3154699969812048,35
eol_collection,S_ref,2006.0,nonautonomous,trend20,0.2774886465012385,0.24633039285349492,0.35508009530549567,35
eol_collection,S_ref,2006.0,nonautonomous,trend50,0.27526727579250104,0.2293651087029804,0.4363991448997465,30
eol_collection,S_ref,2007.0,frozen,,0.302992859493529,0.2871601658587819,0.33985597044752636,35
eol_collection,S_ref,2007.0,nonautonomous,hold,0.28689360913121137,0.2579524317937528,0.32339387132362674,35
eol_collection,S_ref,2007.0,nonautonomous,mean5,0.2865654926509978,0.25622994472557165,0.31507444653037253,35
eol_collection,S_ref,2007.0,nonautonomous,trend20,0.27562280162654995,0.24664751865937784,0.35446007855600425,35
eol_collection,S_ref,2007.0,nonautonomous,trend50,0.2726902893436032,0.22630606922312949,0.4416920033671632,30
eol_collection,S_ref,2008.0,frozen,,0.33987972776131464,0.28044195911318526,0.3941588081824122,35
eol_collection,S_ref,2008.0,nonautonomous,hold,0.2840306979518583,0.2546130500036465,0.32096164187046505,35
eol_collection,S_ref,2008.0,nonautonomous,mean5,0.28358646807880467,0.2542512503049184,0.3139311442029263,35
eol_collection,S_ref,2008.0,nonautonomous,trend20,0.27284711123362304,0.24447943672150002,0.35433117589477625,35
eol_collection,S_ref,2008.0,nonautonomous,trend50,0.2699271092674065,0.22628047432914733,0.4502893943917203,30
eol_collection,S_ref,2009.0,frozen,,0.3190527219054698,0.2716275829716015,0.3725132642875968,35
eol_collection,S_ref,2009.0,nonautonomous,hold,0.28327010535170855,0.25242996669092643,0.3189942306304854,35
eol_collection,S_ref,2009.0,nonautonomous,mean5,0.28099089180641434,0.25239409759107595,0.31212303441321876,35
eol_collection,S_ref,2009.0,nonautonomous,trend20,0.2714306520349231,0.23889872013477592,0.35342919171250514,35
eol_collection,S_ref,2009.0,nonautonomous,trend50,0.2692457744646541,0.22286327774781875,0.4439984927944419,30
eol_collection,S_ref,2010.0,frozen,,0.25806446636915004,0.24241176320567923,0.294084715284726,35
eol_collection,S_ref,2010.0,nonautonomous,hold,0.282729365711576,0.2515719278767158,0.31919720868401247,35
eol_collection,S_ref,2010.0,nonautonomous,mean5,0.27872344522626835,0.2513242745396747,0.3129903868724449,35
eol_collection,S_ref,2010.0,nonautonomous,trend20,0.2721781168011719,0.23608299191174065,0.3567328051661401,35
eol_collection,S_ref,2010.0,nonautonomous,trend50,0.269471021046611,0.2190954735835337,0.45167089998105325,30
eol_collection,S_ref,2011.0,frozen,,0.28179332605561835,0.23988629138328996,0.32109666867798986,35
eol_collection,S_ref,2011.0,nonautonomous,hold,0.28064213039668345,0.25107758288883253,0.318960348588395,35
eol_collection,S_ref,2011.0,nonautonomous,mean5,0.27640430220856377,0.2501553764149798,0.3142065139147264,35
eol_collection,S_ref,2011.0,nonautonomous,trend20,0.26837754588421414,0.23446937869842044,0.35765814461653284,35
eol_collection,S_ref,2011.0,nonautonomous,trend50,0.26863570219876726,0.2178880920241545,0.45714871954564873,30
eol_collection,S_ref,2012.0,frozen,,0.2800728510982464,0.2482571467659317,0.3114360399398878,35
eol_collection,S_ref,2012.0,nonautonomous,hold,0.2777190150924873,0.2506311102296098,0.318323097699761,35
eol_collection,S_ref,2012.0,nonautonomous,mean5,0.27494680811437455,0.2494500644346372,0.3143635965638989,35
eol_collection,S_ref,2012.0,nonautonomous,trend20,0.26880375561469355,0.23060361592370815,0.35827672731686555,35
eol_collection,S_ref,2012.0,nonautonomous,trend50,0.2676124702877399,0.21525143356949367,0.4554562569092216,30
eol_collection,S_ref,2013.0,frozen,,0.2893009499634561,0.25368265024658476,0.31104970081851213,35
eol_collection,S_ref,2013.0,nonautonomous,hold,0.2754202645222124,0.25027538798510995,0.31737815015387916,35
eol_collection,S_ref,2013.0,nonautonomous,mean5,0.2736075231486126,0.24912320751565611,0.31365056114013085,35
eol_collection,S_ref,2013.0,nonautonomous,trend20,0.2668098095825847,0.22965465005510766,0.36022337469168036,35
eol_collection,S_ref,2013.0,nonautonomous,trend50,0.26629463420606775,0.21227656580016893,0.45738961467092815,30
eol_collection,S_ref,2014.0,frozen,,0.2960209955909546,0.256289635799532,0.32598650336943275,35
eol_collection,S_ref,2014.0,nonautonomous,hold,0.2740258642207577,0.24907433110773086,0.3163200215385465,35
eol_collection,S_ref,2014.0,nonautonomous,mean5,0.2719308090340699,0.24872894761185854,0.31271787657505806,35
eol_collection,S_ref,2014.0,nonautonomous,trend20,0.26421411932229133,0.2282078250884373,0.36156257732507135,35
eol_collection,S_ref,2014.0,nonautonomous,trend50,0.26452998360440794,0.20986279223904758,0.45837054576154196,30
eol_collection,S_ref,2015.0,frozen,,0.2927266134550428,0.2607910695338288,0.33825860714812717,35
eol_collection,S_ref,2015.0,nonautonomous,hold,0.2732411955767855,0.24766617221999757,0.31532332912328986,35
eol_collection,S_ref,2015.0,nonautonomous,mean5,0.2708505672596642,0.24809841870206992,0.3110479189639037,35
eol_collection,S_ref,2015.0,nonautonomous,trend20,0.26191917132799386,0.22676668943218578,0.3622342452929558,35
eol_collection,S_ref,2015.0,nonautonomous,trend50,0.2633490423146211,0.2080657918936373,0.45748221799671396,30
eol_collection,S_ref,2016.0,frozen,,0.2713118278884196,0.23767827296966978,0.2995673627820436,35
eol_collection,S_ref,2016.0,nonautonomous,hold,0.27164816025880717,0.2458255826393283,0.3142634732536016,35
eol_collection,S_ref,2016.0,nonautonomous,mean5,0.27002538938890724,0.2472680975059253,0.3098114692365549,35
eol_collection,S_ref,2016.0,nonautonomous,trend20,0.26177720680453287,0.2245942804714189,0.362991806429045,35
eol_collection,S_ref,2016.0,nonautonomous,trend50,0.26361188901651056,0.20580028420766683,0.4645845978807153,30
eol_collection,S_ref,2017.0,frozen,,0.2547212422875099,0.24120324037669702,0.29007091106844873,35
eol_collection,S_ref,2017.0,nonautonomous,hold,0.2709500706867244,0.24528922634436418,0.31436072520237907,35
eol_collection,S_ref,2017.0,nonautonomous,mean5,0.2701281257135759,0.24717769244366644,0.30994581850841085,35
eol_collection,S_ref,2017.0,nonautonomous,trend20,0.2634014191423904,0.22298680651152714,0.36526526978274854,35
eol_collection,S_ref,2017.0,nonautonomous,trend50,0.2643978218094809,0.2027248841132584,0.47108386777483835,30
eol_collection,S_ref,2018.0,frozen,,0.2854235246645652,0.2510109377807165,0.3132738513605893,35
eol_collection,S_ref,2018.0,nonautonomous,hold,0.27028614222325525,0.24484286955457746,0.3138077263246697,35
eol_collection,S_ref,2018.0,nonautonomous,mean5,0.2700406240373759,0.24712429599782026,0.3101438627698945,35
eol_collection,S_ref,2018.0,nonautonomous,trend20,0.26399101745291725,0.2213742534992112,0.366932765525779,35
eol_collection,S_ref,2018.0,nonautonomous,trend50,0.26353355030815667,0.20130684121506626,0.47576692464574766,30
eol_collection,S_ref,2019.0,frozen,,0.26972336350838205,0.24464785139227024,0.31311365076170145,35
eol_collection,S_ref,2019.0,nonautonomous,hold,0.26972336350838205,0.24464785139227024,0.31311365076170145,35
eol_collection,S_ref,2019.0,nonautonomous,mean5,0.2702171533897628,0.24749299127605207,0.31085945246042523,35
eol_collection,S_ref,2019.0,nonautonomous,trend20,0.26497667553905174,0.21946118347700655,0.36767126878424294,35
eol_collection,S_ref,2019.0,nonautonomous,trend50,0.26245450122071656,0.19763971270262332,0.47104552320464865,30
eol_collection,S_iu_short,1980.0,frozen,,0.1480287771766784,0.13952831288607945,0.15397290217107384,35
eol_collection,S_iu_short,1980.0,nonautonomous,hold,0.2045960059009848,0.20093030360318914,0.2100758558853842,35
eol_collection,S_iu_short,1980.0,nonautonomous,mean5,0.2044085602340632,0.20036715727427612,0.20933652835262367,35
eol_collection,S_iu_short,1980.0,nonautonomous,trend20,0.20507533593654984,0.19755224946638766,0.21388980858114137,35
eol_collection,S_iu_short,1980.0,nonautonomous,trend50,0.20207957798051285,0.19697711504460075,0.22661056385907685,30
eol_collection,S_iu_short,1981.0,frozen,,0.1689166458678005,0.16203664298449227,0.1773924427020362,35
eol_collection,S_iu_short,1981.0,nonautonomous,hold,0.2075793538728004,0.20427716104918275,0.21391283926091265,35
eol_collection,S_iu_short,1981.0,nonautonomous,mean5,0.2077274520993717,0.20439366527108938,0.21238861194193842,35
eol_collection,S_iu_short,1981.0,nonautonomous,trend20,0.20944416084994139,0.2007548891052105,0.21696272494528843,35
eol_collection,S_iu_short,1981.0,nonautonomous,trend50,0.2053045509528523,0.20015475263095195,0.23204928200837502,30
eol_collection,S_iu_short,1982.0,frozen,,0.18997560163455787,0.18372800966454034,0.20069480347379948,35
eol_collection,S_iu_short,1982.0,nonautonomous,hold,0.2094685486338806,0.20543005203753542,0.21534849457148303,35
eol_collection,S_iu_short,1982.0,nonautonomous,mean5,0.2097863254262149,0.2056005468577032,0.21435307771955178,35
eol_collection,S_iu_short,1982.0,nonautonomous,trend20,0.21087247159344408,0.20226380140336325,0.21936709799972165,35
eol_collection,S_iu_short,1982.0,nonautonomous,trend50,0.20678176020431463,0.2023052558649848,0.23385222080216672,30
eol_collection,S_iu_short,1983.0,frozen,,0.1684759332471915,0.16022819399141142,0.17719843499795987,35
eol_collection,S_iu_short,1983.0,nonautonomous,hold,0.21200067453989302,0.20664596013494024,0.2176865398750555,35
eol_collection,S_iu_short,1983.0,nonautonomous,mean5,0.21242016787336876,0.2063561435585089,0.21684822343911525,35
eol_collection,S_iu_short,1983.0,nonautonomous,trend20,0.2119165526804221,0.20439611504811628,0.22183076750451788,35
eol_collection,S_iu_short,1983.0,nonautonomous,trend50,0.20931738501108188,0.2042393484617386,0.2362952237043552,30
eol_collection,S_iu_short,1984.0,frozen,,0.1887390261789946,0.1838921691503106,0.1955746381730777,35
eol_collection,S_iu_short,1984.0,nonautonomous,hold,0.21381494924086708,0.20780127925856223,0.22070749562787628,35
eol_collection,S_iu_short,1984.0,nonautonomous,mean5,0.21492422937691552,0.207419485985807,0.21992531715530445,35
eol_collection,S_iu_short,1984.0,nonautonomous,trend20,0.2134299659705228,0.20644634205086387,0.22469577014244868,35
eol_collection,S_iu_short,1984.0,nonautonomous,trend50,0.21215128258024263,0.2058639488237823,0.23914199511438367,30
eol_collection,S_iu_short,1985.0,frozen,,0.17898446901354703,0.17422657745879144,0.18716932876275305,35
eol_collection,S_iu_short,1985.0,nonautonomous,hold,0.21508772072910293,0.20917338523063234,0.22328680738368753,35
eol_collection,S_iu_short,1985.0,nonautonomous,mean5,0.21717797310457201,0.20892555864365422,0.2225301400020805,35
eol_collection,S_iu_short,1985.0,nonautonomous,trend20,0.21545261358994205,0.20778252033895042,0.22749610939740006,35
eol_collection,S_iu_short,1985.0,nonautonomous,trend50,0.21413969377415387,0.20643218476308825,0.24196104624825732,30
eol_collection,S_iu_short,1986.0,frozen,,0.14484152103301406,0.13556842978619882,0.1558793250557075,35
eol_collection,S_iu_short,1986.0,nonautonomous,hold,0.21916604571641973,0.21320743329546382,0.22819472232978497,35
eol_collection,S_iu_short,1986.0,nonautonomous,mean5,0.22153388061453913,0.21330311486183057,0.2264331458771106,35
eol_collection,S_iu_short,1986.0,nonautonomous,trend20,0.21964877688984485,0.21109486005974193,0.2320215459373039,35
eol_collection,S_iu_short,1986.0,nonautonomous,trend50,0.21852466830360662,0.20976539866362146,0.2474505188258581,30
eol_collection,S_iu_short,1987.0,frozen,,0.11170548798752004,0.10656610087338543,0.11764259244249939,35
eol_collection,S_iu_short,1987.0,nonautonomous,hold,0.22770351704905306,0.22156377457116333,0.23666414132281552,35
eol_collection,S_iu_short,1987.0,nonautonomous,mean5,0.227720812235041,0.221516070736349,0.23390371530271037,35
eol_collection,S_iu_short,1987.0,nonautonomous,trend20,0.2281370319699595,0.21812199427313106,0.23990120288779868,35
eol_collection,S_iu_short,1987.0,nonautonomous,trend50,0.22580001754135579,0.21754048510844093,0.25702828833492253,30
eol_collection,S_iu_short,1988.0,frozen,,0.12452930437034011,0.12181374011847382,0.12897739890351734,35
eol_collection,S_iu_short,1988.0,nonautonomous,hold,0.23721373288594827,0.2318738858819494,0.24717849976796594,35
eol_collection,S_iu_short,1988.0,nonautonomous,mean5,0.2378305436116087,0.23129038690995302,0.24449413249854665,35
eol_collection,S_iu_short,1988.0,nonautonomous,trend20,0.23888244717519025,0.22723036706307798,0.25052916127839,35
eol_collection,S_iu_short,1988.0,nonautonomous,trend50,0.234862993008775,0.22676260259432185,0.2689364696283217,30
eol_collection,S_iu_short,1989.0,frozen,,0.16650888402185718,0.16164332860399536,0.17168636341930488,35
eol_collection,S_iu_short,1989.0,nonautonomous,hold,0.24535554950070804,0.2395182957803091,0.25629706979388234,35
eol_collection,S_iu_short,1989.0,nonautonomous,mean5,0.24638651080216778,0.2388821340525636,0.25351090510477314,35
eol_collection,S_iu_short,1989.0,nonautonomous,trend20,0.2471345526463271,0.23460294511713561,0.2600055759402726,35
eol_collection,S_iu_short,1989.0,nonautonomous,trend50,0.2428704983921517,0.23398224703197762,0.2786931238242285,30
eol_collection,S_iu_short,1990.0,frozen,,0.23409872044382551,0.22979147847811993,0.23995142697540753,35
eol_collection,S_iu_short,1990.0,nonautonomous,hold,0.24992568314033461,0.242779251213901,0.26130128974965383,35
eol_collection,S_iu_short,1990.0,nonautonomous,mean5,0.25031833898505074,0.24205534183607677,0.2583362210052939,35
eol_collection,S_iu_short,1990.0,nonautonomous,trend20,0.2503594647335887,0.2377618926928398,0.2642197236808422,35
eol_collection,S_iu_short,1990.0,nonautonomous,trend50,0.246721554133575,0.2366788584113102,0.2834950973316363,30
eol_collection,S_iu_short,1991.0,frozen,,0.21607031469676646,0.2075531882791412,0.21885299689846527,35
eol_collection,S_iu_short,1991.0,nonautonomous,hold,0.2523040179975079,0.24425141961889862,0.26406025976191183,35
eol_collection,S_iu_short,1991.0,nonautonomous,mean5,0.25254926439477643,0.24323634973715647,0.26072027109081586,35
eol_collection,S_iu_short,1991.0,nonautonomous,trend20,0.2514182990225994,0.23875247051237503,0.2664217984049064,35
eol_collection,S_iu_short,1991.0,nonautonomous,trend50,0.24867899696556023,0.2374036308025982,0.2861918572135358,30
eol_collection,S_iu_short,1992.0,frozen,,0.23047539418351368,0.22656908105520931,0.23614135017334742,35
eol_collection,S_iu_short,1992.0,nonautonomous,hold,0.2545095313581036,0.24590215416480196,0.26698926677763335,35
eol_collection,S_iu_short,1992.0,nonautonomous,mean5,0.2552609373570298,0.24506190379672438,0.26336269104532467,35
eol_collection,S_iu_short,1992.0,nonautonomous,trend20,0.2531988555933241,0.24007804653275489,0.2692009681163878,35
eol_collection,S_iu_short,1992.0,nonautonomous,trend50,0.25124157497957933,0.2391660537429891,0.28953973841876324,30
eol_collection,S_iu_short,1993.0,frozen,,0.2005206417316461,0.19474461513377564,0.20650809147925991,35
eol_collection,S_iu_short,1993.0,nonautonomous,hold,0.25693356585282046,0.24829490406642835,0.2704663347788264,35
eol_collection,S_iu_short,1993.0,nonautonomous,mean5,0.2582578274726867,0.24725098362880354,0.2673254683602013,35
eol_collection,S_iu_short,1993.0,nonautonomous,trend20,0.2553588938777938,0.24226624851571804,0.27339077366577824,35
eol_collection,S_iu_short,1993.0,nonautonomous,trend50,0.2545457301764818,0.24164211359277205,0.29439029760941793,30
eol_collection,S_iu_short,1994.0,frozen,,0.1809023325663809,0.17748143353642126,0.18682989383915666,35
eol_collection,S_iu_short,1994.0,nonautonomous,hold,0.26162303458533087,0.2533753485944401,0.2765970418394016,35
eol_collection,S_iu_short,1994.0,nonautonomous,mean5,0.2641065762378129,0.2514972614356245,0.2729414967853808,35
eol_collection,S_iu_short,1994.0,nonautonomous,trend20,0.2598873631165724,0.24658224431940864,0.2790425115921783,35
eol_collection,S_iu_short,1994.0,nonautonomous,trend50,0.2600814925040996,0.24587589958694514,0.30232989865104204,30
eol_collection,S_iu_short,1995.0,frozen,,0.18269454349889178,0.1768492217364579,0.1867291424349753,35
eol_collection,S_iu_short,1995.0,nonautonomous,hold,0.2688718383265287,0.2592999604386136,0.2847754326012713,35
eol_collection,S_iu_short,1995.0,nonautonomous,mean5,0.2717699660283531,0.2573820417292864,0.2802229554854735,35
eol_collection,S_iu_short,1995.0,nonautonomous,trend20,0.2663013499457302,0.25217529887979506,0.28634409288578344,35
eol_collection,S_iu_short,1995.0,nonautonomous,trend50,0.2670306439743261,0.25102495210140713,0.3114354802576366,30
eol_collection,S_iu_short,1996.0,frozen,,0.2089167948128254,0.20444409800307967,0.21468825984516327,35
eol_collection,S_iu_short,1996.0,nonautonomous,hold,0.2758395683741539,0.2649325549304976,0.2925916343170737,35
eol_collection,S_iu_short,1996.0,nonautonomous,mean5,0.2782037738428723,0.2622046602249434,0.2877143381041053,35
eol_collection,S_iu_short,1996.0,nonautonomous,trend20,0.2720621780689508,0.2570088271417208,0.2936132265468421,35
eol_collection,S_iu_short,1996.0,nonautonomous,trend50,0.2730247089050646,0.25591352851760685,0.32007697639047955,30
eol_collection,S_iu_short,1997.0,frozen,,0.23852025764912682,0.22994922447618005,0.24641535154432864,35
eol_collection,S_iu_short,1997.0,nonautonomous,hold,0.2798150992644429,0.26802716552141126,0.2980020962725499,35
eol_collection,S_iu_short,1997.0,nonautonomous,mean5,0.28196557198515443,0.26567406677282424,0.2929751996183042,35
eol_collection,S_iu_short,1997.0,nonautonomous,trend20,0.27565377743737113,0.2603036253048271,0.2992815439722971,35
eol_collection,S_iu_short,1997.0,nonautonomous,trend50,0.2773619464302404,0.25873251235844297,0.32668670463997024,30
eol_collection,S_iu_short,1998.0,frozen,,0.2340207966204711,0.22424468032103578,0.23975074032728033,35
eol_collection,S_iu_short,1998.0,nonautonomous,hold,0.2829666206688043,0.27010212608645595,0.3022165880296682,35
eol_collection,S_iu_short,1998.0,nonautonomous,mean5,0.285999519789875,0.26867269705707786,0.297234352174638,35
eol_collection,S_iu_short,1998.0,nonautonomous,trend20,0.27848241766912674,0.2631696730390587,0.3039724841960036,35
eol_collection,S_iu_short,1998.0,nonautonomous,trend50,0.2818531213661052,0.2608890258597887,0.33241947681533907,30
eol_collection,S_iu_short,1999.0,frozen,,0.2080522528256466,0.2011918306896026,0.21597938297406927,35
eol_collection,S_iu_short,1999.0,nonautonomous,hold,0.2875994017212875,0.27411921184006893,0.30775368576189543,35
eol_collection,S_iu_short,1999.0,nonautonomous,mean5,0.29096857668632375,0.27271566826725246,0.3033900708723365,35
eol_collection,S_iu_short,1999.0,nonautonomous,trend20,0.2833643195857605,0.2670959748419054,0.30960808010222096,35
eol_collection,S_iu_short,1999.0,nonautonomous,trend50,0.2876322848880237,0.26472567257279356,0.3395133286092394,30
eol_collection,S_iu_short,2000.0,frozen,,0.2521405463188672,0.24546281575361512,0.2657579182786366,35
eol_collection,S_iu_short,2000.0,nonautonomous,hold,0.2913905761079172,0.27781749666493094,0.3131980525846113,35
eol_collection,S_iu_short,2000.0,nonautonomous,mean5,0.2966576358731404,0.27650462326978875,0.309540794055681,35
eol_collection,S_iu_short,2000.0,nonautonomous,trend20,0.28829827467242336,0.2696363398556703,0.3154851517473036,35
eol_collection,S_iu_short,2000.0,nonautonomous,trend50,0.29216568023543044,0.2664628622896023,0.34700315927267744,30
eol_collection,S_iu_short,2001.0,frozen,,0.2914136858883569,0.28271177218607757,0.302036789622802,35
eol_collection,S_iu_short,2001.0,nonautonomous,hold,0.29281268356401136,0.2771970765763291,0.31628491465801767,35
eol_collection,S_iu_short,2001.0,nonautonomous,mean5,0.29860854306768736,0.27626794346663636,0.3131641389474405,35
eol_collection,S_iu_short,2001.0,nonautonomous,trend20,0.2894987284890186,0.268855777686843,0.3189894452348482,35
eol_collection,S_iu_short,2001.0,nonautonomous,trend50,0.29323001422587025,0.26385574006651064,0.352165914439468,30
eol_collection,S_iu_short,2002.0,frozen,,0.2764145011012254,0.26877277985352654,0.2910358361337302,35
eol_collection,S_iu_short,2002.0,nonautonomous,hold,0.29372762556623305,0.27530346399269723,0.31921109261127406,35
eol_collection,S_iu_short,2002.0,nonautonomous,mean5,0.3000898394015531,0.27537100336675124,0.31578857325766735,35
eol_collection,S_iu_short,2002.0,nonautonomous,trend20,0.28865213270634255,0.26888922009912986,0.3222824611302143,35
eol_collection,S_iu_short,2002.0,nonautonomous,trend50,0.29374691066410097,0.26093903975495014,0.35631562032863967,30
eol_collection,S_iu_short,2003.0,frozen,,0.23250308074606982,0.22124367349971225,0.24937474696606585,35
eol_collection,S_iu_short,2003.0,nonautonomous,hold,0.29769035609776384,0.2763250003673499,0.3251942313595272,35
eol_collection,S_iu_short,2003.0,nonautonomous,mean5,0.30206751025833306,0.277345834179308,0.32020789494252544,35
eol_collection,S_iu_short,2003.0,nonautonomous,trend20,0.29050420762558393,0.27076358955042434,0.32737511494007554,35
eol_collection,S_iu_short,2003.0,nonautonomous,trend50,0.2970439983109858,0.26233085389247746,0.36193167059590803,30
eol_collection,S_iu_short,2004.0,frozen,,0.24949401995236756,0.23305417894950847,0.26628177451170876,35
eol_collection,S_iu_short,2004.0,nonautonomous,hold,0.30154889698987886,0.2796305260192834,0.33387340064722393,35
eol_collection,S_iu_short,2004.0,nonautonomous,mean5,0.3058490591838159,0.2812199967677251,0.3261376491316594,35
eol_collection,S_iu_short,2004.0,nonautonomous,trend20,0.2972831783930941,0.27291661828548974,0.334427698287442,35
eol_collection,S_iu_short,2004.0,nonautonomous,trend50,0.30174016221063926,0.2649180341994972,0.3681065610419273,30
eol_collection,S_iu_short,2005.0,frozen,,0.27287304958877145,0.266670274310003,0.28799697824331094,35
eol_collection,S_iu_short,2005.0,nonautonomous,hold,0.3061222175374733,0.2835727287360965,0.3395459695688651,35
eol_collection,S_iu_short,2005.0,nonautonomous,mean5,0.30904325173580455,0.28321440805939263,0.3308716728831951,35
eol_collection,S_iu_short,2005.0,nonautonomous,trend20,0.3029850345576463,0.274848617475857,0.3401177842684931,35
eol_collection,S_iu_short,2005.0,nonautonomous,trend50,0.304317652312182,0.2672117935631205,0.37221369567131024,30
eol_collection,S_iu_short,2006.0,frozen,,0.29675227489901623,0.28184221616942884,0.3278862759863254,35
eol_collection,S_iu_short,2006.0,nonautonomous,hold,0.3082414420234634,0.2858630449743279,0.34307050821389906,35
eol_collection,S_iu_short,2006.0,nonautonomous,mean5,0.31220385069286316,0.28186297679556804,0.3338229441149117,35
eol_collection,S_iu_short,2006.0,nonautonomous,trend20,0.3008645723571813,0.2760516247892823,0.34323777951305157,35
eol_collection,S_iu_short,2006.0,nonautonomous,trend50,0.3048320086939723,0.2679057090677245,0.3743043778019287,30
eol_collection,S_iu_short,2007.0,frozen,,0.3211943591430494,0.30420893200454624,0.35999658412682134,35
eol_collection,S_iu_short,2007.0,nonautonomous,hold,0.30639766143786484,0.2851044458207448,0.3430429580686297,35
eol_collection,S_iu_short,2007.0,nonautonomous,mean5,0.3137946269168029,0.2777509565050854,0.33485865391733705,35
eol_collection,S_iu_short,2007.0,nonautonomous,trend20,0.3006721632597488,0.2744777435442316,0.3438614925938027,35
eol_collection,S_iu_short,2007.0,nonautonomous,trend50,0.3039544848474237,0.26564137748316863,0.3751943043310803,30
eol_collection,S_iu_short,2008.0,frozen,,0.36129706013780805,0.29758020595486995,0.4180818167741971,35
eol_collection,S_iu_short,2008.0,nonautonomous,hold,0.3036533710600796,0.277269332319382,0.33870435905145274,35
eol_collection,S_iu_short,2008.0,nonautonomous,mean5,0.31040351508678693,0.2720831015958476,0.3340991762733302,35
eol_collection,S_iu_short,2008.0,nonautonomous,trend20,0.2972909466306006,0.2700441691566421,0.34173074606707976,35
eol_collection,S_iu_short,2008.0,nonautonomous,trend50,0.3010017389428555,0.26177019770243637,0.3786429786306164,30
eol_collection,S_iu_short,2009.0,frozen,,0.3399396950864363,0.2888704902328553,0.3965441267569919,35
eol_collection,S_iu_short,2009.0,nonautonomous,hold,0.297773932660783,0.2732651116931105,0.33476268278659627,35
eol_collection,S_iu_short,2009.0,nonautonomous,mean5,0.3027854294458441,0.2699382635506629,0.330820552166474,35
eol_collection,S_iu_short,2009.0,nonautonomous,trend20,0.29407851640167115,0.26399741340409083,0.34136901141828585,35
eol_collection,S_iu_short,2009.0,nonautonomous,trend50,0.29789492792064914,0.26002342280618584,0.3838719753906825,30
eol_collection,S_iu_short,2010.0,frozen,,0.274769036156518,0.25818749472342795,0.31330981124370993,35
eol_collection,S_iu_short,2010.0,nonautonomous,hold,0.2987176006446566,0.27043092661048734,0.3349833117265536,35
eol_collection,S_iu_short,2010.0,nonautonomous,mean5,0.3036469910211762,0.2687487748720808,0.33078160455979716,35
eol_collection,S_iu_short,2010.0,nonautonomous,trend20,0.29538903788799853,0.2616667719058954,0.34420140227999735,35
eol_collection,S_iu_short,2010.0,nonautonomous,trend50,0.29840611534317185,0.25827038482489373,0.39106105237331645,30
eol_collection,S_iu_short,2011.0,frozen,,0.30160528319031416,0.256318940814266,0.34329821373906,35
eol_collection,S_iu_short,2011.0,nonautonomous,hold,0.2983244402450327,0.27027763313097874,0.3369247658774416,35
eol_collection,S_iu_short,2011.0,nonautonomous,mean5,0.3033155806083474,0.2688857099538793,0.3328117825790713,35
eol_collection,S_iu_short,2011.0,nonautonomous,trend20,0.2951166341232047,0.2579494304111145,0.3437848856214204,35
eol_collection,S_iu_short,2011.0,nonautonomous,trend50,0.2987985791773805,0.2578693267698228,0.40146580085823336,30
eol_collection,S_iu_short,2012.0,frozen,,0.30003423757382114,0.26632488790308273,0.33408597002450374,35
eol_collection,S_iu_short,2012.0,nonautonomous,hold,0.29760907214847787,0.27007360622627397,0.33809561115593434,35
eol_collection,S_iu_short,2012.0,nonautonomous,mean5,0.3000467210846569,0.26833516624863396,0.3359480644705489,35
eol_collection,S_iu_short,2012.0,nonautonomous,trend20,0.2944321741909337,0.257649422106142,0.3478363849920079,35
eol_collection,S_iu_short,2012.0,nonautonomous,trend50,0.2974589441513269,0.25615274168744806,0.41031133521564217,30
eol_collection,S_iu_short,2013.0,frozen,,0.31092350320955886,0.27267851247629415,0.33457366770792346,35
eol_collection,S_iu_short,2013.0,nonautonomous,hold,0.2975591126295015,0.2692332242626781,0.3398959157180663,35
eol_collection,S_iu_short,2013.0,nonautonomous,mean5,0.2995085345880216,0.268562192892175,0.3372937892857929,35
eol_collection,S_iu_short,2013.0,nonautonomous,trend20,0.29320771844627874,0.2581884362071437,0.35281389893917103,35
eol_collection,S_iu_short,2013.0,nonautonomous,trend50,0.2903298463441534,0.2547747155224861,0.41736202756096213,30
eol_collection,S_iu_short,2014.0,frozen,,0.3193059113662442,0.27615615066745614,0.3515992731006099,35
eol_collection,S_iu_short,2014.0,nonautonomous,hold,0.296705509849307,0.26861653222696785,0.3410205160519325,35
eol_collection,S_iu_short,2014.0,nonautonomous,mean5,0.2968419169543959,0.26872232289216846,0.337343405669455,35
eol_collection,S_iu_short,2014.0,nonautonomous,trend20,0.29774838146738913,0.25766689795119124,0.35738241564373685,35
eol_collection,S_iu_short,2014.0,nonautonomous,trend50,0.28576406249902603,0.25335357388738977,0.42376702029663815,30
eol_collection,S_iu_short,2015.0,frozen,,0.31682825942977866,0.2822006676072106,0.3655033481844613,35
eol_collection,S_iu_short,2015.0,nonautonomous,hold,0.2967971885281997,0.2669926659994084,0.3405435801347714,35
eol_collection,S_iu_short,2015.0,nonautonomous,mean5,0.29203164877589927,0.26834813414232983,0.33512639701797897,35
eol_collection,S_iu_short,2015.0,nonautonomous,trend20,0.2926636394587927,0.2569381232347421,0.35928866782485036,35
eol_collection,S_iu_short,2015.0,nonautonomous,trend50,0.2840603601730447,0.25366811459915106,0.428273221179563,30
eol_collection,S_iu_short,2016.0,frozen,,0.29409024920902627,0.2577732084894433,0.32454128564011353,35
eol_collection,S_iu_short,2016.0,nonautonomous,hold,0.295139594037789,0.2657080752926337,0.3415044015464893,35
eol_collection,S_iu_short,2016.0,nonautonomous,mean5,0.2919815735606488,0.2680549786953838,0.33343809144418857,35
eol_collection,S_iu_short,2016.0,nonautonomous,trend20,0.28730700363239464,0.256956465244091,0.3618055992189252,35
eol_collection,S_iu_short,2016.0,nonautonomous,trend50,0.28412815523533286,0.2532036261665988,0.4343442007925248,30
eol_collection,S_iu_short,2017.0,frozen,,0.27624871527440414,0.26149264510854014,0.3146457723432685,35
eol_collection,S_iu_short,2017.0,nonautonomous,hold,0.294663803391921,0.26584228162260337,0.34261406587615684,35
eol_collection,S_iu_short,2017.0,nonautonomous,mean5,0.29297092790080237,0.26878258809087896,0.3346944875369342,35
eol_collection,S_iu_short,2017.0,nonautonomous,trend20,0.2912601547097412,0.25535129515459265,0.36546145311072464,35
eol_collection,S_iu_short,2017.0,nonautonomous,trend50,0.2832694835631339,0.24989331529806372,0.4427336984212786,30
eol_collection,S_iu_short,2018.0,frozen,,0.30994178674277456,0.27247267927122376,0.34023734606740896,35
eol_collection,S_iu_short,2018.0,nonautonomous,hold,0.2936992547784896,0.2665455796576367,0.3421629708012155,35
eol_collection,S_iu_short,2018.0,nonautonomous,mean5,0.29367684798918947,0.2688145987123982,0.3360109235941653,35
eol_collection,S_iu_short,2018.0,nonautonomous,trend20,0.2914468882555774,0.251715082348964,0.36826857644879174,35
eol_collection,S_iu_short,2018.0,nonautonomous,trend50,0.2841711055617673,0.2429752263459169,0.4499109801071252,30
eol_collection,S_iu_short,2019.0,frozen,,0.2929026898271487,0.26635966526672844,0.34089877404712177,35
eol_collection,S_iu_short,2019.0,nonautonomous,hold,0.2929026898271487,0.26635966526672844,0.34089877404712177,35
eol_collection,S_iu_short,2019.0,nonautonomous,mean5,0.292901501895076,0.2688765263779712,0.3370513055631862,35
eol_collection,S_iu_short,2019.0,nonautonomous,trend20,0.2902227625666383,0.24959083587548855,0.3711670353408776,35
eol_collection,S_iu_short,2019.0,nonautonomous,trend50,0.2843799863670704,0.24014452558981458,0.45725101908336246,30
eol_collection,S_iu_med,1980.0,frozen,,0.1480287771766784,0.13952831288607942,0.15397290217107384,35
eol_collection,S_iu_med,1980.0,nonautonomous,hold,0.23312979992548233,0.22310423147854117,0.24624872844711648,35
eol_collection,S_iu_med,1980.0,nonautonomous,mean5,0.2329276742956308,0.2224484954359772,0.2429774930041237,35
eol_collection,S_iu_med,1980.0,nonautonomous,trend20,0.23305109481593572,0.2173728159699258,0.253523154985094,35
eol_collection,S_iu_med,1980.0,nonautonomous,trend50,0.22721669746585005,0.21633935783709746,0.2849790085588648,30
eol_collection,S_iu_med,1981.0,frozen,,0.1689166458678005,0.16203664298449227,0.17739244270203622,35
eol_collection,S_iu_med,1981.0,nonautonomous,hold,0.23643566750035727,0.22597186952002168,0.2494797156402796,35
eol_collection,S_iu_med,1981.0,nonautonomous,mean5,0.23622525857383947,0.2253235542964087,0.24621231757586112,35
eol_collection,S_iu_med,1981.0,nonautonomous,trend20,0.23625309131984104,0.2201209664500234,0.25744015731183845,35
eol_collection,S_iu_med,1981.0,nonautonomous,trend50,0.2300027999984868,0.21890408484294152,0.2899362612260602,30
eol_collection,S_iu_med,1982.0,frozen,,0.1899756016345579,0.18372800966454036,0.20069480347379948,35
eol_collection,S_iu_med,1982.0,nonautonomous,hold,0.23878910726065122,0.2278021231849734,0.25200004323924863,35
eol_collection,S_iu_med,1982.0,nonautonomous,mean5,0.23838334183641768,0.22710212477793196,0.2489120827384864,35
eol_collection,S_iu_med,1982.0,nonautonomous,trend20,0.23877047659044923,0.2217648417836515,0.26047518686242144,35
eol_collection,S_iu_med,1982.0,nonautonomous,trend50,0.23188538097430875,0.2208109788723164,0.29377984541356245,30
eol_collection,S_iu_med,1983.0,frozen,,0.1684759332471915,0.16022819399141142,0.17719843499795987,35
eol_collection,S_iu_med,1983.0,nonautonomous,hold,0.24055056991195162,0.22948678501486267,0.2550253364257042,35
eol_collection,S_iu_med,1983.0,nonautonomous,mean5,0.24103115480048495,0.22864887365592934,0.25200254560097546,35
eol_collection,S_iu_med,1983.0,nonautonomous,trend20,0.24149168051067268,0.22329056443558887,0.2640509211026383,35
eol_collection,S_iu_med,1983.0,nonautonomous,trend50,0.2336403176831267,0.22250271397695248,0.2980486439744798,30
eol_collection,S_iu_med,1984.0,frozen,,0.18873902617899457,0.18389216915031054,0.19557463817307766,35
eol_collection,S_iu_med,1984.0,nonautonomous,hold,0.24291870109834562,0.2311887356670123,0.2583752802143289,35
eol_collection,S_iu_med,1984.0,nonautonomous,mean5,0.2439000558431973,0.23043507589147508,0.2549788613105428,35
eol_collection,S_iu_med,1984.0,nonautonomous,trend20,0.24431406214105958,0.2249010759163122,0.2677176119726997,35
eol_collection,S_iu_med,1984.0,nonautonomous,trend50,0.23550905468629207,0.22425140979359248,0.3025977542439521,30
eol_collection,S_iu_med,1985.0,frozen,,0.17898446901354706,0.17422657745879144,0.18716932876275305,35
eol_collection,S_iu_med,1985.0,nonautonomous,hold,0.24519363036033776,0.23305272950011827,0.2615825425547981,35
eol_collection,S_iu_med,1985.0,nonautonomous,mean5,0.24636838926958612,0.23229558164561825,0.2577516625540176,35
eol_collection,S_iu_med,1985.0,nonautonomous,trend20,0.24681930268622226,0.22644038257455146,0.27126154438579997,35
eol_collection,S_iu_med,1985.0,nonautonomous,trend50,0.2375577605681142,0.2256215700078305,0.3072291730422286,30
eol_collection,S_iu_med,1986.0,frozen,,0.14484152103301406,0.13556842978619882,0.15587932505570753,35
eol_collection,S_iu_med,1986.0,nonautonomous,hold,0.2487356640673507,0.23632935076749761,0.2659661061245748,35
eol_collection,S_iu_med,1986.0,nonautonomous,mean5,0.24959761135169967,0.2355406200441713,0.2616190310560512,35
eol_collection,S_iu_med,1986.0,nonautonomous,trend20,0.2505051302749389,0.22937795194169497,0.27581864753032803,35
eol_collection,S_iu_med,1986.0,nonautonomous,trend50,0.24103024220040875,0.22808035550787276,0.3132576818233975,30
eol_collection,S_iu_med,1987.0,frozen,,0.11170548798752002,0.10656610087338543,0.11764259244249939,35
eol_collection,S_iu_med,1987.0,nonautonomous,hold,0.2544202350136504,0.24173378261144846,0.27203774958850474,35
eol_collection,S_iu_med,1987.0,nonautonomous,mean5,0.25443954183195294,0.24091041435396848,0.26748574559390687,35
eol_collection,S_iu_med,1987.0,nonautonomous,trend20,0.25622714303000266,0.23455203704409727,0.2817006702794773,35
eol_collection,S_iu_med,1987.0,nonautonomous,trend50,0.24638909711560772,0.23269015840917623,0.321309163893594,30
eol_collection,S_iu_med,1988.0,frozen,,0.12452930437034014,0.12181374011847382,0.1289773989035173,35
eol_collection,S_iu_med,1988.0,nonautonomous,hold,0.2604198647073446,0.24778967609341312,0.27897551860279235,35
eol_collection,S_iu_med,1988.0,nonautonomous,mean5,0.26049771248550546,0.24692941602749652,0.2744249364019242,35
eol_collection,S_iu_med,1988.0,nonautonomous,trend20,0.26224385729264466,0.24010611411964805,0.28902694299742654,35
eol_collection,S_iu_med,1988.0,nonautonomous,trend50,0.2523708389598922,0.23796977760793886,0.33040706741694814,30
eol_collection,S_iu_med,1989.0,frozen,,0.1665088840218572,0.16164332860399533,0.17168636341930488,35
eol_collection,S_iu_med,1989.0,nonautonomous,hold,0.26557517040504197,0.2523636616724536,0.28504248319585046,35
eol_collection,S_iu_med,1989.0,nonautonomous,mean5,0.2657071374566288,0.25141653904647987,0.28015533320943276,35
eol_collection,S_iu_med,1989.0,nonautonomous,trend20,0.267333683773739,0.24461289863730473,0.29560909476415953,35
eol_collection,S_iu_med,1989.0,nonautonomous,trend50,0.25735613037495253,0.24208408748438848,0.33830427137225105,30
eol_collection,S_iu_med,1990.0,frozen,,0.23409872044382554,0.22979147847811993,0.23995142697540756,35
eol_collection,S_iu_med,1990.0,nonautonomous,hold,0.2688253078850525,0.25441464747277565,0.28922641741138744,35
eol_collection,S_iu_med,1990.0,nonautonomous,mean5,0.26841711613798314,0.25348150714232526,0.28378857389159484,35
eol_collection,S_iu_med,1990.0,nonautonomous,trend20,0.2704594414756515,0.24683476979883856,0.29947762194081523,35
eol_collection,S_iu_med,1990.0,nonautonomous,trend50,0.25999415266273107,0.24381332533866196,0.3436881411620929,30
eol_collection,S_iu_med,1991.0,frozen,,0.21607031469676652,0.2075531882791412,0.21885299689846527,35
eol_collection,S_iu_med,1991.0,nonautonomous,hold,0.2709577064441322,0.2556171745546977,0.2923055265031558,35
eol_collection,S_iu_med,1991.0,nonautonomous,mean5,0.27011133344268085,0.2546477336261422,0.28637679932569576,35
eol_collection,S_iu_med,1991.0,nonautonomous,trend20,0.2723416746589216,0.24790212697023709,0.30228328774822444,35
eol_collection,S_iu_med,1991.0,nonautonomous,trend50,0.2616729179208974,0.24452798038751333,0.3480920537507478,30
eol_collection,S_iu_med,1992.0,frozen,,0.2304753941835137,0.22656908105520934,0.23614135017334742,35
eol_collection,S_iu_med,1992.0,nonautonomous,hold,0.272983463990469,0.25714212160165073,0.29513756960100346,35
eol_collection,S_iu_med,1992.0,nonautonomous,mean5,0.2720335776001987,0.2561345435947403,0.28904162610780915,35
eol_collection,S_iu_med,1992.0,nonautonomous,trend20,0.27425380699069235,0.24912767532173227,0.30526225266759915,35
eol_collection,S_iu_med,1992.0,nonautonomous,trend50,0.2632676128006376,0.24555597851734767,0.3528962053213624,30
eol_collection,S_iu_med,1993.0,frozen,,0.20052064173164613,0.1947446151337756,0.20650809147925994,35
eol_collection,S_iu_med,1993.0,nonautonomous,hold,0.2751183462890475,0.2590237431592957,0.29827594395707985,35
eol_collection,S_iu_med,1993.0,nonautonomous,mean5,0.27464674293893365,0.25780028892906476,0.292194034883605,35
eol_collection,S_iu_med,1993.0,nonautonomous,trend20,0.2764939539690461,0.2507012607778486,0.30868557047462764,35
eol_collection,S_iu_med,1993.0,nonautonomous,trend50,0.26541868667130053,0.24696563425348445,0.3585156767076382,30
eol_collection,S_iu_med,1994.0,frozen,,0.1809023325663809,0.1774814335364212,0.18682989383915666,35
eol_collection,S_iu_med,1994.0,nonautonomous,hold,0.27825493550718455,0.2618717872058013,0.30245981377137054,35
eol_collection,S_iu_med,1994.0,nonautonomous,mean5,0.27823281436923725,0.26034451699105965,0.2962568550985435,35
eol_collection,S_iu_med,1994.0,nonautonomous,trend20,0.27977238551154715,0.25324908567697535,0.3134657243644199,35
eol_collection,S_iu_med,1994.0,nonautonomous,trend50,0.2687930045232284,0.2493744645238412,0.36567803414795674,30
eol_collection,S_iu_med,1995.0,frozen,,0.18269454349889178,0.1768492217364579,0.1867291424349753,35
eol_collection,S_iu_med,1995.0,nonautonomous,hold,0.2821934313315167,0.26506212116683314,0.30748202424493887,35
eol_collection,S_iu_med,1995.0,nonautonomous,mean5,0.2823506775579547,0.2634580013519542,0.30120183446892845,35
eol_collection,S_iu_med,1995.0,nonautonomous,trend20,0.28380128055570664,0.25607938710417055,0.31909473723257054,35
eol_collection,S_iu_med,1995.0,nonautonomous,trend50,0.27254696426525643,0.2522341584276958,0.373362140733446,30
eol_collection,S_iu_med,1996.0,frozen,,0.2089167948128254,0.20444409800307967,0.21468825984516327,35
eol_collection,S_iu_med,1996.0,nonautonomous,hold,0.2862255341846429,0.26794429296382827,0.3122127928423768,35
eol_collection,S_iu_med,1996.0,nonautonomous,mean5,0.28576539512006544,0.2662371224429643,0.3060103750981593,35
eol_collection,S_iu_med,1996.0,nonautonomous,trend20,0.2875180368233849,0.25867353800843923,0.32412440328607794,35
eol_collection,S_iu_med,1996.0,nonautonomous,trend50,0.2758980057898692,0.2548314023613038,0.3806424703346996,30
eol_collection,S_iu_med,1997.0,frozen,,0.23852025764912682,0.22994922447618005,0.24641535154432864,35
eol_collection,S_iu_med,1997.0,nonautonomous,hold,0.28921014053196137,0.2695527042717251,0.3157433233003309,35
eol_collection,S_iu_med,1997.0,nonautonomous,mean5,0.288111426807668,0.26805028609800996,0.3095062612626291,35
eol_collection,S_iu_med,1997.0,nonautonomous,trend20,0.2897185995432484,0.2599053411032534,0.3282673055276049,35
eol_collection,S_iu_med,1997.0,nonautonomous,trend50,0.27764965662438346,0.2563489160797549,0.387052212065344,30
eol_collection,S_iu_med,1998.0,frozen,,0.23402079662047112,0.22424468032103578,0.23975074032728033,35
eol_collection,S_iu_med,1998.0,nonautonomous,hold,0.2914563521063852,0.2706451512921157,0.3187074216353491,35
eol_collection,S_iu_med,1998.0,nonautonomous,mean5,0.290193424326384,0.26947265551803623,0.3124308473010231,35
eol_collection,S_iu_med,1998.0,nonautonomous,trend20,0.2908134537861544,0.2606210199979599,0.33235027153906366,35
eol_collection,S_iu_med,1998.0,nonautonomous,trend50,0.2798551322947305,0.25705536167294113,0.39263052106683116,30
eol_collection,S_iu_med,1999.0,frozen,,0.20805225282564657,0.2011918306896026,0.2159793829740693,35
eol_collection,S_iu_med,1999.0,nonautonomous,hold,0.29402119646325675,0.2728533847374024,0.32225600220057415,35
eol_collection,S_iu_med,1999.0,nonautonomous,mean5,0.2934374317253976,0.27178117702884586,0.3162162106831316,35
eol_collection,S_iu_med,1999.0,nonautonomous,trend20,0.2932989312301963,0.2623288723214401,0.33693752572676505,35
eol_collection,S_iu_med,1999.0,nonautonomous,trend50,0.2825792564714573,0.2584352322239749,0.3991606687705621,30
eol_collection,S_iu_med,2000.0,frozen,,0.25214054631886723,0.24546281575361512,0.2657579182786366,35
eol_collection,S_iu_med,2000.0,nonautonomous,hold,0.2959590241047638,0.2745803140176111,0.32564704960496427,35
eol_collection,S_iu_med,2000.0,nonautonomous,mean5,0.29626463024219774,0.2729455016641777,0.32029603354872827,35
eol_collection,S_iu_med,2000.0,nonautonomous,trend20,0.2962000992852857,0.26300823801382883,0.34137127430119585,35
eol_collection,S_iu_med,2000.0,nonautonomous,trend50,0.2844394980743663,0.25982363075356735,0.4060123155263344,30
eol_collection,S_iu_med,2001.0,frozen,,0.291413685888357,0.2827117721860775,0.302036789622802,35
eol_collection,S_iu_med,2001.0,nonautonomous,hold,0.2962624743350342,0.27422350026324277,0.3277849550999234,35
eol_collection,S_iu_med,2001.0,nonautonomous,mean5,0.29739130786679563,0.27201090682702966,0.3227318232574272,35
eol_collection,S_iu_med,2001.0,nonautonomous,trend20,0.2972301705349159,0.2617150921283148,0.3446966203025915,35
eol_collection,S_iu_med,2001.0,nonautonomous,trend50,0.2845345443173098,0.25931619009359774,0.4112566377098003,30
eol_collection,S_iu_med,2002.0,frozen,,0.2764145011012254,0.26877277985352654,0.29103583613373013,35
eol_collection,S_iu_med,2002.0,nonautonomous,hold,0.296528640214477,0.2731471278628402,0.32980448443537935,35
eol_collection,S_iu_med,2002.0,nonautonomous,mean5,0.29865254310514766,0.2713575925305274,0.32426516290956786,35
eol_collection,S_iu_med,2002.0,nonautonomous,trend20,0.29793317861521346,0.2601563266499636,0.3473098165694406,35
eol_collection,S_iu_med,2002.0,nonautonomous,trend50,0.284383091361101,0.25787768911105274,0.41560356283605193,30
eol_collection,S_iu_med,2003.0,frozen,,0.2325030807460698,0.2212436734997123,0.24937474696606587,35
eol_collection,S_iu_med,2003.0,nonautonomous,hold,0.2985919477494859,0.2737286946302854,0.33327226388129616,35
eol_collection,S_iu_med,2003.0,nonautonomous,mean5,0.3003417830093983,0.27218020310507507,0.32647411208108035,35
eol_collection,S_iu_med,2003.0,nonautonomous,trend20,0.3004734518108175,0.2603513385518096,0.35067969936033305,35
eol_collection,S_iu_med,2003.0,nonautonomous,trend50,0.28569492889136117,0.2573964480063629,0.4210204414493689,30
eol_collection,S_iu_med,2004.0,frozen,,0.24949401995236756,0.23305417894950844,0.2662817745117087,35
eol_collection,S_iu_med,2004.0,nonautonomous,hold,0.3017836207772295,0.2760628232254114,0.3379179741506325,35
eol_collection,S_iu_med,2004.0,nonautonomous,mean5,0.3019568871005601,0.2744512423123724,0.32968521996569405,35
eol_collection,S_iu_med,2004.0,nonautonomous,trend20,0.3038240247929581,0.26193198318312466,0.3548964824809654,35
eol_collection,S_iu_med,2004.0,nonautonomous,trend50,0.28814030819676867,0.2576972156480979,0.4274730889876952,30
eol_collection,S_iu_med,2005.0,frozen,,0.27287304958877145,0.266670274310003,0.28799697824331094,35
eol_collection,S_iu_med,2005.0,nonautonomous,hold,0.30398994941059837,0.27777507662723117,0.3416116327381938,35
eol_collection,S_iu_med,2005.0,nonautonomous,mean5,0.30241572554441604,0.2757249514217312,0.3321684052809384,35
eol_collection,S_iu_med,2005.0,nonautonomous,trend20,0.3062532705884643,0.26294516690701725,0.3579875910239284,35
eol_collection,S_iu_med,2005.0,nonautonomous,trend50,0.2889944128106712,0.2576283652723461,0.433769262179564,30
eol_collection,S_iu_med,2006.0,frozen,,0.2967522748990162,0.28184221616942884,0.32788627598632547,35
eol_collection,S_iu_med,2006.0,nonautonomous,hold,0.30490209645427363,0.27756867481719993,0.3431534308586174,35
eol_collection,S_iu_med,2006.0,nonautonomous,mean5,0.30313354355804556,0.27495734882613465,0.33367100315942955,35
eol_collection,S_iu_med,2006.0,nonautonomous,trend20,0.30652214697997104,0.26341258579719135,0.3600340668294517,35
eol_collection,S_iu_med,2006.0,nonautonomous,trend50,0.2893732646578816,0.25635915175902557,0.43823810913707173,30
eol_collection,S_iu_med,2007.0,frozen,,0.3211943591430494,0.30420893200454635,0.35999658412682134,35
eol_collection,S_iu_med,2007.0,nonautonomous,hold,0.3035069357588892,0.27562438202031386,0.3425435161661078,35
eol_collection,S_iu_med,2007.0,nonautonomous,mean5,0.3035829467667769,0.2725613911668715,0.33416167868188756,35
eol_collection,S_iu_med,2007.0,nonautonomous,trend20,0.3048277380383888,0.26306909785069305,0.361334793136733,35
eol_collection,S_iu_med,2007.0,nonautonomous,trend50,0.28885093359012504,0.25480276853847167,0.44157987373236895,30
eol_collection,S_iu_med,2008.0,frozen,,0.36129706013780805,0.29758020595487,0.4180818167741972,35
eol_collection,S_iu_med,2008.0,nonautonomous,hold,0.30008333972474477,0.2725348491795395,0.34039983356774495,35
eol_collection,S_iu_med,2008.0,nonautonomous,mean5,0.302848229918005,0.27039476010479513,0.3337544654557479,35
eol_collection,S_iu_med,2008.0,nonautonomous,trend20,0.3033422705868345,0.26152562531272916,0.3626195733082711,35
eol_collection,S_iu_med,2008.0,nonautonomous,trend50,0.2863841422758814,0.2523814321707636,0.4465558652539734,30
eol_collection,S_iu_med,2009.0,frozen,,0.3399396950864363,0.28887049023285527,0.3965441267569919,35
eol_collection,S_iu_med,2009.0,nonautonomous,hold,0.2986658012838581,0.2689561320321598,0.3385717911933477,35
eol_collection,S_iu_med,2009.0,nonautonomous,mean5,0.30083679038436645,0.26907462386402176,0.3326660085441956,35
eol_collection,S_iu_med,2009.0,nonautonomous,trend20,0.29620449274786076,0.2593883611796716,0.36397036789911863,35
eol_collection,S_iu_med,2009.0,nonautonomous,trend50,0.28542043826475183,0.25083504583318317,0.45187179251047926,30
eol_collection,S_iu_med,2010.0,frozen,,0.274769036156518,0.25818749472342795,0.3133098112437099,35
eol_collection,S_iu_med,2010.0,nonautonomous,hold,0.2992378865266798,0.26736560777451457,0.3388867654850638,35
eol_collection,S_iu_med,2010.0,nonautonomous,mean5,0.29953382312155175,0.2683835968209052,0.33253742581929896,35
eol_collection,S_iu_med,2010.0,nonautonomous,trend20,0.2913550812347255,0.2568892580578696,0.3662337759222801,35
eol_collection,S_iu_med,2010.0,nonautonomous,trend50,0.28558176957087933,0.24920414013493683,0.4578655024122602,30
eol_collection,S_iu_med,2011.0,frozen,,0.30160528319031416,0.256318940814266,0.34329821373906005,35
eol_collection,S_iu_med,2011.0,nonautonomous,hold,0.29977498909221606,0.2675346390254383,0.34002780601003224,35
eol_collection,S_iu_med,2011.0,nonautonomous,mean5,0.29748054888040654,0.267702250513549,0.33545682051490555,35
eol_collection,S_iu_med,2011.0,nonautonomous,trend20,0.28915438449000275,0.2544338433783201,0.3697230650095943,35
eol_collection,S_iu_med,2011.0,nonautonomous,trend50,0.2854172452079292,0.24430847745346893,0.46546443538500226,30
eol_collection,S_iu_med,2012.0,frozen,,0.3000342375738212,0.26632488790308273,0.3340859700245037,35
eol_collection,S_iu_med,2012.0,nonautonomous,hold,0.2992378086429055,0.2679190943052622,0.3407594330821647,35
eol_collection,S_iu_med,2012.0,nonautonomous,mean5,0.29642507069207624,0.2676382325090999,0.33702642710921293,35
eol_collection,S_iu_med,2012.0,nonautonomous,trend20,0.28820983081326207,0.25213622194379165,0.3734894971945318,35
eol_collection,S_iu_med,2012.0,nonautonomous,trend50,0.2857262320830559,0.23977132570153198,0.4734565639934104,30
eol_collection,S_iu_med,2013.0,frozen,,0.31092350320955886,0.27267851247629415,0.3345736677079234,35
eol_collection,S_iu_med,2013.0,nonautonomous,hold,0.2964797442970578,0.26859891138283604,0.34173367387386067,35
eol_collection,S_iu_med,2013.0,nonautonomous,mean5,0.29597413251418536,0.2681543772364135,0.33737084144640206,35
eol_collection,S_iu_med,2013.0,nonautonomous,trend20,0.2872927094756598,0.25154059317001337,0.3769405103999024,35
eol_collection,S_iu_med,2013.0,nonautonomous,trend50,0.28592402673280726,0.2377354980771157,0.4768893356072732,30
eol_collection,S_iu_med,2014.0,frozen,,0.31930591136624425,0.27615615066745614,0.3515992731006099,35
eol_collection,S_iu_med,2014.0,nonautonomous,hold,0.29539471964225683,0.2689787920009759,0.34163784422083476,35
eol_collection,S_iu_med,2014.0,nonautonomous,mean5,0.2944873641692145,0.26875811986470355,0.33739783128836265,35
eol_collection,S_iu_med,2014.0,nonautonomous,trend20,0.2871243124682008,0.25115021372298507,0.3790465587943795,35
eol_collection,S_iu_med,2014.0,nonautonomous,trend50,0.28498253246885186,0.23518216176409204,0.4803524695402861,30
eol_collection,S_iu_med,2015.0,frozen,,0.3168282594297787,0.2822006676072105,0.3655033481844613,35
eol_collection,S_iu_med,2015.0,nonautonomous,hold,0.2950178934705015,0.2679509569009032,0.341322733378539,35
eol_collection,S_iu_med,2015.0,nonautonomous,mean5,0.29239675493007394,0.2685743319514471,0.33631162474301235,35
eol_collection,S_iu_med,2015.0,nonautonomous,trend20,0.28544895764874423,0.25042056044644045,0.38108605459907074,35
eol_collection,S_iu_med,2015.0,nonautonomous,trend50,0.284118264336907,0.23233826302324703,0.4830223257827515,30
eol_collection,S_iu_med,2016.0,frozen,,0.2940902492090263,0.25777320848944335,0.32454128564011353,35
eol_collection,S_iu_med,2016.0,nonautonomous,hold,0.29434962982984153,0.2667395525945433,0.3414273709039812,35
eol_collection,S_iu_med,2016.0,nonautonomous,mean5,0.2924536158685721,0.26844682558099864,0.33556095820274695,35
eol_collection,S_iu_med,2016.0,nonautonomous,trend20,0.28322851719850217,0.24694669325078256,0.38343290739338654,35
eol_collection,S_iu_med,2016.0,nonautonomous,trend50,0.284812241978409,0.22998057728953752,0.4858829634656481,30
eol_collection,S_iu_med,2017.0,frozen,,0.2762487152744042,0.2614926451085402,0.31464577234326857,35
eol_collection,S_iu_med,2017.0,nonautonomous,hold,0.29382322262121374,0.2665694509633909,0.34181090918253415,35
eol_collection,S_iu_med,2017.0,nonautonomous,mean5,0.29296137865325267,0.26868171113304207,0.33600233715335914,35
eol_collection,S_iu_med,2017.0,nonautonomous,trend20,0.28280547570835907,0.2442071499338309,0.3863252821823448,35
eol_collection,S_iu_med,2017.0,nonautonomous,trend50,0.2859019629117366,0.22627251680918156,0.490565011889743,30
eol_collection,S_iu_med,2018.0,frozen,,0.3099417867427745,0.2724726792712238,0.34023734606740896,35
eol_collection,S_iu_med,2018.0,nonautonomous,hold,0.29330758097136894,0.26645416622024887,0.34154136173823824,35
eol_collection,S_iu_med,2018.0,nonautonomous,mean5,0.29330213571424213,0.26884601234772904,0.3366969331871638,35
eol_collection,S_iu_med,2018.0,nonautonomous,trend20,0.28246509223263505,0.24194521936734467,0.38875705319464415,35
eol_collection,S_iu_med,2018.0,nonautonomous,trend50,0.2857358580542252,0.22271054038022176,0.49539684389146016,30
eol_collection,S_iu_med,2019.0,frozen,,0.2929026898271487,0.26635966526672844,0.34089877404712177,35
eol_collection,S_iu_med,2019.0,nonautonomous,hold,0.2929026898271487,0.26635966526672844,0.34089877404712177,35
eol_collection,S_iu_med,2019.0,nonautonomous,mean5,0.292901501895076,0.2688765263779711,0.3370513055631862,35
eol_collection,S_iu_med,2019.0,nonautonomous,trend20,0.2831923125022682,0.24017747050796856,0.3912263104889654,35
eol_collection,S_iu_med,2019.0,nonautonomous,trend50,0.2851596943920105,0.2199794810473345,0.49959741947561065,30
eol_collection,S_iu_long,1980.0,frozen,,0.1480287771766784,0.13952831288607945,0.15397290217107384,35
eol_collection,S_iu_long,1980.0,nonautonomous,hold,0.26238284179873134,0.24507006748031007,0.2867401469674447,35
eol_collection,S_iu_long,1980.0,nonautonomous,mean5,0.2615190118420313,0.24371106811506354,0.28143080515563873,35
eol_collection,S_iu_long,1980.0,nonautonomous,trend20,0.2537148114397172,0.2328742314248217,0.31305580016812096,35
eol_collection,S_iu_long,1980.0,nonautonomous,trend50,0.25221647717272955,0.21522131566541652,0.3864673929467367,30
eol_collection,S_iu_long,1981.0,frozen,,0.16891664586780047,0.16203664298449227,0.1773924427020362,35
eol_collection,S_iu_long,1981.0,nonautonomous,hold,0.26384440511277235,0.24687505577205887,0.2891185432477661,35
eol_collection,S_iu_long,1981.0,nonautonomous,mean5,0.2634993125915691,0.24548780066926773,0.2840888276168595,35
eol_collection,S_iu_long,1981.0,nonautonomous,trend20,0.25542925740365424,0.23405845715802656,0.3161789747271393,35
eol_collection,S_iu_long,1981.0,nonautonomous,trend50,0.25405359361439595,0.2163580808788427,0.39133287431974995,30
eol_collection,S_iu_long,1982.0,frozen,,0.18997560163455787,0.18372800966454036,0.20069480347379953,35
eol_collection,S_iu_long,1982.0,nonautonomous,hold,0.26520005655561296,0.2481628968906816,0.29115897427272674,35
eol_collection,S_iu_long,1982.0,nonautonomous,mean5,0.2652279501459942,0.24674729447648983,0.2862951475961169,35
eol_collection,S_iu_long,1982.0,nonautonomous,trend20,0.2565616367161365,0.23502013864917426,0.3188893266784485,35
eol_collection,S_iu_long,1982.0,nonautonomous,trend50,0.25544755706246586,0.21708917836914707,0.3956473864202372,30
eol_collection,S_iu_long,1983.0,frozen,,0.1684759332471915,0.16022819399141144,0.1771984349979599,35
eol_collection,S_iu_long,1983.0,nonautonomous,hold,0.26703227896690684,0.24933769393745264,0.29341708416459655,35
eol_collection,S_iu_long,1983.0,nonautonomous,mean5,0.2671160392186684,0.2478931955123937,0.2885103230130832,35
eol_collection,S_iu_long,1983.0,nonautonomous,trend20,0.2577653565039698,0.23615152550208007,0.3218670060734231,35
eol_collection,S_iu_long,1983.0,nonautonomous,trend50,0.25683045182909064,0.2177122584751735,0.3998657417283651,30
eol_collection,S_iu_long,1984.0,frozen,,0.18873902617899463,0.18389216915031054,0.19557463817307763,35
eol_collection,S_iu_long,1984.0,nonautonomous,hold,0.2688874671728393,0.250610015769602,0.2958003413628501,35
eol_collection,S_iu_long,1984.0,nonautonomous,mean5,0.2688005413072151,0.24913591690230535,0.2907287590779818,35
eol_collection,S_iu_long,1984.0,nonautonomous,trend20,0.2591349741839709,0.23731134365979245,0.32494278415286815,35
eol_collection,S_iu_long,1984.0,nonautonomous,trend50,0.25828447492093065,0.21835145757792532,0.40425298814520794,30
eol_collection,S_iu_long,1985.0,frozen,,0.17898446901354706,0.17422657745879147,0.18716932876275305,35
eol_collection,S_iu_long,1985.0,nonautonomous,hold,0.2705710006411987,0.2519048008966438,0.29809923786350806,35
eol_collection,S_iu_long,1985.0,nonautonomous,mean5,0.270189236087484,0.25040044361832453,0.2927761168764148,35
eol_collection,S_iu_long,1985.0,nonautonomous,trend20,0.2607687461039081,0.23830217811426296,0.32782241233338344,35
eol_collection,S_iu_long,1985.0,nonautonomous,trend50,0.25979592727090733,0.2188845676277886,0.4086447089984092,30
eol_collection,S_iu_long,1986.0,frozen,,0.14484152103301406,0.13556842978619885,0.15587932505570756,35
eol_collection,S_iu_long,1986.0,nonautonomous,hold,0.2729260755622312,0.2538094065141514,0.30090551038810215,35
eol_collection,S_iu_long,1986.0,nonautonomous,mean5,0.2723664279025251,0.2522737114607093,0.29516753951082025,35
eol_collection,S_iu_long,1986.0,nonautonomous,trend20,0.2627263242992855,0.2398222617005564,0.3310429243564006,35
eol_collection,S_iu_long,1986.0,nonautonomous,trend50,0.261793694153335,0.22009403193284424,0.41366848151425706,30
eol_collection,S_iu_long,1987.0,frozen,,0.11170548798752006,0.10656610087338543,0.1176425924424994,35
eol_collection,S_iu_long,1987.0,nonautonomous,hold,0.2760005512669245,0.25663614349556585,0.3044324307975156,35
eol_collection,S_iu_long,1987.0,nonautonomous,mean5,0.27533767863768216,0.25506774589112013,0.2985325833179782,35
eol_collection,S_iu_long,1987.0,nonautonomous,trend20,0.26530562184813655,0.24214314211102533,0.3349514345055137,35
eol_collection,S_iu_long,1987.0,nonautonomous,trend50,0.2646360150816588,0.22228733863437683,0.4198096438811006,30
eol_collection,S_iu_long,1988.0,frozen,,0.1245293043703401,0.12181374011847382,0.12897739890351734,35
eol_collection,S_iu_long,1988.0,nonautonomous,hold,0.2792776011089439,0.25969279551233293,0.3082872631106386,35
eol_collection,S_iu_long,1988.0,nonautonomous,mean5,0.2783335856970085,0.2580907320036231,0.3023910244255552,35
eol_collection,S_iu_long,1988.0,nonautonomous,trend20,0.26830736727566834,0.2447043858289491,0.3394607785008854,35
eol_collection,S_iu_long,1988.0,nonautonomous,trend50,0.2677280895918751,0.22455085256697538,0.4263501568777666,30
eol_collection,S_iu_long,1989.0,frozen,,0.1665088840218572,0.16164332860399536,0.17168636341930488,35
eol_collection,S_iu_long,1989.0,nonautonomous,hold,0.28215515688684745,0.26201459985042613,0.3116790924173201,35
eol_collection,S_iu_long,1989.0,nonautonomous,mean5,0.2810499673826081,0.2603788965684034,0.3056137764124255,35
eol_collection,S_iu_long,1989.0,nonautonomous,trend20,0.2707322533068566,0.24676351700478658,0.3435684478392983,35
eol_collection,S_iu_long,1989.0,nonautonomous,trend50,0.2702179941713245,0.22612008325253236,0.4322535159856934,30
eol_collection,S_iu_long,1990.0,frozen,,0.23409872044382554,0.22979147847811993,0.23995142697540756,35
eol_collection,S_iu_long,1990.0,nonautonomous,hold,0.28382368624045473,0.26315296752969647,0.31416491923829915,35
eol_collection,S_iu_long,1990.0,nonautonomous,mean5,0.28265346786056134,0.2614842070528792,0.3077284987756672,35
eol_collection,S_iu_long,1990.0,nonautonomous,trend20,0.2720563353042849,0.247642339123412,0.346401956071104,35
eol_collection,S_iu_long,1990.0,nonautonomous,trend50,0.27179364014638285,0.22661303170704616,0.4369413561853478,30
eol_collection,S_iu_long,1991.0,frozen,,0.2160703146967665,0.20755318827914124,0.21885299689846527,35
eol_collection,S_iu_long,1991.0,nonautonomous,hold,0.2849189188784895,0.26389413348375923,0.316118404975876,35
eol_collection,S_iu_long,1991.0,nonautonomous,mean5,0.2839150878157678,0.26219218671339484,0.309421736619868,35
eol_collection,S_iu_long,1991.0,nonautonomous,trend20,0.2729814199092719,0.2479946811401309,0.3487394379570957,35
eol_collection,S_iu_long,1991.0,nonautonomous,trend50,0.2728879215651519,0.22672452347709166,0.44114336581680547,30
eol_collection,S_iu_long,1992.0,frozen,,0.2304753941835137,0.22656908105520934,0.23614135017334745,35
eol_collection,S_iu_long,1992.0,nonautonomous,hold,0.28614859701272555,0.264767492172805,0.31793504233720804,35
eol_collection,S_iu_long,1992.0,nonautonomous,mean5,0.2852003210027777,0.26303160902695916,0.31115601002818793,35
eol_collection,S_iu_long,1992.0,nonautonomous,trend20,0.2741032017862313,0.24848714678382577,0.3511421359844737,35
eol_collection,S_iu_long,1992.0,nonautonomous,trend50,0.27383675878732894,0.22690816101349898,0.4455153561359172,30
eol_collection,S_iu_long,1993.0,frozen,,0.20052064173164608,0.1947446151337756,0.20650809147925997,35
eol_collection,S_iu_long,1993.0,nonautonomous,hold,0.2875417884818977,0.26565890303196255,0.31986705196730447,35
eol_collection,S_iu_long,1993.0,nonautonomous,mean5,0.28675477970720414,0.2639602542488544,0.3129979795065704,35
eol_collection,S_iu_long,1993.0,nonautonomous,trend20,0.27510236599729154,0.2490968397937719,0.3537240113688846,35
eol_collection,S_iu_long,1993.0,nonautonomous,trend50,0.2749002197310656,0.2271957304445802,0.45013054995407126,30
eol_collection,S_iu_long,1994.0,frozen,,0.1809023325663809,0.17748143353642123,0.18682989383915666,35
eol_collection,S_iu_long,1994.0,nonautonomous,hold,0.2893522326759774,0.2670012075860372,0.3222401708000959,35
eol_collection,S_iu_long,1994.0,nonautonomous,mean5,0.2887707588992805,0.26526856516931363,0.31540255184017507,35
eol_collection,S_iu_long,1994.0,nonautonomous,trend20,0.27695246690090325,0.2501040936737488,0.3569131150542862,35
eol_collection,S_iu_long,1994.0,nonautonomous,trend50,0.27655002153564867,0.22780052829168854,0.4553405496903671,30
eol_collection,S_iu_long,1995.0,frozen,,0.18269454349889178,0.17684922173645792,0.18672914243497526,35
eol_collection,S_iu_long,1995.0,nonautonomous,hold,0.291413750415481,0.2686132737908878,0.3249469104953447,35
eol_collection,S_iu_long,1995.0,nonautonomous,mean5,0.2909341170424903,0.26677029545868214,0.31815764443706807,35
eol_collection,S_iu_long,1995.0,nonautonomous,trend20,0.27884384341363405,0.2513354426641811,0.36043575544939976,35
eol_collection,S_iu_long,1995.0,nonautonomous,trend50,0.27836608325145146,0.22847027580164947,0.4608499544717418,30
eol_collection,S_iu_long,1996.0,frozen,,0.2089167948128254,0.20444409800307967,0.21468825984516327,35
eol_collection,S_iu_long,1996.0,nonautonomous,hold,0.29325479426869927,0.270022297256473,0.32746798039175984,35
eol_collection,S_iu_long,1996.0,nonautonomous,mean5,0.29269127555041463,0.26814209807656514,0.3207034297258847,35
eol_collection,S_iu_long,1996.0,nonautonomous,trend20,0.2802659365757741,0.25242159334383263,0.36363919863863353,35
eol_collection,S_iu_long,1996.0,nonautonomous,trend50,0.2799745459554286,0.22900655871413034,0.46620256598278054,30
eol_collection,S_iu_long,1997.0,frozen,,0.2385202576491268,0.22994922447618005,0.24641535154432864,35
eol_collection,S_iu_long,1997.0,nonautonomous,hold,0.29450200540489013,0.27078863691616184,0.32940009301663575,35
eol_collection,S_iu_long,1997.0,nonautonomous,mean5,0.29378031916185554,0.26887129382600383,0.3226664719103847,35
eol_collection,S_iu_long,1997.0,nonautonomous,trend20,0.2811659594135481,0.253014271389143,0.3664046517044637,35
eol_collection,S_iu_long,1997.0,nonautonomous,trend50,0.28115577512202594,0.2290217382222714,0.47105028794292947,30
eol_collection,S_iu_long,1998.0,frozen,,0.23402079662047112,0.22424468032103578,0.23975074032728033,35
eol_collection,S_iu_long,1998.0,nonautonomous,hold,0.29541807719967383,0.27120673608958656,0.33104296595353594,35
eol_collection,S_iu_long,1998.0,nonautonomous,mean5,0.2949819874954873,0.2692534540176296,0.3244587863343714,35
eol_collection,S_iu_long,1998.0,nonautonomous,trend20,0.28223240471559174,0.253263199872133,0.36911176403289825,35
eol_collection,S_iu_long,1998.0,nonautonomous,trend50,0.28217108034102634,0.2288735864865379,0.4756001194570658,30
eol_collection,S_iu_long,1999.0,frozen,,0.2080522528256466,0.2011918306896026,0.21597938297406932,35
eol_collection,S_iu_long,1999.0,nonautonomous,hold,0.2964629962986071,0.27205459322396186,0.3329184548498124,35
eol_collection,S_iu_long,1999.0,nonautonomous,mean5,0.2964129839740308,0.27014356511452947,0.3266597031174591,35
eol_collection,S_iu_long,1999.0,nonautonomous,trend20,0.283419141106761,0.25364182149560105,0.37201430611083586,35
eol_collection,S_iu_long,1999.0,nonautonomous,trend50,0.2835279020033325,0.22906772913570192,0.48056932469095237,30
eol_collection,S_iu_long,2000.0,frozen,,0.25214054631886723,0.24546281575361512,0.2657579182786366,35
eol_collection,S_iu_long,2000.0,nonautonomous,hold,0.29738276649899176,0.2728363676258664,0.3346823158331516,35
eol_collection,S_iu_long,2000.0,nonautonomous,mean5,0.2974434466898012,0.2708040772711298,0.3287661556611424,35
eol_collection,S_iu_long,2000.0,nonautonomous,trend20,0.2844922378949397,0.2539052179452802,0.37480691995565074,35
eol_collection,S_iu_long,2000.0,nonautonomous,trend50,0.2845587065481103,0.22879385479202893,0.4853291762702049,30
eol_collection,S_iu_long,2001.0,frozen,,0.291413685888357,0.2827117721860776,0.30203678962280206,35
eol_collection,S_iu_long,2001.0,nonautonomous,hold,0.297717044554009,0.2726300744456721,0.3358472712975571,35
eol_collection,S_iu_long,2001.0,nonautonomous,mean5,0.2975594651557776,0.27055904157770194,0.33005078696623613,35
eol_collection,S_iu_long,2001.0,nonautonomous,trend20,0.28466178083814514,0.25344412635106534,0.3770653280571544,35
eol_collection,S_iu_long,2001.0,nonautonomous,trend50,0.2845990992678608,0.22754421520513718,0.48929529588377607,30
eol_collection,S_iu_long,2002.0,frozen,,0.27641450110122545,0.2687727798535266,0.2910358361337301,35
eol_collection,S_iu_long,2002.0,nonautonomous,hold,0.2979227627397347,0.2723169459973768,0.33693889339616956,35
eol_collection,S_iu_long,2002.0,nonautonomous,mean5,0.2974913776116956,0.27020675282691253,0.3309065995737867,35
eol_collection,S_iu_long,2002.0,nonautonomous,trend20,0.2843648587300933,0.25273200128334217,0.3791255170451485,35
eol_collection,S_iu_long,2002.0,nonautonomous,trend50,0.28434421962732787,0.2261732855612122,0.49327209723167265,30
eol_collection,S_iu_long,2003.0,frozen,,0.23250308074606987,0.2212436734997123,0.24937474696606587,35
eol_collection,S_iu_long,2003.0,nonautonomous,hold,0.298770566606778,0.2728335007899892,0.33865960186687827,35
eol_collection,S_iu_long,2003.0,nonautonomous,mean5,0.2981784128422024,0.270682391265584,0.33200578266867925,35
eol_collection,S_iu_long,2003.0,nonautonomous,trend20,0.2848221632347437,0.25256428985258916,0.38144611321908023,35
eol_collection,S_iu_long,2003.0,nonautonomous,trend50,0.28482469142295985,0.22551299564914742,0.4979396439328386,30
eol_collection,S_iu_long,2004.0,frozen,,0.24949401995236759,0.2330541789495085,0.2662817745117087,35
eol_collection,S_iu_long,2004.0,nonautonomous,hold,0.30029335780385064,0.27385878050996804,0.3408664608921337,35
eol_collection,S_iu_long,2004.0,nonautonomous,mean5,0.2995110436417523,0.2716655338151045,0.33326998856776,35
eol_collection,S_iu_long,2004.0,nonautonomous,trend20,0.285453990013198,0.2528974426144062,0.3838846320149454,35
eol_collection,S_iu_long,2004.0,nonautonomous,trend50,0.28576227984228597,0.22535767247618335,0.5028808840045397,30
eol_collection,S_iu_long,2005.0,frozen,,0.27287304958877145,0.26667027431000306,0.28799697824331094,35
eol_collection,S_iu_long,2005.0,nonautonomous,hold,0.3015807742998897,0.2745749482548299,0.3425877463891461,35
eol_collection,S_iu_long,2005.0,nonautonomous,mean5,0.30037279164238306,0.2723393857046654,0.33427152515264696,35
eol_collection,S_iu_long,2005.0,nonautonomous,trend20,0.28585424229055556,0.2527091910262974,0.3858485815846303,35
eol_collection,S_iu_long,2005.0,nonautonomous,trend50,0.28633944617086105,0.2243722984650233,0.507432475262543,30
eol_collection,S_iu_long,2006.0,frozen,,0.29675227489901623,0.28184221616942884,0.32788627598632547,35
eol_collection,S_iu_long,2006.0,nonautonomous,hold,0.30151804205422894,0.2741879430707459,0.34329923902173487,35
eol_collection,S_iu_long,2006.0,nonautonomous,mean5,0.3008238874990574,0.27204772406820343,0.3350505040882927,35
eol_collection,S_iu_long,2006.0,nonautonomous,trend20,0.28596779408054523,0.2516522173106975,0.38740625171911425,35
eol_collection,S_iu_long,2006.0,nonautonomous,trend50,0.2861944903179706,0.22256142603927834,0.5117559963319391,30
eol_collection,S_iu_long,2007.0,frozen,,0.32119435914304945,0.3042089320045463,0.35999658412682134,35
eol_collection,S_iu_long,2007.0,nonautonomous,hold,0.30037600439059375,0.27286503926282113,0.34302680900012544,35
eol_collection,S_iu_long,2007.0,nonautonomous,mean5,0.3004787697477007,0.2709374539954241,0.33539210355570737,35
eol_collection,S_iu_long,2007.0,nonautonomous,trend20,0.285831461853684,0.2503060874557569,0.38870347048780224,35
eol_collection,S_iu_long,2007.0,nonautonomous,trend50,0.28540785501802507,0.22110597749072083,0.5157583036874355,30
eol_collection,S_iu_long,2008.0,frozen,,0.36129706013780805,0.29758020595487,0.4180818167741971,35
eol_collection,S_iu_long,2008.0,nonautonomous,hold,0.29822222496425566,0.27112617573694286,0.3420760608479323,35
eol_collection,S_iu_long,2008.0,nonautonomous,mean5,0.29897045540810935,0.2700580741330186,0.3355145502149162,35
eol_collection,S_iu_long,2008.0,nonautonomous,trend20,0.2848390390531266,0.24703244699807894,0.39002183496575477,35
eol_collection,S_iu_long,2008.0,nonautonomous,trend50,0.2844761737912208,0.2196581703364519,0.5184705914259874,30
eol_collection,S_iu_long,2009.0,frozen,,0.3399396950864363,0.2888704902328553,0.3965441267569919,35
eol_collection,S_iu_long,2009.0,nonautonomous,hold,0.2963356338964963,0.2698603160369002,0.341287428648128,35
eol_collection,S_iu_long,2009.0,nonautonomous,mean5,0.29720224164655473,0.26881145702566267,0.3351151698125616,35
eol_collection,S_iu_long,2009.0,nonautonomous,trend20,0.28393148693818315,0.2438496984555023,0.39131046629632976,35
eol_collection,S_iu_long,2009.0,nonautonomous,trend50,0.2842313773566545,0.21709923646304824,0.5203148397000279,30
eol_collection,S_iu_long,2010.0,frozen,,0.274769036156518,0.258187494723428,0.31330981124370993,35
eol_collection,S_iu_long,2010.0,nonautonomous,hold,0.2955854164305072,0.26953282640699294,0.34136032629276797,35
eol_collection,S_iu_long,2010.0,nonautonomous,mean5,0.29586832167272276,0.2681955751656936,0.3353043685134952,35
eol_collection,S_iu_long,2010.0,nonautonomous,trend20,0.2839868709079742,0.2423735958821207,0.39309414718552527,35
eol_collection,S_iu_long,2010.0,nonautonomous,trend50,0.28423533184085303,0.21462636045971709,0.5234352053984436,30
eol_collection,S_iu_long,2011.0,frozen,,0.30160528319031416,0.256318940814266,0.3432982137390601,35
eol_collection,S_iu_long,2011.0,nonautonomous,hold,0.2944998264814757,0.2696609165515139,0.3415292098862379,35
eol_collection,S_iu_long,2011.0,nonautonomous,mean5,0.2948637125493708,0.2682031366182484,0.3366760706491883,35
eol_collection,S_iu_long,2011.0,nonautonomous,trend20,0.28482648310445957,0.24093778288524706,0.395509146372342,35
eol_collection,S_iu_long,2011.0,nonautonomous,trend50,0.2844927228865668,0.21251909794059665,0.5271281533160301,30
eol_collection,S_iu_long,2012.0,frozen,,0.3000342375738212,0.2663248879030828,0.3340859700245037,35
eol_collection,S_iu_long,2012.0,nonautonomous,hold,0.29382633485182014,0.26979062217287797,0.34131024632843676,35
eol_collection,S_iu_long,2012.0,nonautonomous,mean5,0.2943323568955472,0.26822636930940896,0.33740558913669044,35
eol_collection,S_iu_long,2012.0,nonautonomous,trend20,0.2864625805682296,0.23959924553479692,0.39753071008637186,35
eol_collection,S_iu_long,2012.0,nonautonomous,trend50,0.28513475950773476,0.20991973427441044,0.5301603680291777,30
eol_collection,S_iu_long,2013.0,frozen,,0.3109235032095589,0.27267851247629415,0.33457366770792346,35
eol_collection,S_iu_long,2013.0,nonautonomous,hold,0.2940108386326689,0.2693565919572407,0.34132225713963954,35
eol_collection,S_iu_long,2013.0,nonautonomous,mean5,0.2940813658755613,0.26853243433829754,0.3375683233955226,35
eol_collection,S_iu_long,2013.0,nonautonomous,trend20,0.28771746717635516,0.23878948864572505,0.3992343914211588,35
eol_collection,S_iu_long,2013.0,nonautonomous,trend50,0.28557705541345113,0.2071140362848352,0.5334341579174894,30
eol_collection,S_iu_long,2014.0,frozen,,0.31930591136624425,0.27615615066745614,0.35159927310060995,35
eol_collection,S_iu_long,2014.0,nonautonomous,hold,0.29410859565601505,0.2687269432575916,0.3412691606167051,35
eol_collection,S_iu_long,2014.0,nonautonomous,mean5,0.2933698970316754,0.26881093096038816,0.3373410100736639,35
eol_collection,S_iu_long,2014.0,nonautonomous,trend20,0.28854252689204857,0.23790401320246482,0.40159690158591294,35
eol_collection,S_iu_long,2014.0,nonautonomous,trend50,0.28541408490960846,0.2041841326004302,0.5368132177191483,30
eol_collection,S_iu_long,2015.0,frozen,,0.3168282594297787,0.2822006676072105,0.36550334818446134,35
eol_collection,S_iu_long,2015.0,nonautonomous,hold,0.2939097914802543,0.26775749788537745,0.34115994714668524,35
eol_collection,S_iu_long,2015.0,nonautonomous,mean5,0.2926694057096741,0.2687289592080921,0.3367554381382103,35
eol_collection,S_iu_long,2015.0,nonautonomous,trend20,0.28943597374528324,0.23680269110804428,0.403817538330978,35
eol_collection,S_iu_long,2015.0,nonautonomous,trend50,0.2852713529094914,0.20128337337104538,0.5397957147684255,30
eol_collection,S_iu_long,2016.0,frozen,,0.29409024920902627,0.25777320848944335,0.32454128564011353,35
eol_collection,S_iu_long,2016.0,nonautonomous,hold,0.29358443461799943,0.26679811324753533,0.3411610300670208,35
eol_collection,S_iu_long,2016.0,nonautonomous,mean5,0.2927017734870369,0.2686762779737346,0.33641246017398563,35
eol_collection,S_iu_long,2016.0,nonautonomous,trend20,0.2907448230121861,0.23538482425374702,0.4060060527657982,35
eol_collection,S_iu_long,2016.0,nonautonomous,trend50,0.2858754172649328,0.1985555277073706,0.5428096406260474,30
eol_collection,S_iu_long,2017.0,frozen,,0.27624871527440426,0.2614926451085402,0.3146457723432685,35
eol_collection,S_iu_long,2017.0,nonautonomous,hold,0.29333146338756594,0.2664574162751627,0.34132754303758306,35
eol_collection,S_iu_long,2017.0,nonautonomous,mean5,0.2929354397733836,0.26878667521236554,0.3366178036847224,35
eol_collection,S_iu_long,2017.0,nonautonomous,trend20,0.29210583543090685,0.2336066612876511,0.4084380170043763,35
eol_collection,S_iu_long,2017.0,nonautonomous,trend50,0.28654366169227174,0.19587858197453276,0.5467570693711081,30
eol_collection,S_iu_long,2018.0,frozen,,0.3099417867427745,0.2724726792712238,0.340237346067409,35
eol_collection,S_iu_long,2018.0,nonautonomous,hold,0.29308840151310767,0.2664030104147039,0.3411935104046549,35
eol_collection,S_iu_long,2018.0,nonautonomous,mean5,0.2930869154364741,0.2688627747122195,0.3368882226528166,35
eol_collection,S_iu_long,2018.0,nonautonomous,trend20,0.2929481361506417,0.23201377078208385,0.41067107889597854,35
eol_collection,S_iu_long,2018.0,nonautonomous,trend50,0.28669864996960026,0.19345588183864892,0.5509755702568653,30
eol_collection,S_iu_long,2019.0,frozen,,0.29290268982714873,0.26635966526672844,0.34089877404712177,35
eol_collection,S_iu_long,2019.0,nonautonomous,hold,0.29290268982714873,0.26635966526672844,0.34089877404712177,35
eol_collection,S_iu_long,2019.0,nonautonomous,mean5,0.2929015018950761,0.2688765263779712,0.3370513055631862,35
eol_collection,S_iu_long,2019.0,nonautonomous,trend20,0.29294467440381855,0.23074031610424453,0.4128915195454246,35
eol_collection,S_iu_long,2019.0,nonautonomous,trend50,0.286822524969491,0.19143777528038144,0.5546526160673415,30
eol_collection,S_scrap,1980.0,frozen,,0.13845452545642917,0.1312526047631371,0.144169317958973,35
eol_collection,S_scrap,1980.0,nonautonomous,hold,0.2347748981073745,0.22174656441329565,0.2543031945655482,35
eol_collection,S_scrap,1980.0,nonautonomous,mean5,0.23537888655307698,0.22078941754837855,0.25143796786584827,35
eol_collection,S_scrap,1980.0,nonautonomous,trend20,0.22760487207278657,0.21273773849165523,0.26965383473965443,35
eol_collection,S_scrap,1980.0,nonautonomous,trend50,0.22629848059308055,0.20266429340672454,0.3252724056378686,30
eol_collection,S_scrap,1981.0,frozen,,0.15661600138014836,0.15049390431375045,0.16472070175313613,35
eol_collection,S_scrap,1981.0,nonautonomous,hold,0.2365800401629014,0.2231946825921017,0.2561954612333826,35
eol_collection,S_scrap,1981.0,nonautonomous,mean5,0.23721390534654524,0.2222236124063428,0.2532713549918304,35
eol_collection,S_scrap,1981.0,nonautonomous,trend20,0.22888328695172372,0.21448041870151444,0.2719015986501231,35
eol_collection,S_scrap,1981.0,nonautonomous,trend50,0.22793678306681026,0.2039435735107483,0.33031843050187293,30
eol_collection,S_scrap,1982.0,frozen,,0.17604708588195045,0.17006616716549933,0.18577481630969506,35
eol_collection,S_scrap,1982.0,nonautonomous,hold,0.2386460084566237,0.224762484877664,0.25874575220112245,35
eol_collection,S_scrap,1982.0,nonautonomous,mean5,0.2388786236281225,0.22378029414923606,0.2557628879958145,35
eol_collection,S_scrap,1982.0,nonautonomous,trend20,0.2310221276563354,0.21612205648274685,0.27445551001612456,35
eol_collection,S_scrap,1982.0,nonautonomous,trend50,0.2299969069175905,0.205444432213428,0.33305554866507436,30
eol_collection,S_scrap,1983.0,frozen,,0.15656780969820078,0.1490249805659789,0.16475271375197384,35
eol_collection,S_scrap,1983.0,nonautonomous,hold,0.24124371607156148,0.22654343377609998,0.261215546833106,35
eol_collection,S_scrap,1983.0,nonautonomous,mean5,0.2413554729816345,0.2254526812646001,0.25829034759790165,35
eol_collection,S_scrap,1983.0,nonautonomous,trend20,0.2337113572741553,0.2182964320661093,0.27772947366384027,35
eol_collection,S_scrap,1983.0,nonautonomous,trend50,0.23259551106499504,0.2073060464281645,0.3373318465616171,30
eol_collection,S_scrap,1984.0,frozen,,0.17529662965196324,0.17056471842932336,0.18140558092086106,35
eol_collection,S_scrap,1984.0,nonautonomous,hold,0.24356874133374257,0.2286938468389638,0.2641218864012227,35
eol_collection,S_scrap,1984.0,nonautonomous,mean5,0.24374956692723576,0.22749432327897712,0.26103670225701187,35
eol_collection,S_scrap,1984.0,nonautonomous,trend20,0.23615577038105842,0.22070163635287843,0.28154211724569334,35
eol_collection,S_scrap,1984.0,nonautonomous,trend50,0.23489610969931196,0.20934007661137133,0.3423207632302539,30
eol_collection,S_scrap,1985.0,frozen,,0.16465728172161714,0.1601642061672168,0.17243418533102242,35
eol_collection,S_scrap,1985.0,nonautonomous,hold,0.24562227695309147,0.23106848100293664,0.26716403720294046,35
eol_collection,S_scrap,1985.0,nonautonomous,mean5,0.24620787730292543,0.23005536715906078,0.2637455752803348,35
eol_collection,S_scrap,1985.0,nonautonomous,trend20,0.23943945895980273,0.22322590986972096,0.28492068209940397,35
eol_collection,S_scrap,1985.0,nonautonomous,trend50,0.23773451682563917,0.2115748110581383,0.34736046541661225,30
eol_collection,S_scrap,1986.0,frozen,,0.13239665012511745,0.12410274501329116,0.14247513203701917,35
eol_collection,S_scrap,1986.0,nonautonomous,hold,0.24788401698442974,0.23333996844912422,0.2700848558142093,35
eol_collection,S_scrap,1986.0,nonautonomous,mean5,0.24884212228663904,0.23255725606435754,0.2661620945835331,35
eol_collection,S_scrap,1986.0,nonautonomous,trend20,0.2424460635844391,0.22539674657787195,0.28760080924558334,35
eol_collection,S_scrap,1986.0,nonautonomous,trend50,0.24035736668140642,0.21373982639670497,0.35112482722024096,30
eol_collection,S_scrap,1987.0,frozen,,0.10324962253357275,0.09859797991526179,0.10882784483421595,35
eol_collection,S_scrap,1987.0,nonautonomous,hold,0.25009937393511544,0.23554417234927225,0.272609182104559,35
eol_collection,S_scrap,1987.0,nonautonomous,mean5,0.251167084801336,0.23467371718338192,0.2680744786167829,35
eol_collection,S_scrap,1987.0,nonautonomous,trend20,0.24462896217596236,0.22731981172267599,0.28993507749729147,35
eol_collection,S_scrap,1987.0,nonautonomous,trend50,0.24253066065179138,0.21561249487068104,0.3531139023983306,30
eol_collection,S_scrap,1988.0,frozen,,0.11615241293409986,0.11352380725143665,0.12027451771346098,35
eol_collection,S_scrap,1988.0,nonautonomous,hold,0.2523295566624656,0.23766303698660995,0.27488806361633134,35
eol_collection,S_scrap,1988.0,nonautonomous,mean5,0.25346204060386596,0.23665346385858319,0.2697390921965448,35
eol_collection,S_scrap,1988.0,nonautonomous,trend20,0.24653737280340382,0.229173211953009,0.29251161400423564,35
eol_collection,S_scrap,1988.0,nonautonomous,trend50,0.24477443746882344,0.21717131821425925,0.3547977619561844,30
eol_collection,S_scrap,1989.0,frozen,,0.15515486266789782,0.15056971755098622,0.15999302925695455,35
eol_collection,S_scrap,1989.0,nonautonomous,hold,0.25350922068454534,0.2391636248176447,0.2777766127845015,35
eol_collection,S_scrap,1989.0,nonautonomous,mean5,0.2553430643460222,0.23822526861213192,0.27170334240255944,35
eol_collection,S_scrap,1989.0,nonautonomous,trend20,0.24792754718715337,0.23043823317214246,0.29529333952810743,35
eol_collection,S_scrap,1989.0,nonautonomous,trend50,0.2463988962686603,0.21809778030206925,0.35959732297008473,30
eol_collection,S_scrap,1990.0,frozen,,0.21767444870714103,0.21386457436272968,0.22328938212010616,35
eol_collection,S_scrap,1990.0,nonautonomous,hold,0.25517174555978883,0.24006451783146865,0.28056642330179027,35
eol_collection,S_scrap,1990.0,nonautonomous,mean5,0.25576452882155964,0.23890804501722868,0.2743020996979678,35
eol_collection,S_scrap,1990.0,nonautonomous,trend20,0.24896635534411682,0.23107784573694046,0.29661869566784793,35
eol_collection,S_scrap,1990.0,nonautonomous,trend50,0.2474112317321474,0.21852037300292965,0.3631990018790665,30
eol_collection,S_scrap,1991.0,frozen,,0.1987087902813158,0.19064303623919376,0.20049387854139245,35
eol_collection,S_scrap,1991.0,nonautonomous,hold,0.25719611858340713,0.24108228228856649,0.28290749046710595,35
eol_collection,S_scrap,1991.0,nonautonomous,mean5,0.25689523015977284,0.23988551487932736,0.2767100350752075,35
eol_collection,S_scrap,1991.0,nonautonomous,trend20,0.25055900467311176,0.23209928263031265,0.29807253620013474,35
eol_collection,S_scrap,1991.0,nonautonomous,trend50,0.2488788624920881,0.2193305625748038,0.367109710631706,30
eol_collection,S_scrap,1992.0,frozen,,0.21256651713461963,0.20864568372607872,0.21740795329786344,35
eol_collection,S_scrap,1992.0,nonautonomous,hold,0.2596789296476564,0.24253238533993413,0.28559980192735035,35
eol_collection,S_scrap,1992.0,nonautonomous,mean5,0.25883672168038546,0.24128807881079992,0.2793643181512493,35
eol_collection,S_scrap,1992.0,nonautonomous,trend20,0.2523835827236295,0.23356435205803883,0.3012918944769727,35
eol_collection,S_scrap,1992.0,nonautonomous,trend50,0.2506504221714517,0.22055030433756156,0.37364874678127846,30
eol_collection,S_scrap,1993.0,frozen,,0.1838338387844976,0.17864139313031746,0.18963558758351223,35
eol_collection,S_scrap,1993.0,nonautonomous,hold,0.2621581693971343,0.24448455108820405,0.2884109818269136,35
eol_collection,S_scrap,1993.0,nonautonomous,mean5,0.26156465877912666,0.24314580173377395,0.28224743360089766,35
eol_collection,S_scrap,1993.0,nonautonomous,trend20,0.2545120395878623,0.23525709544711831,0.3045436575457436,35
eol_collection,S_scrap,1993.0,nonautonomous,trend50,0.2527796977321936,0.22205792881448327,0.38032027952049907,30
eol_collection,S_scrap,1994.0,frozen,,0.16686416600136234,0.16357788283668828,0.17218781978650724,35
eol_collection,S_scrap,1994.0,nonautonomous,hold,0.2649555152805346,0.24644811045949455,0.29125797556400845,35
eol_collection,S_scrap,1994.0,nonautonomous,mean5,0.2648680374154068,0.2451493236160991,0.28527975582338083,35
eol_collection,S_scrap,1994.0,nonautonomous,trend20,0.25682650787501116,0.23702023945394765,0.3090714643696565,35
eol_collection,S_scrap,1994.0,nonautonomous,trend50,0.25531046528022966,0.2235946793341816,0.385216817010299,30
eol_collection,S_scrap,1995.0,frozen,,0.16924181944661665,0.16386090708473933,0.17300995547993053,35
eol_collection,S_scrap,1995.0,nonautonomous,hold,0.2675219238047434,0.24796281428348846,0.29405660466463746,35
eol_collection,S_scrap,1995.0,nonautonomous,mean5,0.26762663106559575,0.2466285488816924,0.2878503579641016,35
eol_collection,S_scrap,1995.0,nonautonomous,trend20,0.25837993360783496,0.2383254147478323,0.3136791582713896,35
eol_collection,S_scrap,1995.0,nonautonomous,trend50,0.25722085687623614,0.22459195717010347,0.38823247825022156,30
eol_collection,S_scrap,1996.0,frozen,,0.1927900531739083,0.18858665703749822,0.19779202853209327,35
eol_collection,S_scrap,1996.0,nonautonomous,hold,0.26971541246898484,0.24896478050668674,0.296349094080276,35
eol_collection,S_scrap,1996.0,nonautonomous,mean5,0.2695371845621465,0.2476033745506354,0.29048069998184456,35
eol_collection,S_scrap,1996.0,nonautonomous,trend20,0.2596534446341669,0.23891373635517799,0.31718483464992153,35
eol_collection,S_scrap,1996.0,nonautonomous,trend50,0.25854607418957254,0.22506507506587511,0.39162748386230706,30
eol_collection,S_scrap,1997.0,frozen,,0.21984652800387244,0.21165583733950194,0.22714627025096878,35
eol_collection,S_scrap,1997.0,nonautonomous,hold,0.27158689652673484,0.2499512378641349,0.29890043320388926,35
eol_collection,S_scrap,1997.0,nonautonomous,mean5,0.27153510845334516,0.24863916752368953,0.29354555284615313,35
eol_collection,S_scrap,1997.0,nonautonomous,trend20,0.26122108470921346,0.2396475402781356,0.3211856260182473,35
eol_collection,S_scrap,1997.0,nonautonomous,trend50,0.260024870432244,0.22546253621343493,0.39840051698166373,30
eol_collection,S_scrap,1998.0,frozen,,0.21414728021027213,0.2051390822670639,0.21939385608437037,35
eol_collection,S_scrap,1998.0,nonautonomous,hold,0.2736510271969645,0.2513807399275932,0.30203221585290596,35
eol_collection,S_scrap,1998.0,nonautonomous,mean5,0.2735494063470376,0.2501319103624505,0.29668629120630463,35
eol_collection,S_scrap,1998.0,nonautonomous,trend20,0.263250979246431,0.24083141311670658,0.3244564628070725,35
eol_collection,S_scrap,1998.0,nonautonomous,trend50,0.26187575137791963,0.22633780650183205,0.4058674158593163,30
eol_collection,S_scrap,1999.0,frozen,,0.19135394359245195,0.18499570418667483,0.1987326042078606,35
eol_collection,S_scrap,1999.0,nonautonomous,hold,0.2760069472166191,0.25312402470192114,0.3056063630347935,35
eol_collection,S_scrap,1999.0,nonautonomous,mean5,0.2757126530838436,0.2517026194530951,0.30017345192478084,35
eol_collection,S_scrap,1999.0,nonautonomous,trend20,0.2656418947576607,0.24205607087822822,0.32730843594203696,35
eol_collection,S_scrap,1999.0,nonautonomous,trend50,0.2640188576372358,0.2274941818302269,0.4121691218729829,30
eol_collection,S_scrap,2000.0,frozen,,0.2335231991840147,0.22786925265323948,0.24593120035610133,35
eol_collection,S_scrap,2000.0,nonautonomous,hold,0.2779642720751986,0.254221404573576,0.30905386622830366,35
eol_collection,S_scrap,2000.0,nonautonomous,mean5,0.2773598700658243,0.25265012357889916,0.3032037759922589,35
eol_collection,S_scrap,2000.0,nonautonomous,trend20,0.26753757361842434,0.2429504964846053,0.33063632392573783,35
eol_collection,S_scrap,2000.0,nonautonomous,trend50,0.26561837373888053,0.2282959546659617,0.4182736043937055,30
eol_collection,S_scrap,2001.0,frozen,,0.2708691639710621,0.26285698628728815,0.280902442029411,35
eol_collection,S_scrap,2001.0,nonautonomous,hold,0.2796555312282434,0.2548523291705307,0.31178794484159494,35
eol_collection,S_scrap,2001.0,nonautonomous,mean5,0.27840152994196726,0.2532152754298828,0.3053320225400065,35
eol_collection,S_scrap,2001.0,nonautonomous,trend20,0.26867787139473426,0.24305409682626442,0.33364396507314786,35
eol_collection,S_scrap,2001.0,nonautonomous,trend50,0.26670989653202437,0.22838655043124495,0.4243016262920218,30
eol_collection,S_scrap,2002.0,frozen,,0.2570405712484018,0.24985588109371282,0.27103343856026524,35
eol_collection,S_scrap,2002.0,nonautonomous,hold,0.28131402941366235,0.2557144249189644,0.3139843169490432,35
eol_collection,S_scrap,2002.0,nonautonomous,mean5,0.27935414869812936,0.25402663746952436,0.30682919180815854,35
eol_collection,S_scrap,2002.0,nonautonomous,trend20,0.2698640965565991,0.24314210443822765,0.3364626298360247,35
eol_collection,S_scrap,2002.0,nonautonomous,trend50,0.26790992187347556,0.22819163448074586,0.42851440887744174,30
eol_collection,S_scrap,2003.0,frozen,,0.21637464643050403,0.20599628253969804,0.2320972328609651,35
eol_collection,S_scrap,2003.0,nonautonomous,hold,0.2830267274298809,0.2569948467920307,0.3162466624362903,35
eol_collection,S_scrap,2003.0,nonautonomous,mean5,0.2807077715985784,0.2552657173624161,0.308406617521876,35
eol_collection,S_scrap,2003.0,nonautonomous,trend20,0.27152120137712504,0.24384286390838736,0.3403651928552116,35
eol_collection,S_scrap,2003.0,nonautonomous,trend50,0.26939284579311207,0.22808279761676795,0.4309711848527126,30
eol_collection,S_scrap,2004.0,frozen,,0.23262868771543732,0.21786411784302906,0.24885075508577614,35
eol_collection,S_scrap,2004.0,nonautonomous,hold,0.28400622794041025,0.2574311870432845,0.31775762134444946,35
eol_collection,S_scrap,2004.0,nonautonomous,mean5,0.28202155445368315,0.25571675011669065,0.309550173053759,35
eol_collection,S_scrap,2004.0,nonautonomous,trend20,0.27243308433900704,0.2442950799413461,0.3446673754811602,35
eol_collection,S_scrap,2004.0,nonautonomous,trend50,0.27015463339496665,0.22744608053122434,0.4321957264566132,30
eol_collection,S_scrap,2005.0,frozen,,0.25491256372770354,0.24841923146623682,0.26859722681820963,35
eol_collection,S_scrap,2005.0,nonautonomous,hold,0.28402592669195614,0.25657872381963415,0.3179962140507057,35
eol_collection,S_scrap,2005.0,nonautonomous,mean5,0.282346952664019,0.25482225276319803,0.30985385195538323,35
eol_collection,S_scrap,2005.0,nonautonomous,trend20,0.2723688486593371,0.24361937601259187,0.348492718752608,35
eol_collection,S_scrap,2005.0,nonautonomous,trend50,0.2699128338590692,0.2262096858254267,0.43268220223460685,30
eol_collection,S_scrap,2006.0,frozen,,0.2765469764390858,0.2626687139466219,0.3056449636014034,35
eol_collection,S_scrap,2006.0,nonautonomous,hold,0.2828821363955802,0.2547547447892624,0.31775183834721454,35
eol_collection,S_scrap,2006.0,nonautonomous,mean5,0.28196761543459803,0.2527453237325531,0.30991802537027324,35
eol_collection,S_scrap,2006.0,nonautonomous,trend20,0.2714220141805127,0.2426007658323714,0.34997503312696127,35
eol_collection,S_scrap,2006.0,nonautonomous,trend50,0.26866475615872665,0.22446176632216336,0.4347788275144784,30
eol_collection,S_scrap,2007.0,frozen,,0.2987946705177841,0.28287766822685334,0.334526331130236,35
eol_collection,S_scrap,2007.0,nonautonomous,hold,0.2802720953341096,0.25202301055833365,0.31606846119240756,35
eol_collection,S_scrap,2007.0,nonautonomous,mean5,0.2797532240633852,0.2502755446904231,0.30882267623335313,35
eol_collection,S_scrap,2007.0,nonautonomous,trend20,0.26911526462424223,0.2409627180291284,0.3494201781216111,35
eol_collection,S_scrap,2007.0,nonautonomous,trend50,0.2662775403202029,0.2224830593224065,0.44020929776888196,30
eol_collection,S_scrap,2008.0,frozen,,0.3347043438855931,0.27637848045265057,0.38821638831775296,35
eol_collection,S_scrap,2008.0,nonautonomous,hold,0.27833064441454713,0.24901491192635938,0.3134297578747119,35
eol_collection,S_scrap,2008.0,nonautonomous,mean5,0.27678582245593925,0.24813449582879465,0.3075852143370708,35
eol_collection,S_scrap,2008.0,nonautonomous,trend20,0.2665019711739894,0.23623166547258045,0.3490478959345029,35
eol_collection,S_scrap,2008.0,nonautonomous,trend50,0.26436113342180284,0.21910228474224203,0.4412830272599757,30
eol_collection,S_scrap,2009.0,frozen,,0.31248543308332916,0.2660699645675265,0.3654711890210788,35
eol_collection,S_scrap,2009.0,nonautonomous,hold,0.2775045307496973,0.24763987998937811,0.31301770857912464,35
eol_collection,S_scrap,2009.0,nonautonomous,mean5,0.27483498234619075,0.24645435671262708,0.30725839857740095,35
eol_collection,S_scrap,2009.0,nonautonomous,trend20,0.2657600475776185,0.23288562343573646,0.35022101596534194,35
eol_collection,S_scrap,2009.0,nonautonomous,trend50,0.26416956783281687,0.2153095558090272,0.44169700540338397,30
eol_collection,S_scrap,2010.0,frozen,,0.25383821394638406,0.23831858763168745,0.2901545779132515,35
eol_collection,S_scrap,2010.0,nonautonomous,hold,0.27640592573746725,0.2477358267816695,0.31340155087231064,35
eol_collection,S_scrap,2010.0,nonautonomous,mean5,0.2731313001373415,0.24599258354987047,0.3085409702280242,35
eol_collection,S_scrap,2010.0,nonautonomous,trend20,0.26430254988903734,0.2303591645899433,0.35264939143963125,35
eol_collection,S_scrap,2010.0,nonautonomous,trend50,0.26380555723137955,0.2135858445708336,0.4483206465928877,30
eol_collection,S_scrap,2011.0,frozen,,0.2763541902717124,0.23558540618347895,0.31435662491828154,35
eol_collection,S_scrap,2011.0,nonautonomous,hold,0.27356806678344947,0.24731645681683617,0.3127957287097308,35
eol_collection,S_scrap,2011.0,nonautonomous,mean5,0.2715592061879665,0.24545464473304335,0.30886793544543484,35
eol_collection,S_scrap,2011.0,nonautonomous,trend20,0.26381620533724287,0.22721827107956,0.35390177144384943,35
eol_collection,S_scrap,2011.0,nonautonomous,trend50,0.2628304436796958,0.21149224625891105,0.450405059711283,30
eol_collection,S_scrap,2012.0,frozen,,0.27703256218792727,0.24531281293878524,0.3076961746100063,35
eol_collection,S_scrap,2012.0,nonautonomous,hold,0.2720159615149909,0.2468733453997104,0.3126226566910929,35
eol_collection,S_scrap,2012.0,nonautonomous,mean5,0.2705529670171901,0.24513261895775623,0.3085973934064513,35
eol_collection,S_scrap,2012.0,nonautonomous,trend20,0.2621622105251426,0.2264192563535409,0.35552249428631433,35
eol_collection,S_scrap,2012.0,nonautonomous,trend50,0.26222451756211407,0.208987769864805,0.4510736739937187,30
eol_collection,S_scrap,2013.0,frozen,,0.28593665477084174,0.2501315282997104,0.30725331318340454,35
eol_collection,S_scrap,2013.0,nonautonomous,hold,0.27135970242576213,0.245774932250599,0.3117284850885477,35
eol_collection,S_scrap,2013.0,nonautonomous,mean5,0.26898299262938224,0.2446632305895396,0.30767399371298015,35
eol_collection,S_scrap,2013.0,nonautonomous,trend20,0.26036947377209096,0.22525535955900744,0.357197707272736,35
eol_collection,S_scrap,2013.0,nonautonomous,trend50,0.26121885538333933,0.20641031418411548,0.4524901715472959,30
eol_collection,S_scrap,2014.0,frozen,,0.2926142231056458,0.2530256141481546,0.3205723253765816,35
eol_collection,S_scrap,2014.0,nonautonomous,hold,0.270549663236873,0.24436599995706315,0.3106132435675011,35
eol_collection,S_scrap,2014.0,nonautonomous,mean5,0.2672043997283345,0.24403793488623182,0.3061680583103405,35
eol_collection,S_scrap,2014.0,nonautonomous,trend20,0.2585214228797947,0.22340326221477852,0.3576796944898676,35
eol_collection,S_scrap,2014.0,nonautonomous,trend50,0.2601797082585018,0.20396887149872414,0.4534224725096777,30
eol_collection,S_scrap,2015.0,frozen,,0.2880742573340938,0.2571074655589841,0.33168144708432623,35
eol_collection,S_scrap,2015.0,nonautonomous,hold,0.2694908610769484,0.2426559038198957,0.3098506190583673,35
eol_collection,S_scrap,2015.0,nonautonomous,mean5,0.26573850702339363,0.24351488153363388,0.3049658407551148,35
eol_collection,S_scrap,2015.0,nonautonomous,trend20,0.25773054450317007,0.22076659812471877,0.3585865399163445,35
eol_collection,S_scrap,2015.0,nonautonomous,trend50,0.25988044653473097,0.20146638978493703,0.4566743983677991,30
eol_collection,S_scrap,2016.0,frozen,,0.2674327962204209,0.23480923661081177,0.2964348469394495,35
eol_collection,S_scrap,2016.0,nonautonomous,hold,0.2684970481804642,0.24182929995976124,0.30962186810121894,35
eol_collection,S_scrap,2016.0,nonautonomous,mean5,0.2656481821035901,0.2434396192884522,0.30482810080708267,35
eol_collection,S_scrap,2016.0,nonautonomous,trend20,0.2590967774286258,0.21893362751763085,0.3603554002438337,35
eol_collection,S_scrap,2016.0,nonautonomous,trend50,0.2601187485429003,0.19954785253960666,0.4623687742979151,30
eol_collection,S_scrap,2017.0,frozen,,0.2506735473167737,0.2381850606071635,0.2865431639121999,35
eol_collection,S_scrap,2017.0,nonautonomous,hold,0.26784154075484917,0.24157620642073346,0.30956668970588114,35
eol_collection,S_scrap,2017.0,nonautonomous,mean5,0.26583291412491966,0.24349036158006862,0.305387815068879,35
eol_collection,S_scrap,2017.0,nonautonomous,trend20,0.2601714558022132,0.21735396830476564,0.3629322936388991,35
eol_collection,S_scrap,2017.0,nonautonomous,trend50,0.25993191075858485,0.19726094796211058,0.46638106075069585,30
eol_collection,S_scrap,2018.0,frozen,,0.2812045491651616,0.24856426573077123,0.30991742949023865,35
eol_collection,S_scrap,2018.0,nonautonomous,hold,0.26727421061829854,0.24147346198849357,0.3091568657487911,35
eol_collection,S_scrap,2018.0,nonautonomous,mean5,0.26605068412660166,0.24351727601485018,0.305597773593576,35
eol_collection,S_scrap,2018.0,nonautonomous,trend20,0.26099623660307397,0.21560036662636753,0.3647151995233795,35
eol_collection,S_scrap,2018.0,nonautonomous,trend50,0.25911435630460455,0.194360811163789,0.46663227755494724,30
eol_collection,S_scrap,2019.0,frozen,,0.2671742290480117,0.24153985359482533,0.30907251108410283,35
eol_collection,S_scrap,2019.0,nonautonomous,hold,0.2671742290480117,0.24153985359482533,0.30907251108410283,35
eol_collection,S_scrap,2019.0,nonautonomous,mean5,0.26656278684825685,0.2436629577784763,0.3058178731954829,35
eol_collection,S_scrap,2019.0,nonautonomous,trend20,0.2619900300324338,0.2138630761754137,0.3665320275785589,35
eol_collection,S_scrap,2019.0,nonautonomous,trend50,0.25846655476640845,0.19137223830868072,0.466420474632712,30
