seed,index,eig,eig_rel,sv
0,0,1160.0066349422636,1.0,34.058870136019834
0,1,585.0267204697526,0.5043304950569277,24.187325616317167
0,2,436.82796232875046,0.37657367567599515,20.900429716365892
0,3,410.68835407230216,0.3540396595168985,20.26544729514506
0,4,227.45453407592996,0.19608037335687387,15.081595872981412
0,5,165.6783964665179,0.14282538692096716,12.871612038378018
0,6,138.75634650511842,0.11961685590878078,11.779488380448381
0,7,65.7149470299353,0.05665049237688722,8.10647562322464
0,8,57.581735462195375,0.04963914319771228,7.588263006920317
0,9,51.24703532870736,0.04417822604200712,7.158703467018826
0,10,32.4581116575243,0.027980970694309708,5.69720209028294
0,11,25.89409760090607,0.02232237025281746,5.088624332853239
0,12,21.389345673249284,0.01843898563072778,4.624861692337327
0,13,20.551227397416106,0.017716474008305127,4.533346159010594
0,14,18.512600506458007,0.01595904708543277,4.302627163310575
0,15,16.854949701039594,0.01453004594398592,4.105478011272207
0,16,14.684190268015847,0.012658712308784953,3.8319955986425462
0,17,13.590056138975083,0.011715498626998364,3.686469332433824
0,18,9.90808375203041,0.008541402655445639,3.147710874910593
0,19,9.36717956229243,0.008075108607252628,3.0605848399109
0,20,7.228835844158711,0.0062317193940175245,2.688649446126942
0,21,6.634930286116308,0.00571973477241925,2.5758358422299175
0,22,6.540581733564549,0.00563840027853814,2.557456105892054
0,23,6.128119459355618,0.005282831386271019,2.475503879891045
0,24,5.918440449938223,0.005102074653420235,2.4327845054460173
0,25,5.2678177807987305,0.004541196250192933,2.295172712629429
0,26,5.141292457887054,0.0044321233198316564,2.2674418312025235
0,27,4.412766973906952,0.0038040877017281767,2.1006587000050607
0,28,4.286604441746176,0.0036953275202253745,2.0704116599715565
0,29,4.025656143958645,0.003470373377785905,2.006403783877673
0,30,3.368720349928402,0.0029040526566437024,1.8354074070702673
0,31,3.2824856447463833,0.0028297128187631105,1.8117631315230982
0,32,3.170398393442502,0.0027330864306653736,1.7805612579865098
0,33,2.963209275495278,0.002554476143701337,1.7213974774860332
0,34,2.6532571478521882,0.00228727756198071,1.6288821774002527
0,35,2.437525642189604,0.002101303189796777,1.5612577116509638
0,36,2.1771843971825895,0.0018768723657265575,1.4755285145271133
0,37,1.7436409564776025,0.0015031301580136116,1.3204699756062621
0,38,1.6240834863735174,0.00140006396295686,1.2743953414751317
0,39,1.5405775317889712,0.0013280764828260223,1.2412000369758982
0,40,1.4843033616298158,0.0012795645446490858,1.2183198929795966
0,41,1.4038290158177444,0.0012101905054082871,1.1848329062858376
0,42,1.2226990081413804,0.0010540448401851056,1.1057572103049478
0,43,1.2047631954595528,0.001038583021138941,1.0976170531927576
0,44,1.1707119355004727,0.0010092286545919126,1.081994424893434
0,45,1.0153309070279082,0.0008752802582706294,1.007636296998033
0,46,0.9892793587168996,0.0008528221554233941,0.9946252353107172
0,47,0.9332971448747476,0.0008045619022870503,0.9660730535910561
0,48,0.8738660840780654,0.0007533285222300129,0.9348080466481156
0,49,0.8458971067466206,0.0007292174727851646,0.9197266478397919
0,50,0.8345408976209212,0.0007194276933273389,0.9135320999400739
0,51,0.7472736733299791,0.0006441977578578011,0.8644499252877399
0,52,0.7252681934039422,0.0006252276250471968,0.8516267923239277
0,53,0.6800565396190092,0.000586252284369785,0.8246554065905403
0,54,0.653038795657891,0.0005629612590021042,0.8081081583908747
0,55,0.5921181072705882,0.0005104437245740921,0.7694921099469365
0,56,0.5633086414028236,0.00048560812019050284,0.7505389006592686
0,57,0.5526090406554894,0.00047638437920055014,0.7433767824296703
0,58,0.5012475472238489,0.00043210748294452404,0.7079883807124584
0,59,0.48378954777568667,0.00041705756950240723,0.6955498168899814
0,60,0.4323853323504566,0.00037274384415221686,0.6575601359194888
0,61,0.42652029990639023,0.0003676878106198239,0.6530852164200245
0,62,0.404774537161666,0.0003489415706504236,0.6362189380721592
0,63,0.3975422547417493,0.00034270688008740223,0.6305095199453766
0,64,0.39626502897315824,0.0003416058296881046,0.629495853023003
0,65,0.3649061175509677,0.00031457243998361264,0.6040745960152336
0,66,0.3470434497146971,0.00029917367647812657,0.5891039379555165
0,67,0.3219183109095961,0.00027751419794734084,0.5673784547456804
0,68,0.30316453243424174,0.0002613472400089599,0.5506037889755588
0,69,0.2769192853346068,0.0002387221564024845,0.5262312090085562
0,70,0.2705175716584019,0.0002332034692817651,0.5201130373855302
0,71,0.2641065836142759,0.00022767678706201637,0.5139130117191779
0,72,0.25366333508425093,0.00021867403809882206,0.5036500124930515
0,73,0.2457840451793791,0.00021188158565283756,0.4957661194347382
0,74,0.2362764525489274,0.0002036854319895226,0.4860827630650231
0,75,0.22090858711065073,0.00019043734790503668,0.47000913513531917
0,76,0.20987133200734975,0.00018092252723864426,0.4581171596953663
0,77,0.19327599899999243,0.0001666162875090902,0.4396316628724465
0,78,0.18482877640381518,0.0001593342407157995,0.4299171738879655
0,79,0.1814060223368065,0.00015638360753499959,0.42591785867324994
0,80,0.16674054391517734,0.0001437410260360075,0.40833876122060386
0,81,0.16211636380855696,0.00013975468667610326,0.4026367641045176
0,82,0.155518134742064,0.000134066590705151,0.3943578764803158
0,83,0.15130443860375034,0.000130434114811146,0.3889787122758138
0,84,0.14690679696578499,0.00012664306611754586,0.38328422478075586
0,85,0.13910898863154963,0.00011992085600309815,0.3729731741446691
0,86,0.13476213406752133,0.00011617358901936692,0.36709962417240544
0,87,0.12367178179015992,0.00010661299518887266,0.3516699898913183
0,88,0.12013349123499341,0.00010356276215693607,0.34660278595965355
0,89,0.1116762208480554,9.627205352460229e-05,0.3341799228679895
0,90,0.11028892104218671,9.507611225661314e-05,0.33209775826130883
0,91,0.10321573438992918,8.897857243296412e-05,0.32127205665903963
0,92,0.09822849971176367,8.467925678429654e-05,0.3134142621384095
0,93,0.09530409754273772,8.215823485137327e-05,0.30871361735877106
0,94,0.09302909412037773,8.019703622213162e-05,0.3050067115989052
0,95,0.08727279277012756,7.52347358551715e-05,0.2954196892052518
0,96,0.08507829113909215,7.33429349249599e-05,0.2916818320346541
0,97,0.08032764333467392,6.924757231123253e-05,0.2834213177138832
0,98,0.077557562365279,6.685958513430333e-05,0.27849158401158014
0,99,0.07674680796789254,6.616066292733957e-05,0.2770321424815044
0,100,0.07555436541216823,6.51327010866009e-05,0.2748715434747079
0,101,0.07094018553001612,6.115498256054973e-05,0.2663459883873157
0,102,0.06163705952834375,5.31350922242023e-05,0.24826812024169304
0,103,0.0611297728024379,5.269777858251688e-05,0.24724435848455248
0,104,0.05797388821388019,4.997720398104938e-05,0.24077767382770396
0,105,0.0552170977138267,4.760067403974374e-05,0.23498318602365298
0,106,0.05099726053335528,4.3962904174158915e-05,0.2258257304501754
0,107,0.04779980514280681,4.1206492879401435e-05,0.21863166546227197
0,108,0.04572834855044439,3.94207646516784e-05,0.213841877447904
0,109,0.04469481600955421,3.852979341948228e-05,0.21141148504647095
0,110,0.04298878525498424,3.705908566387113e-05,0.20733737061847832
0,111,0.04248146027511429,3.6621739044819084e-05,0.20611031093837662
0,112,0.03950133693859793,3.4052681897430704e-05,0.19874943254912183
0,113,0.03712138028380677,3.200100686118437e-05,0.19266909530022394
0,114,0.035854706762430216,3.090905317469567e-05,0.18935339120921552
0,115,0.034883207910725404,3.0071558954886175e-05,0.18677046851878218
0,116,0.03403666651580594,2.9341786064439217e-05,0.1844902884051243
0,117,0.0322630583351186,2.781282224021452e-05,0.17961920369247436
0,118,0.028945704376337478,2.4953050701971352e-05,0.17013437153126196
0,119,0.02784673512379706,2.4005668834112366e-05,0.16687341047571677
0,120,0.026905126493494656,2.319394189916318e-05,0.16402782231528484
0,121,0.025363538557838353,2.1864994383502605e-05,0.1592593437065416
0,122,0.024328625909854424,2.097283341061693e-05,0.15597636330500345
0,123,0.023226110448980257,2.0022394484093858e-05,0.15240114976265848
0,124,0.022087454684862957,1.9040800301941637e-05,0.14861848702252003
0,125,0.021509510475653193,1.8542575385117322e-05,0.14666120985336645
0,126,0.020861436183059873,1.7983893845657355e-05,0.1444348856165292
0,127,0.020478782677166088,1.7654022020473502e-05,0.14310409734583454
0,128,0.019193025611588303,1.6545617096874267e-05,0.13853889566323352
0,129,0.018847202115936733,1.624749509891795e-05,0.13728511250655234
0,130,0.017701014748139367,1.5259408192109512e-05,0.13304516055888455
0,131,0.016756477283502012,1.4445156414416563e-05,0.12944681256601884
0,132,0.0163547560329613,1.40988469723497e-05,0.12788571473374694
0,133,0.014569329426591174,1.2559694908397075e-05,0.12070347727630375
0,134,0.01355455256740253,1.1684892274842181e-05,0.11642402057738141
0,135,0.012211890947651363,1.0527431981679293e-05,0.11050742485304489
0,136,0.012039654899194634,1.037895347882547e-05,0.10972536123975457
0,137,0.011860618465438042,1.0224612608382515e-05,0.10890646659146573
0,138,0.010694481327218291,9.219327721992367e-06,0.10341412537568691
0,139,0.010514148364805785,9.063869160825188e-06,0.10253852137029179
0,140,0.010246340689880217,8.833001796054557e-06,0.10122420999879533
0,141,0.009681165311167597,8.345784428767041e-06,0.09839291291128441
0,142,0.009175489479710525,7.909859481249616e-06,0.0957887753325541
0,143,0.008943655331350338,7.710003599932414e-06,0.09457090108141265
0,144,0.008522130548504864,7.346622244905548e-06,0.09231538630426059
0,145,0.008040672056838777,6.931574195038101e-06,0.08966979456226482
0,146,0.007688952303332711,6.628369245246092e-06,0.08768667118401012
0,147,0.00750076729894822,6.466141721095889e-06,0.08660697026768815
0,148,0.0070986889008915035,6.119524395000398e-06,0.08425371743069562
0,149,0.0070316814029895425,6.061759641003714e-06,0.08385512150721351
0,150,0.006838526790821693,5.895247996716901e-06,0.08269538554733083
0,151,0.006296765687536467,5.42821523417396e-06,0.07935216246288734
0,152,0.0061118542393924,5.268809725124203e-06,0.0781783489170269
0,153,0.005742949678720305,4.950790371131063e-06,0.07578225173957491
0,154,0.005484635659483929,4.728107145487933e-06,0.07405832606455488
0,155,0.005323703193439287,4.589373054494866e-06,0.0729637114834442
0,156,0.005190851615621694,4.474846487304838e-06,0.07204756495275669
0,157,0.004882373184182841,4.208918326079961e-06,0.06987398073806043
0,158,0.004533140494206318,3.907857384308792e-06,0.06732860086327591
0,159,0.004263013274801625,3.6749904236658145e-06,0.06529175502926557
0,160,0.004060666279348133,3.500554356355248e-06,0.06372335740800333
0,161,0.0038547199439549163,3.323015427533977e-06,0.06208639097221642
0,162,0.0036339621121783943,3.1327080403805326e-06,0.06028235324021777
0,163,0.003526154148922974,3.0397706726035055e-06,0.059381429327046126
0,164,0.0033420021182915902,2.8810198300787565e-06,0.05781005205231691
0,165,0.002907333391062916,2.506307553325004e-06,0.053919693907355556
0,166,0.0028417114593672146,2.449737246122436e-06,0.05330770544083861
0,167,0.002616604254172339,2.255680420571537e-06,0.051152754121086566
0,168,0.002584208501875297,2.2277532076391264e-06,0.05083511091632728
0,169,0.002471993083764018,2.131016331546289e-06,0.04971914202562246
0,170,0.0023890766125647268,2.0595370238409344e-06,0.04887818135492284
0,171,0.0022328057167801643,1.9248215049143202e-06,0.047252573652449496
0,172,0.002206153351257465,1.9018454591574562e-06,0.04696970674016887
0,173,0.0021735748572849893,1.8737607111990126e-06,0.04662161362806943
0,174,0.002029880952808173,1.7498873641435724e-06,0.04505420016833251
0,175,0.002004055220972061,1.727623929557789e-06,0.04476667533972186
0,176,0.0018825078693630924,1.6228423292223579e-06,0.043387876986124736
0,177,0.0017611877066823882,1.518256580291066e-06,0.04196650696308174
0,178,0.0017130345885437474,1.476745508984963e-06,0.04138882202411356
0,179,0.0016832930686145504,1.4511064143166147e-06,0.04102795472131837
0,180,0.001596975747181776,1.3766953559375643e-06,0.03996217895938328
0,181,0.0015350950841921712,1.32335026193068e-06,0.0391802894858138
0,182,0.0015160584590982627,1.3069394720951063e-06,0.038936595371170585
0,183,0.0014370601918351634,1.2388379070837723e-06,0.03790857675823722
0,184,0.001352993718879946,1.1663672242247889e-06,0.036783062934996946
0,185,0.001275179047861516,1.0992859949675933e-06,0.03570964922624578
0,186,0.0012014572407851,1.0357330765137386e-06,0.03466204322865431
0,187,0.0011547515514160928,9.954697814927305e-07,0.03398163550237235
0,188,0.0011213172270774837,9.666472529558372e-07,0.03348607512201876
0,189,0.0010381659088609919,8.949654920832965e-07,0.03222058206893525
0,190,0.000948672569728939,8.178165030721196e-07,0.030800528724827744
0,191,0.0008792715012786213,7.579883379911744e-07,0.02965251256265852
0,192,0.0008400301336131033,7.241597662541936e-07,0.02898327334193126
0,193,0.0007826374495777025,6.746835974922301e-07,0.027975658161653722
0,194,0.0007468712649796829,6.438508560917468e-07,0.027328945551917713
0,195,0.0006793495684192727,5.856428299249215e-07,0.026064335180841898
0,196,0.0006321744193296459,5.449748305630258e-07,0.025143078954846517
0,197,0.0006198067143350591,5.34313076895382e-07,0.024895917623880808
0,198,0.0006127423555211095,5.282231472336425e-07,0.02475363317820456
0,199,0.0005882820855630062,5.071368282236476e-07,0.024254527114809025
0,200,0.0005462465706851378,4.708995226672353e-07,0.023371918421155286
0,201,0.0005278729483383497,4.5506028365486306e-07,0.02297548581289087
0,202,0.00048016004476382745,4.13928705492039e-07,0.021912554501103413
0,203,0.0004667600347998928,4.023770388374758e-07,0.021604629938971248
0,204,0.0004472305999233277,3.855414154123243e-07,0.02114782730975756
0,205,0.0004161728911573128,3.587676816848782e-07,0.02040031595729127
0,206,0.0003893686848206052,3.356607394232577e-07,0.019732427240980902
0,207,0.00036866098709926695,3.1780937797620105e-07,0.019200546531264857
0,208,0.00034494157933345353,2.973617296168501e-07,0.01857260292294684
0,209,0.00033539379719269995,2.891309300221316e-07,0.01831375977762895
0,210,0.00033138633676974043,2.856762425210045e-07,0.01820401979700474
0,211,0.0003151144513328725,2.7164883530908125e-07,0.01775146335750584
0,212,0.0002894569412492166,2.495304186459447e-07,0.01701343414038496
0,213,0.00027546501749918203,2.3746848440474014e-07,0.016597138834726365
0,214,0.0002534914465149851,2.185258591452815e-07,0.0159214147146221
0,215,0.0002445614644512829,2.108276427776254e-07,0.015638461064033216
0,216,0.00023528375833663313,2.0282966601164636e-07,0.01533896210102343
0,217,0.00022354351894260564,1.927088278712578e-07,0.014951371808051783
0,218,0.0002147974444954807,1.851691516455608e-07,0.014655969585649416
0,219,0.00020364828165244796,1.7555785934154076e-07,0.014270538940504243
0,220,0.00017899951790801584,1.5430904661758688e-07,0.013379070143624177
0,221,0.00016647243216791907,1.4350989654141487e-07,0.012902419624547912
0,222,0.00016044378044038985,1.3831281270936482e-07,0.012666640455953183
0,223,0.00015351370407198472,1.3233864311442103e-07,0.012390064732356515
0,224,0.00014712755157515937,1.2683337072678233e-07,0.012129614650728166
0,225,0.0001427012793849378,1.2301764066378845e-07,0.011945764077066724
0,226,0.0001355002720178676,1.1680991119900947e-07,0.011640458410984836
0,227,0.00012319958220576352,1.0620592890996306e-07,0.011099530720069363
0,228,0.0001225939337119715,1.0568382112579321e-07,0.011072214489973156
0,229,0.00011268170794317286,9.713884778666055e-08,0.010615164056347545
0,230,0.00011158461080492646,9.619307980120329e-08,0.010563361718928613
0,231,0.00010630249173503184,9.16395549240309e-08,0.010310309972790917
0,232,0.00010175662744396731,8.772072881206579e-08,0.010087449005767876
0,233,9.279339790042079e-05,7.999385098779141e-08,0.009632932985359173
0,234,9.170395787092185e-05,7.905468392039515e-08,0.009576218349166953
0,235,8.974146106989101e-05,7.736288601000775e-08,0.009473196982533986
0,236,8.673415523676185e-05,7.477039580991606e-08,0.009313117374797864
0,237,8.276705135594488e-05,7.135049823233502e-08,0.009097639878339045
0,238,7.743053804901047e-05,6.675008203971555e-08,0.00879946237272542
0,239,7.536982220042583e-05,6.497361302090928e-08,0.008681579476133697
0,240,7.039663040023937e-05,6.068640323229115e-08,0.00839026998375138
0,241,6.498303166625984e-05,5.60195344654164e-08,0.008061205348225527
0,242,6.068826881621894e-05,5.231717387481973e-08,0.00779026757025835
0,243,5.95828068261773e-05,5.136419485147417e-08,0.007718990013348722
0,244,5.7763416965269904e-05,4.979576428728352e-08,0.0076002247970221185
0,245,5.2441408432318905e-05,4.520785213864664e-08,0.0072416440420887095
0,246,5.143262841658111e-05,4.433821916815247e-08,0.00717165451040282
0,247,4.992937312638732e-05,4.304231684750012e-08,0.00706607197291305
0,248,4.48993643996708e-05,3.870612722995809e-08,0.006700698799354497
0,249,4.3448763310278606e-05,3.745561620209281e-08,0.006591567591269819
0,250,4.14981875499242e-05,3.577409499212879e-08,0.00644190868841869
0,251,3.980274604292338e-05,3.431251584600157e-08,0.006308941753014001
0,252,3.710115151499922e-05,3.1983568367129065e-08,0.006091071458700778
0,253,3.644643810457053e-05,3.1419163482961074e-08,0.00603708854536444
0,254,3.422146518398733e-05,2.950109434993931e-08,0.005849911553518337
0,255,3.367207749708166e-05,2.902748698394954e-08,0.00580276464257182
0,256,3.049248573911629e-05,2.628647528437109e-08,0.005522000157471592
0,257,2.809367844141882e-05,2.4218549786844204e-08,0.005300347011415274
0,258,2.7505131035288897e-05,2.371118423530215e-08,0.005244533443051812
0,259,2.5807710309881814e-05,2.2247898876170072e-08,0.005080128965871025
0,260,2.467421408083117e-05,2.1270752543634602e-08,0.00496731457437831
0,261,2.444823841225424e-05,2.107594704703658e-08,0.00494451599373025
0,262,2.143793834811966e-05,1.848087562808352e-08,0.004630112131268492
0,263,2.0322737949692804e-05,1.751950147311383e-08,0.004508074749789848
0,264,1.8853132911623108e-05,1.6252607824576344e-08,0.004342019450857298
0,265,1.8495663663554798e-05,1.5944446442304505e-08,0.004300658515106122
0,266,1.676837945993498e-05,1.4455416852654109e-08,0.004094921178720658
0,267,1.5991721003152178e-05,1.3785887529814108e-08,0.003998964991488695
0,268,1.3756000179524307e-05,1.1858553016129064e-08,0.00370890821934492
0,269,1.3236627007464507e-05,1.1410820083906956e-08,0.0036382175591166215
0,270,1.2168032631219898e-05,1.0489623304461125e-08,0.0034882707221802465
0,271,1.2036133276847466e-05,1.0375917614856172e-08,0.0034693130842931236
0,272,9.947447922023938e-06,8.575337090652974e-09,0.00315395750161982
0,273,9.591574945761643e-06,8.268551796894712e-09,0.0030970267912566792
0,274,7.97702918461198e-06,6.876709963826213e-09,0.0028243635007930514
0,275,7.20980998568904e-06,6.215317885701481e-09,0.002685108933672718
0,276,6.429620397541341e-06,5.5427445015099926e-09,0.0025356696152183038
0,277,4.798256355297754e-06,4.136404233184903e-09,0.0021904922632362237
0,278,3.903701816513376e-06,3.3652409382190064e-09,0.0019757787873426963
0,279,3.1251424006142992e-06,2.6940728668934253e-09,0.0017678072294835484
0,280,2.326595221462147e-06,2.005674063733219e-09,0.0015253180722269526
0,281,7.840088474364196e-07,6.758658302634981e-10,0.0008854427409135046
0,282,6.398376614575579e-07,5.515810359907158e-10,0.0007998985319761238
0,283,3.98047905121043e-07,3.43142783093525e-10,0.0006309103780419553
0,284,1.7774342154537018e-07,1.5322621111922941e-10,0.0004215962779073959
0,285,1.5047488262498686e-07,1.2971898443708156e-10,0.0003879109209921614
0,286,1.1952957391580432e-07,1.030421467561292e-10,0.00034573049318190654
0,287,7.36578335350798e-08,6.349776916469614e-11,0.00027139976701368
0,288,6.083554151706568e-08,5.244413237351321e-11,0.00024664861953204944
0,289,4.9825060681148497e-08,4.295239284008786e-11,0.00022321527878070644
0,290,4.052505153126484e-08,3.493518942956897e-11,0.00020130834938289282
0,291,3.5808170658674624e-08,3.086893607333279e-11,0.0001892304696888813
0,292,2.575177604865284e-08,2.219967996125692e-11,0.00016047359922633018
0,293,2.0467912183616385e-08,1.7644650958944835e-11,0.00014306611123398994
0,294,1.863957126846043e-08,1.606850401281383e-11,0.00013652681519928762
0,295,1.6778724967888067e-08,1.4464335342981193e-11,0.00012953271775072145
0,296,1.4373563758935067e-08,1.2390932367081224e-11,0.00011988979839392118
0,297,1.2415954103912626e-08,1.0703347489500005e-11,0.00011142690027059276
0,298,9.988595443965769e-09,8.610808889436159e-12,9.994296095256418e-05
0,299,8.700349138038616e-09,7.500258081258004e-12,9.32756620884495e-05
0,300,7.920397314542929e-30,6.827889665421739e-33,2.814320044796421e-15
0,301,7.920397314542929e-30,6.827889665421739e-33,2.814320044796421e-15
0,302,7.920397314542929e-30,6.827889665421739e-33,2.814320044796421e-15
0,303,7.920395542053434e-30,6.827888137422293e-33,2.8143197298909435e-15
1,0,1543.509420813698,1.0,39.287522457056234
1,1,627.9651173370648,0.4068424260125461,25.05923217772374
1,2,581.7984548021957,0.37693223439834056,24.120498643315724
1,3,358.61811240874863,0.23233943866678475,18.937215011948
1,4,221.76480139551026,0.1436757031768563,14.891769585764825
1,5,149.54882327734086,0.09688883090749302,12.229015629940983
1,6,119.8793915125651,0.07766677021599766,10.948944767079844
1,7,73.53981715581992,0.047644553485816525,8.575535969012078
1,8,53.07625227524449,0.034386736847556186,7.285345034742314
1,9,50.00309518678871,0.0323957175204207,7.0712866712352085
1,10,35.18966569283824,0.02279847807750157,5.932087802185521
1,11,31.028832755638913,0.02010278158152175,5.570353018942239
1,12,22.33964490869351,0.014473280569234642,4.726483355380987
1,13,20.891338698180544,0.013534960277189092,4.570704398468637
1,14,18.392034721897133,0.011915725601597774,4.28859355988617
1,15,16.921763773894806,0.010963174921844074,4.113607148707179
1,16,13.417790739241187,0.008693041039015931,3.6630302673116404
1,17,13.305059436930083,0.008620005331691466,3.647610099356849
1,18,11.517543242891376,0.0074619196278177735,3.393750615895543
1,19,10.609328046880067,0.006873510393792807,3.257196347609408
1,20,8.375469482263616,0.00542625096376042,2.8940403387416036
1,21,7.84344811544626,0.0050815680226372695,2.800615667214311
1,22,7.027841224459111,0.004553157324270957,2.6510075866468417
1,23,5.88914564688904,0.0038154257871548564,2.4267561984857564
1,24,5.741965985401344,0.0037200718751520994,2.3962399682421927
1,25,5.357970938344145,0.003471291374120388,2.31472912850384
1,26,5.163517830341134,0.003345310213668189,2.272337525620068
1,27,4.5774934980295345,0.0029656401420707877,2.139507770032522
1,28,4.08783657591434,0.0026484040335557776,2.021839898684943
1,29,3.4507649676972836,0.002235661746643652,1.8576234730690941
1,30,3.362779865510578,0.002178658465030818,1.833788391693703
1,31,3.102213584078874,0.002009844282287223,1.7613101896255736
1,32,2.9181188934103597,0.0018905740736405764,1.7082502432051223
1,33,2.620943121628884,0.001698041544992444,1.6189327106550426
1,34,2.57746720353293,0.0016698746173989378,1.6054492217236054
1,35,2.4344588423105473,0.001577223183404455,1.5602752456892173
1,36,2.1927815760985743,0.0014206467071270592,1.4808043679360803
1,37,1.8726083793666426,0.0012132147391620404,1.368432818726094
1,38,1.678074367162878,0.0010871811629618955,1.295405097706072
1,39,1.5790191588700888,0.0010230058447182467,1.2565902907750357
1,40,1.4884258817781137,0.0009643127937589486,1.22001060724
1,41,1.4471914965383692,0.0009375980975713434,1.2029927250562944
1,42,1.3947107741687301,0.0009035971892115015,1.180978735697104
1,43,1.3221114664740445,0.0008565619675823306,1.1498310599710049
1,44,1.1217379075209841,0.0007267450994433407,1.0591212902784006
1,45,1.0343181312350775,0.000670108077921424,1.0170143220402934
1,46,0.9659439030490301,0.0006258101764871701,0.9828244517964692
1,47,0.8993205682050395,0.0005826466337542282,0.9483251384441095
1,48,0.8715747348635274,0.0005646708229380653,0.9335816701625667
1,49,0.744497272400588,0.0004823406079427157,0.8628425536565684
1,50,0.7277002110849905,0.00047145822453183725,0.8530534632043824
1,51,0.6946151435731288,0.00045002326141096424,0.8334357465174678
1,52,0.6778793672328268,0.00043918058295715906,0.8233342985888702
1,53,0.6587687693386725,0.00042679931878315764,0.8116457166391458
1,54,0.6227979910131863,0.00040349477794885335,0.7891755134399359
1,55,0.5951736360794255,0.0003855976698643443,0.7714749743701512
1,56,0.5781198213262645,0.00037454894251406304,0.7603419108047803
1,57,0.500728427795754,0.0003244090518940811,0.7076216699591343
1,58,0.48512390862110855,0.0003142992858218927,0.6965083693833898
1,59,0.4692034458138184,0.0003039848280073772,0.6849842668367051
1,60,0.44063349479706587,0.00028547509257492926,0.6638023009880772
1,61,0.38941598000346633,0.0002522925838691521,0.624032034436908
1,62,0.3768867848484239,0.0002441752410229793,0.6139110561379587
1,63,0.36791010632457816,0.0002383594822055738,0.6065559383309821
1,64,0.35043525327870234,0.00022703797498946395,0.5919757201766829
1,65,0.34271695022732435,0.00022203748523067187,0.585420319281219
1,66,0.3284680266757229,0.0002128059746487087,0.5731213018861914
1,67,0.3116412864842535,0.00020190436305854507,0.5582484092984533
1,68,0.29761391763495854,0.00019281639206197022,0.5455400238616398
1,69,0.28276093036008454,0.0001831935241516183,0.5317526966175955
1,70,0.2751312878893482,0.00017825047529953277,0.5245295872392216
1,71,0.2606462898075023,0.00016886601810962474,0.5105352973179252
1,72,0.24485178425864185,0.00015863316475876277,0.49482500367164334
1,73,0.2366445295395883,0.000153315895807643,0.48646123128116625
1,74,0.22301001802129472,0.00014448244695761537,0.4722393651754317
1,75,0.2098308652284774,0.0001359440132978651,0.45807299115804395
1,76,0.1838494647657081,0.0001191113331001164,0.4287767073497674
1,77,0.1801700772255096,0.00011672755267702132,0.42446445931963445
1,78,0.17718349513480114,0.00011479262306115023,0.42093169889520216
1,79,0.16703421908140775,0.00010821716850510162,0.4086982004871171
1,80,0.15716831408804283,0.00010182530276050262,0.3964445914475853
1,81,0.1551515281538687,0.00010051867909693539,0.393892787638805
1,82,0.15073678174661986,9.76584786033605e-05,0.38824835060386265
1,83,0.14706657905572268,9.528064880756802e-05,0.38349260625952447
1,84,0.1436423029432815,9.306214850801301e-05,0.379001718918637
1,85,0.13630318771361843,8.830732477276552e-05,0.36919261600635844
1,86,0.12724335625061098,8.243769330771664e-05,0.35671186726910414
1,87,0.12573563079236796,8.146087681543492e-05,0.35459220351323006
1,88,0.12037374281639407,7.79870476935192e-05,0.34694919342231373
1,89,0.113624311441144,7.361426493998606e-05,0.3370820544632182
1,90,0.11161867115245101,7.23148622530652e-05,0.33409380591751625
1,91,0.10784171267072105,6.986786812993323e-05,0.32839261969587724
1,92,0.0990635258390871,6.418070696767331e-05,0.3147435874471267
1,93,0.09701217910867294,6.285169225435025e-05,0.31146778181486595
1,94,0.09534416874900521,6.177103130264165e-05,0.3087785108277537
1,95,0.09455985054686662,6.126289173992676e-05,0.3075058544920188
1,96,0.08560839909158666,5.546347689051106e-05,0.29258913016649585
1,97,0.08088506186231481,5.2403348351236054e-05,0.2844029920066152
1,98,0.0783137812002836,5.073748183473905e-05,0.2798459955051771
1,99,0.07480398729249582,4.8463576758126366e-05,0.27350317601902874
1,100,0.07305046082850561,4.732751212493106e-05,0.2702784875429519
1,101,0.07023839728686278,4.5505648582199726e-05,0.26502527669424814
1,102,0.06794786450940184,4.4021671389333984e-05,0.26066811180004706
1,103,0.0630461635236229,4.084598556605285e-05,0.2510899510606167
1,104,0.06271993984012235,4.063463364354332e-05,0.2504394933713977
1,105,0.06088871051155821,3.944822732566107e-05,0.24675637886700763
1,106,0.05197443376312659,3.367289701136196e-05,0.22797902044514226
1,107,0.049229192505173505,3.189432590519671e-05,0.22187652535852798
1,108,0.04710480090781218,3.0517987303880374e-05,0.21703640456801754
1,109,0.046848073643626066,3.0351660321534662e-05,0.2164441582571035
1,110,0.04510601435040485,2.9223024972938703e-05,0.2123817655788859
1,111,0.043169420409296624,2.7968355636299798e-05,0.20777252082336736
1,112,0.04137283644305171,2.6804395156358054e-05,0.20340313774141172
1,113,0.03954700519747389,2.5621486117412706e-05,0.19886428839154074
1,114,0.03753064088959857,2.431513561466531e-05,0.19372826559281062
1,115,0.03502539775360306,2.2692053110462123e-05,0.18715073538087704
1,116,0.03412453809840808,2.2108409341886954e-05,0.18472828180440612
1,117,0.03208139641691201,2.078471046843338e-05,0.17911280360965826
1,118,0.03069966255819085,1.988952068851435e-05,0.175213191735642
1,119,0.028521206805130272,1.847815531316591e-05,0.16888222761774038
1,120,0.02768451061391718,1.7936081400347155e-05,0.16638662991333522
1,121,0.026334896857041833,1.7061701407147073e-05,0.16228030335515717
1,122,0.02499288446896691,1.619224614501628e-05,0.158091380122279
1,123,0.02463170932362259,1.5958250070568015e-05,0.15694492449143613
1,124,0.02383330341868679,1.544098344804562e-05,0.15438038547265903
1,125,0.023612308359557688,1.5297806441058127e-05,0.1536629700336346
1,126,0.021185040717565676,1.3725242251127612e-05,0.14555081833354863
1,127,0.02059002467543994,1.3339746682326963e-05,0.1434922460463977
1,128,0.019021868187788313,1.2323778482518416e-05,0.13791978896368828
1,129,0.01735468636905549,1.124365432114211e-05,0.13173718673577134
1,130,0.01627814732679356,1.0546192402384007e-05,0.12758584297167755
1,131,0.016197923395044483,1.0494217383205449e-05,0.1272710626774385
1,132,0.014628355978771126,9.477335079081953e-06,0.12094774069312385
1,133,0.014473258005948671,9.3768510971049e-06,0.12030485445711936
1,134,0.014179410840874011,9.186475087012423e-06,0.11907733134763313
1,135,0.013619802033278477,8.823918953535426e-06,0.1167039075321751
1,136,0.012970561404662418,8.403292671725111e-06,0.11388837256130416
1,137,0.011805082706355927,7.648209040494611e-06,0.10865119744556857
1,138,0.010938753025226858,7.0869363527825005e-06,0.10458849375159228
1,139,0.01079113252580675,6.991296833237303e-06,0.10388037603805038
1,140,0.010089931760011472,6.537006916804125e-06,0.10044865235537744
1,141,0.009751592708320095,6.317805759280244e-06,0.09875015295340102
1,142,0.009389757268867201,6.083381897285192e-06,0.09690075989829595
1,143,0.008875874722665551,5.750450630865875e-06,0.0942118608385672
1,144,0.008606738866006821,5.576084441045765e-06,0.09277251137059307
1,145,0.008010936607132446,5.190079502663022e-06,0.08950383571184224
1,146,0.007549678227030304,4.891242078101675e-06,0.08688888436981053
1,147,0.007374287603734044,4.777611010528534e-06,0.08587367235500089
1,148,0.0069503821611845784,4.502973592166686e-06,0.0833689520216284
1,149,0.006692485606064175,4.33588905634024e-06,0.08180761337469866
1,150,0.006290904549442974,4.075715032647208e-06,0.07931522268419205
1,151,0.005796116788824752,3.755154786013026e-06,0.07613223225956764
1,152,0.005627689151482055,3.646034857704519e-06,0.07501792553438182
1,153,0.005374397725146982,3.4819338662110267e-06,0.07331028389760186
1,154,0.005109748618456452,3.3104745261371486e-06,0.07148250568115566
1,155,0.00501217617282614,3.2472598516333324e-06,0.07079672430858747
1,156,0.00464399830183184,3.0087268915946395e-06,0.06814688768998801
1,157,0.00459141470341778,2.974659332495234e-06,0.06775997862616089
1,158,0.004495281362352445,2.912377016774313e-06,0.06704685945182254
1,159,0.004148994420235347,2.6880266257449242e-06,0.06441268834814572
1,160,0.003930024259563506,2.5461614983157664e-06,0.06268990556352359
1,161,0.003862881210955594,2.50266124642063e-06,0.06215208130831657
1,162,0.003553436023174184,2.302179679150196e-06,0.059610703931208396
1,163,0.0035060457710833436,2.271476755376749e-06,0.059211871876198474
1,164,0.00336439524729452,2.1797050292837853e-06,0.05800340720418517
1,165,0.0031580510211570655,2.046019919653113e-06,0.05619653922758114
1,166,0.003073220336357431,1.9910603038219938e-06,0.055436633522946095
1,167,0.0030108645547748227,1.950661598934442e-06,0.05487134547990256
1,168,0.0027404908873409194,1.7754934633934427e-06,0.05234969806351245
1,169,0.0026960412699869075,1.7466957011286818e-06,0.05192341735659266
1,170,0.0025700472089182943,1.6650673939932498e-06,0.05069563303597554
1,171,0.0025030257959432443,1.621645946691867e-06,0.050030248809527667
1,172,0.002346029275739708,1.519931944764511e-06,0.04843582636581839
1,173,0.0022796191383081693,1.4769065271441062e-06,0.04774535724348671
1,174,0.002160201820137732,1.3995391223455767e-06,0.046477971342752604
1,175,0.0020600180342052036,1.3346326277161403e-06,0.04538742154171355
1,176,0.001973408231679857,1.27852036733247e-06,0.0444230596839058
1,177,0.0018412965076063832,1.1929285838992155e-06,0.042910331012547355
1,178,0.001771892055558879,1.14796322695898e-06,0.042093848191379214
1,179,0.0016563618778744971,1.0731142003664004e-06,0.040698425987677915
1,180,0.0015851235396140697,1.0269607157813354e-06,0.039813609979679934
1,181,0.0015247644962594947,9.878556461648796e-07,0.039048232946696765
1,182,0.001379879463342473,8.939883649139223e-07,0.03714672883771158
1,183,0.0013242445178909012,8.579439166576606e-07,0.036390170621898726
1,184,0.0012929799032167064,8.376883780437706e-07,0.03595802974603456
1,185,0.0012229322408181973,7.923063016832766e-07,0.03497044810719756
1,186,0.0011287742430671293,7.313037600198572e-07,0.03359723564621246
1,187,0.0010960314061290977,7.100905192734739e-07,0.0331063650395071
1,188,0.001058194539473899,6.855769878722519e-07,0.03252990223584908
1,189,0.001012718837557563,6.561144518468076e-07,0.03182324366807323
1,190,0.0010092596632789968,6.538733419242374e-07,0.03176884737095441
1,191,0.0009720709048811143,6.297797031706252e-07,0.0311780516530638
1,192,0.0009077500930972547,5.88107905825876e-07,0.030128891335348778
1,193,0.0008359104106112302,5.415648258049244e-07,0.0289121152911929
1,194,0.0007672629729039275,4.970899189584773e-07,0.027699512141984153
1,195,0.0007365366768098267,4.771831430880051e-07,0.027139209214894724
1,196,0.0007169774311798352,4.6451121160106905e-07,0.026776434250658454
1,197,0.000657459662124461,4.259511819356862e-07,0.025640976231892206
1,198,0.0005893233045982635,3.818073907754885e-07,0.024275982052190257
1,199,0.0005705965630201685,3.6967481722227834e-07,0.023887163142997297
1,200,0.0005210672779906566,3.375860690995741e-07,0.02282689812459539
1,201,0.0005030309702564852,3.259008098514231e-07,0.022428351929120544
1,202,0.00048120046840938863,3.117573899585999e-07,0.021936282009706855
1,203,0.0004551758498445616,2.9489670986562866e-07,0.02133485059344362
1,204,0.0004312489407738018,2.793950817264585e-07,0.02076653415410963
1,205,0.0004026205652354148,2.6084749455119216e-07,0.02006540717841068
1,206,0.0003930263702901736,2.5463166274876404e-07,0.019824892693030487
1,207,0.0003754316549136584,2.432324998157385e-07,0.01937605880755058
1,208,0.0003423985692329821,2.2183121438447617e-07,0.018504014949004503
1,209,0.0003333420740489982,2.1596374440867938e-07,0.01825765795629325
1,210,0.00031205776255847955,2.0217418718051673e-07,0.017665156737444464
1,211,0.0002982954335004599,1.9325792863849598e-07,0.01727123138344397
1,212,0.00028619853448312257,1.854206593259704e-07,0.016917403302017794
1,213,0.00026669154547349103,1.7278258355747398e-07,0.016330693355564883
1,214,0.0002517728556133624,1.6311714863433376e-07,0.015867351877782328
1,215,0.00023261058444095257,1.50702406674218e-07,0.015251576457565053
1,216,0.00022876300610921252,1.4820965976910892e-07,0.015124913424850157
1,217,0.00020879773797016397,1.3527467675583817e-07,0.014449835222941609
1,218,0.00019816495418954318,1.283859699962672e-07,0.01407710745109034
1,219,0.0001817172761727771,1.1772994302618542e-07,0.013480255048506208
1,220,0.00017655205933499697,1.1438353206935617e-07,0.013287289390052321
1,221,0.000168233689136151,1.0899427426070558e-07,0.012970493018237626
1,222,0.00016030298979030435,1.0385617841308464e-07,0.012661081699061275
1,223,0.00015096284939655644,9.78049420112854e-08,0.012286693997839958
1,224,0.00014813811354778936,9.597486840714896e-08,0.012171200168750384
1,225,0.00014316030645673445,9.274987539840481e-08,0.011964961615347307
1,226,0.00013801208730945819,8.941447680747022e-08,0.011747854583261498
1,227,0.0001239117831732277,8.027925291696932e-08,0.011131566968456314
1,228,0.00011540515535498438,7.476802784536669e-08,0.010742679151635516
1,229,0.00011198340558615527,7.255116429877087e-08,0.010582221202855064
1,230,0.00011075694998954448,7.17565753056151e-08,0.010524112788712618
1,231,0.00010207545258274686,6.613205673142918e-08,0.010103239707279386
1,232,9.899323277483831e-05,6.413516590177445e-08,0.009949534299395038
1,233,9.51673071870982e-05,6.165644725182725e-08,0.009755373246939258
1,234,9.339901288982226e-05,6.051081491979798e-08,0.009664316472975326
1,235,8.884826080731203e-05,5.756249985210556e-08,0.009425935540163216
1,236,8.407432951364095e-05,5.446959272157805e-08,0.00916920550067676
1,237,7.888844003304438e-05,5.110978849190078e-08,0.008881916461724034
1,238,7.250345147089846e-05,4.697311885059732e-08,0.008514895857900932
1,239,7.11429356349216e-05,4.6091675681135065e-08,0.008434627178181713
1,240,6.971059039810268e-05,4.516369609286419e-08,0.008349286819729136
1,241,6.499472410117661e-05,4.2108407778238946e-08,0.008061930544303679
1,242,5.920466535430259e-05,3.835717784157834e-08,0.007694456793972047
1,243,5.779060052184102e-05,3.7441041656470956e-08,0.0076020129256560084
1,244,5.598607582444927e-05,3.62719365813361e-08,0.007482384367596286
1,245,4.984825940613027e-05,3.2295403405993835e-08,0.007060329978558387
1,246,4.864075318957649e-05,3.151309122812762e-08,0.006974292307437113
1,247,4.811491009871248e-05,3.11724110328705e-08,0.006936491195028829
1,248,4.5506574360437474e-05,2.948253748684449e-08,0.006745856088031931
1,249,4.267510074701512e-05,2.7648098658521902e-08,0.0065326182153111565
1,250,4.017359812424363e-05,2.602743953649804e-08,0.00633826459878756
1,251,3.599169104580855e-05,2.3318089647185095e-08,0.005999307547193139
1,252,3.524503220084827e-05,2.283434861205318e-08,0.005936752664617945
1,253,3.4425645861267046e-05,2.230348930628408e-08,0.005867337203644175
1,254,3.3479464921867046e-05,2.1690483044941536e-08,0.005786144218896298
1,255,3.087913538740403e-05,2.0005796512162106e-08,0.0055568998000147555
1,256,2.9908362853668667e-05,1.937685799021671e-08,0.005468853888491506
1,257,2.8441677725370074e-05,1.8426630470694738e-08,0.005333073947112498
1,258,2.7357764997678694e-05,1.7724391331059316e-08,0.005230465084261503
1,259,2.6525225773572846e-05,1.718501061016488e-08,0.005150264631411948
1,260,2.3926282057712087e-05,1.55012219135655e-08,0.004891449893202637
1,261,2.3394760108663833e-05,1.5156862532352234e-08,0.004836813011546325
1,262,2.1347377895746434e-05,1.383041632780748e-08,0.004620322271849274
1,263,2.013478486354384e-05,1.3044808533095513e-08,0.004487180056956021
1,264,1.799176911069185e-05,1.1656403821109856e-08,0.004241670556595815
1,265,1.6896325231690668e-05,1.0946693945530548e-08,0.004110513986314931
1,266,1.5269216060744758e-05,9.892531820567202e-09,0.003907584427846026
1,267,1.4966394342528806e-05,9.696341428637937e-09,0.0038686424418042055
1,268,1.3747249875151487e-05,8.90648912781128e-09,0.0037077283982448724
1,269,1.2743296098722682e-05,8.256053333321897e-09,0.0035697753568989018
1,270,1.1260971542193577e-05,7.295693431049541e-09,0.0033557371086236146
1,271,1.024934210481982e-05,6.640284773523853e-09,0.0032014593711024693
1,272,9.326867581657339e-06,6.04263728869271e-09,0.0030539920729526033
1,273,7.893152979219577e-06,5.11377052370598e-09,0.0028094755701410855
1,274,6.258846802187863e-06,4.054945643861611e-09,0.002501768734753047
1,275,5.8911289867019575e-06,3.816710741937881e-09,0.002427164804190675
1,276,5.573158180903053e-06,3.6107056463348497e-09,0.0023607537315236955
1,277,4.073427438819812e-06,2.639068724745721e-09,0.0020182733805953574
1,278,3.898635308579219e-06,2.5258254054089025e-09,0.00197449621640033
1,279,3.1898137037447416e-06,2.0665981436401955e-09,0.0017860049562486498
1,280,2.3422648730235877e-06,1.5174930851985385e-09,0.001530445971938764
1,281,7.87449393670783e-07,5.101681810634238e-10,0.0008873834535705424
1,282,5.813293516068927e-07,3.7662831452005715e-10,0.0007624495731567384
1,283,4.1244908089590867e-07,2.672151367100022e-10,0.0006422219872411008
1,284,1.8933966937195373e-07,1.2266829526193548e-10,0.00043513178391374
1,285,1.6945839929065456e-07,1.0978773242687467e-10,0.0004116532512815301
1,286,1.49085611563897e-07,9.658872796856851e-11,0.00038611605970730745
1,287,9.367574619780615e-08,6.069010330265606e-11,0.00030606493787725203
1,288,8.102273264880817e-08,5.249254170803512e-11,0.00028464492380649996
1,289,6.931987429179564e-08,4.491056119064827e-11,0.00026328667701157164
1,290,5.573765824734596e-08,3.61109932312318e-11,0.00023608824250128586
1,291,4.279998004421802e-08,2.7729004738859958e-11,0.00020688156042580986
1,292,2.9550703377371858e-08,1.9145139627196767e-11,0.00017190318024216963
1,293,2.4350184271522313e-08,1.5775857240110352e-11,0.00015604545578619812
1,294,2.322522970514173e-08,1.5047028150238303e-11,0.00015239826017754182
1,295,2.1534435167680762e-08,1.3951605916553699e-11,0.00014674615895375511
1,296,1.6224746607203873e-08,1.0511595451520217e-11,0.00012737639737095673
1,297,1.5225974339256364e-08,9.8645166229239e-12,0.0001233935749512768
1,298,1.2080179788898158e-08,7.82643735503072e-12,0.00010990987120772255
1,299,7.122314841904889e-09,4.6143643478056585e-12,8.439380807799165e-05
1,300,1.0641299782235776e-29,6.894224057684054e-33,3.262100516881075e-15
1,301,1.0641299782235776e-29,6.894224057684054e-33,3.262100516881075e-15
1,302,1.0641299782235776e-29,6.894224057684054e-33,3.262100516881075e-15
1,303,1.0641299579347264e-29,6.894223926237812e-33,3.262100485783242e-15
2,0,1265.2780719251898,1.0,35.570747418703334
2,1,585.6551189927559,0.4628667262854319,24.200312373867323
2,2,537.2937075567435,0.42464476345442526,23.17959679452478
2,3,286.5951566834568,0.22650764526993392,16.929121556757067
2,4,248.86874524926176,0.1966909494215721,15.77557432391169
2,5,174.97112171899502,0.1382866941278504,13.227665013863747
2,6,114.22934177968402,0.09028002959529507,10.687812768741976
2,7,89.4830511972795,0.0707220437805629,9.459548149741588
2,8,61.91301521943688,0.04893233874292379,7.868482396208107
2,9,40.86676704304441,0.03229864481952445,6.3927120256620675
2,10,35.70832667700996,0.028221722536199322,5.975644457044776
2,11,27.029215646506007,0.021362273041987977,5.198962939520343
2,12,23.912814581785483,0.018899256307667475,4.890073065076378
2,13,21.54771758609812,0.017030025307648057,4.641951915530591
2,14,20.044481192121,0.015841957303205475,4.47710634139072
2,15,17.621740402463935,0.013927168101199677,4.197825675568715
2,16,14.817669372153574,0.011710998318027972,3.8493725946124746
2,17,13.25329976288428,0.010474614281996256,3.6405081737148017
2,18,8.386533432278995,0.006628213685485299,2.895951213725638
2,19,8.127909816202555,0.0064238130704624445,2.850948932584124
2,20,7.0734149977285625,0.005590403528424368,2.659589253574424
2,21,6.330208445622407,0.005003017586474607,2.5159905495892483
2,22,5.7040184493152415,0.004508114521131521,2.388308700590282
2,23,5.5130450126901245,0.004357180555813889,2.34798743878457
2,24,5.318674636278978,0.004203561852760416,2.306225192013776
2,25,4.930786101768498,0.0038969979889606696,2.2205373452767008
2,26,4.504699408862049,0.003560244588770832,2.1224277158155584
2,27,4.272995829568038,0.003377119958355432,2.0671225966468554
2,28,3.9302712522730276,0.0031062509810929582,1.9824911733152881
2,29,3.418351636602781,0.002701660379999767,1.848878480756045
2,30,3.3948738805620327,0.0026831049679036535,1.842518352842661
2,31,2.7148624318061882,0.0021456646503605144,1.6476839599286595
2,32,2.4463456179172534,0.0019334450443727399,1.5640797990886697
2,33,2.2260208300176725,0.0017593135291048393,1.4919855327776046
2,34,2.1607417812299285,0.0017077208790493316,1.4699461831066907
2,35,2.11736959740623,0.0016734421028766714,1.4551184135341804
2,36,2.055746607773781,0.0016247389829856533,1.43378750440007
2,37,1.8745850128009787,0.0014815597095970334,1.3691548534774942
2,38,1.7637490413045467,0.0013939615966163913,1.3280621375916666
2,39,1.6300560300702303,0.0012882986485255458,1.276736476360815
2,40,1.5275182608405118,0.0012072589375680155,1.2359280969540711
2,41,1.5232930441114394,0.0012039195793488032,1.2342175837798777
2,42,1.365477191309446,0.0010791913822009083,1.1685363457374554
2,43,1.193309240662161,0.000943120146582858,1.0923869463986473
2,44,1.1850239812150054,0.0009365719737890712,1.0885880677349928
2,45,1.0761508949983825,0.0008505252077600302,1.0373769300492384
2,46,1.0620292516663097,0.0008393643067332812,1.0305480346234763
2,47,1.0325887285810134,0.0008160962807249739,1.0161637311875549
2,48,0.9033585962595836,0.0007139605248078583,0.9504517853418887
2,49,0.8341618943562925,0.0006592715963907203,0.9133246379882087
2,50,0.8259809807984826,0.0006528058923377273,0.9088349579535784
2,51,0.7592064296746998,0.0006000312868139141,0.8713245260376296
2,52,0.6896749226189551,0.0005450777484585479,0.8304666896504369
2,53,0.6209705520811071,0.0004907779292628271,0.7880168475870977
2,54,0.5939438994503925,0.0004694176818750003,0.7706775586783311
2,55,0.5852771136854498,0.00046256797353242567,0.7650340604740744
2,56,0.5540492487867033,0.00043788733961356576,0.7443448453416623
2,57,0.5263308785666456,0.000415980400075854,0.7254866494751269
2,58,0.49838685059687066,0.0003938951141692891,0.7059651907827118
2,59,0.483617783795377,0.0003822225284118977,0.6954263324000444
2,60,0.4550346151915583,0.0003596321040316444,0.6745625361607019
2,61,0.44056404876305066,0.00034819543508938583,0.6637499896520155
2,62,0.40419628165584737,0.0003194525303365454,0.6357643287066737
2,63,0.3796288782852607,0.00030003592625898795,0.6161403073044813
2,64,0.35958373749298844,0.0002841934476473319,0.5996530142448951
2,65,0.3494876177635999,0.0002762140793539837,0.591174777678818
2,66,0.32418187301284757,0.00025621393447496256,0.5693697155740263
2,67,0.30324312210404214,0.0002396651999529567,0.5506751511590496
2,68,0.29257442801317135,0.00023123330318054383,0.5409014956654967
2,69,0.2834190239490915,0.00022399742020175374,0.5323711336549828
2,70,0.2664539494568272,0.00021058924150278125,0.5161917758515988
2,71,0.25369133026916924,0.00020050243175649443,0.5036778040267104
2,72,0.23431137532447033,0.0001851856761952357,0.4840572025334096
2,73,0.22197627462779496,0.0001754367514565758,0.47114358175379506
2,74,0.20367186663674,0.0001609700437840056,0.4513001956976531
2,75,0.19152188611924292,0.00015136742694657774,0.43763213561076947
2,76,0.1820875474437182,0.00014391109075862038,0.42671717500437945
2,77,0.17462927985177593,0.00013801652279175908,0.41788668302755944
2,78,0.17073510682161913,0.00013493880168320338,0.41320104891156695
2,79,0.1680619129738473,0.0001328260693857848,0.4099535497758829
2,80,0.15809734163557929,0.00012495066906124876,0.3976145641643164
2,81,0.15060798531123798,0.00011903153042246254,0.3880824465384102
2,82,0.14502369870587895,0.00011461804477905592,0.3808197719471495
2,83,0.14321404371000906,0.00011318780186564134,0.37843631394200145
2,84,0.13560158052922236,0.00010717136694141639,0.36824119884828527
2,85,0.12950841399785723,0.00010235569308555477,0.35987277473831947
2,86,0.12784575465399484,0.00010104162673069211,0.3575552469954746
2,87,0.12081804206941762,9.548734365212412e-05,0.3475888980813651
2,88,0.11520274148908452,9.104934642058346e-05,0.33941529354035377
2,89,0.11365691046154652,8.982761416912198e-05,0.3371304057209117
2,90,0.1093875506599393,8.645336790947476e-05,0.33073788815304983
2,91,0.10416245960005817,8.23237689099988e-05,0.3227420945585781
2,92,0.09706177848367986,7.671181587458879e-05,0.3115473936396834
2,93,0.09225024350741155,7.290906683227961e-05,0.30372725183527993
2,94,0.09109214764363924,7.199377722956784e-05,0.3018147571667748
2,95,0.08755986213958025,6.920207034517964e-05,0.2959051573385977
2,96,0.08598789942806384,6.795968517594599e-05,0.2932369339426121
2,97,0.08119320387443459,6.417024500463735e-05,0.2849442118633656
2,98,0.07777390959932597,6.146783961962505e-05,0.27887974038880264
2,99,0.07454726574104414,5.891769358463346e-05,0.2730334516886972
2,100,0.07149195009524426,5.6502955106512944e-05,0.2673797862502778
2,101,0.06834597447331933,5.4016564413644815e-05,0.26143063032728076
2,102,0.0652570338518719,5.1575250768852535e-05,0.25545456318467263
2,103,0.0608878210602449,4.8122086686921514e-05,0.24675457657406255
2,104,0.057923482427231464,4.577925099033584e-05,0.24067297818249447
2,105,0.052773455322314915,4.170897804465797e-05,0.22972473815920416
2,106,0.04912926638342487,3.8828829388208714e-05,0.22165122689357006
2,107,0.04823963201719657,3.812571567275906e-05,0.21963522490073528
2,108,0.046870909381187285,3.704395928546413e-05,0.21649690386051088
2,109,0.043385243103649,3.428909744530385e-05,0.20829124586417214
2,110,0.04235859711215606,3.3477697948013225e-05,0.20581204316598206
2,111,0.038257405167336514,3.0236361489396383e-05,0.19559500292015775
2,112,0.03568002884421751,2.8199357624153238e-05,0.1888915796011498
2,113,0.03502831248548277,2.7684280050934003e-05,0.18715852234264613
2,114,0.03476881316627324,2.7479187332607914e-05,0.18646397283731042
2,115,0.03350871099146427,2.6483278051660954e-05,0.18305384724573331
2,116,0.030980109473816138,2.4484822871132356e-05,0.1760116742543407
2,117,0.030370288269134134,2.4002856718226436e-05,0.17427073268088975
2,118,0.028045503706253253,2.2165486250449663e-05,0.16746791843888564
2,119,0.02610879038109981,2.06348240441517e-05,0.1615821474702568
2,120,0.02561373624554774,2.024356290832974e-05,0.16004292001068882
2,121,0.024927530220872778,1.9701226769024914e-05,0.15788454712502037
2,122,0.024235643793199382,1.9154401179436805e-05,0.1556780131977518
2,123,0.022959067521639256,1.8145471759188697e-05,0.1515224984008621
2,124,0.022446699590599334,1.7740526836480657e-05,0.14982222662408717
2,125,0.02072620540743708,1.6380751288845957e-05,0.14396598698108204
2,126,0.01878494394023923,1.484649450350223e-05,0.13705817721040664
2,127,0.018665423382675662,1.475203261388637e-05,0.1366214601835146
2,128,0.018062486661303726,1.427550754421964e-05,0.13439675093283962
2,129,0.017317896537297796,1.368702810991395e-05,0.13159747922090984
2,130,0.016235619370822015,1.2831661064131644e-05,0.1274190698868188
2,131,0.015719031369848743,1.2423380850923446e-05,0.125375561294252
2,132,0.015002349690184947,1.1856958579356435e-05,0.12248407933354011
2,133,0.014560341121706769,1.1507621482408537e-05,0.12066623853301622
2,134,0.014224484567283618,1.1242180579040848e-05,0.11926644359283804
2,135,0.013716459064933951,1.0840667651865339e-05,0.11711728764334474
2,136,0.012940054945830323,1.0227044341439761e-05,0.1137543623156067
2,137,0.012404436309434556,9.803723453896998e-06,0.11137520509267113
2,138,0.011898033156461275,9.403492734492559e-06,0.10907810576124466
2,139,0.01138894212879623,9.001137679930967e-06,0.10671898673055433
2,140,0.010901488149323292,8.615883252237259e-06,0.10441019178855718
2,141,0.010285267233262386,8.128859150789509e-06,0.10141630654516258
2,142,0.009451957273541594,7.470260872505223e-06,0.09722117708370741
2,143,0.009186477869064198,7.2604418529805615e-06,0.09584611556586004
2,144,0.008939538737925027,7.065275954970933e-06,0.094549133988234
2,145,0.008590480086590978,6.789400904988492e-06,0.09268484280933414
2,146,0.008570005391600145,6.773218932467875e-06,0.0925743236086559
2,147,0.008301244633085578,6.560806527259878e-06,0.0911111663468621
2,148,0.007717793253009558,6.099681504213942e-06,0.08785097183873129
2,149,0.007406965036868245,5.85402150026843e-06,0.08606372660342013
2,150,0.007085707869594404,5.600119078024574e-06,0.08417664681842824
2,151,0.006415873581515328,5.070722178685374e-06,0.08009914844438315
2,152,0.0063294276899816355,5.002400523982103e-06,0.07955770038143156
2,153,0.005977070742578127,4.7239186983488036e-06,0.07731151752862006
2,154,0.005606722513778418,4.431217641547746e-06,0.07487805094804764
2,155,0.005442747424292577,4.301621552652959e-06,0.07377497830763881
2,156,0.005311373527877751,4.197791494004323e-06,0.07287917074087596
2,157,0.005076880287657863,4.012462082689152e-06,0.07125223005392788
2,158,0.004976775525769788,3.933345275001369e-06,0.07054626514401587
2,159,0.004752355938546,3.755977475619277e-06,0.06893733341627017
2,160,0.004619751428233379,3.6511748134575467e-06,0.06796875332263627
2,161,0.004073592883410675,3.2195238136170975e-06,0.06382470433469062
2,162,0.0039326055570081935,3.1080958757346667e-06,0.06271049000771875
2,163,0.003764512562638134,2.9752452414750394e-06,0.061355623724627995
2,164,0.003505010639644301,2.7701504652738e-06,0.0592031303196402
2,165,0.0033725949935802324,2.6654970701014715e-06,0.05807404750471791
2,166,0.00317562797152202,2.509826133863308e-06,0.05635271041859495
2,167,0.00298926938400221,2.3625394688567334e-06,0.054674211324921826
2,168,0.0029698013486673864,2.3471530998309893e-06,0.054495883777285294
2,169,0.00284973896763279,2.25226298539795e-06,0.053382946412059255
2,170,0.0027532723230939624,2.17602152774584e-06,0.05247163350891568
2,171,0.0026900075502530063,2.1260208407468983e-06,0.05186528270676837
2,172,0.0024757999822318413,1.956724009659613e-06,0.04975741132968878
2,173,0.0023870372365156684,1.8865712521862176e-06,0.048857315076820056
2,174,0.0022868239103116654,1.8073686417659462e-06,0.0478207476971206
2,175,0.002203472312036071,1.741492531110863e-06,0.04694115797502306
2,176,0.002137120582352377,1.6890520983269955e-06,0.04622900152882795
2,177,0.002003969129938868,1.5838171658896445e-06,0.04476571377671608
2,178,0.0019536396144643206,1.5440397315127346e-06,0.044199995638736445
2,179,0.001902044284271992,1.5032618730030844e-06,0.04361243268005113
2,180,0.0017800441718748136,1.4068402917679423e-06,0.04219056970313169
2,181,0.0017362083686880386,1.3721950986207345e-06,0.04166783374124504
2,182,0.0016679976971477276,1.3182854695409191e-06,0.0408411275205243
2,183,0.001559062870353726,1.2321899074576758e-06,0.039484970183016804
2,184,0.0015157746948027786,1.1979775263918425e-06,0.03893295127270444
2,185,0.0014781616377999357,1.1682504190962796e-06,0.03844686772417144
2,186,0.0014102774701922503,1.1145988391677697e-06,0.03755366120889214
2,187,0.0013286100866188762,1.0500538309316648e-06,0.036450104068697475
2,188,0.0012512743291472391,9.889322805091824e-07,0.03537335620417208
2,189,0.0011792683259813426,9.320230486465488e-07,0.03434047649613125
2,190,0.0011240610552257838,8.883905286649467e-07,0.03352701977846799
2,191,0.0010985248307011732,8.682082263780226e-07,0.0331440014286322
2,192,0.0010643137596527987,8.411698450075777e-07,0.032623821965747646
2,193,0.001017929727963952,8.045106846869765e-07,0.031905011016515133
2,194,0.0009317944085108845,7.364344875534817e-07,0.03052530767266539
2,195,0.0008448596535930932,6.677264645135223e-07,0.029066469575665586
2,196,0.000815721280442626,6.446972397154259e-07,0.0285608347294442
2,197,0.0007890135182707854,6.235890242452856e-07,0.028089384440937566
2,198,0.0007785503069728544,6.153195287643352e-07,0.027902514348582538
2,199,0.0007555070368087953,5.971075082801759e-07,0.027486488258939068
2,200,0.0007082448479403896,5.597543051250041e-07,0.02661286996812613
2,201,0.0006642698487263223,5.249990997754346e-07,0.025773433002344144
2,202,0.0006315939232242912,4.991740054921575e-07,0.02513153244878416
2,203,0.0005803049252762515,4.586382536396018e-07,0.02408951899221426
2,204,0.0005496152942870225,4.343830075635096e-07,0.02344387541101135
2,205,0.0005186359731619286,4.0989880775598643e-07,0.022773580595987285
2,206,0.00046391071306005723,3.666472401234234e-07,0.02153858660776183
2,207,0.00042238853998518785,3.3383060163407444e-07,0.02055209332367844
2,208,0.0003948356416446779,3.120544411584671e-07,0.01987047160096302
2,209,0.0003816083850784564,3.01600409859169e-07,0.01953479933550525
2,210,0.0003726528378007761,2.945224817132604e-07,0.01930421813492523
2,211,0.00035118793851248033,2.775579110275172e-07,0.01874000903181427
2,212,0.00033176822192001326,2.62209730241519e-07,0.0182145058104801
2,213,0.00031685761600413933,2.5042528044607866e-07,0.017800494824699097
2,214,0.00030528675380107597,2.4128036403615645e-07,0.017472457005271926
2,215,0.00028522826345677663,2.2542733473819413e-07,0.0168887022431203
2,216,0.00027682912538273087,2.1878915909885344e-07,0.016638182754818234
2,217,0.0002725109063678573,2.15376297443626e-07,0.01650790436027109
2,218,0.0002591937024303032,2.0485117712972439e-07,0.016099493856339187
2,219,0.00024712717042916176,1.9531451300119684e-07,0.015720278955195476
2,220,0.00023511413522903964,1.8582012953982566e-07,0.015333431945557382
2,221,0.0002240473665077198,1.7707361842351338e-07,0.014968211867411544
2,222,0.0002081643390924258,1.6452062492136007e-07,0.01442790140985257
2,223,0.00019272334417153692,1.5231698742577417e-07,0.013882483357509813
2,224,0.00018003158905427398,1.4228618439608779e-07,0.0134175850678978
2,225,0.00017640148394824565,1.3941716675753428e-07,0.013281622037546681
2,226,0.00017195367985417437,1.3590188881763946e-07,0.013113110990690744
2,227,0.00015527287068335224,1.2271837640171545e-07,0.012460853529487947
2,228,0.00014593202531370178,1.1533593172262775e-07,0.012080232833588174
2,229,0.0001399160875819494,1.1058129488410354e-07,0.01182861308784548
2,230,0.00013792050934160877,1.0900410937475205e-07,0.011743956290007587
2,231,0.00013360019620713476,1.0558959265282671e-07,0.011558555108971656
2,232,0.00012100960936480526,9.56387469678365e-08,0.011000436780637633
2,233,0.00011426418185037172,9.030756510030441e-08,0.010689442541609535
2,234,0.00010665654025187801,8.42949408659191e-08,0.010327465335302656
2,235,0.00010345349648543001,8.176344692990676e-08,0.010171209194851417
2,236,0.00010095762156945654,7.979085689507287e-08,0.010047766994186148
2,237,9.086934065432193e-05,7.18176839309791e-08,0.0095325411435945
2,238,8.781995046517062e-05,6.940762857886864e-08,0.009371229933427662
2,239,8.402223178077246e-05,6.640613920774589e-08,0.009166364152747394
2,240,8.233588840609945e-05,6.507335441356451e-08,0.009073912519200273
2,241,7.629038438351277e-05,6.029535014973648e-08,0.008734436695260478
2,242,7.302688294038182e-05,5.7716074087388094e-08,0.008545576805598427
2,243,7.131404004153122e-05,5.636234565657414e-08,0.008444764060737945
2,244,6.823142432364106e-05,5.3926030836702334e-08,0.008260231493344546
2,245,6.355591373507984e-05,5.023078732280252e-08,0.007972196293060015
2,246,6.144976077826292e-05,4.856621018078955e-08,0.0078389897804668
2,247,6.124324925679092e-05,4.8402995843914346e-08,0.007825806620201582
2,248,5.804413130345831e-05,4.587460463543874e-08,0.0076186699169512725
2,249,5.5216372912485276e-05,4.3639713781232725e-08,0.007430772026679682
2,250,5.17879653796698e-05,4.093010582319788e-08,0.007196385577473583
2,251,4.8025440562362865e-05,3.795643157656999e-08,0.006930039001503734
2,252,4.494372641192102e-05,3.5520829301606945e-08,0.006704008234774255
2,253,4.185476937287046e-05,3.307950268132454e-08,0.006469526209303929
2,254,3.904158929449975e-05,3.0856133652182747e-08,0.006248326919624144
2,255,3.090446793883436e-05,2.4425040332684755e-08,0.005559178710820004
2,256,2.9977479873086808e-05,2.369240449055948e-08,0.005475169392182018
2,257,2.932103279945901e-05,2.3173588043650715e-08,0.0054148899157285746
2,258,2.7114978107493133e-05,2.1430054554123592e-08,0.005207204442644165
2,259,2.4965546415380295e-05,1.9731272492056905e-08,0.004996553453669869
2,260,2.484495244818276e-05,1.9635962243761804e-08,0.0049844711302386695
2,261,2.249276138548559e-05,1.777693132013394e-08,0.004742653411908316
2,262,2.1817935229559155e-05,1.724358914745276e-08,0.004670967269159478
2,263,2.0670976872970723e-05,1.6337101963301e-08,0.004546534600436988
2,264,1.866273462058372e-05,1.4749907577381269e-08,0.004320038729060623
2,265,1.8167655185227307e-05,1.4358626446109373e-08,0.004262353245007657
2,266,1.6543911623452166e-05,1.3075316794417925e-08,0.004067420758103612
2,267,1.550772718742475e-05,1.2256378681904204e-08,0.003937985168512541
2,268,1.385482970159684e-05,1.0950027514912954e-08,0.0037222076381627127
2,269,1.2611346905122748e-05,9.967253195128793e-09,0.003551245824372448
2,270,1.0701457169644072e-05,8.45779074742141e-09,0.0032713081740557664
2,271,1.0468405095041481e-05,8.273600347086732e-09,0.003235491476583037
2,272,9.37909595304544e-06,7.412675649056838e-09,0.0030625309717691738
2,273,8.598436234393736e-06,6.795688967651786e-09,0.002932309027778917
2,274,7.248063269914179e-06,5.728435061619185e-09,0.002692222737797558
2,275,6.582707133910478e-06,5.2025774254465105e-09,0.0025656786887508884
2,276,5.1494684766216154e-06,4.069831439334452e-09,0.0022692440319678304
2,277,4.516571496440639e-06,3.5696275756746728e-09,0.0021252226933760705
2,278,3.6218970110157576e-06,2.862530451906784e-09,0.0019031282171771185
2,279,2.3550707562262636e-06,1.8613068609044134e-09,0.0015346239787733878
2,280,1.3488251132805196e-06,1.0660305771585912e-09,0.00116138930306789
2,281,1.0917232346071338e-06,8.628326522295745e-10,0.0010448556046684795
2,282,9.0187780515621e-07,7.127901962166732e-10,0.0009496724725694696
2,283,5.933678348942966e-07,4.689623949551698e-10,0.0007703037289889597
2,284,2.5998014404543206e-07,2.05472733475779e-10,0.0005098824806221842
2,285,2.0801486939152306e-07,1.6440249302275275e-10,0.00045608647139717165
2,286,1.8707422858722134e-07,1.478522648405482e-10,0.0004325207839945051
2,287,1.6973544947772925e-07,1.3414873239640316e-10,0.0004119896230219024
2,288,1.0141901516616578e-07,8.015551475720368e-11,0.0003184635225048008
2,289,7.004383361032783e-08,5.535845057660117e-11,0.00026465795587952355
2,290,5.829408254169381e-08,4.607215112247711e-11,0.0002414416752379212
2,291,5.1010737608471264e-08,4.031583154749188e-11,0.00022585556802627485
2,292,3.840348745845182e-08,3.0351816182207925e-11,0.00019596807765157013
2,293,3.3477324950479016e-08,2.6458472404837803e-11,0.00018296809817691995
2,294,2.6805792290097573e-08,2.1185692603769774e-11,0.00016372474550323043
2,295,2.5856894125061993e-08,2.0435740331545708e-11,0.00016080079018792785
2,296,2.17527476881403e-08,1.7192068819340484e-11,0.00014748812727857216
2,297,1.903205953725358e-08,1.5041799869569588e-11,0.00013795673067035758
2,298,1.7385048361682743e-08,1.3740100889625347e-11,0.00013185237336386002
2,299,1.3980828580028256e-08,1.104960948130213e-11,0.0001182405538722999
2,300,8.334321477738304e-30,6.586948484025475e-33,2.886922492506216e-15
2,301,8.334321477738304e-30,6.586948484025475e-33,2.886922492506216e-15
2,302,8.334321477738304e-30,6.586948484025475e-33,2.886922492506216e-15
2,303,8.334320654107039e-30,6.586947833076656e-33,2.8869223498575502e-15
3,0,1120.6287387746274,1.0,33.47579332554536
3,1,559.1360213431893,0.49894849382016304,23.64605720502235
3,2,496.4214713890061,0.44298477650307944,22.280517754060522
3,3,395.0115736598812,0.3524910257895171,19.874898079232537
3,4,260.69338059183457,0.23263135378528185,16.146002000242493
3,5,144.4795624836463,0.1289272329760436,12.01996516149886
3,6,141.9772042980762,0.1266942381411027,11.915418763017781
3,7,78.32093021926569,0.06989016746519207,8.849911311378532
3,8,42.46150880057806,0.037890790528010546,6.516249596246146
3,9,40.7283568705016,0.03634420166221757,6.381877221515751
3,10,39.73131415683161,0.03545448441762841,6.3032780485102835
3,11,31.853160426949124,0.02842436511290935,5.64386041880459
3,12,23.87912679761925,0.021308686785714893,4.886627343845574
3,13,21.059746560875322,0.01879279535870506,4.589089949093973
3,14,19.03894821527034,0.01698952343136304,4.363364323004709
3,15,15.153707046465131,0.013522504396090393,3.892776264629799
3,16,13.529136765829179,0.012072809038096656,3.6781974886932294
3,17,10.8169221174219,0.009652547487984171,3.2889089554777735
3,18,9.822035614593055,0.008764754351501947,3.1340127017280985
3,19,7.933184008885528,0.007079225915230603,2.8165908486831253
3,20,7.499771043571711,0.006692467169610942,2.7385709856733147
3,21,6.151570149110457,0.005489391746134413,2.480235905939283
3,22,5.825107122668388,0.0051980704412756375,2.413525869483977
3,23,5.747792705130183,0.005129078441639124,2.3974554646812907
3,24,4.9607550956410185,0.004426760553245716,2.2272752626563737
3,25,4.915570761369968,0.004386440032534763,2.2171086489773044
3,26,4.436261964920132,0.003958725857567285,2.1062435673302677
3,27,4.161931602630542,0.0037139254586505467,2.040081273535577
3,28,3.929531951658308,0.003506542189838116,1.9823047070665771
3,29,3.5989170703996773,0.0032115159516031876,1.897081197629579
3,30,3.1950517769495317,0.0028511242540890224,1.7874707765302156
3,31,2.7724948423623017,0.0024740529547671052,1.6650810317706168
3,32,2.613839778183883,0.0023324761250028583,1.6167373868949413
3,33,2.518187502041592,0.0022471202235944364,1.5868798007541693
3,34,2.293692281418732,0.0020467905221909738,1.514494067805725
3,35,2.200240105458756,0.0019633978938150827,1.4833206347444763
3,36,2.073310961339108,0.0018501318854326446,1.439899635856301
3,37,1.970999588057111,0.0017588336974226964,1.4039229281043568
3,38,1.8438911445893988,0.0016454076901558283,1.357899534055962
3,39,1.8144292816213052,0.0016191172141500913,1.3470075284204261
3,40,1.6685471251008444,0.0014889383676928976,1.2917225418412595
3,41,1.5270481950779982,0.0013626709205653406,1.2357379152061323
3,42,1.3508524265776356,0.0012054415345931165,1.1622617719677593
3,43,1.2141745425398278,0.0010834761777281294,1.1018958855263177
3,44,1.1622531506314748,0.0010371438018824703,1.0780784529112317
3,45,1.0922905489799013,0.0009747122407143395,1.0451270492049765
3,46,1.0263693918738992,0.0009158870876327891,1.0130989052772188
3,47,0.9197052840528771,0.0008207047099814218,0.9590126610493092
3,48,0.7997546188154794,0.0007136659904777974,0.894290008227465
3,49,0.785912355398576,0.0007013137609320519,0.886516979757622
3,50,0.7278788914620496,0.0006495272397332612,0.853158186658283
3,51,0.69964828536064,0.000624335483423068,0.8364498104253716
3,52,0.6611082760439494,0.0005899440672625001,0.8130856511118305
3,53,0.6341775437634425,0.0005659122614121925,0.796352650377609
3,54,0.6105790656489292,0.0005448540132181318,0.7813955884498768
3,55,0.5888097292391539,0.0005254280109601678,0.7673393833494758
3,56,0.5655397727385114,0.0005046629210642157,0.7520237846893617
3,57,0.5085235909812413,0.0004537841779225616,0.713108400582437
3,58,0.49457493118619694,0.00044133700490940397,0.703260215842043
3,59,0.44223807069733173,0.000394633883101111,0.6650098275193621
3,60,0.4210415888068234,0.00037571907112360803,0.6488771754398697
3,61,0.3878835967077154,0.0003461303313815189,0.6228030159751279
3,62,0.38007028549881966,0.00033915807470225566,0.616498406728533
3,63,0.36114198440904194,0.0003222672879190475,0.6009509001649319
3,64,0.3467579505596495,0.00030943160617031694,0.588861571644516
3,65,0.32701260276138017,0.0002918117226932429,0.5718501576124467
3,66,0.3095090121667816,0.0002761922851498705,0.5563353414684183
3,67,0.29273689061523345,0.0002612255785402506,0.5410516524466342
3,68,0.2843991435631288,0.0002537853382861753,0.5332908620660294
3,69,0.2675238355330657,0.00023872655258296753,0.5172270638057
3,70,0.2520852312521204,0.0002249498183740743,0.5020809011027211
3,71,0.2454039753720443,0.0002189877582832526,0.4953826555018295
3,72,0.2314227687080608,0.00020651154186989207,0.481064204351208
3,73,0.21896932311661488,0.0001953986325177159,0.467941580880151
3,74,0.21078374651554246,0.00018809418250867625,0.4591119106661713
3,75,0.20122845384840307,0.00017956745787944017,0.4485849460786698
3,76,0.19923230342726395,0.00017778618068024763,0.4463544594011176
3,77,0.17462122010908493,0.00015582432795720354,0.41787703946147237
3,78,0.17354187278995065,0.00015486116568785597,0.41658357239568466
3,79,0.16419673375518726,0.0001465219729548711,0.4052119615154361
3,80,0.16105137289964383,0.00014371519070245197,0.40131206423386256
3,81,0.15242765833726898,0.00013601976556833968,0.39041984880032543
3,82,0.13916154761102245,0.00012418166944673512,0.37304362695403664
3,83,0.1330237492277346,0.00011870456702118128,0.3647242098185074
3,84,0.13239944979093127,0.00011814746954973325,0.363867351916782
3,85,0.12822228706178734,0.00011441995250094551,0.3580813972573657
3,86,0.11518006024138697,0.00010278164057021486,0.33938187965975286
3,87,0.11269434631021451,0.00010056349833883633,0.33569978598476125
3,88,0.10921996815941155,9.746311546394945e-05,0.330484444655738
3,89,0.10522117116694298,9.389476418568297e-05,0.32437812991467685
3,90,0.10055005644964625,8.97264660190623e-05,0.31709628892443104
3,91,0.0973356616029726,8.685808085682875e-05,0.3119866368980771
3,92,0.09401222942140394,8.389239555305657e-05,0.3066141376737282
3,93,0.09184946167157858,8.196243634802111e-05,0.30306676108009367
3,94,0.09025191218634852,8.053685316426577e-05,0.300419560259229
3,95,0.08206539380535081,7.323156275207323e-05,0.28647058104690404
3,96,0.07801632315398078,6.961834946272144e-05,0.2793140224800409
3,97,0.07317242761924772,6.529586926287424e-05,0.27050402514426236
3,98,0.07183383967475747,6.410137201487937e-05,0.26801835697346826
3,99,0.06578834609528311,5.8706638353055816e-05,0.25649238993639384
3,100,0.06387865944940395,5.700251763956479e-05,0.25274227871372046
3,101,0.06193236221760909,5.526572724284244e-05,0.24886213496152662
3,102,0.057518537894624674,5.132702375411093e-05,0.23983022723298386
3,103,0.055889378395224364,4.987323317831172e-05,0.23640934498285884
3,104,0.05395560850693964,4.814762163420725e-05,0.2322834658492499
3,105,0.05119205386421882,4.568154652199598e-05,0.22625661065307864
3,106,0.04958776508967242,4.4249949491653314e-05,0.22268310463452862
3,107,0.048362720280415245,4.315677316405286e-05,0.21991525704328757
3,108,0.04517765890436589,4.0314563906121356e-05,0.21255036792338397
3,109,0.04449027409505871,3.970117181155593e-05,0.21092717723199803
3,110,0.03982228624086893,3.553566392060707e-05,0.19955522103134493
3,111,0.037867849994690235,3.379161062395879e-05,0.19459663407852212
3,112,0.036633942580688875,3.269052569608999e-05,0.1913999544950021
3,113,0.03572927776119693,3.1883242437870885e-05,0.18902189757061727
3,114,0.03443740616900499,3.0730432816368085e-05,0.18557318278513463
3,115,0.03324891375051935,2.9669874241201418e-05,0.18234284672155185
3,116,0.031130858761491513,2.77798147453653e-05,0.17643939118431437
3,117,0.02990358188756971,2.6684646621028427e-05,0.17292652164306582
3,118,0.02842041553520537,2.5361133934760773e-05,0.16858355653860602
3,119,0.028136594584331567,2.5107864550304193e-05,0.1677396631221476
3,120,0.026439909693908647,2.3593817273345912e-05,0.1626035353056896
3,121,0.02533105527192681,2.260432415790579e-05,0.15915732867803106
3,122,0.02351045886138621,2.097970366804457e-05,0.15333120641730505
3,123,0.0220317425246964,1.966016198084249e-05,0.14843093520117834
3,124,0.021123719906558067,1.8849882370191753e-05,0.14534001481545977
3,125,0.019770869619594508,1.764265803250177e-05,0.14060892439526912
3,126,0.018295234132605264,1.6325865560623166e-05,0.1352598762848956
3,127,0.017962834597156436,1.6029246775161448e-05,0.13402549980192738
3,128,0.01709664703214555,1.5256298933436421e-05,0.13075414728468673
3,129,0.016020343022007673,1.4295852379732309e-05,0.12657149371800774
3,130,0.01568498195585484,1.399659085399316e-05,0.125239698002889
3,131,0.014491909948138242,1.2931945653994822e-05,0.12038234898911984
3,132,0.014282037669798794,1.2744664825761792e-05,0.11950747955587881
3,133,0.012625805140857243,1.1266715464269788e-05,0.11236460804389095
3,134,0.012116404412387174,1.0812148567273122e-05,0.1100745402551706
3,135,0.011012530662227174,9.827099985200301e-06,0.10494060540242359
3,136,0.010635246575822025,9.490428192526398e-06,0.10312733185640956
3,137,0.010192584543712876,9.095415984832005e-06,0.10095833072962763
3,138,0.009683334800630152,8.640983820581451e-06,0.09840393691631526
3,139,0.009280682265635018,8.281674335590531e-06,0.09633629775756912
3,140,0.00910797744487244,8.127560118466826e-06,0.09543572415438802
3,141,0.008629167511046212,7.700291106653161e-06,0.09289331252058036
3,142,0.008363913624882612,7.463590157457759e-06,0.09145443469226963
3,143,0.008102764994201983,7.230552558434387e-06,0.09001535976821946
3,144,0.007579214989914168,6.763359467473414e-06,0.08705868704451135
3,145,0.007287416620955371,6.502971384549654e-06,0.08536636703617749
3,146,0.006689532093969972,5.969445421580716e-06,0.08178955981034482
3,147,0.006475276924491002,5.778253493276922e-06,0.08046910540381944
3,148,0.006372343374105665,5.6864001016729445e-06,0.07982695894311435
3,149,0.0059279308066453595,5.2898257929092265e-06,0.07699305687297628
3,150,0.0057939219140707866,5.170242127117193e-06,0.07611781600959651
3,151,0.005649051628438704,5.040966229918185e-06,0.07516017315333104
3,152,0.005496613713545034,4.904937311848177e-06,0.0741391510171585
3,153,0.005106751171921552,4.557041056706814e-06,0.07146153631095228
3,154,0.004780052427942653,4.265509407843217e-06,0.06913792322555438
3,155,0.0047507212574446,4.239335556073071e-06,0.06892547611329645
3,156,0.004661390419127032,4.159620628883851e-06,0.06827437600686682
3,157,0.004600548768412764,4.105328204810561e-06,0.06782734528501587
3,158,0.004245897196809154,3.7888526769819506e-06,0.06516054939001938
3,159,0.003876509083652924,3.4592269049710128e-06,0.062261618061635084
3,160,0.0036848249178995634,3.2881763517226987e-06,0.06070275873384638
3,161,0.003527568741832791,3.1478478284343102e-06,0.059393339204264234
3,162,0.0032945938230345374,2.9399512158121813e-06,0.05739855244720495
3,163,0.0030878331841414576,2.755447078323109e-06,0.0555682749789973
3,164,0.0029131216656919897,2.599542172082252e-06,0.0539733421764114
3,165,0.002831554721786833,2.526755404187697e-06,0.05321235497313413
3,166,0.0027362179776389516,2.4416810697099564e-06,0.052308870926822265
3,167,0.0025477117252069876,2.273466347108705e-06,0.0504748623099359
3,168,0.0023911274814352717,2.133737426768026e-06,0.048899156244615015
3,169,0.002316978663327111,2.067570269401314e-06,0.048135004553101594
3,170,0.0022405241849414847,1.999345641796968e-06,0.04733417565503264
3,171,0.0021670193630601246,1.933753158454327e-06,0.046551255225397783
3,172,0.0020967662584242745,1.8710623651478214e-06,0.045790460343004574
3,173,0.002046590239870401,1.826287484031762e-06,0.04523925551852507
3,174,0.0019958987227430267,1.7810525945689022e-06,0.04467548234482787
3,175,0.0018490773349083614,1.6500356192277113e-06,0.04300089923371791
3,176,0.0018011838837096413,1.6072976012369447e-06,0.0424403567811304
3,177,0.001686661125027695,1.5051025077868395e-06,0.041068980082632864
3,178,0.001567310489934842,1.3985992289013104e-06,0.039589272409768304
3,179,0.0014916571441462695,1.3310894969348636e-06,0.0386219774758656
3,180,0.0014204810865004812,1.2675751007900556e-06,0.03768927017733935
3,181,0.0014146767175352284,1.2623955361720719e-06,0.037612188417256824
3,182,0.0013536540827219627,1.2079416098164154e-06,0.03679203830616024
3,183,0.001303798259498622,1.1634524569879268e-06,0.036108146719246365
3,184,0.0012242562289021101,1.0924726330334845e-06,0.03498937308529706
3,185,0.001195859684877946,1.067132800989542e-06,0.03458120421382035
3,186,0.0011757858960468864,1.049219831121386e-06,0.034289734557836495
3,187,0.0011122749301911976,9.925454271389074e-07,0.033350786050574545
3,188,0.0009810448647593663,8.754414649691282e-07,0.03132163572930645
3,189,0.0009712632265404793,8.667127594840423e-07,0.031165096286398335
3,190,0.0009266506084789635,8.269024132758071e-07,0.03044093639293909
3,191,0.0008664442505318287,7.73176896640415e-07,0.029435425095143925
3,192,0.0008127425393786147,7.252558418833014e-07,0.02850863973216917
3,193,0.0007959963672412147,7.10312291394215e-07,0.028213407579397685
3,194,0.0007205996998403616,6.430316079777812e-07,0.02684398815080132
3,195,0.0007064429368983254,6.303987328317125e-07,0.02657899427928614
3,196,0.0006580788954794815,5.872407807415953e-07,0.025653048463671554
3,197,0.0006389104380433203,5.701356889543533e-07,0.025276677749326952
3,198,0.0005994254692791318,5.349010323745444e-07,0.024483167059821568
3,199,0.0005615872634317677,5.011358748891679e-07,0.02369783246273312
3,200,0.0005160872723863734,4.6053367589938726e-07,0.022717554278275057
3,201,0.0005105564681939376,4.555982285018098e-07,0.022595496635257603
3,202,0.0004926448432726307,4.3961467899825817e-07,0.022195604142997115
3,203,0.000471371070204954,4.206308957598067e-07,0.021711081737328383
3,204,0.00043492095308745546,3.881044078550296e-07,0.020854758523834685
3,205,0.00041756079348243805,3.726129618441053e-07,0.020434304330767858
3,206,0.0004098218053530936,3.6570702782548747e-07,0.02024405604993954
3,207,0.0003813680803852637,3.403161700120932e-07,0.019528647684498374
3,208,0.0003677995477304678,3.282082058083261e-07,0.019178100733140073
3,209,0.00033528266529014703,2.9919156424345154e-07,0.018310725416819155
3,210,0.0003223398801018635,2.876419896694173e-07,0.017953826335961466
3,211,0.00029645901901832294,2.645470428881662e-07,0.017217985335640257
3,212,0.0002872274062047447,2.563091559822202e-07,0.016947784699032045
3,213,0.0002797540132812666,2.496402274915499e-07,0.016725848656533593
3,214,0.00026362643602974105,2.3524868398253676e-07,0.016236577103248735
3,215,0.0002619206444362797,2.3372651028268447e-07,0.016183962569045928
3,216,0.00024379765249563212,2.175543461095039e-07,0.015614021022646028
3,217,0.00023951030162327013,2.1372850198823849e-07,0.015476120367303626
3,218,0.0002119165214333838,1.8910502122684084e-07,0.014557352830558989
3,219,0.0002056565766973945,1.8351892074646734e-07,0.014340731386418006
3,220,0.00020066568289279655,1.7906526572950308e-07,0.014165651516707466
3,221,0.000196532403462201,1.7537690821413616e-07,0.014019001514451769
3,222,0.0001875280953617125,1.6734185807760794e-07,0.013694089796759495
3,223,0.00018301703086765107,1.6331638171958224e-07,0.013528378722805297
3,224,0.00016527525043047954,1.4748439399403845e-07,0.012855942222586392
3,225,0.00016491466851677392,1.4716262648868256e-07,0.012841910625634096
3,226,0.00015520574025366054,1.3849880418324195e-07,0.012458159585334446
3,227,0.0001522776314122502,1.3588588811202632e-07,0.01234008230978425
3,228,0.00014853353109255265,1.3254481698815742e-07,0.012187433326691583
3,229,0.00014090757593005596,1.257397486380137e-07,0.011870449693674455
3,230,0.00013600380355181153,1.2136383696578e-07,0.011662066864488967
3,231,0.00013127852743894698,1.1714720754216598e-07,0.01145768420925219
3,232,0.00011629199529021014,1.0377388270210865e-07,0.01078387663552445
3,233,0.00010909652987590593,9.73529645466701e-08,0.010444928428472161
3,234,0.00010711055986805821,9.558077190236997e-08,0.010349423165957522
3,235,9.850106675630225e-05,8.789803736785307e-08,0.009924770362900204
3,236,9.402179949974761e-05,8.390093547177589e-08,0.00969648387302055
3,237,8.722578645036998e-05,7.783647110973493e-08,0.009339474634601776
3,238,8.405908445179928e-05,7.501064495607641e-08,0.009168374144405281
3,239,7.950259028574902e-05,7.094462914870685e-08,0.008916422504892252
3,240,7.519503807842162e-05,6.710075824098983e-08,0.008671507255282764
3,241,7.079095286107519e-05,6.317074550353125e-08,0.008413735963356301
3,242,6.822517959285923e-05,6.088116182658436e-08,0.008259853484951124
3,243,6.464788828615974e-05,5.7688943759241966e-08,0.008040391053062017
3,244,6.080534366921071e-05,5.426002525662465e-08,0.007797778123876744
3,245,5.923512752974293e-05,5.285883315335522e-08,0.00769643602778214
3,246,5.743870602127739e-05,5.125578528718157e-08,0.007578832761136598
3,247,5.367496036224861e-05,4.789718352301093e-08,0.00732631970106742
3,248,5.1990772319305096e-05,4.639428788534852e-08,0.0072104626980038595
3,249,4.993384979937913e-05,4.455878032717619e-08,0.007066388738201369
3,250,4.7999181002842874e-05,4.2832366636722594e-08,0.006928144123994742
3,251,4.509145788744188e-05,4.023764189444935e-08,0.006715017340814682
3,252,4.33534976346097e-05,3.868676229204633e-08,0.0065843372965401535
3,253,4.2493841751151286e-05,3.791964303683393e-08,0.0065187300719658035
3,254,3.9716031494001455e-05,3.544084683873956e-08,0.006302065652942807
3,255,3.681443389141403e-05,3.2851588235787585e-08,0.006067489916877822
3,256,3.601149210852412e-05,3.213507815969593e-08,0.006000957599293976
3,257,3.3607064186495446e-05,2.998947200233658e-08,0.005797160010427127
3,258,3.3271357593054635e-05,2.9689902143180645e-08,0.0057681329382266
3,259,3.081053849634736e-05,2.74939749716197e-08,0.005550724141618583
3,260,2.758937333646305e-05,2.461954827843445e-08,0.005252558741838405
3,261,2.6073702343235385e-05,2.326702987444902e-08,0.00510624150851048
3,262,2.4610745536734768e-05,2.1961551301678958e-08,0.004960921843441476
3,263,2.1601953670462277e-05,1.927663723320476e-08,0.004647790192173295
3,264,2.0784139228106105e-05,1.8546855447266964e-08,0.0045589625166375415
3,265,1.9093990052608047e-05,1.7038640356026145e-08,0.0043696670413897725
3,266,1.83455054251302e-05,1.637072546005775e-08,0.0042831653511311235
3,267,1.6839366795008567e-05,1.50267133193656e-08,0.004103579753703901
3,268,1.4445441980041162e-05,1.2890479674684054e-08,0.0038007159825539662
3,269,1.4223341875284612e-05,1.269228726976732e-08,0.0037713846098329207
3,270,1.3803638616540202e-05,1.2317762465769038e-08,0.0037153248332467783
3,271,1.1826338635438238e-05,1.055330657356688e-08,0.0034389444071456342
3,272,1.0527446433261269e-05,9.394232067234598e-09,0.003244602661846481
3,273,9.650599105955684e-06,8.611771920563374e-09,0.0031065413414206617
3,274,9.125129060545008e-06,8.142865469007204e-09,0.0030207828555765155
3,275,6.810785765196457e-06,6.077646886553917e-09,0.00260974821873614
3,276,5.273060751238454e-06,4.705448440492774e-09,0.002296314601973879
3,277,4.534154420366315e-06,4.0460807968607615e-09,0.002129355400201271
3,278,4.241633346015481e-06,3.785047803301542e-09,0.002059522601482072
3,279,2.4695122634929943e-06,2.2036845728169783e-09,0.0015714681872354254
3,280,1.7903000356625956e-06,1.5975853319808957e-09,0.0013380209399193256
3,281,6.685877912373509e-07,5.966184589986786e-10,0.0008176721783437118
3,282,6.058132610244319e-07,5.40601217925992e-10,0.0007783400677238915
3,283,4.2280783246140223e-07,3.7729518959484245e-10,0.0006502367510848662
3,284,2.613881041066258e-07,2.332512946191667e-10,0.0005112612875102376
3,285,1.4254059914701507e-07,1.271969870261214e-10,0.000377545492817773
3,286,1.1529025405512057e-07,1.0287997270281223e-10,0.00033954418571832527
3,287,9.539500898240863e-08,8.512632746392002e-11,0.00030886082461589173
3,288,5.9227858137285274e-08,5.28523462659445e-11,0.0002433677425980799
3,289,5.030634331073058e-08,4.489117722051194e-11,0.00022429075618654145
3,290,3.9255067133165466e-08,3.502950243457941e-11,0.00019812891543933073
3,291,3.394933077783105e-08,3.0294895716268696e-11,0.0001842534416987402
3,292,2.9365684353773033e-08,2.6204650423193227e-11,0.000171364186321918
3,293,2.1366166804040448e-08,1.906623136169405e-11,0.00014617170315776049
3,294,1.54712903019474e-08,1.3805901782301936e-11,0.00012438364161716523
3,295,1.3087791473275663e-08,1.1678971831105059e-11,0.00011440188579422834
3,296,1.2488762230872439e-08,1.1144424374238797e-11,0.00011175313074304647
3,297,1.1263444016827433e-08,1.0051004072181531e-11,0.00010612937395852024
3,298,8.989784512747054e-09,8.022089922999033e-12,9.481447417323504e-05
3,299,5.849482472900341e-09,5.219821936118261e-12,7.648190944857706e-05
3,300,7.311922660380833e-30,6.524839500704036e-33,2.7040567043575164e-15
3,301,7.311922660380833e-30,6.524839500704036e-33,2.7040567043575164e-15
3,302,7.311922660380833e-30,6.524839500704036e-33,2.7040567043575164e-15
3,303,7.31192264445393e-30,6.524839486491565e-33,2.704056701412515e-15
4,0,1219.8615199333713,1.0,34.9265160005027
4,1,732.5053532210893,0.600482383657039,27.064836101870068
4,2,557.6689231180051,0.4571575658427728,23.61501478123622
4,3,362.68280962617035,0.2973147391730006,19.044232975527535
4,4,331.8066597385883,0.27200354656380304,18.215560922974298
4,5,152.95754614075548,0.12538927053712623,12.367600662244698
4,6,137.29771402189672,0.11255188542171239,11.717410721737833
4,7,88.75592667684374,0.07275901832012177,9.421036390803495
4,8,70.94967966783432,0.0581620770132249,8.423163281560813
4,9,44.60356042084205,0.03656444579322274,6.678589702986855
4,10,32.886102963429686,0.026958882156743434,5.734640613275577
4,11,29.40521180891868,0.024105368788520185,5.422657264563074
4,12,23.344319890013683,0.01913686062602315,4.83159599821981
4,13,21.451482701316912,0.017585178604935903,4.631574538028824
4,14,20.29865528950893,0.0166401308327339,4.505402899798078
4,15,19.483853045025633,0.01597218432309418,4.414051771901371
4,16,14.493247273489485,0.011881059478194792,3.806999773245263
4,17,13.09422133448878,0.010734186725722758,3.618593833865412
4,18,8.146259604987598,0.00667801998167181,2.8541653079293776
4,19,7.948040826159553,0.006515527128516747,2.8192269908894447
4,20,7.458097667959434,0.0061138887866278415,2.7309517879229275
4,21,7.1155192598325865,0.005833054935794052,2.6674930665013146
4,22,6.470427505260161,0.005304231176677805,2.5437035018374607
4,23,6.119526379712014,0.00501657465188857,2.473767648691367
4,24,5.422340755399796,0.004445046152202558,2.3285920113664815
4,25,4.969779899259711,0.0040740525199378045,2.229300316076708
4,26,4.687550571331121,0.0038426907437716,2.1650751883782515
4,27,4.267228380161281,0.0034981252465397525,2.065727082690567
4,28,4.081442188176578,0.0033458241951918495,2.020257950900473
4,29,3.804866170835045,0.0031190968062037618,1.9506066161158802
4,30,3.6327278168225834,0.0029779837772249775,1.905971620151408
4,31,3.5134752286806763,0.0028802246576911305,1.8744266399837248
4,32,3.140387195362002,0.002574380078431796,1.7721137647910763
4,33,2.524948386501288,0.002069864771731795,1.5890086175037843
4,34,2.430364669752415,0.0019923283340269322,1.558962690301604
4,35,2.419139381216114,0.0019831262333352786,1.5553582806595123
4,36,2.032968721385601,0.0016665569723821124,1.4258221212288722
4,37,2.01669197787349,0.0016532138647865878,1.4201028053889233
4,38,1.7508208551341593,0.0014352619756624416,1.3231858732370745
4,39,1.6112398571870448,0.0013208383335799054,1.2693462321947644
4,40,1.5291119753420377,0.0012535127556327521,1.2365726728915036
4,41,1.5070809327065258,0.00123545247397331,1.227632246524392
4,42,1.341488800223789,0.0010997058094734072,1.1582265755126624
4,43,1.2112793107264626,0.0009929646037138893,1.100581351253265
4,44,1.1725762991048843,0.0009612372223766271,1.0828556224653794
4,45,1.055071931462728,0.0008649112331376399,1.0271669443000626
4,46,0.9900938755849265,0.0008116444853830666,0.9950346102447525
4,47,0.9559327143614378,0.0007836403548606491,0.9777181160035022
4,48,0.9183964424066331,0.0007528694260778026,0.9583300279166009
4,49,0.9003843216869328,0.0007381037166711446,0.9488858317452805
4,50,0.8721031197245803,0.0007149197720182325,0.9338646153081186
4,51,0.7725135326659059,0.0006332796961314926,0.8789274899932906
4,52,0.719833564925041,0.0005900944928276435,0.8484300589471362
4,53,0.687432668914573,0.0005635333664366431,0.8291155944224985
4,54,0.6393551217088652,0.0005241210672370309,0.7995968494865805
4,55,0.609810639088351,0.0004999015290863989,0.7809037322796908
4,56,0.5738769074420178,0.00047044430705000265,0.7575466371399306
4,57,0.542518375076157,0.0004447376740810623,0.7365584668416737
4,58,0.5051669523841394,0.00041411827828763024,0.7107509777581311
4,59,0.46269319519269203,0.0003792997710247998,0.6802155505372485
4,60,0.4357255905823884,0.00035719266774329245,0.6600951375236667
4,61,0.4241553459882992,0.000347707784086399,0.6512720982725263
4,62,0.38380559793357405,0.00031463046555853117,0.6195204580428108
4,63,0.35810824557231863,0.0002935646708422104,0.5984214614904103
4,64,0.33745975755707697,0.0002766377593216556,0.5809128657183252
4,65,0.3299961193571276,0.0002705193285998168,0.5744528869777987
4,66,0.2940854961938949,0.000241081050093258,0.5422965021036876
4,67,0.2920362891058865,0.000239401181473318,0.5404038204027489
4,68,0.28100988088276924,0.00023036211593765,0.5301036510747396
4,69,0.2735122443873479,0.00022421581459696106,0.5229839810045313
4,70,0.26589512373502183,0.00021797156430472945,0.5156501951274932
4,71,0.2486983235133171,0.0002038742262538956,0.4986966247262128
4,72,0.2358659857782084,0.0001933547225844876,0.4856603605177268
4,73,0.23067887766769649,0.0001891025119640598,0.4802904097186373
4,74,0.22316285358694352,0.00018294113712114852,0.4724011574784121
4,75,0.21328853289019656,0.00017484651282536265,0.4618317149029466
4,76,0.20050437398037355,0.00016436650447939786,0.44777714767546317
4,77,0.1924114521827375,0.0001577322089750376,0.43864729815962333
4,78,0.18531263992276237,0.00015191284985600998,0.4304795464627354
4,79,0.174948535706111,0.00014341671808425162,0.41826849714759895
4,80,0.1539855890085885,0.00012623202428501816,0.3924099756741519
4,81,0.14530751835365405,0.00011911804412159073,0.38119223280866316
4,82,0.13324162265647727,0.00010922684294833311,0.3650227700520575
4,83,0.12741896217815654,0.00010445362862590842,0.3569579277424113
4,84,0.12342047242913777,0.00010117580595203872,0.3513124996767661
4,85,0.12030167217388257,9.861912209547641e-05,0.3468453144758951
4,86,0.11669722498006499,9.566432178829527e-05,0.341609755393585
4,87,0.10917700682806156,8.949950879180515e-05,0.3304194407538115
4,88,0.10763544623812833,8.823579109537562e-05,0.32807841477020144
4,89,0.10100707819699832,8.28020857666822e-05,0.31781610751659256
4,90,0.09516528260342724,7.801318514303587e-05,0.3084887074163773
4,91,0.09180169365192742,7.525583203652626e-05,0.3029879430801289
4,92,0.08647721439871235,7.089100933640052e-05,0.2940700841614331
4,93,0.08463948558711963,6.93845032440589e-05,0.2909286606491695
4,94,0.08404042595030539,6.889341501230048e-05,0.28989726792487264
4,95,0.08036548865575466,6.58808293749148e-05,0.28348807497980344
4,96,0.0764375387831823,6.266083283564622e-05,0.27647339615807937
4,97,0.07209607305575838,5.910185039667147e-05,0.26850711919008474
4,98,0.06798069274073133,5.572820490677043e-05,0.26073107360023534
4,99,0.0657839039533509,5.3927353948294075e-05,0.25648373038723316
4,100,0.06047221435903242,4.9573015765211945e-05,0.24591098869109615
4,101,0.05911556140762878,4.846087891259794e-05,0.24313691905514634
4,102,0.05438072583125802,4.457942556809915e-05,0.23319675347495303
4,103,0.053099277430845575,4.352893878786e-05,0.23043280458920248
4,104,0.04973146421237005,4.076812277436735e-05,0.2230055250713983
4,105,0.048245815746635105,3.9550239890565846e-05,0.21964930172125544
4,106,0.04675178047186348,3.832548179273419e-05,0.21622160038225477
4,107,0.0452839701319378,3.7122221983370055e-05,0.21280030576091238
4,108,0.04452275355520713,3.6498203138368494e-05,0.21100415530317673
4,109,0.043048574059113255,3.528972211654366e-05,0.20748150293246204
4,110,0.041193056484145556,3.376863341536957e-05,0.20296072645747393
4,111,0.038826209865072556,3.182837496767112e-05,0.19704367501920114
4,112,0.03701402539555405,3.0342809237540136e-05,0.19239029444219385
4,113,0.035685237476432916,2.9253515168166006e-05,0.188905366457475
4,114,0.03514158025265465,2.8807843905572234e-05,0.18746087659203628
4,115,0.03334163029127326,2.73323075992219e-05,0.18259690657640743
4,116,0.030105110655327824,2.467912149321028e-05,0.17350824376763146
4,117,0.028600117193361932,2.344538025506704e-05,0.16911569174196087
4,118,0.027848314618186314,2.2829078680756637e-05,0.16687814302114676
4,119,0.02541048194693715,2.0830628339129075e-05,0.15940665590538292
4,120,0.024136060893301805,1.9785902333094428e-05,0.15535784786518447
4,121,0.02281594447836137,1.8703716860916782e-05,0.15104947692183965
4,122,0.02206150791265111,1.808525603287831e-05,0.1485311681521798
4,123,0.02049879742312837,1.6804200385178157e-05,0.14317401099057178
4,124,0.02008603555677217,1.6465832578987543e-05,0.14172521143668182
4,125,0.018295392374863703,1.4997925646398778e-05,0.13526046124002278
4,126,0.01753028903087865,1.4370720564934415e-05,0.13240199783567713
4,127,0.0171429805790226,1.4053218581695198e-05,0.13093120552038998
4,128,0.015871208271771457,1.3010663925720307e-05,0.12598098377045425
4,129,0.015770742635826167,1.2928305695459239e-05,0.12558161742797458
4,130,0.014876707213477142,1.2195406585404634e-05,0.12197010786859681
4,131,0.014164565192606867,1.1611617352583213e-05,0.1190149788581541
4,132,0.013635129819344238,1.1177604667855239e-05,0.11676955861586631
4,133,0.013448302233286163,1.1024449917906016e-05,0.11596681522438289
4,134,0.01183882650780198,9.705057758071273e-06,0.10880637163237261
4,135,0.011332911017499694,9.290325854461494e-06,0.10645614598274585
4,136,0.011203410071319071,9.184165487842424e-06,0.10584616228904603
4,137,0.010262746083916481,8.4130419037048e-06,0.10130521252095807
4,138,0.00930190790785765,7.625380222146625e-06,0.09644639914407199
4,139,0.008751108022826923,7.17385365455655e-06,0.09354735711299877
4,140,0.008298267625466885,6.802630864132951e-06,0.09109482765485033
4,141,0.008167210753745257,6.695195003930732e-06,0.09037262170450328
4,142,0.00789892557105867,6.475264152516352e-06,0.08887589983262431
4,143,0.007227583521938883,5.924921315932363e-06,0.08501519582956263
4,144,0.006953405509400725,5.700159727786576e-06,0.08338708238930491
4,145,0.006765481714100991,5.546106343669666e-06,0.0822525483745093
4,146,0.006612006785607473,5.420292941094347e-06,0.0813142471256266
4,147,0.006171267244929086,5.05899001164178e-06,0.07855741368533645
4,148,0.005868357623309945,4.810675250769836e-06,0.07660520624154696
4,149,0.005770269254551468,4.7302658213750686e-06,0.07596228837095068
4,150,0.005378603166816139,4.409191599969411e-06,0.07333896076994914
4,151,0.004996815540885115,4.0962153975953275e-06,0.07068815700586001
4,152,0.004934273966534553,4.044945992561568e-06,0.07024438743796228
4,153,0.0046275533613535594,3.7935071200592637e-06,0.0680261226394211
4,154,0.0043881987058864225,3.597292507534876e-06,0.06624348047835668
4,155,0.004137473086065671,3.3917563743560497e-06,0.06432319244305021
4,156,0.0038006272322417827,3.115621871939507e-06,0.06164922734505099
4,157,0.003550971720636176,2.9109629762156365e-06,0.059590030379554064
4,158,0.003483267166471114,2.8554611400984024e-06,0.05901921014780793
4,159,0.003398003989250245,2.7855653561691522e-06,0.058292400784752764
4,160,0.0031951719806589266,2.619290737881007e-06,0.05652585232138412
4,161,0.003029681302436451,2.4836272420511567e-06,0.05504254084284674
4,162,0.002958784458452165,2.4255084778916327e-06,0.05439470983884522
4,163,0.002861002660249954,2.345350364364491e-06,0.05348834134883932
4,164,0.002746776861178126,2.2517120314838317e-06,0.052409701975665975
4,165,0.0026520127535981835,2.1740277156566395e-06,0.05149769658536373
4,166,0.0025200617854093175,2.0658589063018916e-06,0.05020021698567963
4,167,0.0024348978325715973,1.996044463067079e-06,0.04934468393425575
4,168,0.0023725158420927397,1.9449058793348334e-06,0.04870847813361386
4,169,0.0022161767488653966,1.8167445342373322e-06,0.04707628648125717
4,170,0.002154631845805381,1.7662921656247236e-06,0.04641801208373083
4,171,0.0020697024314135144,1.6966699888414887e-06,0.045493982364852546
4,172,0.0018997816339759144,1.5573748355302496e-06,0.04358648453334949
4,173,0.0018781646597217628,1.5396539927125072e-06,0.04333779712585496
4,174,0.001814135074591883,1.4871647682525234e-06,0.04259266456318368
4,175,0.0017192332759124694,1.4093675780562156e-06,0.0414636379965925
4,176,0.0016509373609279953,1.3533809649296663e-06,0.04063172850037265
4,177,0.0016003635697887516,1.3119223318694104e-06,0.04000454436421882
4,178,0.0014756677663245227,1.2097010539402239e-06,0.03841442133267821
4,179,0.0014478540311682296,1.1869003222983141e-06,0.03805067714467417
4,180,0.0013620014624882212,1.11652137577273e-06,0.03690530398856269
4,181,0.0013434025589237706,1.1012746422209852e-06,0.03665245638321899
4,182,0.0012846667948648947,1.0531251079508297e-06,0.03584224874174184
4,183,0.0012427960762432073,1.0188009507104452e-06,0.03525331298251566
4,184,0.001179405113750325,9.668352468522362e-07,0.034342468078900866
4,185,0.0010531605233119693,8.633443272884719e-07,0.03245243478249312
4,186,0.001020346218851462,8.364443030444909e-07,0.03194285865184051
4,187,0.0009706097135103848,7.956720477283351e-07,0.031154609827606327
4,188,0.0009219384947674744,7.557730772734192e-07,0.030363440101007565
4,189,0.0008361959982204283,6.854843640498646e-07,0.028917053761066812
4,190,0.00081465870992173,6.678288450038383e-07,0.028542226786320124
4,191,0.000799032895289887,6.550193462398339e-07,0.028267169920066053
4,192,0.0007371253427665065,6.042696902241562e-07,0.02715005235292386
4,193,0.0006709376982921096,5.500113638544449e-07,0.02590246510068317
4,194,0.0006483925671227098,5.315296503148365e-07,0.02546355370176578
4,195,0.0006412700029040113,5.256908201670608e-07,0.02532330947771265
4,196,0.0005980749346088711,4.90281007176567e-07,0.024455570625296623
4,197,0.0005089231485125532,4.1719747708768655e-07,0.022559325089916878
4,198,0.0004908529471135557,4.0238415516243685e-07,0.022155201355743885
4,199,0.0004733390562774646,3.8802687726662476e-07,0.021756356686666648
4,200,0.00046281673982918306,3.794010486161266e-07,0.0215131759586813
4,201,0.0004482590536919926,3.674671644011498e-07,0.021172129172381142
4,202,0.00041819503055182117,3.428217250222492e-07,0.020449817372089688
4,203,0.000411040768177475,3.3695690983016336e-07,0.02027414038072823
4,204,0.0003914517736166004,3.208985341532713e-07,0.01978514022231332
4,205,0.0003765261533065339,3.086630303143751e-07,0.01940428182918744
4,206,0.00037132321300387296,3.043978410140805e-07,0.019269748649213693
4,207,0.00035218817718460203,2.8871160490728366e-07,0.018766677308053283
4,208,0.00032738407154811575,2.68378062754203e-07,0.018093757806163863
4,209,0.0003183408967566618,2.609647829321229e-07,0.01784211021030477
4,210,0.0002939522914094963,2.409718534490308e-07,0.017145036932287323
4,211,0.00028547106329137315,2.340192379434721e-07,0.01689588894646781
4,212,0.00027433127932190165,2.248872309185436e-07,0.01656294899231117
4,213,0.00024599111996405967,2.0165495504563148e-07,0.015684104053597058
4,214,0.00023489914082726532,1.9256213675802767e-07,0.015326419700219139
4,215,0.00022148091605965486,1.8156234329922312e-07,0.014882234914812185
4,216,0.00021993864489344817,1.8029804309710596e-07,0.014830328549747243
4,217,0.0002037213901913372,1.6700370235669408e-07,0.014273100230550376
4,218,0.00018282464734539275,1.4987328016984963e-07,0.01352126648451959
4,219,0.00018120151368661516,1.4854269171185297e-07,0.013461111160918892
4,220,0.00017514650917108083,1.4357900983764724e-07,0.013234292922974043
4,221,0.00017043503937866938,1.3971671094927113e-07,0.01305507714947213
4,222,0.00016076712994258756,1.3179129541799848e-07,0.012679397854101257
4,223,0.00015005302250273753,1.2300824319053315e-07,0.012249613157268989
4,224,0.00013939168609972664,1.1426845082164753e-07,0.011806425627586303
4,225,0.00013487897559599123,1.1056908787758e-07,0.011613740809747359
4,226,0.00012726972195811973,1.0433128668987869e-07,0.011281388299235149
4,227,0.00011571386219124209,9.485819521347175e-08,0.010757037798169257
4,228,0.00011159332251908639,9.148032026223896e-08,0.010563774066075362
4,229,0.00011004720014582099,9.021286297466925e-08,0.010490338419032104
4,230,0.00010563562418673686,8.65964066089294e-08,0.010277919253756417
4,231,0.00010233626586835669,8.389170753902154e-08,0.010116138881428857
4,232,9.704468970802648e-05,7.955385764879857e-08,0.009851126316722697
4,233,9.17165804258178e-05,7.518605917729691e-08,0.009576877383877158
4,234,8.820794491113079e-05,7.230980194862504e-08,0.009391908480768475
4,235,8.508290164765192e-05,6.974800029129465e-08,0.009224039334676101
4,236,8.150260053772646e-05,6.681299410295205e-08,0.009027879071948542
4,237,7.908411801060056e-05,6.48304063357291e-08,0.008892925166141935
4,238,7.398736151293605e-05,6.065226282158423e-08,0.00860159063853518
4,239,7.254535098460139e-05,5.947015279944547e-08,0.008517355868143669
4,240,6.913382275676717e-05,5.667350074338213e-08,0.008314675144391822
4,241,6.563203734284688e-05,5.380285898880694e-08,0.008101360215596322
4,242,6.077933341970446e-05,4.982478127765209e-08,0.007796110146714479
4,243,5.9580996838964775e-05,4.884242667333181e-08,0.007718872769968733
4,244,5.4424343215320116e-05,4.461518158085089e-08,0.00737728562652417
4,245,5.0216705891622886e-05,4.116590700751485e-08,0.007086374664920201
4,246,4.9497638393972645e-05,4.057644050996559e-08,0.007035455805701052
4,247,4.6345910669371344e-05,3.799276386052636e-08,0.006807783095059018
4,248,4.443759021882748e-05,3.642838920048454e-08,0.006666152579924006
4,249,4.1694070337765266e-05,3.417934712789579e-08,0.006457094574014327
4,250,3.989346881721068e-05,3.2703276696021737e-08,0.0063161276758161465
4,251,3.870471958922913e-05,3.172878146967303e-08,0.006221311725772076
4,252,3.547966257625574e-05,2.9084992022859804e-08,0.005956480720715525
4,253,3.253596634509309e-05,2.667185234834705e-08,0.005704030710391827
4,254,3.089593219588529e-05,2.5327409456749504e-08,0.005558410941616794
4,255,3.0140371583106928e-05,2.4708027174062505e-08,0.005490024734289175
4,256,2.8328262528889013e-05,2.3222523266769085e-08,0.005322430133772449
4,257,2.5859157239400236e-05,2.1198436721581858e-08,0.00508518999049202
4,258,2.4040694893969993e-05,1.9707724607366164e-08,0.004903131131631092
4,259,2.283721391007426e-05,1.8721152800460192e-08,0.004778829763663303
4,260,2.1977199460836136e-05,1.801614289959448e-08,0.0046879845841082
4,261,2.089071546798789e-05,1.7125481152261396e-08,0.004570636221357798
4,262,1.7378808861254297e-05,1.4246542396225045e-08,0.004168789855732032
4,263,1.5748693464470877e-05,1.2910230552506542e-08,0.003968462355178751
4,264,1.4574937611743828e-05,1.1948026373141034e-08,0.0038177136628804193
4,265,1.3747377632114807e-05,1.1269621516437117e-08,0.0037077456266732763
4,266,1.318451344062577e-05,1.0808205050476472e-08,0.003631048531846658
4,267,1.2437780190222971e-05,1.0196059132107325e-08,0.003526723719009326
4,268,1.1786716230661922e-05,9.662339567286057e-09,0.0034331787356125113
4,269,1.1563163145491722e-05,9.479078531900326e-09,0.003400465136638181
4,270,1.1183475271985375e-05,9.167823633453258e-09,0.00334417034135305
4,271,9.471254727088672e-06,7.764204848109309e-09,0.0030775403696927635
4,272,8.10136713393637e-06,6.641218697003301e-09,0.0028462900649681455
4,273,7.91432448765768e-06,6.487887648173343e-09,0.002813240922434067
4,274,7.0096246780738474e-06,5.746246244784173e-09,0.00264756957945846
4,275,5.816592468626238e-06,4.768239979357608e-09,0.002411761279361255
4,276,4.809037131054575e-06,3.942281195423924e-09,0.0021929516937348563
4,277,4.047553092975409e-06,3.3180430949215333e-09,0.0020118531489587924
4,278,3.308365810227323e-06,2.712083098094631e-09,0.001818891368451487
4,279,2.627768203851188e-06,2.1541528779387326e-09,0.0016210392357531597
4,280,1.6564449957326814e-06,1.3578959321736424e-09,0.0012870295240330276
4,281,9.725228062968238e-07,7.97240334583177e-10,0.0009861657093495108
4,282,5.900551804695007e-07,4.837066919708473e-10,0.0007681504933732067
4,283,4.1782568099403014e-07,3.425189451150584e-10,0.0006463943695562564
4,284,2.4044551957760104e-07,1.9710886493963196e-10,0.0004903524442455661
4,285,1.337797261622717e-07,1.0966796146629721e-10,0.00036575910947271253
4,286,1.1743749626840389e-07,9.62711704151618e-11,0.0003426915468295124
4,287,1.0041621497493487e-07,8.231771667034763e-11,0.0003168851763256446
4,288,7.263631407353641e-08,5.954472117253424e-11,0.000269511250365428
4,289,5.5769640391315305e-08,4.5718009364178846e-11,0.00023615596624120108
4,290,4.50568930998515e-08,3.69360721390019e-11,0.00021226609032026642
4,291,3.7511567124973004e-08,3.0750676623541567e-11,0.00019367903119587573
4,292,3.1874192772001644e-08,2.6129353415248816e-11,0.00017853345000867944
4,293,2.4602081093378792e-08,2.0167929466881252e-11,0.0001568505055566567
4,294,1.776805557578572e-08,1.4565633299717667e-11,0.00013329687008998268
4,295,1.4204396681219658e-08,1.1644269820065725e-11,0.00011918219951494291
4,296,1.2036857725156911e-08,9.867396854861331e-12,0.00010971261424812058
4,297,1.0201501919467965e-08,8.36283607013456e-12,0.00010100248471927789
4,298,8.279301216334297e-09,6.787082862312529e-12,9.09906655450673e-05
4,299,6.797810441104055e-09,5.572608308421231e-12,8.244883529258649e-05
4,300,8.373469458235674e-30,6.864278708203725e-33,2.8936947762740413e-15
4,301,8.373469458235674e-30,6.864278708203725e-33,2.8936947762740413e-15
4,302,8.373469458235674e-30,6.864278708203725e-33,2.8936947762740413e-15
4,303,8.373469458011782e-30,6.864278708020186e-33,2.8936947762353552e-15
5,0,1271.7127901876052,1.0,35.6610822913103
5,1,604.2199155843456,0.47512293675619166,24.580885166819066
5,2,515.6041358607259,0.40544070944247024,22.706918237857067
5,3,377.5113959236292,0.2968527161450803,19.42965249106708
5,4,250.73786085393888,0.19716547854877642,15.834704318487885
5,5,138.58929297301543,0.10897845334446193,11.772395379574007
5,6,128.46848482389535,0.10102004620472793,11.334393888686565
5,7,77.79173650174603,0.06117083755229832,8.819962386640094
5,8,48.01128513893945,0.037753245472868714,6.929017617161862
5,9,44.90092321863949,0.03530744014300244,6.7008151159869715
5,10,32.9109604077704,0.02587923992092218,5.73680751008524
5,11,25.553516530427874,0.02009377960778249,5.055048618008325
5,12,22.60964773168316,0.017778894657769186,4.754960329138736
5,13,18.76967189004555,0.014759363934113314,4.332397937637487
5,14,17.785995420688106,0.01398585872370151,4.2173445935432055
5,15,14.51602054106027,0.01141454316813063,3.809989572303351
5,16,13.984364822229344,0.010996480439711822,3.7395674645912385
5,17,11.447944753214472,0.009001989161031912,3.3834811589861813
5,18,10.083835587058772,0.007929334095610682,3.175505564010048
5,19,7.304969568935976,0.005744197609161684,2.702770720748613
5,20,6.321804164699776,0.0049710942702457,2.514319821482497
5,21,5.222973526126519,0.004107038606850857,2.2853825776282006
5,22,4.918927808553413,0.003867954971049528,2.2178655974953516
5,23,4.716354844261151,0.0037086635289446026,2.1717170267466135
5,24,4.458651622909829,0.0035060209013483947,2.1115519465335986
5,25,4.187203828803338,0.0032925703516637865,2.046265825547438
5,26,3.8186176070452924,0.0030027358665488954,1.9541283496856834
5,27,3.8095674724374655,0.0029956193739904685,1.9518113311581797
5,28,3.504864207510195,0.0027560186816971083,1.8721282561593355
5,29,3.423966332722895,0.002692405360032422,1.850396263702155
5,30,3.0928766776626593,0.0024320559654089765,1.7586576351475176
5,31,2.6272446890909547,0.0020659104078865004,1.6208777526670402
5,32,2.22479463834267,0.001749447403147109,1.4915745500452433
5,33,2.2155297606170543,0.0017421620492550176,1.488465572533357
5,34,1.9967405342787148,0.0015701190942525257,1.4130606973087585
5,35,1.9198014998278994,0.0015096187713459163,1.38556901662382
5,36,1.7577925942974453,0.001382224514733498,1.3258177077929851
5,37,1.5454388954569422,0.001215242079329057,1.2431568265737603
5,38,1.5239269000872133,0.001198326313807382,1.2344743416074768
5,39,1.4658885962266535,0.0011526884116738365,1.2107388637632202
5,40,1.351729933631029,0.001062920766434707,1.1626392104307461
5,41,1.3275341215078653,0.0010438946055673665,1.1521866695583078
5,42,1.138470337874135,0.0008952259870769924,1.0669912548255187
5,43,1.0673003069198472,0.0008392620685700561,1.0331022732139579
5,44,0.9608363560886587,0.000755545091236296,0.980222605375258
5,45,0.9274656089442531,0.0007293043021195312,0.9630501591008919
5,46,0.9002583905140717,0.0007079101487854534,0.9488194720356827
5,47,0.8442895537896072,0.0006638995536602697,0.9188523024891472
5,48,0.8116953999178917,0.0006382694317308463,0.9009413964947397
5,49,0.7623118114702058,0.0005994370878016791,0.8731046967404343
5,50,0.6751187672219735,0.0005308736158282869,0.8216561125081304
5,51,0.6413371493256542,0.0005043097421635927,0.8008352822682416
5,52,0.6129003557433489,0.0004819487233850442,0.7828795282438729
5,53,0.6070608095023199,0.00047735684832796665,0.7791410716310108
5,54,0.5978043678878268,0.0004700781280965474,0.7731780958406845
5,55,0.5079323950343906,0.00039940810452921495,0.7126937596432219
5,56,0.46537152348398275,0.00036594074312591474,0.6821814446934061
5,57,0.44932460226961607,0.0003533223898796606,0.6703167924717507
5,58,0.4164343615210772,0.000327459442677811,0.6453172564879055
5,59,0.39448806868656655,0.0003102021712216726,0.6280828517692284
5,60,0.3691642461503397,0.00029028900943575475,0.6075888792187853
5,61,0.3528918496107038,0.0002774933556802905,0.5940470095966344
5,62,0.3325917604709173,0.0002615305618038589,0.5767076906639249
5,63,0.3149579099803649,0.0002476643408877737,0.5612111099937036
5,64,0.2805190068931101,0.000220583616880764,0.5296404505823834
5,65,0.2793771030430115,0.00021968569098200022,0.5285613522033289
5,66,0.26829141796627237,0.00021096856148367714,0.5179685492057142
5,67,0.2612002706526293,0.00020539250109617645,0.511077558353553
5,68,0.25190994606075234,0.00019808713728796434,0.5019063120351769
5,69,0.23753465653841913,0.00018678325670010572,0.4873752728015847
5,70,0.22444454116742316,0.00017648996133341768,0.473755782199461
5,71,0.21698509321626303,0.0001706242910274206,0.4658165875280345
5,72,0.20966735934527922,0.0001648700563232904,0.4578944849474377
5,73,0.20189572350977922,0.00015875889986133993,0.44932808003704733
5,74,0.18846676290765052,0.0001481991565720178,0.4341275882821207
5,75,0.16884619818593918,0.00013277070065563365,0.4109089901498131
5,76,0.16247361374043304,0.0001277596757648908,0.4030801579592241
5,77,0.15311312710713226,0.00012039914066174074,0.3912967251423557
5,78,0.14513305914442173,0.00011412408545722927,0.38096333044588654
5,79,0.14261581457285877,0.00011214467265979125,0.3776450907569947
5,80,0.13798608075590238,0.00010850412280240293,0.3714647772749152
5,81,0.12977123614469593,0.00010204445307619488,0.3602377494720618
5,82,0.12771593262153264,0.00010042828349842402,0.3573736596638491
5,83,0.11874129200453247,9.337115496574943e-05,0.3445885836828209
5,84,0.11713870667292814,9.211097629650139e-05,0.34225532380509166
5,85,0.11100523079507056,8.728797229340981e-05,0.33317447500531994
5,86,0.10563473099281429,8.306492771628952e-05,0.3250149704133862
5,87,0.09743010402841365,7.661329254543442e-05,0.312137956724929
5,88,0.09534012130455338,7.496985328777629e-05,0.3087719567974938
5,89,0.09055610004759347,7.120798087926323e-05,0.3009254061185155
5,90,0.08758627689827418,6.887268695736976e-05,0.2959497877990018
5,91,0.08286297584233171,6.51585613368783e-05,0.28785929869005744
5,92,0.0789646434475935,6.209314245863998e-05,0.28100648292805186
5,93,0.07294409119340814,5.7358934938955284e-05,0.2700816380160046
5,94,0.07004130364455742,5.5076353863064325e-05,0.26465317614674005
5,95,0.06474667783012193,5.091297211894078e-05,0.2544536850393838
5,96,0.06333344522408385,4.980168927509237e-05,0.2516613701466394
5,97,0.06001174767617157,4.7189702061043623e-05,0.24497295294822155
5,98,0.058101048607206156,4.568724090494914e-05,0.24104159103193407
5,99,0.05495078456195342,4.3210058895332006e-05,0.23441583684118575
5,100,0.05392654566546809,4.2404657782448474e-05,0.23222089842533142
5,101,0.05307515591826431,4.17351750550803e-05,0.23038045906340301
5,102,0.05217225531413882,4.1025187225208516e-05,0.22841246751028899
5,103,0.047180014853709686,3.709958350481764e-05,0.21720961040826367
5,104,0.04475476417430131,3.5192509283247055e-05,0.2115532183028689
5,105,0.042873660718766166,3.3713320373573794e-05,0.20705955838542245
5,106,0.04253196796028394,3.344463332322824e-05,0.20623280039868522
5,107,0.040521831463582056,3.186398043350984e-05,0.20130035137471086
5,108,0.03865502345432723,3.039603262040384e-05,0.19660880818093382
5,109,0.03661669787028937,2.8793213493502425e-05,0.1913549003038317
5,110,0.034753990855693175,2.732849046093671e-05,0.1864242228244312
5,111,0.030876206053718647,2.427922899884001e-05,0.17571626576307228
5,112,0.0294418407764059,2.3151328667585856e-05,0.17158624879752427
5,113,0.028288943707362464,2.224475834924113e-05,0.1681931737834876
5,114,0.026233156224884643,2.0628208214383597e-05,0.1619665281003598
5,115,0.025953776017577975,2.0408520082391583e-05,0.161101756717852
5,116,0.024473865840167357,1.9244805925524214e-05,0.15644125363908126
5,117,0.023312117993292508,1.833127587704254e-05,0.15268306387184044
5,118,0.022558368328609132,1.773857155693251e-05,0.15019443507869767
5,119,0.02094230175059051,1.6467792029913504e-05,0.1447145526565677
5,120,0.02054168956148871,1.615277421127326e-05,0.1433237229543271
5,121,0.018721178222854296,1.4721231371819826e-05,0.13682535665166123
5,122,0.017741734993094185,1.395105493157531e-05,0.13319810431494206
5,123,0.016833984749385758,1.3237253630910154e-05,0.1297458467519703
5,124,0.015210134960043576,1.1960353845147497e-05,0.12332937590064898
5,125,0.013714004772783854,1.078388522833111e-05,0.1171068092502902
5,126,0.013219948834557911,1.0395388751738262e-05,0.11497803631371477
5,127,0.012840054175513068,1.0096661977913174e-05,0.11331396284444856
5,128,0.012425807680165997,9.77092294427024e-06,0.11147110692984975
5,129,0.01237287058383294,9.729296331137532e-06,0.11123340588075571
5,130,0.01173221725469297,9.225524304872497e-06,0.10831536019740215
5,131,0.011597424557678952,9.119531270868229e-06,0.10769133928816631
5,132,0.011050378192172621,8.689366244828325e-06,0.10512077906947143
5,133,0.010644911456504647,8.370531096832243e-06,0.10317418018334164
5,134,0.009808442131192254,7.71278091002395e-06,0.09903757938879693
5,135,0.009275093565461924,7.293387026557818e-06,0.0963072871877405
5,136,0.008875833427308313,6.979432381110939e-06,0.09421164167611301
5,137,0.008737222896749022,6.870437227780097e-06,0.09347311322914746
5,138,0.007919339915058332,6.227302246358675e-06,0.08899067319139872
5,139,0.007850704953301679,6.173331756884768e-06,0.0886042039256698
5,140,0.007356626180329414,5.784817324392997e-06,0.08577077696004283
5,141,0.006963216912876146,5.475463458890683e-06,0.08344589212703131
5,142,0.006836033953592883,5.375454274218961e-06,0.08268031176521339
5,143,0.006663475241258546,5.239764271204302e-06,0.08163011234378247
5,144,0.006592273438606474,5.183775369306438e-06,0.08119281642243034
5,145,0.0055342868553944595,4.351837064230542e-06,0.0743927876571006
5,146,0.0051687513084880485,4.064401450051899e-06,0.07189402832285897
5,147,0.004879792210373122,3.837181042783447e-06,0.06985550952053189
5,148,0.004542000657763834,3.5715616708500593e-06,0.0673943666619387
5,149,0.004471612981404548,3.516212949894833e-06,0.06687012024368244
5,150,0.00409174480956431,3.2175070040466365e-06,0.06396674768631207
5,151,0.004017575911014464,3.159184952776786e-06,0.06338435067912634
5,152,0.0037078398777021094,2.915626787991275e-06,0.060892034599790715
5,153,0.003505053991451016,2.7561679166047744e-06,0.05920349644616453
5,154,0.00346379741386751,2.7237261751189315e-06,0.05885403481382997
5,155,0.0033202770518315585,2.610870219636421e-06,0.057621845265763215
5,156,0.002982676128336257,2.345400747205073e-06,0.05461388219433093
5,157,0.002891534614871896,2.2737324317115123e-06,0.05377299150011924
5,158,0.0028733023738289247,2.259395671726358e-06,0.0536031936905715
5,159,0.002700151861028096,2.123240311697868e-06,0.051962985489943665
5,160,0.00255571190828409,2.0096612442712534e-06,0.05055404937573339
5,161,0.002462375070590532,1.936266655167696e-06,0.049622324316687665
5,162,0.0024091889795068476,1.8944442472356042e-06,0.04908348988719983
5,163,0.002280688825639138,1.7933992983609822e-06,0.047756557933326164
5,164,0.002180889049248742,1.714922635107738e-06,0.04669998982064923
5,165,0.0021151678409524035,1.6632433496563091e-06,0.04599095390348414
5,166,0.0020265278749755904,1.5935421036982995e-06,0.04501697318762769
5,167,0.0020065914879144205,1.577865303704624e-06,0.04479499400507182
5,168,0.001884932591776566,1.4821999167740523e-06,0.04341581038949482
5,169,0.0018169426745454228,1.4287366523044755e-06,0.04262561054747982
5,170,0.0017559192467781917,1.3807514246350826e-06,0.041903690133187455
5,171,0.0017227892397833572,1.3546999393858487e-06,0.041506496356394106
5,172,0.0016963347758901157,1.3338977078620634e-06,0.0411865849020056
5,173,0.0016659855709516506,1.3100328814856708e-06,0.040816486509150325
5,174,0.0015962690344075033,1.255211905332822e-06,0.03995333571064503
5,175,0.00147071794245936,1.1564859249724125e-06,0.03834994057960664
5,176,0.0013441974140860275,1.056997636933202e-06,0.03666329791611807
5,177,0.001293740259622359,1.0173211039510772e-06,0.035968601023981445
5,178,0.0012642597880408654,9.941393982947674e-07,0.03555643103632401
5,179,0.0011663279805574202,9.171315957161692e-07,0.0341515443363462
5,180,0.0011493672118176351,9.037946466262076e-07,0.03390231867907614
5,181,0.0011231850718544402,8.832065545937822e-07,0.033513953390408004
5,182,0.00106570713497594,8.380092920341906e-07,0.03264517016307221
5,183,0.0010075340788942432,7.922654286944854e-07,0.031741677316963625
5,184,0.0009631319560928194,7.573502158067755e-07,0.031034367338368916
5,185,0.000871869188800229,6.855865534478186e-07,0.02952743112429913
5,186,0.0008421396644759249,6.622090073904903e-07,0.029019642735153114
5,187,0.000823608013588167,6.476368091467155e-07,0.0286985716297548
5,188,0.000737176102945503,5.796718477894317e-07,0.02715098714495484
5,189,0.0007215092532376412,5.673523603794242e-07,0.026860924281149397
5,190,0.0007134388966715746,5.610063075376689e-07,0.026710276986051166
5,191,0.0006829828439364023,5.370574623501643e-07,0.026133940459417946
5,192,0.0006451734780517102,5.073264050104687e-07,0.02540026531459288
5,193,0.0006104685850028081,4.800365221716066e-07,0.024707662475491447
5,194,0.0005925126664006427,4.659170458710526e-07,0.02434158307096403
5,195,0.0005683695911355881,4.46932354161305e-07,0.02384050316448015
5,196,0.0005434724298325469,4.273546936273032e-07,0.02331249514386109
5,197,0.0005211390038144094,4.0979300344815286e-07,0.02282846915179398
5,198,0.0005061034413219988,3.979699231045224e-07,0.02249674290474065
5,199,0.00044757123731790254,3.5194364700214745e-07,0.02115587949762199
5,200,0.0004245235779709808,3.338203258208596e-07,0.02060396995656373
5,201,0.00041255407554158284,3.2440821443709956e-07,0.02031142721577149
5,202,0.0004013484484186027,3.15596769581436e-07,0.02003368284711033
5,203,0.0003896221098557208,3.0637586793339014e-07,0.019738847733738685
5,204,0.0003610914822151646,2.8394106358079157e-07,0.01900240727421567
5,205,0.000342314186803466,2.691757049584814e-07,0.018501734697143023
5,206,0.00030830594899133564,2.4243363074602233e-07,0.017558643142092035
5,207,0.0002890682587018527,2.2730624472150578e-07,0.017002007490348095
5,208,0.0002794670383782634,2.1975641083002395e-07,0.016717267670832557
5,209,0.0002745575726346987,2.1589589626931056e-07,0.016569778895166306
5,210,0.0002517701965986358,1.979772465459707e-07,0.01586726808869869
5,211,0.0002406536353923918,1.8923583787884227e-07,0.015513015032300839
5,212,0.0002200501444667637,1.73034466716578e-07,0.01483408724751084
5,213,0.0002098632906651936,1.6502412516762863e-07,0.01448665905808491
5,214,0.00020462841124031363,1.609077244635768e-07,0.014304838735208224
5,215,0.00019642945225528015,1.5446054625769907e-07,0.014015329188259552
5,216,0.0001860451332109127,1.4629492967784575e-07,0.013639836260414298
5,217,0.00017636168653551975,1.3868043782865672e-07,0.013280123739465674
5,218,0.00016956289563967278,1.3333426930042797e-07,0.013021631834746089
5,219,0.00016326883600240063,1.2838499169164993e-07,0.01277766942765388
5,220,0.00015686759037454823,1.233514293360271e-07,0.012524679252362043
5,221,0.0001517259359829054,1.193083353046426e-07,0.012317708227706378
5,222,0.00014972970740509064,1.1773861878278528e-07,0.01223640908947926
5,223,0.0001486939860620341,1.1692418855054411e-07,0.012194014353855505
5,224,0.00013795270472849848,1.0847787786120125e-07,0.011745326931528917
5,225,0.00012708390205915527,9.993129190782743e-08,0.01127314960688251
5,226,0.00012426711452674126,9.771633617714041e-08,0.011147516069813098
5,227,0.00012005270252601488,9.440237092237195e-08,0.010956856416236132
5,228,0.00011699931775736597,9.200136906707216e-08,0.01081662228966908
5,229,0.00011358798643771006,8.931889913677237e-08,0.01065776648448023
5,230,0.00010854415145335703,8.535272452307759e-08,0.010418452450021405
5,231,0.00010138864459841353,7.972605558481212e-08,0.010069192847414013
5,232,0.00010017303108433235,7.877016874978088e-08,0.01000864781498142
5,233,9.402817680508732e-05,7.393821744233313e-08,0.009696812713726471
5,234,9.243112325906665e-05,7.268238864329662e-08,0.009614110632766125
5,235,8.859050635287295e-05,6.966235382424984e-08,0.009412252990271402
5,236,8.631872575881095e-05,6.787595943426588e-08,0.009290787144198868
5,237,7.830318823074476e-05,6.157301305367334e-08,0.008848908872326845
5,238,7.785413788115311e-05,6.121990631993875e-08,0.008823499185762591
5,239,7.268590994291145e-05,5.715591641740798e-08,0.00852560320111788
5,240,7.138525716603189e-05,5.6133159717219654e-08,0.008448979652362283
5,241,6.499433971541722e-05,5.110771883156821e-08,0.008061906704708088
5,242,6.115658420505238e-05,4.808993404558781e-08,0.007820267527716196
5,243,5.8327766822041993e-05,4.586551874927466e-08,0.0076372617358607
5,244,5.6584608261914875e-05,4.449480157667316e-08,0.007522274141635286
5,245,5.502086794713303e-05,4.32651683396345e-08,0.007417605270377565
5,246,5.225902645696948e-05,4.109341893876851e-08,0.007229040493521217
5,247,4.856284089645357e-05,3.818695641905866e-08,0.0069687043915245515
5,248,4.620890410134627e-05,3.6335959233790085e-08,0.00679771315232897
5,249,4.431169907995648e-05,3.484410900154551e-08,0.006656703319208126
5,250,4.146319004785474e-05,3.260420935275647e-08,0.006439191723178829
5,251,4.092961055069131e-05,3.218463387841944e-08,0.006397625383741323
5,252,3.828452700534264e-05,3.010469604516193e-08,0.006187449151737947
5,253,3.709922445794431e-05,2.9172643968196128e-08,0.006090913269612719
5,254,3.4783547214971146e-05,2.7351731840205696e-08,0.005897757812505626
5,255,3.289941701347171e-05,2.5870162875863138e-08,0.005735801340133017
5,256,2.9927156093532946e-05,2.3532952034804998e-08,0.005470571825095887
5,257,2.8508499900918385e-05,2.2417404402068462e-08,0.0053393351553277105
5,258,2.561044347247469e-05,2.013854360047491e-08,0.005060676187277219
5,259,2.4067122928441266e-05,1.8924967267877242e-08,0.0049058254074560445
5,260,2.2176611349722567e-05,1.743838036452479e-08,0.004709204959409026
5,261,2.0980289742606395e-05,1.649766354831687e-08,0.004580424624705268
5,262,2.0506186011774448e-05,1.612485631189519e-08,0.0045283756482622384
5,263,1.9524481061051272e-05,1.5352901387561722e-08,0.004418651498030963
5,264,1.744375217337836e-05,1.371673880138064e-08,0.0041765718206895905
5,265,1.4874426467167895e-05,1.1696372468640184e-08,0.003856737801195188
5,266,1.4304206116016352e-05,1.1247984785862043e-08,0.0037820901781972826
5,267,1.2750602154572593e-05,1.0026322179783694e-08,0.003570798531781455
5,268,1.149024586302974e-05,9.035252261113676e-09,0.00338972651743909
5,269,1.0453011894361682e-05,8.219632589226092e-09,0.0032331117973806106
5,270,9.450988537513687e-06,7.4317004676185265e-09,0.0030742460112218877
5,271,7.854978063501821e-06,6.176691878944649e-09,0.002802673377955737
5,272,7.600558935657815e-06,5.976631668960857e-09,0.002756911122190524
5,273,6.923441997106285e-06,5.444186808945224e-09,0.0026312434317459655
5,274,5.359904856844504e-06,4.214713336376684e-09,0.0023151468326748745
5,275,4.991804271763826e-06,3.925260727327769e-09,0.0022342346053545554
5,276,4.010935213624858e-06,3.153963099665891e-09,0.00200273193753554
5,277,3.802370385754209e-06,2.9899600091253915e-09,0.0019499667652947855
5,278,3.063893695896841e-06,2.4092654564281377e-09,0.0017503981535344584
5,279,2.350795190697693e-06,1.8485268126861411e-09,0.0015332303123463524
5,280,1.6982147012821689e-06,1.3353759704120342e-09,0.0013031556703948185
5,281,8.216770934787066e-07,6.461184473559407e-10,0.0009064640607761052
5,282,5.895754799839124e-07,4.636074155524828e-10,0.000767838186067815
5,283,3.095156685032716e-07,2.433848828850824e-10,0.0005563413237422433
5,284,2.331405303627046e-07,1.8332797480814148e-10,0.0004828462802618496
5,285,1.275338822834207e-07,1.0028512984021077e-10,0.00035711886296220855
5,286,8.740438062102893e-08,6.872965444354373e-11,0.00029564231872488913
5,287,6.16941727024016e-08,4.8512661961432634e-11,0.0002483831167821227
5,288,5.2267558491011414e-08,4.1100128027572025e-11,0.00022862099311089394
5,289,4.207242336529994e-08,3.308327453331137e-11,0.00020511563413182316
5,290,2.8738674385261983e-08,2.2598400053067335e-11,0.00016952484887255314
5,291,1.964442760718706e-08,1.5447220283354296e-11,0.00014015858021251164
5,292,1.702184535900541e-08,1.3384976144255276e-11,0.00013046779433640093
5,293,1.6386514057806078e-08,1.2885389047151687e-11,0.00012800982016160354
5,294,1.159002226647728e-08,9.113710545261954e-12,0.00010765696571275488
5,295,1.1072057053055801e-08,8.706413223556896e-12,0.00010522384260734732
5,296,9.690772073045502e-09,7.620252110239375e-12,9.84417191694939e-05
5,297,7.2107345388139826e-09,5.670096734460179e-12,8.491604406008315e-05
5,298,5.105820284450891e-09,4.014916201084737e-12,7.145502280771374e-05
5,299,3.8611924879399705e-09,3.0362142440750015e-12,6.213849441320549e-05
5,300,8.494743703352194e-30,6.679765878661199e-33,2.9145743605803223e-15
5,301,8.494743703352194e-30,6.679765878661199e-33,2.9145743605803223e-15
5,302,8.494743703352194e-30,6.679765878661199e-33,2.9145743605803223e-15
5,303,8.49465673080371e-30,6.679697488574102e-33,2.9145594402591466e-15
6,0,1225.3571578970198,1.0,35.00510188382573
6,1,494.80813237624767,0.40380727299577407,22.244283139185395
6,2,489.8062362289927,0.39972528260218193,22.13156651095879
6,3,417.4396373714615,0.34066772669601003,20.43133958827618
6,4,212.11283698354273,0.17310286687970602,14.564094101026082
6,5,149.07942630553896,0.12166201939146606,12.209808610520435
6,6,132.23132636296074,0.10791247719962607,11.499188074075523
6,7,78.73751966572185,0.06425679171030642,8.87341645961249
6,8,48.840804606083445,0.039858423555386026,6.988619649550507
6,9,44.37072031490458,0.03621043875163256,6.661135062052456
6,10,38.59967532734953,0.031500754762468594,6.212863697792631
6,11,28.57708029399109,0.023321429274576234,5.345753482343821
6,12,25.319970081603692,0.0206633387812075,5.031895277289035
6,13,24.969634779788997,0.02037743413735987,4.996962555371913
6,14,19.706111730880533,0.01608193301347382,4.439156646355311
6,15,16.024265343828812,0.013077220172549486,4.003032018836324
6,16,13.895811868164547,0.01134021356843648,3.7277086619214956
6,17,11.05044578185879,0.009018142759963769,3.324221078968544
6,18,10.669762477994258,0.008707471457795945,3.2664602367079656
6,19,8.099599512469172,0.0066099907771949955,2.8459795347945094
6,20,7.292023614097772,0.005950937297834433,2.700374717349015
6,21,7.171580722058877,0.0058526452274264874,2.6779807172679337
6,22,6.709121779641559,0.005475237759377744,2.590197247246155
6,23,6.552011581111038,0.005347021918373349,2.5596897431351007
6,24,6.173447781715086,0.00503808031962703,2.484642385075785
6,25,5.2681674590365235,0.004299291374016902,2.2952488882551547
6,26,4.775715573797044,0.0038974070074338273,2.1853410657828776
6,27,4.47396591654338,0.003651152553939197,2.115175150322871
6,28,3.9213764439628593,0.003200190588263096,1.9802465614066496
6,29,3.5162413455497505,0.002869564455464061,1.875164351610213
6,30,3.4164137705500455,0.002788096310151203,1.8483543411775907
6,31,2.8633843124945746,0.002336775277347518,1.692153749661825
6,32,2.571919077835281,0.0020989138238268878,1.6037203864250404
6,33,2.450149569664731,0.0019995391171254285,1.5652953617974887
6,34,2.2717629854762764,0.0018539598604664109,1.507236871057856
6,35,2.192878102240856,0.0017895828070277186,1.4808369600468703
6,36,2.045269857473636,0.0016691214021092146,1.430129314948
6,37,1.943045548486335,0.0015856973095264935,1.393931687166317
6,38,1.754673262862674,0.001431968835824223,1.3246408052233156
6,39,1.672707925690311,0.0013650778590635914,1.2933321018556336
6,40,1.6121531772282132,0.001315659819537856,1.2697059412431735
6,41,1.5112183616321913,0.001233288067803653,1.2293162171029028
6,42,1.4046892257012917,0.0011463508550535952,1.185195859637255
6,43,1.2290729455136835,0.0010030324118912733,1.108635623419022
6,44,1.0876339108773019,0.000887605628993851,1.0428968841056636
6,45,1.076227548191969,0.0008782970265085898,1.0374138750720316
6,46,0.974105286788662,0.0007949562137952002,0.9869677232760259
6,47,0.9530264995704125,0.0007777540559733735,0.9762307614342075
6,48,0.8510970692348471,0.0006945706104949151,0.9225492232042944
6,49,0.7923608300824624,0.0006466366356747174,0.8901465216931774
6,50,0.7765461184193053,0.0006337304298707717,0.8812185418040779
6,51,0.7092178889270763,0.0005787846297354225,0.8421507519007961
6,52,0.6819965711054362,0.0005565696227505547,0.8258308368579101
6,53,0.66359851004968,0.0005415551749732787,0.814615559665834
6,54,0.6298581352862371,0.0005140200399752927,0.7936360219182577
6,55,0.583558321284834,0.00047623528986956535,0.763909890814901
6,56,0.5639381262037618,0.00046022347245402534,0.7509581387825568
6,57,0.5321019078746779,0.00043424229780310004,0.7294531567377565
6,58,0.503301674514411,0.0004107387558564447,0.7094375761928677
6,59,0.46552388113964427,0.0003799087295810022,0.6822931050066711
6,60,0.43885356488050165,0.00035814338868650356,0.6624602364523486
6,61,0.4296697835837102,0.0003506486095214209,0.6554920164149295
6,62,0.40966519823596476,0.00033432309559364685,0.6400509340950646
6,63,0.39587705099930065,0.00032307074590294315,0.6291876119245361
6,64,0.3629964370080589,0.0002962372518646237,0.602491856383187
6,65,0.33375287406384835,0.00027237191370117845,0.577713487867341
6,66,0.3108753373280475,0.00025370181691481477,0.5575619582862944
6,67,0.3056134751053303,0.0002494076711722399,0.5528231861140869
6,68,0.29303929718426047,0.00023914602799332386,0.541331042139891
6,69,0.27637718361961544,0.00022554826716313388,0.5257158772755636
6,70,0.2599662101841589,0.0002121554589278424,0.5098688166422407
6,71,0.2572359680147773,0.00020992733943485536,0.5071843530855199
6,72,0.24542115021199998,0.00020028540138713208,0.49539999012111413
6,73,0.22324461180366945,0.00018218738134015221,0.47248768428782295
6,74,0.21802251109731646,0.00017792568451755785,0.4669288073114749
6,75,0.20012766254885897,0.00016332190272779057,0.4473563037991741
6,76,0.18608745930327258,0.0001518638530031842,0.43137855684221554
6,77,0.176724791960998,0.00014422308697677687,0.4203864792794816
6,78,0.17338428195886585,0.0001414969348662647,0.41639438271771373
6,79,0.16157455237013887,0.0001318591492519912,0.4019633719260237
6,80,0.1552692297185115,0.00012671344735520817,0.39404216743707965
6,81,0.14845337328770666,0.00012115110466444334,0.385296474533192
6,82,0.1403072007339132,0.00011450310615944087,0.3745760279755142
6,83,0.13238751194695023,0.00010803993847324978,0.3638509474317062
6,84,0.13071825037877893,0.00010667767314724791,0.36154978962624074
6,85,0.1251960595148663,0.00010217107616993076,0.3538305519805579
6,86,0.1165545081100914,9.511880463498851e-05,0.341400802737913
6,87,0.11440954263760932,9.336832277861016e-05,0.33824479691136317
6,88,0.11084100430488447,9.045607934841775e-05,0.33292792659205456
6,89,0.1072315774434441,8.751046725631969e-05,0.3274623298082454
6,90,0.1045271373324688,8.530340452889684e-05,0.32330656865035823
6,91,0.09263259487669585,7.559640410121209e-05,0.3043560330873956
6,92,0.09083098562176752,7.412613133762021e-05,0.3013817937795306
6,93,0.08768518921490827,7.155888277128539e-05,0.29611685060953263
6,94,0.08417845294739411,6.86970753015902e-05,0.2901352321718169
6,95,0.08192390020932819,6.685716052773339e-05,0.286223514424179
6,96,0.07846739831532883,6.403634875728478e-05,0.28012032827934646
6,97,0.0703030582991478,5.737352399344791e-05,0.26514723890538217
6,98,0.06387019753679692,5.212373969921726e-05,0.2527255379592591
6,99,0.06336669493112014,5.171283696573105e-05,0.25172742188947184
6,100,0.05910634023633805,4.823601009339793e-05,0.24311795539683623
6,101,0.05687603336304692,4.64158820932328e-05,0.23848696686202145
6,102,0.05499348143153336,4.4879552934520885e-05,0.23450688994469515
6,103,0.05259753673088456,4.2924249792732605e-05,0.22934152857885237
6,104,0.05176046716606774,4.224112686859396e-05,0.2275092683080576
6,105,0.04945831942490507,4.0362370355583784e-05,0.22239226475960236
6,106,0.04750201705883727,3.876585430843779e-05,0.21794957457824338
6,107,0.04501141089343282,3.6733299024981604e-05,0.2121589283849087
6,108,0.04241874312729277,3.461745243329103e-05,0.20595811012750329
6,109,0.04134688924239281,3.3742724703508565e-05,0.20333934504269657
6,110,0.03948234349608793,3.2221090187164894e-05,0.19870164442220384
6,111,0.03701695155431509,3.0209111944018232e-05,0.1923978990382044
6,112,0.03609204701568708,2.945430789960774e-05,0.1899790699411045
6,113,0.03350937254714898,2.7346616724105465e-05,0.18305565423430378
6,114,0.032810605447585364,2.6776360864366698e-05,0.18113697979039334
6,115,0.030106114715390934,2.4569256825544313e-05,0.1735111371508784
6,116,0.02841175909455415,2.31865125293877e-05,0.16855788054717036
6,117,0.027227430983448882,2.2219995866492584e-05,0.16500736645207353
6,118,0.025776335813759266,2.1035773649861467e-05,0.16055010374882747
6,119,0.024349178129610013,1.987108654214622e-05,0.1560422318784566
6,120,0.023575004177295376,1.923929200997628e-05,0.15354153893098563
6,121,0.02233084628207016,1.8223948942686038e-05,0.14943509053120743
6,122,0.022019680161686938,1.79700098210366e-05,0.14839029672349516
6,123,0.019985348760513805,1.6309815168348976e-05,0.1413695467931966
6,124,0.019282210757427445,1.573599226410031e-05,0.13886040024941396
6,125,0.018598429653217417,1.5177966304237682e-05,0.1363760596777067
6,126,0.018191476882392248,1.4845856789715736e-05,0.13487578315766047
6,127,0.0172070158564585,1.4042449375322942e-05,0.1311755154609979
6,128,0.01703271645816431,1.3900205624453336e-05,0.1305094496891482
6,129,0.016339222542508317,1.333425314995506e-05,0.1278249683845387
6,130,0.015047692169456648,1.228024994384639e-05,0.1226690350881454
6,131,0.014894426977954917,1.2155171969221613e-05,0.12204272603459379
6,132,0.012931221883917201,1.0553022684512652e-05,0.11371553053086988
6,133,0.012266777646220568,1.0010777320853158e-05,0.11075548585158465
6,134,0.011511188565336372,9.394149690276493e-06,0.10729020722012038
6,135,0.010613268007940265,8.661366965167077e-06,0.10302071640180079
6,136,0.009909436849359516,8.086978384625648e-06,0.09954615436750691
6,137,0.009744432977208313,7.952320606615533e-06,0.09871389454989765
6,138,0.009022511420214766,7.3631686582705115e-06,0.09498690130862658
6,139,0.008819764758656194,7.197709420323487e-06,0.09391360262845949
6,140,0.008588290946314891,7.0088062822877475e-06,0.09267303246530186
6,141,0.007886234567906415,6.43586607960157e-06,0.08880447380569526
6,142,0.007437296869919845,6.069493144907946e-06,0.08623976385589101
6,143,0.006998829715262954,5.711665101197493e-06,0.0836590085720776
6,144,0.0067415184281183925,5.501676294679919e-06,0.08210675019825345
6,145,0.006532608435239014,5.331187232341626e-06,0.08082455341812297
6,146,0.0060180614155927814,4.911271278588757e-06,0.07757616525449541
6,147,0.005898985045769795,4.814094411374509e-06,0.07680485040523023
6,148,0.0055888653848589,4.5610092933644035e-06,0.0747587144409192
6,149,0.0053592752989791055,4.373643443007907e-06,0.07320707137277864
6,150,0.005007711683610803,4.086736386479456e-06,0.07076518694676644
6,151,0.004723160419594044,3.854517345538682e-06,0.06872525314317907
6,152,0.0046579296048549915,3.8012832216600546e-06,0.06824902640224981
6,153,0.00441660013026419,3.604336990077276e-06,0.06645750619955725
6,154,0.004263188910120906,3.479139843143748e-06,0.06529310001922796
6,155,0.004209967120137086,3.435706147391597e-06,0.06488425941734317
6,156,0.004023861654334252,3.2838275994895042e-06,0.06343391564718555
6,157,0.0038962640584054597,3.1796966568443597e-06,0.06242006134573611
6,158,0.0034849193539153093,2.8440029353533067e-06,0.05903320551956593
6,159,0.003253262459747183,2.6549503863269473e-06,0.057037377742557405
6,160,0.00307979607581611,2.513386448977629e-06,0.05549591044226691
6,161,0.0029776817943050586,2.4300521485632895e-06,0.05456813900349781
6,162,0.00273580141244346,2.232656327840523e-06,0.05230488899178986
6,163,0.002636631607037261,2.151724980790332e-06,0.051348141222806315
6,164,0.0025766511121279407,2.1027755830390186e-06,0.05076072410957059
6,165,0.002509382811927658,2.047878690515267e-06,0.05009374024693762
6,166,0.0023585744103373817,1.924805674114811e-06,0.048565156340089975
6,167,0.0022182256201931858,1.8102686273120116e-06,0.04709804263653836
6,168,0.0022016040361936373,1.7967039421976121e-06,0.046921253565880325
6,169,0.002127547742046531,1.73626744523847e-06,0.046125348150952
6,170,0.002112130283195609,1.7236854329234796e-06,0.045957918612526495
6,171,0.0018722672811552186,1.5279359728623431e-06,0.04326970396426602
6,172,0.0017890321723052632,1.4600087499187852e-06,0.042296952281520986
6,173,0.0017776914463311696,1.4507537128049066e-06,0.04216267835813054
6,174,0.00164269235840702,1.3405824969645898e-06,0.04053014135685959
6,175,0.0015951103857543179,1.3017513918079815e-06,0.039938833054488684
6,176,0.0015105216748348483,1.2327195096548283e-06,0.038865430331270594
6,177,0.0014562794116726886,1.1884530173814643e-06,0.038161229168787114
6,178,0.0014278076708362875,1.1652175544367137e-06,0.03778634238499788
6,179,0.0013377658990200401,1.0917354914839183e-06,0.03657548221172265
6,180,0.0012604146268693748,1.0286100005589565e-06,0.035502318612583246
6,181,0.0011786917660512933,9.619169059853419e-07,0.03433208071252445
6,182,0.0010888591482162602,8.886055312109818e-07,0.032997865813053126
6,183,0.0010477802692389856,8.550815266278815e-07,0.032369434181631684
6,184,0.0010118916964472332,8.257932717215772e-07,0.031810245149121896
6,185,0.00099755623968242,8.140942689676243e-07,0.03158411372323783
6,186,0.0009552897950837575,7.796011056264144e-07,0.030907762699421606
6,187,0.0008825470649749145,7.202365932962417e-07,0.02970769370003189
6,188,0.0008632192292770294,7.044633670386371e-07,0.029380592731887308
6,189,0.000831358983596691,6.784625839404116e-07,0.028833296439996086
6,190,0.0007956840682961109,6.493486924756521e-07,0.028207872452492955
6,191,0.0007620343880918502,6.218875722729424e-07,0.027604970351222082
6,192,0.0006906103611732759,5.635992385750731e-07,0.026279466531367715
6,193,0.0006880610387197386,5.615187655985961e-07,0.02623091761108899
6,194,0.000651785917898223,5.31915053254212e-07,0.025530098274354977
6,195,0.0006002895046384374,4.898894177667066e-07,0.024500806203846384
6,196,0.0005743985234376854,4.6876008332417836e-07,0.023966612681763883
6,197,0.0005222538569639868,4.2620541578284685e-07,0.022852874151055635
6,198,0.0004989008535050909,4.071472960269915e-07,0.022336088590106613
6,199,0.0004898910940168438,3.9979453407494986e-07,0.022133483549067547
6,200,0.00047189603249766425,3.851089696228166e-07,0.02172316810452988
6,201,0.000460566987713606,3.75863465394889e-07,0.02146082448820655
6,202,0.0004319521903811672,3.525112556754403e-07,0.020783459538324393
6,203,0.00042394012793257543,3.459727028976182e-07,0.02058980640833166
6,204,0.000380775216221664,3.107463107941177e-07,0.019513462435499857
6,205,0.00036906089287779123,3.011863851280554e-07,0.019210957625214607
6,206,0.00034714734422919345,2.8330298802430306e-07,0.01863189051677777
6,207,0.00034266388222953053,2.796440858252434e-07,0.018511182626443145
6,208,0.000329008585713027,2.685001540919527e-07,0.0181385938185138
6,209,0.00031415443016213153,2.563778471750139e-07,0.017724402110145535
6,210,0.0003038048681689952,2.4793168768066827e-07,0.017429999086890257
6,211,0.00028941799999200097,2.3619072865963863e-07,0.01701228967517309
6,212,0.00028013949263895556,2.2861864464050307e-07,0.016737368151503257
6,213,0.0002572760805259055,2.0996007479765933e-07,0.01603982794564535
6,214,0.0002413799197622936,1.9698739931184977e-07,0.015536406269221129
6,215,0.00022733345375996846,1.855242386229026e-07,0.015077581164098188
6,216,0.0002181973407994793,1.7806836104336596e-07,0.014771504351266302
6,217,0.0002060839310228436,1.6818274549155005e-07,0.014355623672374656
6,218,0.00019593481436126528,1.599001671459872e-07,0.013997671747875261
6,219,0.00018710667503220058,1.526956233342746e-07,0.013678694200551476
6,220,0.00017364348177182826,1.417084648771615e-07,0.013177385240320943
6,221,0.0001724719867702596,1.4075242116858333e-07,0.0131328590478334
6,222,0.00016112759557455281,1.3149439290915224e-07,0.01269360451465827
6,223,0.00015833655346976638,1.2921665528237207e-07,0.012583185346714336
6,224,0.00014398455015616807,1.1750414907868736e-07,0.011999356239239173
6,225,0.0001378034982741602,1.1245986313954461e-07,0.011738973476167334
6,226,0.00011923095875660442,9.730302547971463e-08,0.01091929296047159
6,227,0.00011362885847404148,9.273121533729267e-08,0.010659683788651588
6,228,0.00011132821532992907,9.085368670877361e-08,0.010551218665629533
6,229,0.00010244387093983933,8.360327458783965e-08,0.01012145596936722
6,230,9.334316161473789e-05,7.61762895113251e-08,0.009661426479290617
6,231,9.244571557815431e-05,7.544389403723836e-08,0.009614869503958663
6,232,9.011301797684612e-05,7.354020613181851e-08,0.009492787682069273
6,233,8.502326738521572e-05,6.938651872824916e-08,0.009220806222083605
6,234,8.321631711516972e-05,6.791188722313997e-08,0.009122297797987617
6,235,7.95885986024394e-05,6.495134752306079e-08,0.008921244229502934
6,236,7.727827185214625e-05,6.306591621398991e-08,0.008790806097972259
6,237,7.429335663217041e-05,6.062996094924195e-08,0.008619359409618003
6,238,7.130041536421081e-05,5.818745571828044e-08,0.008443957328421953
6,239,6.786847592515865e-05,5.538668908715216e-08,0.008238232572898064
6,240,6.434931506492108e-05,5.251474204905168e-08,0.008021802482292935
6,241,6.106624608317223e-05,4.983546690009567e-08,0.007814489496004984
6,242,5.978038649025606e-05,4.878609155297403e-08,0.007731777705693307
6,243,5.7024069932903776e-05,4.653669304937143e-08,0.007551428337268637
6,244,5.568846642397674e-05,4.544672225977796e-08,0.007462470530861528
6,245,5.122584537111567e-05,4.180482811968912e-08,0.0071572233003529846
6,246,4.9937175589620636e-05,4.075315940972159e-08,0.007066624058885589
6,247,4.85772909215622e-05,3.9643373043114575e-08,0.006969741094299142
6,248,4.6268498686025456e-05,3.775919403403355e-08,0.006802095168845071
6,249,4.5005831920560815e-05,3.672874608885514e-08,0.0067086386041104356
6,250,4.343868347300655e-05,3.544981411587525e-08,0.006590802946000324
6,251,4.156325462952972e-05,3.3919298028063376e-08,0.006446957005404156
6,252,3.787772543316984e-05,3.091157968846918e-08,0.006154488234871348
6,253,3.592932859522748e-05,2.9321515252655026e-08,0.005994107823123261
6,254,3.509113220530725e-05,2.863747273940219e-08,0.005923776853098642
6,255,3.3739584017539776e-05,2.7534489679273808e-08,0.00580857848509769
6,256,3.302529271937313e-05,2.695156469812584e-08,0.005746763673527312
6,257,3.125742588098404e-05,2.5508828735801896e-08,0.005590834095283461
6,258,2.8933746528903872e-05,2.3612500520713892e-08,0.005379009809333301
6,259,2.8077922501499295e-05,2.2914072293572867e-08,0.005298860490850773
6,260,2.5091921924014737e-05,2.0477231280941753e-08,0.005009183758259896
6,261,2.426862684096426e-05,1.980534955425936e-08,0.004926319807012559
6,262,2.2334556903476578e-05,1.8226977138492055e-08,0.004725945080454975
6,263,2.0785154710607882e-05,1.6962527681545307e-08,0.004559073887381941
6,264,1.950778769726095e-05,1.5920083031742817e-08,0.004416762128218017
6,265,1.771983686758514e-05,1.4460956753210015e-08,0.004209493659287912
6,266,1.69218550002486e-05,1.380973285314642e-08,0.00411361823705708
6,267,1.4468508045671573e-05,1.1807584386663796e-08,0.0038037492090924677
6,268,1.3831294719254891e-05,1.1287561859101073e-08,0.0037190448665288902
6,269,1.3173826609674853e-05,1.075100963402704e-08,0.003629576643311841
6,270,1.2495219770106224e-05,1.019720633252002e-08,0.003534857814694422
6,271,9.693827201316683e-06,7.91102181012547e-09,0.003113491159665735
6,272,8.143199125708311e-06,6.6455719242574284e-09,0.0028536291149531524
6,273,7.618805414654846e-06,6.217620197959572e-09,0.002760218363581919
6,274,6.101165430280891e-06,4.9790915170821065e-09,0.0024700537302416907
6,275,5.528928273172473e-06,4.512095300166459e-09,0.0023513673199167485
6,276,3.53202259770149e-06,2.8824433553423816e-09,0.0018793676057923022
6,277,2.8493972961592055e-06,2.325360632853684e-09,0.0016880157867031947
6,278,2.3609409774825797e-06,1.9267370025686793e-09,0.0015365353811359437
6,279,2.0550253594121154e-06,1.6770827559688698e-09,0.0014335359637665584
6,280,1.7521942023190403e-06,1.4299457027910032e-09,0.001323704726258481
6,281,8.120789830759295e-07,6.627283954252442e-10,0.000901154250434369
6,282,5.770988977366356e-07,4.709638279887827e-10,0.0007596702559246581
6,283,2.5527116991087005e-07,2.083238901129619e-10,0.0005052436737959913
6,284,1.811807200109824e-07,1.478595190335592e-10,0.0004256532861508089
6,285,1.3323799522020273e-07,1.0873400817184453e-10,0.00036501780123742285
6,286,8.661726524454172e-08,7.068736219992859e-11,0.000294308112773912
6,287,6.177709425013111e-08,5.041558198113772e-11,0.0002485499834040049
6,288,5.4426065732427965e-08,4.441649145448742e-11,0.00023329394705484316
6,289,4.1958744663770715e-08,3.424205293400422e-11,0.00020483833787592282
6,290,3.093561746179533e-08,2.524620455548454e-11,0.00017588523946538359
6,291,2.4119568073782643e-08,1.968370439454329e-11,0.00015530475869651465
6,292,2.1010460548301588e-08,1.7146397205823747e-11,0.00014494985528899844
6,293,1.641349095188321e-08,1.339486275173219e-11,0.00012811514723826847
6,294,1.51116076178161e-08,1.2332410612225841e-11,0.00012292927892823622
6,295,1.2189349830833187e-08,9.947589363865773e-12,0.00011040538859509162
6,296,1.0644637245626434e-08,8.686967042241753e-12,0.00010317285130123348
6,297,8.45388965761814e-09,6.899122923578346e-12,9.194503606839327e-05
6,298,6.801147413479134e-09,5.5503388294979946e-12,8.246906943502597e-05
6,299,6.372908708543319e-09,5.200858106938079e-12,7.983049986404519e-05
6,300,7.801375888105528e-30,6.366613878923587e-33,2.793094321376478e-15
6,301,7.801375888105528e-30,6.366613878923587e-33,2.793094321376478e-15
6,302,7.801375888105528e-30,6.366613878923587e-33,2.793094321376478e-15
6,303,7.801375884784075e-30,6.366613876212988e-33,2.793094320781895e-15
7,0,1447.4962788683733,1.0,38.04597585643419
7,1,703.3504821900699,0.4859083180095887,26.520755686632874
7,2,516.9661185192122,0.3571450414527953,22.736888936686395
7,3,407.57398056339014,0.28157169487304257,20.188461570000577
7,4,265.86316419315546,0.18367105192215244,16.30531091985539
7,5,240.56011940985655,0.16619049245357795,15.510000625720702
7,6,169.92146429147624,0.1173899144143692,13.035392755551182
7,7,133.67138010285922,0.09234661398049404,11.56163397201534
7,8,69.97633784731981,0.04834301743561376,8.365186061727487
7,9,58.121032621844414,0.040152802788054415,7.62371514563893
7,10,55.20022067576117,0.03813496551363553,7.4296850993673464
7,11,33.418513180560815,0.02308711508860445,5.780874776412374
7,12,28.49081190161044,0.019682822206551057,5.337678512388175
7,13,25.79286393517912,0.017818950080716975,5.078667535405239
7,14,23.246093591583275,0.016059518722740106,4.821420287797287
7,15,19.308991331274783,0.013339579253613147,4.394199737298566
7,16,16.265435424840284,0.011236944551979305,4.0330429485489345
7,17,14.076962237821732,0.009725042090489413,3.7519278028530523
7,18,12.129564393256702,0.008379686062294667,3.482752416301897
7,19,10.374257507133068,0.0071670357005984685,3.2209094223732944
7,20,8.467286876162298,0.00584960873459507,2.9098602846463777
7,21,6.999470681709382,0.004835570760279566,2.6456512774191125
7,22,6.607466706275416,0.004564755573286182,2.5704993106934335
7,23,6.0756448635561675,0.004197347483550008,2.464882322456017
7,24,5.768255976893815,0.003984988466708414,2.4017193792976346
7,25,5.421885062347917,0.0037456987914239403,2.328494161974197
7,26,5.116010084887434,0.00353438565582154,2.2618598729557573
7,27,4.5233800895235365,0.003124968371635355,2.1268239441767474
7,28,3.9983719845242334,0.00276226753940265,1.9995929547095912
7,29,3.7801910142186643,0.002611537638752308,1.944271332458169
7,30,3.6994512479853077,0.0025557587276683518,1.9233957595838949
7,31,3.5865809685808214,0.002477782513807045,1.8938270693441948
7,32,3.19166401979079,0.00220495490481397,1.7865228853252315
7,33,2.8983874737313817,0.002002345371137872,1.7024651167443583
7,34,2.6943528394866925,0.0018613884393492805,1.6414483968394171
7,35,2.520088856858396,0.001740998504554745,1.5874787736717604
7,36,2.3848891623888115,0.0016475960575548251,1.544308635729533
7,37,2.3715402171075772,0.001638373964568396,1.53998058984767
7,38,2.083917281171487,0.0014396702164931685,1.4435779442660819
7,39,1.9808915955607678,0.0013684951211822066,1.4074415069766728
7,40,1.8175667488887446,0.0012556624672705105,1.3481716318365198
7,41,1.7635143160975577,0.0012183204487933065,1.3279737633317752
7,42,1.5774240823255774,0.0010897603713073303,1.2559554459954292
7,43,1.517749387982214,0.0010485342243288964,1.231969718776486
7,44,1.4244532199615016,0.0009840807473958507,1.1935045957018773
7,45,1.3437565541744665,0.0009283316121717365,1.159205138952751
7,46,1.2194516064615353,0.0008424557798620945,1.104287827724971
7,47,1.17866908355159,0.0008142812529183511,1.0856652723337843
7,48,1.0616988280860447,0.0007334725785382065,1.0303877076547665
7,49,0.9529945356629913,0.0006583744287121935,0.9762143902150753
7,50,0.8728579920875104,0.0006030122528327984,0.9342686937318998
7,51,0.8334090745334048,0.0005757590445655233,0.9129124133964905
7,52,0.8111957169124129,0.0005604129894873313,0.9006640422002051
7,53,0.7746073728602352,0.0005351360028820312,0.8801178176018454
7,54,0.7610477491873426,0.0005257683631368753,0.8723805071110556
7,55,0.7492046542466831,0.0005175865839409259,0.8655660888959797
7,56,0.6413292864870526,0.0004430610951127503,0.8008303731047247
7,57,0.5432805457515709,0.00037532431252693647,0.7370756716590033
7,58,0.5032577655993317,0.0003476746523954932,0.7094066292327212
7,59,0.4916483327737619,0.00033965429821907644,0.7011763920539267
7,60,0.4705857708999843,0.0003251032681533937,0.6859925443472286
7,61,0.4481697821431202,0.0003096172257475448,0.669454839509821
7,62,0.41143417293340917,0.00028423850129346174,0.6414313470149469
7,63,0.4045921536432711,0.00027951170552201627,0.6360755879950677
7,64,0.3897435396025356,0.00026925356927841646,0.6242944334226724
7,65,0.3711060147332702,0.0002563778713292405,0.6091847131480486
7,66,0.3548040885353241,0.0002451157171973551,0.5956543364530507
7,67,0.33293597581510814,0.00023000817389001615,0.5770060448687762
7,68,0.32076206509265076,0.00022159785125210602,0.5663586011465269
7,69,0.301195358263351,0.0002080802297459584,0.5488126804870228
7,70,0.27213641926570403,0.00018800491803575164,0.5216669620224229
7,71,0.2690865674479176,0.00018589793381595747,0.5187355467364055
7,72,0.260630337059385,0.00018005596343442147,0.5105196735282441
7,73,0.25170400520360003,0.0001738892243649688,0.5017011114235248
7,74,0.24567342092566374,0.00016972300689969776,0.49565453788466796
7,75,0.21711526657263827,0.00014999366129105014,0.4659562925561133
7,76,0.2113739250143183,0.00014602726659827177,0.4597542006489101
7,77,0.1942678082618666,0.00013420953897977665,0.4407582197326178
7,78,0.18674419552640126,0.00012901186569708802,0.43213909280045615
7,79,0.17835914255298552,0.00012321906809489245,0.4223258724645999
7,80,0.17673271049584843,0.00012209545065913047,0.42039589733470095
7,81,0.17230257647395925,0.0001190349011526733,0.41509345510855655
7,82,0.16071504109607365,0.00011102967478556683,0.4008928049941451
7,83,0.15575663546282664,0.00010760416985983161,0.39466015185577913
7,84,0.14428880185017648,9.968163922533804e-05,0.37985365846622626
7,85,0.1405660920862343,9.710981239697995e-05,0.3749214478877333
7,86,0.13172705692204492,9.10033820777949e-05,0.3629422225672358
7,87,0.12436249261917183,8.591558709663572e-05,0.3526506665514356
7,88,0.1152186926245733,7.959861058478796e-05,0.33943879068923943
7,89,0.10968491656421664,7.57756121141578e-05,0.3311871322443199
7,90,0.10438890661053006,7.21168738976928e-05,0.323092721382779
7,91,0.09917771690556527,6.851673358573374e-05,0.3149249385259371
7,92,0.09801973920252577,6.771674693295643e-05,0.3130810425473343
7,93,0.09397520519287772,6.492258844792737e-05,0.30655375579639815
7,94,0.08920803481300169,6.162919802650058e-05,0.29867714143034396
7,95,0.08518085682630454,5.884702991630307e-05,0.2918575968281527
7,96,0.0825367411660745,5.702034773491801e-05,0.2872920833682587
7,97,0.0784339950595352,5.41859735355268e-05,0.28006069888425117
7,98,0.07612012554400704,5.258744126341824e-05,0.27589875959128024
7,99,0.07197412339403454,4.972318371022178e-05,0.26827993475851775
7,100,0.07030595949117761,4.857073590969198e-05,0.26515270975643
7,101,0.0684444841612686,4.7284739284288365e-05,0.26161896751051633
7,102,0.06393928430764453,4.4172330693403315e-05,0.25286218441602637
7,103,0.059556208525685016,4.1144291280834926e-05,0.2440414073998202
7,104,0.058847495178277615,4.06546780377795e-05,0.2425850266984292
7,105,0.05629079738769101,3.888838832228166e-05,0.23725681736820758
7,106,0.05580252524195948,3.8551066456339974e-05,0.23622558126070825
7,107,0.05215439345130175,3.6030761676344425e-05,0.22837336414586915
7,108,0.050115123387951085,3.462193590378705e-05,0.22386407346412485
7,109,0.04675341607776586,3.2299506921231496e-05,0.2162253825936397
7,110,0.04476578162504737,3.0926353510244916e-05,0.2115792561312365
7,111,0.043161552764853464,2.9818075110076546e-05,0.2077535866473873
7,112,0.042069353870254414,2.9063531619676065e-05,0.20510815164262589
7,113,0.03466930638914526,2.39512231535746e-05,0.18619695590730065
7,114,0.033389289063507833,2.3066925663954717e-05,0.18272736265679487
7,115,0.03125865627684888,2.159498213099818e-05,0.17680117724961245
7,116,0.029494668611395762,2.037633466971961e-05,0.17174011939962008
7,117,0.027574614484481758,1.904986899589068e-05,0.1660560582588957
7,118,0.026380992500752595,1.822525756085313e-05,0.16242226602517462
7,119,0.02538810727004577,1.7539324722750746e-05,0.1593364593244301
7,120,0.02489587684169859,1.7199268284932477e-05,0.1577842731126857
7,121,0.02290647811174663,1.5824896026437115e-05,0.15134886227437136
7,122,0.02254948072666892,1.5578265074572558e-05,0.1501648451757898
7,123,0.021213677924758853,1.4655428296743758e-05,0.1456491603984
7,124,0.02051854489451229,1.4175196989489549e-05,0.14324295757387967
7,125,0.019993650802224074,1.3812574922717419e-05,0.14139890665144506
7,126,0.018910394840130827,1.3064209639913296e-05,0.1375150713199496
7,127,0.018319007949208016,1.265565115202195e-05,0.135347729752693
7,128,0.017501097474175303,1.2090599284895811e-05,0.1322917135506805
7,129,0.017114590764342567,1.1823581873193102e-05,0.13082274559243345
7,130,0.016686882127347997,1.152810018993175e-05,0.12917771528924019
7,131,0.015878569327647037,1.0969678858214833e-05,0.12601019533215174
7,132,0.014270520622055811,9.858761525253971e-06,0.11945928436942778
7,133,0.013514011095677835,9.336128384552979e-06,0.11624977890593098
7,134,0.013035518112477266,9.005562434100487e-06,0.11417319349338209
7,135,0.012543337621413226,8.66554049535753e-06,0.1119970429137003
7,136,0.011695590980057001,8.079876370528845e-06,0.10814615564159921
7,137,0.011448866028213503,7.909426915531708e-06,0.10699937396178308
7,138,0.010472741993891374,7.235073517479974e-06,0.10233641577606367
7,139,0.010268108486621234,7.093702855421955e-06,0.10133167563314659
7,140,0.009896760359236005,6.837157721036157e-06,0.09948246257122913
7,141,0.009124257876911837,6.303475877703132e-06,0.0955209813439531
7,142,0.008690708751974759,6.003959304661563e-06,0.09322397090863893
7,143,0.008545521190701906,5.903656759230249e-06,0.09244198824507133
7,144,0.008134127220731344,5.619446032075785e-06,0.09018939638744315
7,145,0.007326111024575533,5.061229608343419e-06,0.08559270427189185
7,146,0.00722447203138419,4.991012506803923e-06,0.08499689424552047
7,147,0.006434679738366906,4.445386031249368e-06,0.08021645553355562
7,148,0.006381459920136443,4.408619222928402e-06,0.07988404045950882
7,149,0.006123070636365653,4.230111486816781e-06,0.07825005198953962
7,150,0.005857445464177696,4.046604851210354e-06,0.07653394974896889
7,151,0.005662590904396111,3.9119899560799036e-06,0.0752501887332923
7,152,0.005373470221724401,3.7122514925739803e-06,0.07330395774939032
7,153,0.00521430409415431,3.6022918816971046e-06,0.07221013844436465
7,154,0.00491123980599055,3.392920505350155e-06,0.07008023834142225
7,155,0.004502114666620403,3.1102771954205473e-06,0.0670977992680863
7,156,0.004385989993489756,3.030052689958308e-06,0.06622680721195727
7,157,0.0042614285453293765,2.943999654811469e-06,0.06527961814632019
7,158,0.004162144314222367,2.875409336096019e-06,0.0645146829351456
7,159,0.0039293984536783125,2.7146173092411996e-06,0.06268491408367975
7,160,0.003574430873967196,2.469388644481782e-06,0.05978654425510138
7,161,0.003495534586606682,2.4148832972057297e-06,0.059123046154665286
7,162,0.003386073128750101,2.339262061106832e-06,0.05818997446940582
7,163,0.0031901148247653667,2.203884646431935e-06,0.05648110148328701
7,164,0.0030785195822716493,2.1267892893502847e-06,0.0554844084610411
7,165,0.0029131145979642763,2.012519576383089e-06,0.05397327670212618
7,166,0.0028362075674482215,1.9593885033442144e-06,0.05325605662690603
7,167,0.002764987623006561,1.910186342702158e-06,0.052583149610940585
7,168,0.0026798416172380086,1.8513633895715855e-06,0.051767186684597885
7,169,0.0026358672520010364,1.8209837845398195e-06,0.051340697813732884
7,170,0.002555744787173783,1.7656313349363623e-06,0.050554374560207775
7,171,0.0023496578079481006,1.6232565445936904e-06,0.04847326900414393
7,172,0.0023118269283304567,1.5971211547001706e-06,0.04808146137889797
7,173,0.002268328035420892,1.5670700288046545e-06,0.04762696752283198
7,174,0.0021493809275015853,1.4848956497366147e-06,0.046361416366431096
7,175,0.0020287445304112057,1.4015542285174245e-06,0.045041586677327494
7,176,0.0019169487124505202,1.324320304262997e-06,0.04378297285989749
7,177,0.0018883032659780205,1.3045306530627229e-06,0.043454611561697574
7,178,0.0017774160743560484,1.2279244515541004e-06,0.04215941264244615
7,179,0.0017183400288401129,1.1871118799583238e-06,0.04145286514633353
7,180,0.0016812625841352688,1.1614969991146711e-06,0.04100320212050845
7,181,0.0016161866000760868,1.1165393816000636e-06,0.04020182334268045
7,182,0.0015360034562830885,1.061145012050676e-06,0.03919187997893299
7,183,0.0014932872297243045,1.0316345896873253e-06,0.03864307479645356
7,184,0.0014564169166728278,1.0061628053451222e-06,0.0381630307584818
7,185,0.0013010355526455793,8.988178910295408e-07,0.03606987042734669
7,186,0.0012433662165900333,8.589771419392351e-07,0.03526139839243522
7,187,0.0011723527320678907,8.099176137325998e-07,0.03423963685654231
7,188,0.0011550110396639694,7.979371391316711e-07,0.03398545335380962
7,189,0.0010783243549494055,7.449582915628772e-07,0.03283784942637696
7,190,0.000990077649631187,6.839932261554495e-07,0.03146549935455001
7,191,0.0009679855019741174,6.687309087460115e-07,0.031112465379235336
7,192,0.0009376925475562501,6.478030798734221e-07,0.030621765911786506
7,193,0.0009142072180220144,6.31578285463176e-07,0.030235859802922992
7,194,0.0008733798027342288,6.033727447071722e-07,0.029552999893990944
7,195,0.0008681016243528615,5.997263253978986e-07,0.02946356435248223
7,196,0.0007934347415163787,5.481428540435846e-07,0.028167973684956087
7,197,0.0007510460939433414,5.188587389879135e-07,0.02740522019512599
7,198,0.0006975737010807681,4.819174399716722e-07,0.026411620568998945
7,199,0.0006621058078266931,4.574145146295751e-07,0.025731416747367276
7,200,0.0006304445436602761,4.355413916180471e-07,0.025108654756085123
7,201,0.0006198761605926653,4.2824024465007493e-07,0.024897312316647057
7,202,0.0006041804300745008,4.173968796291748e-07,0.02458008197859602
7,203,0.000556017834700993,3.841238439215041e-07,0.0235800304219692
7,204,0.0005026677248955672,3.4726702391839226e-07,0.02242025256092284
7,205,0.00048710434799924593,3.365150951407318e-07,0.022070440593681993
7,206,0.0004819046198861278,3.329228730472953e-07,0.021952326070057537
7,207,0.0004378120430842721,3.0246160178494253e-07,0.02092395859019684
7,208,0.0004255143690335674,2.939657774914813e-07,0.020627999637230155
7,209,0.00040043468933869525,2.766395293615179e-07,0.020010864282651444
7,210,0.0003660722141014845,2.5290027991482867e-07,0.019133013722398375
7,211,0.00034760795170688593,2.4014428001061226e-07,0.01864424714776346
7,212,0.0003341521122639547,2.3084833939966245e-07,0.018279828015163455
7,213,0.00031763283055471743,2.194360256338877e-07,0.01782225660669034
7,214,0.0002874974118720507,1.9861703001876523e-07,0.016955748637911883
7,215,0.0002835649501592827,1.9590029646291646e-07,0.01683938687005209
7,216,0.0002754231092894112,1.9027552147127594e-07,0.01659587627362325
7,217,0.000254521690632464,1.758358168847553e-07,0.015953735945930157
7,218,0.00024710941211223287,1.707150586289718e-07,0.01571971412310774
7,219,0.00024101559939105428,1.665051599161802e-07,0.015524677110685886
7,220,0.00023509794810561114,1.6241696198998626e-07,0.015332904098885219
7,221,0.0002282287837534226,1.5767141310501176e-07,0.015107242758141626
7,222,0.00021528817067258487,1.487314156281585e-07,0.014672701546497321
7,223,0.00020237625540012324,1.398112439766252e-07,0.014225900864272998
7,224,0.0001979571710116681,1.3675832808801933e-07,0.014069725335331466
7,225,0.00019344388280387472,1.3364033167332608e-07,0.013908410506016664
7,226,0.0001790531929438391,1.2369855146281942e-07,0.013381075926241473
7,227,0.0001766915068894225,1.2206698522745548e-07,0.013292535758440619
7,228,0.00016234623895731442,1.1215658466786098e-07,0.012741516352354394
7,229,0.00016068309147070312,1.1100760244877609e-07,0.012676083443662839
7,230,0.0001534786710462731,1.0603044255579018e-07,0.01238865089694084
7,231,0.00014651715726467582,1.0122109424641859e-07,0.012104427176230845
7,232,0.00014552076673660203,1.005327397804211e-07,0.012063198860028879
7,233,0.00014192157430021108,9.80462446585098e-08,0.011913084164069818
7,234,0.00012490745104578137,8.62920705699028e-08,0.0111762002060531
7,235,0.00012304325946940005,8.500419743088602e-08,0.011092486622457565
7,236,0.00011952890885152641,8.257631511493209e-08,0.010932927734670453
7,237,0.00010989592763328792,7.592138870243079e-08,0.010483125852210682
7,238,0.00010981798261105135,7.58675405348227e-08,0.010479407550575144
7,239,0.00010195597996522933,7.043609123813202e-08,0.010097325386716491
7,240,0.00010080843500164045,6.964331202319268e-08,0.01004034038275797
7,241,9.367253374731014e-05,6.471348846612693e-08,0.009678457198712517
7,242,8.968898412672415e-05,6.196146092813543e-08,0.009470426818614045
7,243,8.863665237103299e-05,6.123445957341427e-08,0.009414704051165549
7,244,7.993060032875267e-05,5.521990038636989e-08,0.008940391508695392
7,245,7.584041375487442e-05,5.2394202915785795e-08,0.008708640178286988
7,246,7.488445108956059e-05,5.173377796045452e-08,0.008653580246901313
7,247,7.026187428534354e-05,4.854027973064844e-08,0.008382235637665141
7,248,6.771590976896121e-05,4.678140507684089e-08,0.008228967721954025
7,249,6.462997823794351e-05,4.464949525705867e-08,0.008039277221115311
7,250,6.245465145508201e-05,4.3146674963411957e-08,0.00790282553616629
7,251,6.078265134252439e-05,4.199157692484238e-08,0.007796322937290655
7,252,5.464308460039147e-05,3.775006913531443e-08,0.0073920960897699015
7,253,5.28516201082277e-05,3.651243936153408e-08,0.00726991197389815
7,254,5.204143953242138e-05,3.5952727680313246e-08,0.007213975293305445
7,255,4.624048541772691e-05,3.194514976845184e-08,0.006800035692386248
7,256,4.4594853579152876e-05,3.080826820088017e-08,0.006677937823845987
7,257,3.73780679957342e-05,2.5822565861762148e-08,0.006113760544520386
7,258,3.575437947547872e-05,2.4700843793139732e-08,0.005979496590473041
7,259,3.1995244576515495e-05,2.210385273081932e-08,0.005656433909851285
7,260,2.894470646327229e-05,1.9996394385138416e-08,0.005380028481641365
7,261,2.8439692500846736e-05,1.964750646756783e-08,0.0053328878200133495
7,262,2.4193678716379906e-05,1.6714156070435008e-08,0.004918707016725016
7,263,2.2204110589240222e-05,1.533966678422068e-08,0.0047121237875548455
7,264,2.141446770070117e-05,1.479414352446047e-08,0.004627576871398375
7,265,2.0020624590571542e-05,1.3831209712140544e-08,0.004474441260154338
7,266,1.6480047709621855e-05,1.138520903314906e-08,0.004059562502243543
7,267,1.600312860943388e-05,1.105573039672671e-08,0.004000391057063532
7,268,1.5435068262431996e-05,1.0663287006512277e-08,0.003928748943675581
7,269,1.4003120615018315e-05,9.674028748430155e-09,0.003742074373261215
7,270,1.3189947956189198e-05,9.112249992449627e-09,0.0036317967944516387
7,271,1.2714313271944639e-05,8.783658692293469e-09,0.003565713571214693
7,272,9.433456349325458e-06,6.517085043355251e-09,0.0030713932260987777
7,273,7.956008656723997e-06,5.49639316720307e-09,0.0028206397601827846
7,274,6.964401370926622e-06,4.811343194865597e-09,0.0026390152274904785
7,275,6.552007946112411e-06,4.526441996268657e-09,0.0025596890330882795
7,276,4.955038209881387e-06,3.4231785478268358e-09,0.002225991511637317
7,277,4.207330302270604e-06,2.9066259883996516e-09,0.0020511777841695253
7,278,3.283143382483495e-06,2.268153245305886e-09,0.0018119446411200026
7,279,2.1850378526009037e-06,1.5095291673627839e-09,0.001478187353687246
7,280,1.8984588226117927e-06,1.3115465996886526e-09,0.001377845718000311
7,281,1.0538979854756717e-06,7.280833815335195e-10,0.00102659533676891
7,282,6.674016233752017e-07,4.6107311854159955e-10,0.0008169465241833163
7,283,3.707401186126753e-07,2.561250927031835e-10,0.0006088843228501414
7,284,1.9085816700048752e-07,1.3185399491990198e-10,0.0004368731703829929
7,285,1.6474528702323657e-07,1.1381396237649156e-10,0.0004058882691372548
7,286,1.4750640385431402e-07,1.019045133363879e-10,0.0003840656244111337
7,287,9.230366106315416e-08,6.376780542421532e-11,0.0003038151758275978
7,288,6.277492171411007e-08,4.336793305139712e-11,0.0002505492400988478
7,289,5.277835926911804e-08,3.6461827252764485e-11,0.00022973541143915546
7,290,5.216910877319594e-08,3.604092772796681e-11,0.0002284055795579345
7,291,4.0455295189319386e-08,2.7948462306892155e-11,0.000201135017312549
7,292,2.6341101097470923e-08,1.8197698662178202e-11,0.00016229941804415357
7,293,2.080013880711349e-08,1.4369735598473985e-11,0.00014422253224483854
7,294,1.802510858832145e-08,1.24526113479291e-11,0.0001342576202244083
7,295,1.571599432771393e-08,1.0857364234470027e-11,0.0001253634489303558
7,296,1.5436769845822534e-08,1.0664462542101127e-11,0.00012424479806343014
7,297,1.0379670961175658e-08,7.170775574836226e-12,0.00010188067020380097
7,298,9.447462186602652e-09,6.5267609489044826e-12,9.719805649601566e-05
7,299,6.892209023574345e-09,4.7614692515565914e-12,8.301932921660078e-05
7,300,9.231923988119555e-30,6.377856802047815e-33,3.0384081338950425e-15
7,301,9.231923988119555e-30,6.377856802047815e-33,3.0384081338950425e-15
7,302,9.231923988119555e-30,6.377856802047815e-33,3.0384081338950425e-15
7,303,9.231923696245934e-30,6.37785660040749e-33,3.0384080858643616e-15
8,0,2027.9975857217794,1.0,45.03329419131782
8,1,717.1340662320187,0.35361682443856823,26.779358958571407
8,2,614.9159910413971,0.30321337430120454,24.797499693344026
8,3,359.0112517509371,0.17702745519944116,18.947592241520745
8,4,226.721708223603,0.11179584720408385,15.057280904054457
8,5,223.6980748497095,0.11030490195090331,14.956539534588524
8,6,107.75780299967505,0.05313507459690749,10.380645596477853
8,7,98.46529701487715,0.04855296559923301,9.92296815549043
8,8,48.73633246192411,0.024031750730402614,6.981141200543369
8,9,46.12046839698218,0.022741875395560475,6.791205224183862
8,10,36.71094175968054,0.018102063837820023,6.058955500717969
8,11,34.30593166036955,0.016916160010200316,5.857126570287648
8,12,29.997037787823274,0.01479145636021411,5.476955156637972
8,13,27.35960880991371,0.01349094742643701,5.230641338298174
8,14,18.964319621231393,0.009351253549190914,4.354804200102617
8,15,15.70238712766871,0.0077428036592460305,3.962623768119894
8,16,15.493891263992708,0.007639994925574982,3.93622805030307
8,17,13.427326253252305,0.006620977434977281,3.6643316243555666
8,18,12.53279612861698,0.00617988710482437,3.540168940688704
8,19,8.270544542258554,0.004078182637143035,2.8758554452994596
8,20,7.960746841009863,0.003925422247569675,2.8214795482175417
8,21,7.185240524670025,0.003543022228062833,2.6805298962462674
8,22,6.397522038030258,0.003154600421160429,2.5293323304837303
8,23,6.021433911399057,0.002969152406192823,2.453861021206999
8,24,5.565886869938474,0.002744523420109267,2.3592131887429066
8,25,5.390923604141953,0.0026582495177001324,2.3218362569617077
8,26,5.27391514351487,0.0026005529694148252,2.296500629983556
8,27,4.104078457665932,0.0020237097354360314,2.025852526139534
8,28,3.6861532391370515,0.0018176319661766867,1.9199357382831987
8,29,3.4905998638443156,0.0017212051377280043,1.8683147122057129
8,30,3.364377177519929,0.00165896508023826,1.8342238624333533
8,31,3.0450326474282408,0.0015014971757693148,1.7450021912388078
8,32,3.027784350366698,0.001492992088197722,1.740052973436929
8,33,2.7745947721289035,0.0013681450075007878,1.6657114912639894
8,34,2.5833950025266135,0.0012738649299758233,1.6072943111100138
8,35,2.2358164220077597,0.0011024748933377137,1.4952646662072102
8,36,2.158368959589261,0.001064285763841815,1.4691388496630469
8,37,1.9306025731827356,0.0009519747887153523,1.3894612528540462
8,38,1.8574126017316446,0.0009158850162390986,1.3628692533517823
8,39,1.725235903473686,0.0008507090519339359,1.3134823575037793
8,40,1.6694654831999813,0.0008232088119601021,1.2920779710218657
8,41,1.4929650855263192,0.0007361769540741153,1.221869504295086
8,42,1.4016522161476725,0.0006911508307584173,1.1839139395022227
8,43,1.3607014330739642,0.0006709581128962145,1.166491077151456
8,44,1.3372044667894651,0.0006593718238148415,1.1563755734143926
8,45,1.191465407599105,0.0005875082968479243,1.0915426732835987
8,46,1.1514692269746154,0.0005677862908129641,1.0730653414282914
8,47,1.1112825733160379,0.0005479703630517509,1.0541738819170383
8,48,1.0437526099801047,0.0005146715249212811,1.0216421144315189
8,49,0.8974803345231428,0.0004425450704881993,0.9473543869762481
8,50,0.7999215230020188,0.0003944390903785622,0.8943833199484541
8,51,0.6654717862232407,0.00032814229706609554,0.815764540920504
8,52,0.643863462529171,0.00031748729242200515,0.8024110309119454
8,53,0.6204387903839822,0.00030593665138075763,0.7876793702922416
8,54,0.5966951691595751,0.0002942287374307731,0.7724604644637647
8,55,0.5417739807104295,0.00026714725132062135,0.7360529741196822
8,56,0.5368608626400861,0.00026472460639000877,0.7327078972142215
8,57,0.5080820343020506,0.00025053384573987076,0.7127987333757339
8,58,0.4976252741188323,0.0002453776462173271,0.7054255978619094
8,59,0.47001786015169816,0.00023176450675330333,0.6855784857707381
8,60,0.43129602614989493,0.00021267087751309797,0.6567313196048251
8,61,0.40046729954357535,0.0001974693176969666,0.6328248569261288
8,62,0.3959892865745888,0.00019526122188831565,0.6292767964692396
8,63,0.3738576628686771,0.00018434817945585394,0.6114390099336786
8,64,0.346651611493304,0.0001709329507756431,0.5887712726460964
8,65,0.33259039146445035,0.0001639994020732914,0.5767065037473137
8,66,0.325190208181392,0.00016035039216560722,0.5702545117589093
8,67,0.3083180380319545,0.0001520307717339919,0.5552639354684892
8,68,0.29060671273279914,0.00014329736621918613,0.5390795050201771
8,69,0.27065760650169735,0.0001334605171166258,0.5202476395926245
8,70,0.25820936677625306,0.0001273223245403196,0.5081430573925546
8,71,0.25566987075337416,0.00012607010607578183,0.5056380827759853
8,72,0.224813126049042,0.00011085473061301961,0.4741446256671502
8,73,0.2204111768678287,0.00010868414164772428,0.4694796873857576
8,74,0.21286818401700344,0.000104964712737191,0.46137640166896643
8,75,0.20939759340872413,0.00010325337410803572,0.457599817972783
8,76,0.19565207155128284,9.647549530077415e-05,0.44232575275613656
8,77,0.18297727084285184,9.022558613043361e-05,0.4277584257999506
8,78,0.17277735976103553,8.519603818933679e-05,0.41566496094936306
8,79,0.16174114799556216,7.975411269436856e-05,0.4021705459075318
8,80,0.14864194870533096,7.329493375724517e-05,0.38554111156312626
8,81,0.14319114934974098,7.060715967212465e-05,0.3784060641027585
8,82,0.13698480565539808,6.75468287634298e-05,0.37011458449431317
8,83,0.1324101266837643,6.529106721625537e-05,0.36388202302911904
8,84,0.13046836595140618,6.433359037011453e-05,0.3612040502976208
8,85,0.1259021012079089,6.208197785556012e-05,0.35482686088839005
8,86,0.1221616402986249,6.023756692745108e-05,0.3495162947540857
8,87,0.11733270919429062,5.785643435691322e-05,0.34253862438313526
8,88,0.10654304695408387,5.253608175088848e-05,0.3264093242450097
8,89,0.10443277975184082,5.149551483054277e-05,0.32316060983950506
8,90,0.10126838691319075,4.993516147463685e-05,0.3182269424690354
8,91,0.09662878967808552,4.764738891131107e-05,0.31085171654357246
8,92,0.09036858371028406,4.456049866455892e-05,0.3006136785149406
8,93,0.08904848796072484,4.390956310188694e-05,0.2984099327447477
8,94,0.08592992779272955,4.237180970910597e-05,0.2931380695043371
8,95,0.0845514257000251,4.169207414018327e-05,0.29077727851402885
8,96,0.07550841761632268,3.723299186741817e-05,0.274787950274976
8,97,0.07459834130143841,3.678423575385486e-05,0.2731269691946191
8,98,0.07183378733081529,3.542104183780333e-05,0.26801825932353057
8,99,0.06711916654051102,3.3096275366926936e-05,0.2590736701027548
8,100,0.06462690445266595,3.186734782510343e-05,0.2542182221097967
8,101,0.061539405369380615,3.0344910567276778e-05,0.24807137152315786
8,102,0.05852685164129208,2.885942865679593e-05,0.2419232350174164
8,103,0.05737701648977999,2.829244812407362e-05,0.23953500055269583
8,104,0.05197330336396006,2.562789212861039e-05,0.22797654125799888
8,105,0.048880676752638616,2.410292650089207e-05,0.2210897481852983
8,106,0.04714566252336036,2.3247395783551128e-05,0.21713051955761623
8,107,0.04574789013415646,2.2558158084726936e-05,0.21388756423447453
8,108,0.04240934327756832,2.0911929864292475e-05,0.20593528905354788
8,109,0.040565108138065575,2.000254261822908e-05,0.20140781548407097
8,110,0.03861804720055486,1.904245225558807e-05,0.19651475059281137
8,111,0.03669550002303765,1.8094449560193854e-05,0.19156069540236495
8,112,0.03392905825521,1.673032477656249e-05,0.1841984208814234
8,113,0.032837001315543006,1.619183452028424e-05,0.1812098267631836
8,114,0.03065829268381348,1.5117519320370377e-05,0.17509509611583496
8,115,0.029595206432740474,1.4593314430503782e-05,0.1720325737549156
8,116,0.028546363761726114,1.4076133010565815e-05,0.16895669197083055
8,117,0.02704234478413443,1.3334505412889759e-05,0.16444556784582073
8,118,0.02547311037689881,1.2560720267244668e-05,0.15960297734346565
8,119,0.02437516814617606,1.2019327990225765e-05,0.1561254884577661
8,120,0.023872644423566836,1.1771534932607124e-05,0.1545077487492677
8,121,0.022627781667027325,1.1157696550695808e-05,0.15042533585479317
8,122,0.021696576608410886,1.069852191204109e-05,0.14729757842005037
8,123,0.02065215022602267,1.018351815180905e-05,0.14370856003044033
8,124,0.020188882540185846,9.955082137339169e-06,0.1420875875655078
8,125,0.019401107220576145,9.566632306256492e-06,0.13928785740536087
8,126,0.019048291408356444,9.392659805153079e-06,0.13801554770516417
8,127,0.0183245520968306,9.035785952530489e-06,0.13536820932859606
8,128,0.01679761738119442,8.282858667810506e-06,0.12960562249067137
8,129,0.016442803510431644,8.107900929566209e-06,0.12822949547756804
8,130,0.015590370079946942,7.687568362857895e-06,0.12486140348381057
8,131,0.015423636185615944,7.605352340755651e-06,0.12419193285240368
8,132,0.014174422882883338,6.9893687165502995e-06,0.11905638530916071
8,133,0.01310104927728701,6.4600911606234725e-06,0.11445981511992324
8,134,0.011967789211791511,5.901283756968619e-06,0.10939739124765047
8,135,0.011692793632129965,5.765684197285873e-06,0.10813322168570566
8,136,0.011192958660195575,5.519216955187803e-06,0.10579678000863531
8,137,0.010703040148041154,5.277639491977927e-06,0.10345549839443602
8,138,0.00999590139888888,4.928951330743949e-06,0.09997950489419759
8,139,0.009432262804242864,4.651022698770054e-06,0.09711983733636946
8,140,0.009362638851700925,4.616691320354157e-06,0.09676072990475487
8,141,0.008847177960725754,4.362518980798972e-06,0.09405943844572831
8,142,0.008445782118067902,4.164591801060742e-06,0.09190093643738295
8,143,0.008316606045650233,4.10089543705758e-06,0.09119542776724189
8,144,0.008177073898659747,4.032092521327862e-06,0.09042717455864552
8,145,0.007346512462205135,3.6225449743770067e-06,0.08571179885059661
8,146,0.006725696766271238,3.3164224719121215e-06,0.08201034548318424
8,147,0.006579973598555604,3.244566780987435e-06,0.0811170364261146
8,148,0.006317582900445774,3.115182653532252e-06,0.07948322401894486
8,149,0.00605347757665304,2.9849530488955503e-06,0.07780409742843265
8,150,0.005543398974741299,2.7334347011899238e-06,0.07445400576692499
8,151,0.005204479331792423,2.5663143627166154e-06,0.07214207740141965
8,152,0.004977910817432523,2.4545940549829834e-06,0.0705543111186873
8,153,0.004845143830544808,2.389127020987249e-06,0.06960706738934494
8,154,0.004795965354841991,2.3648772506477475e-06,0.06925290863813585
8,155,0.004507638820606869,2.2227042341387044e-06,0.06713895159001866
8,156,0.004289712489950709,2.1152453632847733e-06,0.06549589674132807
8,157,0.004184027607484542,2.063132440069161e-06,0.06468405991807055
8,158,0.0038751118205695326,1.910806920014331e-06,0.062250396147892365
8,159,0.003780794512846558,1.864299316461437e-06,0.06148816563247401
8,160,0.0036424695844975525,1.7960916769046205e-06,0.06035287552799413
8,161,0.0035568746694043234,1.7538850610309802e-06,0.059639539480149606
8,162,0.003313794760418917,1.6340230302786644e-06,0.05756556922691651
8,163,0.0032143893684926264,1.585006506478952e-06,0.05669558508819383
8,164,0.0030059213692439396,1.4822115126799373e-06,0.05482628356221074
8,165,0.0028326374416782437,1.3967656873073087e-06,0.05322252757694099
8,166,0.002802661921464182,1.381984841203198e-06,0.05294017303961314
8,167,0.002710014377797942,1.336300593688048e-06,0.05205779843402852
8,168,0.002634368016377958,1.2989995821126024e-06,0.051326094887278906
8,169,0.002521657167373771,1.2434221742311862e-06,0.050216104661490533
8,170,0.0024160806344767495,1.19136267788842e-06,0.04915364314551618
8,171,0.002295248565523007,1.1317807189134849e-06,0.047908752493912916
8,172,0.0022613990472401648,1.1150896150772863e-06,0.04755416960940612
8,173,0.0021036687527582172,1.0373132431563058e-06,0.045865768856067565
8,174,0.0020020784428394895,9.872193423380901e-07,0.044744591213234805
8,175,0.001972906447373627,9.72834712064736e-07,0.0444174115339202
8,176,0.0018867380213485852,9.303452995369722e-07,0.04343659771838242
8,177,0.0017625110421039315,8.690893196880413e-07,0.04198227056870473
8,178,0.0017232131252492462,8.497116255865472e-07,0.04151160229681873
8,179,0.0016200768634647552,7.98855420179486e-07,0.04025017842773812
8,180,0.0015319998213189894,7.554248743218988e-07,0.0391407692990185
8,181,0.0014731555777641884,7.264089405904698e-07,0.03838170889582938
8,182,0.0013916046299431836,6.861963937929942e-07,0.037304217321144584
8,183,0.0013522817637998542,6.668063972662803e-07,0.03677338390466472
8,184,0.001304207983430282,6.431013491399718e-07,0.036113819839921145
8,185,0.0012137829528691495,5.985130166893937e-07,0.03483938795198833
8,186,0.001198475586460969,5.909649966542848e-07,0.034619006144904985
8,187,0.0011601602122034572,5.720717915897063e-07,0.03406112464677961
8,188,0.0010981277979549568,5.414837797078171e-07,0.03313801137598569
8,189,0.001038572237864977,5.121170977604203e-07,0.032226886878272576
8,190,0.0009771100937734029,4.818102845155223e-07,0.03125876027249646
8,191,0.0009242101610516073,4.557254740136557e-07,0.030400825006101518
8,192,0.0008668990035281623,4.274655007637135e-07,0.02944314866871684
8,193,0.000826439824588748,4.0751519154033503e-07,0.028747866435420003
8,194,0.0007863357521468258,3.877399843486318e-07,0.028041678839663395
8,195,0.0007389735354867232,3.6438580631925013e-07,0.0271840676773496
8,196,0.0007216261971471075,3.5583188176739144e-07,0.02686310103370621
8,197,0.0006951151362520091,3.4275935097063364e-07,0.02636503624598322
8,198,0.0006561725049050144,3.2355684717024835e-07,0.025615864320865975
8,199,0.0006479925763299892,3.1952334701590083e-07,0.02545569830764792
8,200,0.0006093148693435878,3.004514766849331e-07,0.024684304108959356
8,201,0.0005570897032592453,2.746993917455641e-07,0.02360274779044265
8,202,0.0005514886750823461,2.719375402441947e-07,0.02348379601091668
8,203,0.0005009495082099328,2.4701681685268926e-07,0.022381901353770925
8,204,0.0004781576204047781,2.3577820001920676e-07,0.02186681550671652
8,205,0.00043847233987701794,2.1620949796198223e-07,0.02093973113191805
8,206,0.0004187705337165374,2.0649459184020371e-07,0.02046388364207873
8,207,0.0003820178621193215,1.8837195113492133e-07,0.019545277233114947
8,208,0.0003717261472307325,1.832971349906378e-07,0.019280200912613243
8,209,0.00035343906528257556,1.7427982546477439e-07,0.018799975140477595
8,210,0.00032078654447117874,1.5817895777080446e-07,0.017910514913624866
8,211,0.00031721580139495276,1.5641823423673027e-07,0.01781055309065254
8,212,0.00029100373664218813,1.4349313761072242e-07,0.017058831631802576
8,213,0.0002855812536130896,1.408193262278708e-07,0.016899149493778957
8,214,0.00026252020632300125,1.2944798759687298e-07,0.016202475314685754
8,215,0.00024175461116758643,1.1920853006417371e-07,0.015548460089912005
8,216,0.0002353633488553891,1.1605701629650684e-07,0.015341556272275283
8,217,0.0002163448835473429,1.066790636589166e-07,0.014708666953444248
8,218,0.00020216405750534582,9.968653756231872e-08,0.014218440755066845
8,219,0.000192082177753469,9.471519054353584e-08,0.013859371477576788
8,220,0.00018813781562260917,9.277023648706639e-08,0.013716333898772266
8,221,0.00017933264635854092,8.842843187839157e-08,0.013391513968127013
8,222,0.00017848072016654013,8.800834942957662e-08,0.013359667666770013
8,223,0.0001730454899893085,8.532825246323965e-08,0.013154675594225366
8,224,0.00016555358147854926,8.163401309949169e-08,0.012866762665043188
8,225,0.00015778771610904858,7.780468636647354e-08,0.012561358051940426
8,226,0.00014261359262305578,7.032236804774032e-08,0.011942093309929201
8,227,0.00013042376539042417,6.431159795686117e-08,0.011420322473136395
8,228,0.0001228096371064256,6.055709236099348e-08,0.011081950961199278
8,229,0.00011825480995258937,5.831111969026413e-08,0.010874502745072501
8,230,0.00011468512644827898,5.65509186281707e-08,0.010709114176638466
8,231,0.00011358947664079091,5.601065673870789e-08,0.010657836395854034
8,232,0.0001040327616405044,5.129826700630828e-08,0.010199645172284397
8,233,9.99541167952527e-05,4.928709851480335e-08,0.009997705576543685
8,234,9.581206162381657e-05,4.724466256685229e-08,0.00978836358253087
8,235,8.925599412749614e-05,4.4011883818751824e-08,0.009447539051387729
8,236,8.40912292889485e-05,4.146515256280239e-08,0.009170127005060971
8,237,7.635019992626054e-05,3.764807239604624e-08,0.008737860145725642
8,238,7.267178113890768e-05,3.583425426665055e-08,0.008524774550620543
8,239,7.10399582773237e-05,3.5029606927288356e-08,0.00842852052719359
8,240,6.538890140869048e-05,3.22430864164062e-08,0.00808634042127157
8,241,6.349965425336668e-05,3.131150386984641e-08,0.007968667031151865
8,242,6.149886540303293e-05,3.032492042200584e-08,0.007842121231084924
8,243,5.260350395880775e-05,2.5938642298770672e-08,0.007252827307940521
8,244,5.1589134693245154e-05,2.5438459619706202e-08,0.007182557670721841
8,245,4.933507036138679e-05,2.4326986732495576e-08,0.007023892821034984
8,246,4.551930021963468e-05,2.2445441030164748e-08,0.006746799257398628
8,247,4.372124994960327e-05,2.155882741548854e-08,0.006612204620971985
8,248,4.214266259166985e-05,2.0780430355724985e-08,0.006491738025495934
8,249,3.864985404213927e-05,1.9058136121194395e-08,0.0062169006781626545
8,250,3.709701430357876e-05,1.8292435141324717e-08,0.006090731836452723
8,251,3.5181041623257996e-05,1.7347674312312753e-08,0.005931360857615898
8,252,3.414155995848367e-05,1.6835108778658846e-08,0.005843077952456537
8,253,3.156943081194858e-05,1.556679901111065e-08,0.005618668063869637
8,254,3.034746945406786e-05,1.4964253245531835e-08,0.005508853733225076
8,255,2.9402853057245127e-05,1.4498465513103869e-08,0.005422439769812582
8,256,2.8181761133497304e-05,1.3896348463091096e-08,0.0053086496525479344
8,257,2.6020952526091617e-05,1.2830859715659162e-08,0.005101073664052659
8,258,2.521310352973591e-05,1.2432511610097592e-08,0.005021265132388043
8,259,2.371370005112525e-05,1.1693159902202433e-08,0.004869671452072024
8,260,2.3135255785789262e-05,1.1407930634964367e-08,0.004809912243044489
8,261,2.1810730859776958e-05,1.0754811057634645e-08,0.004670196019416846
8,262,2.033956122321417e-05,1.0029381379157395e-08,0.0045099402682534685
8,263,1.8909048775078667e-05,9.323999647834293e-09,0.004348453607327399
8,264,1.835442794856809e-05,9.050517652384489e-09,0.004284206805065331
8,265,1.708372762327917e-05,8.42393883679055e-09,0.004133246620186022
8,266,1.573047787729635e-05,7.756655130187325e-09,0.003966166647696028
8,267,1.5077236011172184e-05,7.434543372893654e-09,0.0038829416698132595
8,268,1.369528441179862e-05,6.753106861773885e-09,0.0037007140408032908
8,269,1.2738026872829166e-05,6.281085817119259e-09,0.003569037247330037
8,270,1.0985502295547072e-05,5.416920795611919e-09,0.003314438458554793
8,271,9.963495282175113e-06,4.912971964228957e-09,0.0031565004803064916
8,272,8.648149631939036e-06,4.264378662394263e-09,0.0029407736451381354
8,273,8.22578220630396e-06,4.056110453098169e-09,0.002868062448117886
8,274,6.792934303943726e-06,3.3495771157568074e-09,0.0026063258245936417
8,275,5.526768422605291e-06,2.725234221932406e-09,0.0023509079996046826
8,276,5.269567560227741e-06,2.5984091881215248e-09,0.002295553867855804
8,277,5.0771501267158724e-06,2.5035286838908523e-09,0.002253253231821908
8,278,3.9995857352934065e-06,1.9721846630650323e-09,0.0019998964311417245
8,279,3.707937888995466e-06,1.8283739167646905e-09,0.0019256006566771486
8,280,2.5185044652866416e-06,1.2418675855525178e-09,0.0015869796675719073
8,281,1.0404349241285278e-06,5.130355832047153e-10,0.0010200171195271811
8,282,8.155116927802353e-07,4.0212655997319083e-10,0.0009030568602143695
8,283,4.6266836137450554e-07,2.2814048923526624e-10,0.0006801972959182545
8,284,2.348164823918761e-07,1.1578735795600228e-10,0.00048457866481292394
8,285,1.8134786396922274e-07,8.942213010804927e-11,0.0004258495790407955
8,286,1.3707272469066498e-07,6.759018139653248e-11,0.0003702333381675197
8,287,1.0551549812261892e-07,5.202940026433275e-11,0.00032483149188866975
8,288,6.348801274602481e-08,3.1305763474776995e-11,0.00025196827726129496
8,289,5.836720898623082e-08,2.8780709305162953e-11,0.000241593064855411
8,290,4.473757688124892e-08,2.2059975414283585e-11,0.00021151259272499337
8,291,3.9529444195204664e-08,1.949185959269071e-11,0.0001988201302564825
8,292,3.326350652846912e-08,1.6402143061048264e-11,0.00018238285700270494
8,293,2.648770375092461e-08,1.306101345357245e-11,0.0001627504339500347
8,294,2.023813821563424e-08,9.979369974659676e-12,0.00014226081054047963
8,295,1.4975771637798426e-08,7.384511571037418e-12,0.00012237553529116196
8,296,1.2029657558170255e-08,5.931790867437749e-12,0.00010967979557863087
8,297,9.146115730294097e-09,4.509924368099742e-12,9.563532679033464e-05
8,298,7.64440821550897e-09,3.7694365463400034e-12,8.743230647483211e-05
8,299,5.6481371906075646e-09,2.7850808257236414e-12,7.515408964658919e-05
8,300,1.3257102737449739e-29,6.537040690179835e-33,3.641030449948165e-15
8,301,1.3257102737449739e-29,6.537040690179835e-33,3.641030449948165e-15
8,302,1.3257102737449739e-29,6.537040690179835e-33,3.641030449948165e-15
8,303,1.3257102733855013e-29,6.537040688407285e-33,3.641030449454524e-15
9,0,1590.0867264151389,1.0,39.87589154382807
9,1,733.9477360553218,0.46157717303257534,27.091469802417915
9,2,634.6235883477682,0.3991125627333116,25.19173650917634
9,3,358.9067056748411,0.22571517623066928,18.9448332184488
9,4,292.4655472544372,0.1839305632805342,17.101624111599378
9,5,140.7227125987833,0.08850002346478521,11.862660435112492
9,6,108.9579669078195,0.06852328561566322,10.438293294778582
9,7,97.6425583689687,0.06140706462540222,9.881424915920208
9,8,51.119195450189544,0.032148683842822906,7.149768908866184
9,9,46.830417776172396,0.02945148651215515,6.843275369015366
9,10,31.729067679024702,0.019954300071769102,5.632856085417477
9,11,26.453122899375458,0.016636276789137282,5.143259948648859
9,12,26.17716705482679,0.016462729120343886,5.116362678195007
9,13,19.323762651033537,0.012152646978318653,4.395880190705103
9,14,16.79185119122297,0.010560336686213532,4.097786132928727
9,15,16.22168555284689,0.010201761503549425,4.0276153680368845
9,16,14.522825730403085,0.009133354482585294,3.8108825395704713
9,17,12.963828054630262,0.008152906278173454,3.6005316349992347
9,18,9.070553770734351,0.00570443965102707,3.0117360061490035
9,19,8.43150929590371,0.0053025468081936665,2.903706131119971
9,20,7.202432528367679,0.004529584713033616,2.6837348096202946
9,21,6.833126650556136,0.004297329533692458,2.6140249904230326
9,22,6.185551947809057,0.0038900720602544903,2.487076988717691
9,23,5.613000502043558,0.003529996451638902,2.369177178271722
9,24,4.968693890925921,0.0031247942696357666,2.2290567267178107
9,25,4.4086017999665215,0.002772554305830691,2.099667068838896
9,26,4.364985566992319,0.0027451242089374635,2.0892547874762233
9,27,4.139270657552737,0.0026031728891195457,2.034519760914781
9,28,3.976831785381765,0.0025010156485914194,1.9941995349968782
9,29,3.491965300221049,0.002196084806074514,1.8686800957416572
9,30,3.110534829389374,0.001956204512443227,1.763670839297791
9,31,2.548144600983851,0.0016025192580084357,1.5962908885863663
9,32,2.477904557373501,0.0015583455394033465,1.57413613050889
9,33,2.3852435615649235,0.001500071362108953,1.5444233751031236
9,34,2.090362736759365,0.0013146218391949611,1.445808679168639
9,35,2.020243795869985,0.0012705242816689866,1.4213528048552846
9,36,1.8233958023357348,0.0011467272646483837,1.3503317378835968
9,37,1.7282973382032947,0.0010869201720209013,1.3146472295651388
9,38,1.6925603327601833,0.001064445293858953,1.3009843706825164
9,39,1.4694556565081094,0.0009241355405946989,1.2122110610401595
9,40,1.421950727831947,0.0008942598565285457,1.1924557550835784
9,41,1.3337263863300775,0.0008387758756636957,1.1548707227781287
9,42,1.2650820018247746,0.0007956056615081056,1.1247586415870627
9,43,1.1935778805975221,0.000750636968895685,1.092509899542115
9,44,1.1222132135420395,0.0007057559785258234,1.0593456534776737
9,45,1.0068820337366342,0.0006332246015326828,1.0034351168544153
9,46,0.9494441213954805,0.0005971020986610011,0.9743942330471176
9,47,0.9199101135562424,0.0005785282640715994,0.9591194469701062
9,48,0.8635453846411559,0.0005430806825159938,0.929271426786144
9,49,0.8074366311076656,0.0005077940829856727,0.8985747776939133
9,50,0.7843102972540571,0.000493250012231905,0.8856129500261709
9,51,0.7165219045571863,0.00045061812834108094,0.8464761689245518
9,52,0.6970857860530597,0.0004383948211583681,0.8349166341935341
9,53,0.6276196125255686,0.00039470778675106686,0.7922244710469177
9,54,0.5922800302134057,0.000372482846610955,0.7695973169219119
9,55,0.5542274053257418,0.0003485516834514122,0.7444645091109057
9,56,0.48842587693620493,0.0003071693315982609,0.6988747219181739
9,57,0.4800047262613956,0.0003018732992907686,0.692823733904516
9,58,0.4777114840862428,0.0003004310872799036,0.6911667556286564
9,59,0.47339191202296205,0.0002977145234651617,0.6880348189030567
9,60,0.460776221583315,0.0002897805597196186,0.6788049952551285
9,61,0.44895569099907884,0.00028234666923561614,0.6700415591581457
9,62,0.36311703398649126,0.00022836303703077947,0.6025919299048829
9,63,0.32658957752390905,0.00020539104697780066,0.5714801637186623
9,64,0.31726290468252566,0.00019952553493594465,0.5632609561140606
9,65,0.2987341271352818,0.00018787285131848116,0.5465657573753425
9,66,0.2775601232607769,0.00017455659408373154,0.5268397510256576
9,67,0.2675497710940369,0.00016826111849712098,0.5172521349342474
9,68,0.25077092884154006,0.00015770896308712971,0.5007703354248733
9,69,0.239158498148825,0.00015040594589957332,0.4890383401624304
9,70,0.23269870194235223,0.00014634340258092276,0.48238853836130086
9,71,0.22038256341975762,0.00013859782599192662,0.46944921282259877
9,72,0.21447929061541102,0.00013488527830111255,0.4631190890207518
9,73,0.20049318659694612,0.00012608946623242327,0.4477646553681366
9,74,0.19395205263491863,0.00012197576988280685,0.44039987810502246
9,75,0.18481750490422608,0.00011623108465341283,0.42990406476820625
9,76,0.1756519089316502,0.00011046687329291693,0.41910846917194383
9,77,0.169706590775577,0.00010672788342695096,0.4119545979541641
9,78,0.1664782799935469,0.00010469761002839969,0.40801749961680184
9,79,0.15879463996651613,9.986539559670415e-05,0.39849045153744417
9,80,0.14578104930975036,9.168119379149508e-05,0.381812845920289
9,81,0.14367553405077813,9.035704258389452e-05,0.379045556695733
9,82,0.13404725606161264,8.430185211584218e-05,0.36612464552610036
9,83,0.12932651649775098,8.133299545825307e-05,0.359619961205925
9,84,0.12483758919930321,7.85099247264018e-05,0.3533236323815649
9,85,0.1192346002645476,7.4986224514535e-05,0.3453036348846441
9,86,0.11607929828244039,7.300186609578331e-05,0.34070412131707534
9,87,0.11298084319181009,7.105325848894177e-05,0.3361262310379987
9,88,0.10255622348196032,6.449725148839775e-05,0.3202440061608653
9,89,0.0959801865913324,6.036160480863856e-05,0.30980669229590957
9,90,0.09285275765117411,5.839477564881714e-05,0.30471750466813374
9,91,0.0898782899691269,5.652414329107577e-05,0.299797081321895
9,92,0.08748375018602134,5.501822556764186e-05,0.29577652068076893
9,93,0.07903614173524119,4.9705554057059956e-05,0.2811336723611051
9,94,0.07316744088332541,4.601474854662921e-05,0.27049480749789895
9,95,0.07093299216657398,4.4609511536828486e-05,0.2663324842496198
9,96,0.06939952003719461,4.364511625957428e-05,0.2634378864878676
9,97,0.06675210324077929,4.198016506387193e-05,0.2583642839882852
9,98,0.061267386987718137,3.8530846129283695e-05,0.2475224979425469
9,99,0.05664221081906629,3.5622088957856115e-05,0.23799624118684373
9,100,0.05486903310707873,3.4506943675192694e-05,0.23424139921687356
9,101,0.054286578029650534,3.4140639707143514e-05,0.23299480258076688
9,102,0.05246575299213312,3.299552918752898e-05,0.2290540394582316
9,103,0.0487716656413752,3.067233052836762e-05,0.22084307922453716
9,104,0.04679613314895517,2.94299250295972e-05,0.21632413908058243
9,105,0.045436395747578184,2.8574790917231818e-05,0.21315814726999807
9,106,0.04389797740579756,2.7607284984238467e-05,0.2095184416842526
9,107,0.039906944853856305,2.5097338523054512e-05,0.19976722667608995
9,108,0.03946100913401752,2.4816891103155502e-05,0.19864795275566652
9,109,0.037369904834341036,2.3501802897626684e-05,0.19331297120043714
9,110,0.03577848756734663,2.2500966125293978e-05,0.18915202237181244
9,111,0.033782090704626254,2.1245439096764365e-05,0.18379904979250097
9,112,0.03168951115954952,1.992942311454529e-05,0.17801548011212262
9,113,0.029249625590370393,1.8394987584302314e-05,0.17102521916480737
9,114,0.02834970034323745,1.782902773306714e-05,0.16837369255093698
9,115,0.0267056272357341,1.679507588617013e-05,0.16341856453822529
9,116,0.02657362271939319,1.6712058705944676e-05,0.16301417950409464
9,117,0.025421587317111752,1.5987547656865795e-05,0.15944148555853258
9,118,0.021669846140764424,1.3628090707743494e-05,0.14720681417911477
9,119,0.019978325972014488,1.2564299569405097e-05,0.1413447062044224
9,120,0.01953030099032714,1.2282538220011643e-05,0.13975085327226858
9,121,0.019058108487361076,1.1985578000721827e-05,0.13805110824387132
9,122,0.018429375188897968,1.1590169820766391e-05,0.13575483486380133
9,123,0.01748326217778804,1.09951626457534e-05,0.13222428739754297
9,124,0.016299126853345003,1.025046406751127e-05,0.12766803379603292
9,125,0.01572505230536756,9.889430585223358e-06,0.12539957059482923
9,126,0.014819844447356904,9.32014851841971e-06,0.12173678346069812
9,127,0.014562778700066876,9.158480765950897e-06,0.12067633860897038
9,128,0.013742284672463068,8.642474931820316e-06,0.11722749111220912
9,129,0.013457584226055806,8.463427813397335e-06,0.1160068283596091
9,130,0.012446956141523517,7.827847333576115e-06,0.11156592733233349
9,131,0.012200532881369842,7.672872604172996e-06,0.11045602238615078
9,132,0.011881525748379225,7.472250130133596e-06,0.10900241166313351
9,133,0.010692082547713528,6.724213447035621e-06,0.10340252679559396
9,134,0.01046575284342011,6.581875484876992e-06,0.10230226216179245
9,135,0.010197401883355259,6.413110501428667e-06,0.1009821859703743
9,136,0.009656908366973188,6.073196012864501e-06,0.09826956989309146
9,137,0.009152254416549106,5.755820902412616e-06,0.09566741564686017
9,138,0.008934456430738376,5.618848508270468e-06,0.09452225362706063
9,139,0.008276686119935638,5.205179052463058e-06,0.09097629427458363
9,140,0.007988593529951274,5.0239986267677434e-06,0.0893789322488878
9,141,0.007790144413792561,4.899194669309323e-06,0.08826179475737257
9,142,0.00754425129280441,4.744553342579606e-06,0.0868576495929081
9,143,0.007040406692462517,4.427687229573421e-06,0.08390713135641402
9,144,0.006868475071052876,4.319560032136045e-06,0.08287626361662835
9,145,0.006448286773963183,4.055305076661377e-06,0.08030122523326268
9,146,0.006144618012958114,3.864328851301839e-06,0.07838761390014441
9,147,0.005873557631755477,3.6938599223436396e-06,0.07663913903323469
9,148,0.005599708319166752,3.521637044157542e-06,0.07483119883555757
9,149,0.0053067241292039215,3.337380308285427e-06,0.07284726576340338
9,150,0.004792638136852899,3.014073419541042e-06,0.06922888224471704
9,151,0.004542537999182958,2.8567863146836903e-06,0.06739835308954484
9,152,0.004480561738223261,2.8178096601842075e-06,0.06693699827616459
9,153,0.0042836920936002885,2.6939990268693713e-06,0.06544992050109984
9,154,0.004190981610136433,2.6356937269610626e-06,0.06473779120526459
9,155,0.0040090645331372415,2.5212867113076933e-06,0.06331717407731682
9,156,0.003747789687640721,2.356971871647616e-06,0.06121919378463523
9,157,0.0035994857296142192,2.263704029357747e-06,0.05999571426038879
9,158,0.0034030252884551682,2.140150742675094e-06,0.05833545481484796
9,159,0.003223406696238224,2.0271892360899182e-06,0.05677505346750652
9,160,0.0030095984306342987,1.8927259630796734e-06,0.05485980705976187
9,161,0.002906757831263174,1.8280498685857713e-06,0.05391435644856733
9,162,0.002747106268688863,1.7276455573478262e-06,0.052412844501027255
9,163,0.002721119826983222,1.7113027747348127e-06,0.052164353987979396
9,164,0.002590530574761984,1.62917564918132e-06,0.05089725508081928
9,165,0.0024857542379238813,1.563282176141443e-06,0.049857338857222225
9,166,0.002413990001916667,1.5181498982505334e-06,0.0491323722398651
9,167,0.002355726998957739,1.4815084987651844e-06,0.04853583211358119
9,168,0.002282051220086337,1.4351740582296645e-06,0.047770819755226485
9,169,0.0022701216143429692,1.4276715707582653e-06,0.04764579324917331
9,170,0.0021568612821671385,1.356442542621431e-06,0.04644202065120701
9,171,0.0020495459580090517,1.2889523093056482e-06,0.045271911358026974
9,172,0.00202975929250462,1.2765085443362738e-06,0.04505284999314272
9,173,0.001953282932609898,1.2284128281566047e-06,0.04419596059155065
9,174,0.001898687059789733,1.1940776740337526e-06,0.043573926375640434
9,175,0.0018062438507847134,1.1359404621010216e-06,0.042499927656229175
9,176,0.0017006973859812506,1.069562658268008e-06,0.04123951243626979
9,177,0.0016522883220789974,1.039118366709527e-06,0.040648349561562734
9,178,0.001601551364920823,1.0072100711962618e-06,0.04001938736313717
9,179,0.00155227292331363,9.762190310293575e-07,0.03939889495041238
9,180,0.001469916783947465,9.244255420340514e-07,0.038339493788357
9,181,0.0014019635783118754,8.81690007860522e-07,0.03744280409253393
9,182,0.001288666121079043,8.104376319047386e-07,0.03589799605937695
9,183,0.0012594172139883662,7.920430961823892e-07,0.035488268681190496
9,184,0.0012006507023741492,7.550850418587068e-07,0.034650406958276106
9,185,0.0011842725710853774,7.447848921771254e-07,0.03441326155837859
9,186,0.0010617178588550337,6.677106608195414e-07,0.0325840123197717
9,187,0.0010425859903244097,6.556786953847019e-07,0.032289100178301805
9,188,0.0010020782685003001,6.302035303190614e-07,0.03165561985651679
9,189,0.000987255525875715,6.208815591470845e-07,0.03142062262075204
9,190,0.0009284633270210882,5.839073502074411e-07,0.030470696201778655
9,191,0.0009204393254212144,5.788610835689139e-07,0.030338742976946397
9,192,0.0008494035571908608,5.341869365238e-07,0.029144528769408175
9,193,0.0008246405453289736,5.186135646752622e-07,0.02871655524830535
9,194,0.0008124947440222565,5.109751125676217e-07,0.028504293431380764
9,195,0.0007878329734390266,4.954654110063551e-07,0.028068362500135745
9,196,0.0007780375297745806,4.893050906277744e-07,0.02789332410765308
9,197,0.0007534651019264428,4.7385157640120353e-07,0.02744931878802173
9,198,0.0007218018892584302,4.539386923163225e-07,0.02686637097299206
9,199,0.0006803856471398568,4.278921620041385e-07,0.026084203019066096
9,200,0.0006322477871178976,3.97618429620694e-07,0.025144537918162218
9,201,0.0005956379070813262,3.745946036693205e-07,0.02440569415282684
9,202,0.0005620199965432406,3.534524169070441e-07,0.023706960930141185
9,203,0.0005464694064820656,3.436727050191058e-07,0.02337668510465215
9,204,0.0005080373253095754,3.1950290312462953e-07,0.02253968334537057
9,205,0.00046965375856830523,2.953636117868506e-07,0.021671496454290028
9,206,0.00045946583530234085,2.889564623548614e-07,0.021435154193575116
9,207,0.0003893280473167886,2.448470519557957e-07,0.01973139750034925
9,208,0.0003758730199248045,2.3638523212643423e-07,0.019387444904494365
9,209,0.0003587244420856157,2.2560055129468464e-07,0.018940022230335838
9,210,0.00034103637775880267,2.1447658929124668e-07,0.018467170269394352
9,211,0.0003380326907906329,2.1258758102630658e-07,0.01838566536165153
9,212,0.0003215304294033439,2.0220936635842272e-07,0.017931269598200343
9,213,0.0003025772104262689,1.9028975300512775e-07,0.017394746633000117
9,214,0.0002764053563433617,1.7383036519430572e-07,0.016625443042017306
9,215,0.00027208663824192816,1.7111433843319307e-07,0.016495048900865016
9,216,0.00025799848313316087,1.622543467895114e-07,0.01606233118613736
9,217,0.00023946951656591525,1.5060154429802762e-07,0.015474802634150629
9,218,0.00023248300515797156,1.4620775162503623e-07,0.015247393388968869
9,219,0.00021668318497725146,1.3627129978360687e-07,0.014720162532297375
9,220,0.0002154482811547534,1.3549467307389138e-07,0.01467815659934017
9,221,0.0002118948280483695,1.332599188008366e-07,0.014556607710877198
9,222,0.00020028870048972682,1.2596086563232877e-07,0.01415233904659321
9,223,0.0001903922943774109,1.197370503221869e-07,0.01379827142715387
9,224,0.00018572432817563425,1.1680138264807164e-07,0.013628071330002432
9,225,0.00017821512421163638,1.1207887044842112e-07,0.013349723750386611
9,226,0.00016713825396047686,1.0511266535586469e-07,0.012928196082999239
9,227,0.00015421401764798676,9.698465818632628e-08,0.012418293668938046
9,228,0.00015122168636164568,9.510279147010803e-08,0.012297222709280567
9,229,0.00014701923327414918,9.245988337101903e-08,0.0121251487938973
9,230,0.00014341810960749656,9.019514924876686e-08,0.011975730023990043
9,231,0.0001396824967899946,8.784583536830707e-08,0.011818734991106054
9,232,0.0001287690758391695,8.098242297102892e-08,0.01134764626868363
9,233,0.00011955466376202138,7.518751133251591e-08,0.010934105530953201
9,234,0.00011553714955887179,7.266091065318875e-08,0.010748820845044901
9,235,0.00010516941889829265,6.614068097744443e-08,0.010255214229761007
9,236,0.00010231514055051704,6.43456352731069e-08,0.010115094688163677
9,237,0.00010055298739522022,6.323742329572023e-08,0.010027611250702742
9,238,9.708196415385619e-05,6.105450887746741e-08,0.00985301802260892
9,239,8.676994786476004e-05,5.4569317775756464e-08,0.009315038801033522
9,240,8.288311146135901e-05,5.2124899909214095e-08,0.009104016226993392
9,241,8.022901703186743e-05,5.0455749173344957e-08,0.008957065201943516
9,242,7.42106190933045e-05,4.667079968689056e-08,0.008614558554755113
9,243,7.210841462059954e-05,4.534873062123375e-08,0.00849166736398686
9,244,6.956179517629122e-05,4.374717052894263e-08,0.008340371405176824
9,245,6.427840449537835e-05,4.042446454495878e-08,0.008017381398896921
9,246,6.205891459283885e-05,3.902863508127704e-08,0.007877748066093435
9,247,5.821089612296834e-05,3.6608629677832225e-08,0.007629606550993854
9,248,5.672978363862503e-05,3.56771631988418e-08,0.007531917660106557
9,249,5.258381001219825e-05,3.306977483596055e-08,0.007251469507086012
9,250,5.027790528059299e-05,3.161959938747798e-08,0.0070906914529256584
9,251,4.420911977711309e-05,2.7802961337073008e-08,0.006648993892094735
9,252,4.316881628713602e-05,2.71487180982011e-08,0.00657029803640109
9,253,4.1099086964056643e-05,2.584707254095178e-08,0.006410856960193126
9,254,3.8225654705405674e-05,2.4039981008825643e-08,0.0061826899247338675
9,255,3.7541477558563426e-05,2.3609704385873932e-08,0.00612711004949017
9,256,3.710533195491535e-05,2.333541393592384e-08,0.00609141461032783
9,257,3.3285104253690266e-05,2.0932886050015495e-08,0.005769324419175114
9,258,3.0690428592299745e-05,1.9301103570301177e-08,0.00553989427627457
9,259,2.8431649305841647e-05,1.7880565150016057e-08,0.005332133654161498
9,260,2.7418884426967522e-05,1.7243640847681043e-08,0.005236304462783607
9,261,2.6585527585058252e-05,1.671954563446706e-08,0.005156115551949767
9,262,2.5178403762848722e-05,1.5834610367205317e-08,0.0050178086614426345
9,263,2.20107326681842e-05,1.3842473056678829e-08,0.004691559726592447
9,264,2.0817301458930753e-05,1.309192832888021e-08,0.004562598104033573
9,265,2.0065148105396018e-05,1.2618901706470457e-08,0.004479413812698713
9,266,1.871980115679064e-05,1.1772817699695259e-08,0.004326638551669256
9,267,1.7065171688382874e-05,1.0732226994219628e-08,0.004131001293679642
9,268,1.564892319958156e-05,9.84155325594231e-09,0.0039558719897870255
9,269,1.5355856259725844e-05,9.657244478950985e-09,0.003918654904393323
9,270,1.2864870804242034e-05,8.090672408319496e-09,0.0035867632768614706
9,271,1.1852680431540474e-05,7.45410941091397e-09,0.0034427722015173286
9,272,9.755375737549309e-06,6.135121799012101e-09,0.003123359687507878
9,273,9.381131235872852e-06,5.899760736335857e-09,0.0030628632414577135
9,274,8.420990793920221e-06,5.295931758958457e-09,0.0029018943457542043
9,275,6.0216885471023795e-06,3.787018938695449e-09,0.002453912905362042
9,276,4.923762362309216e-06,3.0965369878974282e-09,0.0022189552411685134
9,277,4.4916037724917035e-06,2.8247539570486535e-09,0.0021193404097718006
9,278,3.534900699343662e-06,2.2230867289315214e-09,0.0018801331600032116
9,279,2.0947447502045237e-06,1.317377672177127e-09,0.0014473233053483674
9,280,2.0352511919562205e-06,1.2799623807593866e-09,0.0014266223017870639
9,281,8.858193408084595e-07,5.570886959138041e-10,0.0009411797600928632
9,282,8.219019923921222e-07,5.168912982784943e-10,0.000906588105145949
9,283,5.085843028555978e-07,3.1984689539683443e-10,0.0007131509677870443
9,284,2.147151780250575e-07,1.3503362707085436e-10,0.0004633736915547294
9,285,1.8687022688072128e-07,1.1752203434967442e-10,0.0004322848908772099
9,286,1.8421380206183487e-07,1.1585141804003743e-10,0.00042920135375116756
9,287,1.2284920153315963e-07,7.72594346536833e-11,0.00035049850432371265
9,288,7.855654549271211e-08,4.9403937651764675e-11,0.00028027940611595443
9,289,5.376131826485983e-08,3.381030567185796e-11,0.00023186487070028488
9,290,5.0436187433260674e-08,3.171914248159872e-11,0.0002245800245642089
9,291,3.3227061721499025e-08,2.0896383303827494e-11,0.0001822829167023038
9,292,3.043242260847045e-08,1.913884450635001e-11,0.00017444891117020608
9,293,2.052941825015283e-08,1.2910879582295828e-11,0.00014328090678856283
9,294,1.669151127990602e-08,1.0497233265720758e-11,0.00012919563181433812
9,295,1.4722751773593428e-08,9.25908727430608e-12,0.00012133734698596895
9,296,9.736936479390564e-09,6.123525413826045e-12,9.867591641018878e-05
9,297,8.92451656956528e-09,5.612597364224064e-12,9.446965951862682e-05
9,298,7.144620673794657e-09,4.493227039195687e-12,8.452585801868359e-05
9,299,6.0717825299104935e-09,3.818522869881046e-12,7.79216435267538e-05
9,300,1.1632013634523975e-29,7.315332831403748e-33,3.4105737984280556e-15
9,301,1.1632013634523975e-29,7.315332831403748e-33,3.4105737984280556e-15
9,302,1.1632013634523975e-29,7.315332831403748e-33,3.4105737984280556e-15
9,303,1.1632013354256037e-29,7.31533265514422e-33,3.4105737573399636e-15
10,0,1961.574169140935,1.0,44.28966210235674
10,1,836.3334743207413,0.4263583235738727,28.91943073991501
10,2,550.3347974262431,0.2805577306654993,23.45921561830751
10,3,407.6195345048514,0.20780225439212785,20.1895897557343
10,4,235.9952042029988,0.12030909048234058,15.362135405047008
10,5,215.14086051633578,0.10967765782241923,14.667680815873236
10,6,134.55258893140325,0.0685941888143491,11.59968055298952
10,7,124.64278281988896,0.06354222276207677,11.164353219953629
10,8,52.124485090172485,0.026572783181071473,7.219728879270501
10,9,45.33203951336235,0.023110030824485914,6.732907211105939
10,10,40.62331881863043,0.020709550246790453,6.373642507909463
10,11,37.377021536341196,0.01905460528811426,6.113674961620155
10,12,26.946164255936466,0.013737010142082697,5.190969490946413
10,13,23.450156171970573,0.011954763954829448,4.8425361301667715
10,14,20.147576637357954,0.010271126605516791,4.488605199542276
10,15,18.352750656188793,0.009356133938196341,4.284011047626837
10,16,14.97066353513065,0.00763196404736865,3.8691941712882088
10,17,13.815069789414684,0.007042848548247833,3.716862896235841
10,18,12.91943594427705,0.006586259213402608,3.594361688015975
10,19,11.826842901756626,0.006029261135170919,3.4390177233850694
10,20,9.823009582830188,0.005007717647063095,3.13416808464865
10,21,7.496282233537041,0.0038215645125567765,2.737933935203156
10,22,6.0808930469571845,0.003100006689841502,2.4659466837215245
10,23,5.44576281960019,0.0027762207033880056,2.333615825194925
10,24,5.419808239854257,0.002762989197715549,2.328048160982555
10,25,5.07952487545639,0.002589514562011668,2.2537801302381717
10,26,4.676285943553503,0.002383945515351819,2.1624721833016727
10,27,4.289019566900068,0.0021865191917664934,2.070994825416053
10,28,4.0968288308332355,0.0020885413844062947,2.0240624572461283
10,29,3.9182546499359616,0.001997505223904915,1.9794581707972416
10,30,3.3570362428434035,0.0017113990873531978,1.8322216685880024
10,31,3.2783125721435056,0.001671266181884538,1.8106111046117843
10,32,3.0715164496451344,0.0015658426267869824,1.7525742351310356
10,33,2.927605524127792,0.0014924776081293562,1.7110247000343952
10,34,2.670745968980801,0.0013615319833409334,1.634241710696677
10,35,2.5753533659690167,0.0013129013455029765,1.6047907545748812
10,36,2.2318508351639386,0.0011377855960151486,1.4939380292247528
10,37,2.1420113737588897,0.0010919859200108537,1.4635611957683525
10,38,1.8558558748690612,0.0009461053800896181,1.3622980125027935
10,39,1.834047391875971,0.0009349875323241976,1.35427005869434
10,40,1.6393068111119022,0.0008357098278011232,1.2803541740908655
10,41,1.5071179501798464,0.0007683206548544038,1.227647323208032
10,42,1.4938672563881013,0.0007615655221654634,1.2222386249779955
10,43,1.3746254785602965,0.0007007767028061494,1.1724442326014046
10,44,1.2313991939233548,0.0006277607104005871,1.1096842766856503
10,45,1.1954899393196516,0.0006094543648294536,1.0933846255182353
10,46,1.1135012380046247,0.0005676569642494217,1.0552256810770977
10,47,1.0316155566376346,0.000525912082686849,1.0156847722781093
10,48,0.9594147129003678,0.0004891044794500635,0.9794971735030009
10,49,0.9146010155181883,0.0004662586966664303,0.9563477482161958
10,50,0.8579233258516481,0.00043736471419144593,0.9262415051441217
10,51,0.7959428170164239,0.0004057673829203228,0.8921562738760648
10,52,0.753271995763365,0.00038401402690434996,0.8679124355390727
10,53,0.705029513318609,0.0003594202678695419,0.8396603559288773
10,54,0.6387606866418828,0.0003256367751424999,0.7992250538126809
10,55,0.6310134896111997,0.00032168729561092763,0.7943635752042006
10,56,0.6026343503585706,0.0003072197624943707,0.776295272662774
10,57,0.5827477538749375,0.0002970816821727164,0.7633791678287648
10,58,0.5125906423439988,0.0002613159626630311,0.7159543577240094
10,59,0.4833617560419853,0.00024641523305421177,0.6952422283218888
10,60,0.45116819982033696,0.00023000313060704943,0.6716905536185074
10,61,0.3811211072576561,0.00019429349817782663,0.6173500686463524
10,62,0.36078479648906286,0.00018392615592356998,0.6006536410353831
10,63,0.34362229315861054,0.00017517680369389182,0.5861930511005828
10,64,0.3225994655258902,0.00016445947882112028,0.5679784023410487
10,65,0.3120701091740238,0.00015909166937628152,0.5586323560035024
10,66,0.2914916380049406,0.00014860087504751267,0.5398996554962233
10,67,0.2800858248582561,0.00014278625262531815,0.5292313528677757
10,68,0.262033442285035,0.0001335832447262454,0.5118920220955148
10,69,0.24936763284069902,0.0001271262829434121,0.4993672324459215
10,70,0.24328815139700494,0.0001240269958813498,0.49324248742074617
10,71,0.23581641452660537,0.00012021794446339003,0.48560932294037085
10,72,0.2261013567123098,0.00011526526004944801,0.4755011637339175
10,73,0.20595615079478197,0.00010499534202419672,0.4538239204744302
10,74,0.20473736837755077,0.00010437401327894465,0.4524791358477767
10,75,0.19247699198252702,9.812373909206894e-05,0.43872199851674526
10,76,0.18639093945465632,9.502110212650568e-05,0.4317301697294924
10,77,0.17224082850148512,8.780745138834971e-05,0.41501907004556443
10,78,0.16646353692868343,8.486221910313265e-05,0.4079994325102468
10,79,0.16257229144762195,8.287848300878674e-05,0.4032025439498391
10,80,0.157323840787035,8.0202850986733e-05,0.39664069481967557
10,81,0.15055079282644662,7.674998743095187e-05,0.38800875354358516
10,82,0.13988754764849448,7.131392218004062e-05,0.374015437714133
10,83,0.13455827992566582,6.8597090052728e-05,0.3668218640234873
10,84,0.13285995931210798,6.773129530467541e-05,0.3644996012509588
10,85,0.12939956578079814,6.596720522551959e-05,0.35972151142348735
10,86,0.12239365013055431,6.239562696941314e-05,0.34984803862613595
10,87,0.1198213881370901,6.108430158904748e-05,0.3461522614935371
10,88,0.10753619486229579,5.48213758898502e-05,0.3279271182172889
10,89,0.10715016901942939,5.462458198374189e-05,0.3273380042393938
10,90,0.1047209029031318,5.3386155135288086e-05,0.3236060921910028
10,91,0.09778769233964815,4.9851641542809444e-05,0.312710237024067
10,92,0.09259483373539737,4.720435005317641e-05,0.3042939922762153
10,93,0.09020623298272046,4.598665418918418e-05,0.3003435249555423
10,94,0.0841261655036606,4.2887068369432794e-05,0.29004510942896555
10,95,0.08143552935452587,4.151539647883429e-05,0.2853691107224569
10,96,0.08033491779245257,4.095431060230314e-05,0.2834341507166216
10,97,0.07664085355402508,3.9071096448822886e-05,0.2768408451692508
10,98,0.07397565092758637,3.771239043180496e-05,0.2719846520073998
10,99,0.07036374829008935,3.587106182220217e-05,0.26526166004549045
10,100,0.0690292445174154,3.519073895005792e-05,0.26273417082179357
10,101,0.06449639096350629,3.287991449834001e-05,0.2539613966009525
10,102,0.061008450711267086,3.110178124846818e-05,0.24699888807698525
10,103,0.05840549821065972,2.977481001202122e-05,0.24167229508294846
10,104,0.05184174371719228,2.642864314424379e-05,0.2276878207484807
10,105,0.04912616115899678,2.5044253707985674e-05,0.22164422202935222
10,106,0.04559460946056795,2.324388757654571e-05,0.21352894291071634
10,107,0.04296460512923101,2.1903125461754636e-05,0.2072790513516284
10,108,0.040959839481923124,2.088110667763399e-05,0.20238537368575607
10,109,0.038990399265525846,1.9877096608894254e-05,0.19745986748077657
10,110,0.0372255801018561,1.8977401256338382e-05,0.19293931714882817
10,111,0.03520014752527406,1.794484658242102e-05,0.18761702354870163
10,112,0.03349844255040496,1.7077326505107628e-05,0.1830257974997103
10,113,0.033219868666595445,1.6935311031926963e-05,0.1822631851652863
10,114,0.031070260713179285,1.5839452416314395e-05,0.17626758270646162
10,115,0.029774621573841385,1.5178942525982122e-05,0.1725532427218955
10,116,0.026836799727126364,1.3681256691343694e-05,0.16381941193621213
10,117,0.02590656537459704,1.3207028203242876e-05,0.16095516572821464
10,118,0.025078158473714442,1.2784710804331879e-05,0.15836084892963426
10,119,0.02484768900546542,1.2667218704428282e-05,0.15763149750435482
10,120,0.023054166875905294,1.1752890733671207e-05,0.15183598676172028
10,121,0.02209461990363359,1.1263718829102372e-05,0.14864259114948714
10,122,0.02106698733225112,1.0739837250955103e-05,0.14514471169233525
10,123,0.019442241759361975,9.911550664371075e-06,0.13943543939530573
10,124,0.018018783469158826,9.185879255868308e-06,0.1342340622538066
10,125,0.01648274150866309,8.40281329554908e-06,0.12838512962435755
10,126,0.016146037763879142,8.231163530742377e-06,0.12706706010559599
10,127,0.015759200190196505,8.03395580861375e-06,0.12553565306396627
10,128,0.01485360087052878,7.572286128254771e-06,0.12187534972474451
10,129,0.013704136529942235,6.986295367023474e-06,0.11706466815372704
10,130,0.012943241303042667,6.598395057736265e-06,0.11376836688219914
10,131,0.012689729495988813,6.469156096986248e-06,0.1126486994864513
10,132,0.012042546660092435,6.139225755285322e-06,0.10973853771621178
10,133,0.011815573999416644,6.0235163091443215e-06,0.1086994664173502
10,134,0.01140178273273829,5.812567738762416e-06,0.10677913060489999
10,135,0.010445414242162158,5.325016207129549e-06,0.10220280936531127
10,136,0.010196408234794492,5.198074278914457e-06,0.1009772659304781
10,137,0.009381451004941194,4.782613450221854e-06,0.09685789077272534
10,138,0.009297444864192622,4.739787569829393e-06,0.0964232589378342
10,139,0.008599349703750495,4.3839023978973744e-06,0.09273267872627478
10,140,0.00831435209579049,4.238612144567408e-06,0.09118306912903563
10,141,0.007728900110559603,3.940151859740511e-06,0.08791416331035405
10,142,0.007367226570629693,3.7557726271732797e-06,0.08583254959879552
10,143,0.007027705422017288,3.5826865649923643e-06,0.08383141071231766
10,144,0.006824740444288913,3.4792161069687137e-06,0.08261198729172972
10,145,0.006383468281364805,3.254257922941769e-06,0.07989660994913868
10,146,0.0062914804707844395,3.207363030040191e-06,0.07931885318626612
10,147,0.005837343373423565,2.9758463713763165e-06,0.07640250894717768
10,148,0.00564401207436226,2.8772871111134362e-06,0.07512664024407227
10,149,0.005459834652716968,2.783394448504634e-06,0.07389069395205981
10,150,0.0051494277252195075,2.625150660234623e-06,0.07175951313393582
10,151,0.00508627895521265,2.592957755678527e-06,0.0713181530552541
10,152,0.00474832917258191,2.420672767454633e-06,0.06890812123822496
10,153,0.004555248021934291,2.322241031512587e-06,0.0674925775321575
10,154,0.004394195968594937,2.2401375577449415e-06,0.06628873183728089
10,155,0.0041767706703324465,2.12929530580108e-06,0.0646279403225296
10,156,0.003830879310966002,1.9529617443136105e-06,0.0618940975454526
10,157,0.003717340861623971,1.8950804512540906e-06,0.06096999968528761
10,158,0.0036316565953888502,1.8513990714811065e-06,0.06026322755535792
10,159,0.0034785014323600386,1.7733213900769486e-06,0.058978821897016885
10,160,0.0032778790318371692,1.671045165359567e-06,0.0572527644034519
10,161,0.0031267465945651178,1.5939986587070863e-06,0.055917319271985115
10,162,0.0030403219748701004,1.5499398507075566e-06,0.055139114745070945
10,163,0.00295464422670316,1.5062617938108027e-06,0.05435663921457212
10,164,0.002670611880601499,1.3614636258037007e-06,0.05167796320097667
10,165,0.0025808667404985403,1.3157120342937745e-06,0.05080223164880201
10,166,0.0024418350774752465,1.2448344375092582e-06,0.04941492767853907
10,167,0.0023950920511726557,1.221005093180636e-06,0.04893967767744957
10,168,0.002322478283465289,1.1839869835166163e-06,0.048192097728416934
10,169,0.0021875124925638317,1.1151821465521466e-06,0.04677085088560857
10,170,0.002108040413507326,1.0746677065137615e-06,0.04591340124089399
10,171,0.0019488170747517944,9.934965016414712e-07,0.04414540830881276
10,172,0.0018902107038871324,9.636192878268498e-07,0.0434765534959607
10,173,0.0018139627207299847,9.247484746010923e-07,0.042590641234078463
10,174,0.0017358057000372246,8.849044442695812e-07,0.041663001572585054
10,175,0.001657132696231439,8.447973685120327e-07,0.04070789476540686
10,176,0.0016496953391025699,8.410058437020755e-07,0.040616441733644884
10,177,0.0015541392518795818,7.922918624893047e-07,0.03942257287239865
10,178,0.0014708219026007964,7.498171242971343e-07,0.03835129597029019
10,179,0.0013842333277611868,7.05674732843473e-07,0.037205286287854133
10,180,0.001317995519823949,6.71907053303603e-07,0.036304208018134054
10,181,0.0012354402970182862,6.298208431034464e-07,0.03514883066359799
10,182,0.0011550067248801946,5.888162390443926e-07,0.033985389873888376
10,183,0.0011267258961528753,5.74398824106825e-07,0.033566737943280626
10,184,0.001081148781645442,5.511638553636377e-07,0.032880826961094546
10,185,0.0010492452170344257,5.348995890856063e-07,0.03239205484427355
10,186,0.0010395535268872683,5.299588173831517e-07,0.032242107978345154
10,187,0.0010005535508130845,5.100768385685226e-07,0.03163152779764336
10,188,0.0009523455041488269,4.855006347100826e-07,0.03086009566007252
10,189,0.0008543223913874678,4.355289770978252e-07,0.02922879387500394
10,190,0.000803562857050548,4.096520384964417e-07,0.028347184287871485
10,191,0.0007922098463457301,4.0386433447615996e-07,0.028146222594617028
10,192,0.0007363075509349219,3.75365643837666e-07,0.027134987579413444
10,193,0.0006483194815219004,3.305097975499085e-07,0.025462118559183178
10,194,0.0006174558315849563,3.147756742001599e-07,0.02484865854699115
10,195,0.0005886533067891691,3.0009230140248424e-07,0.024262178525210162
10,196,0.0005701292318417028,2.906488272586649e-07,0.02387737908233864
10,197,0.0005529742437560904,2.8190330626053445e-07,0.023515404392782414
10,198,0.0005300534468872488,2.702184068417785e-07,0.023022889629393806
10,199,0.0005032999479900546,2.565796164671526e-07,0.022434347505333303
10,200,0.0005002601917021806,2.550299650006443e-07,0.022366497081621445
10,201,0.00047701772606942517,2.431810805697617e-07,0.021840735474553626
10,202,0.0004460833800452793,2.2741091673359468e-07,0.02112068606947415
10,203,0.00042325218333599254,2.157716949960421e-07,0.020573093674408634
10,204,0.0003953583483769209,2.0155156740775536e-07,0.01988362010240894
10,205,0.000378226467259059,1.9281782621796146e-07,0.019448045332604996
10,206,0.00036417850589493656,1.8565625079291666e-07,0.019083461580513546
10,207,0.00034570789864933973,1.7624003419699462e-07,0.018593221846934967
10,208,0.0003289946420945783,1.677197055661986e-07,0.018138209451171807
10,209,0.00032447550865621243,1.6541587555586307e-07,0.01801320373104719
10,210,0.00030369872694732046,1.5482398357658038e-07,0.017426954035267336
10,211,0.0002868794319640824,1.462495971231719e-07,0.016937515519227796
10,212,0.00028183712496077464,1.4367905603294333e-07,0.01678800538958618
10,213,0.0002671506595592323,1.3619197467115404e-07,0.016344744095862507
10,214,0.00025986711059276514,1.324788604381822e-07,0.01612039424433426
10,215,0.0002523836549646102,1.2866383486031567e-07,0.01588658726613775
10,216,0.0002370220288078471,1.2083256016347836e-07,0.01539551976413421
10,217,0.00022569168536353248,1.1505641179113477e-07,0.015023038486389246
10,218,0.00020130138055668984,1.0262236510019355e-07,0.014188071770212111
10,219,0.00019431889682424387,9.906273231021654e-08,0.013939831305444262
10,220,0.000180103463954824,9.181578080919556e-08,0.013420263185005873
10,221,0.0001722188441185116,8.779624386771685e-08,0.01312321775017513
10,222,0.00016831199295258006,8.580455207884988e-08,0.012973511203701951
10,223,0.0001461930348425618,7.452842576255303e-08,0.01209103117366595
10,224,0.00014238450495938172,7.258685763676148e-08,0.011932497850801471
10,225,0.00013648590052290724,6.95797807037196e-08,0.011682718028049262
10,226,0.00013255105126431637,6.757381563724743e-08,0.011513081744881184
10,227,0.00013001304448474301,6.627995338136095e-08,0.01140232627513978
10,228,0.00012542279269921612,6.393986761874246e-08,0.0111992317905835
10,229,0.00011641467364072161,5.934757679425654e-08,0.010789563181182156
10,230,0.00010657120165375994,5.432942752321848e-08,0.010323332875276276
10,231,9.812174124228832e-05,5.0021937883317674e-08,0.009905641889463213
10,232,9.753733633084837e-05,4.972401139109847e-08,0.009876099246709116
10,233,9.319224857381917e-05,4.750890893645506e-08,0.009653613239291243
10,234,8.860263400561894e-05,4.516914802381506e-08,0.009412897216352622
10,235,8.12825297254926e-05,4.14373980878276e-08,0.009015682432600019
10,236,7.916577592458079e-05,4.03582883431072e-08,0.008897515154501328
10,237,7.63822739459519e-05,3.8939273950269885e-08,0.008739695300521174
10,238,7.027226446130349e-05,3.5824423856518766e-08,0.008382855388309135
10,239,6.766355266166283e-05,3.4494516560286814e-08,0.008225785838548366
10,240,6.205954186656202e-05,3.1637621886987223e-08,0.00787778787900271
10,241,5.993893281146102e-05,3.055654675434021e-08,0.007742023818838394
10,242,5.720349410730081e-05,2.916203476127181e-08,0.00756329915495221
10,243,5.6264883764213966e-05,2.868353623806893e-08,0.007500992185318817
10,244,5.163435029646039e-05,2.632291508970751e-08,0.007185704578986002
10,245,4.7742644958935296e-05,2.433894456300066e-08,0.0069096052679538285
10,246,4.641816706890366e-05,2.366373283210206e-08,0.006813087924642075
10,247,4.5967669768718035e-05,2.3434071722533655e-08,0.00677994614792168
10,248,4.3338031340052655e-05,2.2093496142963793e-08,0.006583162715598989
10,249,4.124229113738365e-05,2.1025099018022637e-08,0.006422016127150698
10,250,3.8203389558539615e-05,1.9475883277597738e-08,0.006180889058908889
10,251,3.610164554108822e-05,1.8404425440052986e-08,0.006008464491123187
10,252,3.3777921831277767e-05,1.721980354485943e-08,0.005811877651093299
10,253,3.231971130683475e-05,1.647641563356692e-08,0.005685042770888778
10,254,3.129888459009527e-05,1.5956003643646323e-08,0.0055945406058134275
10,255,2.9839574839766797e-05,1.5212055352887798e-08,0.005462561197805183
10,256,2.7250588692370237e-05,1.3892204088466632e-08,0.005220209640653356
10,257,2.565511664275667e-05,1.3078840987181352e-08,0.005065088019250669
10,258,2.4694615917044527e-05,1.258918286421943e-08,0.004969367758281181
10,259,2.3822941567223203e-05,1.214480795169544e-08,0.004880875082116239
10,260,2.2368130518389004e-05,1.140315307485164e-08,0.004729495799595238
10,261,2.0270426677810258e-05,1.0333754897826588e-08,0.004502269058798048
10,262,1.976927028344852e-05,1.0078268053512554e-08,0.004446264756337449
10,263,1.8482665761021765e-05,9.422363962468056e-09,0.004299147096927688
10,264,1.796877021763214e-05,9.160382768244498e-09,0.004238958624194407
10,265,1.642849521438675e-05,8.375158825414975e-09,0.004053208015188309
10,266,1.4748222298687298e-05,7.518564697018942e-09,0.0038403414299626143
10,267,1.448982156304797e-05,7.386833386674203e-09,0.0038065498240595734
10,268,1.3603512232657786e-05,6.9349976394802344e-09,0.0036882939460755816
10,269,1.285252736889254e-05,6.5521495802125405e-09,0.0035850421711456255
10,270,1.2251182804632522e-05,6.245587343759674e-09,0.003500168968011762
10,271,1.1720156718725153e-05,5.97487309075749e-09,0.0034234714426624262
10,272,1.1556652892395012e-05,5.891519716257382e-09,0.0033995077426584885
10,273,9.888009211319693e-06,5.040854109355505e-09,0.003144520505787757
10,274,9.224515322397005e-06,4.702608480227312e-09,0.0030371887202472296
10,275,8.40976499845485e-06,4.287253131059469e-09,0.0028999594822091655
10,276,6.952862722012712e-06,3.54453215758734e-09,0.0026368281555711423
10,277,4.6033903446550465e-06,2.3467837296568225e-09,0.002145551291546079
10,278,3.7437452354749633e-06,1.9085412595510084e-09,0.0019348760258670226
10,279,2.89211529516657e-06,1.4743848795853394e-09,0.001700622031836166
10,280,2.0201834858181697e-06,1.0298787155740854e-09,0.00142133158897499
10,281,6.989474789193654e-07,3.563196793244209e-10,0.0008360307882604356
10,282,5.795761921294807e-07,2.954648369902343e-10,0.0007612990162409779
10,283,3.2649219398378617e-07,1.6644397092910963e-10,0.0005713949544612607
10,284,2.0583838595017712e-07,1.0493530613748006e-10,0.00045369415463523125
10,285,1.34490035169169e-07,6.856229924156703e-11,0.0003667288305671767
10,286,1.0129390927987908e-07,5.163909215028072e-11,0.0003182670408318761
10,287,8.008653743132451e-08,4.082768762518837e-11,0.0002829956491385062
10,288,5.3154001356750946e-08,2.7097625056935557e-11,0.00023055151562449323
10,289,5.173775516586506e-08,2.637563033801747e-11,0.00022745934838090312
10,290,3.328487303123542e-08,1.6968449908683504e-11,0.00018244142356174328
10,291,2.9897782027261045e-08,1.5241729065159276e-11,0.00017290975110519663
10,292,2.5252865444703614e-08,1.287377548194521e-11,0.00015891150192702734
10,293,1.9840478047584406e-08,1.0114569390090143e-11,0.0001408562318379432
10,294,1.590694834225953e-08,8.109277024801934e-12,0.00012612275108900666
10,295,1.2121952065396987e-08,6.179706205402244e-12,0.00011009973689976279
10,296,1.0079976337428391e-08,5.138717921557299e-12,0.00010039908534159258
10,297,7.761133183024773e-09,3.956584107356866e-12,8.809729384620604e-05
10,298,6.886067215656205e-09,3.510480166381848e-12,8.29823307436963e-05
10,299,3.6505928072074335e-09,1.861052650793316e-12,6.042013577614199e-05
10,300,1.3646150785543215e-29,6.956734545255305e-33,3.694069677949133e-15
10,301,1.3646150785543215e-29,6.956734545255305e-33,3.694069677949133e-15
10,302,1.3646150785543215e-29,6.956734545255305e-33,3.694069677949133e-15
10,303,1.3646150784795342e-29,6.956734544874043e-33,3.6940696778479075e-15
11,0,1567.7639836703718,1.0,39.59499947809536
11,1,770.2354243066286,0.4912955217298661,27.753115578374775
11,2,548.3973153604315,0.3497958373023411,23.417884519324787
11,3,289.31811177313296,0.184541879253914,17.009353655360716
11,4,280.9542574966558,0.1792069855048587,16.761690174223357
11,5,197.74054655144508,0.1261290274627337,14.062024980472943
11,6,101.57433913958445,0.06478930514896995,10.078409554070744
11,7,80.84071532223223,0.05156434014574817,8.991146496539372
11,8,63.20364277771203,0.040314513814600314,7.950071872487193
11,9,54.41610459323346,0.03470937281378104,7.376727227791025
11,10,36.5362620311005,0.02330469535699092,6.044523308839209
11,11,34.22528418391182,0.021830635567852037,5.850237959597184
11,12,24.966961838623718,0.015925204366649817,4.996695091620432
11,13,21.93957387059694,0.013994181585440617,4.683969883613359
11,14,18.288178147356962,0.011665134763806463,4.276467952336012
11,15,14.25117586145759,0.009090128367468578,3.7750729610773868
11,16,12.543007535271038,0.008000571301495245,3.5416108672849758
11,17,11.673072653293278,0.007445682369845528,3.4165878670529284
11,18,11.549278815607764,0.00736672033284574,3.3984229895067157
11,19,9.853541396454542,0.006285092334744109,3.1390351059608337
11,20,8.236144452795191,0.005253433896033978,2.8698683685484934
11,21,7.557445522900701,0.004820525029033759,2.7490808505572732
11,22,6.801033935652873,0.004338047057140978,2.6078792026573763
11,23,6.055406093656315,0.003862447509145922,2.4607734746734238
11,24,5.5607645262913845,0.0035469398354673236,2.3581273346219844
11,25,5.267337369629714,0.0033597769973628833,2.295068053376569
11,26,4.738386975422483,0.003022385400338899,2.1767836308238087
11,27,4.4470804609724075,0.002836575216226821,2.1088102003196987
11,28,4.276665047708094,0.0027278755554109467,2.068009924470406
11,29,3.9228711288833904,0.002502207710945979,1.9806239241419332
11,30,3.6706587501675303,0.002341333764776229,1.915896330746403
11,31,3.4056345479283276,0.0021722877827281273,1.8454361403008037
11,32,2.711826186581302,0.0017297413480774752,1.6467623345769424
11,33,2.4935189007620053,0.0015904938031069587,1.579087996522678
11,34,2.3828521214316387,0.0015199048748734633,1.5436489631492125
11,35,2.1556669781626363,0.0013749945786583864,1.4682189816790396
11,36,1.9650314189264515,0.001253397475253907,1.4017957836027513
11,37,1.8743521041430173,0.0011955575735034278,1.3690697952051303
11,38,1.8329989131064184,0.0011691803946248921,1.3538829022874979
11,39,1.7347702691647044,0.0011065251448775764,1.3171067797125275
11,40,1.6484497502341466,0.0010514655059078964,1.2839196821585634
11,41,1.5373738791294749,0.0009806156380313387,1.2399088188772087
11,42,1.401461739529932,0.0008939239286827465,1.1838334931610661
11,43,1.2429920455830474,0.0007928438582145609,1.1148955312418503
11,44,1.2018906772259703,0.0007666273047121309,1.0963077474988354
11,45,1.0732062210399613,0.0006845457812644884,1.035956669479936
11,46,0.9563918449835714,0.0006100356016244958,0.9779528848485347
11,47,0.8499738448256676,0.0005421567619098831,0.9219402609853133
11,48,0.8020470661671594,0.0005115866128582992,0.8955708046643545
11,49,0.7523880473478274,0.00047991155249425593,0.8674030478087031
11,50,0.740714127518231,0.00047246532975206353,0.8606475047998634
11,51,0.701359931184971,0.0004473632118675042,0.8374723465195558
11,52,0.6837804839796383,0.0004361501419230241,0.8269102030932006
11,53,0.6575359125910947,0.0004194100128845313,0.8108858813613015
11,54,0.6307926884369074,0.0004023518176250781,0.7942245831230027
11,55,0.5874296445307116,0.0003746926518591467,0.7664395896159798
11,56,0.5261886440482728,0.0003356300116146219,0.7253886158799797
11,57,0.517236953903998,0.000329920166103745,0.7191918755825861
11,58,0.469019754103628,0.0002991647716039388,0.6848501690907494
11,59,0.43749681586178185,0.00027905783039965993,0.6614354207795209
11,60,0.40048929883066703,0.0002554525445169758,0.6328422385007713
11,61,0.3762213263364756,0.00023997319128079775,0.6133688338483425
11,62,0.35761771679992826,0.00022810685825470445,0.5980114687862836
11,63,0.35419812649270466,0.00022592566877539403,0.5951454666656755
11,64,0.3234306714937867,0.00020630061339755156,0.5687096548273
11,65,0.29878627354203957,0.00019058115676476753,0.5466134589836218
11,66,0.2901688264972388,0.00018508450858649645,0.5386732093739569
11,67,0.285689718557638,0.00018222750460741884,0.5344995028600475
11,68,0.2729917005424416,0.00017412805969896494,0.5224860768886015
11,69,0.2657784723433426,0.00016952709407261362,0.5155370717449353
11,70,0.24834686836388672,0.00015840832609412882,0.4983441264466621
11,71,0.2454617844207702,0.00015656807209342007,0.495440999939216
11,72,0.219542596991007,0.0001400354895747922,0.4685537290332956
11,73,0.2142092099029892,0.0001366335826911224,0.4628274083316471
11,74,0.20687607461245347,0.0001319561341931873,0.4548363162858189
11,75,0.20177602983974857,0.00012870306496476624,0.4491948684477023
11,76,0.18981811982247737,0.0001210756987656296,0.4356812135294307
11,77,0.18782174868145488,0.00011980231121379371,0.43338406602164653
11,78,0.17897275364976534,0.00011415796989465413,0.4230517151008436
11,79,0.16425504034405405,0.0001047702600996792,0.4052839009189164
11,80,0.1515133370301674,9.664295047488707e-05,0.38924714132562027
11,81,0.15038055817547996,9.59204062230186e-05,0.3877893218946081
11,82,0.14117733749707695,9.005012168130022e-05,0.3757357282679902
11,83,0.13858586310636767,8.839714686002498e-05,0.3722712225063437
11,84,0.13531788008562873,8.631266025695346e-05,0.3678557870764421
11,85,0.1319585776054909,8.416992543517679e-05,0.36326103232454054
11,86,0.12154521599886388,7.752775115697467e-05,0.3486333546849238
11,87,0.1158189916923565,7.387527261674094e-05,0.3403218942300899
11,88,0.11216669404324495,7.154565050068685e-05,0.33491296487780964
11,89,0.11083695267028548,7.069747348755868e-05,0.3329218416840287
11,90,0.1081954446214119,6.90125846417967e-05,0.3289307596157767
11,91,0.1032808667885071,6.587781570712642e-05,0.3213734070960245
11,92,0.09720426742295687,6.200185004594061e-05,0.31177598917003996
11,93,0.09380144879937206,5.9831358403685694e-05,0.3062702218619565
11,94,0.08452116301293545,5.391191779712829e-05,0.2907252362849422
11,95,0.08152346158184072,5.1999830606506224e-05,0.28552313668394846
11,96,0.07711125916370873,4.918550238868203e-05,0.27768914124198074
11,97,0.07397558829884894,4.718541124134064e-05,0.27198453687452334
11,98,0.06865761165604331,4.379333392728253e-05,0.26202597515521875
11,99,0.0639420872420602,4.078553143717598e-05,0.2528677267704604
11,100,0.05892558291737964,3.758574857640623e-05,0.2427459225556212
11,101,0.05734800732821399,3.6579490232932675e-05,0.23947443982232006
11,102,0.05308036560902993,3.385737021765278e-05,0.23039176549744553
11,103,0.05165214432663477,3.294637768480261e-05,0.22727108114899874
11,104,0.04767696985754239,3.0410808230154273e-05,0.21835056642368114
11,105,0.04503012151667397,2.8722513073206124e-05,0.21220301957482596
11,106,0.044324236215116504,2.827226334881529e-05,0.21053321879246634
11,107,0.040234577766188016,2.566367016034697e-05,0.20058558713473912
11,108,0.037844729356652375,2.4139302695328005e-05,0.1945372184355795
11,109,0.03645250685061552,2.3251272022000853e-05,0.19092539603367467
11,110,0.03607611811014521,2.3011192045428663e-05,0.1899371425239024
11,111,0.03403329835713247,2.1708177194793946e-05,0.18448115989751493
11,112,0.032782399393234324,2.0910289899941307e-05,0.18105910469577144
11,113,0.030594985527640513,1.9515045533839247e-05,0.17491422334287315
11,114,0.02907015446071448,1.854243034251678e-05,0.17049971982591197
11,115,0.027704455831731416,1.7671317953657225e-05,0.16644655548172638
11,116,0.027108552793919855,1.72912205384733e-05,0.16464675154378192
11,117,0.026617352460963875,1.6977907859988365e-05,0.16314825301229516
11,118,0.025244018064138056,1.6101924988120984e-05,0.1588836620428232
11,119,0.0235275854765443,1.5007096553820988e-05,0.1533870446828685
11,120,0.02240371540876433,1.42902347815861e-05,0.14967870726581095
11,121,0.020151109490028383,1.2853407591907806e-05,0.14195460362393458
11,122,0.019716173187684642,1.2575982987902369e-05,0.14041429125158394
11,123,0.01887356076954494,1.203852172018845e-05,0.13738107864456786
11,124,0.018392736081897704,1.1731827158599176e-05,0.135619821862063
11,125,0.017116715880402096,1.0917916254415593e-05,0.13083086746025227
11,126,0.016837956818157557,1.0740109476642882e-05,0.1297611529625009
11,127,0.015460933491918882,9.861773617048215e-06,0.1243420021228502
11,128,0.014785849621355956,9.431170619661803e-06,0.12159707900009752
11,129,0.013807712910109243,8.807265030915754e-06,0.11750622498450558
11,130,0.013622648822418912,8.689221696831074e-06,0.1167161035265439
11,131,0.013054712165363023,8.326962668704746e-06,0.11425721931398043
11,132,0.012449939543676963,7.941207779585406e-06,0.11157929711051671
11,133,0.011579158207640421,7.3857789362732184e-06,0.10760649705124882
11,134,0.010718307017199778,6.8366840473695575e-06,0.10352925681757683
11,135,0.010359599565862751,6.607882100728815e-06,0.10178211810461969
11,136,0.010260244857672622,6.5445085896487064e-06,0.1012928667659901
11,137,0.00973113096189948,6.2070127029691266e-06,0.09864649492961967
11,138,0.0093585507965494,5.969362030271688e-06,0.09673960304109894
11,139,0.009041423666291315,5.767082137659509e-06,0.09508640105867566
11,140,0.008833618578760616,5.634533431543556e-06,0.09398733201214202
11,141,0.00861255564326361,5.493528192362424e-06,0.09280385575644802
11,142,0.008506274698949929,5.425736773870425e-06,0.09222946762803051
11,143,0.00807658568259702,5.1516591570680906e-06,0.08986982631894322
11,144,0.00743819483271766,4.744460843719425e-06,0.08624496989806223
11,145,0.006966700272939955,4.443717514564825e-06,0.08346676148587505
11,146,0.006927640613603066,4.418803267430864e-06,0.08323244928273507
11,147,0.00679000013092667,4.331009132529155e-06,0.08240145709225456
11,148,0.006484473393522313,4.136128563395865e-06,0.080526227985187
11,149,0.006045250812371184,3.855969951687715e-06,0.0777512110026023
11,150,0.005913575134051717,3.771980473876652e-06,0.07689977330299301
11,151,0.005677758749765642,3.6215647309827547e-06,0.07535090410715482
11,152,0.005426742931592913,3.4614540122857587e-06,0.07366643015372004
11,153,0.005249225232140253,3.348224150328435e-06,0.07245153712751892
11,154,0.005084025267257355,3.2428511690611017e-06,0.07130235106402422
11,155,0.004845049018036357,3.0904199028053742e-06,0.06960638633082712
11,156,0.0045498541702300435,2.9021295409390315e-06,0.06745260684532543
11,157,0.004390687469408336,2.8006048838608188e-06,0.06626226278515046
11,158,0.003984465478265467,2.5414957351789857e-06,0.06312262255535227
11,159,0.003884002471416115,2.4774152945669026e-06,0.06232176563140774
11,160,0.0037094543315284514,2.3660795694796227e-06,0.060905289848488954
11,161,0.0034355234612621177,2.191352459328119e-06,0.058613338595085315
11,162,0.0033382669828034093,2.1293173064149767e-06,0.05777773777851993
11,163,0.00327401342212316,2.0883331012989604e-06,0.05721899529110206
11,164,0.003116410689703141,1.9878060232045603e-06,0.05582482144801845
11,165,0.003079634231759223,1.9643481186175326e-06,0.05549445226109744
11,166,0.002770977454153338,1.767471049861767e-06,0.052640074602467446
11,167,0.002674894330254445,1.7061843224591206e-06,0.051719380605866165
11,168,0.00260615310341868,1.6623376544964904e-06,0.051050495623634055
11,169,0.00252001709517214,1.6073957058717475e-06,0.050199771863745954
11,170,0.00232266596938357,1.4815150708755658e-06,0.04819404495768715
11,171,0.002267616327023612,1.4464015952929218e-06,0.047619495241167896
11,172,0.002077335159942787,1.3250305413187463e-06,0.045577792398741594
11,173,0.001971398398397037,1.2574586601879295e-06,0.04440043241227541
11,174,0.0018846181361762008,1.2021057734494102e-06,0.04341218879734355
11,175,0.0018642429708186819,1.1891094515733217e-06,0.04317688004961315
11,176,0.0018095472790151403,1.1542217437466048e-06,0.04253877383064938
11,177,0.001717034499107953,1.0952123642285215e-06,0.04143711499498913
11,178,0.0016846073892953024,1.074528696182561e-06,0.04104396897590805
11,179,0.0016040416356035581,1.0231397406185176e-06,0.040050488581333914
11,180,0.0015266270384495235,9.737607537554597e-07,0.03907207491866184
11,181,0.0015094690195415047,9.628164923189587e-07,0.03885188566262267
11,182,0.0014375467787364738,9.1694081105943e-07,0.03791499411494711
11,183,0.0013470306383858307,8.592049903023215e-07,0.03670191600428826
11,184,0.0013202465061282473,8.421207017636362e-07,0.036335196519741673
11,185,0.0012727429289418669,8.118204922415578e-07,0.03567552282646839
11,186,0.001194824383212168,7.621200612192302e-07,0.03456623183414947
11,187,0.0010962635198840452,6.992529049669371e-07,0.03310987042988911
11,188,0.0010383896266337434,6.623379778139288e-07,0.03222405354131822
11,189,0.00096867957369494,6.178733430443498e-07,0.031123617619019484
11,190,0.0009328949544310128,5.950480838620652e-07,0.030543329131432494
11,191,0.0008908759303577323,5.682462026408194e-07,0.029847544796142485
11,192,0.0008794387384662778,5.609509770771613e-07,0.029655332378280264
11,193,0.0008086979422880024,5.158288815863206e-07,0.028437614919117293
11,194,0.0007824234409939889,4.990696617243481e-07,0.027971832993101988
11,195,0.000744246524758536,4.74718473259057e-07,0.027280882037766595
11,196,0.0007089865236814866,4.522278423705348e-07,0.02662680085330355
11,197,0.000697792008503852,4.4508740841859097e-07,0.026415753036850037
11,198,0.0006423593521056563,4.097296269058281e-07,0.025344809174772973
11,199,0.0006040401461952992,3.8528767881320385e-07,0.02457722820407743
11,200,0.0005733049816122685,3.656832199130351e-07,0.023943787954546134
11,201,0.0005489888252401686,3.501731325367629e-07,0.02343051056294268
11,202,0.0005191335324935012,3.311299008656465e-07,0.02278450202425985
11,203,0.0004938277209236751,3.149885608212213e-07,0.022222234831890224
11,204,0.0004629285483196013,2.952794892224886e-07,0.02151577440669058
11,205,0.00044515169017065085,2.839405004881434e-07,0.021098618205243936
11,206,0.0004279557501397479,2.7297205102125064e-07,0.020687091389070333
11,207,0.00040846839254403763,2.605420183130828e-07,0.0202106009941327
11,208,0.00039094416096403713,2.493641677166087e-07,0.019772307932156962
11,209,0.0003646162891720859,2.3257090542319018e-07,0.019094928362580622
11,210,0.00036275256059169734,2.313821240761246e-07,0.019046064175878893
11,211,0.00033916097602193864,2.163342056295436e-07,0.018416323629376702
11,212,0.000331273449624975,2.1130313814800995e-07,0.018200918922542757
11,213,0.0003217842530447276,2.0525044355935656e-07,0.017938345883741
11,214,0.000301577480071844,1.9236153095302374e-07,0.01736598629712243
11,215,0.00027657222953930244,1.7641190410038963e-07,0.01663046089377268
11,216,0.00026099007188526126,1.6647280751675656e-07,0.016155187151044127
11,217,0.0002436944055851057,1.554407475381469e-07,0.01561071444825975
11,218,0.00023475062865776995,1.4973594948149232e-07,0.0153215739615018
11,219,0.00022442124711719383,1.4314734198178853e-07,0.014980695815521848
11,220,0.0002167086051833116,1.3822782474946522e-07,0.014721025955527408
11,221,0.0002088131012229231,1.331916687702317e-07,0.014450366819666658
11,222,0.00018803169598451873,1.1993622633446917e-07,0.013712464985717146
11,223,0.00018335258442620165,1.1695164982483245e-07,0.013540774882782804
11,224,0.00017337150131013592,1.1058520486243541e-07,0.01316706122527483
11,225,0.00016175161596825756,1.0317344807830873e-07,0.01271816087208593
11,226,0.00015755457402450676,1.0049636020828069e-07,0.01255207449087627
11,227,0.00013977034872467918,8.915267232855785e-08,0.011822451045560695
11,228,0.00013767387914586786,8.781543687689046e-08,0.011733451288766995
11,229,0.00012669735828024306,8.081405083922482e-08,0.011255992105551739
11,230,0.0001224537691503747,7.810727279478125e-08,0.011065883116605502
11,231,0.00011846797097838923,7.556492699943129e-08,0.010884299287431839
11,232,0.00011352498934167645,7.241204066692318e-08,0.010654810619700214
11,233,0.00010655804176595551,6.796816541000456e-08,0.01032269546998048
11,234,0.00010506502331254211,6.70158419295799e-08,0.010250123087677636
11,235,9.887891098445142e-05,6.307002330348282e-08,0.009943787557286782
11,236,9.207662381017152e-05,5.873117686669027e-08,0.009595656507512736
11,237,8.882050755140965e-05,5.6654259490939104e-08,0.009424463250042925
11,238,8.710131258236965e-05,5.5557669068562444e-08,0.009332808397388733
11,239,8.185875549462866e-05,5.2213698201552625e-08,0.00904758285370345
11,240,8.079661313718271e-05,5.15362095179822e-08,0.008988693627951879
11,241,7.696405021226016e-05,4.9091604995335916e-08,0.008772915718976227
11,242,7.34639801385683e-05,4.6859081407507556e-08,0.008571113121326092
11,243,7.217622443314208e-05,4.603768499909448e-08,0.008495659152363758
11,244,6.92141415912667e-05,4.4148317165206184e-08,0.008319503686594934
11,245,6.456940467436315e-05,4.118566655881228e-08,0.008035508986639437
11,246,6.19002926557455e-05,3.948317049025937e-08,0.007867673903749792
11,247,5.756670114159978e-05,3.6718984324941215e-08,0.007587272312339908
11,248,5.42842630819001e-05,3.462527755919769e-08,0.007367785493749129
11,249,5.357424819532629e-05,3.417239377441297e-08,0.007319443161561287
11,250,4.934401693266315e-05,3.1474136060417316e-08,0.007024529659177414
11,251,4.443829293334522e-05,2.834501455334398e-08,0.0066662052873689105
11,252,4.378630365744032e-05,2.7929142468836403e-08,0.0066171220071448225
11,253,3.9274335093138774e-05,2.5051178303759496e-08,0.006266923893996063
11,254,3.894244662338677e-05,2.483948287433969e-08,0.006240388339148997
11,255,3.554523536723304e-05,2.2672567897634876e-08,0.005961982503096855
11,256,3.408699286933463e-05,2.1742426299098825e-08,0.0058384067063998405
11,257,3.175841624567291e-05,2.0257141110820566e-08,0.0056354606063455815
11,258,2.821999103924866e-05,1.8000152658936206e-08,0.005312249150712781
11,259,2.7605792423193917e-05,1.7608385388829126e-08,0.005254121470159775
11,260,2.5334795367718435e-05,1.6159827392134536e-08,0.005033368193140497
11,261,2.327700773016486e-05,1.4847265259704384e-08,0.004824625138823208
11,262,2.2748277133973467e-05,1.451001386108917e-08,0.004769515398232138
11,263,2.0867294622218463e-05,1.331022707471885e-08,0.004568073403768646
11,264,1.982067271498866e-05,1.2642638127574201e-08,0.004452041409846573
11,265,1.8109361630053623e-05,1.1551076449439078e-08,0.004255509561739184
11,266,1.7444510902646602e-05,1.112700067379171e-08,0.004176662651285905
11,267,1.634881050175817e-05,1.0428106954902191e-08,0.0040433662339390145
11,268,1.5599988480550126e-05,9.95046999614585e-09,0.003949682073350984
11,269,1.4252729642282816e-05,9.091119448295418e-09,0.0037752787502756424
11,270,1.3639713526209977e-05,8.70010643711648e-09,0.0036931982787565005
11,271,1.1596924955494674e-05,7.39711147614485e-09,0.003405425811186418
11,272,1.057864556027847e-05,6.747600831798844e-09,0.003252482983856867
11,273,9.163873014407814e-06,5.8451865904929166e-09,0.0030271889624547414
11,274,8.222353461622925e-06,5.244637296982137e-09,0.0028674646399952214
11,275,6.755094475712404e-06,4.308744521543166e-09,0.0025990564587389025
11,276,5.095873668861429e-06,3.2504086851971304e-09,0.0022574041881908142
11,277,4.955706699421352e-06,3.1610030279042997e-09,0.0022261416620290254
11,278,4.425910578904924e-06,2.823071983413728e-09,0.0021037848223867677
11,279,3.5519970330704085e-06,2.2656452565995605e-09,0.0018846742511825242
11,280,2.7636068557775674e-06,1.7627697054932639e-09,0.0016624099541862614
11,281,1.0974758547082207e-06,7.000261940823926e-10,0.0010476048180054446
11,282,1.0452965495070647e-06,6.667435662476873e-10,0.0010223974518293092
11,283,5.286522281003802e-07,3.3720141144123344e-10,0.0007270847461612575
11,284,2.6687716157424063e-07,1.702278942200477e-10,0.0005166015501082441
11,285,1.9801089013877776e-07,1.2630146642047767e-10,0.0004449841459409287
11,286,1.7589335325506532e-07,1.1219377092926479e-10,0.0004193964154055985
11,287,1.3745779283250252e-07,8.767760598166894e-11,0.00037075300785361476
11,288,1.048911701394341e-07,6.690494948982567e-11,0.00032386906326389695
11,289,5.919073526984692e-08,3.775487629921979e-11,0.00024329146156379372
11,290,5.2500220329208054e-08,3.3487323905921814e-11,0.00022912926554503695
11,291,4.764718726633536e-08,3.039181137124104e-11,0.00021828235674542127
11,292,4.3087651037744165e-08,2.7483506118611987e-11,0.00020757565136052004
11,293,2.866674669598636e-08,1.8285116251282407e-11,0.0001693125709921929
11,294,2.5042209337855744e-08,1.5973201067693977e-11,0.00015824730436205144
11,295,1.9627144358317966e-08,1.2519195850109952e-11,0.00014009691059519466
11,296,1.8049451173586287e-08,1.1512862498173865e-11,0.00013434824588950272
11,297,1.5183316087828293e-08,9.68469504719828e-12,0.00012322059928367615
11,298,1.2214173606837586e-08,7.790824214651471e-12,0.00011051775245107722
11,299,9.797720159612423e-09,6.2494866967631716e-12,9.898343376349612e-05
11,300,1.0698917082016672e-29,6.824316155655582e-33,3.2709199137271263e-15
11,301,1.0698917082016672e-29,6.824316155655582e-33,3.2709199137271263e-15
11,302,1.0698917082016672e-29,6.824316155655582e-33,3.2709199137271263e-15
11,303,1.0698916450822137e-29,6.824315753047446e-33,3.2709198172413423e-15
12,0,1744.921247145571,1.0,41.77225451355925
12,1,728.4254715876611,0.4174546403049741,26.989358487886687
12,2,649.9935463470753,0.3725059497157061,25.49497100110285
12,3,314.41132248668447,0.18018654022410133,17.731647483713534
12,4,241.53375563304104,0.13842100669480298,15.541356299661913
12,5,163.69640535855223,0.09381306212319608,12.79438960476631
12,6,123.55744340266324,0.07080975350881001,11.115639585856643
12,7,92.78975521317103,0.05317704473193913,9.63274390883361
12,8,48.799945516555496,0.02796684698314315,6.985695778986908
12,9,45.60448026172756,0.026135552155336316,6.753108933056504
12,10,38.42398003159043,0.022020466593805476,6.198707932431599
12,11,24.910979144461002,0.014276277044142607,4.991089975592606
12,12,24.23058243950467,0.013886347294551122,4.9224569515136105
12,13,23.505143068428442,0.013470603963863311,4.848210295400607
12,14,19.95524905548389,0.011436188932954814,4.467129845379905
12,15,16.50842394930852,0.00946084184390202,4.063055986484621
12,16,15.458950281005242,0.008859397125396783,3.9317871612035717
12,17,11.309303663569601,0.0064812688148934644,3.362930814567793
12,18,9.985267562680631,0.005722474626872146,3.159947398720528
12,19,8.753590875723216,0.00501661085853747,2.9586467980688766
12,20,7.953341952914089,0.0045579947896929795,2.820167007982699
12,21,6.527516229621194,0.003740865807152747,2.5549004343851043
12,22,5.952930464333691,0.0034115754358953394,2.439862796210822
12,23,5.552939887736973,0.0031823441297541355,2.3564676716935824
12,24,5.180506971042009,0.0029689058916077386,2.276072707767045
12,25,4.706056849889833,0.0026970024335414766,2.1693447973731224
12,26,4.475953457097,0.0025651320736789626,2.1156449269896402
12,27,3.9739724285358284,0.0022774508792512273,1.9934824876421233
12,28,3.7396889596802936,0.0021431849522136675,1.933827541349097
12,29,3.6493143800611496,0.002091392024729414,1.9103178740882758
12,30,3.325164157985543,0.0019056242013357405,1.8235032651425505
12,31,2.9313730442340646,0.0016799457563081144,1.712125300389567
12,32,2.678742743808794,0.0015351654111558414,1.636686513602649
12,33,2.4665821103806733,0.0014135778989542542,1.5705356125795662
12,34,2.1731284486896523,0.001245402021578088,1.474153468499685
12,35,2.0341053392588013,0.0011657290222044645,1.4262206488684706
12,36,1.933432100924856,0.001108034018204352,1.390479090430653
12,37,1.803833175590992,0.00103376194114307,1.3430685669730313
12,38,1.692235665915341,0.0009698063271815759,1.300859587317302
12,39,1.6228721296574344,0.0009300546556540643,1.2739199855789352
12,40,1.566435122910489,0.0008977110717592221,1.2515730593578982
12,41,1.3958460803863104,0.0007999478960266573,1.1814593011975953
12,42,1.346607438038026,0.0007717296355012431,1.160434159286095
12,43,1.1956326331971856,0.0006852072178919599,1.0934498768563585
12,44,1.124521561254404,0.0006444540480517114,1.0604346096079682
12,45,1.0508567872682661,0.0006022373725962189,1.025113060724653
12,46,0.9853234025668846,0.0005646807293903525,0.9926345765521593
12,47,0.8784233013370681,0.0005034171615332421,0.9372423919867625
12,48,0.8334276257375488,0.0004776305103172485,0.9129225737911999
12,49,0.7979136003860272,0.0004572777147915953,0.8932600967165315
12,50,0.7814585624541377,0.0004478474680347245,0.8840014493506997
12,51,0.6721940029234158,0.0003852288485930378,0.8198743824046558
12,52,0.645455981026546,0.00036990550839037295,0.803402751443226
12,53,0.584955125518628,0.0003352329662301532,0.7648235911101514
12,54,0.5279434702150917,0.00030256005597887464,0.7265971856641695
12,55,0.5084955431365764,0.00029141460909390534,0.7130887344058777
12,56,0.47085634134343884,0.00026984389244711705,0.6861897269293958
12,57,0.466489774344098,0.00026734144885174916,0.683000566869529
12,58,0.4250129178414409,0.0002435714038881114,0.651930147977098
12,59,0.4051605603134065,0.00023219418124238462,0.6365222386636672
12,60,0.38350487066546524,0.0002197834838064019,0.6192777007655493
12,61,0.3747545127339806,0.00021476872572158924,0.6121719633681214
12,62,0.34848997308488966,0.0001997167342967294,0.5903303931569928
12,63,0.33522514575446877,0.00019211477096908915,0.5789863087798094
12,64,0.3224365633686449,0.0001847857396980538,0.5678349789935848
12,65,0.29874085186601823,0.00017120592253358906,0.5465719091446415
12,66,0.2970053538847564,0.00017021132292968096,0.5449819757430115
12,67,0.28825305250723904,0.00016519545107194822,0.5368920305864476
12,68,0.2597396053628081,0.00014885462927779867,0.5096465494465827
12,69,0.23648897866074534,0.00013552988654794924,0.48630132496297535
12,70,0.22051481084840455,0.00012637522249736693,0.46959004551673
12,71,0.21652787660540582,0.0001240903433089676,0.46532555980238804
12,72,0.1993268153768614,0.00011423255674313675,0.446460317807598
12,73,0.18881979829263695,0.00010821107176127162,0.43453400130788034
12,74,0.17312973408436427,9.921922514702511e-05,0.4160886132596809
12,75,0.16042955268524695,9.194085575362533e-05,0.40053658095765354
12,76,0.15840588998281638,9.078111132060808e-05,0.3980023743431895
12,77,0.1501651419508214,8.605840647334028e-05,0.3875114733150767
12,78,0.14608129604628237,8.371798800963047e-05,0.3822058294247778
12,79,0.14041862194454993,8.047275610532779e-05,0.37472472822666764
12,80,0.13852240061025223,7.93860472711041e-05,0.3721859758376882
12,81,0.13265204040049108,7.602179216826542e-05,0.3642142781392447
12,82,0.13056535618950274,7.482593062757877e-05,0.36133828497614634
12,83,0.11836864398936567,6.78360952868211e-05,0.3440474443872032
12,84,0.11735135900745408,6.725309763946268e-05,0.3425658462360982
12,85,0.11178639785400335,6.40638642213046e-05,0.3343447290656806
12,86,0.11034585898613848,6.323830325675026e-05,0.33218347187381025
12,87,0.10718690425608292,6.142793231008252e-05,0.3273941115171177
12,88,0.09745118438673232,5.5848471411616894e-05,0.3121717225930823
12,89,0.09163359253159137,5.25144574183449e-05,0.3027104103455832
12,90,0.08864566429685355,5.080210034800398e-05,0.29773421754453006
12,91,0.08398826969626073,4.813298584887594e-05,0.2898072975207159
12,92,0.08164262888185578,4.678871841088006e-05,0.28573174286707415
12,93,0.07886945419732334,4.51994348319971e-05,0.2808370598715977
12,94,0.07580179430119378,4.344138420298001e-05,0.2753212565371475
12,95,0.07366187167877003,4.221501216703607e-05,0.27140720638695287
12,96,0.0684012656799733,3.9200202182114235e-05,0.26153635632541283
12,97,0.06657273634805468,3.8152287077114606e-05,0.258016930351585
12,98,0.06495756529715634,3.722664584629086e-05,0.25486774079344826
12,99,0.06287728314760826,3.603445327430453e-05,0.2507534309787371
12,100,0.06017710670451774,3.448700438656383e-05,0.2453102254381536
12,101,0.05913435491104526,3.388941191917984e-05,0.24317556396777465
12,102,0.05720660145170584,3.278463228371323e-05,0.23917901549196544
12,103,0.049624901166576564,2.8439622273930958e-05,0.22276647226765647
12,104,0.047557570096102515,2.725485185872976e-05,0.2180769820409814
12,105,0.04506682437738828,2.582742599478964e-05,0.2122894824935712
12,106,0.04440409539108642,2.544762146929258e-05,0.21072279276596165
12,107,0.03956290578855935,2.2673175567824806e-05,0.19890426287176288
12,108,0.03805065243954156,2.1806515624580028e-05,0.19506576439637366
12,109,0.0366765694918552,2.1019040000717833e-05,0.1915112777145388
12,110,0.03562452941449345,2.0416124494311608e-05,0.18874461426619157
12,111,0.032587091918028076,1.8675394073707145e-05,0.18051895168659737
12,112,0.030505550978614883,1.748248009961331e-05,0.1746583836482374
12,113,0.030248053975036864,1.7334910686954003e-05,0.173919676790859
12,114,0.028372494681498727,1.626004309816954e-05,0.168441368676162
12,115,0.02663741061459234,1.5265680705170586e-05,0.1632097136036711
12,116,0.025165770233424423,1.4422295719415327e-05,0.1586372283968187
12,117,0.02378971108778714,1.3633687552778403e-05,0.15423913604460815
12,118,0.0227427339104196,1.3033673552673678e-05,0.15080694251399568
12,119,0.020517655170702198,1.1758499247038226e-05,0.1432398518943042
12,120,0.020065106053434513,1.1499147073977128e-05,0.1416513538708138
12,121,0.018875554573961492,1.0817424915215552e-05,0.13738833492681063
12,122,0.017999341114638374,1.0315274195945858e-05,0.13416162310675275
12,123,0.017239864593747954,9.880024454943042e-06,0.1313006648640743
12,124,0.01618770470667612,9.27704028657842e-06,0.12723091097165076
12,125,0.015675021245235524,8.983225615985536e-06,0.12519992510075845
12,126,0.015072231159490312,8.637771580892959e-06,0.1227690154700701
12,127,0.014685749948638933,8.416282381031586e-06,0.12118477605969709
12,128,0.014431020448082374,8.270299001567753e-06,0.120129182333363
12,129,0.013981255666446807,8.012542508332706e-06,0.11824235986501118
12,130,0.013211506375502256,7.571405527392308e-06,0.11494131709486478
12,131,0.012889868358232748,7.3870774278888725e-06,0.11353355608908208
12,132,0.011810248976779403,6.768356449380851e-06,0.1086749694123693
12,133,0.011252369016033579,6.448640037159708e-06,0.10607718423880594
12,134,0.010239643889868316,5.868255605586117e-06,0.10119112554897448
12,135,0.009449447777296522,5.4154007195192325e-06,0.09720827010751977
12,136,0.009037877781102113,5.179533343345279e-06,0.09506775363445859
12,137,0.008871084602904306,5.083945546205061e-06,0.09418643534450333
12,138,0.008114279110870403,4.650226549848107e-06,0.09007929346342812
12,139,0.008101317501588443,4.642798358287505e-06,0.0900073191556578
12,140,0.007818671509834714,4.480816267567883e-06,0.08842325208809453
12,141,0.007574860303781882,4.341090072788795e-06,0.08703367339014183
12,142,0.006982955818709315,4.001874485815552e-06,0.0835640821089379
12,143,0.006667559912279816,3.821123688640357e-06,0.0816551278994762
12,144,0.006371563070416705,3.6514903356467375e-06,0.07982207132376799
12,145,0.006087941870545196,3.4889493611841534e-06,0.07802526430935813
12,146,0.005835471782486742,3.344260832420201e-06,0.07639025973569367
12,147,0.005448367059330265,3.122414302790441e-06,0.0738130548028617
12,148,0.005082879289393531,2.9129562710685984e-06,0.07129431456570384
12,149,0.004925912353153922,2.8229998122906548e-06,0.07018484418415362
12,150,0.004608306502812229,2.640982514454865e-06,0.0678845085627953
12,151,0.004375045910373648,2.50730278947005e-06,0.06614412982550794
12,152,0.004230458078801403,2.4244406936541103e-06,0.06504197167061745
12,153,0.004056793590390055,2.324915005205169e-06,0.06369296342917367
12,154,0.003958091286415644,2.2683495274588963e-06,0.06291336333733592
12,155,0.0037582991617932824,2.1538503058182684e-06,0.06130496849190351
12,156,0.003636710774244938,2.0841690020074262e-06,0.060305147162119904
12,157,0.003408387335545933,1.9533187191809045e-06,0.05838139545733669
12,158,0.003256405755178193,1.8662193268064008e-06,0.05706492578789701
12,159,0.003030261918305978,1.7366181558411483e-06,0.05504781483679418
12,160,0.002965623468712598,1.6995743925772653e-06,0.05445753821751951
12,161,0.0028228000601941117,1.6177234730861283e-06,0.053130029740196004
12,162,0.0027610345737199456,1.5823261813314403e-06,0.05254554761081043
12,163,0.0026302888497284757,1.5073968834016052e-06,0.051286341746399455
12,164,0.002461001714758179,1.4103798201689663e-06,0.04960848430216528
12,165,0.0022942447127578805,1.3148127553096853e-06,0.047898274632369384
12,166,0.002203210132193982,1.2626415867180841e-06,0.046938365248418934
12,167,0.002138335129787849,1.2254622569848607e-06,0.04624213586965733
12,168,0.002100489208849349,1.2037730712978787e-06,0.04583109434488063
12,169,0.0019819498836182578,1.135839159996722e-06,0.04451909571878407
12,170,0.001960710113507039,1.123666822622778e-06,0.044279906430649094
12,171,0.0018135759210422273,1.039345428344669e-06,0.042586100091957554
12,172,0.0017773313310029597,1.0185739522115436e-06,0.04215840759567372
12,173,0.0016759253352467355,9.604590109658517e-07,0.04093806706778833
12,174,0.0016478117829323259,9.443473656062692e-07,0.040593247996832255
12,175,0.001587669216621884,9.098801560351634e-07,0.03984556708872248
12,176,0.0015356229548544923,8.800528719370807e-07,0.03918702533817146
12,177,0.0014332640791106092,8.213918430159607e-07,0.03785847433680614
12,178,0.001370871450512709,7.856351412737101e-07,0.03702528123475511
12,179,0.0013180678346435325,7.553738237755391e-07,0.036305203960913544
12,180,0.0012013946875015964,6.885094037721746e-07,0.03466114088574691
12,181,0.0011805753474376558,6.765780113967319e-07,0.03435950155979647
12,182,0.0011490185020013044,6.584930430991806e-07,0.03389717542806929
12,183,0.0011098112092942799,6.360236664604573e-07,0.03331382909985401
12,184,0.0010495387911841816,6.014820398920979e-07,0.032396586103850225
12,185,0.0009766585788102272,5.597149902368912e-07,0.031251537223154754
12,186,0.0009600277909851755,5.501840226632788e-07,0.030984315241508492
12,187,0.0009158681648180085,5.248765044933869e-07,0.030263313843959794
12,188,0.0008906902911737796,5.104472724088924e-07,0.029844434844268363
12,189,0.0008152710395365401,4.6722512025697494e-07,0.02855295150306777
12,190,0.0007896358244514421,4.525337895582209e-07,0.028100459506055095
12,191,0.0007729787955082611,4.429877834158637e-07,0.02780249621002152
12,192,0.000760175994098445,4.356506033392503e-07,0.027571289307873236
12,193,0.0007487329220853939,4.290926729846453e-07,0.027362984524451895
12,194,0.0006791690727501605,3.892262036817874e-07,0.02606087244798532
12,195,0.0006500865535428867,3.725592513738546e-07,0.025496794966091064
12,196,0.0006223104682341456,3.5664100557669983e-07,0.02494615137118641
12,197,0.0006087431007565147,3.488656589816457e-07,0.024672719768126794
12,198,0.0006003780324272787,3.4407170719561525e-07,0.024502612767361744
12,199,0.0005582906547352222,3.1995177756503444e-07,0.023628175019142342
12,200,0.000528333428366138,3.0278353778453444e-07,0.022985504744645873
12,201,0.0004936650052685247,2.8291534994836383e-07,0.022218573430095027
12,202,0.0004788926431875383,2.7444943086740147e-07,0.021883615861816308
12,203,0.0004258095920204482,2.440279713007156e-07,0.020635154276633073
12,204,0.0003817018083940066,2.187501636640699e-07,0.019537190391507336
12,205,0.0003723920478563743,2.1341481655149294e-07,0.019297462212850017
12,206,0.00035549143296844906,2.0372921330975803e-07,0.018854480448117605
12,207,0.0003531323652634002,2.023772510312839e-07,0.01879181644395773
12,208,0.0003358254212986514,1.924587839411156e-07,0.01832554013661402
12,209,0.0003259708589874133,1.868112154176887e-07,0.01805466308152587
12,210,0.00028767769912693486,1.6486572078684488e-07,0.016961064209740345
12,211,0.0002787147713698708,1.597291406851778e-07,0.0166947528094869
12,212,0.00027032419797895073,1.549205721582911e-07,0.016441538795956744
12,213,0.0002364455452618199,1.3550499522463224e-07,0.015376785921050599
12,214,0.0002092245646381037,1.1990487535203302e-07,0.014464596940049996
12,215,0.00020438612339215931,1.171320045110943e-07,0.014296367489406507
12,216,0.00019770776211431053,1.1330469064877898e-07,0.014060859223899175
12,217,0.00018354310129004852,1.051870401545614e-07,0.013547807988381313
12,218,0.0001722733857294288,9.872845895552145e-08,0.013125295643505666
12,219,0.00016470210263596252,9.43894189525117e-08,0.012833631700963003
12,220,0.00015841423991410356,9.078589659747995e-08,0.01258627188305193
12,221,0.00014750911694821876,8.453626041262407e-08,0.01214533313450968
12,222,0.00013985219655381008,8.014814237753552e-08,0.011825912081265025
12,223,0.00013660385564584712,7.828654494826658e-08,0.011687765211786516
12,224,0.0001343602628443313,7.700076038624924e-08,0.011591387442594234
12,225,0.00011959549998381761,6.853919635597187e-08,0.010935972749774828
12,226,0.00011005258505760647,6.307023038296769e-08,0.010490595076429481
12,227,0.00010642600945278673,6.099186976311033e-08,0.010316298243691228
12,228,0.00010291275200150454,5.897845084404488e-08,0.010144592254078256
12,229,9.965864320395497e-05,5.711354788474353e-08,0.009982917569726546
12,230,9.670400780224092e-05,5.542027066289333e-08,0.009833819593740823
12,231,9.319903976358178e-05,5.341160233795159e-08,0.009653964976297655
12,232,9.158318141831453e-05,5.248556722438383e-08,0.009569910209522059
12,233,8.342672264126331e-05,4.7811167855132085e-08,0.009133823002514517
12,234,7.961601211703384e-05,4.562728102902848e-08,0.008922780514897463
12,235,7.158181791675988e-05,4.10229504820673e-08,0.00846060387423734
12,236,6.761201561780416e-05,3.874788946974384e-08,0.008222652590119818
12,237,6.600692770613975e-05,3.782802680299593e-08,0.008124464764286922
12,238,6.029539109086271e-05,3.455479219448838e-08,0.007765010694832475
12,239,5.810204891592071e-05,3.329780585282398e-08,0.007622470000985292
12,240,5.551704779868455e-05,3.181636299603899e-08,0.007450976298357454
12,241,5.532873083586657e-05,3.170844009514817e-08,0.0074383284974425925
12,242,5.124618301528157e-05,2.93687655526647e-08,0.007158643936897656
12,243,4.933623365129722e-05,2.8274189297656777e-08,0.0070239756300329815
12,244,4.6789133861709595e-05,2.68144673796881e-08,0.006840258318346581
12,245,4.5797493617239675e-05,2.6246166520212586e-08,0.006767384547758438
12,246,4.493297993713909e-05,2.5750720848085664e-08,0.006703206690617491
12,247,4.2908562188346084e-05,2.4590543704214757e-08,0.006550462746123062
12,248,4.0144546513454894e-05,2.3006509078346853e-08,0.006335972420509333
12,249,3.934693006983135e-05,2.254940166164921e-08,0.006272713134667594
12,250,3.6117159764405197e-05,2.0698446891793796e-08,0.00600975538307552
12,251,3.404993421813642e-05,1.951373695164581e-08,0.005835232147750115
12,252,3.2195381399910636e-05,1.8450908000906886e-08,0.005674097408391103
12,253,3.121916177124567e-05,1.7891444569384167e-08,0.005587411007903899
12,254,3.0487559857088045e-05,1.7472169535995458e-08,0.0055215541161060845
12,255,2.5856495842572582e-05,1.4818144878956529e-08,0.005084928302599023
12,256,2.511511964794954e-05,1.4393268285909236e-08,0.005011498742686617
12,257,2.363495439401098e-05,1.354499776575832e-08,0.004861579413525092
12,258,2.2702510164870785e-05,1.3010621655280249e-08,0.0047647151189626
12,259,2.131405507892601e-05,1.221490947731458e-08,0.0046167147495731215
12,260,1.93207793751942e-05,1.1072579583061465e-08,0.004395540851271229
12,261,1.8949544046128387e-05,1.0859827672525046e-08,0.004353107401170845
12,262,1.782913760336333e-05,1.0217731964997917e-08,0.004222456347123476
12,263,1.7008368073735774e-05,9.747355705341379e-09,0.0041241202787668275
12,264,1.5391985343930847e-05,8.821020071312572e-09,0.0039232620794347715
12,265,1.4896990238955818e-05,8.537342452173733e-09,0.0038596619332469805
12,266,1.3434157851023736e-05,7.699005254821671e-09,0.0036652636809680877
12,267,1.2391738446994227e-05,7.101603277090728e-09,0.0035201901151776203
12,268,1.2020824597070735e-05,6.889035603603886e-09,0.0034671060839078366
12,269,1.1635274071421905e-05,6.668079771769337e-09,0.003411051754433214
12,270,9.644812992293457e-06,5.527362915702312e-09,0.0031056099227516417
12,271,9.301205904087904e-06,5.330444522526893e-09,0.0030497878457505703
12,272,8.494803301726997e-06,4.868301830597352e-09,0.0029145845847610937
12,273,6.957614615620124e-06,3.987351650970917e-09,0.00263772906410422
12,274,6.348819024893718e-06,3.6384559104197003e-09,0.0025196862949370736
12,275,5.923486177978223e-06,3.394701157813372e-09,0.0024338213118423923
12,276,4.7151351565523985e-06,2.702205136343919e-09,0.0021714361967491466
12,277,4.153079086327932e-06,2.380095430164396e-09,0.002037910470636022
12,278,3.0691957889507646e-06,1.7589308365472125e-09,0.0017519120380175383
12,279,2.316579787584618e-06,1.3276128027979454e-09,0.0015220314673437662
12,280,1.4605250347130611e-06,8.37014872219741e-10,0.0012085218387406416
12,281,1.0398329853939e-06,5.959197225060504e-10,0.0010197220137831192
12,282,8.467419258651838e-07,4.852608260976399e-10,0.0009201858105106728
12,283,3.8710902500637984e-07,2.2184899498451982e-10,0.000622180861973735
12,284,3.3831426062929525e-07,1.9388511726974875e-10,0.0005816478837142754
12,285,1.5026290890692692e-07,8.611443591092404e-11,0.000387637599965389
12,286,1.3049914848573463e-07,7.478798753766775e-11,0.00036124665878833347
12,287,8.654111954617912e-08,4.9596003079077286e-11,0.00029417872041699264
12,288,7.535493902758246e-08,4.318529512483834e-11,0.00027450854090097534
12,289,5.1451831125624726e-08,2.948662079150689e-11,0.00022682996082004848
12,290,4.1570811179447065e-08,2.3823889615334027e-11,0.00020388921300413875
12,291,3.0356762556183024e-08,1.739721067976112e-11,0.0001742319217485218
12,292,2.8266616028142452e-08,1.6199364913678706e-11,0.00016812678557607188
12,293,1.842438870050677e-08,1.055886546779478e-11,0.00013573646783568067
12,294,1.6386288798894177e-08,9.390847194794425e-12,0.00012800894030845728
12,295,1.060100899970038e-08,6.0753509747457305e-12,0.00010296120142898674
12,296,9.276106431115291e-09,5.316060221221793e-12,9.631254555412441e-05
12,297,7.77112962499369e-09,4.4535704047996955e-12,8.815401082760607e-05
12,298,7.17975091527334e-09,4.114656135351859e-12,8.473341085589167e-05
12,299,5.540009847118877e-09,3.174934029934876e-12,7.44312424128395e-05
12,300,1.0831971588371e-29,6.207713732691649e-33,3.2911960726111413e-15
12,301,1.0831971588371e-29,6.207713732691649e-33,3.2911960726111413e-15
12,302,1.0831971588371e-29,6.207713732691649e-33,3.2911960726111413e-15
12,303,1.0831971545279454e-29,6.207713707996239e-33,3.291196066064654e-15
13,0,1603.168608941055,1.0,40.03958802161999
13,1,737.6062882901856,0.46009277138815646,27.158908083540208
13,2,552.7395738976402,0.34477943917748155,23.51041415836055
13,3,369.73443291683606,0.2306272907632951,19.22847973493578
13,4,233.64931797350417,0.14574219871223473,15.285591842434632
13,5,220.3282649395549,0.1374329959498701,14.843458658262733
13,6,122.57779983429137,0.07645970557972563,11.071485890985517
13,7,121.61661305522202,0.07586015118868486,11.027992249508612
13,8,54.48562639911091,0.03398621086717787,7.381437962830204
13,9,51.525836475417854,0.03213999836826417,7.178149934030206
13,10,42.388654489588035,0.026440546710546634,6.510656993697951
13,11,41.50689824255159,0.025890538282163752,6.442584748573479
13,12,29.78971717559154,0.018581774249726995,5.457995710477569
13,13,22.40304617886189,0.013974229568816113,4.733185626917868
13,14,20.450456436582318,0.012756272997442551,4.522218088126922
13,15,18.748635851352407,0.011694737376211782,4.329969497739263
13,16,15.436737561984351,0.009628892105229542,3.928961384638993
13,17,13.945453254229815,0.008698681583742611,3.734361157444445
13,18,12.525043532735609,0.007812680127892978,3.539073824143205
13,19,11.067553916077973,0.006903549542046268,3.326793338348202
13,20,9.309022298794751,0.00580663958043918,3.0510690419580397
13,21,7.63845701947832,0.004764599915989978,2.763775862742549
13,22,7.078460303795667,0.004415293727882571,2.6605375967641702
13,23,6.460870124118064,0.0040300627694960164,2.5418241725418507
13,24,5.643258542422379,0.003520065519589942,2.3755543652845286
13,25,5.110839143247146,0.0031879610882744403,2.260716511030772
13,26,4.592024613015913,0.002864342894069698,2.142900980683875
13,27,4.310782423566142,0.0026889139417553554,2.076242380736445
13,28,3.7251161031087467,0.0023235959601088417,1.9300559844493492
13,29,3.6843030654269704,0.0022981382275570955,1.9194538456099877
13,30,3.5089608386609736,0.0021887659345942137,1.8732220473454217
13,31,3.3448580405355326,0.002086404400560787,1.828895306061977
13,32,3.039002545200199,0.0018956225366760138,1.7432735141681581
13,33,3.0204426672796796,0.0018840455398355012,1.737942078229214
13,34,2.773033185389089,0.0017297202364888915,1.6652426806291896
13,35,2.5125179994281677,0.00156722005746343,1.585092426146869
13,36,2.3579848900049374,0.00147082775751358,1.5355731470708054
13,37,2.2599083970843403,0.0014096511024982478,1.5032991708520098
13,38,2.2120373587601234,0.0013797908382333197,1.4872919547822894
13,39,1.8949014011155,0.0011819726200646755,1.3765541766002165
13,40,1.809241529414724,0.0011285410151648284,1.345080491797693
13,41,1.772128771795016,0.0011053913867272917,1.3312132705900344
13,42,1.680935048535624,0.0010485079605232143,1.2965087923094174
13,43,1.5680827081248274,0.0009781146533056164,1.2522310921410742
13,44,1.485626342710932,0.0009266812825709184,1.2188627251298367
13,45,1.3716384154679395,0.0008555796363639825,1.1711696783421006
13,46,1.2273904701257126,0.0007656028587887857,1.1078765590650037
13,47,1.1853347464771982,0.0007393699825872653,1.0887307961462274
13,48,1.1690054507464007,0.0007291843441960648,1.081205554344964
13,49,0.9536645865006457,0.0005948623127860345,0.976557518275624
13,50,0.9464225085277442,0.00059034496013048,0.9728424890637457
13,51,0.804408736362652,0.0005017617809358119,0.8968883633778799
13,52,0.7532457272453621,0.0004698481014688189,0.8678973022456989
13,53,0.708397424670934,0.00044187331308766925,0.8416634865971875
13,54,0.6978965260273868,0.0004353232231065017,0.8354020146177449
13,55,0.6518098823331476,0.00040657600123775455,0.8073474359488284
13,56,0.629316889519371,0.00039254566613243215,0.7932949574523785
13,57,0.5775468248988319,0.00036025332686642384,0.7599650155756066
13,58,0.5666882940807384,0.0003534801585561574,0.7527870177418965
13,59,0.5152679906457966,0.0003214059879741208,0.717821698366521
13,60,0.48841392304361003,0.0003046553683247474,0.6988661696230617
13,61,0.4813699006586953,0.00030026155575529624,0.6938082592897661
13,62,0.43099264261460735,0.0002688380000774167,0.6565002990209581
13,63,0.42121536226881956,0.0002627392776528016,0.6490110648277266
13,64,0.3910422525813512,0.00024391835668467047,0.625333712973602
13,65,0.38343589576836346,0.0002391737797446242,0.6192220084657549
13,66,0.3728981114454531,0.00023260068177842155,0.6106538392947785
13,67,0.3579432994114515,0.0002232723978096631,0.5982836278985507
13,68,0.3523141102814079,0.00021976110829298413,0.5935605363241461
13,69,0.3263145651341544,0.00020354350959360151,0.5712394989268113
13,70,0.30905093529236394,0.00019277506655803478,0.5559234976976274
13,71,0.2849601151566711,0.0001777480631590563,0.5338165557161665
13,72,0.266947097191404,0.00016651217825911104,0.5166692338347659
13,73,0.2607298187277881,0.00016263405937071623,0.5106170960003084
13,74,0.2401824063219888,0.0001498173086613997,0.490084080869792
13,75,0.2366920469943396,0.000147640145692899,0.48651006874918795
13,76,0.21942030583734243,0.000136866643105167,0.4684232123169628
13,77,0.20787091899386098,0.00012966254318762295,0.45592863366305586
13,78,0.19496731954451593,0.00012161373323876281,0.4415510384366862
13,79,0.18654999657692972,0.00011636330423170652,0.43191433939721163
13,80,0.18244683060568953,0.00011380389410581186,0.4271379526636442
13,81,0.1768395040279947,0.0001103062416777253,0.42052289358368433
13,82,0.15620412473422332,9.743462032817697e-05,0.3952266751298846
13,83,0.15225849203275715,9.497347389637876e-05,0.3902031420077972
13,84,0.14540217297039257,9.069674403519878e-05,0.38131636861062307
13,85,0.1430308832443912,8.921761719053853e-05,0.3781942400994378
13,86,0.13677489821008748,8.53153545093624e-05,0.3698309048877439
13,87,0.12875225058003578,8.031111004916746e-05,0.3588206384533027
13,88,0.1237038566074791,7.716210005458473e-05,0.35171559050954665
13,89,0.12202920374993668,7.611751070309501e-05,0.3493267864764119
13,90,0.11631478065868446,7.255305524945012e-05,0.3410495281607709
13,91,0.112217891615384,6.999756044968193e-05,0.3349893903027139
13,92,0.10946547450793795,6.828069979504117e-05,0.33085567020672013
13,93,0.1009249989842443,6.295345256972599e-05,0.3176869512338275
13,94,0.0977102258353351,6.094819053366812e-05,0.31258634940658414
13,95,0.088215212194422,5.502553611793273e-05,0.2970104580556415
13,96,0.08637292968468027,5.387638530530635e-05,0.2938927179851183
13,97,0.08269324034588729,5.158112495759811e-05,0.28756432384057534
13,98,0.07673082012973356,4.786197764963522e-05,0.2770032854132484
13,99,0.0761470273816276,4.749782833630031e-05,0.2759475083809013
13,100,0.07204854308688353,4.4941338474980454e-05,0.2684185967605142
13,101,0.06862814856264438,4.2807817081682694e-05,0.26196974741875134
13,102,0.06578072041922046,4.1031691895882846e-05,0.2564775241989451
13,103,0.06446070628346932,4.020831366330689e-05,0.2538911307696063
13,104,0.0596925535345269,3.723410825387591e-05,0.2443205958050342
13,105,0.051844394366304405,3.233870353820695e-05,0.22769364147095633
13,106,0.04850427282471023,3.025525359852753e-05,0.22023685619058003
13,107,0.04738318662144746,2.955595958976866e-05,0.21767679394333117
13,108,0.045326636734058706,2.8273156348787556e-05,0.21290053248890362
13,109,0.04363451371564292,2.7217669727493563e-05,0.20888875918929414
13,110,0.04106118218038544,2.5612516332581937e-05,0.2026355896193594
13,111,0.03949143194900628,2.46333615371197e-05,0.19872451270290306
13,112,0.03806599287723628,2.3744222950061443e-05,0.19510508162842985
13,113,0.03610489396079912,2.252095865615007e-05,0.19001287840775194
13,114,0.03534575037204692,2.2047431676817787e-05,0.18800465518717063
13,115,0.033466017236812036,2.0874920485698274e-05,0.18293719478775233
13,116,0.030426568942834426,1.8979019906666063e-05,0.1744321327704114
13,117,0.0291234662255133,1.8166190420077084e-05,0.17065598795680537
13,118,0.027105463220860358,1.690743136416849e-05,0.1646373688469916
13,119,0.026249631978371882,1.6373594038689804e-05,0.1620173817168142
13,120,0.025710206236862394,1.6037119298290663e-05,0.16034402463722305
13,121,0.02459109212271142,1.533905540912171e-05,0.15681547156677947
13,122,0.023612919537747582,1.4728905871818862e-05,0.15366495871781433
13,123,0.022255655317685964,1.3882292351262135e-05,0.14918329436530742
13,124,0.0210445833296579,1.312686838570182e-05,0.14506751300569642
13,125,0.020677824060150996,1.2898096896875602e-05,0.14379785832950015
13,126,0.0196564141528082,1.2260977443783596e-05,0.14020133434745977
13,127,0.018938214176215617,1.1812989644754161e-05,0.13761618428155759
13,128,0.016947234547972263,1.0571086817353829e-05,0.1301815445751519
13,129,0.016341736245447852,1.0193398345194707e-05,0.12783480060393512
13,130,0.015905631776967022,9.921371768546048e-06,0.1261175316003569
13,131,0.015500064272576034,9.668393072400744e-06,0.12449925410449668
13,132,0.014835577477545983,9.253909660410182e-06,0.12180138536792585
13,133,0.014087311693620538,8.787167871834557e-06,0.11868998143744289
13,134,0.013943111889457505,8.697221123027966e-06,0.11808095481260941
13,135,0.012782401472144699,7.973210927943438e-06,0.11305928299854329
13,136,0.012199661684673997,7.609718414292225e-06,0.1104520786797333
13,137,0.011775633481598092,7.3452245858133915e-06,0.1085155909609218
13,138,0.0116378690839696,7.259292016487767e-06,0.10787895570485284
13,139,0.010825209714295899,6.752383781669915e-06,0.10404426805113244
13,140,0.0105057618453363,6.553123474813854e-06,0.10249761873007733
13,141,0.009798475613396982,6.111943284536487e-06,0.09898724975165732
13,142,0.009412332084645836,5.871080578893687e-06,0.09701717417367832
13,143,0.00910241312487951,5.6777640693026975e-06,0.09540656751439866
13,144,0.00888210775385576,5.540345353769545e-06,0.09424493489761537
13,145,0.00846768365362824,5.281842225704145e-06,0.09202001767891724
13,146,0.00824807977905326,5.144861078898859e-06,0.09081893953935632
13,147,0.007372749794707457,4.598861126389817e-06,0.08586471798537194
13,148,0.0070753620905394665,4.413361171794009e-06,0.08411517158360593
13,149,0.0068140196533138875,4.250344982624609e-06,0.08254707537710762
13,150,0.006532412252337614,4.074688224248905e-06,0.08082333977470625
13,151,0.006234671847370095,3.888968267341698e-06,0.07895993824320087
13,152,0.006031216009890226,3.7620596961875643e-06,0.07766090399866735
13,153,0.005594498919681682,3.4896509877255087e-06,0.07479638306550446
13,154,0.005508840834626317,3.4362204972720153e-06,0.07422156583248778
13,155,0.005340705222526421,3.33134343620546e-06,0.0730801287801713
13,156,0.005140618009805096,3.2065360942918172e-06,0.0716981032510979
13,157,0.004965471670187512,3.09728598881896e-06,0.0704661029870924
13,158,0.004513730672375282,2.8155058970102636e-06,0.06718430376490689
13,159,0.004355310909697306,2.716689239926005e-06,0.06599477941244523
13,160,0.004221728649355827,2.633365340246037e-06,0.0649748308913215
13,161,0.003966624880586017,2.4742406122872512e-06,0.06298114702501072
13,162,0.003883025721455585,2.4220944071631053e-06,0.06231392879168818
13,163,0.0037997122919898995,2.370126430119994e-06,0.0616418063654035
13,164,0.003649995177657014,2.276738177943713e-06,0.06041518995796516
13,165,0.00354848682196916,2.2134208480498196e-06,0.059569176777668834
13,166,0.0032926296999528223,2.0538262049228317e-06,0.05738144037886137
13,167,0.003202009008058894,1.997300215461382e-06,0.05658629699899874
13,168,0.0030215478996102143,1.8847349447579597e-06,0.05496860831065504
13,169,0.002882746795155152,1.7981557143008808e-06,0.05369121711374358
13,170,0.002768811009291906,1.7270865920464822e-06,0.05261949267421633
13,171,0.002705337120989993,1.6874938206137632e-06,0.05201285534355899
13,172,0.00263430151903937,1.6431843190713494e-06,0.05132544709049664
13,173,0.0025354100523589406,1.5814993121862967e-06,0.050352855453876105
13,174,0.0024391608645292157,1.521462465598276e-06,0.04938786150998255
13,175,0.0023239664529681008,1.4496082570523609e-06,0.0482075352301702
13,176,0.002228100235610219,1.3898102939290657e-06,0.0472027566526598
13,177,0.002187213427106055,1.3643065457417983e-06,0.04676765364123001
13,178,0.002158649558331574,1.3464894124626306e-06,0.046461269443823575
13,179,0.0019626091221612604,1.2242063069446123e-06,0.04430134447351751
13,180,0.001873516705443423,1.1686336016028542e-06,0.04328413919027873
13,181,0.0017435474915117816,1.087563392763442e-06,0.04175580787760885
13,182,0.0016893049385121842,1.053728802504451e-06,0.04110115495350689
13,183,0.001595720982908641,9.953544337190251e-07,0.03994647647676377
13,184,0.0015577368458605078,9.716612695463415e-07,0.039468175101726045
13,185,0.0014915346299221993,9.303666636208692e-07,0.03862039137453425
13,186,0.0013827628593802565,8.625186718779481e-07,0.037185519485147124
13,187,0.0013270544992937592,8.277697628887093e-07,0.03642875923351987
13,188,0.0012523728972442683,7.811860151575082e-07,0.03538888098321658
13,189,0.0012077187168375901,7.533323133337345e-07,0.03475224765159212
13,190,0.0011686458313075892,7.289600262816509e-07,0.03418546228015045
13,191,0.0011446562887319975,7.139961962504245e-07,0.03383276945111052
13,192,0.001107766272528095,6.90985506047184e-07,0.0332831229383316
13,193,0.0009997948127730355,6.236367199289365e-07,0.03161953214032484
13,194,0.000954223265526085,5.952107970454714e-07,0.03089050445567513
13,195,0.0008916204605338244,5.561613766394594e-07,0.029860014409471145
13,196,0.0008576334606994009,5.349614855956391e-07,0.029285379640691035
13,197,0.0007966860835464915,4.969446626532493e-07,0.028225628133781034
13,198,0.0007461325166964148,4.654111317643997e-07,0.027315426350258836
13,199,0.0007361050367145846,4.591563436367469e-07,0.02713125571577152
13,200,0.0007075456695191024,4.4134201828369094e-07,0.02659973062869439
13,201,0.000667820746533706,4.165630132783247e-07,0.025842227971552802
13,202,0.0006145098372804185,3.833095495091575e-07,0.0247893089310779
13,203,0.0005697375623684139,3.5538218450069587e-07,0.023869175988467092
13,204,0.0005373563106907534,3.351839024877706e-07,0.023180947148267118
13,205,0.0004998958789581043,3.1181740720852925e-07,0.022358351436501403
13,206,0.00046913484037800884,2.926297569460817e-07,0.021659520779047925
13,207,0.0004283045115437692,2.6716123878365996e-07,0.020695519117523223
13,208,0.0004118524509368142,2.5689902399527153e-07,0.020294148194413438
13,209,0.00037878424766586813,2.3627224582202083e-07,0.019462380318601015
13,210,0.0003667542587044891,2.2876836326451165e-07,0.019150829191042593
13,211,0.00036317884926209747,2.265381490359825e-07,0.019057251881163178
13,212,0.0003193456555477682,1.991965497370276e-07,0.017870244977273485
13,213,0.0003012009340537589,1.8787851282387066e-07,0.01735514142995553
13,214,0.0002940897804391054,1.8344282616247163e-07,0.01714904605041066
13,215,0.0002671356481798019,1.6662978971142258e-07,0.016344284878201366
13,216,0.0002566499920329466,1.6008920746176052e-07,0.016020299374011292
13,217,0.00023870825921297868,1.4889778771969172e-07,0.01545018638117284
13,218,0.00023147887592064002,1.4438835355785774e-07,0.015214429858546787
13,219,0.00022622246066414248,1.4110958722774006e-07,0.015040693490133442
13,220,0.0002138892254742025,1.3341655037487496e-07,0.01462495215288592
13,221,0.00021217426083267008,1.3234681595519644e-07,0.014566202690909875
13,222,0.00019995069193286485,1.247221850638273e-07,0.014140392212837126
13,223,0.00018632271656781,1.1622153498307468e-07,0.013650007932884508
13,224,0.00017741111206649352,1.106627905992242e-07,0.013319576272032587
13,225,0.0001740097124724991,1.0854111757305315e-07,0.013191274103455629
13,226,0.000160761162678129,1.0027713977278845e-07,0.012679162538516848
13,227,0.00015852916746392202,9.888489992867044e-08,0.012590836646701522
13,228,0.00014956282794707215,9.329201377381214e-08,0.012229588216578356
13,229,0.00013909451576500683,8.676225007729117e-08,0.011793833802670226
13,230,0.00013157462631468672,8.207160842651231e-08,0.01147059834161613
13,231,0.00012508026111037571,7.802065260808424e-08,0.011183928697482639
13,232,0.00011911035516941652,7.429683596917031e-08,0.010913769063408687
13,233,0.00011360637311482134,7.0863646207408e-08,0.010658629044807843
13,234,0.0001124489230762855,7.01416697215408e-08,0.010604193655167068
13,235,0.00010492605990680953,6.54491731696996e-08,0.010243342223454683
13,236,0.00010122271427418366,6.313915686076498e-08,0.010060949968774503
13,237,9.821771841254323e-05,6.126474649314599e-08,0.00991048527633956
13,238,9.123025266299975e-05,5.690621195686978e-08,0.009551452908484644
13,239,8.76754093264074e-05,5.468882613932907e-08,0.009363514795545922
13,240,8.040995602451885e-05,5.015689277850334e-08,0.00896715986388772
13,241,7.299717126680584e-05,4.5533059255085365e-08,0.008543838204624772
13,242,6.525155574253592e-05,4.070161764559293e-08,0.008077843508173201
13,243,6.47655551457622e-05,4.039846762502539e-08,0.008047704961401244
13,244,6.218558636054653e-05,3.878917414782849e-08,0.007885783813962093
13,245,5.940723160445875e-05,3.7056134503344075e-08,0.007707608682623862
13,246,5.607699758789237e-05,3.49788520528312e-08,0.007488457624096725
13,247,5.41961781458473e-05,3.380566326186092e-08,0.007361805359138973
13,248,5.240009285929793e-05,3.2685328646691685e-08,0.007238790842350532
13,249,5.107212959690575e-05,3.185699202945381e-08,0.007146476726115167
13,250,4.7894594194209826e-05,2.9874957585307116e-08,0.006920592040729596
13,251,4.343356581492806e-05,2.7092325518784542e-08,0.006590414692181977
13,252,4.2566118774136934e-05,2.6551242668263846e-08,0.006524271512907547
13,253,3.926663064458309e-05,2.4493138417000303e-08,0.006266309172438198
13,254,3.8792241772332187e-05,2.419723138039468e-08,0.006228341815630561
13,255,3.581762951908327e-05,2.2341773235406586e-08,0.005984783163915237
13,256,3.216717803485221e-05,2.0064750429525737e-08,0.005671611590619743
13,257,2.8188064965272082e-05,1.7582720125671135e-08,0.0053092433514835315
13,258,2.6037889365617167e-05,1.624151646957212e-08,0.0051027335189697265
13,259,2.3879967912906762e-05,1.4895481223700018e-08,0.004886713406053885
13,260,2.30970004756152e-05,1.4407093768428711e-08,0.004805933881735703
13,261,2.2269748399893242e-05,1.3891083118576738e-08,0.00471908342794374
13,262,2.0596049772472243e-05,1.2847088982160524e-08,0.004538287096743907
13,263,1.8630910536598847e-05,1.1621304479573842e-08,0.004316353847473449
13,264,1.7508047019381914e-05,1.0920901845094476e-08,0.004184261824907939
13,265,1.6558156038289487e-05,1.0328393374185819e-08,0.004069171419133075
13,266,1.5824117962037615e-05,9.870526327539535e-09,0.003977953991945811
13,267,1.3825039310185292e-05,8.623571615038783e-09,0.0037182037746989194
13,268,1.3028989256961571e-05,8.1270236856544e-09,0.0036095691234497187
13,269,1.1077033907462512e-05,6.909462826108635e-09,0.0033282178275260937
13,270,9.980304329456559e-06,6.225361620602635e-09,0.00315916196632217
13,271,9.390428239228397e-06,5.857417733142292e-09,0.0030643805637075167
13,272,7.887511243010351e-06,4.919951151127085e-09,0.0028084713356219876
13,273,7.420257070344687e-06,4.628494488328341e-09,0.0027240148807127847
13,274,7.021855859801969e-06,4.379985873376184e-09,0.0026498784613264753
13,275,6.01664724104671e-06,3.75297221233698e-09,0.0024528854928525935
13,276,5.2497315302388825e-06,3.274597257556397e-09,0.002291229261824072
13,277,4.6894310734450674e-06,2.925101606463333e-09,0.0021655094258499702
13,278,3.058967922441524e-06,1.908076234390637e-09,0.0017489905438399385
13,279,2.4476943157668114e-06,1.526785331321821e-09,0.0015645108870719984
13,280,1.764297964681726e-06,1.1005068056111091e-09,0.0013282687848028825
13,281,6.944602355524552e-07,4.331797863801542e-10,0.0008333428079442788
13,282,5.353763333068725e-07,3.339488624721176e-10,0.0007316941528445287
13,283,2.853738598910801e-07,1.7800614252269995e-10,0.0005342039497149755
13,284,1.9562219162404756e-07,1.220222193305434e-10,0.00044229197553657647
13,285,1.576064553561289e-07,9.830934467974213e-11,0.00039699679514591666
13,286,1.098699879866151e-07,6.853302102714436e-11,0.00033146642060186897
13,287,8.974674693310502e-08,5.598085343773395e-11,0.00029957761420557614
13,288,7.722786533325351e-08,4.8172016906110103e-11,0.0002778990200293148
13,289,5.54898561616137e-08,3.4612613952232104e-11,0.00023556284970600456
13,290,4.520954297471243e-08,2.820011739412413e-11,0.00021262535825886908
13,291,4.160503514635009e-08,2.5951752619352726e-11,0.00020397312358825634
13,292,3.123216839698226e-08,1.948152441533403e-11,0.0001767262527101796
13,293,3.002368233804566e-08,1.8727713461079602e-11,0.00017327343229140945
13,294,2.534774283601611e-08,1.5811027420727204e-11,0.00015920974478974618
13,295,1.9472257692562735e-08,1.2146107143043921e-11,0.00013954303168758637
13,296,1.620852503632122e-08,1.01103058941676e-11,0.00012731270571439922
13,297,1.523281800781548e-08,9.501694283970075e-12,0.00012342130289303983
13,298,1.4132984259509848e-08,8.815656806582025e-12,0.00011888222852684857
13,299,1.1436465615316444e-08,7.133663640576521e-12,0.00010694141206902237
13,300,1.0280086287865382e-29,6.412355026497002e-33,3.2062573645709388e-15
13,301,1.0280086287865382e-29,6.412355026497002e-33,3.2062573645709388e-15
13,302,1.0280086287865382e-29,6.412355026497002e-33,3.2062573645709388e-15
13,303,1.0280085964075144e-29,6.412354824528079e-33,3.20625731407745e-15
14,0,1670.5638849767847,1.0,40.8725321576335
14,1,915.1678956635844,0.5478197534937744,30.251742026924408
14,2,543.3645493750084,0.3252581683714295,23.310181238570593
14,3,531.5341040542397,0.3181764605557879,23.055023401728302
14,4,327.53159514539664,0.19606050273853984,18.097833990436442
14,5,203.78960879935985,0.12198851575328522,14.275489791925175
14,6,152.42451109601166,0.0912413541719357,12.346032200509265
14,7,81.20789706006846,0.048611069466042586,9.011542435125547
14,8,79.55430285987688,0.047621227524012,8.91932188341002
14,9,56.21455675336813,0.033650049099528644,7.497636744559457
14,10,47.387208449025216,0.02836599598205952,6.88383675351364
14,11,29.33273810366209,0.017558585078636318,5.415970652031092
14,12,28.353185218712134,0.016972224452886545,5.324770907627119
14,13,23.689149844210323,0.014180331597758396,4.867150074140957
14,14,19.85868147129775,0.011887412178537381,4.456308053904908
14,15,16.89681095236181,0.010114435673076112,4.1105730686075646
14,16,15.009340891049176,0.008984595576395905,3.8741890623779804
14,17,14.535539611896612,0.00870097800066988,3.8125502766385404
14,18,12.478699331985021,0.007469752844656063,3.5325202521691255
14,19,9.214510090825362,0.00551580826910634,3.035541152879559
14,20,8.201661679535064,0.0049095169321519486,2.863854339790183
14,21,7.364508465020891,0.004408396788203783,2.7137627871685637
14,22,6.221068926126176,0.0037239335664272593,2.49420707362604
14,23,5.837289539043025,0.0034942031199986963,2.4160483312721674
14,24,5.523039010151868,0.0033060926671646678,2.350114680212833
14,25,5.323662880377566,0.0031867460611669737,2.30730641232966
14,26,5.1443629821147,0.003079417092861546,2.2681188201050446
14,27,4.754148323745921,0.002845834491275374,2.1804009548121925
14,28,4.46866111897707,0.002674941772154478,2.1139207929761867
14,29,4.108551956992176,0.002459380328965552,2.0269563283386685
14,30,3.799344023702621,0.0022742883752424822,1.949190607329776
14,31,3.456648110561468,0.0020691505075901384,1.8592063119948437
14,32,3.154849038240933,0.001888493500076338,1.776189471379935
14,33,2.9426587909251958,0.0017614763598017618,1.7154179639158487
14,34,2.7077463840544604,0.0016208577285819208,1.6455231338557537
14,35,2.554187973023445,0.0015289376215977158,1.5981827095246166
14,36,2.4141391867133604,0.0014451043796789064,1.5537500399721187
14,37,2.1852433142926855,0.0013080872476319892,1.478256849905552
14,38,2.1160308705732676,0.0012666566598275727,1.4546583346522535
14,39,1.867752567324419,0.00111803719936779,1.3666574432989487
14,40,1.7145570600398614,0.001026334326665806,1.3094109591873215
14,41,1.608544220264958,0.0009628750116834421,1.2682839667302264
14,42,1.5330521677029119,0.000917685448302515,1.2381648386636215
14,43,1.3622676269084721,0.0008154537753145569,1.1671622110522908
14,44,1.249508599685557,0.0007479561906744566,1.1178142062460814
14,45,1.1785714355338865,0.0007054931847459786,1.0856202998902915
14,46,1.0647707049335602,0.0006373720361782854,1.0318772722245413
14,47,1.0231905177339742,0.0006124821247097612,1.0115288022265971
14,48,0.9823220192947416,0.0005880182303284933,0.9911215966241184
14,49,0.861008982797765,0.000515400213389463,0.9279056971469488
14,50,0.8435153989655242,0.0005049285493067188,0.9184309440374514
14,51,0.8300501404972183,0.0004968682418923196,0.911070875671711
14,52,0.7997741650108863,0.0004787450346575644,0.8943009364922337
14,53,0.7235203885603869,0.00043309950314796936,0.8506000167883768
14,54,0.6880094294369786,0.0004118426332714236,0.8294633382115081
14,55,0.6617978124294637,0.0003961523521374703,0.8135095650509978
14,56,0.5989726175715133,0.00035854517325438116,0.7739332126039774
14,57,0.5914529642038932,0.000354043906684905,0.7690597923464034
14,58,0.5539185941994541,0.00033157582249968953,0.744257075343899
14,59,0.5295251797550907,0.0003169739179190081,0.7276848079732672
14,60,0.4844910946181575,0.0002900165021973346,0.6960539451925817
14,61,0.4653678917166771,0.00027856934769252727,0.6821787828103987
14,62,0.4137427049694973,0.0002476664967381639,0.6432283459001922
14,63,0.3833498263998584,0.0002294733112856595,0.6191525065764156
14,64,0.3680465821584844,0.00022031278508310325,0.6066684285163391
14,65,0.35533947340857325,0.0002127063062981942,0.5961035760743038
14,66,0.32810245577075725,0.000196402220065542,0.572802283314895
14,67,0.32022030467793194,0.0001916839622582778,0.5658801151109057
14,68,0.3104148768330017,0.0001858144304593987,0.5571488821069299
14,69,0.2780825189232416,0.00016646027214164635,0.5273353002817482
14,70,0.2586626281379653,0.00015483552018817878,0.5085888596282515
14,71,0.24709093132079168,0.00014790869929779755,0.49708241904214606
14,72,0.23553458454113688,0.00014099106694408757,0.4853190543767439
14,73,0.22279385900063833,0.00013336446513910745,0.4720104437410663
14,74,0.21099450707120845,0.00012630136983605425,0.45934138401760455
14,75,0.20592630017871005,0.00012326753979933653,0.45379103139959703
14,76,0.20054673778446894,0.00012004733227383033,0.447824449739481
14,77,0.19526662352839946,0.00011688665443112522,0.44188983189070946
14,78,0.1916467187266354,0.00011471977842337868,0.43777473513970105
14,79,0.17783290305702784,0.00010645082457262574,0.4217023868287063
14,80,0.16660607106858943,9.973043986336667e-05,0.4081740695690865
14,81,0.15832144800987466,9.477126222687066e-05,0.3978962779542863
14,82,0.1538473786213291,9.209308306306829e-05,0.3922338315613903
14,83,0.15283106964781837,9.148472023261906e-05,0.39093614523067366
14,84,0.14249959847798185,8.530029875508899e-05,0.37749118993425773
14,85,0.13658373070839652,8.175905868472344e-05,0.3695723619379519
14,86,0.13216149150357087,7.911190508311957e-05,0.36354021992562374
14,87,0.1288284585268505,7.711675062857041e-05,0.35892681500112317
14,88,0.12080445187017913,7.231357804185854e-05,0.3475693482891999
14,89,0.1143136704117637,6.842819447958572e-05,0.33810304703117317
14,90,0.11173881755213971,6.688688685119786e-05,0.33427356693603477
14,91,0.10202770783746608,6.107381391097409e-05,0.31941776381013326
14,92,0.097121204297164,5.813677954525736e-05,0.31164275107430944
14,93,0.09451117262148369,5.657441386792405e-05,0.3074266947118999
14,94,0.09017464931490185,5.3978569826531945e-05,0.3002909411136171
14,95,0.08618817430792222,5.1592264793345484e-05,0.2935782251937671
14,96,0.07913350068136657,4.7369335224474976e-05,0.2813067732589576
14,97,0.07758494989684264,4.6442372299890115e-05,0.27854075087290664
14,98,0.07182671785928794,4.2995493021978085e-05,0.2680050705850319
14,99,0.0704416580575171,4.216639584453606e-05,0.2654084739745834
14,100,0.06650602342147614,3.981052387134561e-05,0.2578876178134114
14,101,0.06413647384168258,3.8392110842605616e-05,0.2532517992861701
14,102,0.061791657799156866,3.698850331606179e-05,0.24857927870029084
14,103,0.05984376780688348,3.5822495832127435e-05,0.24462985878032853
14,104,0.05674073517441235,3.396501964676488e-05,0.23820313846465657
14,105,0.053996199935878106,3.232214009979539e-05,0.23237082419244914
14,106,0.05219929363947857,3.1246511497645575e-05,0.22847164734268138
14,107,0.05059947693080597,3.0288860776796414e-05,0.22494327491793564
14,108,0.04566169466237659,2.733310295583885e-05,0.21368597207672896
14,109,0.044063629042293224,2.6376500437099752e-05,0.209913384619212
14,110,0.041012153825295,2.4549886534788182e-05,0.20251457682175622
14,111,0.03906654586277274,2.3385245074489108e-05,0.197652588808679
14,112,0.034448986433739594,2.0621172733072892e-05,0.1856043815046929
14,113,0.032999645419764224,1.975359680436454e-05,0.18165804529324933
14,114,0.031630897583354925,1.8934263973864423e-05,0.1778507733560777
14,115,0.030849990692900498,1.84668128949341e-05,0.17564165420793695
14,116,0.028564285362497013,1.7098589056888395e-05,0.16900971972788137
14,117,0.028147155392928568,1.6848894942631733e-05,0.16777113992856033
14,118,0.026744481333484203,1.600925386571245e-05,0.1635374004119064
14,119,0.025263784652733833,1.5122908426267646e-05,0.15894585446853854
14,120,0.023874461843114862,1.429125941115783e-05,0.15451362995902615
14,121,0.022333575689184704,1.3368884536549805e-05,0.14944422266914403
14,122,0.021153864882348935,1.2662709323829842e-05,0.1454436828547357
14,123,0.01929251845174663,1.1548506839661946e-05,0.13889751060313008
14,124,0.01848039546017127,1.1062369794033999e-05,0.13594261826289528
14,125,0.018178144134894138,1.0881442067776267e-05,0.13482634807371346
14,126,0.01746786900911866,1.0456271182566243e-05,0.13216606602724718
14,127,0.016689409880041837,9.990285334268294e-06,0.12918749893097953
14,128,0.015335451847461844,9.179805684399167e-06,0.12383639145042076
14,129,0.01485453421618797,8.891928258340385e-06,0.1218791787640037
14,130,0.014507133879309981,8.683974321348136e-06,0.12044556396692234
14,131,0.013887839520830511,8.313264548409358e-06,0.11784667802204062
14,132,0.013670058282161274,8.18290063917624e-06,0.11691902446634284
14,133,0.013099110705753782,7.841131263253556e-06,0.11445134645670964
14,134,0.011740954682561882,7.028138695052085e-06,0.10835568597245777
14,135,0.011002955294481635,6.586372058818056e-06,0.10489497268449825
14,136,0.010401814510004999,6.2265290202592576e-06,0.1019892862510813
14,137,0.009631927784850797,5.765674615301916e-06,0.09814238526167375
14,138,0.009151959484509002,5.478365458999602e-06,0.09566587418985414
14,139,0.008893882749905622,5.323880654842014e-06,0.09430738438693771
14,140,0.008184886457546746,4.899475279666116e-06,0.09047036231577027
14,141,0.007971132075415744,4.7715218478618765e-06,0.08928119665089478
14,142,0.0076531755102716694,4.5811929607098045e-06,0.0874824297231831
14,143,0.007355974213759342,4.403288183056565e-06,0.08576697624237048
14,144,0.00715204498218617,4.2812160890725585e-06,0.08456976399509561
14,145,0.006415481393576429,3.8403089227956005e-06,0.08009670026646809
14,146,0.006295229505186083,3.76832610940441e-06,0.07934248234827344
14,147,0.005850045635150437,3.5018389226292494e-06,0.07648559102962098
14,148,0.005757768074581859,3.4466015495491647e-06,0.07587995831958436
14,149,0.005501652338166443,3.2932905994450474e-06,0.07417312409603928
14,150,0.005293036544522129,3.1684131281191227e-06,0.07275325796500201
14,151,0.005123640283180442,3.0670124795925682e-06,0.07157960801220165
14,152,0.00485270423782216,2.9048300884881133e-06,0.06966135397637746
14,153,0.0047220203686803765,2.8266026885562637e-06,0.06871695837768416
14,154,0.00457025591986296,2.7357564478454357e-06,0.06760366794681306
14,155,0.004464304626390808,2.672333974496789e-06,0.06681545200319165
14,156,0.004218127858139973,2.5249724934635413e-06,0.06494711585697992
14,157,0.004050277219964342,2.424497055388353e-06,0.06364178831525982
14,158,0.003913291693086802,2.3424974814065153e-06,0.06255630817980551
14,159,0.0036736716926840454,2.1990608834065016e-06,0.06061082158067192
14,160,0.0035218857545854052,2.108201779206036e-06,0.05934547796239748
14,161,0.003304227610089372,1.9779115541787794e-06,0.057482411310672867
14,162,0.003233986411758953,1.9358651535818965e-06,0.05686814936112264
14,163,0.003210438539962314,1.9217693910621853e-06,0.05666073190457668
14,164,0.002974525479141817,1.7805517681134074e-06,0.05453921047413335
14,165,0.002943343205700716,1.7618860506742122e-06,0.054252587087628514
14,166,0.002777980153821679,1.6628996824388335e-06,0.05270654754223311
14,167,0.0026263705037894683,1.5721461043233113e-06,0.05124812683200693
14,168,0.0025664648712226935,1.5362865762289352e-06,0.05066028889793951
14,169,0.002457241059066625,1.4709051722980187e-06,0.049570566459004935
14,170,0.002264888849667106,1.355763086964244e-06,0.04759084838145992
14,171,0.0021970657936794644,1.3151641870373585e-06,0.04687286841744875
14,172,0.0020557227120663506,1.2305561795949626e-06,0.04534007843030657
14,173,0.002007002967902851,1.2013925273685308e-06,0.04479958669343782
14,174,0.0019023880133524774,1.138769986865192e-06,0.043616373225572956
14,175,0.0019009775076028264,1.137925657736366e-06,0.043600200774799494
14,176,0.001736348261233912,1.0393785456807247e-06,0.04166951237096388
14,177,0.0016795919511388721,1.0054042028821979e-06,0.04098282507513205
14,178,0.00162074176591432,9.70176465856523e-07,0.040258437201589434
14,179,0.0015535756381697277,9.299708033562076e-07,0.03941542386134808
14,180,0.0014851430788463075,8.89007054565259e-07,0.03853755413679373
14,181,0.001395437124604115,8.353090457378749e-07,0.03735555011780867
14,182,0.0013422525374344595,8.034727372626713e-07,0.03663676483308071
14,183,0.0012666627208313868,7.582246522999562e-07,0.03559020540586113
14,184,0.0011999091837109508,7.182659666604882e-07,0.034639705306352575
14,185,0.0011461268251126647,6.860718320440599e-07,0.03385449490263685
14,186,0.0011028784433087862,6.601833388276035e-07,0.033209613718150746
14,187,0.0010375735648927807,6.210918206861628e-07,0.03221138874517491
14,188,0.0010225122879854616,6.120761361961749e-07,0.031976746050614055
14,189,0.0009693653762761754,5.802623802618876e-07,0.031134633067954654
14,190,0.000947717938144614,5.673042178556279e-07,0.03078502782432743
14,191,0.000902066207279014,5.399770792312739e-07,0.030034417045766246
14,192,0.0008455342577774576,5.061370387455777e-07,0.02907807176855882
14,193,0.0008253287721110122,4.940420294806514e-07,0.028728535850457333
14,194,0.0007961876843502468,4.7659816634986763e-07,0.028216797911000582
14,195,0.0007892076640190643,4.7241992426409464e-07,0.028092840084602774
14,196,0.0007114221288274671,4.258574815517178e-07,0.02667249761134992
14,197,0.0006954233540876258,4.1628061060190453e-07,0.02637088079847971
14,198,0.0006681655576849262,3.9996408619489073e-07,0.02584889857779101
14,199,0.0006169814854773587,3.6932528652499434e-07,0.024839112010644798
14,200,0.0005716397950020544,3.421837381633557e-07,0.02390898983650406
14,201,0.00055768458816861,3.3383014752312805e-07,0.02361534645455387
14,202,0.0005136898910010754,3.0749490972517585e-07,0.022664727904854173
14,203,0.0005078783927717404,3.0401614529024625e-07,0.02253615745356205
14,204,0.0004550614017880155,2.723998799928201e-07,0.02133216823925818
14,205,0.00043440743890608014,2.60036412143626e-07,0.02084244320865671
14,206,0.00041562727248338846,2.487945993691611e-07,0.02038693877175748
14,207,0.00039172075508059454,2.3448415149118235e-07,0.019791936617738915
14,208,0.00038787355884551127,2.3218121876907535e-07,0.01969450580353595
14,209,0.0003528148923815793,2.111950914026148e-07,0.018783367439880936
14,210,0.00034417289189937213,2.060219875423411e-07,0.018551897258754214
14,211,0.00031313019091593584,1.874398182146068e-07,0.01769548504325145
14,212,0.0003068144141730567,1.8365919252308056e-07,0.017516118696019867
14,213,0.0003021679119090913,1.8087779499273112e-07,0.017382977647948907
14,214,0.00027381997051933137,1.639087094972944e-07,0.016547506474370432
14,215,0.0002709190726270441,1.6217223122287774e-07,0.016459619455717805
14,216,0.0002575447666610695,1.5416636800133417e-07,0.016048201352832955
14,217,0.00024466025963864777,1.464536985618169e-07,0.015641619469819863
14,218,0.00023455125370320108,1.404024448346437e-07,0.015315066232413136
14,219,0.00022697085965499425,1.3586481887709932e-07,0.01506555208596732
14,220,0.00022257300042292303,1.3323225913387686e-07,0.014918880669236651
14,221,0.0002115456307589972,1.2663127262680946e-07,0.014544608305451102
14,222,0.00020598566573303513,1.233030760364472e-07,0.01435220072786871
14,223,0.00020017909004396182,1.198272582354692e-07,0.01414846599614113
14,224,0.00018632976058498085,1.1153704582065128e-07,0.013650265952902927
14,225,0.00017531601884206185,1.0494421699083849e-07,0.013240695557336172
14,226,0.0001696151519230636,1.0153167648863706e-07,0.013023638198409213
14,227,0.00016701990438314066,9.997816059902533e-08,0.012923618084079267
14,228,0.00016113118175698738,9.645316961896765e-08,0.012693745773292743
14,229,0.0001485241442330935,8.890659349741508e-08,0.012187048216573753
14,230,0.00014476488654519167,8.665630081378385e-08,0.012031828063315719
14,231,0.0001363942412952875,8.16456302700348e-08,0.01167879451378812
14,232,0.00012874605096272599,7.706742143807037e-08,0.011346631701202167
14,233,0.00012686142829682919,7.593928579306749e-08,0.011263277866448523
14,234,0.00011081076619663095,6.633135505510515e-08,0.010526669283141318
14,235,0.00010714926575757868,6.413957988746278e-08,0.010351292951007554
14,236,0.0001007655518200098,6.031828697255126e-08,0.01003820461138394
14,237,9.56788604721632e-05,5.727339213578942e-08,0.009781557159888358
14,238,9.539917119259596e-05,5.710597005628533e-08,0.009767249929872582
14,239,9.153611206773076e-05,5.479354180400159e-08,0.009567450656665586
14,240,8.693666993616886e-05,5.20403144818236e-08,0.009323983587296197
14,241,8.616709621611449e-05,5.1579647441804913e-08,0.009282623347745749
14,242,8.155570073585855e-05,4.881926484181831e-08,0.009030819494146617
14,243,7.473683223921698e-05,4.473748828842638e-08,0.00864504668808775
14,244,7.276698505286174e-05,4.3558337222088906e-08,0.00853035667793919
14,245,7.154083678714081e-05,4.2824364533736454e-08,0.00845818164779764
14,246,6.607046558345823e-05,3.9549798829977934e-08,0.008128374104546261
14,247,6.471511274383763e-05,3.873848424823152e-08,0.008044570389016285
14,248,6.106135176933606e-05,3.655134192619315e-08,0.007814176333391515
14,249,5.9669859430475876e-05,3.571839423028416e-08,0.0077246268149649714
14,250,5.441442202781369e-05,3.2572487958800727e-08,0.007376613181387085
14,251,5.24311876962667e-05,3.138532334367764e-08,0.007240938316010343
14,252,4.789785204935676e-05,2.867166738135392e-08,0.006920827410747703
14,253,4.709072655956577e-05,2.8188521841665562e-08,0.006862268324655177
14,254,4.3642773524841687e-05,2.612457620885787e-08,0.006606267745470334
14,255,4.328823834582574e-05,2.5912351353403824e-08,0.006579379784282538
14,256,4.172606416731379e-05,2.4977233461439066e-08,0.006459571515767419
14,257,3.831243149302627e-05,2.293383200580724e-08,0.006189703667626284
14,258,3.8177652782648923e-05,2.2853153432788035e-08,0.006178806744238641
14,259,3.4623076693862324e-05,2.0725383210557953e-08,0.005884137718804882
14,260,3.382022933861026e-05,2.0244798563378645e-08,0.005815516257273318
14,261,3.287498272572787e-05,1.9678973681503193e-08,0.005733670964201545
14,262,3.142133205463823e-05,1.8808817990863537e-08,0.005605473401474511
14,263,2.7585890293800803e-05,1.6512921500265856e-08,0.0052522271746184785
14,264,2.547795202978001e-05,1.5251109076941446e-08,0.0050475689227369655
14,265,2.3024526680563574e-05,1.3782487989606898e-08,0.0047983879251852464
14,266,2.2193644707061184e-05,1.3285121812249402e-08,0.004711013129578518
14,267,2.136785624373046e-05,1.2790804611478478e-08,0.004622537857468607
14,268,2.0724835872898648e-05,1.2405892441034456e-08,0.004552453829848101
14,269,1.7356908698059122e-05,1.038985030991516e-08,0.004166162346579778
14,270,1.5825425097865544e-05,9.473103806554195e-09,0.0039781182860575606
14,271,1.511162588623717e-05,9.045823402585512e-09,0.0038873674750706513
14,272,1.3843998771595713e-05,8.287021463886188e-09,0.0037207524469649567
14,273,1.2770077972140403e-05,7.644172178616123e-09,0.0035735245867547076
14,274,8.965461668044222e-06,5.366727814883184e-09,0.002994238078049944
14,275,7.98016466411779e-06,4.776928757937735e-09,0.0028249185234476746
14,276,6.878134982932958e-06,4.117253488350457e-09,0.0026226198700789556
14,277,5.540311380909655e-06,3.3164319130403366e-09,0.0023537866047944225
14,278,5.099564784027056e-06,3.0526008791923113e-09,0.002258221597635417
14,279,4.440550602854652e-06,2.6581148094892285e-09,0.0021072613987957573
14,280,2.6631208773075435e-06,1.5941448879966371e-09,0.0016319071288855697
14,281,1.1243887800858207e-06,6.730594323254186e-10,0.001060372000802464
14,282,8.019884698964158e-07,4.800705181697141e-10,0.0008955380895843659
14,283,2.833685885344869e-07,1.6962451486159403e-10,0.000532323762887293
14,284,2.274616806766792e-07,1.3615862447537597e-10,0.0004769294294512336
14,285,1.9511930636034694e-07,1.1679847033390072e-10,0.0004417231105119438
14,286,1.1074428603755831e-07,6.629156001364011e-11,0.0003327826408296537
14,287,8.580549798248938e-08,5.136319463992351e-11,0.00029292575506856576
14,288,6.437798350384724e-08,3.853667859265489e-11,0.0002537281685265695
14,289,4.7064593373694404e-08,2.817287850943123e-11,0.0002169437562450102
14,290,2.9123839722357124e-08,1.7433538450259176e-11,0.00017065708225080236
14,291,2.406533208677133e-08,1.4405514391391118e-11,0.0001551300489485236
14,292,2.141952882538387e-08,1.2821735833036719e-11,0.00014635412131328544
14,293,1.73909121614466e-08,1.0410204792430476e-11,0.0001318746077205411
14,294,1.2648455099989602e-08,7.571368693969685e-12,0.00011246535066405831
14,295,1.0656602966109188e-08,6.3790454600048284e-12,0.00010323082372096615
14,296,9.800533671415343e-09,5.866602145269971e-12,9.899764477711247e-05
14,297,8.503640139297173e-09,5.090281321037504e-12,9.221518388691296e-05
14,298,7.183663624318638e-09,4.300143016930159e-12,8.475649605970411e-05
14,299,5.5272728791248786e-09,3.308627062293813e-12,7.434563120402489e-05
14,300,1.05216215813709e-29,6.298245566057544e-33,3.2437049158903003e-15
14,301,1.05216215813709e-29,6.298245566057544e-33,3.2437049158903003e-15
14,302,1.05216215813709e-29,6.298245566057544e-33,3.2437049158903003e-15
14,303,1.0521621397720325e-29,6.298245456124259e-33,3.243704887581533e-15
15,0,1569.9613145171052,1.0,39.622737342555034
15,1,896.4282659810445,0.5709874872023655,29.940411920697493
15,2,550.151752462846,0.3504237635511827,23.455313949355826
15,3,377.82357571210525,0.2406578889673582,19.437684422587616
15,4,349.7627309599614,0.2227842990306693,18.701944576967428
15,5,136.85305361513156,0.087169697972606,11.698420988113376
15,6,109.71880805330316,0.06988631314590761,10.474674603695485
15,7,70.4286481879866,0.044860116957499245,8.39217779768676
15,8,59.683527804013146,0.038015922591297,7.725511491416808
15,9,45.44895030471287,0.028949089308415367,6.741583664445089
15,10,29.839409507703785,0.019006461644490845,5.46254606458415
15,11,29.16362088753076,0.018576012426459707,5.400335256956809
15,12,25.955328856099158,0.0165324639633446,5.094637264428073
15,13,19.975802905254294,0.012723754859780433,4.469429818808468
15,14,17.390088781366995,0.011076762605909118,4.170142537296177
15,15,13.45098217970357,0.00856771568530074,3.667558067666219
15,16,12.886876325757019,0.008208403740012419,3.589829567786891
15,17,10.659227860659168,0.006789484404549023,3.264847295151669
15,18,9.329208241870983,0.005942317275977273,3.0543752621233335
15,19,8.78953037444362,0.005598564941166807,2.9647142146324357
15,20,8.296144391229477,0.005284298609473214,2.8803028297784032
15,21,7.793744432332364,0.0049642907505205594,2.7917278578565576
15,22,7.323896823719356,0.004665017383547485,2.706269909620871
15,23,5.913428571733132,0.0037666078246979015,2.4317542169662483
15,24,5.5128658736413145,0.003511466061402273,2.3479492911136974
15,25,5.348442761537445,0.00340673538391138,2.31267005029629
15,26,3.946954187284704,0.0025140455059548543,1.9866942863170227
15,27,3.451721892556681,0.0021986031506887,1.857881022174639
15,28,3.314495731360127,0.002111195798719163,1.8205756593341917
15,29,3.224399605071052,0.0020538083169666034,1.7956613280546674
15,30,2.9839926170205175,0.0019006790736995616,1.7274236935449616
15,31,2.761232427012013,0.001758790106150688,1.6616956481293477
15,32,2.4247851298527583,0.001544487184130765,1.5571721580649835
15,33,2.281815302562235,0.001453421355967669,1.5105678741990494
15,34,2.0536503941265782,0.0013080898077786382,1.4330563122664015
15,35,1.9518004947387066,0.001243215661870655,1.397068536163744
15,36,1.9082388582550744,0.0012154687128975647,1.3813901904440593
15,37,1.716556095648611,0.0010933747728533018,1.3101740707435066
15,38,1.7028714817856396,0.0010846582435118254,1.304941179435165
15,39,1.4265559740975855,0.0009086567681041053,1.1943851866536128
15,40,1.2870854125041455,0.000819819826515937,1.1344978680033495
15,41,1.2153937209935055,0.0007741552035422867,1.1024489652557643
15,42,1.1913419261201201,0.0007588352114819834,1.0914861089909116
15,43,1.0885021060601685,0.0006933305273161932,1.043313043175522
15,44,1.0314030825109013,0.0006569608263424913,1.015580170400595
15,45,1.0152118442332874,0.000646647681599435,1.007577215022892
15,46,0.9710055437150868,0.0006184901084736298,0.9853961354273147
15,47,0.863156439059241,0.0005497947185563193,0.9290621287401833
15,48,0.8309811761341597,0.0005293004155263253,0.9115816892271146
15,49,0.8172641214842971,0.0005205632227541061,0.9040266154734036
15,50,0.7520598883642196,0.00047903084070293866,0.8672138654128055
15,51,0.7142057644738792,0.0004549193396485425,0.8451069544583568
15,52,0.67087338111711,0.0004273184153734768,0.8190686058671215
15,53,0.657031811511111,0.0004185019117577451,0.8105749882096727
15,54,0.6126638762598711,0.00039024138403583313,0.7827284818248733
15,55,0.5270803483244051,0.00033572823957546145,0.7260029947076011
15,56,0.4889523171818302,0.00031144227100412603,0.6992512546873478
15,57,0.4768953837051992,0.00030376250630856117,0.6905761244824492
15,58,0.45224861040663095,0.0002880635377603144,0.672494319980943
15,59,0.42894805654500995,0.0002732220549504097,0.6549412619044627
15,60,0.37169399944903064,0.00023675360406148462,0.6096671218370158
15,61,0.3668197406053626,0.00023364890409302246,0.6056564542753281
15,62,0.34016515697897376,0.00021667104395091613,0.5832367932315088
15,63,0.3371270952216917,0.0002147359250857634,0.5806264678962644
15,64,0.3116550452852224,0.00019851128967536533,0.5582607323511322
15,65,0.2969190876387087,0.0001891250981111189,0.5449028240326056
15,66,0.28628458078352886,0.000182351359957927,0.535055680077811
15,67,0.2688682171199673,0.00017125786134588087,0.5185250400125024
15,68,0.26214807187697564,0.0001669774085851333,0.5120039764269176
15,69,0.2459899888674829,0.00015668538236761933,0.49597377840716833
15,70,0.22711081203559708,0.00014466013266413045,0.47656144623290403
15,71,0.2188569920037564,0.00013940279290962867,0.46782153862745185
15,72,0.20020942402279923,0.00012752506840232585,0.44744767741357117
15,73,0.1933336534801616,0.0001231454888043709,0.4396972293296395
15,74,0.18385164557105096,0.00011710584450139828,0.428779250397044
15,75,0.18243572477287182,0.00011620396189761282,0.4271249521777811
15,76,0.17145137112292277,0.00010920738590024332,0.41406686793671715
15,77,0.1670426188507468,0.0001063991942388252,0.40870847660740633
15,78,0.15999304243435716,0.00010190890753481302,0.3999913029483981
15,79,0.15192658620286748,9.677091072119675e-05,0.38977761121294213
15,80,0.14674412060712055,9.346989588227954e-05,0.38307195225847657
15,81,0.13998343497065682,8.916362057858316e-05,0.374143602070992
15,82,0.129902458072988,8.274245796492374e-05,0.36041983584840054
15,83,0.12204020509247418,7.773453012121625e-05,0.3493425326130132
15,84,0.12026268736254786,7.660232532515537e-05,0.34678911079004177
15,85,0.11968775092375276,7.62361147481948e-05,0.34595917522700964
15,86,0.1090113669860847,6.943570263679704e-05,0.33016869473965077
15,87,0.10474996942509314,6.672136979204009e-05,0.3236509994192713
15,88,0.09928434194287174,6.323999261944235e-05,0.31509417948110646
15,89,0.09476289750508604,6.036002073989548e-05,0.30783582881965843
15,90,0.09097569283766577,5.7947729027736216e-05,0.30162177115995087
15,91,0.08682407539886881,5.53033215506807e-05,0.2946592530345328
15,92,0.08408142223945939,5.355636566453962e-05,0.28996796760928506
15,93,0.08330284976421026,5.306044740970759e-05,0.2886223306748982
15,94,0.0775232068565337,4.937905548352864e-05,0.2784298957664814
15,95,0.0753282100553539,4.798093389869523e-05,0.2744598514452595
15,96,0.0701904895043761,4.47084197905638e-05,0.2649348778556272
15,97,0.06692954493214061,4.263133385087712e-05,0.25870745047667376
15,98,0.06376869860306303,4.0618006325001236e-05,0.25252464949597103
15,99,0.06199762047067818,3.9489903284494404e-05,0.248993213704065
15,100,0.06059848471182898,3.8598712052002436e-05,0.24616759476387012
15,101,0.057127800630749605,3.6388030776618976e-05,0.2390142268375454
15,102,0.053164039452517964,3.386327991710443e-05,0.23057328434256638
15,103,0.051284295714511416,3.26659614095559e-05,0.22646036234739053
15,104,0.050286393398261506,3.20303391766878e-05,0.22424627844907818
15,105,0.04556840945191491,2.902517981210959e-05,0.21346758407757116
15,106,0.04418457209226168,2.8143733023034485e-05,0.21020126567711642
15,107,0.04060484841119051,2.5863598061764923e-05,0.20150644756729377
15,108,0.03910032637064861,2.4905280155056075e-05,0.19773802459478704
15,109,0.03814571797414351,2.4297234346743455e-05,0.1953092879873958
15,110,0.03628910741403009,2.3114650710480744e-05,0.19049700106308784
15,111,0.03504177967079373,2.2320154864180216e-05,0.18719449690307066
15,112,0.03330760407113862,2.121555720077313e-05,0.18250370974623673
15,113,0.032068378073404236,2.0426221829082427e-05,0.17907645873593836
15,114,0.02941118716302101,1.873370183778536e-05,0.17149690132192189
15,115,0.029119455795700556,1.854788110155264e-05,0.17064423751097063
15,116,0.027956105369939848,1.7806875310515975e-05,0.16720079356851106
15,117,0.027524058739399185,1.753167959292369e-05,0.16590376348774968
15,118,0.025824324175609526,1.6449019435585693e-05,0.16069948405520637
15,119,0.023831435177516184,1.517963210758881e-05,0.15437433458161426
15,120,0.022869305933575095,1.4566795832551661e-05,0.15122600944802814
15,121,0.021248476071263345,1.3534394685259511e-05,0.14576857024497203
15,122,0.018540244783593954,1.1809364098437442e-05,0.1361625674831154
15,123,0.017709456006142238,1.1280186232862292e-05,0.13307688005864218
15,124,0.01699572460823858,1.0825569044971145e-05,0.1303676516941169
15,125,0.016683801752312186,1.0626887171066285e-05,0.1291657917264172
15,126,0.015456267453965356,9.844998925161067e-06,0.12432323778749231
15,127,0.015184729824263003,9.67204075912761e-06,0.12322633575767399
15,128,0.014682182770516135,9.351939206879208e-06,0.12117005723575497
15,129,0.01396225439260616,8.893374800703751e-06,0.11816198370290742
15,130,0.013182439743318172,8.396665332720557e-06,0.11481480628959913
15,131,0.012535097042178074,7.98433498091236e-06,0.11196024759787768
15,132,0.01183666981064174,7.539465909886136e-06,0.10879646046927142
15,133,0.011151101017520489,7.102787128834692e-06,0.10559877375007955
15,134,0.010648820050299894,6.782855062626368e-06,0.10319312016941776
15,135,0.010042693332739591,6.396777576540835e-06,0.10021323930868412
15,136,0.009641078369310337,6.140965564030969e-06,0.09818899311689848
15,137,0.00937525896346265,5.971649668543794e-06,0.09682592092752153
15,138,0.008785418485713807,5.595945839223472e-06,0.09373056324227337
15,139,0.008093654318300987,5.1553208626611694e-06,0.08996473930546893
15,140,0.007921400509975834,5.045602357668494e-06,0.0890022500276023
15,141,0.007431400293136475,4.7334926182064895e-06,0.0862055699658466
15,142,0.007426910157963679,4.7306325890253394e-06,0.08617952284599677
15,143,0.007272468193919126,4.632259487333942e-06,0.08527876754456015
15,144,0.006909564044775636,4.401104651996413e-06,0.08312378747852889
15,145,0.006317801092475583,4.024176286419413e-06,0.07948459657364805
15,146,0.0061973181972821215,3.947433697873197e-06,0.07872304743391303
15,147,0.00601142611616945,3.829028180874934e-06,0.07753338710626184
15,148,0.0059198850053749875,3.770720304147016e-06,0.07694078895732086
15,149,0.00571011273673282,3.637104101822508e-06,0.07556528790875358
15,150,0.00549676310707918,3.5012092694589073e-06,0.07414015853152177
15,151,0.00504032766060562,3.210478891421566e-06,0.07099526505764747
15,152,0.004639321230836284,2.9550544895198676e-06,0.0681125629442637
15,153,0.004422984630515118,2.817257081188371e-06,0.0665055233083322
15,154,0.00412343086587816,2.6264538035107325e-06,0.06421394603883303
15,155,0.004076539361466542,2.5965858672896153e-06,0.06384778274510824
15,156,0.0036833645254749138,2.3461498645957766e-06,0.060690728496821604
15,157,0.0035384158594438265,2.253823598533819e-06,0.05948458505733924
15,158,0.0035015122735901263,2.23031755063795e-06,0.05917357749528185
15,159,0.003334950935009972,2.1242249118958383e-06,0.05774903406127216
15,160,0.0031776105691700405,2.024005648920988e-06,0.056370298643612315
15,161,0.0029280794447905335,1.8650647106493598e-06,0.054111731119883176
15,162,0.0028345259206871724,1.805475010420258e-06,0.0532402659712287
15,163,0.0027579124912917516,1.756675445305505e-06,0.052515830863576286
15,164,0.002696631095651874,1.7176417474218557e-06,0.05192909681143967
15,165,0.0025426476732436348,1.619560717663742e-06,0.050424673258670054
15,166,0.0023731435853429914,1.5115936701108664e-06,0.04871492158818478
15,167,0.0020724582011525886,1.320069597886903e-06,0.045524259479453245
15,168,0.0020423865725293336,1.3009152223330668e-06,0.04519277124197335
15,169,0.0019152184851610784,1.219914444675453e-06,0.04376320926487314
15,170,0.0018393922075311535,1.171616262466264e-06,0.0428881359764114
15,171,0.0017546815413872917,1.1176590946299869e-06,0.041888919076377366
15,172,0.001674537892010064,1.0666109263495609e-06,0.04092111792229122
15,173,0.0016458878559818034,1.0483620460979652e-06,0.04056954345296239
15,174,0.001483877057949506,9.451679122462471e-07,0.03852112482715823
15,175,0.0014556078545855098,9.271616065477584e-07,0.03815242920949477
15,176,0.001404563564715569,8.946485188697724e-07,0.03747750745067725
15,177,0.001382635699140968,8.806813813538103e-07,0.037183809637273156
15,178,0.0013308670212031526,8.477068886327978e-07,0.03648105016584847
15,179,0.0012706869168628153,8.093746674602986e-07,0.035646695735549114
15,180,0.0011884771894570528,7.570104934863374e-07,0.03447429751941369
15,181,0.0011483712678708971,7.314646910418411e-07,0.033887627061671005
15,182,0.0010646320362759493,6.781262865724898e-07,0.03262869957990893
15,183,0.0010440407356812995,6.650104853076775e-07,0.03231161920550098
15,184,0.0010228664386381428,6.515233395752557e-07,0.031982283199267415
15,185,0.0009592688136577639,6.110143000261249e-07,0.030972065053169507
15,186,0.0009356502551581791,5.959702615003415e-07,0.0305884006636205
15,187,0.0008763174910498804,5.581777607809537e-07,0.029602660202250074
15,188,0.0008379480281716071,5.337380102447597e-07,0.028947331969831125
15,189,0.0008039798551672429,5.121016981329467e-07,0.028354538528553817
15,190,0.0007896557451805268,5.029778363828106e-07,0.02810081395939496
15,191,0.0007472373943212401,4.759591127575512e-07,0.027335643294446908
15,192,0.000718536391844207,4.5767776899981594e-07,0.026805529128226643
15,193,0.0006894914264844647,4.391773352049386e-07,0.02625816875725466
15,194,0.000648129791517965,4.128316956123975e-07,0.025458393341253195
15,195,0.0005818349010647299,3.706046102439747e-07,0.024121254135403697
15,196,0.0005640576738545859,3.5928125657547236e-07,0.02374989839672132
15,197,0.000550619669719808,3.507218073645144e-07,0.023465286482798543
15,198,0.0004959787192024737,3.159177965827959e-07,0.022270579678186953
15,199,0.00047468102511868634,3.023520520725e-07,0.021787175703121466
15,200,0.00045076072821980805,2.8711581874770893e-07,0.021231126400165584
15,201,0.00043716942059912855,2.7845872159824194e-07,0.020908596810860564
15,202,0.00043195454179910685,2.7513706089756046e-07,0.02078351610770196
15,203,0.0004048108170195242,2.578476382037716e-07,0.020119910959532705
15,204,0.00037251235228068566,2.3727486074729456e-07,0.019300579065942184
15,205,0.0003492991807462974,2.2248903684211875e-07,0.018689547366009092
15,206,0.00033289941842175465,2.1204307096200595e-07,0.018245531464491645
15,207,0.0003177398039216717,2.0238702761883233e-07,0.017825257471399163
15,208,0.00029558950742818044,1.882782108673162e-07,0.01719271669714186
15,209,0.00027954876319101816,1.7806092456297424e-07,0.01671971181542966
15,210,0.0002679821320790459,1.7069346206245398e-07,0.01637015980615479
15,211,0.00024412950295589527,1.5550033029379808e-07,0.01562464409053516
15,212,0.0002386484188228588,1.520091078780901e-07,0.015448249700948609
15,213,0.00023108654181073208,1.4719250702162083e-07,0.015201530903521924
15,214,0.00022173402797864283,1.4123534505488415e-07,0.014890736314186845
15,215,0.00020884942928698193,1.3302839207297325e-07,0.014451623759528959
15,216,0.00019672513839839853,1.253057235100777e-07,0.014025873890720625
15,217,0.00018344442968561847,1.1684646493473823e-07,0.013544165891099328
15,218,0.00017066589041877237,1.0870706739119011e-07,0.013063915585258976
15,219,0.0001638020283384411,1.0433507298797612e-07,0.012798516646019612
15,220,0.00015128398459755303,9.63616002500581e-08,0.012299755469014538
15,221,0.00014494079169068749,9.232125043493123e-08,0.012039135836541072
15,222,0.00014287523055924841,9.100557398332744e-08,0.011953042732260619
15,223,0.00014096476068352386,8.978868420517887e-08,0.011872858151410884
15,224,0.00012323084725122778,7.849291961001702e-08,0.011100939025651289
15,225,0.00011443430416035753,7.28898878604252e-08,0.010697397074071689
15,226,0.00010711877321844579,6.823019919531826e-08,0.010349819960677856
15,227,0.00010485824092977208,6.679033423318764e-08,0.010240031295351205
15,228,9.66402552168165e-05,6.15558194480362e-08,0.00983057756272827
15,229,9.253439380893675e-05,5.8940556657855506e-08,0.009619479913640693
15,230,8.84523407511749e-05,5.634045879556046e-08,0.009404910459498001
15,231,8.517435423740323e-05,5.425251784856972e-08,0.009228995299457208
15,232,8.032476303999553e-05,5.116353014386353e-08,0.008962408328122276
15,233,7.413741559011358e-05,4.722244739700293e-08,0.008610308681465118
15,234,6.94700723164665e-05,4.42495440327677e-08,0.008334870863814658
15,235,6.827977252936794e-05,4.349137262045829e-08,0.008263157539909785
15,236,6.484735473292421e-05,4.130506537536577e-08,0.008052785526320952
15,237,6.417864182920694e-05,4.087912309415551e-08,0.008011157333944138
15,238,6.202426083163402e-05,3.9506872085387456e-08,0.007875548287683469
15,239,5.731303514708256e-05,3.6506017452226925e-08,0.007570537309008031
15,240,5.5041780799922876e-05,3.505932298519906e-08,0.0074190148132971725
15,241,5.3015009804999985e-05,3.3768354235726214e-08,0.007281140693943497
15,242,5.0803699697900844e-05,3.2359841754143634e-08,0.007127671407823234
15,243,4.817654662685611e-05,3.068645461603265e-08,0.006940932691422394
15,244,4.4412772240736406e-05,2.8289087017661362e-08,0.006664290828042876
15,245,4.197870856263505e-05,2.6738689784561365e-08,0.006479097820116243
15,246,3.8068266525490556e-05,2.4247900998248317e-08,0.006169948664737054
15,247,3.7661015363043314e-05,2.398849896159845e-08,0.006136857124216215
15,248,3.6007306117313e-05,2.293515501583443e-08,0.006000608812221723
15,249,3.402681583130697e-05,2.1673665151279904e-08,0.005833250880195963
15,250,3.381440349349148e-05,2.1538367334797828e-08,0.005815015347657431
15,251,3.216401611664455e-05,2.0487139281223427e-08,0.00567133283423258
15,252,3.1253605014661404e-05,1.9907245309591918e-08,0.005590492376764448
15,253,2.994752663296698e-05,1.907532775237736e-08,0.005472433337462137
15,254,2.8588382919025103e-05,1.8209609787626156e-08,0.005346810537042163
15,255,2.6896410677969816e-05,1.713189390672516e-08,0.005186174956359438
15,256,2.5732662016745026e-05,1.6390634456276383e-08,0.005072737132628205
15,257,2.322438956979181e-05,1.4792969326722079e-08,0.004819168970869543
15,258,2.2485262882008265e-05,1.4322176396381059e-08,0.0047418628071685355
15,259,2.1495747435675625e-05,1.369189625050562e-08,0.00463635065926593
15,260,2.0213288578311947e-05,1.2875023347011088e-08,0.00449591910273216
15,261,1.93596295077886e-05,1.2331278056837541e-08,0.0043999578984109155
15,262,1.705856139385443e-05,1.0865593461518743e-08,0.004130201132372905
15,263,1.558867315334019e-05,9.929335843625557e-09,0.003948249378311885
15,264,1.4765263121573627e-05,9.404857931875337e-09,0.0038425594493219787
15,265,1.372813342023624e-05,8.744249487738998e-09,0.0037051495813578486
15,266,1.286973306147248e-05,8.197484194335706e-09,0.0035874410185357027
15,267,1.1884097753526868e-05,7.569675535082993e-09,0.0034473319761123772
15,268,1.095811202151947e-05,6.979861172496476e-09,0.0033103039167906427
15,269,1.0009731470293602e-05,6.375782242362089e-09,0.0031638159665653125
15,270,9.778471294035594e-06,6.22847913742594e-09,0.003127054731538224
15,271,9.251549629402502e-06,5.892851972755857e-09,0.003041636011984751
15,272,9.13442742893987e-06,5.818250006847763e-09,0.0030223215297085567
15,273,8.477956010602934e-06,5.40010504221285e-09,0.0029116929801410955
15,274,6.806847891491436e-06,4.33567873841854e-09,0.0026089936549350662
15,275,6.141306776605877e-06,3.911756754652801e-09,0.002478166010703455
15,276,4.913187366190741e-06,3.129495816718234e-09,0.0022165710830448775
15,277,4.4467098227904515e-06,2.832369040990152e-09,0.0021087223199820434
15,278,2.97573890070734e-06,1.8954218000095306e-09,0.0017250330143818524
15,279,2.3978917604172325e-06,1.5273572273688703e-09,0.0015485127575894338
15,280,1.5938692855788633e-06,1.015228382279669e-09,0.0012624853605404157
15,281,6.736848892896639e-07,4.2910922903656295e-10,0.0008207830951534418
15,282,5.706718963411287e-07,3.6349424094991676e-10,0.0007554282866964466
15,283,2.7805222123143046e-07,1.7710768963562319e-10,0.00052730657233855
15,284,1.5721605684305797e-07,1.0014008331881419e-10,0.00039650480052965054
15,285,1.503344550360883e-07,9.575678944823475e-11,0.00038772987379887084
15,286,7.404381655400004e-08,4.716282870751801e-11,0.0002721099346844948
15,287,5.7641188675328774e-08,3.6715037588718085e-11,0.00024008579440551824
15,288,5.310158546522967e-08,3.382349932715563e-11,0.0002304378125769069
15,289,3.9849352396064594e-08,2.538237855136043e-11,0.00019962302571613474
15,290,2.987648628489267e-08,1.9030078008057283e-11,0.0001728481596225215
15,291,2.288519661529312e-08,1.45769175352784e-11,0.00015127853983725888
15,292,2.1772008787454394e-08,1.386786323085363e-11,0.00014755340994858233
15,293,1.812402061771084e-08,1.1544246632144244e-11,0.00013462548279471773
15,294,1.383618109785362e-08,8.813071360366231e-12,0.00011762729741796171
15,295,1.166038829878835e-08,7.427181925418907e-12,0.000107983277866475
15,296,8.659366216718056e-09,5.515655791417725e-12,9.305571565851319e-05
15,297,5.732929012471972e-09,3.6516371196288545e-12,7.571610801191496e-05
15,298,4.894912838156559e-09,3.1178557031274085e-12,6.996365369358979e-05
15,299,4.471090833884946e-09,2.8478987300780602e-12,6.686621593813236e-05
15,300,1.0939240228683409e-29,6.967840626090931e-33,3.3074522262133143e-15
15,301,1.0939240228683409e-29,6.967840626090931e-33,3.3074522262133143e-15
15,302,1.0939240228683409e-29,6.967840626090931e-33,3.3074522262133143e-15
15,303,1.0939240228660224e-29,6.967840626076164e-33,3.3074522262098094e-15
16,0,1441.6846277535294,1.0,37.96952235350781
16,1,703.2266290059671,0.48778118006415394,26.518420560168494
16,2,555.4408585395768,0.38527209616230645,23.567792822824472
16,3,368.1398503274981,0.25535394027273717,19.18697084814323
16,4,287.2542348429041,0.19924901002136033,16.948576189252716
16,5,195.24334989659857,0.1354272259952108,13.972950651047135
16,6,126.24132860804892,0.08756514856148633,11.235716648618766
16,7,107.09820727780566,0.07428684832735498,10.348826372000143
16,8,76.32209056599991,0.05293951887725056,8.73625151686923
16,9,48.772092638844754,0.03382993180335334,6.983701929409985
16,10,47.699412002815635,0.03308588514059563,6.906476091525666
16,11,28.830995517332475,0.019998129245685087,5.369450206243883
16,12,26.75049413319631,0.018555024877305953,5.172087985832831
16,13,23.333145549593418,0.016184639206392685,4.830439477893644
16,14,22.25805494401083,0.015438920909279522,4.717844311124608
16,15,18.05323392800137,0.012522318390903833,4.248909734037824
16,16,13.985681382003165,0.009700929810007074,3.7397434914714625
16,17,11.418250144783926,0.007920074838126102,3.379090135640647
16,18,10.589711559900211,0.007345373153073967,3.2541837010070913
16,19,9.113208599213854,0.006321222009153481,3.018809135936529
16,20,8.516200729217895,0.005907117663096721,2.9182530269354463
16,21,8.034897275549618,0.00557326971576981,2.83458943685847
16,22,7.602558892915288,0.005273385556424912,2.757273815368232
16,23,6.49577994636976,0.004505687181038792,2.5486820018138316
16,24,5.485409253820258,0.0038048607498630026,2.3420950565295717
16,25,4.713125111313232,0.003269179001136571,2.1709733096731596
16,26,4.591968159716113,0.003185140544136506,2.1428878084762424
16,27,4.075403761178257,0.00282683444265384,2.018762928423805
16,28,3.9302000042953624,0.00272611632852013,1.9824732039287094
16,29,3.626248471571652,0.0025152855220646744,1.9042711129383998
16,30,3.171027537098923,0.0021995292701706202,1.7807379192623836
16,31,3.1129902700193406,0.0021592727078390806,1.7643668184420553
16,32,2.9664948771623383,0.002057658672399669,1.7223515544633559
16,33,2.7550612702070194,0.001911001350205161,1.6598377240582947
16,34,2.55208080431337,0.0017702074054088298,1.5975233345129485
16,35,2.1839099438971545,0.0015148319555159438,1.4778057869345196
16,36,2.057979320734098,0.001427482322497185,1.4345658997529873
16,37,1.9726856175594216,0.0013683197972592048,1.404523270565291
16,38,1.8776250482408963,0.0013023826515835579,1.3702645905958806
16,39,1.8245066876911153,0.0012655380050310373,1.350743013193522
16,40,1.5413213499612808,0.001069111316226634,1.241499637519593
16,41,1.4800082738862341,0.0010265825447500411,1.2165559066011862
16,42,1.4373115405427364,0.0009969666825000365,1.198879285225471
16,43,1.3070395523294236,0.0009066057355179591,1.1432583051652954
16,44,1.1897853114425383,0.0008252743273655437,1.0907728046859888
16,45,1.1276264212834493,0.0007821588713479911,1.0618975568685753
16,46,1.0654594225414806,0.0007390377909499578,1.0322109389758862
16,47,1.0404653978178202,0.0007217011111779006,1.020032057250075
16,48,0.9824718828428022,0.0006814748967488926,0.991197196748862
16,49,0.857606918956213,0.0005948644401463575,0.9260706878830649
16,50,0.8112183146700926,0.000562687774464346,0.9006765871666104
16,51,0.7615751837355907,0.0005282536617750423,0.8726827509098543
16,52,0.7258245542478408,0.0005034558462198765,0.851953375630287
16,53,0.7004936262655638,0.000485885479237641,0.8369549726631438
16,54,0.6683856107637879,0.0004636143008650122,0.8175485372525523
16,55,0.6538555710688095,0.0004535357861779135,0.8086133631525079
16,56,0.640911933969396,0.0004445576526456287,0.8005697558422976
16,57,0.581186290400348,0.0004031299767036898,0.7623557505524229
16,58,0.5475335464692563,0.00037978732375223935,0.7399550976033994
16,59,0.5132435133047889,0.0003560026259727402,0.7164101571758938
16,60,0.49491300291185114,0.0003432879794820574,0.703500535118383
16,61,0.47935973244062946,0.00033249971818564804,0.6923580955261731
16,62,0.4505985770125168,0.00031255003232895064,0.6712663979468336
16,63,0.4085976639159818,0.00028341681394818596,0.6392164452796735
16,64,0.3512845794937218,0.00024366256858901424,0.5926926517966304
16,65,0.3398141699225154,0.0002357063142526689,0.5829358197284804
16,66,0.3214285711474888,0.00022295345664352902,0.5669467092659493
16,67,0.307651754937432,0.0002133974026044954,0.5546636412614694
16,68,0.2957926041160521,0.0002051715045175753,0.5438681863430257
16,69,0.2905414528422599,0.00020152913282774554,0.5390189726180887
16,70,0.26671096101134145,0.0001849995178397216,0.5164406655283271
16,71,0.25832631654459653,0.00017918365193858476,0.5082581199986839
16,72,0.2334883065180097,0.00016195518910528807,0.4832062773992177
16,73,0.22998590170238797,0.00015952580562696156,0.479568453614693
16,74,0.21271879837310312,0.00014754877334342332,0.4612144819637639
16,75,0.2070306836360219,0.00014360330938578607,0.4550062457110033
16,76,0.20202511222713987,0.00014013127998870368,0.4494720372026939
16,77,0.1957855065580748,0.00013580328373421924,0.4424765604617659
16,78,0.18066392924398653,0.0001253144590474699,0.42504579664312236
16,79,0.17453285575138508,0.00012106174428962784,0.4177712959878707
16,80,0.16728085668424192,0.00011603151858871056,0.4089998247973242
16,81,0.15445039780274594,0.0001071318892006323,0.39300177837097117
16,82,0.1491294862502245,0.00010344112948100304,0.38617287094023645
16,83,0.14112332376331568,9.788779116221675e-05,0.3756638440991037
16,84,0.13365564728940568,9.270796449960863e-05,0.36558945183006264
16,85,0.1287417037305761,8.929949120091874e-05,0.3588059416043387
16,86,0.12660252022573396,8.781568297846756e-05,0.35581247901912316
16,87,0.12122313836479769,8.40843663247563e-05,0.34817113373282066
16,88,0.118707043262595,8.233911978902585e-05,0.3445388849790325
16,89,0.11073161024872154,7.680709644609753e-05,0.332763595137331
16,90,0.10619647165253494,7.3661374761284e-05,0.32587800117917587
16,91,0.10302790101714297,7.146354967915815e-05,0.32097959595142955
16,92,0.0999658385975014,6.933960220778019e-05,0.316173747483091
16,93,0.09103692679238917,6.314621453253981e-05,0.3017232619344905
16,94,0.0894959104281617,6.207731476447561e-05,0.29915867098942944
16,95,0.08597306854928446,5.9633755465125505e-05,0.29321164463452754
16,96,0.08308349665556496,5.7629453110718e-05,0.2882420799528843
16,97,0.08012957166168304,5.558051332387654e-05,0.2830716723052362
16,98,0.07331075369021514,5.085075631585936e-05,0.27075958651581505
16,99,0.0699357343659661,4.850973161511876e-05,0.26445365258579073
16,100,0.06745581052919472,4.678957466190517e-05,0.25972256453607323
16,101,0.0617402822689554,4.282509578059434e-05,0.24847591889145998
16,102,0.059582392499357345,4.1328312276035144e-05,0.24409504808446514
16,103,0.054893454884974185,3.8075910520396267e-05,0.23429352292578254
16,104,0.05261053678091659,3.6492403240017687e-05,0.22936986894733272
16,105,0.051173845750068746,3.549586696350447e-05,0.22621636932385938
16,106,0.04845196502458568,3.3607880733309056e-05,0.22011807064524638
16,107,0.04664225298121135,3.235260478145662e-05,0.21596817585285882
16,108,0.04476966190275878,3.105371385732262e-05,0.21158842572966693
16,109,0.043484014176437366,3.0161946197758445e-05,0.20852820954594456
16,110,0.040012158564489315,2.775375265451592e-05,0.20003039410171974
16,111,0.038520586339659664,2.6719148972049072e-05,0.19626662054373806
16,112,0.03585841879127972,2.4872581770643722e-05,0.1893631928102178
16,113,0.03411284462216958,2.366179396344477e-05,0.18469662861614336
16,114,0.033523256405958886,2.3252836133930136e-05,0.18309357281444613
16,115,0.030920235957295122,2.1447295311371836e-05,0.1758415080613651
16,116,0.030159805334219254,2.091983555461436e-05,0.17366578630870058
16,117,0.028911317927855517,2.0053843518402418e-05,0.17003328476464694
16,118,0.0277056201029247,1.9217531746937138e-05,0.16645005287750647
16,119,0.025427012949053782,1.7637014683769514e-05,0.15945849914336263
16,120,0.024299479364879646,1.6854920207302015e-05,0.15588290273432698
16,121,0.023902461816304687,1.6579535743229868e-05,0.15460421021532592
16,122,0.02221475186008852,1.540888446227253e-05,0.14904614003753508
16,123,0.021452855971126977,1.4880408348776928e-05,0.14646793495890825
16,124,0.019910410760877573,1.3810517485993101e-05,0.1411042549354114
16,125,0.01855385816508404,1.2869567870745175e-05,0.1362125477519749
16,126,0.018328534650171605,1.2713276050346466e-05,0.13538291860560403
16,127,0.01801715241563795,1.2497291064074634e-05,0.1342279867078321
16,128,0.016543373377368418,1.1475029322568788e-05,0.1286210456238341
16,129,0.01621606546310338,1.1247997759656823e-05,0.1273423160740505
16,130,0.015557112687345028,1.0790926384216586e-05,0.12472815515089217
16,131,0.015303991665461316,1.0615353296308913e-05,0.12370930306755962
16,132,0.014142788628025094,9.809904576746965e-06,0.11892345701342984
16,133,0.013662579834247554,9.476815921618684e-06,0.11688703877781982
16,134,0.012893298551817102,8.943217055666173e-06,0.11354866160293173
16,135,0.012694069698974065,8.805025353398056e-06,0.11266796216748604
16,136,0.012044442259613843,8.354422338803603e-06,0.10974717426710286
16,137,0.01140836743663831,7.91321986585591e-06,0.10680995944498017
16,138,0.011162668274129595,7.742794824360135e-06,0.10565352939741102
16,139,0.01019469152005476,7.071374226928114e-06,0.10096876507145544
16,140,0.01008317987715431,6.994026074111773e-06,0.10041503810263834
16,141,0.00959383583350616,6.654600908421646e-06,0.09794812827974897
16,142,0.009170764910275082,6.361144964530285e-06,0.09576411076324513
16,143,0.008575684448272992,5.94837753221788e-06,0.09260499148681453
16,144,0.00804065276572878,5.577261913555904e-06,0.0896696869947073
16,145,0.00769289951419937,5.336048790494941e-06,0.08770917576969567
16,146,0.0075282402413725125,5.22183568892124e-06,0.08676543229519756
16,147,0.007041963785628872,4.884538303361009e-06,0.08391640951344899
16,148,0.006631590688179047,4.599889990165578e-06,0.0814345791920057
16,149,0.006180176160879664,4.286773987810202e-06,0.07861409645146132
16,150,0.006123367434963411,4.247369582142942e-06,0.07825194844196157
16,151,0.005917635245871809,4.104666951393401e-06,0.07692616749761949
16,152,0.005590886871860566,3.878023504053332e-06,0.07477223329458982
16,153,0.00532459157974928,3.693312307870132e-06,0.07296979909352416
16,154,0.004900367180624714,3.3990562750610678e-06,0.07000262266961656
16,155,0.004702232707889141,3.2616236709246757e-06,0.06857282776646403
16,156,0.004438596649934866,3.0787570072458933e-06,0.06662279377161293
16,157,0.00432397469295159,2.9992514380134022e-06,0.06575693646263936
16,158,0.0041435206550471644,2.874082566520603e-06,0.06437018451928785
16,159,0.004084806802330565,2.8333567020795784e-06,0.06391249331962073
16,160,0.003999509125459339,2.7741914205546315e-06,0.06324167238031692
16,161,0.0036493172342211464,2.5312867765730484e-06,0.06040957899390747
16,162,0.003464780716074995,2.4032861621573274e-06,0.05886238795763382
16,163,0.0033265469847873104,2.3074026876258106e-06,0.05767622547278307
16,164,0.0031389991893336026,2.1773133519671864e-06,0.05602677207669207
16,165,0.0030735097037955985,2.1318876851623377e-06,0.055439243355186574
16,166,0.0027911431406331282,1.936028925398449e-06,0.052831270480967314
16,167,0.0027451563780341625,1.9041309903621132e-06,0.052394239931829935
16,168,0.0025591204264725155,1.7750903194828425e-06,0.05058774976684094
16,169,0.0024955346486612616,1.7309851271355157e-06,0.04995532652942288
16,170,0.002422758623486982,1.680505276151961e-06,0.049221526017454824
16,171,0.0022405507747429846,1.5541199036257112e-06,0.04733445652738589
16,172,0.002181681649181723,1.5132863368192227e-06,0.046708475132268265
16,173,0.0020669775144764595,1.4337237664088003e-06,0.04546402439815969
16,174,0.00204203241565217,1.4164210232539678e-06,0.04518885278088137
16,175,0.001889168642245246,1.3103896690561222e-06,0.04346456766430843
16,176,0.001848510353928945,1.282187739498438e-06,0.04299430606404696
16,177,0.0017838414366380805,1.2373312458895457e-06,0.04223554707397645
16,178,0.001686652737772015,1.1699179593807568e-06,0.041068877970697165
16,179,0.0016460657023975912,1.141765453213255e-06,0.04057173526480709
16,180,0.0015445910339806457,1.0713792768862826e-06,0.039301285398580105
16,181,0.0014883541295089018,1.032371505429793e-06,0.03857919296082931
16,182,0.0014330065086751442,9.939805704303668e-07,0.03785507242992865
16,183,0.0013628806183291987,9.453389403567928e-07,0.03691721303578046
16,184,0.0012815657922203077,8.889362954623973e-07,0.035798963563493116
16,185,0.0011892112453970086,8.248761362254854e-07,0.034484942299458886
16,186,0.0011639363235108442,8.073446169184172e-07,0.03411651101022559
16,187,0.0010943194661256418,7.590560688927085e-07,0.033080499786515345
16,188,0.0010258919314776404,7.115924743376171e-07,0.03202954778759201
16,189,0.001004430921989789,6.967064104407629e-07,0.03169275819473258
16,190,0.0009883212103380772,6.855321831918989e-07,0.03143757640687458
16,191,0.0009669549117365448,6.707118138890606e-07,0.031095898632079195
16,192,0.0009145943786118414,6.343928214293207e-07,0.03024226146656102
16,193,0.0008672318552441554,6.015406133555705e-07,0.02944880057394792
16,194,0.0008227786367469834,5.707063950796636e-07,0.02868411819713103
16,195,0.0007909256401230947,5.486121062104516e-07,0.02812340022335661
16,196,0.0007302449062009991,5.065219481037859e-07,0.027023043984736417
16,197,0.0007288134511568956,5.055290436803448e-07,0.026996545170760194
16,198,0.0006761060123905945,4.68969426027744e-07,0.026002038619896604
16,199,0.0006526435004141967,4.5269505400162506e-07,0.02554688827262915
16,200,0.000621920952415085,4.313848815771716e-07,0.024938343016629734
16,201,0.0005928142750009143,4.111955302767242e-07,0.024347777619341652
16,202,0.0005773308492153119,4.004557155575168e-07,0.02402771002853397
16,203,0.0005568313645537832,3.8623659698824174e-07,0.02359727451537112
16,204,0.0005082974938238912,3.5257190375674157e-07,0.02254545395027324
16,205,0.0004704057520679406,3.262889421252546e-07,0.02168883934349509
16,206,0.0004614699052990066,3.2009074413041433e-07,0.021481850602287657
16,207,0.00042767208117728737,2.966474587744597e-07,0.02068023406969291
16,208,0.00041405021449559843,2.871988828380464e-07,0.02034822386587091
16,209,0.0003775852114698164,2.6190555423912615e-07,0.019431551957314587
16,210,0.00036696123164697467,2.5453641148881727e-07,0.01915623218816724
16,211,0.00035616494226963885,2.470477491492882e-07,0.018872332719344444
16,212,0.0003260476054451858,2.261573711535245e-07,0.01805678834801986
16,213,0.0003044663396512193,2.111878935170771e-07,0.01744896385609241
16,214,0.0002873396325592823,1.993082446935863e-07,0.016951095320340875
16,215,0.0002675389780865684,1.8557385778847806e-07,0.016356618785267583
16,216,0.00026396759785171273,1.8309663068478016e-07,0.01624707967148905
16,217,0.0002592179600795473,1.7980212529800465e-07,0.016100247205541512
16,218,0.00024232952567414907,1.6808775026737522e-07,0.015566936939364439
16,219,0.000217408546701187,1.5080173743681976e-07,0.014744780320546895
16,220,0.00021488913731587548,1.490541920050305e-07,0.014659097425007976
16,221,0.00020583462288177774,1.427736822043491e-07,0.014346937752767235
16,222,0.00019137588832477656,1.3274462711236886e-07,0.013833867439178986
16,223,0.00018153674328962545,1.259198716521662e-07,0.01347355718767785
16,224,0.00016378346402024142,1.1360561170403341e-07,0.012797791372742463
16,225,0.00015663291298910134,1.086457537063226e-07,0.01251530714721382
16,226,0.00014938431710816884,1.0361788856758734e-07,0.012222287719906157
16,227,0.00014580046188951854,1.0113200840374405e-07,0.012074786204712635
16,228,0.00014027520471147185,9.729950781957933e-08,0.011843783378273678
16,229,0.0001362103944108651,9.448002135051665e-08,0.011670920889581297
16,230,0.00012443108123743227,8.630950128900523e-08,0.011154868051099137
16,231,0.00012152412620277688,8.429314141480369e-08,0.011023798174983833
16,232,0.00011855504767427729,8.223369063663587e-08,0.010888298658389074
16,233,0.00011528700126683933,7.996686587862322e-08,0.010737178459299227
16,234,0.0001070070228087777,7.422359977266236e-08,0.010344419887493822
16,235,0.00010225704008459182,7.092885511579007e-08,0.010112222311865569
16,236,9.301935220906288e-05,6.45212901756524e-08,0.009644654074100475
16,237,9.18230704339542e-05,6.369150968685524e-08,0.009582435516816912
16,238,8.775940113880487e-05,6.087281465680456e-08,0.009367998779825117
16,239,8.308282131606833e-05,5.762898467297258e-08,0.009114977856038287
16,240,7.938007007646797e-05,5.5060634308184357e-08,0.008909549375611989
16,241,7.73203596620236e-05,5.363195124200374e-08,0.008793199625962304
16,242,7.413255624561724e-05,5.1420785668730145e-08,0.008610026495058957
16,243,7.205200712233885e-05,4.997764818690767e-08,0.00848834537011418
16,244,6.913451694533057e-05,4.795398079055457e-08,0.008314716889066672
16,245,6.565257933287243e-05,4.553879403928583e-08,0.008102627927584509
16,246,6.289491552564629e-05,4.362598748358078e-08,0.007930631470800184
16,247,5.8609186253470865e-05,4.06532643306305e-08,0.00765566367165322
16,248,5.617492773575181e-05,3.8964782348609104e-08,0.007494993511388239
16,249,5.479831660232499e-05,3.8009919470191726e-08,0.007402588506888992
16,250,5.144090611261064e-05,3.568110883776794e-08,0.007172231599203322
16,251,4.861626426910717e-05,3.3721844107377565e-08,0.006972536430102547
16,252,4.6970313424306886e-05,3.258015832318144e-08,0.006853489142349821
16,253,4.511727823352782e-05,3.129483200762898e-08,0.006716939647899765
16,254,4.115870456246525e-05,2.8549034768165502e-08,0.006415505012270293
16,255,4.011993344475595e-05,2.782850886554286e-08,0.006334029795063799
16,256,3.9301195506348214e-05,2.7260605232080723e-08,0.006269066557817696
16,257,3.4103702248741195e-05,2.3655452511748336e-08,0.005839837519036056
16,258,3.1666899479387415e-05,2.196520575289174e-08,0.005627335024626436
16,259,2.9483887477319422e-05,2.045099663943978e-08,0.005429906765066913
16,260,2.7271703805434878e-05,1.891655309381384e-08,0.005222231688218637
16,261,2.4296474729689366e-05,1.685283609325069e-08,0.00492914543604562
16,262,2.3684910519297318e-05,1.6428634989473227e-08,0.004866714550833788
16,263,2.1122886633551224e-05,1.4651530734891346e-08,0.0045959641680012285
16,264,2.0499981220036773e-05,1.4219462998631246e-08,0.0045276904951682346
16,265,1.7249886841111154e-05,1.1965090359595758e-08,0.0041532983087073285
16,266,1.491080164223599e-05,1.0342623730038928e-08,0.0038614507173128586
16,267,1.4695234633240231e-05,1.019309934388267e-08,0.0038334364000515556
16,268,1.4417118604876306e-05,1.0000188895224219e-08,0.0037969880964886242
16,269,1.2735582389557025e-05,8.833819924543374e-09,0.003568694773941451
16,270,1.1878946872905028e-05,8.23962928106899e-09,0.0034465848129568823
16,271,1.1317464302982035e-05,7.850166454654651e-09,0.0033641439182921463
16,272,9.721608990509365e-06,6.743228583672859e-09,0.003117949484919434
16,273,8.902005357205399e-06,6.174724475682824e-09,0.0029836228577361113
16,274,7.14987142448111e-06,4.959386600120878e-09,0.002673924349057226
16,275,6.909016103167751e-06,4.792321406612735e-09,0.002628500732959333
16,276,6.568741052756373e-06,4.556295410454613e-09,0.0025629555307801134
16,277,6.043320031990791e-06,4.191846063731462e-09,0.002458316503624135
16,278,4.0688681698941874e-06,2.822301141016121e-09,0.002017143567001166
16,279,2.7641601377916457e-06,1.9173126248136754e-09,0.0016625763554771389
16,280,1.9459668141102966e-06,1.349786754085429e-09,0.0013949791446865062
16,281,1.0151080135159252e-06,7.041123932199325e-10,0.0010075256887622892
16,282,7.864187245822846e-07,5.454859609675541e-10,0.0008868025285159513
16,283,4.106705026038004e-07,2.848546032177078e-10,0.0006408357844282733
16,284,1.8869201985676e-07,1.30883007437476e-10,0.00043438694715283515
16,285,1.5260372684988998e-07,1.0585097733037571e-10,0.00039064526984195007
16,286,1.1845165234848807e-07,8.21619722290183e-11,0.0003441680582920037
16,287,8.856139698485463e-08,6.142910542290606e-11,0.00029759266957513357
16,288,5.823099743155156e-08,4.039094009227845e-11,0.00024131099732824354
16,289,4.465187431761689e-08,3.0972012504006927e-11,0.00021130990113484244
16,290,3.904493846635853e-08,2.7082856898598808e-11,0.0001975979212096082
16,291,3.0867207150422177e-08,2.1410512782202765e-11,0.0001756906575502015
16,292,2.3473638235160377e-08,1.6282089566105462e-11,0.00015321109044439432
16,293,1.783301668187525e-08,1.2369568446923875e-11,0.00013354031856287917
16,294,1.4790965246062095e-08,1.0259501253828143e-11,0.00012161811232732604
16,295,1.3300676448643228e-08,9.225787798936782e-12,0.00011532855868623014
16,296,1.1698082797184479e-08,8.11417599382518e-12,0.0001081576756276894
16,297,9.514490341021039e-09,6.59956425827108e-12,9.75422490053466e-05
16,298,6.616961537337781e-09,4.5897427287190426e-12,8.134470810899613e-05
16,299,5.3944469939514845e-09,3.741766326770961e-12,7.344689914456215e-05
16,300,9.347213977402711e-30,6.483535856221054e-33,3.0573213729346007e-15
16,301,9.347213977402711e-30,6.483535856221054e-33,3.0573213729346007e-15
16,302,9.347213977402711e-30,6.483535856221054e-33,3.0573213729346007e-15
16,303,9.347213977401841e-30,6.48353585622045e-33,3.0573213729344583e-15
17,0,2013.7839655617545,1.0,44.875204351197716
17,1,689.467189380543,0.34237395925844155,26.25770723769581
17,2,549.335909811415,0.27278790535914077,23.43791607228371
17,3,411.8150183506981,0.20449811171071688,20.293225922723526
17,4,224.8411870431235,0.11165109608984447,14.99470530030929
17,5,211.84005276410662,0.10519502408740893,14.554726131539082
17,6,118.1318685682974,0.058661639276358014,10.868848539210463
17,7,90.39993384288778,0.04489058180462287,9.507887980139847
17,8,55.30117376038575,0.0274613239086742,7.4364758965780124
17,9,40.321941787932815,0.02002297290945249,6.349956046141801
17,10,33.8499017399408,0.016809102822753982,5.818066838730954
17,11,31.127232722302406,0.015457086387923105,5.5791784988744
17,12,27.71419029890195,0.01376224598708181,5.264426872785104
17,13,22.507528155885765,0.01117673421816485,4.744209961193303
17,14,19.7583316951112,0.009811544849399731,4.445034498753772
17,15,17.96116125016731,0.008919110270677402,4.238061024828136
17,16,14.565582515136462,0.007232941946219799,3.8164882438095447
17,17,13.223031919315645,0.0065662613991600725,3.636348707057073
17,18,12.294130310417765,0.006104989671515365,3.5062986624669845
17,19,8.943418779578865,0.004441101395443904,2.9905549283667847
17,20,7.296189913286502,0.003623124445352903,2.701146037015863
17,21,6.609240610163626,0.003282000811998693,2.570844337987741
17,22,6.0913752223871995,0.0030248404628090194,2.4680711542391154
17,23,5.772868768311555,0.002866677293609886,2.402679497625839
17,24,5.330582814486943,0.002647047998020956,2.3088054951612844
17,25,5.121979121144998,0.0025434600775144207,2.2631789856626447
17,26,4.856617913393246,0.002411687646960914,2.203773562186743
17,27,4.4507450907289545,0.002210140296497692,2.109678907020913
17,28,4.232691152712293,0.002101859596211237,2.0573505177077367
17,29,3.394201199535924,0.0016854842711934573,1.842335799884463
17,30,3.1416066829158122,0.001560051493427919,1.7724578085008997
17,31,2.9996952000212227,0.0014895814304412955,1.7319628171589663
17,32,2.949323978897207,0.0014645682105600038,1.717359595104417
17,33,2.7140800825315563,0.0013477513620853818,1.6474465340433833
17,34,2.505364399754594,0.0012441078301344557,1.5828342932077868
17,35,2.347110511055084,0.0011655224945642797,1.532028234418375
17,36,2.2572034614932632,0.0011208766680509375,1.502399235054805
17,37,1.996714266791282,0.0009915235700242004,1.4130514027420524
17,38,1.8606973013092514,0.0009239805923224744,1.3640737888066214
17,39,1.7450978718811525,0.0008665765055857664,1.3210215258962106
17,40,1.6953612006468126,0.0008418783889630801,1.30206036751251
17,41,1.621618359323062,0.000805259346113973,1.273427799022411
17,42,1.5535840322076084,0.0007714750235257876,1.2464285106686257
17,43,1.4396143392329999,0.0007148802273988773,1.199839297253178
17,44,1.2821480610712765,0.0006366860015759512,1.132319769796181
17,45,1.173643843178759,0.0005828052379249954,1.0833484403361455
17,46,1.1607591285410388,0.0005764069773081343,1.0773853203664132
17,47,1.0193351172319287,0.0005061789817894296,1.009621274157755
17,48,0.9190208573431367,0.00045636516779334446,0.958655755390399
17,49,0.8584281913493543,0.000426276207393424,0.9265139995431015
17,50,0.8382186219483904,0.0004162405880089354,0.9155428018112481
17,51,0.7314302146394834,0.0003632118574523695,0.855236934796132
17,52,0.6609974684471728,0.00032823653368537197,0.8130175080815744
17,53,0.659243357064108,0.0003273654812720733,0.8119380253837777
17,54,0.6030121263021836,0.00029944231189365464,0.7765385542921766
17,55,0.5735683400569179,0.0002848211873098902,0.7573429474530795
17,56,0.5553262184523953,0.00027576255842194294,0.7452021326139608
17,57,0.5364157773864158,0.0002663720570626254,0.7324041079802979
17,58,0.5092116267084379,0.0002528630853242448,0.7135906576661706
17,59,0.49443044702014244,0.0002455230826521249,0.7031574837972945
17,60,0.4483751839358812,0.0002226530708376183,0.669608231681691
17,61,0.4430483103484402,0.00022000786475864597,0.665618742485847
17,62,0.39259743937148445,0.0001949550925448786,0.6265759645657376
17,63,0.38521062546303936,0.0001912869662538916,0.620653385927314
17,64,0.34015919114511284,0.0001689154333147269,0.5832316787907811
17,65,0.3251766564157145,0.00016147544224040189,0.5702426294269085
17,66,0.3165273663510312,0.00015718039857504497,0.5626076486780385
17,67,0.30141534972540773,0.00014967610969199792,0.5490130688111238
17,68,0.29091049729555196,0.00014445963532855975,0.539361193724161
17,69,0.2800606622472673,0.00013907185032588292,0.5292075795444234
17,70,0.2598865685046424,0.00012905384735852033,0.5097907104926908
17,71,0.25741008136023935,0.0001278240793264205,0.5073559710501487
17,72,0.2467189188227698,0.00012251508753767756,0.4967080820993049
17,73,0.23818606505884976,0.00011827786353061295,0.4880430975424709
17,74,0.2219401769708762,0.00011021051948289048,0.47110527164411586
17,75,0.21241610416990145,0.00010548107830953305,0.46088621607713703
17,76,0.19621947032377815,9.743819281480961e-05,0.4429666695404725
17,77,0.1828177315543314,9.078318959766548e-05,0.42757190220398184
17,78,0.17100306764547263,8.491629219908429e-05,0.41352517171929526
17,79,0.16544221922385782,8.21548994594894e-05,0.40674589023597746
17,80,0.15886134776519084,7.888698613253468e-05,0.3985741433725861
17,81,0.1487278200067476,7.385490328167316e-05,0.3856524601331458
17,82,0.14445481932548138,7.173302687668635e-05,0.3800721238468843
17,83,0.13993783873424442,6.94899955145924e-05,0.3740826629693555
17,84,0.13354957188102037,6.631772531954097e-05,0.3654443485416355
17,85,0.12570060170885927,6.242010258225216e-05,0.35454280659584575
17,86,0.11608866246258688,5.76470289007408e-05,0.3407178634333499
17,87,0.11540296727494753,5.730652803303821e-05,0.33971012242049475
17,88,0.11042867392326401,5.4836405399851026e-05,0.33230810089924684
17,89,0.10446509817424864,5.187502729226847e-05,0.3232106096251307
17,90,0.10399886444911155,5.164350606997736e-05,0.3224885493302228
17,91,0.10104907732027622,5.017870786953461e-05,0.3178821752163468
17,92,0.09544496096910461,4.739582924550687e-05,0.30894167891222546
17,93,0.09257992515886758,4.597311665109121e-05,0.30426949429554645
17,94,0.09041050217047711,4.489582979932839e-05,0.3006833919099575
17,95,0.08332767062242086,4.1378654338016946e-05,0.2886653263251769
17,96,0.08282169347285226,4.112739742157434e-05,0.2877875839449163
17,97,0.07547633905813805,3.74798589863057e-05,0.27472957441480167
17,98,0.07054599603579781,3.50315611019967e-05,0.2656049623704305
17,99,0.0696589592786129,3.459107852176249e-05,0.26392983779522333
17,100,0.06403141029252393,3.179656377622516e-05,0.25304428523980527
17,101,0.06329578882120865,3.14312706346095e-05,0.2515865434024814
17,102,0.06172049289675098,3.064901397183077e-05,0.2484360941907415
17,103,0.05652992654801073,2.8071495013737208e-05,0.23776022911330383
17,104,0.05627071982823119,2.7942778764024077e-05,0.23721450172413824
17,105,0.05388480380146167,2.675798631976407e-05,0.23213100568743864
17,106,0.05205365982965755,2.584868124875398e-05,0.22815271164213138
17,107,0.05079436714838735,2.5223344716729844e-05,0.22537605717641648
17,108,0.04819435498273478,2.3932236926561653e-05,0.21953212745002673
17,109,0.04706482825699839,2.337133926074808e-05,0.21694429759041464
17,110,0.042529052080279656,2.1118974432004666e-05,0.2062257308879754
17,111,0.03927983077200027,1.950548392664502e-05,0.19819139933912439
17,112,0.038919737478355,1.932666966463712e-05,0.19728085938163134
17,113,0.038488259228362236,1.91124072326327e-05,0.19618424816575422
17,114,0.03625219759511768,1.8002029122823488e-05,0.19040009872664898
17,115,0.035194299822343116,1.7476700790258553e-05,0.18760143875339313
17,116,0.03355236382973626,1.6661352162656968e-05,0.18317304340359764
17,117,0.032286856909527706,1.603292977880134e-05,0.179685438779907
17,118,0.03041499893077029,1.5103407044104597e-05,0.17439896482138387
17,119,0.028877021120130953,1.4339681720564088e-05,0.16993240161938203
17,120,0.026949339877948033,1.3382438403927995e-05,0.16416254103158867
17,121,0.026273688968475237,1.3046925299728497e-05,0.1620916067181618
17,122,0.024853527866182213,1.2341705113959036e-05,0.15765001701928932
17,123,0.023863447114823584,1.1850053194840472e-05,0.15447798262154896
17,124,0.022436415464065905,1.1141421248632875e-05,0.1497879015944409
17,125,0.021333655585734045,1.0593815399549535e-05,0.14606045181956012
17,126,0.01925501048059542,9.561606810800157e-06,0.13876242459900814
17,127,0.018508722379059626,9.191016859594733e-06,0.1360467654119701
17,128,0.017925819729414264,8.901560463271328e-06,0.13388733969055575
17,129,0.017017593604270118,8.450555717640239e-06,0.13045149904953227
17,130,0.016163771190414636,8.026566636161331e-06,0.12713682074998822
17,131,0.015728310432279402,7.810326579838427e-06,0.12541256090312247
17,132,0.01455573737747108,7.228053071427991e-06,0.12064716066891537
17,133,0.014246660949643516,7.0745726419910906e-06,0.1193593773008368
17,134,0.013822053156228212,6.8637219247956845e-06,0.11756722824081638
17,135,0.012882725631192346,6.397272920781574e-06,0.1135020952722563
17,136,0.012227537518569215,6.071921183044223e-06,0.11057819639770408
17,137,0.011736324022576624,5.827995566199039e-06,0.10833431599717895
17,138,0.01136943773200108,5.645808054107493e-06,0.10662756553537682
17,139,0.010893219492528783,5.409328745692971e-06,0.1043705872960806
17,140,0.010635704471913653,5.281452555883656e-06,0.10312955188457697
17,141,0.010515197255539675,5.221611372104858e-06,0.10254363586073821
17,142,0.010194303740796563,5.06226284205854e-06,0.1009668447600328
17,143,0.010054134558992555,4.992657966758568e-06,0.10027030746433639
17,144,0.009415362338535342,4.675457993285234e-06,0.09703279001726861
17,145,0.008898094021081306,4.418594135840753e-06,0.09432970911161184
17,146,0.008814968249937561,4.377315740260443e-06,0.09388806233988196
17,147,0.008693974349351158,4.317232880005544e-06,0.09324148405806912
17,148,0.00792533483439647,3.935543717662713e-06,0.08902434967129201
17,149,0.007806633917638221,3.876599501804318e-06,0.08835515784400037
17,150,0.007566057127921988,3.757134457971216e-06,0.08698308529778642
17,151,0.007249018949037161,3.599700401336254e-06,0.08514117070511282
17,152,0.006634198957300958,3.294394568014309e-06,0.08145059212369765
17,153,0.006425978891487528,3.1909971483435517e-06,0.08016220363417867
17,154,0.0061928433551171605,3.0752272642063855e-06,0.07869462087790474
17,155,0.005491431419807567,2.7269218117325244e-06,0.07410419299747867
17,156,0.005147743661710615,2.5562541711243727e-06,0.07174777809598437
17,157,0.004968983624040312,2.467485941399971e-06,0.07049101803804732
17,158,0.004803160429077051,2.385141857923765e-06,0.06930483698182292
17,159,0.004656633706267583,2.312379970196353e-06,0.06823953184384828
17,160,0.004403926926732657,2.186891445182483e-06,0.06636208952958501
17,161,0.00424415158735917,2.1075505912945553e-06,0.06514715333273718
17,162,0.0038758182649677795,1.9246445156229067e-06,0.06225607010539438
17,163,0.0037907375203020126,1.8823953239912548e-06,0.06156896556140937
17,164,0.0036813711197236213,1.8280864197350413e-06,0.06067430361960178
17,165,0.003487850289299473,1.7319883110334135e-06,0.05905802476632175
17,166,0.0034088485852130615,1.692757834757189e-06,0.0583853456375233
17,167,0.0032541018183150907,1.6159140572992613e-06,0.057044735237487876
17,168,0.0032049699684072123,1.5915162813967341e-06,0.05661245418110058
17,169,0.003011415410948317,1.4954014246052796e-06,0.05487636477526839
17,170,0.002956866561639308,1.468313688163902e-06,0.054377077538603595
17,171,0.002822888189780151,1.4017830303821558e-06,0.05313085911012687
17,172,0.0026093044177866527,1.295722114392134e-06,0.051081350978479934
17,173,0.002568442177513524,1.2754308413599097e-06,0.050679800488099044
17,174,0.002437148837003413,1.2102335099900146e-06,0.049367487651321824
17,175,0.002379480352542133,1.1815966326250719e-06,0.048779917512662245
17,176,0.002204802684172393,1.0948556160329507e-06,0.04695532647285495
17,177,0.0021423858213663887,1.0638608003658227e-06,0.04628591385471814
17,178,0.002117875600770158,1.0516895739505834e-06,0.04602038244919481
17,179,0.0019361802431406058,9.614637300980292e-07,0.04400204816983643
17,180,0.0018698328663564105,9.285171092495077e-07,0.04324156410626714
17,181,0.001775406448374137,8.816270656315804e-07,0.042135572244531544
17,182,0.0017291297023999,8.586470703760675e-07,0.041582805369526236
17,183,0.001697945649084408,8.431617681545885e-07,0.04120613606108207
17,184,0.0016799326334795475,8.342169081731279e-07,0.04098698126819719
17,185,0.0015974805430323726,7.932730473334303e-07,0.03996849438035379
17,186,0.0014568857635169983,7.234568297451873e-07,0.038169172947772896
17,187,0.0014006848407027905,6.955487106145782e-07,0.03742572431767741
17,188,0.0013481482177534762,6.69460200701024e-07,0.036717137929766205
17,189,0.0012843231176584145,6.377660859466355e-07,0.035837454117981296
17,190,0.0012655022733831236,6.284200763462261e-07,0.03557389876557142
17,191,0.00120101247852831,5.963958890661254e-07,0.034655626938901424
17,192,0.0011277818998495514,5.600312243696664e-07,0.03358246417178989
17,193,0.001059000984267344,5.258761626756378e-07,0.03254229531344315
17,194,0.0010272364296398568,5.101025965083124e-07,0.03205052931918374
17,195,0.0009679801569321909,4.806772590734023e-07,0.0311123794803964
17,196,0.0009507597498632479,4.721259907330869e-07,0.030834392321938953
17,197,0.0008716254809306385,4.3282968572425516e-07,0.029523304031402693
17,198,0.0008211317841511173,4.077556471764134e-07,0.028655397120806357
17,199,0.0008145708445926283,4.0449763158452795e-07,0.028540687528380047
17,200,0.0007588024262150897,3.7680428446723594e-07,0.027546368657503473
17,201,0.0007359358693446781,3.6544926463320277e-07,0.0271281379630943
17,202,0.0006560800618507881,3.257946597403617e-07,0.025614059847099368
17,203,0.0006247519732107477,3.1023783280371396e-07,0.024995038971978974
17,204,0.000606911601640036,3.0137870398165335e-07,0.024635575934815
17,205,0.0005903355037201296,2.9314738512949317e-07,0.02429682085623816
17,206,0.0005707992685126251,2.83446128419936e-07,0.02389140574584562
17,207,0.0005207167924365483,2.5857629286033764e-07,0.022819219803414583
17,208,0.0005076321558876777,2.5207875550149756e-07,0.02253069363973683
17,209,0.0004813861674815969,2.390455856804441e-07,0.02194051429391747
17,210,0.00044660112934657894,2.2177211507491443e-07,0.021132939439334485
17,211,0.0004060954923891367,2.016579232598341e-07,0.02015181114414128
17,212,0.0003674813398958634,1.8248300025238943e-07,0.01916980281317112
17,213,0.0003519305134068547,1.7476080822238647e-07,0.018759811123965367
17,214,0.0003242894588995804,1.6103487983087518e-07,0.018008038729955586
17,215,0.0003075849821758256,1.527398109409533e-07,0.017538100871412093
17,216,0.00029102938515528017,1.445186723761087e-07,0.01705958338164447
17,217,0.00028664873407192474,1.423433391932698e-07,0.01693070388589691
17,218,0.00027730535085348395,1.3770362441838606e-07,0.016652487827753665
17,219,0.0002630880287460182,1.3064362078810602e-07,0.016219988555668533
17,220,0.00024465697203138447,1.2149117095742505e-07,0.015641514377814716
17,221,0.0002420414979679002,1.201923851352057e-07,0.015557682924134307
17,222,0.0002203402345376329,1.0941602391603509e-07,0.014843861847162042
17,223,0.0002143293049831333,1.0643113096957506e-07,0.014639989924283872
17,224,0.00020863372276405206,1.0360283244476659e-07,0.014444158776614582
17,225,0.00020383423866555044,1.0121951617024119e-07,0.014277052870447404
17,226,0.0001925324696953865,9.56073109071949e-08,0.013875607002772402
17,227,0.0001841291135510131,9.143439251670147e-08,0.013569418320289676
17,228,0.00016830005782947146,8.357403808333699e-08,0.012973051215094754
17,229,0.00016326815373221806,8.107530724462475e-08,0.01277764272987072
17,230,0.0001601658650078388,7.953478016851713e-08,0.012655665332484058
17,231,0.0001571268235130755,7.802566024963072e-08,0.01253502387365399
17,232,0.00014728975605991895,7.314079294440692e-08,0.01213629910886836
17,233,0.00014009547061926813,6.95682719770727e-08,0.011836193248644943
17,234,0.0001249422512976937,6.204352275833147e-08,0.011177756988666989
17,235,0.00011936702579473742,5.927499068224998e-08,0.010925521763043513
17,236,0.00011124162749074742,5.524009992785698e-08,0.010547114652394152
17,237,0.00010601233479793996,5.264335033493392e-08,0.010296229154304015
17,238,0.00010228174034127146,5.0790820708883485e-08,0.010113443545166575
17,239,9.548332514314161e-05,4.741488003481351e-08,0.009771556945704283
17,240,9.410867997334999e-05,4.67322620413744e-08,0.009700962837437838
17,241,8.310529809330393e-05,4.1268229122144844e-08,0.009116210731071541
17,242,7.803710624588592e-05,3.8751478599700294e-08,0.008833861344049154
17,243,7.180540784485672e-05,3.565695679021173e-08,0.008473807163539699
17,244,6.784482158960165e-05,3.36902183897745e-08,0.008236796803952472
17,245,6.441392625958568e-05,3.198651263548874e-08,0.008025828696127627
17,246,5.926548011139932e-05,2.942990962531919e-08,0.007698407634790413
17,247,5.751566868243733e-05,2.8560992472890736e-08,0.00758390853600156
17,248,5.3513695472309964e-05,2.6573702237907168e-08,0.007315305562470372
17,249,5.2154329811951495e-05,2.589867170652677e-08,0.007221795470099627
17,250,4.842625860496336e-05,2.4047395069736104e-08,0.006958897801014422
17,251,4.425644341886607e-05,2.1976758269857674e-08,0.00665255164721523
17,252,3.855397372805758e-05,1.9145039580898027e-08,0.0062091846266685916
17,253,3.689162451140602e-05,1.8319554203578597e-08,0.00607384758710704
17,254,3.324645207448702e-05,1.6509443238720382e-08,0.005765973644969861
17,255,3.096080148821705e-05,1.537444036584152e-08,0.005564243119078915
17,256,2.9684342390448122e-05,1.474057937598462e-08,0.005448333909595494
17,257,2.849556284708248e-05,1.4150258088450668e-08,0.0053381235323924905
17,258,2.7728143802147334e-05,1.3769174984175842e-08,0.00526575196929625
17,259,2.5397144190897918e-05,1.2611652801502601e-08,0.005039557936059265
17,260,2.4682010442839104e-05,1.2256533404244254e-08,0.0049680992786818486
17,261,2.2758510150308436e-05,1.1301366253534471e-08,0.0047705880298248805
17,262,1.987797262314441e-05,9.870955853797036e-09,0.004458472005423429
17,263,1.8974239906720742e-05,9.422182434265132e-09,0.004355943055954789
17,264,1.7533213127717345e-05,8.706600820920913e-09,0.004187267978971175
17,265,1.6002488552453925e-05,7.946477291564866e-09,0.004000311056962186
17,266,1.5318338016541018e-05,7.606743463302876e-09,0.003913864843928699
17,267,1.4785957212970562e-05,7.342375083836736e-09,0.0038452512548558596
17,268,1.4168299485962595e-05,7.035660094756133e-09,0.0037640801646567777
17,269,1.2784240859342687e-05,6.348367589557434e-09,0.0035755056788295955
17,270,1.1748827429413926e-05,5.834204477905124e-09,0.0034276562589346565
17,271,1.0784466541409958e-05,5.35532446669451e-09,0.0032839711541683735
17,272,9.50925475036483e-06,4.72208286141169e-09,0.0030837079547786023
17,273,9.441981646202323e-06,4.6886765450873166e-09,0.003072780767676458
17,274,7.589188770003967e-06,3.768621113182281e-09,0.0027548482299400755
17,275,5.796656633158981e-06,2.8784898143441005e-09,0.0024076246869391793
17,276,5.324981186022685e-06,2.64426635482583e-09,0.002307592075307654
17,277,4.60380104468621e-06,2.2861444541306388e-09,0.0021456469990858724
17,278,3.1672479375346668e-06,1.5727843659988364e-09,0.0017796763575253414
17,279,2.593667828268244e-06,1.2879573343631863e-09,0.0016104868295854654
17,280,1.7670874802691948e-06,8.774960524508186e-10,0.0013293184269651853
17,281,1.0187878840621747e-06,5.059072380576728e-10,0.001009350228643247
17,282,6.145016606556611e-07,3.051477572393139e-10,0.00078390156311597
17,283,4.5791530610002774e-07,2.2739048176515307e-10,0.0006766943963858632
17,284,2.1835515841940176e-07,1.0843027958984199e-10,0.0004672848792967752
17,285,2.1109833189598887e-07,1.0482670212199351e-10,0.00045945438500028364
17,286,1.6771927659122623e-07,8.328563513238629e-11,0.0004095354399697616
17,287,1.33367503785176e-07,6.622731438224184e-11,0.00036519515849087593
17,288,7.557521153417963e-08,3.752895684274533e-11,0.00027490946061236167
17,289,6.969775136713067e-08,3.461034180381318e-11,0.00026400331696236446
17,290,4.714039191193464e-08,2.340886247884321e-11,0.00021711838225248144
17,291,4.334832064236783e-08,2.1525804844848696e-11,0.00020820259518643814
17,292,3.2020601516616037e-08,1.5900713315930955e-11,0.00017894301192451198
17,293,2.4951847430264982e-08,1.2390528406707493e-11,0.00015796153781938495
17,294,2.0490395185225747e-08,1.0175071177264964e-11,0.00014314466523494945
17,295,1.8982849244810832e-08,9.426457638675e-12,0.00013777826114743513
17,296,1.6360564913265385e-08,8.124289989915342e-12,0.0001279084239339434
17,297,1.0988946803748504e-08,5.456864783747092e-12,0.00010482817752755461
17,298,9.285768931817336e-09,4.611104810950775e-12,9.63626947102318e-05
17,299,8.949944673000219e-09,4.4443420079092696e-12,9.460414722939063e-05
17,300,1.4547147004879132e-29,7.223787284859594e-33,3.8140722338308084e-15
17,301,1.4547147004879132e-29,7.223787284859594e-33,3.8140722338308084e-15
17,302,1.4547147004879132e-29,7.223787284859594e-33,3.8140722338308084e-15
17,303,1.4547147003394148e-29,7.223787284122184e-33,3.8140722336361365e-15
18,0,1593.1360230509088,1.0,39.914108070341605
18,1,636.5942517413149,0.39958562390813035,25.23081948215941
18,2,579.3897049676845,0.36367874216925544,24.070515261782088
18,3,385.0052007651082,0.24166498980282322,19.62154939766756
18,4,262.2125469055448,0.16458892593703267,16.19297832103609
18,5,169.84993418983785,0.10661357958912357,13.032648778734039
18,6,117.68470594025601,0.07386984176962232,10.848258198450846
18,7,114.04475782146781,0.07158507256842281,10.67917402337221
18,8,64.16604993632026,0.04027656710281407,8.01037139815129
18,9,42.77809320585991,0.026851500805272377,6.540496403627167
18,10,42.284728054991355,0.026541819055735546,6.502670840123415
18,11,25.411286487290624,0.01595048138992373,5.040960869446481
18,12,22.162001618572884,0.013910928695298665,4.707653515136058
18,13,21.177847316908654,0.013293182132905618,4.601939516867715
18,14,17.70186466835719,0.011111332875680963,4.207358395520542
18,15,16.79835047260361,0.010544203526597939,4.098579079705991
18,16,13.30108251399488,0.008348993633652739,3.647064917710525
18,17,11.43066934205464,0.0071749487656204815,3.380927290264409
18,18,10.047477885521033,0.006306729456961106,3.1697756837860047
18,19,9.13171108169798,0.00573190923409694,3.021872115377813
18,20,7.566279294229295,0.004749298983108559,2.7506870585781464
18,21,6.700540209899704,0.004205880799222621,2.5885401696515555
18,22,5.728290045432114,0.003595606377955253,2.393384642181886
18,23,5.222468761897932,0.003278106003715069,2.2852721417585986
18,24,4.864457077924679,0.003053384649861272,2.20555142264348
18,25,4.629967686055873,0.002906197348541106,2.151735970340198
18,26,4.258899096595124,0.002673280269213416,2.063710032101197
18,27,3.929583542933689,0.0024665712695444582,1.9823177199767168
18,28,3.851820274017827,0.0024177598260828113,1.9626054809914872
18,29,3.810290965084544,0.002391692178165496,1.9519966611356034
18,30,3.1610441916366154,0.001984164657568354,1.7779325610485386
18,31,2.856113886296274,0.0017927621025270147,1.690004108366685
18,32,2.8043098435053926,0.0017602450782168903,1.6746073699543402
18,33,2.627105388864765,0.0016490151191445477,1.6208347814829138
18,34,2.248006519258152,0.001411057490843214,1.4993353591702399
18,35,2.036214597632281,0.0012781172280147569,1.4269599145148686
18,36,1.9479171332112646,0.00122269354595406,1.3956780191760794
18,37,1.7868967819552797,0.0011216222319380567,1.3367485859185637
18,38,1.7453307615524096,0.0010955315404958597,1.321109670524143
18,39,1.6943744263732137,0.0010635466161441945,1.3016813843537955
18,40,1.5195587626489333,0.0009538160839141201,1.2327038422301333
18,41,1.4963459145743567,0.0009392455464717973,1.223252187643397
18,42,1.444771408621434,0.0009068726007805966,1.2019864427777187
18,43,1.2131540502083762,0.0007614880541619702,1.1014327261382677
18,44,1.119241092164653,0.0007025395672249434,1.0579419134171086
18,45,1.0971377754372853,0.0006886654746129146,1.0474434473694918
18,46,1.0149764160987569,0.000637093381489826,1.007460379418842
18,47,0.9402522086274084,0.0005901895349945035,0.9696660294283844
18,48,0.8706763677332972,0.000546517281095636,0.9331004060299712
18,49,0.8655519999517104,0.0005433007523702523,0.930350471570639
18,50,0.8204497745030871,0.0005149904105061276,0.9057868261920611
18,51,0.7648584459260781,0.00048009613420287153,0.8745618594050841
18,52,0.7191783652805441,0.0004514230767962258,0.8480438463196016
18,53,0.6661136335534557,0.00041811472712658006,0.8161578484297358
18,54,0.6398873175329507,0.0004016526575725437,0.7999295703578851
18,55,0.5934553171599254,0.0003725076255720077,0.7703605111633938
18,56,0.5524272076265802,0.00034675457690590885,0.7432544703037985
18,57,0.5243984809509024,0.00032916114717352365,0.724153630765532
18,58,0.493137789257041,0.0003095390362918702,0.7022377013925135
18,59,0.4496426218456335,0.0002822374331757014,0.6705539663931857
18,60,0.4158857874278686,0.0002610485114958567,0.644892074247985
18,61,0.35475161227327473,0.00022267503034292924,0.59561028556706
18,62,0.34246114350721707,0.0002149603916754029,0.5852017972522103
18,63,0.3330313803244655,0.00020904139728552447,0.5770887109660572
18,64,0.32278528008885876,0.00020260999401087808,0.5681419541706622
18,65,0.30800331109202767,0.00019333145860464006,0.5549804600992972
18,66,0.296432883738571,0.00018606878474249308,0.5444565030730839
18,67,0.279623692476178,0.00017551777653027347,0.5287945654752685
18,68,0.26678727128612534,0.00016746044746086326,0.5165145412145967
18,69,0.26248256147574217,0.00016475841213676112,0.512330519758234
18,70,0.2437479094810477,0.00015299880609959612,0.4937083242979074
18,71,0.23677528479637677,0.0001486221398364618,0.4865956070459091
18,72,0.21225539149277883,0.0001332311795237061,0.46071183129238047
18,73,0.2009486386150577,0.00012613401222968666,0.448272951018749
18,74,0.19537019022349367,0.00012263246037796146,0.4420070024597955
18,75,0.18713555328186215,0.00011746363811640597,0.4325916703796574
18,76,0.1765884759840193,0.0001108433137089239,0.42022431626932216
18,77,0.17064821572929081,0.00010711465515825433,0.4130958916877422
18,78,0.16550452681219344,0.0001038859986953573,0.4068224757952705
18,79,0.15317162427246764,9.614472465391804e-05,0.39137146583836135
18,80,0.14991674427188592,9.410165993534584e-05,0.38719083701953216
18,81,0.13362023904758205,8.387246105432657e-05,0.3655410223867932
18,82,0.13163331952687388,8.262528599082937e-05,0.36281306416235054
18,83,0.12939968374057284,8.122324890549403e-05,0.35972167538330635
18,84,0.12314854935454207,7.729945690306373e-05,0.35092527602688023
18,85,0.11948771141671256,7.50015753130041e-05,0.3456699457816843
18,86,0.1089848674671366,6.840901585944114e-05,0.33012856202869906
18,87,0.1068280177336992,6.705517682609421e-05,0.3268455563927697
18,88,0.10215145132191138,6.411972979324636e-05,0.31961140674561567
18,89,0.09729129239180219,6.106904305979228e-05,0.3119155212422142
18,90,0.09245107467427727,5.8030873281761823e-05,0.304057683136403
18,91,0.08847355369112782,5.5534212026477187e-05,0.2974450431443224
18,92,0.0865530556234395,5.4328729230343745e-05,0.29419900683625616
18,93,0.08469559740361486,5.3162816092388624e-05,0.2910250803687113
18,94,0.08033445483042075,5.042535832977876e-05,0.28343333401422766
18,95,0.07565749883801615,4.7489666759985445e-05,0.27505908244960053
18,96,0.07497463005175568,4.7061034944258406e-05,0.27381495585843313
18,97,0.07261941663720624,4.5582684457876754e-05,0.26947990024713575
18,98,0.0710454988869695,4.459474762921686e-05,0.2665436153558541
18,99,0.06673680681876121,4.1890212670577865e-05,0.2583346798607597
18,100,0.06576267953073474,4.1278759992380945e-05,0.25644235128140347
18,101,0.06372849812189699,4.00019189823194e-05,0.2524450398045028
18,102,0.05959732280652884,3.740881001008186e-05,0.24412562914722583
18,103,0.05804523026649186,3.6434572708570926e-05,0.24092577750521396
18,104,0.05306862878731122,3.3310795826261605e-05,0.23036629264567163
18,105,0.052053604943359214,3.26736726746501e-05,0.2281525913579752
18,106,0.04890547328701803,3.0697613122426555e-05,0.22114581905841682
18,107,0.04498112256993327,2.82343264599547e-05,0.2120875351592669
18,108,0.04214356092532408,2.6453209465829382e-05,0.2052889693220853
18,109,0.038926684621122705,2.4433999393583983e-05,0.19729846583570462
18,110,0.03823685796507186,2.400100017313462e-05,0.19554247100073135
18,111,0.03634912677429603,2.2816084909489548e-05,0.19065446958908683
18,112,0.035430047848661626,2.223918569163473e-05,0.18822871154173484
18,113,0.032644391526838776,2.049064929454277e-05,0.18067758999621059
18,114,0.032439695071386554,2.0362162804694763e-05,0.18011023033516602
18,115,0.030916621471452372,1.9406140482747987e-05,0.1758312300800184
18,116,0.028811346695617465,1.8084674678589447e-05,0.169739054715223
18,117,0.02842591205000588,1.7842740129351483e-05,0.16859985779948297
18,118,0.02732560176220229,1.7152083291590413e-05,0.16530457272018306
18,119,0.026116285471643127,1.639300417150167e-05,0.16160533862358362
18,120,0.024422002521732128,1.532951497447354e-05,0.15627540600405468
18,121,0.023379932983950608,1.4675415435762511e-05,0.15290498024574153
18,122,0.021301486505155606,1.3370789560305433e-05,0.14595028778716268
18,123,0.020748890700373657,1.3023929156180172e-05,0.14404475242220266
18,124,0.01863779635331056,1.169881044910312e-05,0.13652031480080376
18,125,0.01788577565313273,1.1226772475385292e-05,0.1337377121575389
18,126,0.01615974565350394,1.0143355884049051e-05,0.1271209882493994
18,127,0.015154293163901256,9.512240602582244e-06,0.1231027748017942
18,128,0.014607576175985647,9.169070289435581e-06,0.12086180610923224
18,129,0.014198551885615151,8.912328690192096e-06,0.11915767657022837
18,130,0.013774787319097976,8.646334725843934e-06,0.11736603988845315
18,131,0.013354034630154572,8.382231295342346e-06,0.11555965831618996
18,132,0.012861309793904815,8.072951466677012e-06,0.1134077148782428
18,133,0.012118159351261218,7.606481289685822e-06,0.11008251155956253
18,134,0.011905345914698166,7.472899829293314e-06,0.10911162135491419
18,135,0.011321792889329598,7.106607800913312e-06,0.10640391388163124
18,136,0.010440561059832954,6.553464932541624e-06,0.10217906370599093
18,137,0.010072760992296068,6.322599480869433e-06,0.10036314558789032
18,138,0.009838275828444647,6.175414833445307e-06,0.09918808309693583
18,139,0.009246511180781423,5.8039684289317905e-06,0.09615878109034777
18,140,0.008724590855193486,5.476362802019631e-06,0.09340551833373383
18,141,0.008280023513084699,5.197311085357405e-06,0.09099463452910121
18,142,0.008134878579721434,5.106204656739146e-06,0.09019356174207466
18,143,0.007864936136714084,4.936763730728069e-06,0.08868447517302047
18,144,0.007538450930205655,4.731831319568852e-06,0.08682425312207215
18,145,0.007091866214656112,4.451513312136995e-06,0.08421321876437281
18,146,0.006868955307842784,4.311593742440463e-06,0.08287916087800831
18,147,0.006455310116681944,4.051951637073531e-06,0.08034494456206902
18,148,0.006258847771201769,3.92863363871207e-06,0.07911287993242168
18,149,0.0060761212507495785,3.8139375187271223e-06,0.07794947883565084
18,150,0.005794487888905038,3.6371582872179366e-06,0.07612153367415188
18,151,0.005232602901984238,3.2844671304108915e-06,0.0723367327295354
18,152,0.0049103168961835445,3.0821705272724446e-06,0.0700736533668935
18,153,0.004875207558163321,3.060132648828777e-06,0.06982268655790409
18,154,0.004753877630220005,2.983974727478806e-06,0.06894836930791043
18,155,0.004402646152997391,2.7635092605377016e-06,0.06635243893782196
18,156,0.004247014429856657,2.6658203495540086e-06,0.06516912175146031
18,157,0.0038999726409269064,2.447984719759414e-06,0.0624497609357066
18,158,0.0037402731413484144,2.347742494822047e-06,0.06115777253422834
18,159,0.0035542234809678047,2.230960463853769e-06,0.0596173085686347
18,160,0.00344132356709432,2.16009400158065e-06,0.05866279542516125
18,161,0.0031356344800341157,1.9682151647222633e-06,0.0559967363337732
18,162,0.0031144954944130297,1.954946375795751e-06,0.055807665194066575
18,163,0.00303890186567045,1.9074967998343616e-06,0.05512623572919205
18,164,0.0027837062029468043,1.7473123215278969e-06,0.05276083967249578
18,165,0.002703704192717008,1.6970956362780147e-06,0.05199715562140883
18,166,0.0026568047206816632,1.6676571756840908e-06,0.05154420162037301
18,167,0.002511038333312796,1.5761606648653099e-06,0.050110261756578324
18,168,0.002385552886695755,1.497394354392503e-06,0.04884212205356924
18,169,0.0022791324212363038,1.4305949951917408e-06,0.0477402599619682
18,170,0.0022531736830904234,1.414300882341183e-06,0.04746760667118602
18,171,0.002116597409987363,1.3285729400142545e-06,0.046006493128550485
18,172,0.0020279807411378173,1.2729488956342637e-06,0.045033107167258814
18,173,0.0019432115366283368,1.2197398768920068e-06,0.04408187310707585
18,174,0.0018551766176348524,1.1644809927040173e-06,0.04307176125531498
18,175,0.0017236984362981257,1.0819530858370684e-06,0.04151744737213652
18,176,0.0016163416722345114,1.0145660187503407e-06,0.040203751967130025
18,177,0.00153193367686726,9.615837283834407e-07,0.03913992433394909
18,178,0.0015140564534995987,9.503623241160099e-07,0.03891087834397469
18,179,0.0014513240974485403,9.109856763323989e-07,0.0380962478132498
18,180,0.0013986913740330557,8.779484951664798e-07,0.037399082529295496
18,181,0.0013469098126508113,8.454455822745342e-07,0.036700269926130125
18,182,0.001282246452515992,8.048568571442175e-07,0.035808469005474
18,183,0.0012185765310826695,7.648917063271564e-07,0.03490811554757245
18,184,0.0011758023249184267,7.380426453898933e-07,0.034289974116619375
18,185,0.0011385939310647514,7.146872047273816e-07,0.03374305752395226
18,186,0.001084025665179398,6.80435097502505e-07,0.03292454502615637
18,187,0.0009753046242698227,6.121916836718573e-07,0.031229867503238348
18,188,0.00093572821336058,5.873498557697724e-07,0.03058967494695849
18,189,0.0009122951651713877,5.726411003024788e-07,0.030204224293488943
18,190,0.0008326120160982234,5.226245619025948e-07,0.02885501717376414
18,191,0.0008040783960332145,5.047142142284734e-07,0.028356276131276732
18,192,0.0007714343067967021,4.842237546793899e-07,0.027774706241411484
18,193,0.0007370710600002216,4.626541923198158e-07,0.027149052653826094
18,194,0.0007059094860232299,4.430942969147039e-07,0.026568957187349862
18,195,0.0006829468313932894,4.2868080409444476e-07,0.02613325145084877
18,196,0.0006410091853212754,4.0235684589801777e-07,0.025318159200883372
18,197,0.0006133174386549107,3.849749360888767e-07,0.024765246589826453
18,198,0.0005705154558694737,3.58108439966675e-07,0.0238854653684929
18,199,0.0005198280222551507,3.2629230318931756e-07,0.022799737328643738
18,200,0.0005167439614270305,3.2435646043421233e-07,0.022732003022765734
18,201,0.0005029079600317156,3.156717020738945e-07,0.022425609468456273
18,202,0.0004863831767724847,3.052992147155424e-07,0.022054096598421
18,203,0.0004758879426673323,2.9871143190648027e-07,0.021814856008402446
18,204,0.0004536123794045222,2.847292213855282e-07,0.02129817784235361
18,205,0.0004480817147313534,2.812576630294643e-07,0.021167940729588067
18,206,0.0004024857876983593,2.526374282389181e-07,0.020062048442229405
18,207,0.00039533765514838866,2.4815059695361346e-07,0.019883099736922025
18,208,0.00038386052668511753,2.4094648613243446e-07,0.019592358885165348
18,209,0.00037750618385796965,2.3695791093533413e-07,0.019429518364024612
18,210,0.0003448152815471966,2.164380671569172e-07,0.01856920250164763
18,211,0.00033112021647363265,2.0784177351003987e-07,0.01819670894622521
18,212,0.0003151239940174846,1.978010599584658e-07,0.01775173214132876
18,213,0.00029528392857508035,1.8534759386684495e-07,0.017183827529833984
18,214,0.0002900652948841944,1.820718951095649e-07,0.017031303381837646
18,215,0.00027358655576572064,1.717283093265277e-07,0.01654045210282115
18,216,0.00025960341843420483,1.629511947994595e-07,0.016112213331327414
18,217,0.00022694354212590524,1.42450825819192e-07,0.015064645436448388
18,218,0.00020841243639641463,1.308189843057455e-07,0.014436496680164985
18,219,0.0002027531694630988,1.2726670323781875e-07,0.014239142160365518
18,220,0.00019593882445149253,1.2298938798475168e-07,0.013997814988472041
18,221,0.00019103880646707458,1.1991368201017065e-07,0.013821678858484399
18,222,0.00017997764798798142,1.1297067255018075e-07,0.013415574828831652
18,223,0.0001766938057341147,1.1090942843395139e-07,0.013292622229421654
18,224,0.00016032734989391293,1.0063632205546434e-07,0.012662043669720655
18,225,0.00015006763647982364,9.419637388679411e-08,0.012250209650443687
18,226,0.00014164678882469975,8.89106685023928e-08,0.011901545648557575
18,227,0.0001343983041071956,8.436084688476151e-08,0.011593028254394776
18,228,0.00013223396504581574,8.30023068542404e-08,0.011499302806945113
18,229,0.00012169456307876079,7.638680019657808e-08,0.01103152587264159
18,230,0.00011635275285422281,7.303378441685312e-08,0.010786693323452874
18,231,0.00011373600964200987,7.139127356131312e-08,0.010664708605583646
18,232,0.00010705061633344721,6.719490036289664e-08,0.010346526776336453
18,233,9.903662293556872e-05,6.216457446358552e-08,0.009951714572653736
18,234,9.221333589961419e-05,5.7881646366279865e-08,0.00960277750963825
18,235,9.0808916437638e-05,5.700010239159359e-08,0.00952937125090832
18,236,8.456447159167272e-05,5.3080509365251145e-08,0.00919589427906132
18,237,8.068578443730514e-05,5.0645885392001344e-08,0.008982526617678633
18,238,7.905211742045552e-05,4.962044437929918e-08,0.008891125767891011
18,239,7.784108619559987e-05,4.8860288807312e-08,0.00882275955671466
18,240,7.202884398602264e-05,4.521198626096282e-08,0.008486980852224343
18,241,6.821963165928853e-05,4.282097113631619e-08,0.00825951764083645
18,242,6.441707017031246e-05,4.043413069459795e-08,0.00802602455580049
18,243,6.178872406177039e-05,3.878433678465378e-08,0.007860580389625844
18,244,5.747645751331805e-05,3.6077558150526727e-08,0.007581322939521707
18,245,5.6425486426090816e-05,3.5417871173381743e-08,0.0075116899846899175
18,246,5.375378304502239e-05,3.374086221594695e-08,0.007331697146297192
18,247,5.1237276632899575e-05,3.2161269277420816e-08,0.007158021837973085
18,248,4.857439658961305e-05,3.048979866552227e-08,0.006969533455663517
18,249,4.638454097352276e-05,2.9115242077506235e-08,0.0068106197202253745
18,250,4.534904454074792e-05,2.846526842943579e-08,0.0067341699221765946
18,251,4.450070676801857e-05,2.793277292343075e-08,0.0066708850063554965
18,252,4.2051482639162544e-05,2.6395412589210397e-08,0.00648471145380907
18,253,3.972876028019036e-05,2.4937456504252825e-08,0.006303075462041555
18,254,3.600026965776618e-05,2.2597109811643367e-08,0.006000022471438435
18,255,3.521853329870156e-05,2.2106419533001892e-08,0.005934520477570328
18,256,3.400612314573557e-05,2.134539841777773e-08,0.005831476926622926
18,257,3.227213473601821e-05,2.0256986389784845e-08,0.005680856866355481
18,258,2.9198357114611243e-05,1.8327598329422877e-08,0.005403550417513585
18,259,2.7275162231854417e-05,1.7120422761906777e-08,0.005222562803055069
18,260,2.5552811245017264e-05,1.6039315460385346e-08,0.005054978857029697
18,261,2.4124324554586448e-05,1.514266465984967e-08,0.004911651917083136
18,262,2.054663383958079e-05,1.289697398231778e-08,0.004532839489721734
18,263,1.9431161322860006e-05,1.2196799922738977e-08,0.004408079096710948
18,264,1.7449925165268886e-05,1.0953192265310588e-08,0.004177310757565073
18,265,1.6440649275471354e-05,1.0319677063096572e-08,0.004054707051745089
18,266,1.5267475047870335e-05,9.583284055452221e-09,0.003907361647949974
18,267,1.4888655723908405e-05,9.34550189593738e-09,0.0038585820872320967
18,268,1.3643542217540074e-05,8.563953121474358e-09,0.003693716585979503
18,269,1.3084782738156453e-05,8.213223823222989e-09,0.003617289418633302
18,270,1.1820066753745859e-05,7.419370714567131e-09,0.0034380323956801017
18,271,1.0505909089278318e-05,6.594483419663784e-09,0.003241282013228457
18,272,9.694394662736816e-06,6.08510166267644e-09,0.0031135822877734927
18,273,7.151950927846694e-06,4.489228053578544e-09,0.002674313169366425
18,274,7.013011903758746e-06,4.402017029486656e-09,0.002648209188066295
18,275,6.354615437171365e-06,3.9887463124473605e-09,0.0025208362575088778
18,276,5.522388912174822e-06,3.4663637205310707e-09,0.002349976364173653
18,277,4.3068679323438805e-06,2.7033899617033857e-09,0.0020752994801579556
18,278,2.706811285076387e-06,1.6990459357593036e-09,0.00164523897506605
18,279,2.2125592809772197e-06,1.3888075148411336e-09,0.0014874674050133737
18,280,1.7062812683217418e-06,1.0710204550231412e-09,0.001306247016579078
18,281,8.446722555812667e-07,5.301946873084265e-10,0.0009190605287908227
18,282,6.414474743133771e-07,4.0263195673962835e-10,0.0008009041605044745
18,283,3.4619889093485863e-07,2.1730654879793388e-10,0.0005883866848721669
18,284,1.9963452013433806e-07,1.2530914953013948e-10,0.0004468047897397006
18,285,1.720810886530093e-07,1.0801405916581326e-10,0.0004148265765991968
18,286,1.3498393559529625e-07,8.472844354921904e-11,0.000367401599881242
18,287,8.662978885906933e-08,5.437689412933516e-11,0.0002943293883713778
18,288,7.059411025316338e-08,4.431141423691701e-11,0.00026569552170325225
18,289,5.302080979620955e-08,3.3280780190176686e-11,0.00023026248021814052
18,290,4.5535874823587e-08,2.8582540451495333e-11,0.00021339136539135552
18,291,3.0408552174617226e-08,1.908722904676013e-11,0.00017438048105971387
18,292,2.3866738001938624e-08,1.498097943716885e-11,0.00015448863389239554
18,293,2.0706683485644917e-08,1.299743599168069e-11,0.00014389817054307854
18,294,1.6613187564777814e-08,1.0427978103817528e-11,0.00012889215478367104
18,295,1.3925721631913345e-08,8.741075106220449e-12,0.00011800729482499522
18,296,1.2108398011170275e-08,7.600354166860333e-12,0.0001100381661568852
18,297,9.45471993453796e-09,5.934659563112417e-12,9.723538416923111e-05
18,298,8.790565261887752e-09,5.517774461626651e-12,9.375801438750584e-05
18,299,6.6578570222199075e-09,4.179088869932078e-12,8.159569242441606e-05
18,300,1.1097787592375644e-29,6.966001290412736e-33,3.331334206046527e-15
18,301,1.1097787592375644e-29,6.966001290412736e-33,3.331334206046527e-15
18,302,1.1097787592375644e-29,6.966001290412736e-33,3.331334206046527e-15
18,303,1.1097787568569408e-29,6.966001275469732e-33,3.3313342024734486e-15
19,0,1500.2964848178508,1.0,38.733660875494984
19,1,819.2296790174383,0.546045189939174,28.622188578399072
19,2,563.9454720389604,0.37588935103545773,23.747536125648075
19,3,343.93305316761314,0.2292433906551275,18.545432137526834
19,4,323.6211551862641,0.21570480132502248,17.989473454947593
19,5,178.16003279026756,0.11874988350179182,13.347660199086114
19,6,119.80038206055958,0.07985113827358224,10.945336087145044
19,7,100.15281737118116,0.06675535028220811,10.007637951643792
19,8,60.73581457447775,0.04048254141037437,7.793318585460096
19,9,46.62714079071835,0.031078617634953197,6.828406899908525
19,10,34.53773082436103,0.023020603709908855,5.876881045619439
19,11,33.72138201862094,0.022476478722613963,5.807011453288252
19,12,29.21245772443554,0.019471123221342607,5.40485501419192
19,13,23.10338164825769,0.015399210677389974,4.806597720660394
19,14,20.365998073822325,0.01357464893100442,4.512870269996948
19,15,17.9700124593605,0.011977640847130438,4.239105148419947
19,16,17.83707512850173,0.011889033473718568,4.22339616049711
19,17,13.83776060077592,0.009223350678220077,3.7199140582513355
19,18,9.31656708887448,0.006209817314879328,3.052305208997698
19,19,7.865200961696491,0.005242431106976429,2.8044965611846435
19,20,6.587473026813491,0.004390780817974968,2.566607298909105
19,21,6.001013752033142,0.003999885231192632,2.4496966653104506
19,22,5.814426844922701,0.003875518541675863,2.4113122661577244
19,23,5.415936260108824,0.0036099106509380153,2.3272164188379265
19,24,5.2868778323760015,0.003523888701917391,2.299321167731033
19,25,4.949784604704345,0.003299204293813494,2.224811139109193
19,26,4.688647526587008,0.0031251473119036544,2.1653285031576637
19,27,4.581763254222189,0.003053905211794491,2.140505373556018
19,28,4.253937831825944,0.0028353981195539555,2.0625076561860185
19,29,4.011185758482689,0.002673595385361236,2.002794487330812
19,30,3.889479856365127,0.0025924741514257057,1.9721764262776105
19,31,3.1174381767800208,0.0020778814109922447,1.7656268509455844
19,32,2.973940219729419,0.0019822350114287453,1.7245115887489475
19,33,2.6031463139917745,0.0017350879245096808,1.6134268852327256
19,34,2.505848413580844,0.001670235476079967,1.582987180485314
19,35,2.3532465044262794,0.0015685209745139037,1.5340294992034147
19,36,2.164600478113431,0.0014427818101408355,1.4712581276286738
19,37,1.9976007265812892,0.001331470643833319,1.4133650365639052
19,38,1.867346497350495,0.0012446516513549034,1.3665088720350465
19,39,1.6407462733299258,0.001093614688785415,1.2809161851307547
19,40,1.5590350957845667,0.0010391513354601023,1.2486132691047964
19,41,1.4716736774906063,0.0009809218993599659,1.2131255819125266
19,42,1.4287042011081144,0.0009522812427848697,1.1952841507809406
19,43,1.2806297454710742,0.0008535844470945048,1.1316491264835908
19,44,1.261463811862248,0.0008408096830376837,1.1231490603932535
19,45,1.1914046016837514,0.000794112772868623,1.0915148197270395
19,46,1.1216041372713434,0.0007475883257884964,1.059058136870372
19,47,1.071550177469308,0.0007142256136122345,1.0351570786452209
19,48,0.9705576391538437,0.0006469105599961984,0.9851688378921878
19,49,0.8464170085699758,0.0005641664945130751,0.9200092437415919
19,50,0.7682047913985677,0.000512035320466564,0.8764729267915625
19,51,0.7278569545453171,0.0004851420781897555,0.8531453302605114
19,52,0.7047716208597911,0.0004697548971097913,0.8395067723727969
19,53,0.652697021764287,0.0004350453582803203,0.8078966652761274
19,54,0.6301368112194782,0.0004200081901118247,0.7938115716084505
19,55,0.5924275853817782,0.0003948736742216017,0.7696931761304489
19,56,0.5569907798465902,0.0003712538058197302,0.7463181492142544
19,57,0.5287933752596375,0.00035245925096187754,0.7271818034437039
19,58,0.5212714542551096,0.0003474456279342656,0.7219913117587424
19,59,0.47871063451946877,0.0003190773552852711,0.691889177917583
19,60,0.4446324686415929,0.00029636306766097313,0.6668076699030935
19,61,0.40684509654722684,0.0002711764645616839,0.6378441005035845
19,62,0.3939261971243794,0.0002625655669467262,0.6276354014269585
19,63,0.359445575622769,0.00023958302859478396,0.5995378016628885
19,64,0.35053467182104747,0.00023364360002723426,0.5920596860292444
19,65,0.32704644744753725,0.00021798787823411022,0.5718797491147394
19,66,0.32392001186646613,0.00021590399973895352,0.5691397120799656
19,67,0.3145905525411397,0.00020968558929826045,0.5608837246178032
19,68,0.29711345292887026,0.00019803649207705932,0.5450811434354249
19,69,0.28361424289557546,0.0001890387971748189,0.5325544506391581
19,70,0.27620797044255346,0.00018410225794542707,0.5255549166762247
19,71,0.2649085393873997,0.00017657079255208808,0.5146926649830943
19,72,0.25005032006157385,0.00016666727049749247,0.5000503175297201
19,73,0.2383017710709062,0.0001588364523161821,0.48816162392276
19,74,0.22529327750344139,0.00015016583707505918,0.47465068998521576
19,75,0.22094662625542702,0.0001472686422259077,0.47004959978222194
19,76,0.20922415692992669,0.00013945520705217697,0.45741027199870216
19,77,0.18990519578110146,0.0001265784447959682,0.4357811328879458
19,78,0.18044736252577,0.0001202744686478939,0.42479096332875305
19,79,0.17493223564323063,0.00011659844398320305,0.418249011526902
19,80,0.16672996072156124,0.00011113134131071681,0.40832580217463754
19,81,0.16222338174200865,0.00010812754904355055,0.4027696385553517
19,82,0.15779551715333026,0.00010517622266674046,0.3972348387960581
19,83,0.15615258717695404,0.00010408115246361611,0.39516146975249755
19,84,0.1510339641124588,0.00010066941144022988,0.38863088414645947
19,85,0.14275279988246015,9.514972628879524e-05,0.3778264150141704
19,86,0.13797582487464907,9.1965705626112e-05,0.37145097237004115
19,87,0.13164368742443888,8.77451148866896e-05,0.3628273520897217
19,88,0.12479686453178743,8.318146832620144e-05,0.35326599685192944
19,89,0.12043691597000417,8.02754103530585e-05,0.34704022240945526
19,90,0.11542878407502102,7.693731555268897e-05,0.3397481185746597
19,91,0.10534640740822176,7.021705941076822e-05,0.324571113021818
19,92,0.09503269315321684,6.334260868761193e-05,0.30827373088412324
19,93,0.08996900224740283,5.996748186630982e-05,0.29994833262980947
19,94,0.08827143412288636,5.883599342939425e-05,0.29710508935877616
19,95,0.0828490037898487,5.5221754252065256e-05,0.2878350287749021
19,96,0.0792817624054353,5.284406329530313e-05,0.2815701731459412
19,97,0.07590090340289246,5.059060270484303e-05,0.2755011858466175
19,98,0.07392740252076031,4.927519544894205e-05,0.27189594061103656
19,99,0.07141694422968646,4.7601887328528336e-05,0.2672394885298325
19,100,0.06972372604852597,4.6473298280766854e-05,0.26405250623413135
19,101,0.06748186964351835,4.497902269744453e-05,0.2597727269047279
19,102,0.06408894307252319,4.2717518651191233e-05,0.25315794096279737
19,103,0.06366714481912485,4.243637538539897e-05,0.2523234924043436
19,104,0.0596963584120953,3.978970757859435e-05,0.24432838233020596
19,105,0.05905274090383438,3.936071403313586e-05,0.24300769721108503
19,106,0.057033952259814155,3.801512090241188e-05,0.2388178223244952
19,107,0.051645348285562165,3.44234281744867e-05,0.22725612925851343
19,108,0.050188242299320895,3.3452216150072624e-05,0.224027324894355
19,109,0.0479599071424551,3.196695295082149e-05,0.2189975048772362
19,110,0.04414555488564817,2.9424553968083067e-05,0.21010843601732931
19,111,0.04291245049580398,2.860264683017899e-05,0.2071532053717827
19,112,0.04010886715036676,2.6733960624613695e-05,0.20027198293911896
19,113,0.038149507190126004,2.542797878697802e-05,0.19531898829895164
19,114,0.03738807173902924,2.4920455468219325e-05,0.19335995381419918
19,115,0.03567439952638011,2.377823309418158e-05,0.18887667809017636
19,116,0.033551528569979734,2.2363265467527364e-05,0.18317076341485214
19,117,0.031437639883997275,2.0954284837782632e-05,0.1773066267345845
19,118,0.02915980739142705,1.9436029935754537e-05,0.17076242968354324
19,119,0.02847251376815457,1.897792473439767e-05,0.1687380033310652
19,120,0.026219750227289278,1.747637916413074e-05,0.16192513772508974
19,121,0.02536025206090261,1.6903493621116872e-05,0.15924902530597357
19,122,0.02433081959592452,1.621734093370118e-05,0.15598339525707383
19,123,0.023421289332515267,1.561110725081704e-05,0.15304015594776185
19,124,0.022674338144737276,1.5113238199375066e-05,0.1505800057933897
19,125,0.021894939217104826,1.4593741596190612e-05,0.14796938608071883
19,126,0.019954284661082643,1.3300227563690698e-05,0.1412596356397773
19,127,0.01919597044796786,1.2794784659045856e-05,0.1385495234490825
19,128,0.018610779373435325,1.2404734372016367e-05,0.1364213303462304
19,129,0.01762627045461097,1.1748524796917694e-05,0.13276396519617426
19,130,0.017095442747560342,1.1394709592774843e-05,0.13074954205487813
19,131,0.016510480810346898,1.1004812033770388e-05,0.1284931158091627
19,132,0.015951821697629473,1.0632446225831267e-05,0.1263005213672116
19,133,0.01562317598625665,1.0413392382341976e-05,0.1249927037320845
19,134,0.014844123051750127,9.894126395658612e-06,0.12183646027257246
19,135,0.014147804547865572,9.430005796209834e-06,0.11894454400209188
19,136,0.01299013792448684,8.65838056406828e-06,0.11397428624249788
19,137,0.012503511071613698,8.334026772802666e-06,0.1118190997621323
19,138,0.012111796097229175,8.072935063031661e-06,0.11005360556214946
19,139,0.011611969813266025,7.73978338999829e-06,0.10775885027813736
19,140,0.011110105752298035,7.405273467428606e-06,0.10540448639549474
19,141,0.010839039065977708,7.224598054892905e-06,0.10411070581826687
19,142,0.010468380388074792,6.97754110204807e-06,0.10231510342112152
19,143,0.010326226208239076,6.882790376925246e-06,0.10161804076166336
19,144,0.009553933144322312,6.368030080055972e-06,0.09774422307391016
19,145,0.008707432629927373,5.8038079259943964e-06,0.09331362510334369
19,146,0.008154670380353597,5.435372583268863e-06,0.09030321356603871
19,147,0.00811980293679478,5.412132214507318e-06,0.09010994915543333
19,148,0.007830687937878326,5.219426971348961e-06,0.0884911743502047
19,149,0.007684733027836142,5.1221429268156535e-06,0.08766260906359188
19,150,0.0073222903436868745,4.880562220723902e-06,0.08557038239768988
19,151,0.0068917076019323585,4.593563786673187e-06,0.08301630925265444
19,152,0.006683269452182932,4.454632480855502e-06,0.08175126575278778
19,153,0.006019948097325828,4.012505633549293e-06,0.07758832449103298
19,154,0.005887165082437406,3.924001117120633e-06,0.0767278637943049
19,155,0.005542649418614172,3.6943693961177936e-06,0.07444897191106249
19,156,0.005209220355728842,3.472127281802761e-06,0.07217492885849519
19,157,0.005104307791568307,3.40219939406711e-06,0.07144443849291775
19,158,0.0049735145178281814,3.315021109598887e-06,0.07052314880823304
19,159,0.004797711533942211,3.1978422815039093e-06,0.06926551475259685
19,160,0.004539146712159429,3.0254997982685543e-06,0.06737318986183917
19,161,0.004025971440904214,2.683450559036004e-06,0.06345054326721099
19,162,0.0037813730297585235,2.520417176220749e-06,0.06149286974730098
19,163,0.0037569521153254454,2.504139783931822e-06,0.061293981069314184
19,164,0.0034508820788573154,2.300133416146931e-06,0.058744208896344116
19,165,0.0033632535277127273,2.2417259266731243e-06,0.05799356453704779
19,166,0.0032174492322917976,2.144542272044598e-06,0.05672256369639685
19,167,0.003053181057529202,2.0350517970452254e-06,0.055255597522144324
19,168,0.0030074531878215385,2.0045725749911824e-06,0.05484025152952472
19,169,0.0028739866734464412,1.915612482285705e-06,0.0536095763222061
19,170,0.0026940255698022957,1.7956621221633897e-06,0.05190400340823717
19,171,0.002576955038830314,1.717630524971322e-06,0.050763717740432625
19,172,0.0024838234554533556,1.6555550723395274e-06,0.04983797202388311
19,173,0.0024501726751338204,1.6331256521148837e-06,0.04949921893458341
19,174,0.0023069514771126344,1.5376637221093793e-06,0.04803073471343775
19,175,0.002224928493282993,1.4829925390067944e-06,0.04716914768450871
19,176,0.0020993771446553323,1.3993081806828436e-06,0.04581896053660899
19,177,0.0020575255390433045,1.3714126240141835e-06,0.04535995523634591
19,178,0.002016687522601837,1.3441926599239352e-06,0.044907544161330366
19,179,0.0019574713873451136,1.3047230378485942e-06,0.04424332025679259
19,180,0.0017096637572895225,1.1395505985585848e-06,0.04134808045471425
19,181,0.0016799751225454534,1.1197620867247563e-06,0.04098749958884359
19,182,0.0015919381621928542,1.0610823782514757e-06,0.03989909976669717
19,183,0.0015235287803254966,1.0154851362665603e-06,0.03903240679647486
19,184,0.0014904229736725858,9.93418960022116e-07,0.03860599660250446
19,185,0.0014136570334202193,9.422517800485613e-07,0.037598630738634876
19,186,0.0013330826435420807,8.885461354019827e-07,0.036511404294303454
19,187,0.0013158351296658306,8.770500650913573e-07,0.03627444182431799
19,188,0.0011900350023971403,7.931998871153931e-07,0.03449688395199109
19,189,0.0011738062065462208,7.823828279439922e-07,0.03426085530961276
19,190,0.0010916885789502393,7.276485614660224e-07,0.033040710932881565
19,191,0.0010633592283412975,7.087660599767376e-07,0.032609189323583275
19,192,0.0010166815123562988,6.776537322086261e-07,0.031885443580986904
19,193,0.0009275165873140825,6.182221958792973e-07,0.030455156990468503
19,194,0.0009050500253621396,6.032474477683127e-07,0.030084049351145194
19,195,0.0008808822141453845,5.871387576118539e-07,0.02967965993985417
19,196,0.0008440424466325056,5.625837660580668e-07,0.029052408620155845
19,197,0.000809627054457865,5.396447053304673e-07,0.0284539462018516
19,198,0.0007735362801705959,5.155889439176484e-07,0.027812520205306744
19,199,0.0007135983179476701,4.7563819896192536e-07,0.026713261087850545
19,200,0.0006690321663240433,4.4593330258003613e-07,0.025865656116248883
19,201,0.0006415031678162546,4.275842637158073e-07,0.025327912819975013
19,202,0.0006382963538857617,4.2544681024381426e-07,0.02526452758089416
19,203,0.0006016909154812826,4.0104800722394093e-07,0.024529388811816787
19,204,0.0005727886494658944,3.81783637609093e-07,0.02393300335239801
19,205,0.0005265095650570914,3.509370117073988e-07,0.022945796239335244
19,206,0.0005066006327364155,3.37667013062369e-07,0.022507790489881843
19,207,0.0004724238963440553,3.1488702474791954e-07,0.021735314498393055
19,208,0.00045951884029079096,3.062853542222227e-07,0.021436390561164698
19,209,0.0004463938545407984,2.975370928733427e-07,0.02112803480072859
19,210,0.0004145380573460055,2.763040915851603e-07,0.020360207694078307
19,211,0.00039733044896486853,2.648346196805946e-07,0.019933149499385905
19,212,0.0003670907272913339,2.446787891633979e-07,0.019159611877366773
19,213,0.0003505040683412703,2.3362320173923796e-07,0.018721753879945926
19,214,0.00031436415425829226,2.0953468693653498e-07,0.017730317376129855
19,215,0.00030041822906632206,2.0023924078099502e-07,0.01733257710400626
19,216,0.0002754316591011305,1.8358481932627494e-07,0.016596133860063027
19,217,0.0002744891758033352,1.8295662129519727e-07,0.016567714863653805
19,218,0.00024983628504763445,1.6652460868624028e-07,0.015806210331627074
19,219,0.0002474908145783497,1.6496127071070042e-07,0.015731840787979953
19,220,0.00023984120017697338,1.5986253557482153e-07,0.015486807294499838
19,221,0.0002312416716397652,1.5413064949481634e-07,0.015206632488482294
19,222,0.0002198329756931421,1.4652635523559982e-07,0.014826765516900242
19,223,0.0002107733334372501,1.404877872941493e-07,0.014518034764982831
19,224,0.00020597705852692282,1.3729090257245403e-07,0.014351900868070502
19,225,0.0001881303494642259,1.2539544774516125e-07,0.013716061733027666
19,226,0.0001824211315576479,1.2159005463496467e-07,0.013506336718653504
19,227,0.00016856718126179418,1.1235591295960392e-07,0.01298334245338211
19,228,0.00016584993463444328,1.1054477319166612e-07,0.012878273744351115
19,229,0.0001628489395166443,1.0854450514587162e-07,0.01276122797839786
19,230,0.0001492529173840358,9.948228159859776e-08,0.012216911122867179
19,231,0.00014322001711776795,9.546114289213717e-08,0.01196745658516328
19,232,0.00013287590366580158,8.856643004261513e-08,0.01152718108063726
19,233,0.00012423015796954992,8.280373861212676e-08,0.011145858332562366
19,234,0.00011982269828141764,7.986601281410398e-08,0.010946355479401244
19,235,0.00011344235025996246,7.561328804535282e-08,0.010650931896316043
19,236,9.959969675956986e-05,6.638667607866997e-08,0.009979964767451329
19,237,9.188735049416896e-05,6.124612796471685e-08,0.009585788986524216
19,238,8.896813481686207e-05,5.93003687718855e-08,0.00943229212953363
19,239,8.730162101914005e-05,5.81895791282476e-08,0.009343533647348847
19,240,8.280814735157813e-05,5.5194522009182584e-08,0.00909989820556132
19,241,7.912635512736054e-05,5.2740478917383574e-08,0.008895299608633795
19,242,7.047594877654368e-05,4.6974680997869616e-08,0.008394995460186008
19,243,6.96700642543396e-05,4.6437530820981805e-08,0.008346859544423855
19,244,6.01176816280941e-05,4.007053421537071e-08,0.0077535592877138754
19,245,5.9542133385842065e-05,3.968691121280005e-08,0.007716354928710969
19,246,5.5992447677391904e-05,3.732092172714107e-08,0.007482810145753526
19,247,5.310657419601492e-05,3.5397386272262396e-08,0.007287425759211199
19,248,5.012340618132487e-05,3.3409000613242316e-08,0.007079788568970465
19,249,4.865354806845864e-05,3.242928885110706e-08,0.0069752095358102785
19,250,4.6286035333504945e-05,3.085125893574594e-08,0.006803384108919982
19,251,4.093912922490837e-05,2.728735929143948e-08,0.006398369262937891
19,252,4.0704467619062425e-05,2.7130949136366405e-08,0.006380005299297362
19,253,3.7011876712241665e-05,2.4669708345504277e-08,0.006083738711700369
19,254,3.207893436696743e-05,2.1381730005760892e-08,0.005663826830594967
19,255,3.0146819679488972e-05,2.00939080938719e-08,0.005490611958560628
19,256,2.8766447875173874e-05,1.9173842081397914e-08,0.005363436200345248
19,257,2.7643952573551786e-05,1.8425659763448692e-08,0.005257751665260712
19,258,2.5245750070689305e-05,1.6827174046038214e-08,0.005024514908992639
19,259,2.25876476781383e-05,1.5055455976010394e-08,0.0047526463868184324
19,260,2.1138445382096868e-05,1.4089512037124623e-08,0.0045976565097989724
19,261,2.0371864790188833e-05,1.3578559302338268e-08,0.0045135202215331694
19,262,1.947050848558063e-05,1.2977773848443375e-08,0.004412539913199724
19,263,1.889892627127414e-05,1.2596794341998766e-08,0.004347289531567243
19,264,1.738455065410065e-05,1.1587410108616823e-08,0.004169478463081522
19,265,1.7083113353922425e-05,1.1386491621352072e-08,0.004133172311182105
19,266,1.3940957915746433e-05,9.2921352924712e-09,0.003733759220376487
19,267,1.300212338053108e-05,8.666369289073988e-09,0.0036058457233402374
19,268,1.204500399034237e-05,8.028415791299237e-09,0.0034705913026950278
19,269,1.1719958389691378e-05,7.81176154732795e-09,0.00342344247646888
19,270,1.0320022406127254e-05,6.878655326170545e-09,0.0032124791682012904
19,271,9.572481389969807e-06,6.3803931335158665e-09,0.0030939426933881318
19,272,9.153053265894015e-06,6.100829641685974e-09,0.0030254013396397534
19,273,7.261056739700862e-06,4.8397478852870994e-09,0.0026946348063700324
19,274,5.429808127935001e-06,3.6191567352730467e-09,0.0023301948690903516
19,275,4.867177293979071e-06,3.244143636429295e-09,0.002206168011276356
19,276,4.6630066030526266e-06,3.108056740943945e-09,0.002159399593186177
19,277,3.2150360392337367e-06,2.1429337945986526e-09,0.0017930521574214557
19,278,2.769115617777953e-06,1.8457122614095492e-09,0.0016640659896103738
19,279,1.845570433313412e-06,1.2301371442175182e-09,0.0013585177338972841
19,280,1.6950793369623924e-06,1.12982957309814e-09,0.00130195212544947
19,281,9.252708328708617e-07,6.167253221173798e-10,0.0009619099920839068
19,282,5.696491491432213e-07,3.7969105100741586e-10,0.0007547510511044164
19,283,4.21759673663153e-07,2.811175510514899e-10,0.0006494302685147598
19,284,2.444142626920532e-07,1.6291064144013322e-10,0.0004943827087308507
19,285,1.6224225709750727e-07,1.0814013012714943e-10,0.00040279306982308826
19,286,1.4542211249427236e-07,9.692891636144031e-11,0.0003813425133580996
19,287,1.065052503699797e-07,7.098946871351923e-11,0.00032635142158412563
19,288,7.442755199502098e-08,4.960856253959506e-11,0.0002728141345220606
19,289,4.577550540460489e-08,3.05109729095729e-11,0.0002139521100728032
19,290,4.326044717013919e-08,2.8834598766250786e-11,0.00020799145936826154
19,291,3.7369815819780635e-08,2.490828726051282e-11,0.00019331274096598142
19,292,2.8395941753369433e-08,1.8926886812520227e-11,0.00016851095440169293
19,293,1.833667147888979e-08,1.2222031887994473e-11,0.00013541296643560316
19,294,1.7913094390105007e-08,1.1939702966297235e-11,0.00013383980868973553
19,295,1.4465359583204683e-08,9.641667316817653e-12,0.00012027202327725548
19,296,1.4251536582398902e-08,9.499146819722879e-12,0.00011937979972507452
19,297,1.2296070252739829e-08,8.195760222842008e-12,0.00011088764697990407
19,298,8.048514544677274e-09,5.364616011650814e-12,8.971351372383803e-05
19,299,5.230216666664163e-09,3.4861220562675367e-12,7.232023690962415e-05
19,300,9.69113429790634e-30,6.459479440214065e-33,3.1130586724163007e-15
19,301,9.69113429790634e-30,6.459479440214065e-33,3.1130586724163007e-15
19,302,9.69113429790634e-30,6.459479440214065e-33,3.1130586724163007e-15
19,303,9.691134035078487e-30,6.459479265030123e-33,3.1130586302025357e-15
20,0,1343.9001426626103,1.0,36.65924361825555
20,1,753.9233109170697,0.5609965256967341,27.457663974145174
20,2,585.3959802661223,0.4355948494106883,24.194957744664947
20,3,514.9521106996536,0.3831773614365437,22.69255628393711
20,4,335.59799016291777,0.2497194393461498,18.319333780542287
20,5,168.8974887198376,0.12567711198036519,12.996056660381164
20,6,157.68117365087346,0.11733101935569906,12.557116454460134
20,7,83.08539592521385,0.061824084459579265,9.115119084532788
20,8,61.22274886349439,0.04555602527297634,7.824496716306704
20,9,55.409692735035286,0.0412305133216628,7.44376871853467
20,10,48.93217010857857,0.0364105699190056,6.995153329883382
20,11,31.23444455057525,0.02324164092184098,5.588778448871922
20,12,30.548913184545064,0.02273153504100375,5.527107126204907
20,13,25.565661208717003,0.019023482770129694,5.056249717796482
20,14,21.00576677354165,0.015630452075050642,4.5832048583433025
20,15,16.785091308635863,0.012489835201133545,4.096961228598077
20,16,15.67353192842559,0.011662720637392232,3.9589811730324747
20,17,14.11318534483978,0.01050166221195419,3.756751967436735
20,18,12.993944879843161,0.009668832130710864,3.6047114835785625
20,19,9.315033724050918,0.00693134365295583,3.0520540172236332
20,20,8.802912961759121,0.006550273106094249,2.96697033381851
20,21,7.737476263669059,0.005757478564098622,2.7816319425238594
20,22,7.42136973549472,0.005522262778238185,2.7242191056327902
20,23,6.932260057416943,0.005158314845984286,2.63291854363498
20,24,6.473129878362264,0.004816674746039789,2.5442346350842455
20,25,6.061724079219423,0.0045105464958204375,2.4620568797693165
20,26,5.939728669692442,0.004419769357211555,2.4371558566682685
20,27,4.913997956225888,0.003656520153714695,2.2167539232458546
20,28,4.658018153470455,0.003466044838898319,2.1582442293379254
20,29,4.43687808699939,0.003301493873055775,2.1063898231332656
20,30,4.069312188082595,0.003027987019943495,2.0172536251256545
20,31,3.2035337236958856,0.0023837587496261924,1.789841815271921
20,32,3.0966565643495345,0.0023042311448931503,1.759731958097464
20,33,2.7688232453960584,0.0020602894199492463,1.6639781384970351
20,34,2.6565535581543394,0.00197674921954471,1.629893726030731
20,35,2.5960112397515105,0.0019316995045540717,1.6112142128691362
20,36,2.419393117912436,0.001800277447042307,1.5554398470890594
20,37,2.1859978542997194,0.001626607353407001,1.4785120406340015
20,38,2.0391686716756734,0.001517351332097903,1.4279946329295756
20,39,1.89880806204354,0.0014129085947424003,1.377972446039303
20,40,1.7673690825656347,0.0013151044683007652,1.3294243425504269
20,41,1.5460775590681868,0.001150440802844928,1.2434136717392916
20,42,1.4712160667342606,0.001094736148936933,1.2129369590932007
20,43,1.3870474860876918,0.0010321060635796909,1.1777298018169073
20,44,1.288015391795472,0.0009584159945422609,1.1349076578274868
20,45,1.226838333827803,0.0009128939679975941,1.1076273442940108
20,46,1.122787298051934,0.0008354692900228471,1.0596165806799807
20,47,1.0423694123797116,0.0007756301076912686,1.0209649417975681
20,48,0.9634907513308546,0.0007169362668731716,0.9815756472788303
20,49,0.9245403436422044,0.0006879531553664793,0.9615302094277665
20,50,0.9048093981451503,0.0006732713015064432,0.9512146961360249
20,51,0.8357173678623195,0.0006218597210701604,0.9141757860840111
20,52,0.7901265369735183,0.0005879354513707211,0.8888906214903599
20,53,0.7682171517711542,0.0005716326141978967,0.8764799779636465
20,54,0.7036649794866274,0.0005235991552858139,0.8388474113249843
20,55,0.654573056210903,0.00048706971257107405,0.8090568930618557
20,56,0.6390893662663556,0.00047554825390535037,0.799430651317771
20,57,0.6140971954047455,0.00045695150696841336,0.7836435384820993
20,58,0.5520817192115675,0.0004108056109866558,0.7430220179857172
20,59,0.5232808038011822,0.00038937476616709705,0.7233815063997574
20,60,0.5017358052839788,0.0003733430701851937,0.7083331174553247
20,61,0.47141889343403526,0.0003507841680111989,0.6865995145891346
20,62,0.43397763272224193,0.0003229240171538498,0.658769787347782
20,63,0.4302338922119881,0.00032013828896511955,0.6559221693249803
20,64,0.39273543503461344,0.0002922355780515835,0.6266860737519332
20,65,0.37533481072300834,0.00027928772295490197,0.6126457465150708
20,66,0.36714859423369955,0.0002731963354853763,0.6059278787394582
20,67,0.3563108231365113,0.0002651319185297267,0.5969177691579564
20,68,0.3468416509412241,0.00025808587999257297,0.5889326370148152
20,69,0.32797300256918643,0.00024404566392811593,0.5726892722665463
20,70,0.316564542097692,0.00023555659535127112,0.5626406864933357
20,71,0.29963166330443464,0.0002229567910535284,0.5473862103711005
20,72,0.28596701585780515,0.0002127888871945733,0.5347588389711807
20,73,0.25272753474663295,0.00018805529274363718,0.5027201356089022
20,74,0.2345974785209502,0.00017456466524079126,0.48435263860223804
20,75,0.22816738098476125,0.00016978001098556566,0.47766869374573967
20,76,0.21745491800562908,0.00016180883616456445,0.46632061717838413
20,77,0.2083316194779337,0.00015502016322818107,0.45643358714925186
20,78,0.19995413181483945,0.00014878645032262525,0.44716231036933274
20,79,0.1889811982508207,0.00014062145858277875,0.434719677781925
20,80,0.18246385564536793,0.00013577188501807903,0.4271578814037825
20,81,0.18096024930930224,0.00013465304717564332,0.42539422810999944
20,82,0.1616713516992312,0.00012030012243239952,0.4020837620437204
20,83,0.1563705554331038,0.00011635578453269131,0.3954371700195921
20,84,0.14725839031754684,0.00010957539600062119,0.3837426094630968
20,85,0.1452263508719944,0.000108063349546391,0.38108575264892075
20,86,0.1372190888370855,0.00010210512260622233,0.37043095016087074
20,87,0.1323188736698612,9.845885826584081e-05,0.3637566132317888
20,88,0.12735553324623827,9.476562223880291e-05,0.35686907017313546
20,89,0.11296877245948243,8.406039174582002e-05,0.3361082749048027
20,90,0.11263118730193124,8.38091936494478e-05,0.33560570212964386
20,91,0.10723964251973402,7.979732951532011e-05,0.3274746440867354
20,92,0.10256944602056238,7.632222273400913e-05,0.3202646499702432
20,93,0.09950212891615763,7.403982316648798e-05,0.31543958045267184
20,94,0.09502663789533167,7.07095972972066e-05,0.3082639094920644
20,95,0.09009390381649225,6.703913554022932e-05,0.30015646555836883
20,96,0.08533455182898539,6.349768790106369e-05,0.2921207829460023
20,97,0.08120125604934805,6.042209050478079e-05,0.28495834090152206
20,98,0.07561861638298215,5.6268032112238864e-05,0.2749883931786615
20,99,0.07294394455102435,5.427780103252591e-05,0.27008136653798304
20,100,0.06898987739907032,5.133556817873664e-05,0.2626592419829737
20,101,0.06574525959216593,4.892123864345139e-05,0.25640838440301816
20,102,0.06331875616599188,4.711567039537715e-05,0.2516321842809299
20,103,0.06154236404150035,4.5793851855368634e-05,0.24807733480005856
20,104,0.060172149375374163,4.477427114201932e-05,0.24530012102600798
20,105,0.05578837207410306,4.151228971787443e-05,0.2361956224702377
20,106,0.05396047789454162,4.015214834908202e-05,0.23229394717586083
20,107,0.05099528452393116,3.794573934853258e-05,0.22582135533188874
20,108,0.0497816950491955,3.7042703895071565e-05,0.22311811905176035
20,109,0.048757249053486315,3.628041065378989e-05,0.22081043692155114
20,110,0.045307379359905496,3.3713352593400265e-05,0.21285530146065307
20,111,0.044746992831850727,3.329636735002905e-05,0.21153485015914217
20,112,0.04093425398717474,3.045929730022463e-05,0.2023221539702826
20,113,0.037881544751190065,2.8187767490028704e-05,0.19463181844495536
20,114,0.036440470902599324,2.7115460253171357e-05,0.19089387340247282
20,115,0.03561282120720559,2.6499603710620545e-05,0.1887135957137312
20,116,0.033030210829434845,2.457787582639402e-05,0.18174215479473893
20,117,0.0320071378851085,2.381660427663484e-05,0.17890538808294315
20,118,0.03150318550412899,2.344161184603576e-05,0.1774913674073446
20,119,0.02832818936626191,2.1079087996922533e-05,0.1683098017533795
20,120,0.026900251331234856,2.0016555157095654e-05,0.16401296086356973
20,121,0.025305298902457064,1.8829746421725046e-05,0.1590763932909502
20,122,0.022720216341301124,1.6906178978660245e-05,0.15073226708737955
20,123,0.021750631417290278,1.6184708020193157e-05,0.14748095272709041
20,124,0.021566848549605187,1.6047954654484774e-05,0.14685655773442732
20,125,0.020149267966195622,1.4993128824493435e-05,0.14194811716326364
20,126,0.019952857579718486,1.4846979285370687e-05,0.14125458427859425
20,127,0.019011639834056748,1.4146616426715917e-05,0.13788270317214102
20,128,0.01816902368257139,1.351962330071184e-05,0.1347925208703042
20,129,0.01682350779945604,1.2518421023547453e-05,0.12970546557279705
20,130,0.016109711419807927,1.1987283063971155e-05,0.12692403799047652
20,131,0.015697003507690613,1.1680185907705039e-05,0.12528768298476356
20,132,0.01519718833225962,1.1308271983772617e-05,0.12327687671359791
20,133,0.014124854371728347,1.0510345168758889e-05,0.1188480305757245
20,134,0.013682817946513676,1.018142458070174e-05,0.11697357798457597
20,135,0.013168383447779484,9.798632375832289e-06,0.1147535770587544
20,136,0.01256994174974135,9.353330169931433e-06,0.11211575156837397
20,137,0.011955091601334754,8.895818388447119e-06,0.10933934150768768
20,138,0.011492081742851648,8.551291407769993e-06,0.10720112752602767
20,139,0.010229180777053376,7.611563130566197e-06,0.10113941258012811
20,140,0.01020201491269741,7.591348931985829e-06,0.10100502419532115
20,141,0.009421966127956826,7.010912365326116e-06,0.09706681270113296
20,142,0.008740735975864701,6.5040070302746345e-06,0.0934919032636768
20,143,0.008666935815616908,6.449092116654954e-06,0.09309637917565274
20,144,0.008447589408355174,6.285875817840407e-06,0.091910768728997
20,145,0.008149521101456898,6.0640823248300355e-06,0.09027469801365662
20,146,0.0076071151550415154,5.660476484487808e-06,0.08721877753695884
20,147,0.00686028453086322,5.104757647596673e-06,0.08282683460608174
20,148,0.006794059839207016,5.055479662161687e-06,0.08242608712784452
20,149,0.006425261324456896,4.7810556160272505e-06,0.08015772779000722
20,150,0.006233327204050572,4.63823687949073e-06,0.07895142306539238
20,151,0.005929925590222846,4.412474857301634e-06,0.07700601009156913
20,152,0.005764590513761789,4.289448546631344e-06,0.07592490048568908
20,153,0.0051124296175727385,3.8041737293395224e-06,0.07150125605590953
20,154,0.0048421266669879314,3.6030405186165386e-06,0.06958539118944386
20,155,0.004598971723998583,3.4221082192065567e-06,0.06781571885631371
20,156,0.004482256201690082,3.33525986001429e-06,0.06694965423129594
20,157,0.00410527906452851,3.054750077185721e-06,0.06407245168189298
20,158,0.00400522708877737,2.9803011113920932e-06,0.06328686347716539
20,159,0.0036566943279486607,2.7209568716198013e-06,0.06047060714056591
20,160,0.0035849831516151323,2.667596376998936e-06,0.059874728822894324
20,161,0.003444714069886374,2.5632217458222105e-06,0.05869168654832108
20,162,0.003211699414837344,2.3898348641247593e-06,0.056671857344164606
20,163,0.003057210930324612,2.2748795340310735e-06,0.05529205123998034
20,164,0.00286180594330889,2.1294781155681105e-06,0.05349584977649098
20,165,0.0027394617333427714,2.038441433539248e-06,0.0523398675327209
20,166,0.0026483050214696105,1.9706114594367408e-06,0.05146168498474968
20,167,0.002606854252681256,1.939767821972554e-06,0.051057362374894145
20,168,0.002403815669455828,1.7886862223954034e-06,0.04902872290255813
20,169,0.0022963059020874367,1.7086878921955218e-06,0.04791978612313954
20,170,0.0022688612413183156,1.6882662403942607e-06,0.04763256492483179
20,171,0.002096294881944757,1.559859111102898e-06,0.045785312950167294
20,172,0.0020256471796198812,1.5072899505811164e-06,0.04500719031021467
20,173,0.0019405251985239792,1.4439504371800288e-06,0.044051392696757945
20,174,0.0017895467043807602,1.331606901116336e-06,0.04230303422191794
20,175,0.001752652893328673,1.30415410914104e-06,0.04186469745894114
20,176,0.0016960071073375074,1.26200381523681e-06,0.0411826068545631
20,177,0.0015816284138659032,1.176894297170244e-06,0.03976969215201324
20,178,0.0014679763070329867,1.0923254343321594e-06,0.038314178929385746
20,179,0.001394821733482326,1.0378909036491559e-06,0.03734731226584218
20,180,0.0013171952939768506,9.801288445190203e-07,0.036293185227764875
20,181,0.001229821447708809,9.151137117019853e-07,0.035068810183820166
20,182,0.0012172102570355574,9.057296880882476e-07,0.034888540483023325
20,183,0.0011521355932362137,8.573074417222236e-07,0.03394312291519762
20,184,0.001083420285628871,8.061761817230988e-07,0.032915350303906396
20,185,0.0010145504078452636,7.549299056068105e-07,0.03185200790916114
20,186,0.0009721136357549846,7.23352580221458e-07,0.031178736917248342
20,187,0.0009476606334323819,7.051570301606067e-07,0.030784097086521505
20,188,0.0009092323799503529,6.765624551158472e-07,0.03015348039531014
20,189,0.0008876422039159119,6.60497142412133e-07,0.029793324821441328
20,190,0.0008714914295978987,6.484793043263252e-07,0.02952103368105356
20,191,0.0007735502155667415,5.756009624600087e-07,0.027812770727972096
20,192,0.0007677640134443194,5.712954326525945e-07,0.027708554878310046
20,193,0.0006801029898381377,5.060666103440391e-07,0.026078784286046344
20,194,0.0006671533264788012,4.964307282213689e-07,0.025829311382202996
20,195,0.000634682040650336,4.7226875011179654e-07,0.025192896630803215
20,196,0.0006225770624706836,4.6326140068502337e-07,0.024951494193147704
20,197,0.0005891333854810507,4.383758634877637e-07,0.024272070069960055
20,198,0.0005229081680829372,3.890974868466955e-07,0.022867185399233925
20,199,0.0004957213220546708,3.6886767574302056e-07,0.022264800067700378
20,200,0.0004855644866281404,3.613099449979318e-07,0.022035527827309706
20,201,0.00046474657051909175,3.4581927314801066e-07,0.021557981596594143
20,202,0.0004625567439138879,3.441898168099339e-07,0.021507132396344424
20,203,0.0004431861976149271,3.2977613704010907e-07,0.021051987972990273
20,204,0.00040972105295492505,3.048746256869671e-07,0.020241567453014232
20,205,0.0003594329027600834,2.6745506704683784e-07,0.01895871574659221
20,206,0.000352296945621713,2.6214518061120414e-07,0.01876957499843065
20,207,0.00033857822630972543,2.5193704172016475e-07,0.018400495273489935
20,208,0.00032120691754348736,2.390110004059485e-07,0.017922246442438162
20,209,0.00029261946515464574,2.1773899404080101e-07,0.017106123615671837
20,210,0.000273880442122741,2.0379523256848066e-07,0.01654933358545718
20,211,0.00027148923211719214,2.0201592625721616e-07,0.01647693030018614
20,212,0.00025345900991679843,1.885995855425919e-07,0.015920396035174453
20,213,0.00023661326080334988,1.7606461469269466e-07,0.01538223848480285
20,214,0.00023391830343856877,1.740592890890812e-07,0.015294387972016689
20,215,0.00021685032349886272,1.6135895563581584e-07,0.014725838634823577
20,216,0.00019682646353633824,1.4645914327114707e-07,0.014029485505047512
20,217,0.00019444861848214205,1.4468978185900743e-07,0.013944483442642902
20,218,0.00018435286082503933,1.371774992595723e-07,0.013577660359025016
20,219,0.00017992918848361118,1.3388583182015697e-07,0.013413768616000918
20,220,0.00017574232987773556,1.3077037816927752e-07,0.013256784296266404
20,221,0.00016127471081149624,1.200049807956488e-07,0.01269939804917919
20,222,0.00014809330845738756,1.1019666101379883e-07,0.012169359410313574
20,223,0.00014309857114075668,1.0648006246747007e-07,0.011962381499549188
20,224,0.00013913440100564472,1.035303119545652e-07,0.01179552461765244
20,225,0.00013311600554752716,9.905200641157033e-08,0.01153759097678225
20,226,0.0001270223887022375,9.451772841587293e-08,0.011270420963843253
20,227,0.00012022295105718589,8.945824711276051e-08,0.0109646227047348
20,228,0.00011636313670981697,8.658614804465441e-08,0.01078717463981264
20,229,0.00010946088887746699,8.145016538252385e-08,0.010462355799602066
20,230,0.00010751347505929356,8.000108910345217e-08,0.010368870481363607
20,231,0.00010222732735653867,7.60676512423015e-08,0.010110753055857841
20,232,9.680782593143735e-05,7.203498448897866e-08,0.009839096804658309
20,233,9.502498316054858e-05,7.070836600424773e-08,0.009748075869654923
20,234,8.523549836825384e-05,6.342398193319668e-08,0.009232307315522693
20,235,8.48438871940299e-05,6.313258292088014e-08,0.009211074160706226
20,236,7.95395772993625e-05,5.918563051996872e-08,0.008918496358656122
20,237,7.638469911977842e-05,5.683807650205377e-08,0.008739834044178323
20,238,7.18661438413762e-05,5.347580639361416e-08,0.008477390155075806
20,239,6.886218785532975e-05,5.124055401831875e-08,0.008298324400463611
20,240,6.50851315325684e-05,4.843003543672381e-08,0.008067535654248352
20,241,6.175003990112701e-05,4.594838406578659e-08,0.007858119361598359
20,242,5.9380427841362026e-05,4.418514884871892e-08,0.007705869700518043
20,243,5.413803704487675e-05,4.028427062863126e-08,0.007357855465071107
20,244,5.329013447348156e-05,3.965334386221595e-08,0.007300009210506625
20,245,5.095970722144304e-05,3.791926617440401e-08,0.00713860681235793
20,246,4.899107544502082e-05,3.645440155096416e-08,0.006999362502758435
20,247,4.5462029238081865e-05,3.382842801698789e-08,0.006742553614030953
20,248,4.2483530683703714e-05,3.1612118590547185e-08,0.006517939143909194
20,249,4.036640747464883e-05,3.003676106073822e-08,0.006353456340815512
20,250,3.798146666769138e-05,2.8262119678356735e-08,0.006162910567880357
20,251,3.6254266222623863e-05,2.6976904809902675e-08,0.006021151569477708
20,252,3.4568114835052544e-05,2.5722234664373395e-08,0.005879465522907039
20,253,3.432654244102521e-05,2.5542479944243135e-08,0.005858885767876449
20,254,3.2128126277926546e-05,2.3906632091185362e-08,0.0056681678060839505
20,255,3.060825195734488e-05,2.2775689194215055e-08,0.005532472499465757
20,256,2.9234881682325464e-05,2.1753760383121678e-08,0.0054069290435815286
20,257,2.8147320293501218e-05,2.0944502794481567e-08,0.005305404819003091
20,258,2.6189356342984525e-05,1.948757613128659e-08,0.005117553745979081
20,259,2.5521219423486422e-05,1.8990413508642354e-08,0.005051853068279641
20,260,2.4358388417685703e-05,1.8125147579362184e-08,0.004935421807473572
20,261,2.2863208395175243e-05,1.701257978132019e-08,0.004781548744410669
20,262,2.1835051296012356e-05,1.6247525097178375e-08,0.004672799085774217
20,263,2.101997524056452e-05,1.5641024636635997e-08,0.004584754654347877
20,264,1.9215486095740145e-05,1.4298299022179838e-08,0.004383547204689388
20,265,1.7630465761896525e-05,1.3118880787501114e-08,0.004198864818245108
20,266,1.6286986370932208e-05,1.211919387006204e-08,0.004035713861379695
20,267,1.535597062796588e-05,1.1426422351248339e-08,0.003918669497159193
20,268,1.3638596819630955e-05,1.0148519511732026e-08,0.0036930470914450786
20,269,1.3326851690211626e-05,9.916549055354456e-09,0.0036505960732751063
20,270,1.2500687360001115e-05,9.301797777351263e-09,0.003535631111980026
20,271,1.1229916722883775e-05,8.356213654858637e-09,0.0033511067907310526
20,272,9.463633533576136e-06,7.0419172028855165e-09,0.0030763019249703265
20,273,9.069547958907321e-06,6.7486769820101545e-09,0.0030115690194493835
20,274,8.364830369129952e-06,6.224294576349312e-09,0.0028922016473838666
20,275,6.823790501109696e-06,5.077602334046947e-09,0.0026122385995750266
20,276,5.617699112150371e-06,4.180146227993005e-09,0.0023701685830654264
20,277,4.9258949384453375e-06,3.6653727327432813e-09,0.0022194357252340825
20,278,3.969655646726377e-06,2.9538322980318112e-09,0.0019923994696662557
20,279,3.1652203006127353e-06,2.3552496202148052e-09,0.0017791066018124759
20,280,2.0335119231320307e-06,1.5131421290745032e-09,0.0014260125957129659
20,281,6.316521105921965e-07,4.700141703540056e-10,0.0007947654437582176
20,282,6.023227549404185e-07,4.4819011161578044e-10,0.0007760945528351675
20,283,2.9932518922738916e-07,2.2272874280253391e-10,0.0005471061955666278
20,284,1.687674936139783e-07,1.2558038224447739e-10,0.00041081321012593824
20,285,1.5282065391688577e-07,1.1371429250249867e-10,0.00039092282347911816
20,286,1.0309638216838911e-07,7.67143174522839e-11,0.00032108625347153857
20,287,7.036765442922777e-08,5.236077606912923e-11,0.0002652690227471496
20,288,6.150052964604163e-08,4.5762722760184644e-11,0.00024799300321993285
20,289,4.045349986498356e-08,3.010156676137769e-11,0.0002011305542800088
20,290,3.679753928620692e-08,2.7381155874648225e-11,0.0001918268471466049
20,291,3.064322323145716e-08,2.2801711420868733e-11,0.00017505205863244556
20,292,2.4681805208365598e-08,1.836580295278831e-11,0.00015710444044763852
20,293,2.2916179752380234e-08,1.705199592209092e-11,0.00015138090947137368
20,294,1.6374952451109572e-08,1.2184649685851359e-11,0.00012796465313167371
20,295,1.11543055521954e-08,8.299951163109384e-12,0.00010561394582248786
20,296,1.06458915945166e-08,7.921638860328091e-12,0.00010317892999307853
20,297,8.675745226960447e-09,6.455647225225808e-12,9.31436805530061e-05
20,298,6.782270689440165e-09,5.046707321574318e-12,8.235454261569404e-05
20,299,5.789399259335203e-09,4.307908806278508e-12,7.608810195645048e-05
20,300,8.050600809664332e-30,5.9904754483573686e-33,2.8373580686378537e-15
20,301,8.050600809664332e-30,5.9904754483573686e-33,2.8373580686378537e-15
20,302,8.050600809664332e-30,5.9904754483573686e-33,2.8373580686378537e-15
20,303,8.050600809069993e-30,5.9904754479151194e-33,2.8373580685331194e-15
21,0,1584.8533069152786,1.0,39.81021611239103
21,1,895.1617372309678,0.5648230869854381,29.919253620887133
21,2,490.79603538105204,0.3096791565752707,22.153916930896262
21,3,470.64031016884815,0.29696143366409816,21.69424601521906
21,4,380.60990868975585,0.24015466102068844,19.509226245285994
21,5,144.54942393095166,0.09120681598746781,12.02287086892942
21,6,129.80377450247036,0.08190270603347978,11.39314594405208
21,7,78.38829784758526,0.049460916985533766,8.853716612111846
21,8,73.10260605264509,0.0461257869947158,8.55000620190682
21,9,43.20343096854078,0.027260208108869664,6.5729316874999375
21,10,39.90181106267794,0.025176974353760158,6.316788033698609
21,11,29.400699321723582,0.018551054027169504,5.422241171482838
21,12,22.71522384116035,0.014332698011889017,4.76604908085936
21,13,20.209032629747064,0.01275135846426156,4.495445765410485
21,14,17.089273166262476,0.010782873778725072,4.133917411640256
21,15,16.993005684732893,0.010722131575576343,4.122257353044918
21,16,14.388207309279895,0.009078573547784536,3.793179050516848
21,17,12.86099376449647,0.008114942694304501,3.586222771175331
21,18,9.755805250413909,0.006155651887683145,3.1234284449005565
21,19,9.464379720050408,0.005971770181349878,3.0764232023651115
21,20,8.916659471612721,0.005626173370561279,2.986077606428326
21,21,8.678462055930282,0.005475877179334558,2.9459229548530765
21,22,6.947626630351725,0.004383766371333397,2.6358350916458573
21,23,6.712179329281372,0.004235205428788738,2.590787395615737
21,24,6.511517259713624,0.004108593035899007,2.5517674775954067
21,25,5.182291264944987,0.003269887025084787,2.2764646417076166
21,26,4.745551487870622,0.0029943159200691277,2.1784286740379226
21,27,4.724572751010826,0.0029810788988456124,2.1736082331024664
21,28,4.417554262151845,0.0027873584532249673,2.1017978642466657
21,29,3.9266030217627974,0.0024775813664454824,1.981565800513018
21,30,3.6167482761259806,0.002282071318742764,1.9017750329957486
21,31,3.1684628211753254,0.0019992152001388364,1.7800176463100936
21,32,3.049576990825539,0.0019242014245224779,1.746303808283524
21,33,2.8212045356729956,0.0017801045203130641,1.679644169362367
21,34,2.3982447802327718,0.001513228239969199,1.5486267401258353
21,35,2.2473170439521164,0.0014179968796773008,1.4991054145563334
21,36,2.0642789183042876,0.0013025047234952942,1.4367598680031008
21,37,1.8620784272576363,0.0011749216278457608,1.3645799453522818
21,38,1.724348436003335,0.0010880176912774133,1.3131444840547193
21,39,1.656327021108333,0.0010450979998471715,1.286983691080945
21,40,1.5594011009733892,0.000983940339569074,1.248759825175918
21,41,1.472104342211183,0.000928858422282913,1.2133030710466297
21,42,1.3453891344962823,0.0008489045191916949,1.1599091061355982
21,43,1.3063799646730045,0.0008242907775582788,1.1429698004203805
21,44,1.1950186428702765,0.0007540247653558756,1.0931690824709033
21,45,1.0753790288421625,0.0006785353724221045,1.0370048354960368
21,46,1.0036845563962742,0.0006332980800285058,1.0018405843228124
21,47,0.8992894496253488,0.0005674275629810211,0.9483087311763764
21,48,0.849509300354766,0.0005360176217243923,0.9216882880642273
21,49,0.8469166917774674,0.000534381755132837,0.920280767905897
21,50,0.7657028391963627,0.0004831379887686317,0.875044478410305
21,51,0.712390108055611,0.0004494990829417458,0.8440320539266332
21,52,0.6868600694413237,0.0004333903121786155,0.8287702151026687
21,53,0.6677524354295433,0.0004213339067508027,0.8171612052891053
21,54,0.6264158300443581,0.00039525161559816484,0.7914643580379082
21,55,0.6081257434889765,0.0003837110607243633,0.7798241747272115
21,56,0.5897536297486613,0.00037211874889326126,0.7679541846677191
21,57,0.5250609245218829,0.0003312993841328124,0.7246108780041071
21,58,0.499375911640835,0.0003150928287570088,0.7066653462855208
21,59,0.46822382343526703,0.00029543669524002,0.68426882395391
21,60,0.4541518830838479,0.00028655767767415556,0.6739079188463717
21,61,0.4228237402334039,0.00026679045839035924,0.650248983262107
21,62,0.40662459134734374,0.0002565692291981195,0.6376712251210209
21,63,0.37295087734216026,0.0002353220173216303,0.6106970421920842
21,64,0.3580698624516004,0.00022593249538567023,0.5983893903233917
21,65,0.3521323870010919,0.0002221861073606075,0.5934074376017644
21,66,0.3365569787142401,0.00021235844178494145,0.5801353106941863
21,67,0.3159380236983047,0.00019934843327124016,0.5620836447525446
21,68,0.2987859398329165,0.00018852592762321106,0.5466131537320672
21,69,0.29447894721568474,0.000185808330607488,0.5426591445978634
21,70,0.273930119924583,0.00017284257081038887,0.5233833393647366
21,71,0.248474614031964,0.00015678082819891337,0.498472280103883
21,72,0.24575112262624457,0.0001550623780471953,0.49573291460850627
21,73,0.23364886608949764,0.00014742617822735047,0.483372388629613
21,74,0.21800078183214958,0.00013755265606030202,0.46690553844664295
21,75,0.21292661034922808,0.0001343509897226157,0.46143971475072243
21,76,0.20090911267973913,0.00012676827047847344,0.44822886194414024
21,77,0.18509793323655369,0.00011679183961626327,0.43023009336464796
21,78,0.18200662530245548,0.0001148413070839401,0.4266223450576112
21,79,0.175869377562274,0.00011096886809327612,0.41936783086244706
21,80,0.17303538128602386,0.00010918069232717562,0.4159752171536471
21,81,0.1538898666834857,9.710038526090048e-05,0.3922879894713649
21,82,0.15163866964019898,9.567994020553545e-05,0.38940810166225226
21,83,0.14533240637562064,9.170085694460407e-05,0.38122487638613073
21,84,0.1405630758221913,8.869153707088512e-05,0.37491742533815536
21,85,0.1307157745520707,8.247815364470093e-05,0.3615463657016493
21,86,0.12397667612776514,7.822596298774833e-05,0.3521032180025697
21,87,0.12121344835235923,7.648244025075498e-05,0.34815721786623816
21,88,0.11975317213824072,7.556104506058386e-05,0.3460537127936077
21,89,0.11776943465023121,7.430935982299515e-05,0.3431755158082103
21,90,0.11118834985352194,7.015687153401999e-05,0.3334491713192911
21,91,0.10466391505146921,6.604012787479026e-05,0.32351802894347204
21,92,0.10125936949901011,6.389195079265663e-05,0.31821277394066083
21,93,0.09765879120637058,6.16200823005199e-05,0.3125040659037424
21,94,0.09085997772924491,5.733021304419186e-05,0.30142988857982367
21,95,0.08800963157669559,5.5531720943937376e-05,0.29666417305885723
21,96,0.08461581186112024,5.3390311577678116e-05,0.29088797132422
21,97,0.0793457769422418,5.006506065642035e-05,0.2816838244241969
21,98,0.07633205618609569,4.8163483555879765e-05,0.27628256583812105
21,99,0.07459345600851139,4.7066473397275075e-05,0.27311802578466216
21,100,0.07423371593659325,4.683948704443822e-05,0.27245864995737107
21,101,0.07031399157831028,4.436624593046267e-05,0.2651678554770738
21,102,0.06774783449229907,4.274706952163407e-05,0.2602841418379135
21,103,0.06211379847042535,3.919214365102483e-05,0.2492264000270143
21,104,0.06066308179998743,3.827678027694603e-05,0.24629876532371703
21,105,0.05688696492449913,3.589415163932275e-05,0.23850988433291215
21,106,0.05588662458331847,3.526296366954926e-05,0.2364035206660816
21,107,0.053444161438085364,3.372183482527341e-05,0.23117993303503953
21,108,0.04878623290833143,3.0782806645548674e-05,0.22087605779787775
21,109,0.04744577855915493,2.9937015843757985e-05,0.21782051914168907
21,110,0.044728959098566244,2.822277551076676e-05,0.2114922199480781
21,111,0.0436934503390657,2.7569397210717002e-05,0.20902978337802894
21,112,0.04191149735111069,2.6445032589600515e-05,0.20472297709614984
21,113,0.039429024070291196,2.4878658421096983e-05,0.19856742953035172
21,114,0.03847810086465064,2.4278651340636385e-05,0.19615835660162592
21,115,0.035054311968100785,2.2118332223648935e-05,0.18722796791104898
21,116,0.03314989779230545,2.0916697872074756e-05,0.18207113387988072
21,117,0.031704188892903114,2.0004494267429333e-05,0.1780567013423059
21,118,0.031300459913951126,1.974975209211861e-05,0.17691935991844174
21,119,0.029962553296810444,1.8905568841023435e-05,0.17309694768195782
21,120,0.029851084815541388,1.8835235214067125e-05,0.17277466485437437
21,121,0.02759889222542216,1.7414161995307942e-05,0.16612914321521724
21,122,0.02637489076701886,1.6641849849406145e-05,0.1624034813882352
21,123,0.026128209396993785,1.6486200510158964e-05,0.16164222652819957
21,124,0.024767479741999335,1.5627616533296812e-05,0.1573768716870409
21,125,0.022835415751831355,1.4408535889215939e-05,0.15111391647307457
21,126,0.021767312541039686,1.3734591363163493e-05,0.14753749537334462
21,127,0.020444533704186155,1.2899953336362037e-05,0.14298438272827615
21,128,0.019884415190452937,1.2546533552152848e-05,0.14101211008439288
21,129,0.01926438069680894,1.2155308388954105e-05,0.13879618401385876
21,130,0.01905279407444156,1.2021802895767982e-05,0.1380318589110556
21,131,0.017373230878257616,1.0962043491629182e-05,0.13180755243254316
21,132,0.014937464999775123,9.425140443344283e-06,0.12221892242928312
21,133,0.014370479906544982,9.067388031334804e-06,0.119876936508008
21,134,0.013876605327693962,8.75576639626229e-06,0.11779900393336933
21,135,0.013034470051893248,8.224401586581685e-06,0.11416860361716459
21,136,0.012758508363456949,8.050277150438491e-06,0.1129535672896476
21,137,0.012281963754455992,7.74959026230719e-06,0.1108240215587577
21,138,0.011503176068233674,7.2581960854302575e-06,0.10725286041982132
21,139,0.010949323307638783,6.90872982367705e-06,0.10463901427115406
21,140,0.010561121911597582,6.6637851374102894e-06,0.10276731927805445
21,141,0.00982323611313679,6.198198956505639e-06,0.09911223997638632
21,142,0.009424707313989299,5.946737955409468e-06,0.09708093177338843
21,143,0.00885305709445448,5.586041973617018e-06,0.09409068548190347
21,144,0.008473498234794501,5.346550496390811e-06,0.09205160636726825
21,145,0.00825265133529141,5.207202016288926e-06,0.0908441045709154
21,146,0.008006115882555264,5.051644746943918e-06,0.08947690139111471
21,147,0.007896250533235612,4.982322653321581e-06,0.08886084927140643
21,148,0.007506708609227744,4.736532129802363e-06,0.08664126389445011
21,149,0.007092980148958426,4.475480549530503e-06,0.08421983227814234
21,150,0.006950094042704203,4.385323242459395e-06,0.08336722403141539
21,151,0.006389314881480093,4.0314866073732125e-06,0.07993319011199349
21,152,0.006027953567627617,3.8034772942868033e-06,0.0776398967517836
21,153,0.005498650702136236,3.4695013589861395e-06,0.07415288734861399
21,154,0.004985754036385638,3.1458772964229685e-06,0.07060987208872169
21,155,0.0049040160830878575,3.0943028365400706e-06,0.07002868043229044
21,156,0.004745859584496322,2.9945103207902263e-06,0.06889019948074125
21,157,0.0045869847613056345,2.894264561452463e-06,0.06772728225246924
21,158,0.0040430886374788885,2.5510806708970824e-06,0.06358528632851226
21,159,0.004002575791594697,2.525518149932259e-06,0.0632659133467201
21,160,0.0037750095713537744,2.3819299583640108e-06,0.06144110652774553
21,161,0.003682863274250841,2.3237881122380215e-06,0.0606865988027904
21,162,0.003540616572201337,2.234034252099149e-06,0.05950308035893047
21,163,0.003367684074128606,2.1249184763247193e-06,0.05803175056922379
21,164,0.0032454657611511325,2.0478019934021726e-06,0.05696898946928173
21,165,0.0031429910774315997,1.9831432118781037e-06,0.05606238558455749
21,166,0.002936762429880268,1.8530184573336404e-06,0.05419190372998782
21,167,0.002876259782967426,1.8148429071746147e-06,0.05363077272394484
21,168,0.0028158134125149054,1.7767028659551709e-06,0.05306423854645335
21,169,0.002667342612562309,1.6830217666983719e-06,0.05164632235273204
21,170,0.0025486298297179365,1.6081171794243405e-06,0.050483956161516665
21,171,0.0024254757908050454,1.5304102784919159e-06,0.049249119695737156
21,172,0.0021776005162626256,1.374007617462752e-06,0.046664767397498357
21,173,0.0021042057677412612,1.3276974963927974e-06,0.04587162268485018
21,174,0.001994900916715542,1.258729062185806e-06,0.04466431368235207
21,175,0.0018871655664958803,1.190750940961858e-06,0.043441518924824445
21,176,0.0017565355171263461,1.108326877611926e-06,0.041911042901917224
21,177,0.0017094767057320383,1.0786340276875995e-06,0.041345818479406576
21,178,0.0015927503624658158,1.0049828305976835e-06,0.03990927664673736
21,179,0.0014509977690601887,9.15540739782647e-07,0.038091964625891754
21,180,0.0014152158811060861,8.929633265936955e-07,0.03761935513942372
21,181,0.001351604343452273,8.52826149622014e-07,0.03676417200825109
21,182,0.0012488771521552103,7.880080425777674e-07,0.03533945602517405
21,183,0.0012162213310214986,7.674030938476719e-07,0.03487436495509988
21,184,0.001112530034887886,7.019766624668175e-07,0.03335461039928193
21,185,0.001061755298450145,6.69939163339174e-07,0.03258458682337625
21,186,0.0010162759806852512,6.412429316018572e-07,0.031879083749148926
21,187,0.0009341909511359911,5.894494758977275e-07,0.03056453747623201
21,188,0.0009157581287244059,5.778188585206136e-07,0.030261495811086503
21,189,0.0008341708119319803,5.263394462390912e-07,0.02888201537171498
21,190,0.0007817766336172832,4.932801226499094e-07,0.027960268840218315
21,191,0.0007416994650724434,4.6799250242034695e-07,0.027234159892907353
21,192,0.0007049756157695467,4.448207368426386e-07,0.026551376909108627
21,193,0.0006821468982630831,4.3041642736689483e-07,0.02611794207557485
21,194,0.0006517457174297188,4.112340962951716e-07,0.025529310947021638
21,195,0.0006101879433414806,3.8501225361300854e-07,0.024701982579167215
21,196,0.0005838668095032188,3.6840432294623125e-07,0.024163336059063095
21,197,0.0005434405589547896,3.4289644131956265e-07,0.02331181157599704
21,198,0.0005246698839469052,3.310526480006597e-07,0.0229056736191474
21,199,0.0005147454890710243,3.2479062057352983e-07,0.022688003197086876
21,200,0.000495718510415938,3.12785106516131e-07,0.0222647369267175
21,201,0.0004770767414688025,3.0102264946992065e-07,0.02184208647242297
21,202,0.0004511180235480098,2.8464339354287333e-07,0.021239539155735225
21,203,0.0004285230163815226,2.7038654903373346e-07,0.02070079748177646
21,204,0.0003814553046582552,2.406880832401523e-07,0.019530880795761752
21,205,0.00035125293376304625,2.2163119591599096e-07,0.018741743082302836
21,206,0.00033376487016632036,2.1059669605381491e-07,0.01826923288390403
21,207,0.00033028377217686554,2.0840021643373553e-07,0.018173711018305137
21,208,0.0003165656400968182,1.9974444241339544e-07,0.017792291592058012
21,209,0.0002921012977953033,1.8430809748811543e-07,0.017090971236161604
21,210,0.0002878733318941567,1.816403642141913e-07,0.016966830343177145
21,211,0.0002799751120404622,1.7665679897239147e-07,0.016732456844123705
21,212,0.0002553378038929788,1.6111131722970772e-07,0.01597929297224939
21,213,0.00025269104512620603,1.594412833185413e-07,0.015896258840563903
21,214,0.00022977626864400906,1.4498267293345918e-07,0.015158372889067252
21,215,0.00021882550332788303,1.3807303324103848e-07,0.014792751715887177
21,216,0.00021613278944059678,1.3637400287934067e-07,0.01470145535110714
21,217,0.00021175569595260226,1.3361217409121517e-07,0.014551827924786709
21,218,0.00019075507817622152,1.20361346595227e-07,0.013811411158032387
21,219,0.000182432150211405,1.1510980190746276e-07,0.013506744619315381
21,220,0.0001789585663664396,1.1291806351135447e-07,0.013377539623056236
21,221,0.00016765419236741748,1.0578530620839331e-07,0.012948134706104099
21,222,0.0001649806013333011,1.0409834185500454e-07,0.012844477464393057
21,223,0.00015868109474071192,1.0012352187317897e-07,0.012596868449766074
21,224,0.00014702585781453144,9.276937945802638e-08,0.012125421964390825
21,225,0.000140509630059071,8.865781422544126e-08,0.011853675803693595
21,226,0.00013447387102087015,8.484941188822513e-08,0.011596286949746895
21,227,0.00013131185060430122,8.285426167288853e-08,0.011459138301124619
21,228,0.0001235454436426171,7.795386683647275e-08,0.011115099803538298
21,229,0.00011522325666348206,7.27027896908326e-08,0.010734209643168055
21,230,0.00011190570287798975,7.060950208432879e-08,0.01057854918587562
21,231,0.00010542421405679028,6.651985618907878e-08,0.010267629427321102
21,232,0.0001017495882697521,6.420126571070171e-08,0.010087100092184676
21,233,9.599488218794227e-05,6.05702002633824e-08,0.009797697800398943
21,234,9.230303849576681e-05,5.824074574789719e-08,0.009607447033201214
21,235,9.044031682097528e-05,5.7065418248081395e-08,0.009510011399623835
21,236,8.214992330397745e-05,5.183440192573541e-08,0.00906365948742435
21,237,8.028531419145815e-05,5.0657883503252173e-08,0.008960207262751133
21,238,7.737595164763126e-05,4.882215364034795e-08,0.008796360136308157
21,239,7.565109667831006e-05,4.773381634011011e-08,0.008697763889547133
21,240,7.260433907376288e-05,4.581139387283626e-08,0.008520817981494668
21,241,6.864547377071861e-05,4.331345587076987e-08,0.008285256409473312
21,242,6.665747391632721e-05,4.2059081194125e-08,0.00816440285117823
21,243,6.106168781701049e-05,3.852829000045407e-08,0.007814197835799301
21,244,5.8067136946820845e-05,3.663880858465151e-08,0.007620179587570154
21,245,5.7656214413875846e-05,3.6379527469388665e-08,0.007593168930945488
21,246,5.112773089303173e-05,3.226022917701169e-08,0.007150365787358835
21,247,4.929282211330124e-05,3.110245086925025e-08,0.007020884710155924
21,248,4.8931718497337604e-05,3.0874604156631476e-08,0.006995121049512839
21,249,4.6030841994889696e-05,2.9044228758611765e-08,0.006784603304165225
21,250,4.560623475220564e-05,2.8776312957930818e-08,0.006753238834233959
21,251,4.058221540969964e-05,2.5606291277952983e-08,0.006370417208448724
21,252,3.836977883871109e-05,2.4210303042742252e-08,0.0061943344145042
21,253,3.655081426796956e-05,2.3062585103924354e-08,0.006045726942888635
21,254,3.5258046432249166e-05,2.2246883215251387e-08,0.005937848636690663
21,255,3.299784630259684e-05,2.082075745345989e-08,0.005744375188181639
21,256,3.143757558189558e-05,1.983626840712781e-08,0.005606922113057714
21,257,2.972494836144964e-05,1.8755646489015178e-08,0.0054520590937231815
21,258,2.9212640639036026e-05,1.8432394033927864e-08,0.005404871935488946
21,259,2.6591155773142883e-05,1.677830727747244e-08,0.005156661300991455
21,260,2.636797997969141e-05,1.663748932764852e-08,0.0051349761420761645
21,261,2.526147845594033e-05,1.593931649428721e-08,0.005026079829841577
21,262,2.3064081179120444e-05,1.4552817650998775e-08,0.004802507801047328
21,263,2.226644388250767e-05,1.4049529874690142e-08,0.0047187332921566644
21,264,2.009249703087492e-05,1.267782762177686e-08,0.004482465508051894
21,265,1.9066061807051922e-05,1.2030174479783028e-08,0.004366470177048267
21,266,1.777797629450569e-05,1.1217427011657204e-08,0.00421639375468014
21,267,1.6339958261226253e-05,1.0310076137601634e-08,0.004042271423497716
21,268,1.6159945971563776e-05,1.0196493202905395e-08,0.004019943528404818
21,269,1.5058477045323146e-05,9.501495803818345e-09,0.0038805253568715598
21,270,1.3993361331995311e-05,8.829436308671155e-09,0.00374077015225412
21,271,1.3014281780944914e-05,8.211663328182472e-09,0.0036075312584847984
21,272,1.0160797118105818e-05,6.411190911973144e-09,0.003187600526745128
21,273,9.805527024604806e-06,6.187024995827566e-09,0.00313137781569149
21,274,9.080085700122945e-06,5.7292909447854274e-09,0.0030133180549226702
21,275,8.646680484059858e-06,5.45582385848035e-09,0.002940523845177906
21,276,7.227882508764431e-06,4.560600326368761e-09,0.002688472151383464
21,277,5.856320875625399e-06,3.695181661338742e-09,0.0024199836519335
21,278,4.50168560203788e-06,2.840443075958781e-09,0.002121717606572062
21,279,3.643106621611519e-06,2.2987027289625793e-09,0.0019086923852762443
21,280,2.2856360058773866e-06,1.4421751186083557e-09,0.0015118320031926123
21,281,8.427217358523438e-07,5.317348502698952e-10,0.0009179987668032805
21,282,5.932060487482494e-07,3.742971328386548e-10,0.0007701987073140602
21,283,3.0424862499785905e-07,1.9197273569125552e-10,0.0005515873684176053
21,284,1.5050297825079725e-07,9.496334934854805e-11,0.0003879471333194734
21,285,1.0640672135550894e-07,6.71397919865634e-11,0.00032620043126199103
21,286,7.41065128417814e-08,4.675922529765268e-11,0.0002722251142745309
21,287,6.973022264304282e-08,4.399790336353848e-11,0.00026406480765721666
21,288,5.018032246335657e-08,3.166243982607221e-11,0.00022400964814792368
21,289,4.553022387796626e-08,2.872835213158322e-11,0.0002133781241785724
21,290,3.009805711253547e-08,1.8991068120441775e-11,0.00017348791633002995
21,291,2.7515542076793062e-08,1.736157028333977e-11,0.00016587809402327078
21,292,2.0305719937055824e-08,1.2812365566235529e-11,0.00014249814011788303
21,293,1.5814270352360785e-08,9.978381143136403e-12,0.00012575480250217398
21,294,1.4622526385137431e-08,9.226422610429715e-12,0.00012092363865323203
21,295,1.0673444895960905e-08,6.734657932938569e-12,0.00010331236564884625
21,296,7.893522242775836e-09,4.980601175095254e-12,8.884549646873406e-05
21,297,5.867795711628571e-09,3.7024219756019635e-12,7.660153857220213e-05
21,298,4.807955666340895e-09,3.033691285724726e-12,6.933942360836939e-05
21,299,4.507026623510281e-09,2.843813117494547e-12,6.713439225546234e-05
21,300,1.123387476101915e-29,7.088274171496983e-33,3.3516972955532768e-15
21,301,1.123387476101915e-29,7.088274171496983e-33,3.3516972955532768e-15
21,302,1.123387476101915e-29,7.088274171496983e-33,3.3516972955532768e-15
21,303,1.1233874760149498e-29,7.088274170948256e-33,3.351697295423544e-15
22,0,1356.0633839690074,1.0,36.82476590514877
22,1,703.9536744423442,0.5191156127097618,26.532125328407904
22,2,590.0151010497576,0.4350940435563315,24.290226451183152
22,3,484.5011044129482,0.3572849987254146,22.011385790380128
22,4,343.6183226709824,0.25339399819591013,18.536944804119756
22,5,216.66923833859497,0.159778105433711,14.719688798972449
22,6,164.74227179406643,0.12148567223450049,12.83519660130169
22,7,90.98149378425103,0.06709236077001132,9.538421975581235
22,8,73.50625049016145,0.05420561557751007,8.573578627980352
22,9,56.936198598779555,0.04198638446540403,7.545607901208461
22,10,52.22855450398397,0.03851483280310859,7.226932579177972
22,11,31.486047283878488,0.02321871356169447,5.611242935738791
22,12,30.17352091448339,0.022250819003879985,5.49304295581997
22,13,24.935616701977047,0.018388238335138873,4.993557519642389
22,14,24.413027460326997,0.018002866052524394,4.940954104252234
22,15,17.822124742726405,0.013142545513295658,4.22162584115722
22,16,15.950221561801426,0.011762150464617194,3.9937728480474983
22,17,12.763344181771778,0.009412055758349037,3.5725822848146938
22,18,11.333199530563263,0.008357426108942325,3.366481773389433
22,19,9.346895949812959,0.006892668927064386,3.0572693616711235
22,20,9.190194814066725,0.0067771130189861134,3.0315334096900077
22,21,8.328450921871521,0.006141638377916608,2.88590556357472
22,22,7.103665684270295,0.005238446645081486,2.6652702835304143
22,23,6.662731014735121,0.004913288783916753,2.581226649237746
22,24,6.244983538379092,0.004605229823476909,2.4989965062758874
22,25,6.161876555256913,0.004543944352528688,2.4823127432410512
22,26,5.5439865384174345,0.004088294547258523,2.3545671658327003
22,27,5.149494378751808,0.0037973847237729847,2.2692497391763227
22,28,4.323264462834313,0.0031880991065334455,2.0792461284884753
22,29,3.9605472492617877,0.002920621038870485,1.9901123710137043
22,30,3.7706642189865853,0.002780595850874153,1.9418198214526974
22,31,3.525456531337196,0.0025997726750933126,1.8776199113071836
22,32,3.249619326532064,0.002396362415612819,1.8026700548164836
22,33,3.1964972048596993,0.002357188640772823,1.7878750529216798
22,34,3.0033193852834748,0.002214733780727255,1.7330087666493423
22,35,2.6834344956929663,0.001978841496213053,1.6381191945926787
22,36,2.4745365602648945,0.001824794172247519,1.5730659745429925
22,37,2.3923481046566373,0.0017641860498102749,1.5467217282551626
22,38,2.194660467275737,0.0016184055208778468,1.4814386478270833
22,39,2.127660672543531,0.0015689979522315297,1.4586502913801962
22,40,1.9640848525941788,0.0014483724550142913,1.4014581166036246
22,41,1.7220987475232967,0.0012699249665476219,1.3122876009180673
22,42,1.6975310005343118,0.0012518080058808731,1.302893318938397
22,43,1.642501717389478,0.0012112278355176185,1.2816012318149035
22,44,1.4435952225258417,0.0010645484861486643,1.2014970755377816
22,45,1.2768003379035693,0.0009415491583929902,1.1299559008667415
22,46,1.2676281151850375,0.0009347852985122773,1.12588992143328
22,47,1.1040909033171968,0.000814188272000736,1.050757299911448
22,48,1.0642753411797816,0.0007848271354874261,1.0316372139370418
22,49,0.9901810595278666,0.0007301878888800504,0.995078418783096
22,50,0.9675758447613955,0.0007135181557144008,0.9836543319486757
22,51,0.9205103815894452,0.0006788107344180627,0.959432322568635
22,52,0.8129457465487507,0.0005994894900630475,0.9016350406615476
22,53,0.7816330847114646,0.000576398635898371,0.8841001553621991
22,54,0.7393193357541015,0.0005451952648335784,0.8598368076292742
22,55,0.70951932743441,0.0005232198847208354,0.8423297023341929
22,56,0.674575662036367,0.0004974514244769139,0.8213255517980473
22,57,0.6424795683810031,0.0004737828452388084,0.8015482320989817
22,58,0.5796185463398741,0.0004274273261795565,0.7613268327990772
22,59,0.5777027078130934,0.00042601453194779035,0.7600675679260979
22,60,0.5482957858630924,0.0004043290249887195,0.7404699763414397
22,61,0.5226583272106228,0.0003854232282866271,0.7229511236664777
22,62,0.43612966234723616,0.00032161451116742475,0.6604011374515009
22,63,0.41342828870939347,0.0003048738676944044,0.6429838945956527
22,64,0.39107476660135093,0.00028838973990782783,0.6253597097681869
22,65,0.3734719327122801,0.0002754089057542282,0.6111235003763806
22,66,0.3417037739086312,0.000251982155073395,0.5845543378580226
22,67,0.3236359639655442,0.0002386584342527612,0.5688901158972128
22,68,0.3204812599288246,0.00023633206509184022,0.5661106428330284
22,69,0.3088984934973698,0.0002277906011983505,0.5557863739759817
22,70,0.28981815299905317,0.00021372021133023744,0.5383476135352075
22,71,0.27478988936441434,0.0002026379390616262,0.5242040531743477
22,72,0.25704185742216484,0.00018955003170267702,0.5069929559887049
22,73,0.24055129700965783,0.00017738941988507787,0.49046029096111116
22,74,0.23412145931023842,0.00017264787330589058,0.48386099172204244
22,75,0.21750087977018087,0.000160391381657682,0.46636989586612565
22,76,0.2122663573759022,0.00015653129483861463,0.4607237321605022
22,77,0.20409714760370007,0.00015050708544783232,0.45177112302990335
22,78,0.19981748419727546,0.00014735113900976937,0.4470094900528125
22,79,0.1930674338185786,0.00014237345842455925,0.4393943943868408
22,80,0.18046649839120982,0.000133081167535849,0.4248134865928927
22,81,0.16834670267114535,0.00012414368285530884,0.4103007466129514
22,82,0.1655646806662052,0.00012209214010455808,0.4068964004094964
22,83,0.14895389370327644,0.00010984286978334986,0.38594545431093813
22,84,0.1441292158584211,0.00010628501407992824,0.37964353788576605
22,85,0.1387452708440887,0.00010231473873883441,0.3724852625864394
22,86,0.13566664611874038,0.00010004447264232084,0.368329534681568
22,87,0.12947388238699675,9.54777512007181e-05,0.3598247940136932
22,88,0.1250104877168764,9.218631606362545e-05,0.3535682221536268
22,89,0.12215512464605689,9.008068950916289e-05,0.3495069736729968
22,90,0.11275084888633258,8.314570706593865e-05,0.335783931846556
22,91,0.1087009593218758,8.015920244356376e-05,0.329698285288043
22,92,0.10625609119073504,7.835628662115951e-05,0.32596946358629214
22,93,0.09756221653796003,7.194517431213953e-05,0.31234951022526036
22,94,0.09683520781073633,7.140905724282095e-05,0.3111835596729627
22,95,0.09186671050749798,6.774514494935849e-05,0.30309521689973595
22,96,0.08563726453196674,6.315137296998498e-05,0.292638453611221
22,97,0.07950317900629893,5.862792251908186e-05,0.28196308092780326
22,98,0.07642157613517156,5.6355460252526193e-05,0.2764445263252133
22,99,0.07214905634254473,5.3204781719991995e-05,0.2686057637924859
22,100,0.07002699631359259,5.16399138428422e-05,0.2646261444256644
22,101,0.06783279394378017,5.002184613616149e-05,0.2604472959041429
22,102,0.06459091281666231,4.7631190090550016e-05,0.25414742339174384
22,103,0.05944603072816854,4.383720660178755e-05,0.2438155670341181
22,104,0.05786743812715165,4.2673107180124405e-05,0.24055651753205867
22,105,0.05680409137324646,4.188896481150376e-05,0.23833608911209075
22,106,0.0535811416299089,3.9512269310807884e-05,0.23147600659659934
22,107,0.050187730391170415,3.700987061849422e-05,0.22402618237869076
22,108,0.049451896585138266,3.646724568316231e-05,0.22237782395090178
22,109,0.04644085762908917,3.424681926973302e-05,0.21550140980766036
22,110,0.043582817281857304,3.213921841492137e-05,0.20876498097587465
22,111,0.04147749127489422,3.058669068513259e-05,0.20366023488863558
22,112,0.04020785117797479,2.9650421693632083e-05,0.2005189546600889
22,113,0.039338180257646474,2.900910143485265e-05,0.19833854960054154
22,114,0.03712028192699564,2.7373559647595363e-05,0.1926662449081199
22,115,0.03441156969397934,2.5376077623496846e-05,0.18550355709252409
22,116,0.03345002956381921,2.4667010376694685e-05,0.1828934924042384
22,117,0.032167319461469085,2.3721103188642888e-05,0.17935250057211102
22,118,0.031202811650743238,2.3009847489146843e-05,0.17664317606616803
22,119,0.029950953185835398,2.2086691182659293e-05,0.17306343688322903
22,120,0.02879508374450418,2.1234319932911252e-05,0.16969114220991083
22,121,0.02721817806493835,2.0071464495468166e-05,0.16497932617433722
22,122,0.026102045865246674,1.9248396626453878e-05,0.16156127588394031
22,123,0.02461750104492066,1.8153650733396168e-05,0.15689965278776324
22,124,0.022803199007323444,1.6815732418481557e-05,0.1510072813056491
22,125,0.021394338381741585,1.5776798219507523e-05,0.14626803609039668
22,126,0.0195925368988445,1.4448098171856754e-05,0.139973343529561
22,127,0.0187294224999857,1.3811612879898952e-05,0.13685548034326467
22,128,0.0174111157951508,1.2839455737084284e-05,0.13195118716840254
22,129,0.01611846555566825,1.1886218407056874e-05,0.12695851903542452
22,130,0.01599667770462958,1.1796408555630747e-05,0.12647797319940568
22,131,0.015257665290161093,1.1251439623348612e-05,0.12352192230596597
22,132,0.013984830749745438,1.0312814957670931e-05,0.11825747650675385
22,133,0.013207270819562262,9.739419982645967e-06,0.11492289075533325
22,134,0.013155592962425685,9.7013112498629e-06,0.11469783329438131
22,135,0.0123803136627799,9.12959807715216e-06,0.11126685788131119
22,136,0.011359622736220371,8.376911338002763e-06,0.10658153093393044
22,137,0.011262827567168426,8.305531806488064e-06,0.10612646968201866
22,138,0.01079788942885102,7.962673099576741e-06,0.10391289346780322
22,139,0.010520903721280948,7.758415901244777e-06,0.10257145665964264
22,140,0.009892802842901902,7.2952363140630305e-06,0.09946257005980642
22,141,0.009700696046560672,7.153571257243223e-06,0.09849211159560278
22,142,0.008966220128795773,6.6119476676325434e-06,0.09469012688129515
22,143,0.00868690469183856,6.405972460087527e-06,0.09320356587512389
22,144,0.008309065533439916,6.12734303696074e-06,0.09115407579170509
22,145,0.008095130441885683,5.969581169718167e-06,0.08997294283219641
22,146,0.007947187706037273,5.8604839567137115e-06,0.08914700054425428
22,147,0.007595604744316881,5.601216605440382e-06,0.08715276670488942
22,148,0.006929113085489849,5.109726556593031e-06,0.08324129435256188
22,149,0.006536727841726996,4.820370433272013e-06,0.08085003303479224
22,150,0.005920374262877659,4.365853641405429e-06,0.0769439683333116
22,151,0.005608463702205873,4.135841855555959e-06,0.0748896768734241
22,152,0.005544688094736865,4.088811894992947e-06,0.07446266242041621
22,153,0.005153852632190457,3.8005986247529612e-06,0.07179033801418166
22,154,0.00507555894015656,3.742862612587555e-06,0.07124295712669822
22,155,0.004760053523875072,3.5101998771938394e-06,0.06899314113645698
22,156,0.004740963371619104,3.496122251854459e-06,0.06885465395758739
22,157,0.004387277900746001,3.2353044500803894e-06,0.06623652995701089
22,158,0.004330393002683994,3.1933558961009188e-06,0.06580572165612952
22,159,0.003973809983964577,2.9304013595100492e-06,0.06303816291711377
22,160,0.0037602832020655307,2.7729405915081263e-06,0.0613211480817632
22,161,0.003597939434124929,2.653223644749012e-06,0.059982826159867865
22,162,0.003374034948760085,2.4881100608179226e-06,0.058086443760658
22,163,0.00319203905297429,2.3539010718154185e-06,0.05649813318132105
22,164,0.003021771651231188,2.2283410104230424e-06,0.054970643540267816
22,165,0.002883529303547407,2.1263971416348705e-06,0.05369850373657917
22,166,0.0027882661627838938,2.0561473716833422e-06,0.05280403547820842
22,167,0.002654392603800102,1.9574251728787687e-06,0.051520797779150335
22,168,0.0025386451907371318,1.8720697135165416e-06,0.05038496988921529
22,169,0.0024929503395870176,1.8383730208026866e-06,0.0499294536279641
22,170,0.0023293599123428684,1.7177367517476642e-06,0.04826344281485593
22,171,0.0022997105453928988,1.6958724588978786e-06,0.04795529736528488
22,172,0.0021549001105480494,1.5890850944156893e-06,0.04642090165591411
22,173,0.002106279502557439,1.5532308647643405e-06,0.04589422079693084
22,174,0.0019991328337371204,1.4742178406778736e-06,0.04471166328528967
22,175,0.00195377833816193,1.4407721359185254e-06,0.04420156488363201
22,176,0.0018002444651239592,1.3275518581254632e-06,0.04242928782249308
22,177,0.001751488298907417,1.2915976639536246e-06,0.04185078612054279
22,178,0.0016401907809398823,1.2095236847552611e-06,0.04049926889389341
22,179,0.0015884816927159413,1.1713919212733834e-06,0.03985576109818932
22,180,0.0015244622426355493,1.1241821441809468e-06,0.03904436249493068
22,181,0.001486840077029754,1.0964384811261413e-06,0.038559565311732366
22,182,0.0014187231265004494,1.0462070897807488e-06,0.0376659412002468
22,183,0.0013527670542817082,9.975691920257803e-07,0.03677998170583705
22,184,0.001249561734036286,9.214626313255313e-07,0.03534914049925805
22,185,0.0011660436509846803,8.598740035084747e-07,0.03414738131957823
22,186,0.0011512050603442797,8.489316015412671e-07,0.03392941290892431
22,187,0.0011262442900908068,8.305248142564308e-07,0.033559563317939745
22,188,0.0010638008573506336,7.844772375145457e-07,0.032615960162942215
22,189,0.0010074244830717376,7.429036835454899e-07,0.03173995089901271
22,190,0.0009229982510632147,6.806453606628093e-07,0.03038088627843524
22,191,0.0008642912351584022,6.373531247696866e-07,0.029398830506644345
22,192,0.0007724828153002128,5.696509650155613e-07,0.027793575072311456
22,193,0.0007347988453498578,5.418617256659527e-07,0.027107173319065522
22,194,0.0007161649970702719,5.281205919550436e-07,0.026761259257932386
22,195,0.0006995464016756547,5.158655634725424e-07,0.02644893951892315
22,196,0.0006340708768280907,4.6758203512010936e-07,0.025180764023914975
22,197,0.000595259680434036,4.389615466880275e-07,0.024397944184583176
22,198,0.0005494264586358592,4.051628154930081e-07,0.02343984766665217
22,199,0.000538048888419329,3.9677266916870463e-07,0.023195880850257207
22,200,0.00048381117291776784,3.567762234695257e-07,0.021995708056749795
22,201,0.0004738882627181271,3.49458785127818e-07,0.021768974774162588
22,202,0.0004595125976673034,3.38857757756407e-07,0.021436244952586808
22,203,0.00043498791557704106,3.207725543800854e-07,0.02085636391073576
22,204,0.0004289140036677189,3.1629347767826883e-07,0.020710239102137835
22,205,0.0004042483160529033,2.981042927873513e-07,0.020105927386044727
22,206,0.0003868247038284003,2.852556218251529e-07,0.01966785966566775
22,207,0.00036921968801536067,2.722731786582913e-07,0.01921509011208016
22,208,0.0003330471687114841,2.4559852632898455e-07,0.018249579959864395
22,209,0.00033046019973224895,2.436908212690164e-07,0.018178564292381533
22,210,0.0003098284290311197,2.2847636231006793e-07,0.017601943899215215
22,211,0.0003052415219145881,2.2509384555549973e-07,0.017471162580509292
22,212,0.0002926677194245856,2.1582156327235104e-07,0.01710753399600847
22,213,0.0002799743395318846,2.06461101185727e-07,0.016732433759973013
22,214,0.000262371630432444,1.9348035905557676e-07,0.01619788969071107
22,215,0.00024843130538546845,1.832003638785267e-07,0.015761703758968078
22,216,0.00023149571264832993,1.7071157247146842e-07,0.015214983162932844
22,217,0.00021819361700159716,1.6090222594387514e-07,0.01477137830405806
22,218,0.0002083806494872835,1.5366586248895133e-07,0.014435395716338485
22,219,0.00018507641464403794,1.3648065188689426e-07,0.013604279276905409
22,220,0.00018361820992309266,1.3540532993794723e-07,0.013550579689559139
22,221,0.0001746411781557092,1.2878540945819135e-07,0.013215187405243604
22,222,0.0001618821289854546,1.193765209644171e-07,0.01272329080802033
22,223,0.00014689791409682292,1.0832673150341493e-07,0.012120144970124034
22,224,0.00014334340962491554,1.0570553804451934e-07,0.01197261081071775
22,225,0.0001345977948754283,9.92562711054696e-08,0.011601628975080538
22,226,0.00012863405676863168,9.485843972288214e-08,0.01134169549796818
22,227,0.00012294702657370034,9.066466068411318e-08,0.011088148022717785
22,228,0.00011690446437825894,8.620870215969992e-08,0.010812236788854512
22,229,0.00011163111607447481,8.231998400233047e-08,0.01056556274291506
22,230,0.00010901858571463348,8.039342924779176e-08,0.010441196565271314
22,231,0.00010735971819201226,7.917013279850196e-08,0.010361453478736092
22,232,0.00010118598243840686,7.461744313326245e-08,0.010059124337555772
22,233,9.77744668542699e-05,7.210169377783635e-08,0.009888097231230582
22,234,9.535208004953508e-05,7.031535632977045e-08,0.009764838966902377
22,235,9.369675400446274e-05,6.909467146751317e-08,0.009679708363605937
22,236,8.504163263890094e-05,6.271213694303581e-08,0.009221802027743869
22,237,8.025090105370277e-05,5.917931418428218e-08,0.00895828672535674
22,238,7.804727914152293e-05,5.755430023712423e-08,0.008834437115149042
22,239,7.61486323428925e-05,5.6154183678358846e-08,0.008726318372767092
22,240,6.819865172200475e-05,5.029164014619792e-08,0.008258247497018041
22,241,6.556000969407785e-05,4.834582989933176e-08,0.008096913590626854
22,242,6.295248949326079e-05,4.6422969779633515e-08,0.007934260488114868
22,243,5.8896799315148595e-05,4.343218761852113e-08,0.007674425015279555
22,244,5.679693688163953e-05,4.188368888436679e-08,0.007536374253023766
22,245,5.478845801975738e-05,4.040257901470597e-08,0.007401922589419413
22,246,5.1158071716062526e-05,3.772542811850728e-08,0.007152487100027691
22,247,4.9019192097328265e-05,3.614815699385375e-08,0.007001370729887703
22,248,4.72561282253297e-05,3.4848023170581927e-08,0.006874309290781853
22,249,4.49177923366779e-05,3.3123667276679814e-08,0.006702073734052611
22,250,4.082756730032282e-05,3.01074181214349e-08,0.0063896453188203505
22,251,3.89047702185199e-05,2.8689492451784293e-08,0.006237368853813273
22,252,3.574955156996764e-05,2.6362743801350723e-08,0.005979092871829943
22,253,3.447263763468164e-05,2.5421110872992573e-08,0.005871340360997788
22,254,3.242904378700797e-05,2.391410620652016e-08,0.005694650453452606
22,255,3.1465329935468545e-05,2.3203435995280646e-08,0.005609396574986346
22,256,3.0439346175603046e-05,2.2446846169174886e-08,0.005517186436545628
22,257,2.9574784967268403e-05,2.1809293958448426e-08,0.005438270402183805
22,258,2.754752884965254e-05,2.03143372023104e-08,0.005248573982488247
22,259,2.699193646209534e-05,1.9904627454133987e-08,0.0051953764504697195
22,260,2.432084524695238e-05,1.7934888246719468e-08,0.0049316168998567176
22,261,2.4188569494453704e-05,1.7837344316205304e-08,0.004918187622941372
22,262,2.3539118572441514e-05,1.735842059502102e-08,0.004851712952395423
22,263,2.216862753255009e-05,1.6347781228090992e-08,0.004708357201036269
22,264,2.1581345096914707e-05,1.591470233032112e-08,0.004645572633907978
22,265,1.942441644102117e-05,1.4324121328435714e-08,0.004407313971232498
22,266,1.9074487564250923e-05,1.4066073746805678e-08,0.004367434895250406
22,267,1.8198136027314288e-05,1.3419827009893073e-08,0.004265927334978209
22,268,1.586793987371803e-05,1.1701473589881024e-08,0.003983458280654892
22,269,1.5077199219586011e-05,1.1118358771296635e-08,0.003882936932218448
22,270,1.4296168608940642e-05,1.0542404417039682e-08,0.003781027454137386
22,271,1.2589568802453825e-05,9.283908813764975e-09,0.0035481782371315318
22,272,1.0567518999300224e-05,7.792791343108592e-09,0.003250772062033914
22,273,9.863778387227966e-06,7.273832848696253e-09,0.003140665277807867
22,274,8.686495044897385e-06,6.405670374693867e-09,0.00294728604734888
22,275,7.478213232147646e-06,5.514648740282304e-09,0.0027346321932113
22,276,5.975636608159962e-06,4.406605678467706e-09,0.002444511527516277
22,277,5.300474634628059e-06,3.9087218910920766e-09,0.002302275968390423
22,278,4.01960229367252e-06,2.9641699209573137e-09,0.0020048945841795573
22,279,3.129767994942145e-06,2.3079806091229695e-09,0.0017691150315743023
22,280,1.9843186099699817e-06,1.4632934075412901e-09,0.0014086584433318041
22,281,1.025578182838444e-06,7.562907419834024e-10,0.001012708340460591
22,282,5.479829724486846e-07,4.040983474126521e-10,0.0007402587199409978
22,283,2.9182167124439844e-07,2.1519766309910773e-10,0.0005402052121596
22,284,1.8384688748574336e-07,1.3557396332585082e-10,0.0004287737019521409
22,285,1.4685960712726324e-07,1.0829848284630012e-10,0.0003832226599866757
22,286,9.612481221338601e-08,7.088519117155289e-11,0.00031004001711615553
22,287,8.593344262850599e-08,6.336978318593843e-11,0.0002931440646312082
22,288,6.050464367619344e-08,4.4617858126295566e-11,0.00024597691695806223
22,289,4.66368226712606e-08,3.439132950759363e-11,0.00021595560347270593
22,290,3.888195005913957e-08,2.867266421230072e-11,0.0001971850655073542
22,291,2.79238600856241e-08,2.0591854640226974e-11,0.00016710433891920371
22,292,2.232726527511401e-08,1.6464765245533903e-11,0.00014942310823669146
22,293,1.6773848774312743e-08,1.2369516773779438e-11,0.0001295138941361611
22,294,1.4538683058585585e-08,1.0721241521936016e-11,0.00012057646146153728
22,295,1.20398689116992e-08,8.878544361591853e-12,0.00010972633645437726
22,296,6.96481137251874e-09,5.136051496452705e-12,8.345544543358893e-05
22,297,6.1623257455193335e-09,4.544275598300627e-12,7.85004824540546e-05
22,298,5.121082443286613e-09,3.776432948361103e-12,7.156173868266906e-05
22,299,4.442378486781859e-09,3.2759372012388095e-12,6.665117018313977e-05
22,300,8.751213514445002e-30,6.453395628773213e-33,2.958245005817639e-15
22,301,8.751213514445002e-30,6.453395628773213e-33,2.958245005817639e-15
22,302,8.751213514445002e-30,6.453395628773213e-33,2.958245005817639e-15
22,303,8.751213514340603e-30,6.453395628696225e-33,2.9582450057999933e-15
23,0,2114.4365464466014,1.0,45.983002799367085
23,1,753.0832542711391,0.3561626171930895,27.442362403246904
23,2,689.9399858033024,0.32629968819011157,26.266708697575766
23,3,410.17672567176214,0.19398866632393447,20.252820190574994
23,4,266.4655635464116,0.12602201943312893,16.32377295683849
23,5,209.54729110842086,0.09910313528233979,14.47574837818138
23,6,118.9676890406498,0.056264487690860225,10.907231043699854
23,7,112.8978519742354,0.05339382359993963,10.625340087462396
23,8,58.2837165605626,0.027564656247788952,7.6343772870197215
23,9,51.48969983378215,0.024351499183228143,7.175632364731498
23,10,42.863744580149046,0.02027194651557804,6.547040902587141
23,11,40.134305728026106,0.018981087796403007,6.335164222656434
23,12,28.476075011036134,0.013467453094722262,5.3362978750287295
23,13,24.188754846311564,0.011439811181357878,4.918206466417566
23,14,22.228648104282346,0.010512799800797293,4.714726726363082
23,15,19.528940270022993,0.009236002046428014,4.419156058573061
23,16,18.686085907587316,0.008837383150130497,4.32274055520191
23,17,13.479286101411754,0.006374883239728454,3.6714147275146884
23,18,12.87525506489033,0.006089213264180347,3.588210565851777
23,19,9.449014680765087,0.004468809762413798,3.0739249634246257
23,20,8.117252533153497,0.0038389671928414585,2.8490792430456366
23,21,7.798913943062997,0.0036884123839844695,2.792653566603455
23,22,7.414326112802391,0.0035065257102477134,2.7229260204424195
23,23,6.964158612271048,0.003293623837506312,2.638969232914823
23,24,5.938053013862629,0.0028083382420918588,2.4368120596103897
23,25,5.761447126648851,0.0027248143891247067,2.40030146578484
23,26,5.337584507400369,0.0025243531267799936,2.3103212996032325
23,27,4.894641893780556,0.002314868186518156,2.2123837582527486
23,28,4.473316745741721,0.002115606993862888,2.1150216891894327
23,29,4.184222647892708,0.0019788830527567585,2.045537251651191
23,30,3.5358155790492907,0.0016722259104873002,1.880376446100432
23,31,3.1197452916406254,0.0014754499475917058,1.7662800716875637
23,32,2.993006915003149,0.0014155103968634206,1.7300309000139706
23,33,2.855109972362335,0.00135029352248024,1.689707067027399
23,34,2.7148979837600984,0.0012839817720340662,1.6476947483560473
23,35,2.4922990458411403,0.0011787060009105274,1.5787016962812006
23,36,2.3824623752910816,0.0011267599301075782,1.5435227161564813
23,37,2.1038253773483384,0.0009949815618179247,1.4504569546692305
23,38,1.9911408139666775,0.0009416886107615159,1.4110778908220047
23,39,1.737910857858082,0.0008219262293676835,1.318298470703081
23,40,1.7203957605322655,0.0008136426526600963,1.3116385784705578
23,41,1.6076437939268586,0.0007603178239746995,1.2679289388316912
23,42,1.487933826905638,0.00070370228390451,1.2198089304910167
23,43,1.3807671791517315,0.0006530189716367551,1.1750605002091303
23,44,1.3309957188130752,0.0006294800953236781,1.1536878775531427
23,45,1.279548288635857,0.0006051485871194342,1.1311712021775735
23,46,1.20925972124228,0.0005719063659179043,1.0996634581735814
23,47,1.1043096053869688,0.0005222713385477597,1.0508613635427695
23,48,1.017723017556188,0.00048132114404970624,1.008822589733293
23,49,0.9565094369667465,0.00045237084015323155,0.9780130044977656
23,50,0.7493788022661395,0.0003544106365005381,0.8656666808108878
23,51,0.742182127171148,0.0003510070464958695,0.8614999287122129
23,52,0.7158861475818902,0.0003385706460593328,0.8461005540607394
23,53,0.697070363137187,0.00032967192338244567,0.8349073979413447
23,54,0.6698184085293221,0.00031678340485316516,0.8184243450248301
23,55,0.6368610268701053,0.0003011965660262431,0.7980357303217102
23,56,0.6020260049534516,0.00028472171745479017,0.775903347688004
23,57,0.5603137237645752,0.0002649943431531231,0.7485410635126006
23,58,0.548805554255058,0.00025955167828391375,0.7408141158583966
23,59,0.5141632593021598,0.00024316797785501416,0.7170517828596201
23,60,0.45970079928332824,0.00021741054374787203,0.6780123887388255
23,61,0.42697705595488517,0.00020193420165407085,0.653434813852832
23,62,0.3924342027872489,0.00018559753114689154,0.626445690213644
23,63,0.37671019965052555,0.00017816103315259222,0.6137672194330075
23,64,0.3406865435953514,0.0001611240328625086,0.5836835988747254
23,65,0.33848138952611445,0.00016008112898679627,0.5817915344228674
23,66,0.32763662547801026,0.00015495221458814514,0.5723955149003268
23,67,0.32052450246258063,0.00015158861257919296,0.5661488341969633
23,68,0.3093713707509384,0.0001463138590140479,0.5562116240703159
23,69,0.29193489655348775,0.00013806746626854162,0.5403100004196552
23,70,0.26719541232388955,0.00012636719355467183,0.5169094817508086
23,71,0.25951944824322054,0.00012273692898439245,0.5094305136554156
23,72,0.25079299814610373,0.00011860984836247359,0.5007923702954187
23,73,0.2418373107526169,0.00011437435242927228,0.49176957078759653
23,74,0.23070914712033766,0.00010911140724844828,0.4803219202996441
23,75,0.21299496946809354,0.00010073367764383398,0.4615137803664085
23,76,0.19928635314705354,9.425033514576852e-05,0.44641500103273135
23,77,0.18998799593156368,8.985277720953434e-05,0.4358761245257231
23,78,0.18237555248289933,8.625255403827985e-05,0.4270545076250798
23,79,0.17628872335936868,8.33738537368876e-05,0.4198675069106547
23,80,0.16638667125063314,7.869078480044855e-05,0.4079052233676754
23,81,0.15944019157381992,7.540552202513043e-05,0.39929962631314836
23,82,0.15481498289383405,7.321807937627974e-05,0.39346535157982343
23,83,0.15189226687096616,7.183581230007939e-05,0.38973358447914924
23,84,0.13827448741898754,6.539543012126023e-05,0.3718527765379567
23,85,0.1336217848753591,6.319498454560676e-05,0.36554313681884265
23,86,0.13121960839556154,6.205890104202065e-05,0.36224247182731284
23,87,0.1306438872532666,6.178661992615436e-05,0.3614469355981132
23,88,0.12710773012471385,6.011423248350663e-05,0.35652171059377835
23,89,0.12204829260519226,5.7721425980032124e-05,0.34935410775485704
23,90,0.11081996983627737,5.2411111613878855e-05,0.33289633496972804
23,91,0.10715051035346349,5.0675680257955426e-05,0.32733852561753785
23,92,0.10305136193776776,4.873703214738218e-05,0.3210161396842342
23,93,0.09563807145229565,4.523099622593046e-05,0.3092540564847867
23,94,0.09271908066523803,4.38504909598996e-05,0.30449807990402505
23,95,0.0857416812108855,4.055060500868563e-05,0.29281680486421113
23,96,0.07998518150466542,3.7828130448787336e-05,0.2828165156150988
23,97,0.07346183800812219,3.4742985374320104e-05,0.2710384437826527
23,98,0.0731192215296829,3.4580948599551405e-05,0.27040566105331987
23,99,0.07139667769681701,3.376629003920789e-05,0.267201567541841
23,100,0.06980954370961236,3.301567210750789e-05,0.2642149573919167
23,101,0.0647603398983207,3.062770552616163e-05,0.25448052950730965
23,102,0.06359402615092433,3.0076109996205247e-05,0.2521785600540306
23,103,0.061404069930434124,2.904039377943321e-05,0.24779844618244506
23,104,0.05800437191512303,2.7432543205234412e-05,0.24084096809953873
23,105,0.055923358542730964,2.6448350335559843e-05,0.2364812012459573
23,106,0.05437599231219102,2.5716540136223118e-05,0.2331866040581899
23,107,0.052335058540920985,2.4751302482390512e-05,0.2287685698275027
23,108,0.049777581952201604,2.35417714642962e-05,0.22310890155303442
23,109,0.04585876451298167,2.1688408947551173e-05,0.2141465958472879
23,110,0.04203643239544362,1.9880678124906417e-05,0.20502788199521454
23,111,0.040053270000915166,1.8942762821720215e-05,0.20013313069283448
23,112,0.0382170196527175,1.8074327989148123e-05,0.19549173806766745
23,113,0.03582754033760323,1.694424947289759e-05,0.18928164289651342
23,114,0.034527171962831005,1.6329254250195095e-05,0.18581488627887435
23,115,0.03269602461262722,1.546323282558384e-05,0.18082042089495096
23,116,0.030588139219468003,1.446633112299948e-05,0.17489465177491278
23,117,0.02910103314318906,1.3763020314842058e-05,0.17059024926175897
23,118,0.02637131694711387,1.2472030428830776e-05,0.16239247811125326
23,119,0.02451987129805259,1.159640914231229e-05,0.1565882220923802
23,120,0.02131139368894629,1.007899420049326e-05,0.14598422410982048
23,121,0.020787748521965136,9.831341856486454e-06,0.14417957040428833
23,122,0.020265363201568624,9.58428534335798e-06,0.14235646526086768
23,123,0.020115659887642558,9.513484772786282e-06,0.14182968620018363
23,124,0.01896511238720415,8.969345719584638e-06,0.13771387870219962
23,125,0.018768932555501425,8.876564580310247e-06,0.13699975385197385
23,126,0.01708383390040631,8.079615313647697e-06,0.13070514106341155
23,127,0.016591212424694492,7.846635290416596e-06,0.12880688034687623
23,128,0.016213063714243716,7.667793929068453e-06,0.12733052938806041
23,129,0.01587052328047958,7.505793118810142e-06,0.12597826511140556
23,130,0.014456159770893625,6.836885124402433e-06,0.12023377134105719
23,131,0.013611679468457415,6.437497257287011e-06,0.11666910245843762
23,132,0.013185138313308952,6.235769210226301e-06,0.11482655752616183
23,133,0.012691607394816612,6.00235907582348e-06,0.11265703437787013
23,134,0.012047073932245515,5.697533913936138e-06,0.10975916331790032
23,135,0.011447899522507883,5.4141608277375625e-06,0.10699485745823434
23,136,0.010550213676661759,4.989609971692852e-06,0.10271423307731874
23,137,0.009768721179364585,4.6200115088728146e-06,0.09883684120490994
23,138,0.009609379269310436,4.544652468034284e-06,0.09802744140958916
23,139,0.009509513118163802,4.497421847037659e-06,0.09751673250352373
23,140,0.009105673504150138,4.306430249445225e-06,0.0954236527499872
23,141,0.008892790690422366,4.205749614651275e-06,0.09430159431537924
23,142,0.00824733783599149,3.900489636282292e-06,0.09081485470996191
23,143,0.00770738775949219,3.645126060862302e-06,0.08779172944812165
23,144,0.007407625281009209,3.503356623994242e-06,0.086067562304327
23,145,0.007063044882529481,3.340391034386547e-06,0.08404192336286385
23,146,0.006700413104715846,3.1688882392693074e-06,0.08185605111850831
23,147,0.0064631932428445395,3.0566976595756465e-06,0.08039398760382856
23,148,0.005944396348245192,2.8113382537938992e-06,0.07709991146716831
23,149,0.005554182150678896,2.6267906502150326e-06,0.07452638560053007
23,150,0.005458856444800481,2.5817073839242497e-06,0.07388407436518699
23,151,0.005004064258988083,2.366618316069887e-06,0.0707394109318708
23,152,0.004936522427064281,2.3346751338366303e-06,0.07026039017159157
23,153,0.004587553174511237,2.169633882946647e-06,0.06773147846098768
23,154,0.00433179735024818,2.0486769194033967e-06,0.06581639119739231
23,155,0.004167372769585045,1.9709140842218645e-06,0.06455519165477742
23,156,0.003951550920063434,1.8688434640917363e-06,0.06286136269651998
23,157,0.0037870274564884405,1.791033863301643e-06,0.06153882885210313
23,158,0.0036524899070119275,1.72740577774731e-06,0.0604358329719375
23,159,0.0035488471142779373,1.6783890347723711e-06,0.05957220085138652
23,160,0.0033468666760175804,1.5828645610775736e-06,0.057852110385167285
23,161,0.0032610597293040965,1.5422830894521015e-06,0.057105689115044364
23,162,0.0031518711250463263,1.490643514624819e-06,0.056141527633707354
23,163,0.0030095240774363997,1.4233220110076276e-06,0.054859129390069615
23,164,0.002942754181808509,1.3917439077346303e-06,0.05424715828325488
23,165,0.002803493132119376,1.3258818936093224e-06,0.052948022929278256
23,166,0.002699176658201408,1.27654654037147e-06,0.05195360101284037
23,167,0.002604036013574879,1.2315507968073433e-06,0.05102975615829336
23,168,0.0023698068803966778,1.1207746500500271e-06,0.048680662283874875
23,169,0.002249977920434242,1.0641028335494028e-06,0.047433932162896236
23,170,0.0021569795701873013,1.020120265047535e-06,0.04644329413583086
23,171,0.002078591871213345,9.830476467626824e-07,0.04559157675726235
23,172,0.0019468502538926226,9.207418672196078e-07,0.044123126066640185
23,173,0.0019147562718853613,9.05563363962465e-07,0.04375792810320618
23,174,0.0018338691990267863,8.673086937078721e-07,0.042823699034842684
23,175,0.0017261314133750448,8.163552679203736e-07,0.041546737698344556
23,176,0.001637741962365032,7.745524286918543e-07,0.04046902472712966
23,177,0.0015935000622546926,7.53628698355898e-07,0.03991866809219331
23,178,0.0015763775801188433,7.455308047753958e-07,0.03970362175065196
23,179,0.0014097613981815952,6.667314753666918e-07,0.03754678945238321
23,180,0.001355713955465194,6.411703192245366e-07,0.036820021122552254
23,181,0.001313533703921355,6.212216233817955e-07,0.03624270552706234
23,182,0.0012470765381186967,5.897914223127011e-07,0.035313970863083306
23,183,0.0011528165041124823,5.452121540605409e-07,0.033953151607950656
23,184,0.001121551020281556,5.304254800960422e-07,0.03348956584193883
23,185,0.0011028714900688191,5.215911973912107e-07,0.0332095090308306
23,186,0.001058611686802254,5.006589999502681e-07,0.03253631335603734
23,187,0.0010295284123180125,4.869043784019803e-07,0.03208626516623604
23,188,0.0010048002116270745,4.7520944211623803e-07,0.031698583747970105
23,189,0.0009788233729753153,4.6292397595012664e-07,0.031286153054910976
23,190,0.000941235854966314,4.4514736398597536e-07,0.03067956738557951
23,191,0.0008913000052979909,4.21530741509296e-07,0.029854647968080128
23,192,0.000844675703646973,3.9948028001430717e-07,0.029063305105355326
23,193,0.0008003051428176334,3.784957009764987e-07,0.028289664947072694
23,194,0.0007502081518908039,3.548028684765026e-07,0.027389927927813244
23,195,0.0007130120635778605,3.372113789728554e-07,0.026702285736952568
23,196,0.0006867621367167742,3.2479675867829026e-07,0.026206146926184594
23,197,0.0006676996535454541,3.1578136249468027e-07,0.025839884936768857
23,198,0.000610424577387875,2.8869373186616494e-07,0.024706771893306397
23,199,0.0005683655253471546,2.688023560235546e-07,0.02384041789371895
23,200,0.0005525083267060434,2.6130286464947676e-07,0.023505495670290456
23,201,0.0005523931110067079,2.61248374624922e-07,0.023503044717795775
23,202,0.0005051060219342503,2.3888445495472635e-07,0.022474563887520716
23,203,0.0004948089830887237,2.3401458129366464e-07,0.022244302261224643
23,204,0.00048660209024876125,2.3013321968281164e-07,0.0220590591424195
23,205,0.00046375584336559627,2.193283331887908e-07,0.021534991139204034
23,206,0.0004371481999083141,2.0674453468133617e-07,0.020908089341408365
23,207,0.00040639782625018765,1.9220147652723658e-07,0.020159311155150805
23,208,0.00039548701400902406,1.8704132534677214e-07,0.019886855307187812
23,209,0.00037671043180483325,1.7816114294747262e-07,0.019409029646142367
23,210,0.00034923731558888723,1.6516802841674067e-07,0.018687892218998033
23,211,0.0003426016177048279,1.6202974654433784e-07,0.018509500741641517
23,212,0.00032212821687626264,1.5234707204508574e-07,0.01794793071293353
23,213,0.00031385280634112515,1.4843330572798123e-07,0.017715891350454968
23,214,0.0002946021899621352,1.3932893396930092e-07,0.017163979432583087
23,215,0.00028213402473795986,1.3343224946243851e-07,0.016796845678220654
23,216,0.00027724046599737333,1.3111789354156193e-07,0.016650539510699745
23,217,0.00024843114188184717,1.1749283387072837e-07,0.015761698572230316
23,218,0.00023536033545115388,1.1131113669345468e-07,0.015341458061447545
23,219,0.00023058070494349215,1.0905066190375523e-07,0.015184884093844515
23,220,0.00021423171699309606,1.0131858407059856e-07,0.014636656619361406
23,221,0.0002106297242403723,9.961506037830472e-08,0.014513088032544015
23,222,0.0002071726682490166,9.798008296686836e-08,0.01439349395556953
23,223,0.00018764545671074378,8.874489850550956e-08,0.013698374236045086
23,224,0.0001873559598528662,8.860798408338415e-08,0.01368780332459764
23,225,0.0001730531835211361,8.184364000516316e-08,0.013154968016727981
23,226,0.00016440832612712447,7.7755147773727e-08,0.012822181020681485
23,227,0.0001532593760128263,7.248237185002551e-08,0.012379797090939185
23,228,0.00015041994530489501,7.113949366685039e-08,0.012264580926590806
23,229,0.00013905223585453295,6.576325787038444e-08,0.01179204120814259
23,230,0.00012966961620806717,6.132584892461414e-08,0.011387256746383967
23,231,0.00012749953876000955,6.029953415924343e-08,0.011291569366567677
23,232,0.00012489973075910442,5.906998295550822e-08,0.0111758548111142
23,233,0.0001177933327933681,5.570908854717097e-08,0.010853263693164748
23,234,0.00011310654984828145,5.3492525012567394e-08,0.010635156315178515
23,235,0.00010648370350908287,5.0360321139943014e-08,0.010319094122503335
23,236,9.984117515688193e-05,4.721880887117146e-08,0.009992055602171254
23,237,9.577189385672476e-05,4.529428609133408e-08,0.009786311555265588
23,238,9.166968904382596e-05,4.33541924906097e-08,0.009574428914761755
23,239,8.520736184923575e-05,4.0297904419231814e-08,0.009230783382207371
23,240,8.467188494860343e-05,4.004465638417859e-08,0.009201732714473042
23,241,7.910213895166639e-05,3.741050498044069e-08,0.008893938326279669
23,242,7.670674478848606e-05,3.62776291004783e-08,0.008758238680721488
23,243,7.423414549907413e-05,3.510823988727763e-08,0.00861592394923923
23,244,7.04348817899941e-05,3.331141902005187e-08,0.008392549183054819
23,245,6.692855310622558e-05,3.1653138619223075e-08,0.008180987294099997
23,246,6.211659406652952e-05,2.93773743983564e-08,0.007881408127138799
23,247,6.107961332069202e-05,2.8886945519050383e-08,0.007815344734603331
23,248,5.932837010627833e-05,2.8058713895189776e-08,0.007702491162362884
23,249,5.1901321290892915e-05,2.4546171119731752e-08,0.007204257164405843
23,250,4.9836189074455726e-05,2.3569489071784875e-08,0.007059475127405417
23,251,4.763303917277635e-05,2.252753304554145e-08,0.00690166930334802
23,252,4.535980468253085e-05,2.145243126768684e-08,0.006734968795958215
23,253,4.393237076023833e-05,2.0777341762309447e-08,0.006628149874605909
23,254,4.221125971744523e-05,1.9963360824605027e-08,0.0064970192948339955
23,255,4.090996606488159e-05,1.9347928001732893e-08,0.006396089904377642
23,256,3.8483408571956396e-05,1.8200313760481186e-08,0.006203499703550924
23,257,3.7938019357951584e-05,1.794237780353731e-08,0.006159384657411127
23,258,3.634415540847412e-05,1.7188577008637116e-08,0.006028611399690157
23,259,3.316463374449711e-05,1.5684856469318816e-08,0.005758874346996738
23,260,3.2369975259931245e-05,1.5309031294568917e-08,0.005689461772429027
23,261,2.702085380857803e-05,1.2779221894356537e-08,0.0051981586940548505
23,262,2.6089617861200253e-05,1.2338803879002631e-08,0.005107799708406767
23,263,2.4403236207669757e-05,1.1541247832043204e-08,0.004939963178776716
23,264,2.2829545173407755e-05,1.0796987600206663e-08,0.0047780273307514425
23,265,2.0051579465712154e-05,9.483178627142852e-09,0.00447789900128533
23,266,1.958704412535444e-05,9.263481639243931e-09,0.004425725265462649
23,267,1.8311062931574277e-05,8.660020071232112e-09,0.0042791427799939415
23,268,1.527800995972053e-05,7.225570322928754e-09,0.003908709500553927
23,269,1.4248319720746258e-05,6.738589410351969e-09,0.0037746946526502323
23,270,1.2483556003615919e-05,5.903963410297204e-09,0.003533207608337772
23,271,1.1791427283137404e-05,5.576628583607008e-09,0.0034338647735659895
23,272,1.053837135150971e-05,4.984009271510124e-09,0.0032462857778559344
23,273,9.778555315526422e-06,4.62466245769337e-09,0.0031270681661144553
23,274,8.45569884130832e-06,3.999031730471398e-09,0.0029078684360383843
23,275,6.8595207404706034e-06,3.2441364826002054e-09,0.0026190686780744417
23,276,6.65668709507385e-06,3.1482084937761266e-09,0.002580055637980284
23,277,5.4654859768775765e-06,2.584842749744632e-09,0.002337837885071926
23,278,4.526214371735303e-06,2.1406243565652487e-09,0.0021274901578468707
23,279,2.905565706933996e-06,1.3741560189247204e-09,0.0017045720010999818
23,280,2.5409837353290336e-06,1.2017309006502287e-09,0.0015940463403957344
23,281,9.511016314686823e-07,4.498132767649368e-10,0.0009752443957637912
23,282,7.70172719939033e-07,3.642448959905372e-10,0.0008775948495399417
23,283,3.341934536733183e-07,1.5805319589038711e-10,0.0005780946753545809
23,284,2.748216395198754e-07,1.2997393560082217e-10,0.0005242343364563937
23,285,1.7220490396679652e-07,8.144245532276389e-11,0.0004149757872054664
23,286,1.349623336537848e-07,6.382898265762319e-11,0.0003673722004368115
23,287,8.926141535360749e-08,4.221522537699938e-11,0.0002987664896764821
23,288,7.801757040912333e-08,3.6897569965026903e-11,0.00027931625518240667
23,289,6.120572134603597e-08,2.894658695192094e-11,0.00024739790085212115
23,290,4.793091438024687e-08,2.2668409917903078e-11,0.00021893130059506537
23,291,3.6735928797787433e-08,1.737386201516602e-11,0.00019166619106610177
23,292,2.877625241419924e-08,1.3609418765750588e-11,0.00016963564606001664
23,293,2.3709634892233634e-08,1.1213216557422194e-11,0.0001539793326788814
23,294,2.165340333961512e-08,1.024074398260121e-11,0.00014715095425995415
23,295,1.4854743269219356e-08,7.0253908986691374e-12,0.0001218800363850428
23,296,1.341690984918177e-08,6.345383062797247e-12,0.00011583138542373466
23,297,8.941176977759142e-09,4.22863338830629e-12,9.455779702255728e-05
23,298,7.916793904203276e-09,3.7441624424756455e-12,8.897636711061694e-05
23,299,6.9440429332156075e-09,3.2841103436683218e-12,8.333092423113767e-05
23,300,1.4771018728049077e-29,6.985794278325537e-33,3.843308305099797e-15
23,301,1.4771018728049077e-29,6.985794278325537e-33,3.843308305099797e-15
23,302,1.4771018728049077e-29,6.985794278325537e-33,3.843308305099797e-15
23,303,1.4771018726481526e-29,6.98579427758418e-33,3.843308304895865e-15
24,0,2278.3429079518123,1.0,47.73199040425417
24,1,778.612250530826,0.34174497956972766,27.90362432607682
24,2,718.1394122486245,0.31520251395968235,26.79812329713826
24,3,414.38070228529733,0.18187811011197513,20.356343047937106
24,4,251.38198679394154,0.11033544859141912,15.855030330905757
24,5,184.56413732896652,0.08100805927185309,13.585438429766134
24,6,150.7877401778263,0.06618307527438073,12.279565960481921
24,7,122.51012759679962,0.05377159301579144,11.068429319320769
24,8,53.66013765586755,0.023552265757970127,7.325308024640845
24,9,48.373964717323126,0.021232082558112562,6.955139446288847
24,10,40.78186814333644,0.017899793749659297,6.386068285207765
24,11,34.938881121510136,0.015335216222091668,5.910912038045409
24,12,32.779045089839954,0.01438723072608403,5.72529869001085
24,13,30.348875914708877,0.013320591825219124,5.508981386309894
24,14,24.62189900103371,0.010806932931429685,4.962045848340552
24,15,18.94340491403702,0.008314553901399674,4.352402200398881
24,16,17.528055887030195,0.0076933352858580845,4.186652109625326
24,17,16.398076611050378,0.007197369875192291,4.04945386577627
24,18,9.8327465664866,0.004315744803896115,3.135721060057256
24,19,9.391955167389602,0.004122274629780288,3.0646296949859377
24,20,8.86806255065789,0.0038923300437817376,2.977929238692197
24,21,7.8516267090989045,0.003446200605578451,2.8020754288739096
24,22,7.301246813979861,0.0032046303427360483,2.702081940648703
24,23,6.783437724566579,0.0029773559111278655,2.6045033546852228
24,24,6.202556159979887,0.0027223979930026724,2.4904931559793306
24,25,5.1204524772741635,0.002247445921947436,2.2628416818845642
24,26,5.005258817504123,0.0021968856400127043,2.237243575810225
24,27,4.856993813768033,0.002131809832846619,2.203858846153272
24,28,4.161827995098625,0.0018266907850320174,2.0400558803862765
24,29,3.6875827273512023,0.001618537189674521,1.920307977213864
24,30,3.5857125216025283,0.0015738247781261411,1.8935977718624746
24,31,3.56702399574159,0.001565622094589913,1.8886566643362128
24,32,2.904492671172183,0.0012748268318324687,1.7042572197799788
24,33,2.82410630099792,0.0012395440085604754,1.6805077509484805
24,34,2.3784783650657153,0.001043951003496626,1.5422316184885185
24,35,2.2827937537305916,0.0010019535451679573,1.510891708141451
24,36,2.0225499287137447,0.0008877284984866389,1.422163819225389
24,37,1.986044310004664,0.0008717056168643555,1.4092708433813084
24,38,1.8837803784082976,0.000826820392941544,1.3725087899202313
24,39,1.8711773642249983,0.0008212887347616833,1.3679098523751476
24,40,1.734061215236825,0.0007611063326704028,1.3168375811909474
24,41,1.637912846288239,0.0007189053239403247,1.279809691433941
24,42,1.4858719926872153,0.000652172237770383,1.218963491121541
24,43,1.4146107845268003,0.0006208945894797325,1.1893741146194499
24,44,1.364856674685915,0.0005990567398447039,1.1682708053725879
24,45,1.2117888595852286,0.0005318729043621463,1.1008128176875616
24,46,1.1870482047538746,0.0005210138476569397,1.0895174182884249
24,47,1.0534302296586102,0.00046236684828344135,1.0263674924989636
24,48,0.9841454075048275,0.00043195666643067166,0.992041031159915
24,49,0.9655431147875172,0.0004237918319571668,0.9826205344829291
24,50,0.8065677329133455,0.00035401507389352325,0.8980911606921346
24,51,0.7505846812661939,0.0003294432451965519,0.866362903907014
24,52,0.7136252307028702,0.00031322116974235713,0.8447634170008016
24,53,0.691821693155106,0.0003036512593168167,0.8317581939212297
24,54,0.6595393214080253,0.00028948202621568444,0.8121202628970818
24,55,0.656271070646307,0.0002880475403223136,0.8101055922818376
24,56,0.579968074180312,0.00025455697303339314,0.7615563499704484
24,57,0.5533395672593798,0.00024286930879813072,0.7438679770358312
24,58,0.5080443900591416,0.00022298855378002076,0.712772326945387
24,59,0.45541746563492524,0.0001998897813166926,0.6748462533310274
24,60,0.43478564522242447,0.00019083415569488995,0.6593827759521964
24,61,0.40956790022176265,0.00017976569672295577,0.6399749215569018
24,62,0.39894771977445087,0.0001751043349892828,0.6316230836301432
24,63,0.37162189047092437,0.00016311060515688812,0.6096079809770574
24,64,0.3529967374021907,0.0001549357369209748,0.594135285437745
24,65,0.3279412645065952,0.0001439385016899885,0.5726615619251874
24,66,0.3198108450897136,0.00014036993464571035,0.5655182093352199
24,67,0.314749125296634,0.0001381482674087842,0.5610250665492889
24,68,0.2903470028590512,0.0001274377978159871,0.538838568459099
24,69,0.2647382524076375,0.00011619772049398491,0.514527212504487
24,70,0.2615120833590454,0.00011478170491646488,0.5113825215619374
24,71,0.2517091144141127,0.00011047902997200473,0.5017062032844648
24,72,0.2428298077236381,0.00010658176470105527,0.4927776453164633
24,73,0.24097654863233547,0.00010576834057388178,0.49089362252155555
24,74,0.2236963446189321,9.818379131525505e-05,0.4729654793099937
24,75,0.20434770600511326,8.969137406485402e-05,0.4520483447653727
24,76,0.19851779616632426,8.713253631552242e-05,0.4455533595051487
24,77,0.19230394809379361,8.440518212715892e-05,0.43852474057206126
24,78,0.17815006729744257,7.81928245637072e-05,0.42207827152963295
24,79,0.17464515697792493,7.665446512392099e-05,0.41790567952341223
24,80,0.16767002363529043,7.3592971036139e-05,0.4094753028392438
24,81,0.15884429694829877,6.971922285881752e-05,0.39855275303063553
24,82,0.15600195940964948,6.847167687760063e-05,0.3949708336189515
24,83,0.14497983593439534,6.363389612177804e-05,0.38076217765738674
24,84,0.1360124492910515,5.9697971194917335e-05,0.368798656845509
24,85,0.12778882972598682,5.608849716167905e-05,0.35747563515012715
24,86,0.1195003073694412,5.2450536287739824e-05,0.3456881649253286
24,87,0.11660441457373441,5.117948407448447e-05,0.34147388563949427
24,88,0.1100788130404238,4.8315296462279504e-05,0.33178127288987214
24,89,0.10692912924436733,4.693285144706098e-05,0.32700019762129706
24,90,0.10175324241456628,4.466107452896129e-05,0.3189878405434387
24,91,0.10047168776494664,4.409858033849207e-05,0.31697269245937676
24,92,0.09558968905974954,4.195579547140377e-05,0.309175822243185
24,93,0.09308773349259312,4.0857648410913373e-05,0.3051028244585637
24,94,0.08627237875141647,3.786628362671435e-05,0.2937216007572757
24,95,0.08218100837059704,3.607051778016867e-05,0.28667230136620636
24,96,0.07719885869082933,3.388377509873159e-05,0.2778468259506114
24,97,0.07482075955611538,3.2839990545311656e-05,0.27353383621796296
24,98,0.07308170990316534,3.207669471004452e-05,0.2703362903924764
24,99,0.07069125848469177,3.102748854791217e-05,0.265878277572072
24,100,0.06610387699318764,2.9014015740331988e-05,0.25710674241098314
24,101,0.06099798786261545,2.677296189687772e-05,0.24697770721790954
24,102,0.05903784304027409,2.591262396640197e-05,0.24297704220825903
24,103,0.0582153310433515,2.555161070801497e-05,0.24127853415368616
24,104,0.052943222560912245,2.323760061583847e-05,0.230093942903572
24,105,0.050589462917755144,2.220449904234746e-05,0.2249210148424445
24,106,0.049099141076655126,2.1550373697168498e-05,0.22158325991973113
24,107,0.04871296359399629,2.1380874417094805e-05,0.22071013477861928
24,108,0.04449065458817403,1.9527637579441585e-05,0.2109280791838157
24,109,0.0436535166729158,1.9160204778902006e-05,0.2089342400682947
24,110,0.040113188558457684,1.7606299920198883e-05,0.20028277149684565
24,111,0.036419542131883184,1.5985101278992138e-05,0.19083904771268165
24,112,0.03429689567939684,1.5053438865455554e-05,0.18519421070702194
24,113,0.03381932884719957,1.4843827384000995e-05,0.18390032312967688
24,114,0.03132916082366276,1.375085405902621e-05,0.17700045430354905
24,115,0.030015165038474664,1.3174120951554978e-05,0.17324885292109343
24,116,0.029742642254636957,1.3054506479612867e-05,0.1724605527494243
24,117,0.028309566747660053,1.2425507437381243e-05,0.16825447021597986
24,118,0.025948132219143678,1.1389037237801295e-05,0.16108423951195125
24,119,0.025481968451384014,1.118443073799274e-05,0.15963072527362648
24,120,0.02425572477164455,1.06462133891206e-05,0.15574249507326043
24,121,0.023673123638940988,1.0390500725908149e-05,0.15386072805931014
24,122,0.02280717724504101,1.0010423437771374e-05,0.15102045306858608
24,123,0.021861619955588094,9.595403694188106e-06,0.14785675485275637
24,124,0.020880185845789316,9.164637058325962e-06,0.1444997780129413
24,125,0.019622952946625326,8.61281806094149e-06,0.14008195082388497
24,126,0.018860727890905205,8.278265675056195e-06,0.13733436529472587
24,127,0.017682561054609358,7.761149997611927e-06,0.1329757912351318
24,128,0.016951197516930812,7.4401432101235465e-06,0.1301967646177539
24,129,0.01604919196652223,7.044238999541186e-06,0.12668540549930063
24,130,0.015766621833387107,6.920214590331797e-06,0.12556520948649394
24,131,0.01556409842411154,6.831323928364836e-06,0.12475615585658104
24,132,0.014596677368618692,6.406707839137714e-06,0.1208167098071235
24,133,0.013046326617744996,5.726234875448753e-06,0.11422051749902465
24,134,0.012884075818207762,5.655020485827704e-06,0.1135080429670416
24,135,0.012339720058201534,5.416094309216479e-06,0.11108429258091143
24,136,0.011700404867963565,5.135488967497878e-06,0.10816840975055317
24,137,0.011448793387917107,5.025052790762457e-06,0.10699903451862128
24,138,0.01076800063225202,4.7262423029781105e-06,0.10376897721502328
24,139,0.010305827731637867,4.523387456589058e-06,0.10151762276392147
24,140,0.009381475913088655,4.1176751227155825e-06,0.09685801935352929
24,141,0.008972725342007644,3.938268164415143e-06,0.09472447066100524
24,142,0.00863461166635356,3.789864833874333e-06,0.09292261116839948
24,143,0.007936964442565272,3.4836566589093715e-06,0.08908964273452483
24,144,0.00758008047795725,3.3270147577440834e-06,0.08706365761876335
24,145,0.006994449336191774,3.069972176611313e-06,0.08363282451401348
24,146,0.006890897520305946,3.0245216803210427e-06,0.08301143005819106
24,147,0.006849713817530064,3.006445515125653e-06,0.08276299787664813
24,148,0.0061178414835312165,2.6852154090496595e-06,0.07821663175777398
24,149,0.005719626983379572,2.5104328955123835e-06,0.07562821552423124
24,150,0.0052672732965685296,2.3118878541877216e-06,0.07257598291837686
24,151,0.00501556089735944,2.2014073824683115e-06,0.0708206248020973
24,152,0.004825029231935592,2.117780082662448e-06,0.06946243036300696
24,153,0.004604989397386602,2.0212011902661315e-06,0.0678600721881918
24,154,0.004451194985417282,1.9536984401609776e-06,0.06671727651378825
24,155,0.004292481612704768,1.8840366819776171e-06,0.06551703299680754
24,156,0.004237151564494854,1.8597514666060405e-06,0.0650934064594476
24,157,0.004036389145900753,1.7716337307316883e-06,0.06353258334036758
24,158,0.003842987648789429,1.6867468173367295e-06,0.06199183533973993
24,159,0.0036544636642075923,1.604000719756837e-06,0.060452160128547865
24,160,0.0034665256040221173,1.521511793472063e-06,0.058877207848386605
24,161,0.003278011840195452,1.4387701819399622e-06,0.0572539242340248
24,162,0.0032062793912739185,1.4072856987784617e-06,0.056624017795224656
24,163,0.0031869743483984156,1.3988124163730236e-06,0.05645329351241091
24,164,0.0030561903547721026,1.3414092953722936e-06,0.055282821516019806
24,165,0.002863221907683364,1.2567124543413647e-06,0.053509082478429434
24,166,0.002791220341363101,1.2251098513842044e-06,0.052832001110719826
24,167,0.0026411830444567764,1.159256157288084e-06,0.0513924415109535
24,168,0.00249092370428319,1.0933050049619104e-06,0.049909154513808285
24,169,0.002470028493147736,1.0841337730711685e-06,0.04969938121493804
24,170,0.0022709400471736464,9.967507697141074e-07,0.047654381195999664
24,171,0.0022256744337018097,9.768829906744149e-07,0.04717705410156308
24,172,0.001999230295558812,8.774931502106865e-07,0.04471275316460408
24,173,0.0019528018369490661,8.571149804243464e-07,0.044190517500353695
24,174,0.0018274725287388185,8.021060053605724e-07,0.04274894769159609
24,175,0.0017886734073749285,7.850764698905278e-07,0.04229271104309735
24,176,0.0017049681687340242,7.483369438302677e-07,0.04129126019794049
24,177,0.0016641756767520595,7.304324871132424e-07,0.0407943093672642
24,178,0.0015984067912833881,7.015655043429463e-07,0.039980079930927954
24,179,0.001512183398111163,6.637207212458583e-07,0.03888680236418473
24,180,0.0014708299946145026,6.455700717749951e-07,0.03835140146871432
24,181,0.0014382204879688219,6.312572540986621e-07,0.03792387754395404
24,182,0.0014148763098141795,6.210111326420688e-07,0.03761484161623148
24,183,0.001336770275302768,5.867291840210741e-07,0.03656186914399711
24,184,0.001302877532844338,5.718531342657284e-07,0.03609539489802457
24,185,0.0012684041470269664,5.567222311444057e-07,0.03561466196704619
24,186,0.0012238575860658715,5.371700553917481e-07,0.03498367599418151
24,187,0.0011093963379576355,4.869312402824218e-07,0.03330760180435745
24,188,0.001031536788808075,4.5275747790546916e-07,0.03211754643194394
24,189,0.0010154173359205319,4.4568240029916e-07,0.03186561369125867
24,190,0.0009348400721291959,4.1031579086117444e-07,0.030575154490684032
24,191,0.0009027309760794955,3.962226111481321e-07,0.03004548179143572
24,192,0.0008394858215221984,3.684633329742626e-07,0.02897388171305665
24,193,0.0008178163083349116,3.589522479169359e-07,0.02859748779761802
24,194,0.000750354065453746,3.293420243436052e-07,0.027392591433702398
24,195,0.000731975020156665,3.212751766215459e-07,0.027055036872210413
24,196,0.0007228196859217834,3.172567585849423e-07,0.02688530613405366
24,197,0.0006837882830560178,3.001252711650551e-07,0.026149345748144787
24,198,0.0006598872455592525,2.8963473551594514e-07,0.025688270583269175
24,199,0.000593721520067589,2.605935735114314e-07,0.02436640145913198
24,200,0.0005734982314368037,2.5171725881788706e-07,0.023947823104340897
24,201,0.0005412203781020932,2.375500089179465e-07,0.023264143614199366
24,202,0.00048755063743668667,2.139935282503131e-07,0.022080548848176004
24,203,0.00046600037620705373,2.0453478472473635e-07,0.02158704185864876
24,204,0.00045358196641802145,1.9908415227354128e-07,0.021297463849435722
24,205,0.00043136329081724294,1.8933203132492049e-07,0.020769287200509384
24,206,0.00041411749608224915,1.817625848316806e-07,0.020349877053246517
24,207,0.0003592325829821437,1.5767274615614691e-07,0.018953431957884136
24,208,0.000341953181826545,1.500885492842491e-07,0.018491976147144065
24,209,0.0003268324595865053,1.4345183003217087e-07,0.018078508223481973
24,210,0.00031777154893376975,1.3947485596864803e-07,0.01782614789946975
24,211,0.00029003415083077083,1.2730048221384994e-07,0.017030389039325286
24,212,0.0002844274471847148,1.2483961312057707e-07,0.016864976939940202
24,213,0.00024718252992475857,1.0849224191057836e-07,0.01572203962355898
24,214,0.0002401805799449459,1.0541897758527655e-07,0.015497760481596878
24,215,0.0002319798642938403,1.0181955643471854e-07,0.015230885210447891
24,216,0.0002176507494629922,9.553028593867643e-08,0.014752991203921739
24,217,0.0002066468354525712,9.070049759908303e-08,0.014375216014118578
24,218,0.0001987176329620452,8.722024778117735e-08,0.014096724192593299
24,219,0.0001938171050859995,8.506933017393657e-08,0.013921821184241647
24,220,0.00018193848019135042,7.98556176756157e-08,0.013488457294715005
24,221,0.00017478572888420972,7.671616431142879e-08,0.013220655387847068
24,222,0.00016106528592180363,7.069404932842103e-08,0.012691149905418486
24,223,0.0001546188631191481,6.786461448779348e-08,0.01243458335124857
24,224,0.0001503334158105751,6.598366527087971e-08,0.012261052801883495
24,225,0.00014569105913643786,6.394606300392745e-08,0.012070255139657897
24,226,0.0001407973463725771,6.179813665500917e-08,0.011865805761623485
24,227,0.00012728071546899564,5.586547794222013e-08,0.011281875529759918
24,228,0.00012078150474410183,5.301287366469437e-08,0.010990063909918897
24,229,0.00011204011481797722,4.91761421983222e-08,0.010584900321589109
24,230,0.0001072570458301411,4.707677911687278e-08,0.01035649775890195
24,231,0.00010442151607607507,4.583222117778051e-08,0.010218684654889546
24,232,0.0001028232673186189,4.51307250369327e-08,0.010140180832638977
24,233,9.871255339585197e-05,4.3326469010142426e-08,0.009935419135388902
24,234,9.54764097328706e-05,4.190607541983314e-08,0.00977120308523319
24,235,8.974018747797164e-05,3.9388358602545215e-08,0.009473129761487047
24,236,8.905684343966397e-05,3.908842831728276e-08,0.009436993347441969
24,237,8.259521813081001e-05,3.625232086115675e-08,0.009088191136348862
24,238,8.036905702174037e-05,3.527522426112347e-08,0.008964879085728952
24,239,7.444247164670516e-05,3.267395412116763e-08,0.008628005079200241
24,240,7.000610447686758e-05,3.072676383898759e-08,0.008366965069657431
24,241,6.909123253422996e-05,3.0325212369520654e-08,0.00831211360210085
24,242,6.745930981117767e-05,2.9608936203471813e-08,0.008213361663239825
24,243,6.418109735107015e-05,2.81700779663443e-08,0.008011310588853121
24,244,6.095976050988703e-05,2.6756183319520025e-08,0.007807673181549483
24,245,5.940994005779854e-05,2.6075943112183654e-08,0.007707784380598522
24,246,5.6855777213282424e-05,2.495488146882802e-08,0.007540276998445244
24,247,5.3397573412186356e-05,2.3437022243587456e-08,0.007307364327319828
24,248,5.0060978607763054e-05,2.197253909103917e-08,0.007075378336722571
24,249,4.8783795009851595e-05,2.1411963422884096e-08,0.006984539713528129
24,250,4.357726335253466e-05,1.912673601521634e-08,0.006601307700185976
24,251,4.078412413941902e-05,1.7900783941291432e-08,0.00638624491696169
24,252,3.957047319453229e-05,1.7368093738841714e-08,0.006290506592837519
24,253,3.6590103621202094e-05,1.605996335911345e-08,0.006048975419126953
24,254,3.625755832383987e-05,1.591400407607419e-08,0.006021424941310808
24,255,3.4234263266304554e-05,1.5025948529003702e-08,0.005851005320994381
24,256,3.083685987866176e-05,1.3534775547190796e-08,0.00555309462179979
24,257,2.973820671364912e-05,1.3052559651954767e-08,0.00545327486136992
24,258,2.7247514896819617e-05,1.1959356425988844e-08,0.005219915219313396
24,259,2.5651765439636793e-05,1.1258957266751935e-08,0.00506475719453922
24,260,2.476789589400743e-05,1.0871013229642988e-08,0.004976735465544399
24,261,2.419541246674389e-05,1.0619741384098811e-08,0.004918883254026659
24,262,2.1623280081854932e-05,9.490792631076705e-09,0.004650083879012822
24,263,2.02007099230943e-05,8.866404548933488e-09,0.004494519988062607
24,264,1.8676730985036928e-05,8.19750658246039e-09,0.004321658360518208
24,265,1.8138296599059266e-05,7.961179388648417e-09,0.00425890791154954
24,266,1.6741191445795023e-05,7.347968291939443e-09,0.004091600108245553
24,267,1.529398078922466e-05,6.712765113559514e-09,0.003910751946777584
24,268,1.3204519916168168e-05,5.795668364969163e-09,0.0036338024046676186
24,269,1.1533227474418623e-05,5.062112219440566e-09,0.0033960605816767495
24,270,1.0863071222766369e-05,4.767970258055697e-09,0.0032959173567864786
24,271,9.386900211884231e-06,4.120055931494034e-09,0.0030638048586494916
24,272,9.055691234648383e-06,3.97468318006146e-09,0.003009267557836688
24,273,7.978173156445376e-06,3.5017438018658944e-09,0.0028245660120530688
24,274,6.377055954235797e-06,2.7989886561758393e-09,0.002525283341376923
24,275,5.48333986683461e-06,2.406722819333649e-09,0.002341653233686536
24,276,4.983373271650789e-06,2.1872797348713185e-09,0.0022323470320832262
24,277,4.3335949881717625e-06,1.902081979427576e-09,0.002081728845976767
24,278,3.3704012101826075e-06,1.4793213077887978e-09,0.0018358652483727142
24,279,2.7067900106214702e-06,1.1880520711672957e-09,0.001645232509592936
24,280,1.8669326309168567e-06,8.19425655550329e-10,0.001366357431610359
24,281,9.067790070923491e-07,3.979993546746334e-10,0.0009522494458346243
24,282,7.016733692669846e-07,3.0797531259145527e-10,0.0008376594590088413
24,283,4.441580975915965e-07,1.949478702443814e-10,0.0006664518719244447
24,284,2.8886744203234756e-07,1.2678839564674398e-10,0.0005374638983525754
24,285,2.036537949010489e-07,8.938680573071849e-11,0.00045128017339680335
24,286,1.58431538299467e-07,6.95380566930963e-11,0.00039803459435012306
24,287,1.327406478619256e-07,5.826192685861187e-11,0.0003643358997709745
24,288,7.488389436377006e-08,3.28677013905204e-11,0.0002736492177291396
24,289,5.518798249973176e-08,2.4222860530395193e-11,0.00023492122615832687
24,290,4.141517688001441e-08,1.8177762765854188e-11,0.00020350719122432605
24,291,3.3454060776001964e-08,1.468350556856103e-11,0.00018290451272727517
24,292,2.9684151391984787e-08,1.3028833933813012e-11,0.00017229089178475102
24,293,2.8910765363323286e-08,1.2689382823990056e-11,0.00017003165988522045
24,294,1.5854378451576358e-08,6.9587323296426646e-12,0.00012591417097204094
24,295,1.53238647221708e-08,6.725881634712603e-12,0.00012378959860251103
24,296,1.3417208402374657e-08,5.889020636685668e-12,0.00011583267415705578
24,297,1.055400697522654e-08,4.632317171568521e-12,0.00010273269671933342
24,298,9.507176244740957e-09,4.172846945716232e-12,9.750474985733238e-05
24,299,8.073756707183096e-09,3.54369690313266e-12,8.985408564546798e-05
24,300,1.6952567251460128e-29,7.440744407829359e-33,4.1173495420549525e-15
24,301,1.6952567251460128e-29,7.440744407829359e-33,4.1173495420549525e-15
24,302,1.6952567251460128e-29,7.440744407829359e-33,4.1173495420549525e-15
24,303,1.695256723016536e-29,7.440744398482756e-33,4.1173495394689726e-15
25,0,2419.4069877193097,1.0,49.187467791291205
25,1,828.7153466292345,0.34252829343542385,28.78741646326107
25,2,617.2705803603804,0.25513300717638243,24.844930677310824
25,3,353.0986673605123,0.14594430335731404,18.790919811454476
25,4,188.73468790352143,0.07800865619613466,13.738074388484051
25,5,161.74781819918502,0.06685432381579547,12.718011566246707
25,6,112.99487155462742,0.04670354021798694,10.629904588218439
25,7,88.0937801921487,0.03641131096971478,9.385828689686846
25,8,73.47042667239977,0.03036712179692337,8.57148917472336
25,9,39.632649666132146,0.016381142101061903,6.295446740790692
25,10,31.88645401267411,0.013179450243190526,5.64680918861919
25,11,29.21013383404056,0.012073261746497612,5.4046400281647395
25,12,23.14738499905334,0.009567379575469265,4.811172933812849
25,13,21.425593726575606,0.008855721189254217,4.628778859113449
25,14,20.223931756176558,0.008359044947307916,4.497102595691648
25,15,16.895366124109696,0.006983267474165794,4.1103973194947585
25,16,14.119675286688038,0.005836006657151206,3.75761563849844
25,17,11.057980591059732,0.004570533460136735,3.3253542053531278
25,18,10.072891950891933,0.0041633722651959835,3.173781963350969
25,19,9.548187938141622,0.0039464992812732035,3.090014229439991
25,20,9.118297634869029,0.0037688151192224704,3.0196519062416827
25,21,8.053911735924293,0.0033288784304605296,2.837941460975595
25,22,5.7174340201749905,0.0023631551240432744,2.391115643413131
25,23,5.577084189925804,0.0023051451112750263,2.3615851011398687
25,24,5.365139621487053,0.0022175432445719198,2.316277103778184
25,25,4.373254022471803,0.001807572700529528,2.0912326562273753
25,26,4.305681885107925,0.0017796434857645592,2.0750137072096475
25,27,3.8808967344966088,0.0016040694079977815,1.9699991711918583
25,28,3.6073410442310214,0.001491002159843944,1.8993001459040173
25,29,3.5284996185009216,0.0014584150729543503,1.8784300941213974
25,30,3.359229634763248,0.0013884516543989469,1.8328201315904538
25,31,3.1896365966131874,0.0013183547095645723,1.7859553736342875
25,32,3.117611914489128,0.0012885851493005696,1.7656760502677518
25,33,2.8238114382651918,0.0011671502366483201,1.6804200184076574
25,34,2.388818595222213,0.0009873570702852556,1.5455803425322843
25,35,2.182217401732118,0.0009019637509558563,1.4772330221505738
25,36,1.859968085844801,0.0007687702380318112,1.3638064693514256
25,37,1.7304082377777121,0.0007152199884356403,1.3154498233599456
25,38,1.6474596812513989,0.0006809353240747649,1.283534059248682
25,39,1.4884723092602385,0.000615221960098317,1.2200296345827992
25,40,1.4719902339902087,0.000608409515828423,1.213256046343973
25,41,1.3216820622939545,0.0005462834773160087,1.1496443199067938
25,42,1.2245470340847806,0.0005061351977159983,1.106592532997029
25,43,1.1214853824029483,0.00046353729988195713,1.0590020691211837
25,44,1.0891479924535366,0.00045017146680238296,1.0436225335117753
25,45,1.043303971864444,0.0004312230133913642,1.0214225236719836
25,46,0.9383603573578427,0.000387847254356491,0.9686900212956892
25,47,0.9027363696628197,0.00037312299015627694,0.9501243969411688
25,48,0.8655262695171857,0.0003577431469407663,0.9303366431121509
25,49,0.8073949742255764,0.00033371606278887345,0.8985515979761965
25,50,0.7808981372600099,0.00032276427290810433,0.8836844104430098
25,51,0.7052225756972412,0.0002914857150024312,0.8397753126266818
25,52,0.6813794214188368,0.00028163075699022815,0.82545709847262
25,53,0.6307929019453322,0.00026072211295874556,0.7942247175361217
25,54,0.5976959578650435,0.0002470423376054107,0.773107985901739
25,55,0.5565238725984804,0.00023002490917127421,0.7460052765218758
25,56,0.5173795127327815,0.00021384558917079803,0.7192909791821259
25,57,0.47291582891618605,0.0001954676626614141,0.6876887587536865
25,58,0.4523073205458516,0.0001869496628065152,0.6725379695941721
25,59,0.4057024350248701,0.00016768672533566233,0.6369477490539315
25,60,0.3951047578788134,0.00016330644653186888,0.6285735898674183
25,61,0.3837260261453245,0.00015860333879048996,0.6194562342452649
25,62,0.3717055026136484,0.0001536349628236968,0.6096765557356199
25,63,0.3465414188872557,0.00014323403240805227,0.5886776867584296
25,64,0.3140035189511478,0.00012978532365368918,0.5603601689548855
25,65,0.3116911553567575,0.00012882956730259667,0.5582930729972901
25,66,0.27873844418029065,0.00011520940693117847,0.5279568582567051
25,67,0.2655550070667894,0.00010976037037783331,0.5153202956092351
25,68,0.2601033932948435,0.00010750708525481853,0.5100033267488002
25,69,0.25124330113743565,0.00010384499276588182,0.5012417591715954
25,70,0.22794728632708922,9.42161808592473e-05,0.477438253941899
25,71,0.2242885284796942,9.270392687884363e-05,0.4735910983957513
25,72,0.1979835735054954,8.183144651166259e-05,0.4449534509423378
25,73,0.19264203705608443,7.962365903459729e-05,0.43891005577006825
25,74,0.1762481459774926,7.284766344484918e-05,0.41981918247918665
25,75,0.1717890995021789,7.100463062815178e-05,0.4144744859483861
25,76,0.16566924237009367,6.847514420311081e-05,0.40702486701686136
25,77,0.1568019825752028,6.481008915453888e-05,0.39598230083578584
25,78,0.1453912673086327,6.009376183776668e-05,0.3813020683246194
25,79,0.13331440893589405,5.510210130523136e-05,0.36512245745214583
25,80,0.129976537913201,5.372247768686711e-05,0.36052259001788084
25,81,0.12422283184430673,5.134433043917396e-05,0.35245259517317606
25,82,0.12194990068649823,5.040487247722474e-05,0.3492132596086498
25,83,0.11844598584638254,4.895661889363948e-05,0.34415982602038625
25,84,0.11353527868671742,4.6926903684668266e-05,0.33694996466347554
25,85,0.10745863881703596,4.441528000972398e-05,0.3278088449341109
25,86,0.10412441257802371,4.3037162869475774e-05,0.3226831457916941
25,87,0.09782784063561172,4.043463589721653e-05,0.31277442452286874
25,88,0.09501444873527913,3.927179231008418e-05,0.30824413820100316
25,89,0.09111105770720009,3.765842546114463e-05,0.30184608280910336
25,90,0.08696456218164422,3.594457758577554e-05,0.294897545228244
25,91,0.08363317031685014,3.456763196161891e-05,0.2891940011771512
25,92,0.0793438505783399,3.279475135067481e-05,0.28168040503084324
25,93,0.07346417985999194,3.0364539836782094e-05,0.271042763895279
25,94,0.06770863340169775,2.798563191119999e-05,0.26020882652534627
25,95,0.06238341495597783,2.578458906361368e-05,0.24976672107384087
25,96,0.06098442097543064,2.5206350682205194e-05,0.24695023987724862
25,97,0.055718210915077636,2.302969744152109e-05,0.23604705233295678
25,98,0.05469307439943871,2.2605983481512535e-05,0.2338655049370016
25,99,0.0530412685318904,2.192325177248932e-05,0.23030690074743831
25,100,0.04847302240171532,2.0035084071328214e-05,0.22016589745397747
25,101,0.04683662768927673,1.935872216911632e-05,0.21641771574729443
25,102,0.04466516763585148,1.8461204692954852e-05,0.21134135335009918
25,103,0.04385051425052336,1.8124488551576725e-05,0.20940514380149156
25,104,0.04204532103304161,1.7378358104469335e-05,0.20504955750511047
25,105,0.040521533728040765,1.6748539594092433e-05,0.2012996118427474
25,106,0.03944522857906548,1.6303676388175236e-05,0.1986082288805413
25,107,0.03707759972701111,1.5325077556282858e-05,0.1925554458513472
25,108,0.03360465141266267,1.388962319412849e-05,0.18331571512737982
25,109,0.0317347050968171,1.3116728709927508e-05,0.17814237310875
25,110,0.030520835181891075,1.2615006626339457e-05,0.17470213273423732
25,111,0.02779816376381762,1.1489660030296092e-05,0.16672781340801426
25,112,0.027452890227780774,1.1346950044837084e-05,0.16568913732583912
25,113,0.025593844139164438,1.0578560890778802e-05,0.1599807617782977
25,114,0.02401179635922234,9.924661903145705e-06,0.15495740175681297
25,115,0.0237934570115404,9.834416917994299e-06,0.1542512788003406
25,116,0.022069330385090884,9.12179327294366e-06,0.1485574985825047
25,117,0.021085502337731273,8.715153111799449e-06,0.14520847887685923
25,118,0.02007882009247093,8.299066752468353e-06,0.1416997533253708
25,119,0.019351453310624718,7.998428296210989e-06,0.1391095011515199
25,120,0.019076501335647523,7.884783929482766e-06,0.1381177082623641
25,121,0.017580808264132566,7.2665774519835455e-06,0.1325926403090781
25,122,0.016425216990901555,6.788943354414725e-06,0.12816090273910197
25,123,0.015735001493088756,6.503660431237157e-06,0.12543923426539544
25,124,0.014703793958220778,6.077437170701706e-06,0.1212592015404224
25,125,0.01405029966674602,5.807332018988151e-06,0.11853395997243162
25,126,0.01372080977504983,5.67114579923734e-06,0.11713586032914869
25,127,0.013226367092557076,5.466780562217484e-06,0.1150059437270834
25,128,0.012732500455119694,5.2626534186884275e-06,0.1128383820121491
25,129,0.012174335543796634,5.031950228131297e-06,0.11033737147402341
25,130,0.01138166482155398,4.704320058314405e-06,0.10668488562844308
25,131,0.011068573182933852,4.574911637073434e-06,0.10520728673877039
25,132,0.010974397452125199,4.535986507367402e-06,0.1047587583552096
25,133,0.009835357150470481,4.065193330594588e-06,0.09917336915962108
25,134,0.009313254175427726,3.8493954190844944e-06,0.09650520284123404
25,135,0.008731611471597817,3.608988283458998e-06,0.09344309215558856
25,136,0.008420054746604804,3.4802142795090854e-06,0.0917608562874432
25,137,0.008219212200228565,3.397201149681943e-06,0.09065987094756182
25,138,0.00790534276089656,3.267471244409627e-06,0.08891199447148039
25,139,0.007583065094703251,3.1342660136116832e-06,0.08708079636006581
25,140,0.00721488985004155,2.9820901926230997e-06,0.08494050771005286
25,141,0.006830638979544054,2.823269922842977e-06,0.08264767981948468
25,142,0.006521836824212279,2.695634449812095e-06,0.08075789016691978
25,143,0.006250486414193959,2.5834786978465637e-06,0.07906001779783482
25,144,0.006146372063529524,2.540445693811728e-06,0.07839880141640894
25,145,0.005932895096152708,2.4522104491999672e-06,0.07702528867945065
25,146,0.005696969144959716,2.3546964912794804e-06,0.07547826935588624
25,147,0.0052912752010798566,2.1870132755414404e-06,0.07274115204669127
25,148,0.004873537613533868,2.014352127720347e-06,0.06981072706636042
25,149,0.00484546322178501,2.0027482959171985e-06,0.06960936159587308
25,150,0.00444401126824087,1.8368183983919482e-06,0.06666341776597469
25,151,0.004337010945275332,1.7925925515176263e-06,0.06585598640423915
25,152,0.004133011835295821,1.7082747368568472e-06,0.06428850469015297
25,153,0.003918638293320104,1.6196689160652821e-06,0.06259902789436993
25,154,0.0038497574675714777,1.591198788427287e-06,0.062046413817169785
25,155,0.003630368343897325,1.5005199052184049e-06,0.06025253807017033
25,156,0.0034301678900292595,1.4177721679074585e-06,0.05856763517531897
25,157,0.0033310506512089317,1.3768045922480354e-06,0.057715254926309835
25,158,0.003146774222568175,1.3006386434944245e-06,0.05609611593121377
25,159,0.0029230224303623516,1.2081565628269027e-06,0.05406498340296011
25,160,0.0027969186318210254,1.1560347829108251e-06,0.05288590201387346
25,161,0.0026312022689663024,1.087540162660539e-06,0.05129524606594945
25,162,0.0025182212145766184,1.0408423334142957e-06,0.05018188133755667
25,163,0.0023691731834411638,9.792371417735304e-07,0.04867415313532598
25,164,0.0022461882212762583,9.284044531067761e-07,0.04739396819508004
25,165,0.0022027483866626425,9.104497084796372e-07,0.04693344635398771
25,166,0.0021085089914338203,8.714982647138e-07,0.04591850380221268
25,167,0.002053328456329819,8.486908018172751e-07,0.0453136674341177
25,168,0.0019820320992827082,8.19222276096301e-07,0.04452001908448275
25,169,0.0018244155329940372,7.540754995974653e-07,0.04271317750992119
25,170,0.0017660346116629018,7.29945238906531e-07,0.04202421458710325
25,171,0.001746792247643259,7.219918998786967e-07,0.04179464376739272
25,172,0.0016744297964503317,6.920827314088061e-07,0.040919797121324195
25,173,0.001620755901056461,6.698979995028827e-07,0.04025861275623467
25,174,0.0015539190193184765,6.422726838460947e-07,0.039419779544265295
25,175,0.00146064494954985,6.037202326702169e-07,0.0382183849678378
25,176,0.001373725887024196,5.677944612035527e-07,0.037063808317875216
25,177,0.0013501865010310044,5.580650580429124e-07,0.03674488401166895
25,178,0.0012958685452943274,5.356141202666763e-07,0.03599817419389944
25,179,0.0012779439127516947,5.282054318427706e-07,0.035748341398611695
25,180,0.0012055460646268543,4.982816329563801e-07,0.03472097441931684
25,181,0.0011833242324870037,4.890968069834675e-07,0.034399480119429185
25,182,0.0011112883535571965,4.593226188061766e-07,0.03333599186400783
25,183,0.0010072334513590926,4.163141862744541e-07,0.03173694143043864
25,184,0.000994470628530832,4.110389998783482e-07,0.031535228372898017
25,185,0.0009751693920091623,4.03061327407515e-07,0.031227702317160037
25,186,0.0009383045352766291,3.878241817269181e-07,0.03063175697338677
25,187,0.0008792266657977222,3.6340585534413884e-07,0.029651756538150015
25,188,0.0008747846885903261,3.615698776727743e-07,0.02957675926450236
25,189,0.0007941303414371955,3.282334660799646e-07,0.02818031833456101
25,190,0.0007756590284258732,3.2059882126614004e-07,0.027850655798847417
25,191,0.0007538070378613496,3.1156685984937866e-07,0.027455546577355723
25,192,0.0007384901990945774,3.052360362862001e-07,0.027175176155723027
25,193,0.0006959818182963245,2.8766628427092465e-07,0.026381467326445748
25,194,0.0006654428017075081,2.7504376282503746e-07,0.025796178044576838
25,195,0.000608681567258452,2.515829582819527e-07,0.02467147274198385
25,196,0.0005993372295470577,2.477207152782641e-07,0.02448136494452582
25,197,0.0005576358526149025,2.3048451767123577e-07,0.023614314570084446
25,198,0.0005165882819860388,2.1351855417802546e-07,0.022728578529816572
25,199,0.0004877864665049548,2.0161406037963628e-07,0.022085888401985436
25,200,0.00045903660302685037,1.8973103961296238e-07,0.02142513951009072
25,201,0.0004205161699579752,1.7380960379649937e-07,0.020506490922582908
25,202,0.0003964937905025202,1.6388056764119748e-07,0.019912151830038867
25,203,0.00039209497357636824,1.620624291682246e-07,0.019801388172963234
25,204,0.0003547268059367698,1.4661725279679313e-07,0.018834192468400915
25,205,0.00033084176252196626,1.3674498098140951e-07,0.01818905611960022
25,206,0.00030302728946505407,1.252485799219367e-07,0.017407679037282773
25,207,0.000292758531219252,1.2100425133318525e-07,0.017110187936409466
25,208,0.00028063083722703393,1.1599157919750195e-07,0.016752039793023234
25,209,0.00027035030610987165,1.1174238459347488e-07,0.01644233274538232
25,210,0.0002601399488198062,1.0752219454612348e-07,0.01612885454146717
25,211,0.00024486064825821567,1.0120688643998554e-07,0.01564802378123882
25,212,0.00023037632711574694,9.522016274447262e-08,0.015178152954682824
25,213,0.0002223343539593464,9.1896218820519e-08,0.014910880388472922
25,214,0.00021671700830004165,8.957443266059721e-08,0.014721311364822146
25,215,0.00020763129131461756,8.581908391954522e-08,0.014409416758308351
25,216,0.00018549087914582581,7.666791080928537e-08,0.013619503630669725
25,217,0.00017491314643293813,7.229587552684662e-08,0.013225473391638506
25,218,0.00016576920159339773,6.851645979152211e-08,0.01287513889608177
25,219,0.00015769070578851936,6.517742016491772e-08,0.012557495999940408
25,220,0.00014660122847798962,6.059386834134322e-08,0.012107899424672705
25,221,0.00013909578927328735,5.749168700401584e-08,0.011793887792975112
25,222,0.0001274447626062177,5.267603311601386e-08,0.011289143572752439
25,223,0.00012631872984097126,5.22106162717367e-08,0.011239160548767477
25,224,0.00011692102629568715,4.832631586548591e-08,0.010813002649388705
25,225,0.00011479438491367038,4.7447323040875826e-08,0.01071421415287516
25,226,0.00010972151113417882,4.5350580407147395e-08,0.010474803632249095
25,227,0.0001046783677588179,4.32661260755862e-08,0.010231244682775302
25,228,9.666180156594453e-05,3.9952683470202027e-08,0.009831673385845592
25,229,8.832250751890867e-05,3.650584956033677e-08,0.009398005507495123
25,230,8.766573526814216e-05,3.623438954798654e-08,0.009362998198661696
25,231,8.608071700305677e-05,3.557926278629213e-08,0.009277969443960072
25,232,7.530999459365714e-05,3.1127460148674385e-08,0.008678133128366789
25,233,7.371928259992995e-05,3.046998002986779e-08,0.008585993396219797
25,234,7.000282799628555e-05,2.8933878570911612e-08,0.00836676926873722
25,235,6.563285200355814e-05,2.7127660760138558e-08,0.008101410494695238
25,236,6.425318185923902e-05,2.6557409392211538e-08,0.008015808247409554
25,237,6.184516761542256e-05,2.556211829152475e-08,0.007864169861811389
25,238,5.586062211862819e-05,2.30885594702221e-08,0.007473996395411774
25,239,5.364602684408263e-05,2.2173213153630205e-08,0.007324344806471267
25,240,5.113813664013231e-05,2.1136640879233984e-08,0.007151093387736753
25,241,4.883712400945832e-05,2.0185576158683152e-08,0.0069883563167212875
25,242,4.5855379273761e-05,1.8953148232818515e-08,0.00677166000872467
25,243,4.514718557853385e-05,1.8660434481547282e-08,0.006719165541831355
25,244,4.32067640089105e-05,1.7858410853661293e-08,0.006573185225513617
25,245,4.0989053615016876e-05,1.6941776982158682e-08,0.006402269411311654
25,246,3.787170504922795e-05,1.5653300681307978e-08,0.00615399911027195
25,247,3.645618461008434e-05,1.5068231510916775e-08,0.006037895710434583
25,248,3.422680578456868e-05,1.4146774791633174e-08,0.005850368004200136
25,249,3.2785529734751675e-05,1.3551060198291585e-08,0.005725864976992705
25,250,3.211170358797678e-05,1.327255139419406e-08,0.005666718943796029
25,251,3.1439727241345325e-05,1.2994807157675633e-08,0.0056071139850501816
25,252,2.7773668842575247e-05,1.1479535681078823e-08,0.005270072944711036
25,253,2.667576173120632e-05,1.1025743856494614e-08,0.005164858345705748
25,254,2.4399404093953758e-05,1.0084869646902286e-08,0.004939575294896694
25,255,2.2541780734211486e-05,9.317068541436609e-09,0.0047478185237234466
25,256,2.1913867076407417e-05,9.057536490404556e-09,0.004681224954689468
25,257,2.0162122683462108e-05,8.333497747920549e-09,0.004490225237497793
25,258,1.73030546559563e-05,7.151775101826619e-09,0.004159694057975454
25,259,1.7077966403442882e-05,7.058740629472053e-09,0.004132549625042981
25,260,1.6258112467018187e-05,6.7198749733066374e-09,0.004032134976289631
25,261,1.4922632147522798e-05,6.167888339278478e-09,0.0038629822867213355
25,262,1.4057215684011998e-05,5.81019057784207e-09,0.0037492953583322824
25,263,1.2971255716549063e-05,5.3613367996331245e-09,0.003601562954683572
25,264,1.2562815510781422e-05,5.192518486781733e-09,0.0035444062282392833
25,265,1.1155660552637838e-05,4.610906974007663e-09,0.0033400090647538426
25,266,1.0517097595120068e-05,4.346973307303774e-09,0.0032430074923009457
25,267,9.667289489020557e-06,3.99572686120642e-09,0.003109226509764214
25,268,8.661240108429852e-06,3.5799020803004706e-09,0.002942998489369278
25,269,8.189005895006685e-06,3.384716145970205e-09,0.0028616439147816216
25,270,7.074202441275289e-06,2.923940650408674e-09,0.0026597372880183654
25,271,6.4612898802620305e-06,2.6706089190694047e-09,0.0025419067410631002
25,272,6.415472274399431e-06,2.651671383510003e-09,0.00253287825889825
25,273,5.804508171668842e-06,2.399144997568412e-09,0.0024092546921545763
25,274,4.910765118027041e-06,2.0297391645777826e-09,0.0022160246203566966
25,275,4.472100655430689e-06,1.848428428177097e-09,0.002114734180796889
25,276,4.204570628937455e-06,1.7378517340321302e-09,0.0020505049692545138
25,277,3.366842751013814e-06,1.3915983412892508e-09,0.001834895842006792
25,278,3.0940970358250915e-06,1.27886587561764e-09,0.001759004558216121
25,279,2.7907673894545782e-06,1.1534923242018644e-09,0.001670559005080209
25,280,1.5470189113260281e-06,6.394207006834963e-10,0.0012437921495676149
25,281,7.987528477537107e-07,3.3014406084139943e-10,0.0008937297397724385
25,282,5.909365455163758e-07,2.4424850738875933e-10,0.000768723972252964
25,283,3.475669616672899e-07,1.4365791428705803e-10,0.000589548099536662
25,284,2.8746478726461607e-07,1.1881621766150186e-10,0.0005361574276876299
25,285,1.1182974485568703e-07,4.6221964896077707e-11,0.00033440954659771157
25,286,1.037660806889419e-07,4.288905554776402e-11,0.00032212742927130856
25,287,9.011788213518784e-08,3.724792173975608e-11,0.0003001964059331621
25,288,5.842569709311482e-08,2.414876760697078e-11,0.0002417140812884405
25,289,4.9270703568178034e-08,2.0364785180117135e-11,0.00022197005106134934
25,290,2.8990571061066933e-08,1.198251108979202e-11,0.0001702661770906569
25,291,2.6078766800299843e-08,1.0778991270453171e-11,0.00016148921573993678
25,292,1.9301311394359222e-08,7.977703417544435e-12,0.0001389291596259015
25,293,1.6027057083030365e-08,6.6243741397715445e-12,0.00012659801374046264
25,294,1.0828865539522419e-08,4.4758346133944215e-12,0.0001040618351727588
25,295,1.0670159919362838e-08,4.410237704331517e-12,0.00010329646615137828
25,296,8.71953703260347e-09,3.6039976229146436e-12,9.337846128847632e-05
25,297,7.302048226543674e-09,3.0181148784012814e-12,8.5452022951734e-05
25,298,5.552852588170205e-09,2.2951295984329967e-12,7.451746498754641e-05
25,299,3.4114961137885975e-09,1.4100546667448024e-12,5.8408014122966015e-05
25,300,1.7286027111656024e-29,7.144737201883903e-33,4.157646823824268e-15
25,301,1.7286027111656024e-29,7.144737201883903e-33,4.157646823824268e-15
25,302,1.7286027111656024e-29,7.144737201883903e-33,4.157646823824268e-15
25,303,1.7286025192000563e-29,7.144736408443415e-33,4.1576465929658526e-15
26,0,2154.488985317526,1.0,46.416473210677324
26,1,796.8660134495502,0.3698631178344637,28.22881530368482
26,2,759.9066277974699,0.35270852298438454,27.5664039692788
26,3,406.4874725242645,0.1886700165535341,20.161534478413703
26,4,267.49552530611635,0.12415729536286917,16.355290437840484
26,5,207.56744198652925,0.09634184412223311,14.407201046231334
26,6,119.91325067699927,0.05565739787679936,10.950490887489897
26,7,105.83455802885082,0.04912281230031587,10.287592431120647
26,8,89.38727148715458,0.04148885053314895,9.454484199952665
26,9,57.14934497848909,0.02652570765873119,7.55971857799542
26,10,43.58829229897111,0.020231383217095965,6.602143008067237
26,11,35.02167350019887,0.016255211207328323,5.917911244704408
26,12,33.60729645478716,0.015598732081628238,5.797180043330306
26,13,25.94200773518387,0.012040909891846382,5.09332972967428
26,14,20.76807795144477,0.009639444941689501,4.557200670526235
26,15,16.62033443163892,0.007714281458342864,4.076804438728809
26,16,16.151457229117504,0.007496653424170151,4.018887561143942
26,17,14.941097878102239,0.006934868537237028,3.865371635186226
26,18,12.811105153236767,0.0059462384075956096,3.5792604198684352
26,19,12.452822487006722,0.0057799425162396185,3.528855690872995
26,20,10.66556996287346,0.00495039428632845,3.2658184216017676
26,21,7.2178135142877915,0.003350127832389006,2.6865988748392997
26,22,6.8412483137111195,0.0031753461541614075,2.6155780075752126
26,23,6.099770188964508,0.0028311911690119557,2.4697712827232623
26,24,5.749942095236713,0.002668819443692488,2.3979036876481743
26,25,5.628584115822861,0.002612491479037813,2.3724637227622387
26,26,5.545704489755604,0.00257402313381439,2.354931950132658
26,27,4.9949065444747225,0.002318371817407356,2.2349287560176774
26,28,4.6930691238327755,0.002178274827959316,2.1663492617379996
26,29,4.103296852353742,0.0019045336877176018,2.0256596092023313
26,30,3.919608551414113,0.0018192752797185666,1.97980012915802
26,31,3.4855297561814513,0.001617798828369391,1.8669573525341845
26,32,3.144834797864462,0.0014596662221510407,1.7733682070750174
26,33,2.836760505488061,0.0013166744062374414,1.6842685372255997
26,34,2.7015019588691462,0.0012538945324294625,1.6436246405031614
26,35,2.4868231220002555,0.0011542519543833965,1.5769664302071416
26,36,2.411419566478115,0.00111925360626651,1.5528746138945395
26,37,2.0411832791930653,0.0009474094753342348,1.4286998562305049
26,38,1.9575624623901768,0.0009085971085165115,1.3991291800224084
26,39,1.8789561725415536,0.0008721122202741897,1.3707502225210666
26,40,1.8543807278283224,0.0008607055967635992,1.3617564862442633
26,41,1.7194855541627956,0.000798094381489437,1.3112915595559957
26,42,1.6402868898884846,0.0007613345443243197,1.2807368542711983
26,43,1.42019622041993,0.0006591800794055224,1.1917198581965185
26,44,1.3119422352900492,0.0006089342968243101,1.1454004693948965
26,45,1.297879133733628,0.00060240694780918,1.1392449840721828
26,46,1.2247574027498,0.0005684677021309054,1.106687581366033
26,47,1.1303816805543236,0.0005246634762385334,1.0631940935475157
26,48,0.9933694004455713,0.00046106961196609215,0.9966791863210405
26,49,0.8988868675313156,0.0004172158101791543,0.9480964442140449
26,50,0.8703441507231445,0.00040396778848923856,0.9329223712202128
26,51,0.8179407090567846,0.0003796448784982939,0.9044007458294053
26,52,0.7830776307489292,0.0003634632788032194,0.8849167366192874
26,53,0.7623152687312765,0.0003538264868961154,0.8731066766044551
26,54,0.7433174531462274,0.0003450087042504319,0.8621586009234191
26,55,0.6902128689581551,0.0003203603609309854,0.830790508466578
26,56,0.6686160577587903,0.00031033626178425343,0.8176894629129021
26,57,0.5982048033089936,0.0002776550761622162,0.7734370066844446
26,58,0.5976306280420032,0.00027738857432771933,0.7730657333254418
26,59,0.5537251845678911,0.0002570099862851161,0.7441271293051283
26,60,0.5155645119672485,0.00023929781747817347,0.7180282111221317
26,61,0.4943594008341149,0.00022945552481497454,0.7031069625840117
26,62,0.4509558671860813,0.00020930989680581727,0.6715324766428511
26,63,0.40442910767069523,0.00018771463229880052,0.6359474095164593
26,64,0.381018310309283,0.00017684857657934556,0.6172668064210832
26,65,0.368850384342916,0.0001712008679814881,0.6073305396099524
26,66,0.35430541618270667,0.00016444986193813824,0.5952355972072795
26,67,0.3417088848460996,0.0001586032173637402,0.5845587094946919
26,68,0.3094729866283199,0.00014364101591482964,0.5563029629871837
26,69,0.30522447506307065,0.0001416690812267425,0.5524712436526182
26,70,0.2798727037360247,0.00012990212790286204,0.52902996487536
26,71,0.2718352358143585,0.00012617155978372093,0.5213782080355474
26,72,0.2555379927267724,0.00011860724026357069,0.5055076584254411
26,73,0.2488278199423774,0.00011549273244750679,0.4988264427056543
26,74,0.2335809047631808,0.00010841591967050876,0.48330208437702893
26,75,0.2250076467717998,0.00010443666609817383,0.4743497093619852
26,76,0.21580897935838286,0.00010016713050244589,0.4645524505999111
26,77,0.20582920600117294,9.55350467808672e-05,0.45368403763100695
26,78,0.1981479975232889,9.196983548007607e-05,0.4451381780113776
26,79,0.19271124277520746,8.944638106228513e-05,0.43898888684704473
26,80,0.1853833065063931,8.604514006325798e-05,0.4305616175489788
26,81,0.18055483391454633,8.380401809663296e-05,0.42491744364587614
26,82,0.17520618876221697,8.132145949977799e-05,0.4185763834262714
26,83,0.16054796417940703,7.451788580657129e-05,0.4006843697717781
26,84,0.15134233664982044,7.024511969250834e-05,0.3890274240330885
26,85,0.14399645355392332,6.683554872419146e-05,0.37946864633843375
26,86,0.13983568903781038,6.490434158204878e-05,0.37394610445599025
26,87,0.13465649330805213,6.2500432457865e-05,0.3669557102812983
26,88,0.12756433402636647,5.920862668395875e-05,0.35716149572198636
26,89,0.12495034096857315,5.799534916172157e-05,0.3534831551411936
26,90,0.11753389761339476,5.455302784760942e-05,0.3428321712053797
26,91,0.10935563567996365,5.075711058408913e-05,0.3306896364870899
26,92,0.09792534865790836,4.5451775026585365e-05,0.31293026165251
26,93,0.09340786757610359,4.3354998894244635e-05,0.3056270072753774
26,94,0.08737981995268636,4.0557097552210706e-05,0.2956007779974308
26,95,0.08275518656586128,3.841058697901161e-05,0.28767201213510724
26,96,0.08079963880611665,3.750292498905883e-05,0.28425277273250416
26,97,0.07558444719021269,3.508230847560966e-05,0.2749262577314373
26,98,0.07322258273556063,3.3986055735053653e-05,0.2705967160472585
26,99,0.07198860843004248,3.341331003343834e-05,0.2683069295229672
26,100,0.06694011464458005,3.107006584891614e-05,0.25872787759454924
26,101,0.06457269484871975,2.9971234612370555e-05,0.25411157952505775
26,102,0.05997900841411347,2.783908797996191e-05,0.24490612163462447
26,103,0.056511164681991015,2.6229498069892647e-05,0.23772077040509315
26,104,0.05414879793482154,2.5133012191678092e-05,0.2326989427024144
26,105,0.05319461486389065,2.4690130804289488e-05,0.2306395778349645
26,106,0.050561620355079856,2.3468033812030906e-05,0.2248591122349278
26,107,0.04974318743083318,2.3088160473237275e-05,0.2230318081145225
26,108,0.04542857617732521,2.108554580084335e-05,0.21313980430066368
26,109,0.04300489872118286,1.996060272958177e-05,0.20737622506252462
26,110,0.04272836181845691,1.9832248904331095e-05,0.20670839803563112
26,111,0.04142623061667299,1.92278683711013e-05,0.2035343475108636
26,112,0.037818080863653576,1.7553155816241037e-05,0.19446871435697202
26,113,0.03535351853146383,1.640923614480836e-05,0.18802531353906535
26,114,0.034985209746498415,1.6238286658653926e-05,0.18704333654663674
26,115,0.03272196268593241,1.5187806904062629e-05,0.1808921299723468
26,116,0.03078786240592808,1.429009970148007e-05,0.17546470415991952
26,117,0.03043550150315743,1.4126552379970456e-05,0.17445773557844155
26,118,0.029494270225621344,1.3689682531040889e-05,0.17173895954506463
26,119,0.027401685072471843,1.271841502054995e-05,0.16553454344175975
26,120,0.024511308239634006,1.1376854746844556e-05,0.1565608771041923
26,121,0.02362773985457278,1.0966748967199083e-05,0.15371317397859163
26,122,0.022515278456663287,1.0450403139724111e-05,0.15005091954621033
26,123,0.021340204803944125,9.904996010364393e-06,0.14608286964577374
26,124,0.021031463420121223,9.761694565833035e-06,0.14502228594295852
26,125,0.020610188117584784,9.566160819590952e-06,0.1435624885462243
26,126,0.019718277821271505,9.152183165311216e-06,0.1404217854226028
26,127,0.019078429773589138,8.855199494453382e-06,0.13812468922531243
26,128,0.01822134610589573,8.45738652184861e-06,0.13498646638050693
26,129,0.017274671542388903,8.017990187052631e-06,0.13143314476336973
26,130,0.016529970135328358,7.672339124487188e-06,0.12856893145440837
26,131,0.016419487508063216,7.62105892393009e-06,0.12813854809565783
26,132,0.015565637511767018,7.224746850805075e-06,0.12476232408771094
26,133,0.013653907782362133,6.3374228763345645e-06,0.11684993702335544
26,134,0.013477788225744532,6.2556774797148435e-06,0.1160938767797188
26,135,0.01337018402704103,6.205733293674996e-06,0.11562951192079395
26,136,0.01280792806924158,5.944763772999267e-06,0.1131721170131653
26,137,0.012275733541850091,5.697747180657277e-06,0.11079590940937346
26,138,0.011561484483769171,5.3662304901806e-06,0.10752434367978803
26,139,0.011314085430435421,5.2514009157340695e-06,0.10636768978611608
26,140,0.011202646730899476,5.199676956922777e-06,0.10584255633203252
26,141,0.010476645439092762,4.8627055002319855e-06,0.10235548563263604
26,142,0.00988278832478486,4.5870683916856265e-06,0.09941221416297326
26,143,0.009476609117465683,4.398541455559604e-06,0.09734787679998821
26,144,0.00901908257415084,4.186181797917903e-06,0.09496885054664418
26,145,0.008518462884961402,3.953820577878685e-06,0.09229551931140212
26,146,0.008486975927983701,3.939205995398904e-06,0.09212478454782785
26,147,0.00780285408433916,3.621672766727645e-06,0.0883337652562097
26,148,0.007690443639371674,3.569497775008706e-06,0.08769517455009525
26,149,0.006983222854567016,3.2412432377962876e-06,0.08356567988454959
26,150,0.006839813604726701,3.1746802380234297e-06,0.08270316562699823
26,151,0.006358367954881815,2.951218594391991e-06,0.07973937518492238
26,152,0.00587310971730129,2.725987348891328e-06,0.07663621674705302
26,153,0.005688403833548521,2.640256632692959e-06,0.075421507765017
26,154,0.005617222809539518,2.6072181606960773e-06,0.07494813412980685
26,155,0.005156332297273045,2.39329712633138e-06,0.07180760612409416
26,156,0.004781787166719941,2.219453057920928e-06,0.06915046758135436
26,157,0.004762454522169005,2.2104798653529065e-06,0.06901053921082638
26,158,0.004614590976897015,2.141849416889417e-06,0.06793078077644195
26,159,0.0042756663190516185,1.984538490653493e-06,0.06538857942371602
26,160,0.004242415962830745,1.9691054313770387e-06,0.06513383116960605
26,161,0.003983125673798642,1.8487565733419674e-06,0.06311200895074282
26,162,0.003870877745944275,1.7966570134837752e-06,0.06221637843803089
26,163,0.0035049415857370714,1.6268087744345174e-06,0.059202547122037506
26,164,0.0032761167090274794,1.5206003518020536e-06,0.05723737161180167
26,165,0.003126864036679852,1.4513251439152837e-06,0.05591836940290598
26,166,0.0030504498973885673,1.4158577361856392e-06,0.05523087811531306
26,167,0.002985534999304295,1.3857276689044155e-06,0.05464004940795986
26,168,0.0029107116868558654,1.350998638977441e-06,0.053951011916884985
26,169,0.0028026797738802075,1.3008559305617206e-06,0.05294034164869176
26,170,0.0026023672681511844,1.2078814446886813e-06,0.05101340282858206
26,171,0.002559093420548477,1.1877960100925375e-06,0.05058748284455827
26,172,0.002495051110967182,1.1580709523095866e-06,0.04995048659389798
26,173,0.0023579773260015433,1.0944485407308905e-06,0.04855900870077089
26,174,0.0022705537542714884,1.0538711359143278e-06,0.047650327955550194
26,175,0.002190679176496406,1.0167975753997864e-06,0.0468046918214019
26,176,0.0020970056842920647,9.733192875817884e-07,0.045793074632438306
26,177,0.0020428192341881545,9.481687992417777e-07,0.04519755783433608
26,178,0.0019436312272255623,9.021309649160784e-07,0.044086633203563666
26,179,0.0019211596304601977,8.917008365104543e-07,0.04383103501470388
26,180,0.0017726875777164762,8.227879510162451e-07,0.04210329651840193
26,181,0.0016479535585366882,7.648930070040785e-07,0.040594994254669975
26,182,0.0015659241867202669,7.26819304898643e-07,0.03957175996490764
26,183,0.0015421813418609854,7.157991302674033e-07,0.03927061677464444
26,184,0.0014804729968232917,6.871573755598019e-07,0.0384769151157326
26,185,0.0014210758734397456,6.595883678794065e-07,0.037697160018226115
26,186,0.0013791323913727152,6.401204187031201e-07,0.037136671786425816
26,187,0.0013437537683335494,6.236995303717037e-07,0.03665724714614491
26,188,0.0012735776971254276,5.911275043895057e-07,0.03568722036143229
26,189,0.0012224532828292822,5.6739825135338e-07,0.034963599397506005
26,190,0.0011294870988817658,5.242482586724867e-07,0.033607842818035284
26,191,0.0011052882787419068,5.130164443978398e-07,0.03324587611632316
26,192,0.0010288971492152413,4.775597165856959e-07,0.03207642669025403
26,193,0.0010140995346782514,4.706914454374872e-07,0.03184492949714682
26,194,0.0009576374657661542,4.444847350310397e-07,0.03094571805219834
26,195,0.0009201710311004808,4.2709479480809095e-07,0.030334321009386066
26,196,0.0008639445948864027,4.009974526553802e-07,0.029392934438167324
26,197,0.0008254960661702081,3.8315167624240487e-07,0.028731447338590656
26,198,0.0008158205295382819,3.786608031407723e-07,0.02856257218001001
26,199,0.0007551514079828475,3.5050140108818155e-07,0.027480018340293143
26,200,0.0007166862891339629,3.326479244118013e-07,0.026770997163609034
26,201,0.0006852238022683122,3.180446996656726e-07,0.026176779830000333
26,202,0.0006631642680837989,3.0780582894744416e-07,0.02575197600347979
26,203,0.0006439246782011708,2.988758274418702e-07,0.025375670990166365
26,204,0.0005731232829625673,2.6601355907052876e-07,0.02393999337849882
26,205,0.0005330970208196322,2.4743548212712955e-07,0.023088893884715054
26,206,0.0004940716555940373,2.2932196867148133e-07,0.02222772268123834
26,207,0.0004707729845061935,2.1850795604639007e-07,0.021697303622943417
26,208,0.0004390287822772327,2.0377397390710224e-07,0.020953013680070767
26,209,0.0004327605895862556,2.0086460990770666e-07,0.020802898586164756
26,210,0.0004104696037754289,1.905183115684086e-07,0.020260049451455663
26,211,0.00038067648747485084,1.766899204726021e-07,0.01951093251166768
26,212,0.00035963567230465175,1.669238853182854e-07,0.018964062652940476
26,213,0.0003492738957602842,1.6211449589230952e-07,0.01868887090651236
26,214,0.00031194333727508776,1.4478762221618596e-07,0.017661917712272577
26,215,0.0003018119963541402,1.4008518883639572e-07,0.017372737157803898
26,216,0.00027884494727381276,1.2942509763293914e-07,0.016698651061502326
26,217,0.00025505030505980375,1.1838088140525571e-07,0.015970294457517173
26,218,0.0002422188481932721,1.1242519680720213e-07,0.015563381643886784
26,219,0.00023601117512719934,1.0954392282140922e-07,0.015362655210841625
26,220,0.0002108756051079747,9.787731872618329e-08,0.014521556566290499
26,221,0.00020160549260980263,9.35746220954062e-08,0.014198784899060998
26,222,0.0001972535163936147,9.155466458072596e-08,0.014044697091557892
26,223,0.0001812316700887133,8.411816970231741e-08,0.01346223124480906
26,224,0.0001695705096773637,7.870567491082931e-08,0.013021924192582435
26,225,0.00016625507919905937,7.716682718364276e-08,0.012893993919614643
26,226,0.00016063570322513864,7.455860963775796e-08,0.01267421410680515
26,227,0.00015673918710861992,7.275005264671608e-08,0.012519552192815041
26,228,0.00015201605252143576,7.055782301854369e-08,0.012329479004460641
26,229,0.00014435834819734054,6.70035211045951e-08,0.012014921897263442
26,230,0.0001342247494489814,6.230003976056509e-08,0.011585540533310536
26,231,0.00012271533674996078,5.6957978242750285e-08,0.011077695462051698
26,232,0.00011799688868683683,5.4767923851532985e-08,0.01086263728045988
26,233,0.00011332941835637122,5.260153063148237e-08,0.010645629072834128
26,234,0.00010432485551370077,4.8422088126073896e-08,0.010213953960817562
26,235,0.0001018513153249715,4.727400140779127e-08,0.01009214126560719
26,236,9.584593531630524e-05,4.44866211753594e-08,0.009790093733785456
26,237,9.462975398146337e-05,4.392213403101569e-08,0.009727782582966344
26,238,9.056713470278676e-05,4.2036480724657353e-08,0.009516676662721433
26,239,8.236865279825724e-05,3.823117841844889e-08,0.009075717756643672
26,240,7.673182530382378e-05,3.561486079842508e-08,0.008759670387852718
26,241,7.192223419524212e-05,3.3382502619126784e-08,0.008480697742240442
26,242,6.92123150003207e-05,3.212470125026899e-08,0.008319393908231578
26,243,6.72689384638605e-05,3.122268849935498e-08,0.008201764350666295
26,244,6.27372621162968e-05,2.911932367435643e-08,0.007920685709980974
26,245,5.841497740480362e-05,2.7113147388031084e-08,0.007642969148492202
26,246,5.753235960243135e-05,2.670348281866584e-08,0.007585008872930298
26,247,5.4945462915101335e-05,2.5502782000532503e-08,0.007412520685644077
26,248,4.732199478246205e-05,2.196437071851068e-08,0.00687909839895186
26,249,4.420455560611941e-05,2.0517420097000217e-08,0.006648650660556577
26,250,4.266141854597299e-05,1.980117737277993e-08,0.006531570909511202
26,251,4.088313391374931e-05,1.897579156466377e-08,0.006393992017022645
26,252,3.8618965741209186e-05,1.792488427854161e-08,0.006214415961392445
26,253,3.564702327335481e-05,1.654546554486153e-08,0.005970512814939334
26,254,3.474600457447072e-05,1.6127260251158768e-08,0.005894574163963901
26,255,3.2318862944474556e-05,1.5000709293350806e-08,0.00568496815685669
26,256,2.9656442864552832e-05,1.3764954505061952e-08,0.005445772935456714
26,257,2.873731699837311e-05,1.3338344820610832e-08,0.005360719820917067
26,258,2.5560052011123675e-05,1.1863626217312345e-08,0.005055695007723832
26,259,2.3337484185621444e-05,1.0832027615208251e-08,0.004830888550320887
26,260,2.159566369087582e-05,1.0023566533895775e-08,0.004647113479448917
26,261,2.0837541456528272e-05,9.671686232110053e-09,0.004564815599400295
26,262,2.0727261815775074e-05,9.620500247171286e-09,0.004552720265486896
26,263,1.883658437300698e-05,8.74294763230403e-09,0.004340113405546793
26,264,1.752884905748498e-05,8.135965965452175e-09,0.004186746834653963
26,265,1.5838374555972297e-05,7.351336982415836e-09,0.003979745539098235
26,266,1.4858289234529552e-05,6.8964331383387205e-09,0.0038546451502738293
26,267,1.3767722639776842e-05,6.3902497221389934e-09,0.0037104881942645824
26,268,1.160469056322452e-05,5.386284470381841e-09,0.003406565801980716
26,269,1.0754970839033117e-05,4.9918894514320586e-09,0.003279477220386371
26,270,9.237865113774436e-06,4.287729098050121e-09,0.003039385647425222
26,271,7.394862765931787e-06,3.4323047443391507e-09,0.0027193496954109795
26,272,7.119878674217889e-06,3.3046716519502512e-09,0.0026683100783488206
26,273,6.606254467297473e-06,3.0662744215997237e-09,0.002570263501530042
26,274,5.492664095953895e-06,2.5494045842821486e-09,0.0023436433380431194
26,275,5.2017885982553654e-06,2.4143955405224467e-09,0.0022807429925915295
26,276,4.18736646790638e-06,1.943554363212143e-09,0.0020463055656246404
26,277,3.761526005221724e-06,1.745901710733209e-09,0.0019394653916019549
26,278,2.5344219989266043e-06,1.1763448391698713e-09,0.0015919868086534525
26,279,2.430462474637668e-06,1.1280923185037632e-09,0.0015589940585639408
26,280,1.118954724576041e-06,5.193596867756234e-10,0.001057806562929178
26,281,9.452979916215937e-07,4.387574028289947e-10,0.0009722643630317804
26,282,7.375207875313423e-07,3.4231819821657033e-10,0.000858790304749269
26,283,5.874742576662489e-07,2.7267452359691117e-10,0.0007664686932068712
26,284,2.51322382182678e-07,1.1665057649187212e-10,0.0005013206380976929
26,285,1.52309497542817e-07,7.069402469949032e-11,0.0003902684941714063
26,286,1.2111490308734125e-07,5.621514146171951e-11,0.0003480156650028002
26,287,8.895869138130109e-08,4.128992628300231e-11,0.00029825943636589453
26,288,6.386819741483031e-08,2.9644244110822176e-11,0.0002527215808252835
26,289,5.8278621997374066e-08,2.7049858409364313e-11,0.00024140965597377017
26,290,5.278278145374817e-08,2.4498979485833438e-11,0.0002297450357543078
26,291,3.744922567135714e-08,1.738195271666145e-11,0.0001935180241511295
26,292,3.1676630812086394e-08,1.4702619056285374e-11,0.0001779792988301909
26,293,1.910498601862288e-08,8.867525500858947e-12,0.00013822078721604389
26,294,1.783354482390192e-08,8.277389648048553e-12,0.00013354229601104633
26,295,1.433901313469428e-08,6.655412597795674e-12,0.00011974561843630973
26,296,1.3632343966332475e-08,6.327414091803007e-12,0.00011675762915686698
26,297,1.2038376750674103e-08,5.587578693933263e-12,0.00010971953677752245
26,298,8.816161145206361e-09,4.091996387675682e-12,9.389441487759728e-05
26,299,7.485962805326727e-09,3.474588571277126e-12,8.652145864077146e-05
26,300,1.4705251121728754e-29,6.825400928917496e-33,3.834742640872886e-15
26,301,1.4705251121728754e-29,6.825400928917496e-33,3.834742640872886e-15
26,302,1.4705251121728754e-29,6.825400928917496e-33,3.834742640872886e-15
26,303,1.470525089258445e-29,6.825400822560812e-33,3.8347426109954825e-15
27,0,1798.9402767292481,1.0,42.41391607396384
27,1,729.6593309651369,0.4056050889536869,27.01220707319446
27,2,675.9496196416615,0.375748782983859,25.99903112890289
27,3,303.8731981147655,0.16891789129723306,17.431959101454016
27,4,274.7889398616569,0.15275045170552617,16.576759027676577
27,5,216.23468449163397,0.12020114691343844,14.704920417725285
27,6,122.84561178699607,0.06828776551178697,11.083573962716
27,7,95.76685383844388,0.05323514909153229,9.786054048412153
27,8,75.69708575820677,0.04207870974784988,8.700407217952892
27,9,50.54043328122347,0.028094558743836567,7.109179508299356
27,10,43.89340485792139,0.024399589817248626,6.625209797275962
27,11,30.84813949432499,0.01714795087606337,5.554110144237778
27,12,29.597508994617154,0.01645274686296424,5.440359270729935
27,13,25.23108664647443,0.014025527680301011,5.023055508997928
27,14,20.607339984992862,0.01145526633183187,4.53953081110734
27,15,18.202046272963596,0.010118204872291666,4.26638562169005
27,16,15.79564856982646,0.008780529723057507,3.9743739846454385
27,17,12.498601194522509,0.006947757719476325,3.535336079430428
27,18,11.225348594738708,0.006239978469517693,3.3504251364175723
27,19,10.747249645954863,0.005974211476044678,3.278299810260627
27,20,8.772347989824212,0.004876397567668949,2.9618149823755386
27,21,7.1608754884072185,0.003980607683889761,2.6759812197411286
27,22,6.644674957805269,0.003693660675543002,2.5777267034744527
27,23,6.332055617863937,0.0035198809542341196,2.5163576092964086
27,24,5.479728053349494,0.0030460867012842073,2.340881896497449
27,25,5.067832887579471,0.0028171212536269273,2.2511847741976827
27,26,4.608888010829414,0.0025620016797939984,2.1468320872460924
27,27,4.410168314751043,0.0024515368140900213,2.1000400745583505
27,28,4.216293232240706,0.002343764985854105,2.0533614470522976
27,29,3.4842879061936145,0.0019368557985307824,1.8666247363071171
27,30,3.2981682382306854,0.0018333950720294428,1.8160859666410853
27,31,3.25639730520366,0.001810175327845955,1.8045490586857593
27,32,3.026265309752176,0.0016822489044796944,1.7396164260411477
27,33,2.884105922232392,0.0016032249427847284,1.6982655629295413
27,34,2.5845896071325614,0.0014367289679186822,1.6076658879047478
27,35,2.2469917767733487,0.001249064132834208,1.498996923536986
27,36,2.169390674383015,0.0012059270129452565,1.4728851531545204
27,37,1.9583827414935553,0.0010886313274691911,1.3994222884796266
27,38,1.8941108168858547,0.0010529036685584922,1.3762669860480758
27,39,1.7778858253727694,0.0009882961921366513,1.333373850565838
27,40,1.6752124986433015,0.0009312218533953206,1.2943000033389869
27,41,1.5250306358179202,0.000847738335477519,1.2349213075406547
27,42,1.4547197346593201,0.0008086537132317843,1.2061176288651618
27,43,1.4211699367963313,0.0007900039568741205,1.1921283222859573
27,44,1.3259432383249483,0.0007370690708730578,1.1514960869776971
27,45,1.299600539652172,0.0007224256171611471,1.1400002366895245
27,46,1.2200457972114989,0.000678202502325275,1.1045568329477207
27,47,1.205459812562949,0.0006700944039980368,1.0979343389123728
27,48,1.012845577761643,0.0005630234593463842,1.0064022941953397
27,49,0.9051818896577111,0.0005031750644348637,0.9514104738007203
27,50,0.8489328547625458,0.0004719071921086992,0.9213755232056828
27,51,0.8248482234537995,0.0004585189592583369,0.9082115521472954
27,52,0.8018108782794551,0.0004457128947811827,0.8954389305136644
27,53,0.7264536998084009,0.00040382313365577995,0.8523225327353495
27,54,0.6702978920084538,0.00037260708467051453,0.8187172234712384
27,55,0.5763003026743752,0.00032035543932685656,0.7591444544185086
27,56,0.5630529083499832,0.0003129914403682709,0.7503685150311034
27,57,0.5215385886650729,0.0002899143431338981,0.7221762864184014
27,58,0.5111252382982145,0.0002841257405318199,0.7149302331683942
27,59,0.5017119931448127,0.000278893079239408,0.7083163086819424
27,60,0.4524842315415703,0.00025152821213401076,0.6726694816487294
27,61,0.42515412301935934,0.00023633587424722922,0.6520384367653178
27,62,0.41095540501222544,0.00022844305079399634,0.6410580356038176
27,63,0.39266964151390993,0.0002182783089541161,0.6266335783485513
27,64,0.3715161346004562,0.0002065194378080911,0.6095212339208997
27,65,0.3556569067912766,0.0001977035654779579,0.596369773539267
27,66,0.33632060562932936,0.00018695484779562125,0.5799315525381675
27,67,0.31669474639657474,0.0001760451697553711,0.5627563828128249
27,68,0.3159236659027789,0.0001756165393534782,0.5620708726689001
27,69,0.29313834480287454,0.00016295057073036656,0.5414225196672877
27,70,0.2836746216215468,0.00015768984956927593,0.5326111354652161
27,71,0.2626397589925166,0.00014599693074304632,0.5124839109596677
27,72,0.2374617798627084,0.00013200092461904887,0.4873005026292384
27,73,0.23439850734572482,0.00013029810404373044,0.48414719594946
27,74,0.22404512326678372,0.00012454283567108322,0.4733340503986415
27,75,0.2071524187227771,0.00011515247137576588,0.4551399990363153
27,76,0.195060477781052,0.00010843076910574383,0.4416565156103236
27,77,0.18379508372887662,0.00010216853005428536,0.4287132884911274
27,78,0.1814388047668968,0.00010085871505238663,0.4259563413859416
27,79,0.17409883605954007,9.677855252431099e-05,0.4172515261320683
27,80,0.1692761321942226,9.409769428365505e-05,0.4114318074653716
27,81,0.16168909113274535,8.988018847780824e-05,0.40210582081430424
27,82,0.15476201732990028,8.602954713498414e-05,0.39339803930612094
27,83,0.15056052229582018,8.36940082133035e-05,0.388021291034165
27,84,0.13917773919636572,7.736651460681752e-05,0.37306532832248795
27,85,0.13511785296464027,7.510969358599577e-05,0.36758380400208096
27,86,0.12850638112110443,7.143448995135566e-05,0.3584778669891691
27,87,0.11945462521441233,6.640277432200214e-05,0.3456220843846821
27,88,0.11561653288986753,6.426924472449763e-05,0.3400243122040945
27,89,0.11312037767219361,6.288167491466919e-05,0.3363337296082473
27,90,0.10797216339119356,6.001987102512579e-05,0.3285911797221489
27,91,0.10119266958220481,5.625126686595108e-05,0.31810795271763453
27,92,0.09723488741783022,5.405120374236008e-05,0.31182509106521594
27,93,0.0944924400504762,5.252672435700761e-05,0.307396226474035
27,94,0.08855100855592653,4.922398464329564e-05,0.2975752149556924
27,95,0.08340248464597125,4.6362008636334426e-05,0.28879488334451364
27,96,0.07919226798060561,4.402162150963089e-05,0.2814112079868277
27,97,0.07784299417373969,4.3271583376447775e-05,0.2790035737651754
27,98,0.07136027358278664,3.9667950351598474e-05,0.2671334377849142
27,99,0.06958114354620286,3.867896252382105e-05,0.2637823791427374
27,100,0.06522742028956623,3.625880254799774e-05,0.2553965941228783
27,101,0.06405493578377237,3.560703855062613e-05,0.2530907658998494
27,102,0.0603117719288785,3.352627805884397e-05,0.24558455148660818
27,103,0.05968587655610903,3.3178353571930245e-05,0.2443069310439412
27,104,0.05702096516379131,3.169697510328928e-05,0.23879063039363857
27,105,0.053660818749744946,2.9829127427903622e-05,0.23164804931133123
27,106,0.04984535190570271,2.7708174946379696e-05,0.22326072629484728
27,107,0.047173282657155924,2.622281754840925e-05,0.21719411285105295
27,108,0.04582430284742017,2.5472942843180902e-05,0.21406611793420316
27,109,0.044005052645191396,2.4461652904452943e-05,0.20977381305871187
27,110,0.04046570927892308,2.2494192721337033e-05,0.2011609039523413
27,111,0.0395638620095861,2.1992871315060733e-05,0.1989066665790418
27,112,0.03770286414149176,2.0958374565964693e-05,0.19417225378897923
27,113,0.03467955779698347,1.9277770499438857e-05,0.18622448227068178
27,114,0.03347821787740677,1.860996627318576e-05,0.18297053827708648
27,115,0.03223074757894169,1.7916518961675692e-05,0.1795292387856131
27,116,0.02987674483014146,1.6607969267585697e-05,0.17284890751792867
27,117,0.02916746655434314,1.621369365712024e-05,0.17078485458126297
27,118,0.02833851318173662,1.575289271596077e-05,0.16834046804537708
27,119,0.027577062012839677,1.5329615090379233e-05,0.16606342768002735
27,120,0.025869963219735,1.4380668193593729e-05,0.16084142258676712
27,121,0.024854106469846232,1.3815970875383837e-05,0.15765185209773538
27,122,0.0229972639685829,1.2783784023333717e-05,0.1516484881842971
27,123,0.022254313107279877,1.2370790400969655e-05,0.14917879576963972
27,124,0.022138357696674403,1.2306332779943849e-05,0.14878964243748422
27,125,0.021054074210201425,1.1703598214211419e-05,0.14510022126172456
27,126,0.020286163972123447,1.1276730103017557e-05,0.14242950527233972
27,127,0.018278650114946556,1.0160787632249789e-05,0.13519855810971712
27,128,0.017965726979553724,9.986839036267617e-06,0.13403628978584017
27,129,0.016767931264778768,9.321004972586117e-06,0.12949104704487785
27,130,0.015975249125534035,8.880366587032844e-06,0.12639323211918443
27,131,0.015246497940324974,8.475266320706025e-06,0.12347671011298031
27,132,0.014276722652166193,7.936184895544996e-06,0.11948524031095302
27,133,0.01346050417547558,7.482463064281856e-06,0.11601941292506
27,134,0.013079216032118446,7.270511534656662e-06,0.11436440019568347
27,135,0.012494524911290281,6.945491783644569e-06,0.1117789108521383
27,136,0.011821398306929642,6.5713122663653815e-06,0.1087262539910653
27,137,0.011431785564170975,6.354733234921913e-06,0.10691952845093816
27,138,0.010714920745246565,5.956240395444339e-06,0.10351290134686866
27,139,0.010183852549891381,5.661028707638478e-06,0.10091507592967158
27,140,0.00972195558711995,5.404268119893324e-06,0.09859997762230958
27,141,0.009565346630949696,5.3172118911812775e-06,0.0978025901034819
27,142,0.009341454418546223,5.192754056032606e-06,0.09665119977810013
27,143,0.008611337065252777,4.786894360333919e-06,0.09279729018270295
27,144,0.008247893383379123,4.584862260338664e-06,0.09081791333971026
27,145,0.007933602968981983,4.410153617443321e-06,0.08907077505546913
27,146,0.007686815812102762,4.272968875919874e-06,0.0876744878063326
27,147,0.007386842444951708,4.106218833669192e-06,0.08594674191004396
27,148,0.00689943890220544,3.835279576234564e-06,0.08306286114868329
27,149,0.006474032708351672,3.5988035801402284e-06,0.08046137401481329
27,150,0.006298503661307909,3.5012299978960744e-06,0.07936311272441315
27,151,0.006112567426905962,3.3978712389605038e-06,0.07818291006931094
27,152,0.005628117939306122,3.128574090040894e-06,0.07502078338238093
27,153,0.005508572490769235,3.062120828593972e-06,0.07421975808886226
27,154,0.005203426999929623,2.8924956916247706e-06,0.07213478356472433
27,155,0.005044155286408332,2.8039592818386314e-06,0.07102221685084416
27,156,0.004948360131510483,2.7507084006742943e-06,0.07034458139409519
27,157,0.004702342728672366,2.6139515522004727e-06,0.06857362998028008
27,158,0.004537808484550698,2.5224897920464244e-06,0.06736325767471982
27,159,0.004386620005658273,2.438446713547282e-06,0.06623156351512678
27,160,0.004020924335550562,2.235162771974412e-06,0.0634107588312154
27,161,0.003993833829516326,2.2201036249951186e-06,0.0631967865442249
27,162,0.00385210844850232,2.141320920061921e-06,0.06206535626661882
27,163,0.0038039698398816602,2.1145614943915015e-06,0.06167633127774106
27,164,0.003549394792628104,1.9730475983791155e-06,0.05957679743514336
27,165,0.003325011155456743,1.8483165886430248e-06,0.05766290970335041
27,166,0.0032777197863380083,1.8220281288589582e-06,0.05725137366332801
27,167,0.0031144479424046615,1.7312681152857448e-06,0.05580723915769944
27,168,0.0029487516596297465,1.6391603978043303e-06,0.05430240933540377
27,169,0.0027748446772705867,1.5424884934566498e-06,0.05267679448552832
27,170,0.002722117256989953,1.5131782262050321e-06,0.052173913567892846
27,171,0.002588388311874411,1.4388406026355146e-06,0.05087620575351911
27,172,0.0024971489450184943,1.3881222057903432e-06,0.04997148131703216
27,173,0.0023173506992645344,1.2881754493138797e-06,0.04813886890304481
27,174,0.002155862091717031,1.1984067062174637e-06,0.04643126200866213
27,175,0.002119063990369229,1.177951273747684e-06,0.04603329219564063
27,176,0.0020276349962404933,1.1271274663587207e-06,0.04502926821791015
27,177,0.0019430577960468196,1.0801124535271395e-06,0.044080129265314315
27,178,0.0018215239484864133,1.0125538752171506e-06,0.0426793152298208
27,179,0.0017821940930661442,9.90691084145633e-07,0.04221604070807854
27,180,0.0017355043413184673,9.647370531243443e-07,0.041659384792846706
27,181,0.0016830141165000245,9.355586387559262e-07,0.04102455504329114
27,182,0.0015967186717164524,8.875884832705698e-07,0.03995896234534191
27,183,0.0014818007593722794,8.237075897074374e-07,0.038494165264001755
27,184,0.0014198897677716465,7.892923329023606e-07,0.03768142470464256
27,185,0.0013322573482299745,7.405789761137733e-07,0.03650010066054578
27,186,0.0012643376653064238,7.028235910116957e-07,0.035557526141541736
27,187,0.0012355889890017387,6.868426956609315e-07,0.03515094577677447
27,188,0.0011366419772074682,6.318397513863325e-07,0.0337141213322766
27,189,0.0011274988539388738,6.26757246209886e-07,0.033578249715237894
27,190,0.0010643333691536191,5.916446381915146e-07,0.03262412250396352
27,191,0.0010488836853759585,5.830564243538932e-07,0.032386473802746084
27,192,0.0009948943933681207,5.53044704283898e-07,0.03154194656910256
27,193,0.0009499934581728466,5.280850456581481e-07,0.030821963892212426
27,194,0.0009276668978264492,5.156740942579213e-07,0.030457624625476774
27,195,0.0008391852110838014,4.664886444199081e-07,0.028968693637853284
27,196,0.0008224862280095983,4.5720596656216156e-07,0.02867902069474476
27,197,0.0007771095941982815,4.319818752466797e-07,0.027876685495199775
27,198,0.0007229856232639323,4.018952894747746e-07,0.026888391979884782
27,199,0.0006944045099322458,3.860075395025235e-07,0.02635155611974833
27,200,0.0006268066551065083,3.4843105311207984e-07,0.02503610702778106
27,201,0.0006130231929884038,3.4076906327483804e-07,0.024759305179839028
27,202,0.0005767157073698181,3.205863556617769e-07,0.024014905941306914
27,203,0.0005546986787882251,3.0834746765287463e-07,0.023552041923965428
27,204,0.0005237659512862477,2.91152495756299e-07,0.022885933480770403
27,205,0.0004936671410862652,2.7442108416396594e-07,0.02221862149383407
27,206,0.00047787415544408,2.6564203471664393e-07,0.021860332921620384
27,207,0.000447835780243502,2.4894421790240683e-07,0.021162130805840465
27,208,0.00043320850982113185,2.4081316952265475e-07,0.02081366161493772
27,209,0.0004187227998106809,2.3276081214434964e-07,0.020462717312485185
27,210,0.0003974061285449309,2.2091124073750617e-07,0.01993504774373342
27,211,0.00038587241608077893,2.1449984808965126e-07,0.01964363551079023
27,212,0.00036029097132075455,2.0027956235201945e-07,0.01898133217982222
27,213,0.0003511975297756402,1.9522467439228815e-07,0.018740264933443183
27,214,0.000335749827609376,1.8663756209840448e-07,0.018323477497717948
27,215,0.00031331353564570386,1.741656127769602e-07,0.017700664836262616
27,216,0.0002972770151437133,1.6525118648419443e-07,0.017241723090912733
27,217,0.00027278323690143366,1.5163551588126974e-07,0.016516150789497946
27,218,0.0002693199901906984,1.4971035652187622e-07,0.01641097164066462
27,219,0.00025925714559600925,1.441165940580189e-07,0.01610146408237491
27,220,0.00024721258190325005,1.3742122798691281e-07,0.015722995322242198
27,221,0.0002393362722464155,1.3304292273758297e-07,0.015470496832565381
27,222,0.00022725466770408246,1.2632696629443786e-07,0.015074968248858187
27,223,0.00022222171679567694,1.235292353338769e-07,0.014907102897467266
27,224,0.0002126051241390582,1.1818353665726315e-07,0.014580985019505993
27,225,0.00019060433799711064,1.0595367754156844e-07,0.013805952991268319
27,226,0.00018607053136110424,1.0343341230838929e-07,0.01364076725705355
27,227,0.00018396444668925617,1.0226267601486582e-07,0.013563349390517674
27,228,0.0001652932998227649,9.188370618022612e-08,0.012856644189786263
27,229,0.0001598539919147771,8.88600883434643e-08,0.012643337847055148
27,230,0.0001522197706993967,8.461635590046147e-08,0.012337737665366236
27,231,0.00014696539346822104,8.169553785044319e-08,0.012122928419660863
27,232,0.00013677932573103637,7.603327775823796e-08,0.01169526937402625
27,233,0.0001330608360680292,7.396623322590476e-08,0.011535199871178185
27,234,0.00012371835659052833,6.877290935720637e-08,0.011122875374224434
27,235,0.00011998497330255594,6.669758571457814e-08,0.010953765256867427
27,236,0.0001103960560818496,6.136727133741579e-08,0.010506952749577282
27,237,0.0001023068547973326,5.6870623289030084e-08,0.010114685106187567
27,238,9.617506484532459e-05,5.3462066578544646e-08,0.0098068886424454
27,239,9.200585454500842e-05,5.114447418581861e-08,0.00959196823102581
27,240,8.823936550066789e-05,4.905074762187254e-08,0.009393581079687761
27,241,8.187444118543067e-05,4.551259552334393e-08,0.009048449656456662
27,242,7.205108683823889e-05,4.0051961574421426e-08,0.008488291161254949
27,243,6.697926639065689e-05,3.723262370468216e-08,0.008184086167108511
27,244,6.613839968570095e-05,3.676520034670123e-08,0.008132551855703163
27,245,6.308162878466512e-05,3.506599390801194e-08,0.007942394398710324
27,246,6.126048498972453e-05,3.4053651353621134e-08,0.007826907754006338
27,247,5.4660730376262374e-05,3.0384961125915777e-08,0.007393289550414103
27,248,5.207638230160338e-05,2.8948366421750423e-08,0.00721639676719645
27,249,4.999120073594262e-05,2.778924980591038e-08,0.007070445582560029
27,250,4.708335779025393e-05,2.6172829859509713e-08,0.006861731398871128
27,251,4.305116918009186e-05,2.3931405470761683e-08,0.006561338977685261
27,252,4.257077104598846e-05,2.366436039966191e-08,0.006524628038899111
27,253,3.8945404244556626e-05,2.164908126653621e-08,0.006240625308777689
27,254,3.7844784110077234e-05,2.10372654387865e-08,0.00615181144949008
27,255,3.510563852501781e-05,1.9514621457497908e-08,0.005925001141351604
27,256,3.298119805200454e-05,1.833368148939856e-08,0.00574292591385302
27,257,3.0921153255321795e-05,1.7188537971666984e-08,0.00556067920809336
27,258,2.9705821974078477e-05,1.6512956187788657e-08,0.005450304759743117
27,259,2.929169286199741e-05,1.6282748927748864e-08,0.005412180047078757
27,260,2.673375566940612e-05,1.4860835579273498e-08,0.005170469579197437
27,261,2.614706531150105e-05,1.4534704486710621e-08,0.005113420118814906
27,262,2.3700475319634235e-05,1.3174687134541992e-08,0.004868313395790603
27,263,2.196512745391083e-05,1.2210037063513209e-08,0.004686696859613477
27,264,1.9629362701812592e-05,1.0911625558521493e-08,0.00443050366231793
27,265,1.798778960800558e-05,9.999103272461143e-09,0.004241201434500085
27,266,1.3992549479241488e-05,7.778217909869754e-09,0.0037406616365613034
27,267,1.360097271517961e-05,7.560547112719207e-09,0.0036879496627773554
27,268,1.2674007363091669e-05,7.045262995687092e-09,0.003560057213457625
27,269,1.2183641114492683e-05,6.772676820958408e-09,0.003490507286125139
27,270,1.198169994568258e-05,6.6604211938970896e-09,0.0034614592220164287
27,271,1.078861899800642e-05,5.997207988261734e-09,0.00328460332430058
27,272,9.633034158237656e-06,5.354838224953195e-09,0.0031037129632486404
27,273,8.852157876674293e-06,4.920762512899476e-09,0.002975257615177935
27,274,8.557270768282883e-06,4.7568398345282064e-09,0.0029252813143837778
27,275,7.038187042923987e-06,3.9124072844266405e-09,0.0026529581683328494
27,276,5.7569475153360955e-06,3.2001882384906724e-09,0.002399363981420096
27,277,5.239120123509515e-06,2.9123368859332264e-09,0.0022889124324686418
27,278,4.8726252867954565e-06,2.7086087013709222e-09,0.002207402384431859
27,279,4.018138527741452e-06,2.233614189264276e-09,0.002004529502836377
27,280,3.157401965344346e-06,1.7551455188301145e-09,0.0017769079788622555
27,281,1.1068868318131412e-06,6.152993771564406e-10,0.0010520868936609471
27,282,8.438137423389253e-07,4.690615654417996e-10,0.0009185933498229373
27,283,4.4101734402331597e-07,2.4515396632574916e-10,0.0006640913672254112
27,284,3.1826456350199416e-07,1.7691780412001692e-10,0.0005641494159369432
27,285,1.4269518417504293e-07,7.932180185241328e-11,0.00037775016105230576
27,286,1.3585560003050362e-07,7.551979450785888e-11,0.00036858594659930214
27,287,9.692565642757107e-08,5.3879307546438905e-11,0.0003113288557579767
27,288,8.908540533025933e-08,4.952104663098121e-11,0.00029847178313914253
27,289,5.9536646745362635e-08,3.309539928341005e-11,0.00024400132529427506
27,290,4.744260219464693e-08,2.6372527653283146e-11,0.00021781322777702673
27,291,3.781135210996814e-08,2.101868116417685e-11,0.00019445141323726125
27,292,3.155940776530752e-08,1.7543332690670204e-11,0.0001776496770762827
27,293,2.7019286320550457e-08,1.5019557163774055e-11,0.00016437544317978418
27,294,1.9342486919991966e-08,1.0752156238982876e-11,0.00013907726960216024
27,295,1.7309747861446384e-08,9.622191512059636e-12,0.0001315665149703616
27,296,1.3685604101947427e-08,7.607592246936609e-12,0.00011698548671500848
27,297,1.1228013043604441e-08,6.24145959087575e-12,0.00010596231897993003
27,298,9.659529542286873e-09,5.3695665538432396e-12,9.828290564633747e-05
27,299,6.189097057111448e-09,3.440412745866241e-12,7.867081451918144e-05
27,300,1.2361055331125745e-29,6.871298336596286e-33,3.515829252271183e-15
27,301,1.2361055331125745e-29,6.871298336596286e-33,3.515829252271183e-15
27,302,1.2361055331125745e-29,6.871298336596286e-33,3.515829252271183e-15
27,303,1.2361055330341282e-29,6.871298336160217e-33,3.5158292521596214e-15
28,0,2534.6370415269866,1.0,50.34517893033043
28,1,979.5022204827445,0.3864467394876568,31.297000183448006
28,2,701.4072521637657,0.2767288730780974,26.48409432402335
28,3,374.48114165150616,0.1477454702650052,19.351515228826557
28,4,265.3108367157042,0.10467409430577417,16.28836507190652
28,5,223.2703936644483,0.08808771828330085,14.942235229859296
28,6,118.45332363334528,0.04673384066145555,10.88362640085304
28,7,107.50162769289832,0.0424130263748273,10.368299170688427
28,8,58.07600664503169,0.022912947965932007,7.620761552826049
28,9,43.82373494277449,0.017289944960471728,6.619949768901158
28,10,41.44960277333291,0.01635326955861171,6.438136591695839
28,11,31.13001760640209,0.012281844341566112,5.579428071621866
28,12,29.774505569453613,0.011747049017920145,5.456602016773224
28,13,24.474729186129473,0.009656108067995694,4.947194072009857
28,14,19.36551621798968,0.00764035082763683,4.400626798308359
28,15,16.43927443004506,0.006485849516403049,4.054537511239113
28,16,15.819591470786104,0.00624136363968532,3.9773850040932803
28,17,14.193846890255696,0.0055999524419893445,3.76747221492816
28,18,13.029315916085253,0.005140505604003865,3.6096143722128065
28,19,11.772171829014681,0.004644519762057356,3.4310598696342622
28,20,7.935100218080787,0.003130665293718071,2.816930992779338
28,21,7.651841389634885,0.003018910109916586,2.7661961950727365
28,22,6.150055397285383,0.00242640476585961,2.4799305226730413
28,23,5.833885716387816,0.002301665138166372,2.415343809147637
28,24,5.377983193257139,0.002121796180338777,2.3190479066326204
28,25,4.803674301897189,0.0018952119073440297,2.1917286104573233
28,26,4.574735804195106,0.001804887930399323,2.1388632037124546
28,27,3.971887079970146,0.0015670437285084775,1.9929593774008907
28,28,3.83092452917557,0.0015114292367745237,1.9572747709955212
28,29,3.6954237477271,0.001457969597690721,1.9223484979907
28,30,3.5898529391497687,0.001416318344731153,1.8946907238781132
28,31,3.4388751694657267,0.0013567525105661613,1.854420440317062
28,32,3.1260692884388566,0.0012333400156400946,1.7680693675415726
28,33,2.8013636132191673,0.0011052326496149886,1.6737274608547137
28,34,2.5242986158775427,0.000995921141575673,1.5888041464817313
28,35,2.476775180949687,0.0009771715398973098,1.5737773606675396
28,36,2.3643297877325877,0.0009328080308919506,1.5376377296790644
28,37,2.139178501816055,0.0008439782370288851,1.4625930745822828
28,38,2.1224434964123877,0.0008373757116457692,1.4568608363232185
28,39,1.901251832986702,0.0007501081227161807,1.3788588879891597
28,40,1.7020958764180636,0.0006715343650910426,1.3046439653859836
28,41,1.5465557898648479,0.0006101685426853577,1.2436059624595115
28,42,1.3720948312663093,0.0005413377966100005,1.1713645168205793
28,43,1.2575191015395735,0.0004961337978324438,1.1213915915234844
28,44,1.2343949783541976,0.0004870105494909595,1.1110332930899045
28,45,1.1804264131833746,0.0004657181260446779,1.0864743039682874
28,46,0.9645254334485447,0.0003805378906904432,0.9821025575002565
28,47,0.9258468630614178,0.0003652778870869982,0.9622093655028607
28,48,0.8869750770473176,0.000349941653386775,0.9417935426872057
28,49,0.7676476615337459,0.0003028629539286138,0.8761550442323242
28,50,0.7489410937904893,0.0002954825805509776,0.8654138280559708
28,51,0.6784056567266435,0.0002676539660755291,0.8236538452084368
28,52,0.662877847505872,0.00026152772039760084,0.8141731065970381
28,53,0.616130258610179,0.0002430842162075374,0.7849396528461147
28,54,0.6005359883858974,0.00023693174941691287,0.7749425710243937
28,55,0.5677161535338483,0.000223983215045192,0.753469411146762
28,56,0.5487081953858456,0.0002164839329639393,0.7407484022161949
28,57,0.49126876388109886,0.0001938221354112047,0.7009056740254703
28,58,0.44639645000701894,0.0001761184906135864,0.6681290668778144
28,59,0.4256435036424648,0.00016793075168902163,0.652413598603267
28,60,0.384344498618356,0.00015163689803365633,0.6199552392055059
28,61,0.36353890932757565,0.0001434283896950241,0.602941878896777
28,62,0.3417524863957246,0.00013483290932647166,0.5845960027195914
28,63,0.3284811966131416,0.00012959693685185347,0.573132791430696
28,64,0.3178055845474369,0.0001253850469872308,0.5637424807014608
28,65,0.3049343572485002,0.0001203069126871093,0.5522086175065545
28,66,0.29635473046072985,0.00011692195987248399,0.5443847265130882
28,67,0.27772035752465957,0.00010957006978693389,0.5269918002442349
28,68,0.2613272829571709,0.00010310244767816336,0.5112018025762144
28,69,0.254827654026428,0.00010053812433550944,0.5048045701322721
28,70,0.2360645441301464,9.313544316701449e-05,0.4858647385128359
28,71,0.2226132263836404,8.782844357451966e-05,0.4718190610643453
28,72,0.20927023665512304,8.256418304730867e-05,0.45746063945996823
28,73,0.1998905857055804,7.886359365487563e-05,0.4470912498647009
28,74,0.1947211470566452,7.682407534742563e-05,0.44127219157414077
28,75,0.1877959409453862,7.40918474197982e-05,0.4333542903276558
28,76,0.18501196236286546,7.299347375252016e-05,0.4301301690917128
28,77,0.17688141791526438,6.97856991029779e-05,0.4205727260715611
28,78,0.1674253362562961,6.605495521182435e-05,0.4091764121455391
28,79,0.15946329129818404,6.291365930725755e-05,0.3993285505673042
28,80,0.1512304137464155,5.9665510788600746e-05,0.388883547796015
28,81,0.14728393900460324,5.810849308659686e-05,0.3837758968520603
28,82,0.1430926340509133,5.6454881589163336e-05,0.3782758702995914
28,83,0.1396826690227804,5.5109535106702645e-05,0.3737414467553477
28,84,0.12581271032743419,4.963736750711991e-05,0.3547008744384967
28,85,0.1200164506247254,4.7350547103352414e-05,0.3464339051315927
28,86,0.11570679265185273,4.5650241338754135e-05,0.3401570117634689
28,87,0.11024031756838819,4.3493532116130576e-05,0.3320245737417461
28,88,0.10168221369511173,4.0117070818886754e-05,0.3188764865823627
28,89,0.09642930003932429,3.8044618799238674e-05,0.3105306748766123
28,90,0.0927517617866803,3.65937056340036e-05,0.3045517390964634
28,91,0.08997630038110113,3.5498692280964655e-05,0.2999604980344931
28,92,0.08808859497468399,3.475392868148696e-05,0.29679722871799863
28,93,0.08259934012327487,3.2588232070305844e-05,0.2874010092593185
28,94,0.07772237301012751,3.066410367115279e-05,0.27878732577025
28,95,0.07298860930931482,2.879647385936686e-05,0.27016404148093953
28,96,0.07080074465935865,2.793328729099015e-05,0.2660840932099449
28,97,0.0676921898451564,2.6706857327538854e-05,0.26017722776053326
28,98,0.06626109057581532,2.6142240285376904e-05,0.2574122968620872
28,99,0.06512944736691342,2.569576878260894e-05,0.25520471658437943
28,100,0.060758340680461084,2.3971219423139714e-05,0.2464920702182143
28,101,0.057675632278374016,2.275498674304367e-05,0.24015751555671544
28,102,0.0542614752041615,2.1407986356686317e-05,0.2329409264259106
28,103,0.049984192071140285,1.9720453560888314e-05,0.22357144735216142
28,104,0.04722046856865642,1.8630071207437478e-05,0.2173027118299641
28,105,0.04466726443979282,1.76227458637956e-05,0.21134631399622947
28,106,0.043004411606006425,1.6966694205691284e-05,0.20737505058710998
28,107,0.041592653021107526,1.6409707717381943e-05,0.20394276898460392
28,108,0.039861810095400026,1.572683166951011e-05,0.1996542263399401
28,109,0.03675334373707907,1.4500436604894364e-05,0.1917116160723681
28,110,0.035432294450390554,1.3979238001289701e-05,0.18823467919166903
28,111,0.03374324719542348,1.3312851758488834e-05,0.18369335098316292
28,112,0.03178418055406249,1.2539933739354721e-05,0.17828118395967224
28,113,0.030539501272286926,1.204886568448809e-05,0.17475554718602476
28,114,0.030021855329363197,1.1844636860225398e-05,0.1732681601719231
28,115,0.029668219947314056,1.170511574684496e-05,0.17224465143311143
28,116,0.025870795154706763,1.0206903288654284e-05,0.1608440087622376
28,117,0.025538910625378282,1.007596362199158e-05,0.15980898167931076
28,118,0.023881833978733745,9.422190864987195e-06,0.15453748405721424
28,119,0.023245189958202548,9.171013276204049e-06,0.1524637332554944
28,120,0.022311079071401226,8.802474952374232e-06,0.14936893609918103
28,121,0.0213631427993992,8.42848204669534e-06,0.14616135877652206
28,122,0.019807856204733635,7.814868906358457e-06,0.14074038583410817
28,123,0.0193495146448407,7.63403766607294e-06,0.1391025328484018
28,124,0.01804042685375104,7.117558276857906e-06,0.13431465613904925
28,125,0.017640965786687536,6.959957381534902e-06,0.13281929749357785
28,126,0.017102322885797935,6.7474445475217536e-06,0.1307758497804466
28,127,0.016865478428226943,6.65400140213621e-06,0.1298671568497091
28,128,0.01571278030480346,6.199223023797257e-06,0.12535062945515454
28,129,0.015173022042873635,5.986270142147327e-06,0.1231788214056038
28,130,0.014256423922388604,5.624641196674002e-06,0.11940026768139426
28,131,0.012919100600984557,5.097021936206484e-06,0.1136622215205411
28,132,0.011686518774466886,4.610726736411288e-06,0.10810420331544415
28,133,0.011570421172285036,4.564922307501061e-06,0.10756589223487636
28,134,0.010743148128820722,4.238535124677471e-06,0.10364915884280355
28,135,0.010613653038003058,4.187444933578689e-06,0.10302258508697526
28,136,0.010115735975725517,3.990999819694623e-06,0.10057701514623267
28,137,0.009940880880447776,3.9220135733749534e-06,0.09970396622225104
28,138,0.009462861102543267,3.7334186108328893e-06,0.09727723835791838
28,139,0.009395061778760563,3.7066694855451684e-06,0.09692812687120578
28,140,0.008387971539325136,3.3093383399272902e-06,0.09158586975797706
28,141,0.008009819886409978,3.1601447288817648e-06,0.08949759709852538
28,142,0.007753787301421504,3.0591312185472722e-06,0.08805559210760838
28,143,0.00767233641509265,3.0269960903240278e-06,0.08759187413848758
28,144,0.00749625610504492,2.9575264553574174e-06,0.08658092229264436
28,145,0.007088043509775173,2.796472786298821e-06,0.08419051912047563
28,146,0.006596374939332354,2.6024929136829716e-06,0.08121807027584659
28,147,0.006372323034788031,2.51409686293744e-06,0.07982683154671762
28,148,0.006147671125716674,2.4254640901219616e-06,0.07840708594072779
28,149,0.005522523309037321,2.1788221424043768e-06,0.07431368184282973
28,150,0.00539910525937581,2.130129549484975e-06,0.07347860409245545
28,151,0.004993764942603985,1.9702090913953906e-06,0.0706665758516994
28,152,0.004866692543507033,1.920074734083072e-06,0.06976168392109693
28,153,0.004754608329042529,1.8758537223057884e-06,0.0689536679883132
28,154,0.00449993919289321,1.7753781386317274e-06,0.06708158609404827
28,155,0.00418996555456213,1.6530830591972625e-06,0.0647299432609216
28,156,0.003816238192794194,1.5056349805789587e-06,0.06177570875995025
28,157,0.0035749118741978314,1.4104235895030294e-06,0.059790566765986014
28,158,0.003328361739040368,1.3131512261949756e-06,0.057691955583429204
28,159,0.003114273681715043,1.228686250019788e-06,0.0558056778626964
28,160,0.003070672352558593,1.2114840516607747e-06,0.05541364771027615
28,161,0.002965194969129071,1.1698696580803915e-06,0.054453603821318114
28,162,0.0028144741565742,1.1104052021896697e-06,0.05305161785067634
28,163,0.002758894525427453,1.088477158751441e-06,0.05252517991808741
28,164,0.002641102505671894,1.0420042248261184e-06,0.05139165793853993
28,165,0.002571958687980661,1.014724651238897e-06,0.050714482034036994
28,166,0.002393551095881301,9.443368248257397e-07,0.04892393172958712
28,167,0.002380082078245517,9.390228420285541e-07,0.04878608488335088
28,168,0.002323591461112936,9.167353838216983e-07,0.04820364572429077
28,169,0.002155284190079632,8.503324755252475e-07,0.04642503839610294
28,170,0.0021390805003952892,8.439395721553114e-07,0.046250194598458604
28,171,0.002065365031195134,8.148563274964447e-07,0.0454462873202546
28,172,0.0020441734253224203,8.064955225663839e-07,0.04521253615229321
28,173,0.0020197236150214562,7.968492458410053e-07,0.044941335260775865
28,174,0.0019438755617000492,7.669246246511751e-07,0.04408940418853547
28,175,0.001903883566584493,7.511464305901181e-07,0.04363351425893281
28,176,0.0017466699376291585,6.891203391302453e-07,0.04179318051583486
28,177,0.0016983164471714768,6.700432524841228e-07,0.04121063512215599
28,178,0.0015746342127578214,6.212464297488474e-07,0.039681660912288204
28,179,0.001542206444735691,6.084525789959228e-07,0.039270936387304174
28,180,0.0014804566887361358,5.840902127131536e-07,0.03847670319474027
28,181,0.0014414461982934015,5.686992554267278e-07,0.03796638247572978
28,182,0.0013654596481052677,5.387199925408844e-07,0.03695212643550121
28,183,0.0013112759556618227,5.17342694112861e-07,0.03621154450809607
28,184,0.0012698135600677412,5.009843773539839e-07,0.035634443451073305
28,185,0.0012546047508283603,4.949839879529759e-07,0.03542040020706091
28,186,0.0011396416442869524,4.4962715592619044e-07,0.033758578825047604
28,187,0.001093620533765741,4.3147027201452547e-07,0.03306993398490147
28,188,0.001053032762588684,4.15457024156124e-07,0.03245046629231518
28,189,0.0010344181058638106,4.081129127824265e-07,0.03216237096147936
28,190,0.001018978595224864,4.0202150388009105e-07,0.031921444128122776
28,191,0.0009446163556700864,3.726830864513068e-07,0.03073461168894259
28,192,0.0008900290790813841,3.511465604342261e-07,0.02983335514288301
28,193,0.0008748852797831769,3.451718196527674e-07,0.029578459726347768
28,194,0.0008655923569414093,3.415054474308223e-07,0.029420950986353403
28,195,0.0007945050069688815,3.1345908465467453e-07,0.028186965196148404
28,196,0.0007543757226755322,2.976267253717164e-07,0.027465901089815573
28,197,0.0007314862355658429,2.8859604889430664e-07,0.02704600221041629
28,198,0.0006592123362962328,2.60081552307423e-07,0.025675130696770226
28,199,0.000617077978837578,2.434581238763167e-07,0.024841054302053647
28,200,0.0005940114348439098,2.3435759247250993e-07,0.02437234980144323
28,201,0.0005862610191320549,2.3129979146002822e-07,0.024212827574078475
28,202,0.0005380385507243582,2.1227439744201718e-07,0.02319565801447241
28,203,0.0004978911740587127,1.964349001065491e-07,0.022313475167680914
28,204,0.0004778164887754428,1.8851475810816024e-07,0.02185901390217415
28,205,0.0004647768331628827,1.8337017314434847e-07,0.021558683474713448
28,206,0.0004504624142656336,1.7772265096948695e-07,0.021224099845827
28,207,0.0004380805169304672,1.7283757388258894e-07,0.020930373071937042
28,208,0.0004114540752399285,1.6233254248981102e-07,0.02028433078117019
28,209,0.00038001654360495115,1.4992937346800984e-07,0.019494013019513225
28,210,0.00034931073754552577,1.378148949228187e-07,0.018689856541598326
28,211,0.00034530661629978993,1.3623513372619248e-07,0.01858242762127139
28,212,0.0003199664858785778,1.262375956148004e-07,0.017887607047298915
28,213,0.00029406552958442204,1.16018792736992e-07,0.017148338974501933
28,214,0.00027857938924576126,1.0990898684173404e-07,0.01669069768600945
28,215,0.00026790711319402984,1.0569841314740266e-07,0.016367868315514695
28,216,0.0002613475450237303,1.0311044174840987e-07,0.01616624709150922
28,217,0.00024215070865758062,9.553664082479338e-08,0.015561192391895315
28,218,0.00023451562117083634,9.252434069595736e-08,0.015313902871927729
28,219,0.00022282162568681738,8.791066414486667e-08,0.014927210914528453
28,220,0.00020888500786950088,8.24121972681574e-08,0.014452854661605813
28,221,0.000191149788300042,7.541505358293202e-08,0.01382569304953795
28,222,0.00018420669813342774,7.267576979087026e-08,0.013572276822015816
28,223,0.0001732338735384718,6.834661953575311e-08,0.013161833973214819
28,224,0.000168802659964314,6.65983559770827e-08,0.012992407781635936
28,225,0.00015780473401620458,6.225930238955848e-08,0.01256203542489053
28,226,0.00015716409195197745,6.200654743737758e-08,0.012536510357829943
28,227,0.00014414528282811817,5.6870187118104354e-08,0.012006051925096699
28,228,0.0001399194265845408,5.520294396875327e-08,0.011828754227920233
28,229,0.00012980436042549153,5.1212208414381557e-08,0.011393171657861191
28,230,0.0001241210583656995,4.896995361944329e-08,0.011140963080708036
28,231,0.00011664028280823966,4.6018534763450774e-08,0.010800013092966122
28,232,0.00011280349321845167,4.450479156198769e-08,0.010620898889380864
28,233,0.0001073209933363918,4.234176001457648e-08,0.010359584612154669
28,234,0.00010482455725018863,4.135683158289098e-08,0.010238386457356873
28,235,9.360433579257461e-05,3.693007490184191e-08,0.009674933374063855
28,236,9.005316676288986e-05,3.552901866716093e-08,0.009489634701235336
28,237,8.749853559273182e-05,3.452113030748518e-08,0.009354065190746311
28,238,8.124728626229145e-05,3.2054801113986796e-08,0.00901372765631908
28,239,7.263977259093091e-05,2.8658845981028208e-08,0.008522896960009015
28,240,7.137188625288378e-05,2.8158621957913917e-08,0.008448188341466102
28,241,6.821333663751312e-05,2.6912467355254204e-08,0.00825913655520437
28,242,6.275656118726286e-05,2.4759584965843987e-08,0.007921903886520138
28,243,5.961513923021763e-05,2.352018780341923e-08,0.007721084070920199
28,244,5.686315051826881e-05,2.243443522154625e-08,0.0075407659105868555
28,245,5.455486282811899e-05,2.152373769273589e-08,0.00738612637504389
28,246,5.3096514984328796e-05,2.0948370166775797e-08,0.007286735550596632
28,247,5.0100989283604984e-05,1.9766534009706476e-08,0.007078205230395978
28,248,4.780495263453617e-05,1.886066993076696e-08,0.006914112570282333
28,249,4.6312345381064785e-05,1.8271785909498117e-08,0.006805317434261593
28,250,4.465318744105034e-05,1.761719201189813e-08,0.006682304051826012
28,251,4.201758297173374e-05,1.657735694828335e-08,0.006482097112180112
28,252,4.1054813620523646e-05,1.6197511891402906e-08,0.006407403032471396
28,253,3.837780086909396e-05,1.5141339860626882e-08,0.006194981910312084
28,254,3.2598221726817024e-05,1.2861100501860532e-08,0.005709485241842475
28,255,3.1146738093535946e-05,1.2288441139000976e-08,0.005580926275586871
28,256,3.083970850625827e-05,1.2167307587235036e-08,0.005553351105977207
28,257,2.9576991446315114e-05,1.1669123019087781e-08,0.00543847326428246
28,258,2.7478277741516516e-05,1.0841109512454014e-08,0.005241972695609594
28,259,2.6388684734952853e-05,1.0411228236077164e-08,0.0051369917982174015
28,260,2.4486175983819323e-05,9.660624216660101e-09,0.0049483508347548805
28,261,2.3086188056067326e-05,9.108281650519517e-09,0.004804808846985208
28,262,2.1537907790005575e-05,8.497432743676037e-09,0.004640895149645764
28,263,1.9691939505090744e-05,7.769135849615524e-09,0.004437560084673868
28,264,1.9560535170088115e-05,7.717292397140977e-09,0.004422729380155213
28,265,1.6751217564454695e-05,6.608921628622203e-09,0.004092825132406061
28,266,1.5085064279247293e-05,5.951567830855707e-09,0.0038839495721812987
28,267,1.3325033086522912e-05,5.257176024893597e-09,0.0036503469816611834
28,268,1.2534556915199853e-05,4.94530645210189e-09,0.003540417618756275
28,269,1.1862741307883679e-05,4.680252483305064e-09,0.0034442330507507297
28,270,1.0830139840383373e-05,4.27285629577116e-09,0.0032909177808604353
28,271,9.784833584814788e-06,3.860447639840352e-09,0.0031280718637548576
28,272,8.764163456619685e-06,3.4577587690187524e-09,0.0029604329846526986
28,273,8.0319486505202e-06,3.1688752744185297e-09,0.002834069274121612
28,274,7.357188119519405e-06,2.902659433670662e-09,0.0027124137072945574
28,275,4.801467848799209e-06,1.894341387004498e-09,0.0021912251935388132
28,276,4.468327982354895e-06,1.7629064474110899e-09,0.0021138419955982744
28,277,4.2634418257470264e-06,1.6820719321526702e-09,0.002064810360722511
28,278,3.154300522635354e-06,1.2444781919288343e-09,0.001776035056702247
28,279,2.405738244410642e-06,9.491450669249709e-10,0.0015510442432150806
28,280,1.9404558786169107e-06,7.655754440674817e-10,0.001393002468991678
28,281,1.2681588050959307e-06,5.003315205761891e-10,0.0011261255725255202
28,282,9.212466057169131e-07,3.6346293004615366e-10,0.0009598159228294314
28,283,4.0278190656559766e-07,1.589110787724236e-10,0.0006346510116320604
28,284,2.7893344268958754e-07,1.1004867289461874e-10,0.0005281414987383472
28,285,1.8671044624864952e-07,7.366358306519746e-11,0.000432100041944744
28,286,1.6426032517695967e-07,6.48062513431909e-11,0.0004052904207811476
28,287,9.844312765611346e-08,3.8839141874454185e-11,0.00031375647826955454
28,288,8.976493691115745e-08,3.541530224662019e-11,0.00029960797204206275
28,289,6.123160375974014e-08,2.4157937707266874e-11,0.00024745020460638167
28,290,5.7797399193529694e-08,2.2803027907581503e-11,0.0002404108965781911
28,291,4.066801833571024e-08,1.6044908075362887e-11,0.0002016631308288906
28,292,3.539630611090635e-08,1.3965039384724656e-11,0.00018813906056666264
28,293,2.902667613287337e-08,1.145200502371981e-11,0.00017037216947868384
28,294,1.9218592383774658e-08,7.582384408063594e-12,0.0001386311378578949
28,295,1.892037565548667e-08,7.464727827100692e-12,0.00013755135642910495
28,296,1.6699261481442205e-08,6.5884231974222905e-12,0.00012922562238752114
28,297,1.4101813301152128e-08,5.563642079757708e-12,0.00011875105600015575
28,298,1.0526292081048751e-08,4.15297808269511e-12,0.00010259771966787932
28,299,9.592993178210805e-09,3.784760113989152e-12,9.794382664676118e-05
28,300,1.8408324010148115e-29,7.262706142358773e-33,4.290492280630291e-15
28,301,1.8408324010148115e-29,7.262706142358773e-33,4.290492280630291e-15
28,302,1.8408324010148115e-29,7.262706142358773e-33,4.290492280630291e-15
28,303,1.8408323940921774e-29,7.262706115046642e-33,4.2904922725628785e-15
29,0,1975.5055693231918,1.0,44.446659821894286
29,1,746.5990966152858,0.3779281153183844,27.323965609246507
29,2,722.6351909023664,0.3657975973967723,26.881874765394738
29,3,329.33626723052083,0.16670986523381529,18.1476242861296
29,4,259.5625644500914,0.13139044935166522,16.11094548591396
29,5,196.40316150419446,0.09941918896815977,14.01439122845493
29,6,101.32097645976258,0.05128863113986317,10.065832129524244
29,7,73.33207925626057,0.037120664398523635,8.563415163137927
29,8,66.68970230907804,0.0337582962785197,8.166376326687256
29,9,58.24814488951091,0.02948518384054302,7.63204722794028
29,10,39.59564620520224,0.02004329768544652,6.2925071478070045
29,11,32.59920135437695,0.01650170055736438,5.709571030679709
29,12,30.692150652659517,0.015536352379494758,5.540049697670547
29,13,27.567245060011707,0.013954526622497068,5.250451891029162
29,14,19.753919048548507,0.009999424630990131,4.444538114196852
29,15,15.683897212583291,0.007939181471382332,3.960290041472126
29,16,14.146569433091964,0.007160986864713613,3.7611925546416742
29,17,11.07395558588066,0.005605631164924833,3.3277553374430426
29,18,9.786071273103914,0.004953704725042422,3.1282696931536953
29,19,8.686936803905661,0.004397323368155224,2.9473609897509436
29,20,8.315154437526951,0.0042091273072825215,2.8836009497721684
29,21,7.261308289353759,0.003675670877425814,2.694681481985164
29,22,6.876884471654225,0.003481075719776505,2.6223814504480893
29,23,5.4816042440210815,0.0027747855177644876,2.341282606611402
29,24,5.311285562271209,0.002688570280311007,2.3046226507329153
29,25,5.123539222409309,0.002593533170430207,2.2635236297439683
29,26,4.919856006599559,0.002490428821359943,2.2180748424251964
29,27,4.473566458539173,0.0022645172597877397,2.1150807215184892
29,28,4.1330742106476555,0.0020921602423341415,2.0329963626744774
29,29,3.8408968499058487,0.0019442601982750875,1.9598206167672205
29,30,3.2293466071709136,0.0016346937499534804,1.797038287619636
29,31,3.0473952282960877,0.0015425900466279755,1.745679016399088
29,32,2.7482205912713846,0.0013911479845703117,1.657775796442747
29,33,2.632004123879496,0.0013323192628513928,1.6223452542167145
29,34,2.394109221601584,0.001211896974009446,1.5472909298517794
29,35,2.337244201175383,0.0011831119271286706,1.5288048276923327
29,36,2.183502676260456,0.0011052880387517833,1.4776679858007535
29,37,1.9467091710444628,0.000985423276590106,1.395245201046921
29,38,1.8870162076264636,0.0009552067262827081,1.3736870850475604
29,39,1.6507320187006806,0.0008355997797901534,1.2848081641633045
29,40,1.580378755082787,0.0007999869904817453,1.2571311606522158
29,41,1.4166142735318383,0.0007170894861193281,1.190216061701336
29,42,1.4016116717836946,0.0007094951760950422,1.183896816358459
29,43,1.2723018428172221,0.0006440386008393349,1.1279635822211735
29,44,1.1846609537790294,0.0005996748235870042,1.088421312626241
29,45,1.006919113870252,0.0005097019869274387,1.0034535932818478
29,46,0.9163011446177959,0.0004638312130558663,0.9572362010589632
29,47,0.8455981813973288,0.00042804140597134876,0.9195641257668379
29,48,0.8010204544011743,0.0004054761813076558,0.8949974605557126
29,49,0.7858252789691786,0.00039778439057420746,0.8864678668565368
29,50,0.742175415222294,0.0003756888498555655,0.8614960332017171
29,51,0.7095624562105722,0.0003591801851784545,0.8423553028328202
29,52,0.6946867362256682,0.0003516501026436832,0.8334786957239328
29,53,0.6244402239203238,0.00031609135080001675,0.7902153022564951
29,54,0.6128077467852137,0.00031020299628674883,0.7828203796435129
29,55,0.5773848767243118,0.00029227195594397836,0.7598584583488637
29,56,0.5375883234413237,0.0002721269591892375,0.7332041485434487
29,57,0.4872653710227443,0.00024665350408993353,0.6980439606663353
29,58,0.4782875519797541,0.0002421089362676995,0.6915833658929009
29,59,0.4443581596696446,0.00022493389366747354,0.6666019499443762
29,60,0.43437727073543453,0.0002198815723330267,0.6590730389990433
29,61,0.42282402853557105,0.0002140333265071131,0.6502492049480499
29,62,0.402460435083198,0.00020372528497658498,0.6343976947335149
29,63,0.3740204898793585,0.00018932899794734463,0.6115721460950936
29,64,0.3686615527211064,0.00018661630645132012,0.6071750593701181
29,65,0.35760013566383747,0.00018101702228374443,0.597996768940968
29,66,0.33489644568781246,0.0001695244249817772,0.57870238092461
29,67,0.2807291496622146,0.00014210496493735142,0.5298387959202446
29,68,0.26741035550325387,0.00013536299753124395,0.5171173517715818
29,69,0.24094426892929813,0.00012196587682202569,0.490860742909125
29,70,0.2272437483154784,0.00011503067966208371,0.4767009002671155
29,71,0.2135557090378328,0.00010810180054870561,0.462120881412897
29,72,0.2102534470987034,0.00010643019709164182,0.4585340195652918
29,73,0.20058049713974818,0.00010153375432318678,0.4478621407752035
29,74,0.19654079061540997,9.948885676021902e-05,0.4433292124543678
29,75,0.1813841380203426,9.181656626889936e-05,0.42589216712724665
29,76,0.17231054361553624,8.722351700307776e-05,0.4151030518022437
29,77,0.16753199235277622,8.480461657730111e-05,0.4093067216071295
29,78,0.16405412979264697,8.304412416759316e-05,0.40503596111042656
29,79,0.1572328543606122,7.959119771779747e-05,0.39652598194899186
29,80,0.15323121939328813,7.756557195927579e-05,0.39144759469600543
29,81,0.14356036743888212,7.267019119974737e-05,0.3788936096569618
29,82,0.13792867064419573,6.98194289026733e-05,0.37138749392540904
29,83,0.1316957312770776,6.6664317895189e-05,0.36289906486112306
29,84,0.12256071130556913,6.204017503608377e-05,0.3500867196932342
29,85,0.12059205025962833,6.104363973063521e-05,0.3472636610122463
29,86,0.11699246093605942,5.922152928991288e-05,0.3420416070247294
29,87,0.11234904622372051,5.687103492308113e-05,0.33518509248431755
29,88,0.10697760946432207,5.415201613477232e-05,0.3270743179528501
29,89,0.10374408476123247,5.2515207434608845e-05,0.3220932858058865
29,90,0.09510737141993866,4.8143307159859054e-05,0.30839483040404336
29,91,0.0924618130656868,4.680412675189987e-05,0.30407534110099554
29,92,0.089717241490998,4.54148258978258e-05,0.2995283650858429
29,93,0.08464607362824253,4.284780308528428e-05,0.29093998286286216
29,94,0.08166691014690979,4.13397519172213e-05,0.28577422932607094
29,95,0.08081075262857797,4.090636537980692e-05,0.2842723212494983
29,96,0.07583058313852893,3.8385405901188365e-05,0.275373533838183
29,97,0.07284329043176221,3.68732397229932e-05,0.2698949618495355
29,98,0.07205743473148561,3.647543993316733e-05,0.26843515926846395
29,99,0.07104231085131675,3.5961584697357165e-05,0.2665376349623384
29,100,0.06065317937983987,3.0702611180498794e-05,0.2462786620473643
29,101,0.060232032908130714,3.0489427032476656e-05,0.24542215243969057
29,102,0.0561570639565352,2.8426679645238667e-05,0.23697481713577753
29,103,0.05366799217181373,2.7166712665963468e-05,0.23166353224410122
29,104,0.050124546866512625,2.5373022301164807e-05,0.22388511979699013
29,105,0.04807798601464899,2.4337054150204453e-05,0.21926692868430706
29,106,0.044997197414698605,2.2777560394382814e-05,0.21212542849620505
29,107,0.04362305886500155,2.208197209990494e-05,0.20886133884709623
29,108,0.04245422240194027,2.149030762615622e-05,0.206044224383845
29,109,0.04209496281527712,2.1308450590548756e-05,0.2051705700515479
29,110,0.040204602493818804,2.035155107540036e-05,0.20051085380552047
29,111,0.03935852964042805,1.99232693906868e-05,0.19838984258380782
29,112,0.03808717655399946,1.927971104988994e-05,0.19515936194300149
29,113,0.035920983464000564,1.818318511564971e-05,0.18952831836957917
29,114,0.033534649260622613,1.6975223852247393e-05,0.18312468228128784
29,115,0.0327918791451667,1.6599233965410283e-05,0.18108528141504682
29,116,0.030244548322565193,1.5309776288267804e-05,0.17390959813237794
29,117,0.029214220225198807,1.4788224684786689e-05,0.17092167862854263
29,118,0.027455715385347194,1.3898070353076009e-05,0.16569766258263027
29,119,0.027310107718233348,1.3824363819733392e-05,0.16525770093473208
29,120,0.026843136787159202,1.3587983351702552e-05,0.16383875239746915
29,121,0.025758431139077102,1.3038905857350703e-05,0.16049433366657248
29,122,0.024216659279340753,1.2258461659329758e-05,0.15561702760090476
29,123,0.022658333293165026,1.146963777020774e-05,0.1505268523990488
29,124,0.02136873648398779,1.0816844465444215e-05,0.14618049282988407
29,125,0.020352637308462214,1.0302495535578282e-05,0.14266266963877486
29,126,0.01968933366338469,9.966731539071416e-06,0.14031868608059545
29,127,0.0184588553701913,9.343863999591409e-06,0.13586337022976908
29,128,0.017345128727927515,8.780096091488093e-06,0.13170090632918027
29,129,0.016497237080004234,8.350893733828443e-06,0.12844157068490028
29,130,0.016077800627000705,8.13857519647943e-06,0.12679826744479084
29,131,0.015188610347382942,7.68846749067205e-06,0.1232420802623152
29,132,0.014138245391333381,7.156773238648547e-06,0.11890435396289482
29,133,0.012995289515365624,6.5782095060444755e-06,0.11399688379673202
29,134,0.01256956648619136,6.362708706762945e-06,0.11211407800178959
29,135,0.011603311794955412,5.873591031652068e-06,0.10771866966759018
29,136,0.011498899986318362,5.820737822702208e-06,0.10723292398474622
29,137,0.01060727140067426,5.369395847518826e-06,0.10299160839929757
29,138,0.010310284158367362,5.219061043649533e-06,0.10153956942181389
29,139,0.009876109573934505,4.999282071028562e-06,0.09937861728729427
29,140,0.009553359784998867,4.835906278042966e-06,0.09774129007230704
29,141,0.009147296985130204,4.6303574776881384e-06,0.09564150241987107
29,142,0.008883761531840341,4.496955953854343e-06,0.09425370831877301
29,143,0.008359880934479678,4.2317678392290095e-06,0.09143238449520869
29,144,0.00787337882986581,3.985500700240106e-06,0.08873206201743432
29,145,0.007617154135093681,3.8557998789663335e-06,0.08727630912850108
29,146,0.0070449692538461055,3.566160158313151e-06,0.08393431511513098
29,147,0.006818178708904597,3.4513588899880978e-06,0.08257226355686634
29,148,0.006433655854201098,3.2567135998534636e-06,0.08021007327138592
29,149,0.006367379858973055,3.2231647219068684e-06,0.07979586367082604
29,150,0.006040539997271098,3.057718535990049e-06,0.07772091093953479
29,151,0.0055793540963644086,2.8242664475382345e-06,0.0746950741104419
29,152,0.005330718303777781,2.6984071250196903e-06,0.07301176825538319
29,153,0.004960186021822213,2.5108438563003257e-06,0.0704285881004455
29,154,0.004781581060529849,2.420434107997994e-06,0.0691489772920023
29,155,0.004649987701664246,2.35382161096986e-06,0.06819081830909676
29,156,0.004342228656901211,2.1980341257093282e-06,0.06589558905496794
29,157,0.004169247298971455,2.1104710428125186e-06,0.06456970883449495
29,158,0.0041117669591338385,2.0813745215319895e-06,0.06412306105555035
29,159,0.003863284422993487,1.955592777355241e-06,0.06215532497697592
29,160,0.0036273187133164858,1.8361470449102329e-06,0.060227225681717116
29,161,0.0033553856290855014,1.6984946442014115e-06,0.05792569057927149
29,162,0.0032669113507999294,1.6537090056998287e-06,0.05715690116512554
29,163,0.003063536267049849,1.550760632934797e-06,0.055349221015745555
29,164,0.0029126657525256694,1.4743900486818413e-06,0.0539691185079548
29,165,0.0028569580669429284,1.4461908441603241e-06,0.05345051980049332
29,166,0.0026457812556077197,1.3392932405217993e-06,0.051437158315829616
29,167,0.002505365934506205,1.2682150703146554e-06,0.050053630582668075
29,168,0.002343269222396048,1.1861617900671634e-06,0.04840732612318148
29,169,0.0023314220123490043,1.1801647378537887e-06,0.04828480104907759
29,170,0.0022731950590948818,1.1506902812092189e-06,0.04767803539466451
29,171,0.0022599989506990967,1.1440104172793461e-06,0.047539446259912375
29,172,0.002181678451681092,1.1043646171185105e-06,0.046708440903985356
29,173,0.0021087792695750145,1.067463085055985e-06,0.04592144672780916
29,174,0.0019737658039685638,9.9911933158699e-07,0.04442708412633631
29,175,0.0018803951937780314,9.518551721533515e-07,0.04336352377030759
29,176,0.0018542970135918312,9.386442854864304e-07,0.04306154913135187
29,177,0.0018307545102231664,9.267270812354039e-07,0.04278731716552425
29,178,0.0017163946193760218,8.688381576995799e-07,0.04142939318136366
29,179,0.0016280671230575418,8.241268201614423e-07,0.040349313786699544
29,180,0.0015853675316104942,8.025123068388216e-07,0.03981667404003622
29,181,0.0014623047478484574,7.402179829588853e-07,0.03824009346024742
29,182,0.001380426627692276,6.987713166332454e-07,0.037154093013990745
29,183,0.0013022914627342972,6.592193324873603e-07,0.03608727563469286
29,184,0.0011649506961440828,5.89697500343264e-07,0.03413137407348381
29,185,0.001154479498426143,5.84396984930631e-07,0.0339776323251951
29,186,0.0011176810607576428,5.65769632904938e-07,0.03343173732783929
29,187,0.0010100418222981442,5.112827004806595e-07,0.031781155144175365
29,188,0.0009309109263170557,4.712266777541841e-07,0.0305108329338459
29,189,0.0008684129195920593,4.3959021582995467e-07,0.029468846594192643
29,190,0.0008372512697158151,4.238162031619366e-07,0.02893529453307526
29,191,0.0008278916724785267,4.190783793953881e-07,0.0287731067575006
29,192,0.0008094807339520598,4.0975877087979456e-07,0.02845137490442351
29,193,0.0007545428170126428,3.81949222887359e-07,0.02746894277202242
29,194,0.0007037088206482832,3.562170775804868e-07,0.02652751063798266
29,195,0.0007008746077110861,3.5478240031042066e-07,0.026474036483148656
29,196,0.0006139840800913511,3.1079845565897444e-07,0.024778702147032462
29,197,0.0005797708187624724,2.9347971869353013e-07,0.024078430571000103
29,198,0.0005603581440764292,2.8365303180006117e-07,0.023671885097651797
29,199,0.0005443044018896201,2.7552663497481247e-07,0.023330332228445015
29,200,0.0005019530880684379,2.540884196243532e-07,0.02240430958696201
29,201,0.00045081673672211695,2.2820322236629623e-07,0.021232445377820167
29,202,0.0004254244459152656,2.153496565747552e-07,0.020625819884680114
29,203,0.00042145041690576216,2.1333800493923745e-07,0.02052925758291717
29,204,0.0004031176952419292,2.0405798976311535e-07,0.02007779109468791
29,205,0.0003761531077148432,1.9040852810337214e-07,0.019394666991594447
29,206,0.00035775442483844324,1.8109512339214e-07,0.018914397289854182
29,207,0.0003408369638698393,1.7253151252143018e-07,0.018461770334121247
29,208,0.00033159115004231565,1.678512858639618e-07,0.018209644423829798
29,209,0.00030636827510620437,1.5508347830736115e-07,0.017503378962537616
29,210,0.0002852277604122476,1.4438215960584034e-07,0.016888687350183482
29,211,0.0002696303174095287,1.3648674121526472e-07,0.016420423788974774
29,212,0.0002377777151702629,1.2036296878258133e-07,0.015420042644891191
29,213,0.00023188307162088224,1.1737910296062865e-07,0.015227707365880205
29,214,0.00022270688837391299,1.1273412327063819e-07,0.014923367192892929
29,215,0.00021357258009765557,1.0811034067133789e-07,0.014614122624969847
29,216,0.0001898860996306883,9.612025528014242e-08,0.013779916532065364
29,217,0.0001882457751853033,9.528992380912208e-08,0.013720268772342009
29,218,0.00018008541224819486,9.115915188732782e-08,0.013419590614031222
29,219,0.0001602715816619427,8.11294000638286e-08,0.0126598412968703
29,220,0.00015078687109284315,7.632824398693178e-08,0.012279530572983772
29,221,0.00014366986853639224,7.272562060435676e-08,0.011986236629417602
29,222,0.0001379822712715928,6.984656151532162e-08,0.011746585515442042
29,223,0.00012907022563729374,6.533528816196312e-08,0.011360907782272231
29,224,0.00012084057933931437,6.116944503513314e-08,0.010992751217930585
29,225,0.0001127624026386282,5.7080275747975035e-08,0.010618964292181616
29,226,0.00010587131090876198,5.3592008320702175e-08,0.010289378548229334
29,227,0.00010301205331726966,5.2144653458284906e-08,0.010149485372040775
29,228,9.790988330007097e-05,4.956193736958934e-08,0.009894942309082503
29,229,9.574371998740205e-05,4.846542650861969e-08,0.009784871996475071
29,230,9.34314417634662e-05,4.729495234755314e-08,0.009665994090804432
29,231,8.742652215732279e-05,4.4255264836977964e-08,0.00935021508615298
29,232,8.344033899022649e-05,4.223746077254196e-08,0.009134568352704275
29,233,7.855994037337446e-05,3.976700526351292e-08,0.00886340455882357
29,234,7.341715530606535e-05,3.716372985534942e-08,0.008568381136834738
29,235,6.719834688824059e-05,3.4015771927822375e-08,0.00819745978265466
29,236,6.531517263473613e-05,3.3062509996928585e-08,0.00808178028869482
29,237,6.408120667491711e-05,3.243787700222548e-08,0.008005073808211709
29,238,6.194914708957195e-05,3.1358629432158844e-08,0.00787077804855225
29,239,5.824710403703924e-05,2.948465696150616e-08,0.007631979038037201
29,240,5.4280374634118895e-05,2.74767003834443e-08,0.0073675216073058715
29,241,5.0136517657390466e-05,2.537908190993723e-08,0.00708071448777526
29,242,4.878836594247876e-05,2.469664813913618e-08,0.00698486692374871
29,243,4.743441057860444e-05,2.4011276563930655e-08,0.006887264375541601
29,244,4.26241994973116e-05,2.1576349952743817e-08,0.00652872112264811
29,245,4.072495710493417e-05,2.0614954337428947e-08,0.006381610855021965
29,246,3.942117203776247e-05,1.9954978943070336e-08,0.006278628197127337
29,247,3.827451768054455e-05,1.9374543040978315e-08,0.006186640257889944
29,248,3.564743285158428e-05,1.8044713922926115e-08,0.005970547114928772
29,249,3.508144401063751e-05,1.7758210634990217e-08,0.005922959058666327
29,250,3.334441744172684e-05,1.6878928594036126e-08,0.00577446252405597
29,251,3.2546617256500093e-05,1.6475082511486192e-08,0.005704964264261442
29,252,3.03119924132026e-05,1.5343916455567113e-08,0.0055056327895349685
29,253,2.8718774051735447e-05,1.4537430062307796e-08,0.0053589900216118565
29,254,2.7097563137291967e-05,1.3716773851756638e-08,0.005205531974475997
29,255,2.5875858910020346e-05,1.3098347740363707e-08,0.00508683191289238
29,256,2.383614821615857e-05,1.2065847136196551e-08,0.004882227792325812
29,257,2.334945963207501e-05,1.1819485601386857e-08,0.004832127857587691
29,258,2.278052046319093e-05,1.1531488858821863e-08,0.004772894348630706
29,259,2.1017128938259967e-05,1.0638860889397764e-08,0.004584444234393081
29,260,1.938175663409201e-05,9.811036189957287e-09,0.004402471650572211
29,261,1.936902697643437e-05,9.804592443174027e-09,0.0044010256732305445
29,262,1.773963507295551e-05,8.979795019779727e-09,0.00421184461643061
29,263,1.4668989429879867e-05,7.425435624008625e-09,0.0038300116749012485
29,264,1.335137577463066e-05,6.758460204799545e-09,0.0036539534445078335
29,265,1.1980326868501237e-05,6.064435886458015e-09,0.0034612608784229536
29,266,1.1066327521070275e-05,5.601769842067111e-09,0.0033266090123533114
29,267,9.406588512254987e-06,4.761610728071845e-09,0.0030670162230179003
29,268,8.603624401354903e-06,4.355150668748813e-09,0.002933193549930673
29,269,7.696028760454098e-06,3.895726177623866e-09,0.0027741717251197878
29,270,7.0909596879084805e-06,3.5894404946364403e-09,0.0026628855942207657
29,271,6.3376098017521945e-06,3.2080951327935053e-09,0.0025174609831638294
29,272,5.266586748697139e-06,2.6659437616779137e-09,0.002294904518427104
29,273,4.997530305571639e-06,2.529747515358204e-09,0.0022355156688271365
29,274,4.787900978771611e-06,2.423633247671352e-09,0.002188127276639001
29,275,4.287363894257153e-06,2.170261608387165e-09,0.0020705950580104148
29,276,4.2205405533721775e-06,2.1364356643237076e-09,0.00205439542283665
29,277,3.4358135723726855e-06,1.7392072316707238e-09,0.0018535947702701056
29,278,2.728195894496835e-06,1.3810114923804111e-09,0.0016517251267982923
29,279,2.0348230783367427e-06,1.0300264954625631e-09,0.001426472249409971
29,280,1.6314582126577933e-06,8.258433881392351e-10,0.0012772854859653708
29,281,7.931882432918636e-07,4.015115196884056e-10,0.0008906111627932044
29,282,6.463740137014924e-07,3.271942249815778e-10,0.0008039738886938384
29,283,4.99470531087027e-07,2.528317504354825e-10,0.0007067322909610307
29,284,1.999593338389667e-07,1.012193217493549e-10,0.0004471681270383285
29,285,1.8013024459049493e-07,9.118184599813989e-11,0.000424417535677421
29,286,1.3384462410438437e-07,6.77520864445042e-11,0.00036584781549762514
29,287,1.121781792911503e-07,5.6784542161317495e-11,0.0003349301110547547
29,288,6.87450260265987e-08,3.479870018799833e-11,0.00026219272687585883
29,289,5.8699454003829834e-08,2.9713636304219715e-11,0.0002422797020054091
29,290,5.306758032532405e-08,2.6862784468638578e-11,0.00023036401699337518
29,291,4.858423497416739e-08,2.459331713795793e-11,0.00022041831814567363
29,292,3.09984891561049e-08,1.5691420787401263e-11,0.0001760638780559627
29,293,2.6624623548515118e-08,1.3477372051973873e-11,0.00016317053517260743
29,294,1.9739341825421492e-08,9.992045647425934e-12,0.00014049676802482502
29,295,1.96647252800569e-08,9.95427478688103e-12,0.00014023097118702737
29,296,1.824051253392555e-08,9.233338957467352e-12,0.0001350574416088412
29,297,1.385661169352521e-08,7.014210391860594e-12,0.00011771411000183967
29,298,1.1607401953836863e-08,5.875661468174731e-12,0.00010773765337075457
29,299,8.184183204517554e-09,4.142829730073327e-12,9.046647558359701e-05
29,300,1.412407806365426e-29,7.149601743969351e-33,3.758201440004814e-15
29,301,1.412407806365426e-29,7.149601743969351e-33,3.758201440004814e-15
29,302,1.412407806365426e-29,7.149601743969351e-33,3.758201440004814e-15
29,303,1.3448266179475723e-29,6.807506082649566e-33,3.6671877753226275e-15
30,0,1471.8307256408668,1.0,38.36444611408937
30,1,647.7146935682529,0.4400741758439809,25.45023955817023
30,2,434.029650516643,0.29489101087195824,20.833378279017616
30,3,390.417280790817,0.2652596348135217,19.758979750756794
30,4,214.52804878890953,0.1457559249522389,14.646776054439746
30,5,209.37417123553783,0.1422542467608643,14.469767490721399
30,6,138.97120351226624,0.09442064300686152,11.78860481618865
30,7,114.73649501740863,0.0779549529837746,10.71151226566112
30,8,59.940845617186646,0.04072536642492438,7.742147351813103
30,9,50.21438955663244,0.034116959703207723,7.086211227209675
30,10,43.20552617734713,0.02935495599097139,6.573091067172821
30,11,28.453611430056874,0.019332122189301054,5.33419266900408
30,12,25.251995972858033,0.017156861541848006,5.025136413358152
30,13,20.344505309293268,0.013822584998988136,4.510488367049988
30,14,19.590596012733087,0.013310359453328384,4.426126524709058
30,15,17.15027934375672,0.011652344963982946,4.141289574970183
30,16,13.636689702639051,0.009265120957915417,3.692788878698463
30,17,12.541981728853656,0.00852134794467795,3.5414660423126545
30,18,9.555888407242646,0.006492518630552305,3.0912600031771262
30,19,8.759970695955415,0.005951751477494897,2.9597247669260422
30,20,8.196961930224743,0.005569228707775216,2.863033693518947
30,21,7.7138426189914515,0.005240984907169048,2.777380531902579
30,22,5.811577814163001,0.003948536820789982,2.4107214302285116
30,23,5.620965611275865,0.003819029942338223,2.370857568745087
30,24,5.142998169696953,0.003494286455704735,2.2678179313377327
30,25,4.685465384993209,0.0031834268053841965,2.1645935842539146
30,26,4.526252613717132,0.003075253515818746,2.12749914540926
30,27,4.017995733491574,0.0027299305983315794,2.004493884623142
30,28,3.722193711434452,0.0025289550262743215,1.9292987615800856
30,29,3.697538672165854,0.0025122037526128325,1.9228985080252816
30,30,3.36880635189767,0.002288854481163803,1.8354308354982134
30,31,3.247937150685893,0.002206732808402047,1.8022034154572821
30,32,2.9281391124816003,0.00198945372009857,1.7111806194793115
30,33,2.9077140530929593,0.001975576404567093,1.7052020563830432
30,34,2.596820411328228,0.0017643471943402434,1.6114652994489915
30,35,2.304309303584283,0.0015656075548911624,1.5179951592756424
30,36,2.210093594387956,0.0015015949564618808,1.4866383535977927
30,37,2.130281284166272,0.0014473684011717459,1.4595483151188493
30,38,2.058929677706891,0.0013988902676361705,1.4348970965567152
30,39,1.9219103351128184,0.0013057957696024978,1.386329807481906
30,40,1.625901915045648,0.0011046799653796433,1.2751085895113592
30,41,1.5742892438455318,0.001069612976832001,1.25470683581685
30,42,1.4865914730800402,0.00101002883496181,1.2192585751513254
30,43,1.3926333411166025,0.0009461912411906063,1.180098869212492
30,44,1.2446376384726832,0.0008456391192205484,1.1156332903210997
30,45,1.2143753852333676,0.0008250781588382743,1.101987016817062
30,46,1.0763646643441063,0.0007313100926571797,1.0374799585264798
30,47,1.0001894178172763,0.0006795546528502945,1.0000947044241741
30,48,0.9328887902873144,0.000633828859552524,0.9658616827927871
30,49,0.8674489307437384,0.0005893673203255302,0.9313693846931723
30,50,0.8502219658133559,0.00057766287318343,0.9220748157353371
30,51,0.8382569671515561,0.0005695335425115282,0.9155637428118023
30,52,0.7148298973344981,0.00048567398742355085,0.8454761364666055
30,53,0.6792075766226796,0.00046147125806667613,0.8241405078156756
30,54,0.6310909301531633,0.00042877955946895506,0.7944123174732145
30,55,0.5909675784015811,0.0004015187127882937,0.7687441566617473
30,56,0.5609325733787294,0.00038111215074307353,0.7489543199546481
30,57,0.5401830636700642,0.0003670143952422632,0.7349714713307341
30,58,0.5188076038210989,0.000352491352968052,0.7202830025907171
30,59,0.4655489449199081,0.0003163060376506259,0.6823114720711562
30,60,0.4581807142755801,0.00031129987049025514,0.6768904743572479
30,61,0.4162449733125266,0.00028280763953428446,0.6451704994127727
30,62,0.3871304732489723,0.00026302649245238944,0.622198098075663
30,63,0.36845944058360586,0.0002503409082067985,0.6070086000903165
30,64,0.34706419225477925,0.00023580442112571063,0.5891215428540865
30,65,0.3282388518255968,0.0002230139961799442,0.5729213312712286
30,66,0.324408865992731,0.00022041180438835885,0.5695690177605617
30,67,0.30996156318938617,0.00021059593184835995,0.5567419179380929
30,68,0.2959497425599821,0.0002010759372013512,0.54401263088276
30,69,0.28406702921596344,0.00019300251331026843,0.5329793891099012
30,70,0.27132669411061755,0.00018434639893285016,0.5208902898985712
30,71,0.26301507734037427,0.00017869927075061696,0.5128499559718946
30,72,0.2417074955641878,0.0001642223466009946,0.49163756524922686
30,73,0.23823518265782204,0.00016186316707995704,0.48809341591320615
30,74,0.22777441402975218,0.00015475584933897496,0.4772571780809087
30,75,0.22418394393938712,0.00015231639076006693,0.47348066902397096
30,76,0.2217938285802514,0.00015069248434372614,0.4709499215205916
30,77,0.2039492501945809,0.0001385684145884215,0.4516074071520317
30,78,0.1996597135118053,0.00013565399202063075,0.4468329816741433
30,79,0.19278613758526175,0.00013098390611550694,0.4390741823260185
30,80,0.17378704362079506,0.00011807542850766648,0.4168777322198861
30,81,0.1727412271728987,0.00011736487366621827,0.41562149508043816
30,82,0.15813372439206333,0.00010744015710312645,0.39766031281995357
30,83,0.14626417196158956,9.937567507833007e-05,0.38244499207283333
30,84,0.14075042400255916,9.562949159202624e-05,0.375167194731308
30,85,0.13607048039433495,9.244981642511025e-05,0.36887732431573367
30,86,0.12474434236275861,8.47545442485869e-05,0.35319165103773137
30,87,0.12424900722032663,8.441800069517229e-05,0.35248972640394305
30,88,0.1166744945420497,7.927168016637722e-05,0.3415764841760183
30,89,0.10643855863090833,7.23171196093645e-05,0.3262492277859188
30,90,0.10372404072363747,7.047280568115181e-05,0.32206216903516854
30,91,0.09866942443511288,6.703856816968547e-05,0.31411689613122196
30,92,0.09509463300287486,6.460976207808722e-05,0.3083741769391122
30,93,0.09235826496191805,6.275060260187411e-05,0.30390502622022897
30,94,0.09025381585015427,6.132078524917042e-05,0.30042272858449687
30,95,0.08259865525786281,5.611967043417821e-05,0.2873998177763215
30,96,0.07865165057903083,5.3437973001130415e-05,0.2804490160065298
30,97,0.07361103521511879,5.00132480812744e-05,0.2713135367340133
30,98,0.07232554165717622,4.913985038984977e-05,0.2689340842235811
30,99,0.06792180507627192,4.614783744693012e-05,0.26061812115866373
30,100,0.06339061051588349,4.3069226244262464e-05,0.25177492034728854
30,101,0.06082246717141752,4.1324362993532496e-05,0.24662211411675458
30,102,0.06049211503925095,4.109991317983349e-05,0.2459514485406641
30,103,0.05581849040324367,3.79245312866662e-05,0.23625937103794142
30,104,0.05426329670544931,3.68678923194934e-05,0.2329448361854139
30,105,0.05159775363322651,3.505685316547508e-05,0.22715138923904143
30,106,0.048658532487797605,3.305987002453059e-05,0.22058679128134034
30,107,0.045655897351688284,3.1019801772251166e-05,0.21367240662211928
30,108,0.04327335746075633,2.9401042325647997e-05,0.20802249267989345
30,109,0.04154396191372785,2.8226046100266532e-05,0.20382335958797226
30,110,0.03886544492608839,2.640619213134414e-05,0.19714320918075873
30,111,0.03554615511315741,2.41509804720783e-05,0.188536879981497
30,112,0.0337375707526459,2.292218131127534e-05,0.18367789946709948
30,113,0.033180518132012275,2.2543705301141042e-05,0.18215520341733935
30,114,0.030842495021370802,2.095519171061014e-05,0.175620314944971
30,115,0.029288303216563564,1.9899233455539396e-05,0.1711382576064264
30,116,0.028352662508411338,1.926353487155663e-05,0.16838248872258463
30,117,0.02727721017117572,1.853284463761866e-05,0.16515813686033068
30,118,0.02651738798246701,1.8016601719549487e-05,0.1628416039667597
30,119,0.025009593336909032,1.6992166898825485e-05,0.15814421689366018
30,120,0.024197159124101475,1.6440178005908602e-05,0.1555543606720862
30,121,0.023153357595251684,1.573099215276282e-05,0.15216227388959355
30,122,0.02131674611529771,1.4483150639497582e-05,0.14600255516701655
30,123,0.020227853495259997,1.3743328728548152e-05,0.14222465853451713
30,124,0.01904955561185956,1.2942762560935784e-05,0.1380201275606553
30,125,0.018525700126916116,1.2586841546502996e-05,0.13610914784435363
30,126,0.01821431530572952,1.2375278616227158e-05,0.13496042125649105
30,127,0.01731890934831212,1.1766916566285904e-05,0.13160132730452273
30,128,0.01620784438639887,1.101203019072837e-05,0.1273100325441749
30,129,0.015981562179609898,1.0858288185722703e-05,0.12641820351361546
30,130,0.015075616403395517,1.0242765109303768e-05,0.12278280174110508
30,131,0.014662712640260917,9.962227574693725e-06,0.12108968841425316
30,132,0.014163564675821158,9.623093491035823e-06,0.1190107754609689
30,133,0.013906367331788108,9.448346939307832e-06,0.1179252616354448
30,134,0.013268194417757388,9.01475569616209e-06,0.11518764872050036
30,135,0.012637133052433474,8.585996223805555e-06,0.11241500368026269
30,136,0.0121034019277659,8.223365443397588e-06,0.11001546222129824
30,137,0.011672811590284392,7.93081119107756e-06,0.10804078669782256
30,138,0.010711563532753883,7.277714309225225e-06,0.10349668367998022
30,139,0.010201102280570817,6.930893684210212e-06,0.10100050633819029
30,140,0.009571286625717263,6.50298057988273e-06,0.09783295265766674
30,141,0.009223222835630918,6.2664970060432245e-06,0.09603761156771298
30,142,0.009034018922513997,6.137946956216987e-06,0.09504745616014137
30,143,0.008548927382740674,5.808363172346661e-06,0.09246040981274457
30,144,0.00802380804710381,5.4515834649464e-06,0.0895757112564774
30,145,0.007664446834633018,5.207424129086416e-06,0.08754682652519746
30,146,0.007142339600624333,4.8526909217188715e-06,0.08451236359624746
30,147,0.007071500819611446,4.804561215103294e-06,0.08409221616541834
30,148,0.006688670229447195,4.544456174832743e-06,0.08178429084761446
30,149,0.00645478284393633,4.385547013992236e-06,0.0803416631887611
30,150,0.005743288868244429,3.902139538324747e-06,0.07578448962844857
30,151,0.005476558778928702,3.7209161920057692e-06,0.07400377543699174
30,152,0.005439312097311458,3.6956098296854515e-06,0.07375169216574938
30,153,0.005222920319618292,3.548587638937976e-06,0.07226977459227538
30,154,0.0051253918518858925,3.482324266368462e-06,0.07159184207635597
30,155,0.00489459682570002,3.325516134723174e-06,0.06996139525266788
30,156,0.00469247218843469,3.188187409521218e-06,0.06850162179419324
30,157,0.004307156702843839,2.9263940667962414e-06,0.06562893190387788
30,158,0.00415423676052108,2.8224962885675834e-06,0.06445336888418696
30,159,0.003962734727460436,2.692384836398205e-06,0.06295025597613116
30,160,0.0038156717620345935,2.592466440305605e-06,0.061771124014660714
30,161,0.0036207847447189846,2.4600551419677806e-06,0.0601729569218514
30,162,0.003540692806915039,2.405638600439833e-06,0.05950372095016444
30,163,0.0032966786304365657,2.239849034950076e-06,0.057416710376305656
30,164,0.003204069440383355,2.1769279473277976e-06,0.056604500177842354
30,165,0.0031277700703500233,2.1250881747886634e-06,0.055926470211788114
30,166,0.0030940054554919163,2.102147619010141e-06,0.05562378497991589
30,167,0.002877303016856722,1.9549143571546805e-06,0.053640497917680836
30,168,0.0028007849831394502,1.9029260188327214e-06,0.052922443094961615
30,169,0.0027740002277750397,1.8847277607736992e-06,0.05266877849138937
30,170,0.0024852385508814336,1.6885355819700715e-06,0.049852166962745297
30,171,0.0024612858722878454,1.6722615103826893e-06,0.049611348220823887
30,172,0.0023428480090517357,1.5917917517529805e-06,0.048402975208676334
30,173,0.0022145419876405184,1.5046173103066993e-06,0.04705892038328672
30,174,0.0021624092475706217,1.4691969734692569e-06,0.046501712307942186
30,175,0.0020599707610050684,1.399597606652839e-06,0.04538690076448345
30,176,0.0020352493323524522,1.3828012263205477e-06,0.045113737734225175
30,177,0.0019697153078360543,1.3382757089667345e-06,0.044381474827184984
30,178,0.001959490230829649,1.3313285262314693e-06,0.04426612961203689
30,179,0.0017802203349636231,1.2095279055874287e-06,0.04219265735840329
30,180,0.0016729263578512323,1.1366295924572468e-06,0.04090142244288372
30,181,0.0016530566490753481,1.1231295965475728e-06,0.04065779936341056
30,182,0.0016014269325376376,1.0880510269551152e-06,0.04001783268166378
30,183,0.0015275852350784729,1.0378810609578282e-06,0.03908433490643627
30,184,0.0014866568553013443,1.010073257340121e-06,0.038557189411332154
30,185,0.0014536928587527038,9.876766624230749e-07,0.0381273243062335
30,186,0.0012824519447806571,8.713311404898481e-07,0.03581133821544033
30,187,0.0012689908014251513,8.621852902769137e-07,0.03562289715092178
30,188,0.0012153039297371551,8.257090360768122e-07,0.03486120952774237
30,189,0.0011684203907157342,7.938551426876748e-07,0.03418216480440837
30,190,0.0011203044442235736,7.611639196727388e-07,0.03347094925787994
30,191,0.0010834935758602517,7.361536601897445e-07,0.03291646359893863
30,192,0.0009846198355954055,6.689762745418165e-07,0.03137865254588548
30,193,0.0009610121095217592,6.529365726505769e-07,0.0310001953142518
30,194,0.0008798474872446756,5.977912214474059e-07,0.029662223235028685
30,195,0.0008681590276316837,5.898497785835178e-07,0.029464538476475136
30,196,0.0008332729922875608,5.661473006175597e-07,0.028866468302990597
30,197,0.0007990634325915089,5.429044377664961e-07,0.028267710069821872
30,198,0.0007509408751251264,5.102087230840697e-07,0.027403300442193572
30,199,0.0007364445836610655,5.003595663763587e-07,0.027137512481085393
30,200,0.0007011291245350126,4.76365326746203e-07,0.026478842960654694
30,201,0.0006714625289065057,4.5620907160647596e-07,0.025912594021180235
30,202,0.000621609546665421,4.2233766141467037e-07,0.02493209872163635
30,203,0.000614235168830192,4.173273176932359e-07,0.024783768253237682
30,204,0.0006047361224760842,4.1087341902905925e-07,0.024591383094004375
30,205,0.0005713235104552031,3.881720231152509e-07,0.023902374577752794
30,206,0.0005072405027346014,3.446323642372243e-07,0.022522000415917797
30,207,0.00045066968551637197,3.0619668258395723e-07,0.021228982206322845
30,208,0.00044156212364433544,3.000087686388459e-07,0.02101337963404115
30,209,0.00043001101691403707,2.9216064688879284e-07,0.020736706993012104
30,210,0.0004000160374169318,2.717812792247262e-07,0.020000400931404646
30,211,0.000368723947583933,2.5052062112875284e-07,0.01920218601055445
30,212,0.0003547169111895646,2.4100387701521396e-07,0.018833929786148312
30,213,0.00033709455129599835,2.2903078827167447e-07,0.018360134838720503
30,214,0.0003172691541682046,2.155608988459313e-07,0.017812050813092933
30,215,0.00030615977108309675,2.0801289560644834e-07,0.01749742184103409
30,216,0.0002905942939195573,1.9743730638115757e-07,0.01704682650582088
30,217,0.00028182664276135206,1.9148033659824478e-07,0.016787693193567484
30,218,0.00026141391102693987,1.7761139679504558e-07,0.01616829957128887
30,219,0.0002446564787115733,1.6622596229946526e-07,0.015641498608239983
30,220,0.0002337508933043273,1.588164244923934e-07,0.01528891406556814
30,221,0.00022514382528549836,1.5296855906270464e-07,0.015004793410290538
30,222,0.00021396811464269406,1.453754911588272e-07,0.014627648978653202
30,223,0.0002047770300933231,1.3913082973869756e-07,0.014310032497982773
30,224,0.00020218479899026623,1.373696006395237e-07,0.014219170123121329
30,225,0.0001952019215938763,1.326252524785968e-07,0.01397146812592994
30,226,0.0001849034956728159,1.2562823458676264e-07,0.013597922476349684
30,227,0.00017811032851767618,1.2101278048813876e-07,0.013345798159633472
30,228,0.00017105562745813561,1.1621963346610685e-07,0.013078823626692717
30,229,0.0001656168439955527,1.1252438280457798e-07,0.012869220799860134
30,230,0.0001602840521566571,1.0890114560345651e-07,0.012660333809053263
30,231,0.00015173178199588032,1.0309051126094207e-07,0.012317945526583576
30,232,0.00014208735173552167,9.65378349970604e-08,0.011920039921725165
30,233,0.0001323185525997111,8.990065929089553e-08,0.011502980161667285
30,234,0.00012431395324569966,8.446212671064513e-08,0.011149616730888092
30,235,0.00012157254174159467,8.259954057465362e-08,0.011025993911733974
30,236,0.00011182978552572287,7.598005910430342e-08,0.010574960308470329
30,237,0.00010860859142244939,7.379149621649519e-08,0.010421544579497292
30,238,9.877133595506227e-05,6.710780950170414e-08,0.009938376927600516
30,239,9.158121263118026e-05,6.222265307805952e-08,0.00956980734556241
30,240,8.349566316460502e-05,5.672912089007328e-08,0.00913759613709235
30,241,8.208287514539328e-05,5.576923603742042e-08,0.00905995999689807
30,242,7.986295386946054e-05,5.426096389901528e-08,0.008936607514569527
30,243,7.854271689645147e-05,5.3363960629543376e-08,0.008862432899404738
30,244,7.103871681103825e-05,4.826554818666832e-08,0.008428446880121999
30,245,6.971049188995117e-05,4.73631176979253e-08,0.00834928092053149
30,246,6.45355019661112e-05,4.384709521403085e-08,0.008033399153914314
30,247,5.8237949118522855e-05,3.9568374340850095e-08,0.007631379240905464
30,248,5.801590106021504e-05,3.9417509126230304e-08,0.007616816990069739
30,249,5.513756166985908e-05,3.7461890630018606e-08,0.007425467101122937
30,250,5.33757803609561e-05,3.626489067736722e-08,0.007305873004710395
30,251,5.0459737643069536e-05,3.42836555617483e-08,0.007103501787363014
30,252,4.960564204684399e-05,3.3703360843513184e-08,0.00704312729168258
30,253,4.4546018053072895e-05,3.026572096711502e-08,0.006674280339712507
30,254,4.342858308247472e-05,2.9506506642307644e-08,0.006590036652589629
30,255,4.1895843861290535e-05,2.8465123829405166e-08,0.006472699889635741
30,256,3.904237410911715e-05,2.652640241092756e-08,0.00624838972128957
30,257,3.6009784646041e-05,2.4465982411368373e-08,0.006000815331772925
30,258,3.44191251459361e-05,2.3385247057503346e-08,0.005866781498056332
30,259,3.4133062127849e-05,2.3190888417543214e-08,0.005842350736462935
30,260,3.2045768579875574e-05,2.177272700019369e-08,0.005660898213170377
30,261,2.977010000150164e-05,2.0226578697451158e-08,0.0054561983103165925
30,262,2.767881375814627e-05,1.8805704539218883e-08,0.005261065838605926
30,263,2.7012414827209785e-05,1.8352935807511424e-08,0.005197346902719674
30,264,2.5762012639157118e-05,1.750338010367312e-08,0.005075629285040143
30,265,2.4774838868828124e-05,1.6832668619579623e-08,0.004977432959752258
30,266,2.3092742647402272e-05,1.5689808783783335e-08,0.004805490885164831
30,267,2.175913902247717e-05,1.4783723864035229e-08,0.004664669229696482
30,268,1.7920900835261944e-05,1.2175925208694633e-08,0.004233308497530264
30,269,1.727464945568622e-05,1.1736845246361102e-08,0.00415627831788082
30,270,1.53772357988494e-05,1.0447693155851073e-08,0.003921381873631973
30,271,1.3575977635339875e-05,9.223871603460786e-09,0.003684559354297319
30,272,1.1799728684959217e-05,8.017041959646113e-09,0.0034350733158055326
30,273,1.1158953439652257e-05,7.581682625081365e-09,0.003340501974202718
30,274,1.0060105970556484e-05,6.835097131279209e-09,0.0031717670107617433
30,275,7.318403698978433e-06,4.972313440318921e-09,0.0027052548306912665
30,276,5.328169324289972e-06,3.6200965447096316e-09,0.0023082827652369567
30,277,4.171044088449103e-06,2.8339156234375666e-09,0.002042313415822631
30,278,3.717764091729435e-06,2.5259454276650193e-09,0.0019281504328577258
30,279,2.6478707140361606e-06,1.7990320951366338e-09,0.0016272279231982717
30,280,2.6374003980598424e-06,1.7919182906794267e-09,0.0016240075117005593
30,281,1.1035618086458786e-06,7.497885384648183e-10,0.0010505055014829187
30,282,9.240197049438508e-07,6.278029727511719e-10,0.0009612594368555509
30,283,6.65563705857788e-07,4.522012581086641e-10,0.000815820878537555
30,284,2.725405132164746e-07,1.8517109914104056e-10,0.0005220541286269793
30,285,1.9530555251310678e-07,1.326956620151183e-10,0.000441933877987541
30,286,1.6965312909585108e-07,1.1526673967346377e-10,0.00041188970501318805
30,287,1.4359748452680245e-07,9.756385841468082e-11,0.0003789425873754525
30,288,9.517286601033162e-08,6.466291561408416e-11,0.00030850099839438384
30,289,6.426160237932811e-08,4.366100072503054e-11,0.00025349872263845456
30,290,4.978804866010586e-08,3.3827292631377205e-11,0.0002231323568201301
30,291,4.152302548438266e-08,2.8211821346712705e-11,0.00020377199386663187
30,292,3.836585092801929e-08,2.6066755000860556e-11,0.00019587202691558406
30,293,2.2592728781053675e-08,1.535008638389195e-11,0.00015030877812374657
30,294,2.0764151436528053e-08,1.4107703470782547e-11,0.0001440977148900289
30,295,1.883319793171123e-08,1.2795763536945356e-11,0.0001372340990122762
30,296,1.4996635910008402e-08,1.0189103711962898e-11,0.00012246075252916096
30,297,1.0369802074254115e-08,7.045512703058213e-12,0.00010183222512669609
30,298,8.897063700369287e-09,6.044896023281015e-12,9.432424767984788e-05
30,299,7.754139433704391e-09,5.2683636090883154e-12,8.805759157338106e-05
30,300,1.0083860243143001e-29,6.851236400675269e-33,3.1755094462374067e-15
30,301,1.0083860243143001e-29,6.851236400675269e-33,3.1755094462374067e-15
30,302,1.0083860243143001e-29,6.851236400675269e-33,3.1755094462374067e-15
30,303,1.0083860243138958e-29,6.851236400672521e-33,3.17550944623677e-15
31,0,2257.45026184939,1.0,47.512632655425335
31,1,1021.3906254567004,0.45245321357376794,31.959202515968705
31,2,549.9131321826903,0.24359922407866494,23.450226697895488
31,3,351.1273445932013,0.15554156409432665,18.738392262763668
31,4,268.5272852030793,0.1189515843343948,16.386802165251137
31,5,258.08289414061403,0.1143249525813174,16.064958578863937
31,6,136.03072093814887,0.060258568366732164,11.663220864673226
31,7,129.28672476655333,0.057271128826837006,11.370432039573226
31,8,65.09628777676792,0.02883620023744778,8.068227052876482
31,9,53.12585394810553,0.023533565654103403,7.288748448677971
31,10,48.877060930133545,0.02165144533022472,6.991213122923199
31,11,38.7868766578107,0.017181719266778,6.227911099061282
31,12,33.21922320823085,0.014715373255230169,5.7636119932062435
31,13,22.148827219192935,0.00981143531421497,4.706254053830173
31,14,20.118992322081258,0.008912263832381853,4.48541997165051
31,15,17.73117294499518,0.007854513228773919,4.210839933433136
31,16,17.006461821879558,0.0075334824023751525,4.123889162171985
31,17,15.573793794965917,0.006898842494189559,3.9463646302598443
31,18,14.383146580108209,0.006371412395294585,3.79251190902655
31,19,13.27298770123106,0.005879636829897337,3.643211179883903
31,20,10.230392637350105,0.004531835234752404,3.1984984973187194
31,21,8.727441598144077,0.003866061523319775,2.9542243648958144
31,22,7.386311711363847,0.003271970964849829,2.7177769796956937
31,23,7.215224884022417,0.003196183325036552,2.6861170644672985
31,24,6.242644681354748,0.0027653520375862167,2.498528503210389
31,25,6.0589698057344155,0.0026839881737951007,2.4614974722177587
31,26,5.488240198502938,0.0024311677166285652,2.3426993401849368
31,27,4.804239898236991,0.00212817087464916,2.1918576363981743
31,28,4.675325918516909,0.002071064863545079,2.1622501979458595
31,29,4.010928500784808,0.0017767516602996611,2.0027302616140816
31,30,3.6101251137005117,0.0015992047199050838,1.9000329243727625
31,31,3.4044591389157812,0.0015080992908019677,1.845117649071674
31,32,3.291264127596605,0.0014579564312970843,1.8141841493069564
31,33,2.794537267769744,0.0012379175368764724,1.6716869526827516
31,34,2.6692595933122574,0.0011824223277129913,1.6337868873608508
31,35,2.50176267171999,0.0011082249358931391,1.5816961376067118
31,36,2.378842719881504,0.0010537741451422564,1.5423497398066055
31,37,2.2407146806047895,0.0009925865116377404,1.4969016937009556
31,38,2.0235203849850105,0.000896374294123878,1.4225049683516084
31,39,2.0041286816527095,0.0008877842030551984,1.4156725192122328
31,40,1.8601774922832033,0.0008240170442378981,1.36388323997445
31,41,1.7379873254070544,0.0007698895319107622,1.3183274727498682
31,42,1.5206327005028681,0.0006736062921081183,1.233139367834337
31,43,1.513616208111083,0.0006704981428344166,1.2302911070600662
31,44,1.3700370104825177,0.0006068957680423624,1.170485801059764
31,45,1.2922140604832173,0.0005724219409488057,1.1367559370784994
31,46,1.222612479587697,0.0005415899965769726,1.1057180832326552
31,47,1.0695865023846232,0.0004738029096190925,1.0342081523487539
31,48,1.026679074297164,0.0004547958781851828,1.0132517329356827
31,49,0.9540582488373087,0.000422626475967496,0.9767590536244385
31,50,0.8647566478388603,0.00038306786309011236,0.929922925751839
31,51,0.7916642701978117,0.0003506895737978519,0.8897551743023536
31,52,0.7328062782175278,0.00032461679913921326,0.8560410493764465
31,53,0.6859954349688848,0.0003038806420509531,0.8282484138040258
31,54,0.6628410751856327,0.00029362377828985164,0.8141505236660066
31,55,0.6312128917219428,0.0002796132000732672,0.794489075898431
31,56,0.614168468940838,0.0002720629018145842,0.7836890129004221
31,57,0.5533574964657337,0.0002451250004562236,0.7438800282745422
31,58,0.5172986701151985,0.00022915174648915966,0.7192347809409654
31,59,0.48008793867958505,0.0002126682243206008,0.692883784396478
31,60,0.4455240851828333,0.00019735720990718213,0.6674759060691504
31,61,0.43871319071332976,0.00019434013591684588,0.6623542788518315
31,62,0.41739096535076425,0.00018489486674617655,0.6460580201117886
31,63,0.3983594882605225,0.00017646434784976,0.6311572611168491
31,64,0.3946365332714442,0.00017481516201740935,0.6282010293460559
31,65,0.36102015773948665,0.00015992385916123136,0.600849530031843
31,66,0.34324255329148945,0.00015204877781461817,0.5858690581448123
31,67,0.3297933410194683,0.00014609107743941563,0.5742763629294421
31,68,0.31165428979866994,0.000138055883252706,0.5582600557076155
31,69,0.3098445588416372,0.00013725421289583614,0.5566368284991905
31,70,0.2950639136967028,0.000130706717522527,0.5431978587004028
31,71,0.2792498632344451,0.00012370144669573936,0.5284409742198698
31,72,0.27058186756969527,0.00011986171839198098,0.5201748432687756
31,73,0.2591092839153474,0.00011477962030626319,0.5090277830485752
31,74,0.24443501161786957,0.00010827924572637939,0.49440369296544456
31,75,0.23984906874338277,0.00010624777555315403,0.48974388076154945
31,76,0.22980584333186044,0.00010179885121526207,0.47938068727459227
31,77,0.2103453334444516,9.317828038086148e-05,0.45863420439872515
31,78,0.19871390276684114,8.802581661491275e-05,0.4457733760183992
31,79,0.19241834295422228,8.523702435711066e-05,0.43865515265892213
31,80,0.18740488851245915,8.30161761167353e-05,0.4329028626752879
31,81,0.17122494520111178,7.58488229374488e-05,0.41379336050873483
31,82,0.1619501068334794,7.17402768824699e-05,0.40243025089259804
31,83,0.15050715679650398,6.667130582677943e-05,0.3879525187397344
31,84,0.1488115597815032,6.592019425473015e-05,0.3857610138174971
31,85,0.13689241099424332,6.0640277798234105e-05,0.369989744444685
31,86,0.1339607538629005,5.9341619227151746e-05,0.3660064942906075
31,87,0.12750812008679158,5.648324671496064e-05,0.35708279164192663
31,88,0.12486336645649218,5.5311679981023954e-05,0.3533601087509627
31,89,0.12051733165758122,5.338648372205942e-05,0.3471560623949713
31,90,0.11272401381869862,4.993421814146673e-05,0.33574397063640415
31,91,0.11149521218330635,4.938988648722883e-05,0.3339089878744002
31,92,0.10393086240930219,4.603904864072533e-05,0.32238309882700455
31,93,0.10106487466327539,4.476948013927854e-05,0.31790702204146953
31,94,0.0964959109881271,4.274553137178489e-05,0.31063790977298167
31,95,0.08975640435421066,3.976008059671657e-05,0.29959373216776525
31,96,0.08456649791154443,3.7461068064580216e-05,0.2908031944658525
31,97,0.07993262687378126,3.540836678647236e-05,0.28272358740257464
31,98,0.07563526605235601,3.350473201141216e-05,0.27501866491632165
31,99,0.07048521973234737,3.122337662252774e-05,0.2654905266339034
31,100,0.06784618573767888,3.0054343559311327e-05,0.26047300385582933
31,101,0.06401711065804386,2.8358148899191508e-05,0.2530160284607358
31,102,0.05868200412934981,2.59948159749377e-05,0.2422436874912323
31,103,0.055847188097760035,2.4739055846133183e-05,0.23632009668616852
31,104,0.052991919702398985,2.3474235777396917e-05,0.23019973871053587
31,105,0.05049321630410966,2.236736603124256e-05,0.22470695651027286
31,106,0.048398804457427086,2.1439588404387228e-05,0.2199972828410094
31,107,0.047637917698621746,2.1102532580095448e-05,0.21826112273747184
31,108,0.04579546719779986,2.028636819678253e-05,0.2139987551314256
31,109,0.044043134432794916,1.9510123955826646e-05,0.20986456211755933
31,110,0.03963722480908387,1.755840448799591e-05,0.19909099630340862
31,111,0.0371099840784593,1.6438893341577935e-05,0.19263951847546573
31,112,0.03551459505813648,1.5732171670990243e-05,0.1884531640969089
31,113,0.03398322241222007,1.5053807823158731e-05,0.18434538890956853
31,114,0.03273693612947147,1.4501730861016674e-05,0.180933513008153
31,115,0.03113654814138752,1.3792794759464275e-05,0.17645551320768507
31,116,0.030003388475470884,1.3290830359598248e-05,0.17321486216682125
31,117,0.029651260112145847,1.3134845366583801e-05,0.172195412575788
31,118,0.028273301366685683,1.252444044703918e-05,0.168146666237204
31,119,0.0255805993206436,1.1331633636830161e-05,0.15993936138625664
31,120,0.024884737765973997,1.1023382524311949e-05,0.1577489707287309
31,121,0.023344368579424204,1.0341033410100297e-05,0.15278864021721053
31,122,0.021519721759577032,9.532755659452381e-06,0.14669601821309614
31,123,0.02109194082146577,9.343258267044361e-06,0.14523064697737104
31,124,0.020670046866198222,9.156368676430783e-06,0.14377081367996156
31,125,0.01950596843913729,8.640707956576307e-06,0.1396637692429117
31,126,0.01926991855425116,8.536143134539985e-06,0.13881613218301092
31,127,0.017855290776184436,7.90949465329823e-06,0.13362369092411883
31,128,0.0176264856341016,7.808139090365297e-06,0.13276477557734054
31,129,0.016383359852019976,7.257462159364743e-06,0.1279974993975272
31,130,0.016134293266781632,7.147131230064755e-06,0.1270208379234747
31,131,0.015173071452400393,6.721331454705022e-06,0.12317902196559442
31,132,0.014498594650935198,6.422553309793587e-06,0.12041011025215116
31,133,0.013146312004290759,5.823522328027195e-06,0.11465736785872402
31,134,0.013025218838505782,5.769880762659649e-06,0.11412808085000721
31,135,0.012628290820560766,5.594050524158697e-06,0.11237566827637006
31,136,0.0120483234413618,5.3371379405238154e-06,0.10976485521951823
31,137,0.011487012075616518,5.088489553787961e-06,0.1071774793303916
31,138,0.011192261006519235,4.957921419429239e-06,0.10579348281685047
31,139,0.01006562420509341,4.458846502711986e-06,0.10032758446755015
31,140,0.00950145358984954,4.208931532367666e-06,0.097475399921465
31,141,0.009057849010082896,4.012424620448717e-06,0.09517273249246812
31,142,0.008646829440390497,3.830352139544675e-06,0.09298832959243056
31,143,0.008432487321611079,3.7354033726097966e-06,0.09182857573550338
31,144,0.008196824344391064,3.631009942020123e-06,0.09053631505860543
31,145,0.007677627779704308,3.401017470663784e-06,0.08762207358710651
31,146,0.007418211349320066,3.2861017913381546e-06,0.08612903894343688
31,147,0.006954363973443648,3.0806277732765487e-06,0.08339282926873058
31,148,0.006592857060340683,2.9204882923708633e-06,0.08119641039073515
31,149,0.006288237225400493,2.7855485153630487e-06,0.07929840619710142
31,150,0.006047005980311257,2.6786884665876615e-06,0.07776249726128436
31,151,0.005655496690607083,2.505258603560055e-06,0.07520303644539283
31,152,0.005384857122433667,2.3853713250905407e-06,0.07338158571762855
31,153,0.005222159301715661,2.3132998276726008e-06,0.07226450928163604
31,154,0.005083326998567991,2.2518002210172884e-06,0.07129745436246648
31,155,0.004914642973819225,2.1770769690371653e-06,0.07010451464648497
31,156,0.004638084220078799,2.0545676236866906e-06,0.06810348170305831
31,157,0.00446839252981076,1.979397998408205e-06,0.06684603600671292
31,158,0.004182655017856165,1.8528226683628341e-06,0.06467344909509748
31,159,0.00393768656766003,1.7443071212714678e-06,0.06275098857914535
31,160,0.0038219654321681763,1.6930452452303759e-06,0.06182204648964782
31,161,0.0036169113151781757,1.6022108554520547e-06,0.06014076250911835
31,162,0.0035483111166022207,1.5718225010615773e-06,0.05956770195837859
31,163,0.0034338758723512753,1.5211302460937112e-06,0.05859928218290114
31,164,0.003330406518036255,1.4752956352215966e-06,0.05770967438858285
31,165,0.0032480772106308823,1.4388255925381643e-06,0.05699190478156422
31,166,0.003032359087215145,1.3432672863104058e-06,0.055066860153954164
31,167,0.003001284783173438,1.3295020642956139e-06,0.05478398290717313
31,168,0.0029098200241816684,1.2889852207852555e-06,0.053942747651391176
31,169,0.0028633606746839785,1.268404767570916e-06,0.05351037913044514
31,170,0.002658137701014274,1.1774955780583292e-06,0.05155713045752521
31,171,0.0025081124251799865,1.1110377347252136e-06,0.05008105854691958
31,172,0.0024645311459343864,1.0917322022923987e-06,0.04964404441556294
31,173,0.0024094118324302707,1.067315578619388e-06,0.04908575997608951
31,174,0.002371836014163623,1.0506703311463101e-06,0.04870149909565026
31,175,0.0021801868518484123,9.657740366170103e-07,0.046692471040290985
31,176,0.0020580006789549785,9.116482935349307e-07,0.045365192372070665
31,177,0.001932656797086848,8.561237559686216e-07,0.04396199264235924
31,178,0.001926295841315699,8.533059947631376e-07,0.04388958693489492
31,179,0.0018416869346077724,8.158261405498218e-07,0.04291488010711171
31,180,0.0017936215580842455,7.945342532662677e-07,0.04235116950078528
31,181,0.0017221104216363385,7.628564184734328e-07,0.041498318298894214
31,182,0.001644542219918692,7.284954391736719e-07,0.040552955748239757
31,183,0.0015778117596054165,6.989353370349841e-07,0.039721678710817554
31,184,0.0015382530014706177,6.814116915295498e-07,0.039220568602081965
31,185,0.0014199578617477917,6.290095891567985e-07,0.03768232824213217
31,186,0.0013328352941074605,5.904162393440955e-07,0.03650801684709073
31,187,0.0012672675570046265,5.613711975945961e-07,0.03559870161964656
31,188,0.0012458253770462997,5.518727912196266e-07,0.035296251600507096
31,189,0.001129769141834178,5.00462473493714e-07,0.033612038644422894
31,190,0.001090897181008562,4.832430638426812e-07,0.03302873265822596
31,191,0.0010442092147619833,4.625613385193821e-07,0.03231422619779071
31,192,0.0009586021158732494,4.2463930748486384e-07,0.030961300293644797
31,193,0.0009025934026869385,3.9982869963544596e-07,0.030043192285223928
31,194,0.0008574725632661085,3.7984117646234835e-07,0.029282632451098186
31,195,0.0007893853894992212,3.496800805934596e-07,0.0280960030876141
31,196,0.0007685108308678219,3.404331177769686e-07,0.02772202789962924
31,197,0.0006986234075729352,3.0947455161231156e-07,0.0264314851563989
31,198,0.0006746603380893134,2.988594475329019e-07,0.02597422449447362
31,199,0.0006018722017420135,2.666159303323639e-07,0.02453308382046606
31,200,0.0005718336965389871,2.5330954404750385e-07,0.0239130444849456
31,201,0.0005472508909520898,2.4241991072873555e-07,0.023393394173400528
31,202,0.000531335953417361,2.353699491842049e-07,0.023050725659236
31,203,0.000527174400494861,2.33526474272341e-07,0.022960278754729023
31,204,0.00047494785070533547,2.1039128025626575e-07,0.02179329829799371
31,205,0.00043671876185629577,1.934566485192542e-07,0.02089781715529868
31,206,0.0004124497129359488,1.8270600238964032e-07,0.020308857991919407
31,207,0.00039877268970941895,1.7664738685437485e-07,0.019969293670769103
31,208,0.0003879230014051891,1.7184121748374102e-07,0.01969576100091563
31,209,0.0003712721790930579,1.6446527543375308e-07,0.019268424406086188
31,210,0.00035465084384322633,1.5710239549317146e-07,0.018832175759673293
31,211,0.00034676437413484935,1.5360886571683164e-07,0.01862161040659076
31,212,0.0003374286382927229,1.4947334344203376e-07,0.018369230748529534
31,213,0.0003199113418131345,1.417135727061605e-07,0.01788606557667545
31,214,0.0003079403876100548,1.3641070760858236e-07,0.017548230327017446
31,215,0.0002915865538805608,1.2916632486143102e-07,0.017075905653304625
31,216,0.000276721749134588,1.2258154866627578e-07,0.016634955639694023
31,217,0.0002577009565691017,1.1415576277547005e-07,0.01605306688982207
31,218,0.0002475432288524587,1.0965611647614411e-07,0.01573350656568518
31,219,0.00021870050733004495,9.68794356296812e-08,0.014788526205475817
31,220,0.00020982737472357465,9.29488362466405e-08,0.014485419383765685
31,221,0.0002018595357501752,8.941926170493082e-08,0.0142077280291458
31,222,0.00019491052583893117,8.634100566151699e-08,0.013961035987308792
31,223,0.0001923124691129607,8.519012461227427e-08,0.013867677134724499
31,224,0.00017967024663779576,7.958990267657237e-08,0.013404113049276918
31,225,0.00017784598006607676,7.878179336734468e-08,0.013335890673894893
31,226,0.00015502164165203452,6.867112169507329e-08,0.012450768717313583
31,227,0.00014967335600329936,6.630195071526458e-08,0.012234106260912538
31,228,0.00014743182044668255,6.530900057390445e-08,0.012142150569264184
31,229,0.00013808878351983985,6.117024408179528e-08,0.011751118394426968
31,230,0.00013291871060835738,5.888001736058861e-08,0.011529037713892578
31,231,0.00012514054767327542,5.5434465063587046e-08,0.011186623604701976
31,232,0.00011647408666335292,5.15954165776095e-08,0.010792316093561795
31,233,0.00010962355937273344,4.856078613352288e-08,0.010470126998882747
31,234,0.00010305669846922007,4.5651813557474384e-08,0.01015168451387355
31,235,9.989747753167369e-05,4.425234930750317e-08,0.00999487256205269
31,236,9.335406163447667e-05,4.1353762345132446e-08,0.009661990562739992
31,237,8.924777463180764e-05,3.9534769000266894e-08,0.009447104034137004
31,238,8.541141172405216e-05,3.7835345995211364e-08,0.009241829457637279
31,239,8.265809449712252e-05,3.661568801494029e-08,0.009091649712627655
31,240,7.606150832924269e-05,3.3693547811294935e-08,0.008721324918224449
31,241,7.386461739448175e-05,3.272037423937262e-08,0.008594452710584994
31,242,7.219100127908949e-05,3.197899971446009e-08,0.008496528778218167
31,243,6.350505263248571e-05,2.8131318641084894e-08,0.007969005749306856
31,244,5.942279318000795e-05,2.6322968963810756e-08,0.007708618110920267
31,245,5.868222925297449e-05,2.5994915699670726e-08,0.007660432706640957
31,246,5.5779862649357704e-05,2.470923217757219e-08,0.007468591744723881
31,247,5.246580439567311e-05,2.324117845798787e-08,0.007243328267838833
31,248,4.911636910198765e-05,2.1757453500547843e-08,0.007008307149518181
31,249,4.595936480861374e-05,2.0358971174391267e-08,0.0067793336552063686
31,250,4.448266236993385e-05,1.9704825006196126e-08,0.006669532395148392
31,251,4.1559190068368284e-05,1.840979213173069e-08,0.006446641766716085
31,252,3.952603472183939e-05,1.750914976503542e-08,0.006286973415073376
31,253,3.748277475724404e-05,1.6604031278428575e-08,0.006122317760231336
31,254,3.693708141261489e-05,1.636230132590147e-08,0.006077588453705539
31,255,3.457060948010126e-05,1.53140071630104e-08,0.005879677668044504
31,256,3.151464540887957e-05,1.3960283396481819e-08,0.005613790645266313
31,257,3.0293959192518937e-05,1.3419546691452225e-08,0.005503994839434257
31,258,2.7482275761291693e-05,1.2174033787471871e-08,0.0052423540286107816
31,259,2.6269163303885617e-05,1.163665208834542e-08,0.00512534518875418
31,260,2.544344467157851e-05,1.1270877193428954e-08,0.005044149548891122
31,261,2.4388331299074987e-05,1.0803485556795892e-08,0.004938454343119412
31,262,2.3395605517568787e-05,1.0363730228280737e-08,0.004836900403933162
31,263,2.2404304577939422e-05,9.92460607286424e-09,0.004733318558679462
31,264,2.0103100344723037e-05,8.905224041682233e-09,0.0044836481067009526
31,265,1.9911682299727984e-05,8.820430126959064e-09,0.004462250810939249
31,266,1.909427353493061e-05,8.45833631757975e-09,0.0043696994787892005
31,267,1.705377712785515e-05,7.55444202517403e-09,0.00412962191100531
31,268,1.5645760145896766e-05,6.930721978821876e-09,0.003955472177363502
31,269,1.3794750183763437e-05,6.1107659454973994e-09,0.0037141284554742366
31,270,1.26747309579704e-05,5.61462246684752e-09,0.003560158838868064
31,271,1.063233846391972e-05,4.709888250299389e-09,0.0032607266772791185
31,272,1.0026561364611337e-05,4.441542537640318e-09,0.0031664745956049194
31,273,9.385490270050385e-06,4.157562374092545e-09,0.003063574753462103
31,274,8.78221240419159e-06,3.890323765980503e-09,0.0029634797796157797
31,275,6.655697647359836e-06,2.948325267599576e-09,0.0025798638815565126
31,276,6.336645266805468e-06,2.806992195528705e-09,0.002517269406878308
31,277,4.391141176374467e-06,1.945177375813842e-09,0.002095504993163812
31,278,4.2820159225821935e-06,1.8968373279126876e-09,0.0020693032456800993
31,279,3.388330690848647e-06,1.5009547488646755e-09,0.001840741885992886
31,280,2.2969597195201992e-06,1.0175018065020143e-09,0.0015155724065580632
31,281,7.655984556748687e-07,3.391430006735391e-10,0.0008749848316827376
31,282,6.047169945095326e-07,2.6787610993215206e-10,0.0007776355152058917
31,283,3.7816927859890696e-07,1.6752053632805012e-10,0.0006149546963792593
31,284,1.903634476334634e-07,8.432675166783537e-11,0.0004363065982006958
31,285,1.6097361421489927e-07,7.130771248223361e-11,0.0004012151719649935
31,286,1.2319663102163854e-07,5.457335344377029e-11,0.00035099377632892375
31,287,9.103697321423171e-08,4.032734397419269e-11,0.0003017233388623288
31,288,7.784198232164732e-08,3.4482257986883033e-11,0.00027900176042750576
31,289,6.045410722019982e-08,2.6779818028271193e-11,0.0002458741694855314
31,290,5.3110887931660345e-08,2.3526936043388115e-11,0.00023045799602456918
31,291,3.596324869445234e-08,1.5930915202087273e-11,0.00018963978668637112
31,292,3.4675646597805585e-08,1.5360536258016143e-11,0.00018621398067225132
31,293,2.4743054974643016e-08,1.0960620215114976e-11,0.00015729925293733285
31,294,2.3041385398164455e-08,1.0206818634085017e-11,0.00015179389117538444
31,295,1.8726764418925522e-08,8.295537994969528e-12,0.00013684576872861478
31,296,1.3913064153335308e-08,6.16317638907233e-12,0.00011795365256462094
31,297,1.1900926478185522e-08,5.271844380941455e-12,0.00010909136756950809
31,298,9.020691644420993e-09,3.995964738124904e-12,9.497732173746e-05
31,299,8.233931341622093e-09,3.647447512255061e-12,9.074101245645264e-05
31,300,1.440499741807738e-29,6.381091828032681e-33,3.7953916027305245e-15
31,301,1.440499741807738e-29,6.381091828032681e-33,3.7953916027305245e-15
31,302,1.440499741807738e-29,6.381091828032681e-33,3.7953916027305245e-15
31,303,1.4404997417976037e-29,6.381091827987789e-33,3.795391602717174e-15
32,0,1712.9234130939096,1.0,41.38747894102647
32,1,783.6491319217162,0.4574922182342505,27.9937337974361
32,2,678.1887748618739,0.39592475044574144,26.042057807743877
32,3,373.4674563493675,0.21802927877248443,19.32530611269502
32,4,336.2375266293219,0.1962945477066043,18.336780705165285
32,5,220.02111181627936,0.12844772284294587,14.833108636300057
32,6,134.75119409036165,0.07866737827289773,11.608238199242884
32,7,115.60404261834823,0.06748932365256329,10.751932041189074
32,8,71.96135889822128,0.042010844354239706,8.483004119898874
32,9,65.67911562510929,0.03834328792697078,8.104265273614216
32,10,40.57089266754485,0.023685176089843416,6.369528449386567
32,11,37.57380696389933,0.02193548565959112,6.12974770801371
32,12,30.16743296780524,0.017611664793183216,5.492488777212498
32,13,25.15488305260726,0.014685351872896704,5.0154643905233005
32,14,20.43185327081125,0.01192806001402416,4.520160757186767
32,15,19.31921087021372,0.01127850242604779,4.3953624276291166
32,16,14.807314278017625,0.00864446954535604,3.848027322930234
32,17,12.426155765823626,0.007254355723575116,3.525075285128479
32,18,11.789433284999701,0.006882638882088393,3.4335744181537264
32,19,11.12969382606324,0.006497484791780976,3.3361195761038362
32,20,9.610159282751505,0.005610384684621411,3.1000256906599186
32,21,8.386632452853835,0.00489609307032926,2.895968310056903
32,22,6.8755946543758695,0.004013953339546606,2.6221355141136145
32,23,6.6374129320926905,0.00387490350202178,2.5763177079103987
32,24,6.454169776296881,0.0037679266492360313,2.5405058111125984
32,25,6.330395397938719,0.0036956675059421702,2.5160277021405624
32,26,6.0130686056210765,0.0035104129931648118,2.452155909729452
32,27,5.3406656440920655,0.0031178659847060355,2.3109880233553928
32,28,4.748369814107107,0.002772085300375763,2.1790754493837765
32,29,4.142189636338662,0.002418198971813324,2.0352369975849647
32,30,3.6894922304129003,0.0021539154653440577,1.9208050995384462
32,31,3.184580743474652,0.0018591495212985684,1.7845393645068892
32,32,3.0420885749867352,0.0017759629833607484,1.744158414533134
32,33,2.854035313472661,0.0016661780040227582,1.6893890355606849
32,34,2.4954533277254183,0.0014568388222437165,1.579700391759595
32,35,2.2175910647296315,0.0012946235936632936,1.4891578374133587
32,36,2.2126303024775766,0.0012917275142389983,1.487491278118153
32,37,1.8861198171559097,0.001101111586623228,1.3733607745803393
32,38,1.865233270622812,0.0010889180779272542,1.3657354321473878
32,39,1.8073368198688629,0.0010551182884495824,1.344372277261348
32,40,1.7085478676214942,0.0009974455685298198,1.307114328443191
32,41,1.5891099769577979,0.0009277180548822799,1.260599054798074
32,42,1.4821965671573445,0.0008653022988810558,1.2174549548781444
32,43,1.4123118245625514,0.0008245037774407037,1.1884072637621126
32,44,1.2573611367306226,0.0007340439900109467,1.121321156819322
32,45,1.2074935592639713,0.0007049314347820007,1.0988601181515194
32,46,1.0765971343875962,0.0006285144602250659,1.0375919883979425
32,47,1.0158741461102927,0.0005930645458779763,1.0079058220440502
32,48,0.9954209124666381,0.0005811240040608079,0.9977078292098535
32,49,0.9262837828941214,0.000540761937056516,0.9624363786215281
32,50,0.8843634644646147,0.0005162889699004483,0.9404060104362448
32,51,0.8406116651421148,0.0004907467892121275,0.9168487689592624
32,52,0.8135798714320582,0.0004749657020348372,0.9019866248631729
32,53,0.7280198282788908,0.00042501598303448356,0.8532407797795947
32,54,0.7117724112608173,0.00041553078545129027,0.8436660543490044
32,55,0.6625781163082463,0.00038681129071117495,0.8139890148572315
32,56,0.6368818709274962,0.00037180989299290967,0.7980487898164473
32,57,0.5773153641311054,0.00033703512936888937,0.759812716484204
32,58,0.5382397262943577,0.0003142228789564972,0.7336482306217045
32,59,0.48143081164329077,0.00028105799007891585,0.693852154023673
32,60,0.457655623365383,0.00026717810023902826,0.6765024932440257
32,61,0.45330233789808505,0.0002646366640989063,0.6732773112901437
32,62,0.43086105160622135,0.0002515355025873534,0.656400069779263
32,63,0.4135882778219912,0.00024145170453065466,0.6431082940080863
32,64,0.38593113290443143,0.0002253055390301172,0.6212335574519711
32,65,0.36826215889063996,0.0002149904403638683,0.6068460751217231
32,66,0.34411019391046627,0.00020089058931650012,0.5866090639518505
32,67,0.3348106949962732,0.00019546156730471258,0.5786282874145311
32,68,0.31731358894847045,0.0001852468046865759,0.5633059461327126
32,69,0.3076948990515877,0.00017963143985277443,0.5547025320400004
32,70,0.28940024393497105,0.00016895107027129234,0.5379593329750596
32,71,0.2833583815945301,0.00016542384757455307,0.532314175646798
32,72,0.27267283991687863,0.00015918565759129452,0.5221808498182202
32,73,0.25288890126932,0.00014763584836087216,0.5028806033934099
32,74,0.23741221653769262,0.0001386006021768801,0.4872496449846758
32,75,0.22104682635767725,0.0001290465321846579,0.47015617230626383
32,76,0.21761947479423738,0.00012704565372316886,0.4664970254934509
32,77,0.19642539135492548,0.0001146726058231283,0.443199042592519
32,78,0.19288311833410002,0.00011260463652937726,0.4391846062125812
32,79,0.18142308251558376,0.00010591429898660471,0.42593788574812613
32,80,0.17820176866839854,0.0001040337047799047,0.4221395132754082
32,81,0.16978247413615782,9.911854367703107e-05,0.41204668926731813
32,82,0.16078696146793128,9.386698800357648e-05,0.40098249521385754
32,83,0.1529262633941303,8.927793398416596e-05,0.39105787729456404
32,84,0.14896978132415628,8.696815058128296e-05,0.3859660364904615
32,85,0.14029204962254346,8.190211456631661e-05,0.3745558030821889
32,86,0.13101957039656018,7.648886657454844e-05,0.3619662558810699
32,87,0.12552251620134017,7.327970138175611e-05,0.35429156947539714
32,88,0.12379172451643423,7.226926993358077e-05,0.35184048163398457
32,89,0.11392431709172213,6.650870448781491e-05,0.3375267650005287
32,90,0.10885467722608577,6.354906261072742e-05,0.32993132198396347
32,91,0.1021256866127301,5.962069630904808e-05,0.3195710978995599
32,92,0.10078856505697008,5.884008840472567e-05,0.3174721484744293
32,93,0.09633132681479134,5.623796491916481e-05,0.3103728835043283
32,94,0.09228024729665062,5.3872955784971474e-05,0.3037766404723224
32,95,0.08848544830128854,5.165756251849271e-05,0.2974650371073692
32,96,0.08302682539467295,4.847083340679463e-05,0.288143758208768
32,97,0.08199335355673336,4.78674953765946e-05,0.2863448158370138
32,98,0.0776502002707543,4.5331974376193076e-05,0.2786578552109276
32,99,0.07452184546872177,4.350564940560841e-05,0.2729868961483715
32,100,0.0717704964004432,4.1899419350460146e-05,0.26790016125497795
32,101,0.0681087878640617,3.9761723929642904e-05,0.2609766040549645
32,102,0.06352299802214253,3.708455237202128e-05,0.2520376916696043
32,103,0.06278006621916367,3.665083081897358e-05,0.2505595063436302
32,104,0.05563117975895713,3.2477330471229416e-05,0.23586262900035082
32,105,0.05441528810929357,3.176749625425915e-05,0.2332708471054486
32,106,0.052466986397227036,3.0630083047589574e-05,0.22905673183128025
32,107,0.05052806295596398,2.9498144849745142e-05,0.22478448112795504
32,108,0.04809838247094777,2.8079704033043544e-05,0.21931343431479014
32,109,0.040869645533238644,2.385958719509779e-05,0.20216242364306639
32,110,0.0382404427703047,2.2324665818674404e-05,0.19555163709441223
32,111,0.037274053372678785,2.176049033351339e-05,0.19306489420057388
32,112,0.03563345467052325,2.0802713301794114e-05,0.18876825652244408
32,113,0.035326780736622675,2.0623677898601947e-05,0.18795419850756906
32,114,0.033425358773321326,1.95136329609436e-05,0.18282603417818077
32,115,0.031156216960814685,1.81889141818313e-05,0.17651123749159622
32,116,0.029986098257569392,1.7505802085691633e-05,0.17316494523306208
32,117,0.028406802692044292,1.6583813657340038e-05,0.16854317753040107
32,118,0.02713770194988621,1.584291611781385e-05,0.1647352480493662
32,119,0.02472349864389238,1.4433510835861834e-05,0.15723707782801224
32,120,0.02333675904477434,1.3623936053640081e-05,0.15276373602650054
32,121,0.023181116480420514,1.3533072350590626e-05,0.15225346130850528
32,122,0.021965760959405667,1.2823551124057999e-05,0.14820850501710645
32,123,0.021186606539895004,1.2368682906626524e-05,0.14555619718821663
32,124,0.020455958906594206,1.1942132818213001e-05,0.14302432977152596
32,125,0.019979884411635285,1.1664201831153267e-05,0.14135021900101635
32,126,0.019159051206989974,1.1185001653042146e-05,0.13841622450778657
32,127,0.018462554444356058,1.0778388749447178e-05,0.1358769827614525
32,128,0.016474695596349197,9.617882195090286e-06,0.12835379073618822
32,129,0.015623842838466307,9.121156683967717e-06,0.1249953712681646
32,130,0.01485706850189302,8.673515925068678e-06,0.12188957503368784
32,131,0.01461865037146523,8.534328073116118e-06,0.12090761089139604
32,132,0.013930751072079839,8.132734345032912e-06,0.11802860277102258
32,133,0.013323630605218378,7.778299078271704e-06,0.1154280321465214
32,134,0.012629603965390663,7.3731282256098484e-06,0.11238151078086939
32,135,0.011586373289658896,6.764093012618354e-06,0.1076400171388824
32,136,0.011420809633443125,6.667437403295619e-06,0.10686818812650996
32,137,0.01114892342168805,6.50871097707205e-06,0.10558846254060171
32,138,0.010555801284539909,6.162447896881654e-06,0.10274142925100813
32,139,0.00999105260271595,5.83274916224652e-06,0.09995525300211065
32,140,0.009486730626764068,5.538327373101278e-06,0.09739984921325119
32,141,0.009185659456042258,5.362562847717151e-06,0.09584184605923583
32,142,0.00877525992888683,5.1229727270974805e-06,0.09367635736346087
32,143,0.008297202867146502,4.843884322977384e-06,0.09108898323697824
32,144,0.007702179235218268,4.496511155339087e-06,0.08776206034054959
32,145,0.0074609408042525275,4.355676819652116e-06,0.08637673763376646
32,146,0.006780443004559485,3.958404066830134e-06,0.08234344542560437
32,147,0.006369859122061187,3.7187063200659073e-06,0.07981139719401727
32,148,0.006243535043271547,3.6449586686391154e-06,0.0790160429487047
32,149,0.006134493804044195,3.5813006916427015e-06,0.07832300941641732
32,150,0.005734664562561623,3.3478814748661645e-06,0.07572756804864146
32,151,0.005345156203064849,3.120487560742919e-06,0.0731105751794147
32,152,0.0052602436119221566,3.0709158224540936e-06,0.07252753692165588
32,153,0.005050574721501789,2.9485116981262813e-06,0.07106739562909133
32,154,0.005009176938019845,2.924343785442333e-06,0.0707755391220713
32,155,0.004709966179025295,2.7496653633323155e-06,0.0686291933438336
32,156,0.004526475758801855,2.642544158250521e-06,0.06727908856994018
32,157,0.004174255191509564,2.4369187551531904e-06,0.06460847615839244
32,158,0.004045638846229444,2.3618328848235814e-06,0.06360533661753111
32,159,0.003842451938261017,2.2432129241089177e-06,0.0619875143739529
32,160,0.00359674281684399,2.0997686115735293e-06,0.0599728506646465
32,161,0.003456221654929715,2.0177327418784196e-06,0.05878963901003063
32,162,0.0032151870091852827,1.877017375445853e-06,0.056702619068128436
32,163,0.0030635384424888487,1.7884853572965276e-06,0.05534924066768079
32,164,0.003018643295488603,1.762275693363477e-06,0.054942181386331966
32,165,0.0029013785173048487,1.6938168368335468e-06,0.0538644457625329
32,166,0.002761963512052437,1.6124267383698927e-06,0.05255438623038459
32,167,0.0025700340110384134,1.5003788210217624e-06,0.05069550286799031
32,168,0.0024270358635355726,1.4168968939199807e-06,0.04926495573463527
32,169,0.0022670184954224947,1.323479192410459e-06,0.0476132176545809
32,170,0.0022504907484730014,1.3138303389806138e-06,0.047439337563598014
32,171,0.0021457943434776004,1.2527088643162582e-06,0.04632271951729087
32,172,0.0019955043491840826,1.1649699770171106e-06,0.04467106836850986
32,173,0.001985536516773832,1.1591507837396679e-06,0.04455935947445645
32,174,0.001880899348055646,1.0980638910518104e-06,0.04336933649545086
32,175,0.001750301648597911,1.0218213115766152e-06,0.041836606561693204
32,176,0.0017442159433618519,1.0182684935174196e-06,0.041763811408465246
32,177,0.0015881363395648578,9.271496480372935e-07,0.039851428325279104
32,178,0.0015597578811310502,9.10582381680329e-07,0.03949377015595055
32,179,0.0014987751966543254,8.7498085740285e-07,0.038714018089760785
32,180,0.0014222779248135805,8.303219594883342e-07,0.03771310017505297
32,181,0.0013528472218808127,7.897885051598882e-07,0.03678107151621351
32,182,0.0012674583076986616,7.399386907844048e-07,0.03560138069933049
32,183,0.001215715802883957,7.097315581016618e-07,0.034867116354581965
32,184,0.0011749537382539702,6.859347763434151e-07,0.03427759819844398
32,185,0.0011154710978835262,6.512089737093059e-07,0.03339866910347666
32,186,0.0010910947940448678,6.36978154250408e-07,0.03303172405498792
32,187,0.0010490780197739487,6.124488764381399e-07,0.03238947390393905
32,188,0.0010115492208723849,5.905396663621454e-07,0.03180486159178161
32,189,0.0009507007182053114,5.550164770578624e-07,0.030833435069828198
32,190,0.0009282141337812521,5.418888706207226e-07,0.030466606863601534
32,191,0.0009094560609926689,5.309379590707998e-07,0.030157189209086926
32,192,0.0008487961632513232,4.955248768059128e-07,0.029134106529140776
32,193,0.0007849630689382808,4.5825929106805073e-07,0.028017192381433954
32,194,0.0007806185199156652,4.557229552404211e-07,0.027939551175988227
32,195,0.0007184064677501441,4.194037294712125e-07,0.026803105561672216
32,196,0.0006678734259050568,3.8990267795962527e-07,0.025843247201252726
32,197,0.000598299949663649,3.492858729643902e-07,0.024460170679364627
32,198,0.0005863230264009617,3.4229377794651995e-07,0.024214108003413254
32,199,0.0005463658837923138,3.1896690746112167e-07,0.023374470770315074
32,200,0.0005160465083327758,3.0126653905715745e-07,0.022716657067728425
32,201,0.0005072328748692322,2.961211639655623e-07,0.022521831072744334
32,202,0.0004568763783940354,2.667231791576822e-07,0.021374666743461414
32,203,0.00043827625408803526,2.558644774995595e-07,0.02093504846156405
32,204,0.0004069493769041694,2.3757593234663712e-07,0.020172986315966444
32,205,0.0003784055538508083,2.2091212657740848e-07,0.01945264901885623
32,206,0.0003707848072506227,2.1646315557150642e-07,0.019255773348547254
32,207,0.00035615380325653757,2.0792161548731876e-07,0.018872037602138715
32,208,0.0003410974275913739,1.9913174458587047e-07,0.018468823124156392
32,209,0.0003229851822045665,1.8855786530536443e-07,0.017971788508786946
32,210,0.0003112455375458191,1.8170429288700213e-07,0.01764215229346519
32,211,0.00029761481803357905,1.7374671614536602e-07,0.017251516398090316
32,212,0.00029004206060426283,1.6932576108606294e-07,0.017030621263015123
32,213,0.0002768158644359048,1.616043439653356e-07,0.01663778424057437
32,214,0.0002702590472183378,1.5777649202084967e-07,0.016439557391193287
32,215,0.00024912619541411947,1.4543919098177528e-07,0.015783731986261026
32,216,0.00023175853223736785,1.35299996757451e-07,0.015223617580501943
32,217,0.0002267049805101873,1.3234974709155801e-07,0.015056725424546577
32,218,0.0002193915701268319,1.2808019812780967e-07,0.014811872607028185
32,219,0.00020753140346040037,1.2115626529125073e-07,0.014405950279672645
32,220,0.0001951603708188394,1.1393409029673872e-07,0.013969981060074469
32,221,0.00018337242766502268,1.0705232134915622e-07,0.01354150758464591
32,222,0.00017896638141635252,1.0448008360928442e-07,0.013377831715803295
32,223,0.00017012824640726817,9.932040458246748e-08,0.013043321908442963
32,224,0.00016728128573299372,9.765835673344413e-08,0.012933726676136067
32,225,0.00015805325621763862,9.227105836107424e-08,0.0125719233300891
32,226,0.00015486911120875024,9.041216322043446e-08,0.012444641867436372
32,227,0.000144573730472643,8.440174812691225e-08,0.012023881672431869
32,228,0.00014280670923555732,8.337016596534083e-08,0.01195017611734477
32,229,0.00013372482557738786,7.806818714436972e-08,0.011563945069801563
32,230,0.00013047365278342688,7.617016136627106e-08,0.011422506414243193
32,231,0.00012768731227228176,7.454350340255488e-08,0.011299881073368948
32,232,0.00012140875142672637,7.087809676641406e-08,0.01101856394575656
32,233,0.00011563534237010206,6.75075963619644e-08,0.010753387483491054
32,234,0.00011234449628053612,6.558640942248416e-08,0.010599268667249459
32,235,0.00010415758563867465,6.08069133987395e-08,0.010205762374201873
32,236,9.979672259413525e-05,5.8261053489765086e-08,0.00998983095923726
32,237,9.073355936069138e-05,5.297000360150777e-08,0.009525416492767724
32,238,8.756557899809535e-05,5.112054533712806e-08,0.009357648155284283
32,239,8.420709878138008e-05,4.915987377934421e-08,0.009176442599470673
32,240,8.156674358832795e-05,4.761844164474394e-08,0.009031430871591055
32,241,7.888329627542495e-05,4.605185244852523e-08,0.008881626893504644
32,242,7.78912146932565e-05,4.547267793635219e-08,0.008825599962226732
32,243,7.33498430649365e-05,4.2821437610249506e-08,0.008564452292174701
32,244,6.931122435056845e-05,4.046370305919131e-08,0.008325336290539167
32,245,6.639166654612307e-05,3.875927320428494e-08,0.008148108157488036
32,246,6.523495698389037e-05,3.808398932796531e-08,0.008076816017707125
32,247,6.313313561262185e-05,3.685695176446317e-08,0.007945636262290254
32,248,5.6548109438757333e-05,3.301263150850349e-08,0.007519847700502806
32,249,5.41461395815411e-05,3.161036808046279e-08,0.00735840604897155
32,250,5.315065701802406e-05,3.102920808468751e-08,0.007290449713016616
32,251,4.948444665457942e-05,2.8888884509553072e-08,0.007034518224767025
32,252,4.680764070148915e-05,2.7326172521014493e-08,0.006841610972679545
32,253,4.601161219675044e-05,2.686145325881414e-08,0.006783185991608253
32,254,4.17167650756956e-05,2.4354133265273147e-08,0.0064588516839834305
32,255,3.962774117925792e-05,2.3134566832548375e-08,0.00629505688451327
32,256,3.4912279131308434e-05,2.038169299598125e-08,0.005908661365428588
32,257,3.388640381177985e-05,1.9782789792436596e-08,0.00582120295229258
32,258,3.222312837436872e-05,1.8811774144745203e-08,0.005676541938043682
32,259,3.0268241738107012e-05,1.7670516677354554e-08,0.005501658089894992
32,260,2.8514686292062698e-05,1.6646795807734927e-08,0.005339914446137007
32,261,2.785386783216356e-05,1.6261011799618908e-08,0.0052776763667511445
32,262,2.5748524900132113e-05,1.5031918358582487e-08,0.005074300434555695
32,263,2.3270738090838498e-05,1.3585393201442975e-08,0.004823975341027201
32,264,2.2423275009745962e-05,1.3090646574352489e-08,0.0047353220597701655
32,265,2.1800494394237227e-05,1.2727068955675506e-08,0.004669099955477204
32,266,1.8644377457958068e-05,1.088453652710736e-08,0.004317913553784752
32,267,1.775652065951832e-05,1.0366208158394081e-08,0.004213848675441291
32,268,1.6612317030058624e-05,9.698225211396459e-09,0.004075821025273144
32,269,1.4864521761090418e-05,8.677867117387276e-09,0.0038554535091335778
32,270,1.4438650859717877e-05,8.42924485084745e-09,0.0037998224773952106
32,271,1.3030169722722546e-05,7.606977418323243e-09,0.003609732638675965
32,272,1.1745833038886207e-05,6.857185177748663e-09,0.003427219432555524
32,273,1.1356302214992687e-05,6.629778148972085e-09,0.0033699113066952796
32,274,1.045261677679207e-05,6.102209063692104e-09,0.0032330506919613974
32,275,9.025204539572427e-06,5.268889706674602e-09,0.0030041978196471064
32,276,6.938226969602752e-06,4.050517913740705e-09,0.002634051436400351
32,277,5.556981771157233e-06,3.244150747592459e-09,0.0023573251305573513
32,278,4.7702057350742795e-06,2.7848330512677493e-09,0.0021840800660860122
32,279,3.3207938970417454e-06,1.938670387512349e-09,0.0018223045566100485
32,280,2.322272215562355e-06,1.3557361629892311e-09,0.0015239003299305223
32,281,9.493727757794313e-07,5.542412279044392e-10,0.0009743576221179939
32,282,8.228830363804923e-07,4.8039686426738e-10,0.0009071290075730641
32,283,4.66851853232524e-07,2.7254683406381184e-10,0.0006832655803071921
32,284,2.1890488428010166e-07,1.2779607226263093e-10,0.0004678727223082167
32,285,1.8312394163418637e-07,1.0690725588450272e-10,0.00042792983260598504
32,286,1.6576116485402762e-07,9.677091432513446e-11,0.0004071377713428559
32,287,9.865780109789246e-08,5.7596154237681395e-11,0.00031409839397534726
32,288,6.833966181054509e-08,3.989650750765844e-11,0.0002614185567448208
32,289,6.047558074778696e-08,3.530547850855456e-11,0.00024591783332606637
32,290,4.523607191146182e-08,2.6408694963048994e-11,0.00021268773333566236
32,291,4.0038417872949033e-08,2.3374318762232928e-11,0.00020009602163198806
32,292,3.225025362727533e-08,1.882760979314563e-11,0.00017958355611601896
32,293,2.461615938799055e-08,1.4370846472072239e-11,0.00015689537720401628
32,294,1.846579631745499e-08,1.0780281346088775e-11,0.00013588891167955902
32,295,1.724346038589648e-08,1.0066684974987333e-11,0.00013131435712021927
32,296,1.1942445955470545e-08,6.971967260287434e-12,0.00010928149868788653
32,297,1.005952454033189e-08,5.872722892007306e-12,0.00010029718111857327
32,298,8.123426036732324e-09,4.742433885038481e-12,9.013005068639607e-05
32,299,6.579873439296282e-09,3.841312103622665e-12,8.111641904877386e-05
32,300,1.1193871092577112e-29,6.534951304307624e-33,3.3457243001444565e-15
32,301,1.1193871092577112e-29,6.534951304307624e-33,3.3457243001444565e-15
32,302,1.1193871092577112e-29,6.534951304307624e-33,3.3457243001444565e-15
32,303,1.1193871091039131e-29,6.534951303409756e-33,3.3457242999146136e-15
33,0,1343.1824613199628,1.0,36.64945376564244
33,1,603.8786939022459,0.449587983235581,24.573943393404445
33,2,476.66484438392746,0.35487720999238087,21.83265545882881
33,3,380.28288998758495,0.28312079776106963,19.50084331477962
33,4,252.74000394649048,0.1881650566655848,15.897798713862572
33,5,136.68042274719264,0.10175864164640373,11.691040276519136
33,6,107.63750833283531,0.08013617764712215,10.374849798085528
33,7,81.08681019456655,0.060369169885438716,9.00482149709624
33,8,43.97902131316876,0.03274240289733236,6.6316680641576715
33,9,38.68235374648493,0.02879903130098295,6.21951394776834
33,10,35.45693916017962,0.026397708562495396,5.954572962033434
33,11,27.412168043304334,0.020408372527710078,5.2356630949006195
33,12,24.74635840080637,0.018423675943838487,4.974571177579668
33,13,19.611472642176558,0.014600750982784655,4.428484237544101
33,14,17.86901361566389,0.013303489384535126,4.227175607384189
33,15,16.985184363287974,0.012645478073467706,4.121308574140982
33,16,15.99146107358499,0.011905650597812283,3.998932491751391
33,17,13.463038268035467,0.010023238581305749,3.669201312007215
33,18,11.013638824974374,0.008199659496857283,3.3186802836329945
33,19,8.18134012841022,0.006091011730729652,2.860304202075405
33,20,7.199957335435726,0.0053603717609298105,2.683273622915808
33,21,6.850750377082929,0.005100387009483885,2.617393813907821
33,22,6.174147330315491,0.004596655709938378,2.484783155592353
33,23,5.9357910734446655,0.0044191993600121065,2.4363478966364114
33,24,5.0200529182235,0.0037374318551555747,2.240547459489198
33,25,4.730022380366217,0.0035215039777380373,2.1748614623387432
33,26,4.202418953379919,0.0031287029680615,2.049980232436381
33,27,4.01943191524085,0.002992469028586706,2.0048520931083296
33,28,3.7032902216976984,0.002757101382978473,1.9243934685239654
33,29,3.3889754655603737,0.002523093893163244,1.840917017564989
33,30,3.153322383402773,0.0023476500581342927,1.7757596637503548
33,31,2.9710526298201434,0.00221195013736291,1.723674165792405
33,32,2.602654502597897,0.0019376775512987524,1.6132744659846001
33,33,2.285607153934438,0.001701635645010092,1.5118224611158673
33,34,2.068833334591682,0.0015402474303890274,1.4383439555932656
33,35,2.061804783589336,0.001535014670726994,1.4358985979481058
33,36,1.974223884011681,0.0014698106481167016,1.4050707754457357
33,37,1.8230376381327507,0.0013572524140474764,1.3501991105510145
33,38,1.6847926977358858,0.0012543289882449911,1.2979956462700042
33,39,1.5854435363045134,0.0011803634889235208,1.2591439696494255
33,40,1.4948115883953346,0.0011128879593367857,1.2226248764013166
33,41,1.3539067501319384,0.00100798423827053,1.1635749868968215
33,42,1.2819934984703039,0.0009544447872037223,1.132251517318614
33,43,1.136833158396229,0.0008463728429561597,1.0662237843887319
33,44,1.0410351432569813,0.0007750511737876197,1.0203112972308899
33,45,1.0155370562883068,0.0007560678355569989,1.007738585292985
33,46,1.0060541774166973,0.0007490078275947966,1.003022520892077
33,47,0.9600973711178262,0.0007147929628073956,0.979845585343847
33,48,0.9015240085759826,0.0006711850657207386,0.9494861813507254
33,49,0.7901210707752631,0.0005882455239914321,0.8888875467545166
33,50,0.748127680027138,0.000556981424021829,0.8649437438510889
33,51,0.7027430522315069,0.0005231925464101967,0.8382977109783295
33,52,0.6290946880340027,0.0004683613032110196,0.7931548953602964
33,53,0.6122612388895949,0.0004558287920822893,0.7824712383785074
33,54,0.5830603545005836,0.0004340887193595445,0.7635838883191444
33,55,0.5754439557210739,0.00042841830673963507,0.7585802236553981
33,56,0.5279233087298686,0.00039303916179122194,0.7265833116235664
33,57,0.5134027093367625,0.0003822285684345781,0.7165212553279647
33,58,0.4878981534497477,0.0003632404140910862,0.6984970676028266
33,59,0.4638163721623153,0.00034531151613349456,0.6810406538249499
33,60,0.4444747334893327,0.0003309116566728705,0.6666893830633068
33,61,0.42339325489786783,0.0003152164855412077,0.6506867563565958
33,62,0.40998898721247234,0.00030523700168744823,0.6403038241432518
33,63,0.3602091823015867,0.00026817591256187524,0.6001742932695358
33,64,0.3473658656643491,0.00025861405703807966,0.5893775238879992
33,65,0.3412312621926489,0.0002540468417502388,0.5841500339747049
33,66,0.3209503386418014,0.0002389476842382228,0.5665247908448503
33,67,0.30375785010553,0.00022614786810648438,0.5511423138405633
33,68,0.2911840836666221,0.00021678669283730202,0.5396147548637102
33,69,0.28218710664179786,0.00021008843903790178,0.5312128637766577
33,70,0.26884916535522024,0.0002001583352205319,0.5185066685735298
33,71,0.2605714095061952,0.00019399554193860473,0.5104619569627057
33,72,0.25058998225712475,0.00018656436446532122,0.5005896345881772
33,73,0.24899749854498363,0.00018537875956204085,0.4989964915157056
33,74,0.22064811182512745,0.0001642726272708279,0.4697319574237285
33,75,0.21885465415259522,0.0001629373971556507,0.46781903996373986
33,76,0.20449649512885504,0.00015224774073352155,0.45221288695575124
33,77,0.18974009642731668,0.0001412615946763157,0.43559166248599923
33,78,0.1849560970408457,0.00013769990479110854,0.43006522417052706
33,79,0.17113972487758783,0.0001274136089518371,0.4136903731990724
33,80,0.16364333246962207,0.0001218325411342906,0.4045285310946832
33,81,0.14753982352138678,0.00010984347083894877,0.38410912970324823
33,82,0.14211792706092383,0.00010580686626987572,0.376985314118367
33,83,0.13757871761411905,0.00010242742261458555,0.3709160519768847
33,84,0.13329892265485604,9.924111317226512e-05,0.36510124986756215
33,85,0.12759249754715823,9.499267688603634e-05,0.3572009204175687
33,86,0.12054829411656987,8.974826398351382e-05,0.34720065396909877
33,87,0.11786260410139208,8.774876645244978e-05,0.3433112350351967
33,88,0.11423178612045995,8.504562068819965e-05,0.337981931647921
33,89,0.10522335453575754,7.833883896336256e-05,0.32438149536580774
33,90,0.10320831394208829,7.683864025492422e-05,0.32126050790921734
33,91,0.09414837585930455,7.009351191705089e-05,0.30683607326926954
33,92,0.09292847092706226,6.918529209779901e-05,0.3048417145455363
33,93,0.09009785388521742,6.707789632443315e-05,0.30016304550230266
33,94,0.08591590073727216,6.396443015853668e-05,0.2931141428475811
33,95,0.07933834217262714,5.906743458715231e-05,0.281670627103053
33,96,0.07557185458700537,5.626328273579445e-05,0.27490335499408763
33,97,0.07492349468137385,5.578057846865091e-05,0.2737215641511897
33,98,0.07003120453896315,5.21382660626335e-05,0.2646340955715328
33,99,0.06710597485031625,4.996043112740642e-05,0.2590482095099602
33,100,0.06436969026871653,4.7923265916872975e-05,0.25371182524414687
33,101,0.062235875234448804,4.633463957926372e-05,0.24947119119138547
33,102,0.058859346006470664,4.3820811916073426e-05,0.24260945160168568
33,103,0.05639423198186743,4.1985533317973854e-05,0.2374746975613769
33,104,0.055042333697256536,4.0979044383266975e-05,0.23461102637612014
33,105,0.0528721880028043,3.936336985136488e-05,0.22993953118766747
33,106,0.051115556179308026,3.8055556598822846e-05,0.22608749673369385
33,107,0.04614649670809121,3.43560893899273e-05,0.21481735662671955
33,108,0.04499177779776816,3.349640059590575e-05,0.21211265355411535
33,109,0.0432426141030249,3.219414736887632e-05,0.20794858523929635
33,110,0.041829368715467836,3.1141985485993895e-05,0.20452229393263668
33,111,0.040748926506309596,3.033759573235128e-05,0.20186363344176086
33,112,0.037125729647384656,2.7640123897166377e-05,0.19268038210306895
33,113,0.0364574670166337,2.7142602041428143e-05,0.1909383853933873
33,114,0.03497929709082473,2.6042103808033735e-05,0.18702753030189093
33,115,0.03371185741186231,2.5098494346578374e-05,0.18360789038563216
33,116,0.031791859480933486,2.3669054947077863e-05,0.17830271865827926
33,117,0.030432067106155283,2.2656688858376914e-05,0.17444789223764007
33,118,0.02906352564737632,2.1637809072354336e-05,0.17048027935035864
33,119,0.027107134912208636,2.0181275212282107e-05,0.16464244565788203
33,120,0.025993608343288104,1.9352254136600212e-05,0.16122533406164213
33,121,0.02483071991338028,1.848648313124846e-05,0.15757766311689064
33,122,0.022612075508145753,1.6834701285426684e-05,0.1503731209629758
33,123,0.021772412861248508,1.6209572033759638e-05,0.1475547791880985
33,124,0.021430445505792265,1.5954977170214306e-05,0.14639141199466676
33,125,0.020430067034840974,1.5210194908861512e-05,0.1429337854911881
33,126,0.019566606753970647,1.4567348307051513e-05,0.1398806875661206
33,127,0.018132734140881842,1.3499829444662766e-05,0.13465784099294717
33,128,0.017904973703810275,1.3330261687764167e-05,0.1338094679154292
33,129,0.016884207388503034,1.2570300666307616e-05,0.12993924498973755
33,130,0.015363983045436286,1.1438492898677295e-05,0.12395153506688122
33,131,0.014835196595999352,1.1044811128207118e-05,0.12179982182252712
33,132,0.014444732288861097,1.0754110260393119e-05,0.12018624001465848
33,133,0.013100273523409946,9.753160051342644e-06,0.11445642630892311
33,134,0.012602448116067356,9.382528791868506e-06,0.11226062584925917
33,135,0.011892040669134539,8.853630099851122e-06,0.10905063351092711
33,136,0.011528152284428833,8.582715019298247e-06,0.10736923341641605
33,137,0.011276251643175143,8.395174868568358e-06,0.10618969650194478
33,138,0.010795809125112051,8.037485178672501e-06,0.10390288314148001
33,139,0.009926556906644502,7.3903264764859615e-06,0.09963210780990485
33,140,0.009715717063640222,7.233356110153836e-06,0.0985683370238142
33,141,0.008990211853781235,6.693217126246896e-06,0.09481672771078548
33,142,0.00891157715085141,6.634673551420473e-06,0.09440115015640121
33,143,0.00878294417994222,6.538906241607046e-06,0.09371736327886215
33,144,0.008297314034014017,6.177354360226041e-06,0.09108959344521204
33,145,0.007754943210667812,5.773559016730257e-06,0.08806215538281931
33,146,0.00722995927999853,5.382708223344098e-06,0.08502916723100686
33,147,0.006964967604777503,5.185421791416885e-06,0.08345638145029716
33,148,0.006602484010392074,4.9155525779451645e-06,0.08125567063529827
33,149,0.006241466336409579,4.6467747429310605e-06,0.07900295144113022
33,150,0.0061155021220170875,4.55299432365079e-06,0.07820167595401704
33,151,0.0057220762925709635,4.260088601028787e-06,0.07564440688227361
33,152,0.005421162440018774,4.036058090493028e-06,0.07362854364999198
33,153,0.005337926780962478,3.9740891015780745e-06,0.07306111675140531
33,154,0.005013184926331469,3.732318631829772e-06,0.07080384824521524
33,155,0.004718605854195134,3.513004368414771e-06,0.06869210911156487
33,156,0.004512621467357166,3.359648891575426e-06,0.06717604831602679
33,157,0.00428906900570857,3.1932139744392186e-06,0.06549098415590172
33,158,0.004037072621756344,3.0056025432233987e-06,0.06353796205227505
33,159,0.00394450530002554,2.936686126879012e-06,0.06280529675135323
33,160,0.0037613569461478406,2.8003320877578363e-06,0.06132990254474436
33,161,0.003603391386181173,2.6827266510315164e-06,0.06002825489868228
33,162,0.003240767330855881,2.412752864321305e-06,0.0569277377985098
33,163,0.0030306199518122315,2.2562980377468614e-06,0.05505106676361714
33,164,0.0029161777189291877,2.171095739340895e-06,0.05400164552056898
33,165,0.0028867663918433,2.1491989919273045e-06,0.05372863660882621
33,166,0.0027164664722359325,2.0224106184102685e-06,0.05211973208139056
33,167,0.0026568147750298306,1.9779999006381788e-06,0.05154429915160192
33,168,0.002642344667569841,1.967226898550458e-06,0.05140374176623567
33,169,0.0025322316246118672,1.8852476841630364e-06,0.05032128401195529
33,170,0.0024040784055687305,1.7898375498487462e-06,0.04903140223947027
33,171,0.0022918350478420696,1.7062723150731537e-06,0.04787311403953235
33,172,0.0022482802168270464,1.6738457220604506e-06,0.04741603333079483
33,173,0.0020846561439224255,1.5520275196817316e-06,0.04565803482326441
33,174,0.002059570352157872,1.533351135432416e-06,0.04538248948832437
33,175,0.0019283129812720917,1.4356299585516576e-06,0.0439125606321482
33,176,0.001802900017670155,1.342259945754817e-06,0.042460570152438544
33,177,0.0017047529995799378,1.2691894427393394e-06,0.04128865461092112
33,178,0.0016162481105796156,1.2032975095515374e-06,0.04020258835671673
33,179,0.0015261916695708502,1.1362504451338964e-06,0.03906650316538262
33,180,0.0015043096868637687,1.1199592982962746e-06,0.038785431373954946
33,181,0.001453096052148459,1.0818307221793849e-06,0.03811949700807264
33,182,0.001366697399564493,1.0175068830346562e-06,0.03696887068283927
33,183,0.0013096147658097513,9.750088342597743e-07,0.036188599942658065
33,184,0.0012181042264053068,9.068791928747044e-07,0.034901349922392785
33,185,0.0011920262442814532,8.874641224171685e-07,0.03452573307377344
33,186,0.001144843502425654,8.523365480074847e-07,0.03383553608893546
33,187,0.0010983811106692744,8.177452745994621e-07,0.03314183324243356
33,188,0.000991845043876733,7.384291207182932e-07,0.031493571469059095
33,189,0.0009380034260591863,6.983440098952737e-07,0.03062684159457495
33,190,0.0008474018764861579,6.30891111884684e-07,0.02911016792267193
33,191,0.000842752827790326,6.274298928547219e-07,0.029030205438307286
33,192,0.0007857971678170387,5.850263761222922e-07,0.028032073912164234
33,193,0.0007540991554973359,5.614271904326928e-07,0.027460865891252153
33,194,0.0006941702121360849,5.168100627623703e-07,0.026347110128742485
33,195,0.0006620948824138708,4.929299640818877e-07,0.025731204449342647
33,196,0.0006449305528289061,4.801511123031822e-07,0.0253954829217502
33,197,0.0006091013220066045,4.5347623241598365e-07,0.02467997816057795
33,198,0.0005664398302264409,4.2171473090096273e-07,0.023799996433328325
33,199,0.0005430187978278466,4.0427776081457686e-07,0.023302763737974228
33,200,0.0005050735823026098,3.7602752928017494e-07,0.022473842179356197
33,201,0.0004721253898761417,3.514975838890704e-07,0.021728446559203023
33,202,0.0004448448775530834,3.311872291095348e-07,0.021091346034643767
33,203,0.00042678528443271035,3.177418531904466e-07,0.020658782259192102
33,204,0.0004064443776508226,3.0259803813355666e-07,0.02016046571016708
33,205,0.0004014108770384934,2.9885059446355613e-07,0.020035240877975324
33,206,0.0003768272543904219,2.8054807536729515e-07,0.019412038903485175
33,207,0.0003411087835824645,2.539556563649979e-07,0.01846913055837942
33,208,0.00032780628243114996,2.4405193774568085e-07,0.01810542135469788
33,209,0.0003120845930081841,2.3234713227381966e-07,0.017665916138377428
33,210,0.0002992591394714271,2.227985758370767e-07,0.0172991080542156
33,211,0.0002906545758091756,2.1639247397821558e-07,0.017048594540582388
33,212,0.00027854292850496877,2.0737534663104595e-07,0.01668960540291378
33,213,0.0002613552814539512,1.9457913498744911e-07,0.016166486366986216
33,214,0.00024447591862328385,1.8201244109682178e-07,0.015635725714634542
33,215,0.00022013219752255552,1.6388852882000018e-07,0.01483685268251173
33,216,0.00021135020763233137,1.5735033304755543e-07,0.014537888692390356
33,217,0.0002079665154608129,1.5483117256939276e-07,0.014421044187603507
33,218,0.00019651898184218312,1.4630847818624833e-07,0.014018522812414407
33,219,0.00018775294913300853,1.397821625429067e-07,0.01370229722101402
33,220,0.00017734481373343165,1.3203330064267858e-07,0.013317087284141065
33,221,0.00016847642796906901,1.254307830996431e-07,0.012979846993284205
33,222,0.0001629569492526419,1.213215284932339e-07,0.012765459226077294
33,223,0.00015677916336835371,1.1672216387808162e-07,0.01252114864412821
33,224,0.00014753137324809764,1.0983717960634822e-07,0.012146249349000606
33,225,0.00013752874069319476,1.0239021477249151e-07,0.011727264842800931
33,226,0.00013648543264930337,1.0161347142306888e-07,0.011682698003856103
33,227,0.00013177975924052906,9.811009526660092e-08,0.011479536542932779
33,228,0.0001253957602352342,9.335720488190873e-08,0.011198024836337622
33,229,0.00011768734922539536,8.76182891114752e-08,0.010848380027699774
33,230,0.00010620781839245353,7.907177278661138e-08,0.010305717752415575
33,231,0.00010517600981433,7.830359079508242e-08,0.01025553556935619
33,232,0.00010160261401125102,7.564319587035465e-08,0.010079812201189614
33,233,9.800301359749381e-05,7.296329160014862e-08,0.009899647145100365
33,234,9.493491428427478e-05,7.06790901594866e-08,0.009743454945976544
33,235,9.035518965095645e-05,6.726948292800312e-08,0.00950553468516929
33,236,8.688890498650285e-05,6.468883229841759e-08,0.009321421832880586
33,237,8.045659850516893e-05,5.989997697416566e-08,0.008969760225623031
33,238,7.428485095793204e-05,5.5305107903904105e-08,0.008618865990252548
33,239,7.163839020777703e-05,5.3334816579853975e-08,0.008463946491311073
33,240,7.043018409534977e-05,5.243530653768149e-08,0.008392269305459029
33,241,6.377012247345681e-05,4.747688739978713e-08,0.007985619730080867
33,242,6.306064161130567e-05,4.694867855059331e-08,0.007941073076814346
33,243,6.207499705654785e-05,4.6214865697059465e-08,0.007878768752574723
33,244,5.809805777063477e-05,4.325403245180931e-08,0.007622208195177745
33,245,5.5592630480925686e-05,4.13887406081033e-08,0.00745604657180504
33,246,5.415080908044961e-05,4.0315303869613444e-08,0.007358723332239745
33,247,4.933160732258768e-05,3.6727405801672595e-08,0.007023646298226277
33,248,4.714385346269683e-05,3.509862198198147e-08,0.0068661381767844455
33,249,4.3113069521733306e-05,3.209770136468692e-08,0.006566054334357378
33,250,4.0064172604018414e-05,2.982779611687814e-08,0.006329626576980542
33,251,3.6205394242550454e-05,2.695493373772238e-08,0.006017091842622186
33,252,3.54973965676718e-05,2.6427829122179012e-08,0.0059579691647130735
33,253,3.5455367916604895e-05,2.6396538770884817e-08,0.00595444102469786
33,254,2.999849316384165e-05,2.2333892846070773e-08,0.005477088018631949
33,255,2.847839949465788e-05,2.1202182365210298e-08,0.005336515669859677
33,256,2.7375463346947214e-05,2.0381045863303626e-08,0.005232156663073767
33,257,2.5200480368628846e-05,1.876176997119513e-08,0.005020008004837128
33,258,2.357387517333539e-05,1.7550761607003887e-08,0.004855293520821927
33,259,2.2914039463201747e-05,1.7059513597790596e-08,0.00478686112846422
33,260,2.23621625831245e-05,1.6648640990404917e-08,0.004728864830286916
33,261,2.174400999158513e-05,1.618842608339079e-08,0.004663047286012134
33,262,1.8699527818428943e-05,1.3921807615067185e-08,0.004324295066069028
33,263,1.792077174987582e-05,1.3342023340793807e-08,0.004233293251107915
33,264,1.7040532986458793e-05,1.2686685150513981e-08,0.00412801804580101
33,265,1.4448351973171042e-05,1.075680511713387e-08,0.003801098784979291
33,266,1.4100375960328911e-05,1.0497736805223237e-08,0.0037550467321098564
33,267,1.3508451344288448e-05,1.0057048638807803e-08,0.0036753845165218356
33,268,1.2747419190472766e-05,9.490459827733093e-09,0.0035703528103638114
33,269,1.2537400036611606e-05,9.334100464869785e-09,0.0035408191194427887
33,270,1.0964888828857534e-05,8.163365100883014e-09,0.0033113273515098947
33,271,9.80933113242725e-06,7.30305183019401e-09,0.0031319851743626197
33,272,8.460315143866673e-06,6.298708766307603e-09,0.002908662088291913
33,273,7.85608639724774e-06,5.8488601686530825e-09,0.002802871098935472
33,274,6.624445106927282e-06,4.931902625066556e-09,0.0025737997410302305
33,275,6.2315397969845965e-06,4.63938442946968e-09,0.002496305229130564
33,276,5.824625718993707e-06,4.336436699203005e-09,0.0024134261370495074
33,277,5.104016162681675e-06,3.799942531758412e-09,0.002259206976503409
33,278,3.47282235376747e-06,2.5855179424801918e-09,0.001863551006483984
33,279,2.6197238393878126e-06,1.950385680895041e-09,0.0016185560970778284
33,280,2.3014515274780137e-06,1.7134317888698064e-09,0.0015170535677681304
33,281,1.0075106934555303e-06,7.500922044987369e-10,0.0010037483217697205
33,282,7.287423292898454e-07,5.42549020907927e-10,0.0008536640611445731
33,283,4.359285560558431e-07,3.245490233899052e-10,0.0006602488591855673
33,284,2.9165856786572437e-07,2.171399465558147e-10,0.0005400542267825745
33,285,1.7047474481122862e-07,1.269185309668955e-10,0.00041288587383347063
33,286,1.4717697458696975e-07,1.0957332962964468e-10,0.0003836365136258145
33,287,1.0900439868956105e-07,8.115382818685781e-11,0.00033015814194043596
33,288,8.37569474257024e-08,6.235708836116976e-11,0.00028940792564424077
33,289,6.008640821013814e-08,4.4734360327405143e-11,0.0002451252908415167
33,290,4.977496052068001e-08,3.7057482474693356e-11,0.00022310302669547092
33,291,4.0735225251634857e-08,3.0327395141538567e-11,0.00020182969368166533
33,292,3.0958019844156914e-08,2.3048260929296283e-11,0.00017594891259725624
33,293,2.4336171662911935e-08,1.8118291716671512e-11,0.00015600055020067056
33,294,1.9120485034534325e-08,1.4235210468534838e-11,0.0001382768420037655
33,295,1.5136979940444126e-08,1.1269488975882561e-11,0.00012303243450588193
33,296,1.290291220763162e-08,9.606224455128576e-12,0.00011359098647177786
33,297,1.0264323301114952e-08,7.641793722520817e-12,0.00010131299670385311
33,298,9.28075492166901e-09,6.909526582523041e-12,9.633667485266974e-05
33,299,8.533229227721034e-09,6.352993337431847e-12,9.23754795804657e-05
33,300,9.222184936153767e-30,6.865921199634342e-33,3.0368050540253267e-15
33,301,9.222184936153767e-30,6.865921199634342e-33,3.0368050540253267e-15
33,302,9.222184936153767e-30,6.865921199634342e-33,3.0368050540253267e-15
33,303,9.222184935907127e-30,6.865921199450719e-33,3.036805053984718e-15
34,0,1635.087551298324,1.0,40.43621583801239
34,1,654.7003948374314,0.4004069349788478,25.587113843445326
34,2,573.0418565453244,0.35046554913240374,23.93829268233899
34,3,286.5116130086407,0.17522707746208405,16.92665392239827
34,4,260.453767454677,0.15929041062533103,16.138580094130866
34,5,246.22853600883985,0.15059042912614967,15.691670911946881
34,6,112.00086918279315,0.06849839269699048,10.583046309205736
34,7,86.09333861041664,0.05265365670606148,9.278649611361377
34,8,71.40098727625413,0.04366799026728504,8.449910489245086
34,9,64.12344327460485,0.03921713135402952,8.007711487972381
34,10,36.94196702771096,0.022593265417731045,6.07799037739539
34,11,32.646138231016586,0.01996598787942228,5.713679920245497
34,12,27.100397477561753,0.0165742791302172,5.20580421045219
34,13,23.573122897213807,0.014417040163076173,4.855216050518639
34,14,19.385715789646508,0.011856072033729011,4.402921279065356
34,15,17.087749322099214,0.0104506632128236,4.133733097588572
34,16,14.70701054298538,0.008994631835651513,3.834972039400728
34,17,13.09260414830063,0.00800728018380703,3.6183703719078606
34,18,10.732092288882889,0.006563619348921827,3.2759872235530603
34,19,9.433727361256077,0.005769554880266397,3.071437344510885
34,20,8.668405049306347,0.005301492903192427,2.944215523582869
34,21,7.601205682175308,0.004648806527907115,2.7570284151918543
34,22,5.933164621513904,0.003628652555517738,2.435808822858211
34,23,5.630852224099851,0.0034437619072010747,2.372941681563171
34,24,5.291586838058723,0.0032362712527882653,2.3003449389295345
34,25,4.98479107659429,0.0030486386326139966,2.232664568759555
34,26,4.72967372859352,0.0028926119123333627,2.174781305923315
34,27,4.290859662222687,0.0026242384750685523,2.0714390317416265
34,28,4.15976328081417,0.0025440614953683395,2.039549774046755
34,29,3.827317758139571,0.00234074178786361,1.9563531782731796
34,30,3.358564786638883,0.0020540580741208935,1.8326387496282193
34,31,3.2067671549910792,0.0019612204572438826,1.7907448603838234
34,32,2.741718911368566,0.001676802510783923,1.6558136704860744
34,33,2.6849729175208146,0.0016420973393069015,1.638588696873262
34,34,2.572861717814723,0.0015735314697807891,1.6040142511258193
34,35,2.402945992047428,0.00146961304312995,1.5501438617262038
34,36,2.156196897418505,0.0013187042465746862,1.4683994338797959
34,37,2.0715869680264216,0.001266957825213396,1.4393008608440494
34,38,1.9472913297824037,0.0011909400987342713,1.3954538078282648
34,39,1.8989998088694113,0.0011614055818365999,1.378042019994097
34,40,1.6057568897744081,0.0009820617180403422,1.2671846312887511
34,41,1.5436866111447392,0.0009441002776389504,1.242451854658658
34,42,1.4847440182095493,0.0009080516924189192,1.2185007255679208
34,43,1.4319524363589662,0.0008757649920470249,1.1966421505023823
34,44,1.3384824941907378,0.0008185998927873495,1.1569280419242753
34,45,1.1197517374653825,0.0006848267767534867,1.0581832249026548
34,46,1.0700022216094696,0.000654400567578076,1.034409117133772
34,47,1.0489178439009879,0.0006415056142211503,1.0241669023655215
34,48,0.9358785245235938,0.0005723721177991168,0.9674081478484631
34,49,0.8992580260432935,0.0005499754587020415,0.9482921628081156
34,50,0.8666738448625257,0.0005300473630138965,0.9309531915528975
34,51,0.7498753564685391,0.0004586148037596571,0.865953437817842
34,52,0.687071044043621,0.0004202044370639722,0.8288974870535083
34,53,0.6802771642442557,0.0004160493813949527,0.8247891635104426
34,54,0.6735202483097531,0.00041191693238380506,0.8206827939647285
34,55,0.6127447855964177,0.0003747473859181878,0.7827801642839564
34,56,0.5993052294962647,0.0003665279140682056,0.7741480669072711
34,57,0.585862331526552,0.00035830639837075036,0.7654164432036668
34,58,0.5465117247454266,0.00033424003767350247,0.7392643131826577
34,59,0.5194753002486118,0.000317704883653556,0.7207463494521577
34,60,0.45869924689689134,0.00028053497596056316,0.6772733915464946
34,61,0.4304890714560432,0.00026328196989465057,0.6561166599439792
34,62,0.40731466131422134,0.00024910877768642876,0.6382120817676686
34,63,0.38080997192387717,0.00023289882650106354,0.6170980245665004
34,64,0.3637766424278961,0.0002224814458033413,0.6031389909696571
34,65,0.3412199198469936,0.00020868602392333768,0.5841403254758172
34,66,0.312769977644725,0.00019128637937239096,0.559258417589512
34,67,0.2921517043222198,0.0001786764898859635,0.5405105959388954
34,68,0.2833809786975918,0.00017331241894207817,0.5323354005677171
34,69,0.2789118468877771,0.00017057915135266615,0.5281210532517873
34,70,0.26998634033904356,0.0001651204182458999,0.519602098089532
34,71,0.24834716051197342,0.00015188615454553243,0.498344419565398
34,72,0.23823412221634524,0.00014570114121851028,0.48809232960203874
34,73,0.22723277147247903,0.00013897284661732473,0.47668938678397177
34,74,0.21930192103686394,0.00013412243329889557,0.46829683005211975
34,75,0.2019965562434694,0.00012353867906527463,0.4494402699396989
34,76,0.1964842841225801,0.00012016743933165159,0.44326547815342004
34,77,0.19272118349678688,0.0001178659719742583,0.43900020899401276
34,78,0.18142897684921303,0.00011095979337935224,0.4259448049327671
34,79,0.16723368508231032,0.00010227812262989844,0.4089421537116348
34,80,0.16190241893563867,9.9017583986302e-05,0.40237099663822523
34,81,0.15696954013521458,9.600069428121729e-05,0.39619381637680134
34,82,0.14958433607372093,9.14839917623647e-05,0.38676134252756045
34,83,0.14019091848182494,8.57390898551627e-05,0.3744207773105346
34,84,0.1374704580846803,8.407528879754687e-05,0.3707700879044591
34,85,0.13052245988111086,7.982597615489818e-05,0.36127892255307514
34,86,0.12267061635820835,7.502388251980944e-05,0.35024365284499925
34,87,0.11659813806098451,7.131002738562898e-05,0.34146469518968503
34,88,0.11374766015203495,6.956670917206533e-05,0.337264970241552
34,89,0.10342245091592121,6.325193463420336e-05,0.3215936114351795
34,90,0.10131792395566529,6.19648311035179e-05,0.318304765838756
34,91,0.09879760196511897,6.042343230285729e-05,0.3143208583042477
34,92,0.09385658507900665,5.740156544185101e-05,0.30636022111071576
34,93,0.08988194275258528,5.497072170919256e-05,0.2998031733530939
34,94,0.08679599582071806,5.308339345608657e-05,0.2946116016397149
34,95,0.08273885539319005,5.0602094871000725e-05,0.2876436256780081
34,96,0.07936480282207559,4.8538564653040635e-05,0.2817175940939358
34,97,0.07408610704108762,4.531017741665291e-05,0.2721876320501863
34,98,0.07358639288215554,4.500455821079737e-05,0.27126811991488337
34,99,0.07271652046844648,4.4472554641313675e-05,0.2696600090270088
34,100,0.06947266503115344,4.248865143397943e-05,0.26357667770717774
34,101,0.0652860083064088,3.992814222979628e-05,0.2555112684528978
34,102,0.06257802669323358,3.8271973047280656e-05,0.2501560047115271
34,103,0.058977292109758155,3.6069806820391885e-05,0.24285240807897737
34,104,0.05397063458672965,3.3007794930537415e-05,0.2323158078709446
34,105,0.053064056156750784,3.245334240029889e-05,0.23035636773649384
34,106,0.050953936485231145,3.116281843426165e-05,0.2257297864377476
34,107,0.04830406743686513,2.9542190201686628e-05,0.2197818633028329
34,108,0.046948547134643026,2.8713170189182857e-05,0.21667613420643037
34,109,0.04612206337144931,2.8207702599672154e-05,0.21476047907249907
34,110,0.04288386781034233,2.6227260904953283e-05,0.2070842046374912
34,111,0.04109651937896266,2.5134139970872143e-05,0.2027227648266535
34,112,0.0398587143711008,2.4377113225191772e-05,0.19964647347524273
34,113,0.03813224198897729,2.3321223355103397e-05,0.19527478585054778
34,114,0.034416651635101235,2.1048812712061236e-05,0.1855172542786822
34,115,0.0343194203013919,2.0989347190699928e-05,0.18525501424088878
34,116,0.03222761144212909,1.971002189854549e-05,0.17952050423873336
34,117,0.030101934174885714,1.8409983092944222e-05,0.1734990898387819
34,118,0.028550668330467655,1.7461247446839956e-05,0.16896943016554106
34,119,0.02651644871158031,1.6217143045658446e-05,0.1628387199396394
34,120,0.02548050140857706,1.558357005919624e-05,0.15962613009334362
34,121,0.02439378648239153,1.4918948201288611e-05,0.15618510326657767
34,122,0.022403743765751986,1.3701861865416645e-05,0.1496788019919721
34,123,0.02202951683516635,1.347298914830221e-05,0.14842343762076915
34,124,0.02100152277377983,1.2844280269337133e-05,0.14491902143535138
34,125,0.020429324464720268,1.2494330623762979e-05,0.1429311878657708
34,126,0.019404199436153877,1.1867376410973332e-05,0.13929895705336015
34,127,0.019101243289529633,1.1682092053335306e-05,0.13820724760130937
34,128,0.018426241992280722,1.1269269329125257e-05,0.13574329446525424
34,129,0.017431436592110897,1.0660858238612146e-05,0.13202816590451788
34,130,0.016837590503458174,1.0297669069823487e-05,0.1297597414588137
34,131,0.015809376926487137,9.668825937751082e-06,0.12573534477817738
34,132,0.015080330520743103,9.222949871258408e-06,0.12280199721805465
34,133,0.014233098082235671,8.704792639962326e-06,0.11930254851525876
34,134,0.013237059365288902,8.09562726765191e-06,0.11505242007575896
34,135,0.01240829391962256,7.5887642284169345e-06,0.11139252182989018
34,136,0.01187656285958739,7.2635638685873005e-06,0.10897964424417704
34,137,0.01160340729822379,7.0965051926486925e-06,0.10771911296619459
34,138,0.011148221059997234,6.818118730795246e-06,0.1055851365486508
34,139,0.010732567914554,6.563910235896493e-06,0.1035981076784417
34,140,0.010428091239838176,6.377695941454548e-06,0.10211802602791623
34,141,0.01018200146450832,6.227190376700875e-06,0.1009059040121455
34,142,0.009632213665463957,5.8909467311494115e-06,0.09814384170931947
34,143,0.009352174893415185,5.719678365839915e-06,0.09670664348127891
34,144,0.008905762493718302,5.4466578787458665e-06,0.09437034753416086
34,145,0.008616556910938792,5.269783201576519e-06,0.09282541091176916
34,146,0.00806860321603925,4.9346612721945445e-06,0.08982540406833275
34,147,0.007796795835338952,4.7684271274330166e-06,0.08829946678966387
34,148,0.007402360259635642,4.5271950445453984e-06,0.08603697030716297
34,149,0.0072427917776350485,4.429604868487921e-06,0.08510459316414742
34,150,0.006625179902875457,4.051880829020319e-06,0.08139520810757508
34,151,0.00621459804731709,3.8007738743912856e-06,0.0788327219326917
34,152,0.00589362626674527,3.6044713703957313e-06,0.07676995679785986
34,153,0.005538793895239063,3.3874601337653403e-06,0.0744230736750308
34,154,0.005411909557753304,3.309859189776128e-06,0.0735656819295064
34,155,0.005193205477393644,3.1761023886886265e-06,0.0720638985719871
34,156,0.00491990984879239,3.0089580493018784e-06,0.07014206903700795
34,157,0.004716542927773521,2.8845812715217607e-06,0.06867709172477764
34,158,0.00428836280902668,2.6227114295020785e-06,0.06548559237745873
34,159,0.004127464281194005,2.5243078133135047e-06,0.06424534443205986
34,160,0.004062168033646014,2.48437340888596e-06,0.06373513970837448
34,161,0.003704901549058513,2.2658734977932375e-06,0.06086790245325128
34,162,0.0035899350638736584,2.195561369801335e-06,0.05991606682579939
34,163,0.0034766920406828143,2.126303290562138e-06,0.05896348056791436
34,164,0.003381605693072246,2.0681496170569694e-06,0.058151575155555725
34,165,0.003278337442570616,2.0049919895527838e-06,0.05725676765737493
34,166,0.0032137368865201026,1.9654830617285715e-06,0.05668983053881977
34,167,0.003059265770090085,1.8710103735184746e-06,0.05531062981100545
34,168,0.002999329287419517,1.8343539372175706e-06,0.054766132668096226
34,169,0.0027673033417936655,1.6924496425872227e-06,0.052605164592401624
34,170,0.0027141315649897146,1.6599304195268243e-06,0.05209732781045218
34,171,0.0025524972443016773,1.5610768012238208e-06,0.050522245044155326
34,172,0.002403742116342166,1.4700999432314801e-06,0.04902797279454012
34,173,0.0022879356446640995,1.3992740895418038e-06,0.047832370259732054
34,174,0.0022316127393334595,1.3648276739441084e-06,0.04723994855345907
34,175,0.0020324010568756397,1.2429921903948404e-06,0.04508215896422486
34,176,0.0019590532542117563,1.1981335511093524e-06,0.04426119354707639
34,177,0.001906856564487105,1.166210679650142e-06,0.043667568795240995
34,178,0.0018133070663252657,1.1089969248958127e-06,0.04258294337320127
34,179,0.001736909791678375,1.062273264999908e-06,0.041676249731452265
34,180,0.0016707644380674295,1.0218195574547534e-06,0.04087498548094457
34,181,0.0016299265257450645,9.968435784682225e-07,0.04037234852897543
34,182,0.0015494887794187703,9.476488143943211e-07,0.03936354632675733
34,183,0.0014613893146491399,8.93768234911176e-07,0.038228122039267634
34,184,0.001373397990929431,8.399537932014092e-07,0.03705938465395008
34,185,0.0013218489696109703,8.084270279969841e-07,0.03635724095157621
34,186,0.0012470290045658251,7.626680317978294e-07,0.03531329784324632
34,187,0.00114144110296977,6.980917334141655e-07,0.0337852201853084
34,188,0.00106308536631373,6.501703015655636e-07,0.032604989898997516
34,189,0.0010277089832574,6.285345285892236e-07,0.032057900481120095
34,190,0.0009570863592895393,5.853425760165412e-07,0.030936812364714295
34,191,0.0009456594157200441,5.783539939308775e-07,0.030751575824988938
34,192,0.0009139256102899847,5.589459778861944e-07,0.030231202594173865
34,193,0.0008808256030586004,5.387024091518464e-07,0.029678706222788762
34,194,0.0008391114168218613,5.131905115145509e-07,0.02896741992000429
34,195,0.0008258370631066467,5.050720754683134e-07,0.028737380936798097
34,196,0.00078118188007416,4.777614993483809e-07,0.027949631125905042
34,197,0.0007589757811388273,4.6418051469853746e-07,0.027549515079921594
34,198,0.0007024373108624514,4.2960226215696435e-07,0.026503533931580735
34,199,0.0006779082155180958,4.146005606732251e-07,0.02603667059203415
34,200,0.0006575103975106272,4.021254990220787e-07,0.025641965554743015
34,201,0.0005807664548755945,3.551898211288093e-07,0.024099096557248664
34,202,0.0005702713286446869,3.48771127388175e-07,0.0238803544497289
34,203,0.00054635310800429,3.3414302957077996e-07,0.023374197483641872
34,204,0.000485812007849873,2.971168164445501e-07,0.022041143524097678
34,205,0.00047952341024029506,2.9327078532249516e-07,0.021898022975608895
34,206,0.00047369928919077414,2.8970882251206565e-07,0.02176463390895363
34,207,0.00042390212302682894,2.5925347097788983e-07,0.02058888348179252
34,208,0.00039915213350059887,2.441166732531578e-07,0.01997879209313213
34,209,0.00039264131915291346,2.401347370305283e-07,0.01981517900885363
34,210,0.0003678794226545438,2.249906571439756e-07,0.019180183071455387
34,211,0.00035979246371293686,2.2004476972945423e-07,0.018968196111199844
34,212,0.0003530465883724395,2.159190730136173e-07,0.018789534011583137
34,213,0.0003265740724693623,1.997287987484521e-07,0.018071360559442178
34,214,0.0003145486991493047,1.9237422418117039e-07,0.017735520831069627
34,215,0.0002948276517930683,1.803130673699788e-07,0.01717054605401553
34,216,0.0002742044325755355,1.6770015303327728e-07,0.01655911931763086
34,217,0.000258021008207605,1.5780256415182547e-07,0.016063032347835356
34,218,0.00024339108149796793,1.4885507586716433e-07,0.015600996170051704
34,219,0.0002233179882811209,1.3657861201609518e-07,0.014943827765372595
34,220,0.00020713214957514785,1.2667954655435838e-07,0.014392086352407279
34,221,0.00019936376065785092,1.2192849275841423e-07,0.014119623247730476
34,222,0.00019279833706869448,1.1791315817651784e-07,0.013885184084796805
34,223,0.00018472838847701664,1.1297767408866578e-07,0.013591482203093842
34,224,0.00017672786393221467,1.0808464891796515e-07,0.013293903261729216
34,225,0.00016646688826146895,1.018091588608131e-07,0.012902204782961281
34,226,0.00015851204830870415,9.694407384047377e-08,0.012590156802387497
34,227,0.00015406831222707537,9.422633797483142e-08,0.01241242571889457
34,228,0.00014255883295317593,8.718727803901302e-08,0.01193980037325482
34,229,0.00013264551842688782,8.112441338175565e-08,0.0115171836152285
34,230,0.00012664294271358,7.745330983225975e-08,0.011253574663793722
34,231,0.00011824236894234325,7.231561933699156e-08,0.01087393070339991
34,232,0.00011152400923172668,6.820675085145883e-08,0.010560492849849702
34,233,0.00010548405799939767,6.451278888132881e-08,0.010270543218320912
34,234,0.00010064799093682779,6.15551080777964e-08,0.010032347229677998
34,235,9.479820627679035e-05,5.79774497099662e-08,0.009736437042203392
34,236,9.239026547353657e-05,5.650478190001206e-08,0.009611985511513038
34,237,8.644728247868703e-05,5.287012454473431e-08,0.009297703075420672
34,238,8.053932754453515e-05,4.925688993264229e-08,0.008974370593224638
34,239,7.393286720267528e-05,4.521645776335932e-08,0.008598422367078468
34,240,7.262057579638058e-05,4.441387602683231e-08,0.008521770696069015
34,241,6.67855350341372e-05,4.084523485063956e-08,0.0081722417386013
34,242,5.9675775195052837e-05,3.649699072546172e-08,0.007725009721356526
34,243,5.8175259796718255e-05,3.557929344549459e-08,0.007627270796078913
34,244,5.477984838481627e-05,3.350270041583945e-08,0.007401340985579321
34,245,5.2122774214971315e-05,3.187766561710031e-08,0.007219610392186777
34,246,5.0767113297721855e-05,3.104855960612676e-08,0.007125104441179923
34,247,4.710247872147869e-05,2.880731290754276e-08,0.00686312455966513
34,248,4.3020983640777017e-05,2.631111930771943e-08,0.0065590383167639
34,249,4.19015005256095e-05,2.5626456817152123e-08,0.0064731368381650565
34,250,3.9552588416961e-05,2.4189890251170152e-08,0.006289084863234157
34,251,3.71537807468385e-05,2.2722808156258626e-08,0.00609539012261221
34,252,3.474326245305029e-05,2.12485639839058e-08,0.005894341562299414
34,253,3.4553312756517624e-05,2.113239302022753e-08,0.005878206593555353
34,254,3.288920255323882e-05,2.011464311322259e-08,0.005734910858351577
34,255,3.156039401820089e-05,1.930195969820741e-08,0.005617863830514307
34,256,2.833336828830826e-05,1.7328349338731404e-08,0.005322909757670917
34,257,2.7371786281006246e-05,1.6740257278132886e-08,0.0052318052602334355
34,258,2.6029069844909642e-05,1.5919067957089844e-08,0.005101869250079783
34,259,2.459597775935016e-05,1.5042605969215522e-08,0.0049594332094857535
34,260,2.416448991648766e-05,1.4778713162668324e-08,0.0049157390000372945
34,261,2.0462903521849967e-05,1.2514867173688416e-08,0.0045235940934007296
34,262,1.9868669786417393e-05,1.2151440924763255e-08,0.004457428606990514
34,263,1.8777796666264885e-05,1.148427596513384e-08,0.0043333355127736055
34,264,1.6678174622915837e-05,1.0200172222993631e-08,0.0040838920924671646
34,265,1.6053871448771645e-05,9.8183558648124e-09,0.004006728272390286
34,266,1.52960231921406e-05,9.354864930624025e-09,0.003911013064685492
34,267,1.3857393358414288e-05,8.475016122170933e-09,0.0037225519953943275
34,268,1.3583502528716345e-05,8.30750776490868e-09,0.0036855803516836184
34,269,1.2730145868244453e-05,7.785605032670095e-09,0.003567932996602438
34,270,9.603368395653619e-06,5.873305308959246e-09,0.003098930201804103
34,271,8.80145411457225e-06,5.382864120996792e-09,0.0029667244756755302
34,272,7.883174741468742e-06,4.821255433820159e-09,0.0028076991899896866
34,273,7.001248450745141e-06,4.28187985725038e-09,0.0026459872355597525
34,274,5.859406700758167e-06,3.583543092909959e-09,0.002420621139451229
34,275,5.144408960556702e-06,3.146259022320755e-09,0.0022681289558922134
34,276,5.012342967398666e-06,3.065489039665594e-09,0.0022388262477018323
34,277,4.494786707660157e-06,2.7489578182471755e-09,0.002120091202675054
34,278,3.1479265582829877e-06,1.9252342516970484e-09,0.0017742397127454305
34,279,2.599449647380807e-06,1.5897923296625564e-09,0.0016122808835252024
34,280,1.8823321674763373e-06,1.15121185161106e-09,0.0013719811104662984
34,281,6.77609272192211e-07,4.144177305087807e-10,0.0008231702571110128
34,282,5.11393178381302e-07,3.127619545358508e-10,0.0007151175975888875
34,283,3.2647066108939723e-07,1.996655535846791e-10,0.0005713761117594935
34,284,1.7092571174623316e-07,1.045361220018533e-10,0.00041343162886532176
34,285,1.4340265091541657e-07,8.77033470174421e-11,0.0003786854247464729
34,286,9.997345918566538e-08,6.114257252235974e-11,0.00031618579851989774
34,287,7.406363364981313e-08,4.529643295920374e-11,0.00027214634601591315
34,288,5.194802753887085e-08,3.177079263897647e-11,0.0002279210993718459
34,289,4.88424735512768e-08,2.9871472944977135e-11,0.00022100333380127278
34,290,3.319457759929158e-08,2.030140684083478e-11,0.00018219379133025247
34,291,2.9530030110156423e-08,1.8060213403684967e-11,0.0001718430391670155
34,292,2.611500815554649e-08,1.5971626800540523e-11,0.000161601386613935
34,293,2.367446709612874e-08,1.447902106363068e-11,0.0001538650938196469
34,294,1.7618809172538228e-08,1.0775453068888085e-11,0.00013273586242059163
34,295,1.3387611217525193e-08,8.187702980733296e-12,0.00011570484526382287
34,296,1.1343703221242376e-08,6.937673283754762e-12,0.00010650682241641789
34,297,1.0930985038783383e-08,6.6852597771316586e-12,0.00010455135120496235
34,298,8.332250948291784e-09,5.09590507350854e-12,9.128116425797703e-05
34,299,7.525221867330188e-09,4.602335735083339e-12,8.674803667709252e-05
34,300,1.0224272521460105e-29,6.253042849810477e-33,3.1975416371738e-15
34,301,1.0224272521460105e-29,6.253042849810477e-33,3.1975416371738e-15
34,302,1.0224272521460105e-29,6.253042849810477e-33,3.1975416371738e-15
34,303,1.0224266612765611e-29,6.253039236123559e-33,3.197540713230343e-15
