arm,ref,variable,label,window,terminal_year,terminal_kt_median,terminal_kt_q1,terminal_kt_q3,terminal_pct_median,terminal_pct_q1,terminal_pct_q3,terminal_pct_HL,terminal_pct_HL_lo,terminal_pct_HL_hi,mean_pct_over_window_median,cumulative_kt_median,cumulative_kt_q1,cumulative_kt_q3,noise_floor_kt,noise_floor_pct,abs_terminal_over_noise_floor,clears_noise_floor,n_seeds
factual_tau_ref,factual,Concentrate,"no intervention, through the intervened closure (reference for tau arms)",2008–2019,2019.0,-1.8396008272247855e-07,-0.0002814649848232875,0.0004487749952204467,-9.765175825638686e-09,-1.8111765025506198e-05,2.493237649650781e-05,-2.118265956842853e-07,-1.654204503879729e-05,2.2205462775662546e-05,-1.308164590519759e-05,,,,2.5589773647568563,0.1362192328549862,7.168720320157962e-08,False,35
factual_tau_ref,factual,Refined,"no intervention, through the intervened closure (reference for tau arms)",2008–2019,2019.0,-1.704244994016335e-05,-0.004002075737446376,0.0010430483860091044,-2.6185941239498087e-06,-0.0003093802134018182,0.00010483515045684412,-6.744117399989471e-05,-0.00031030177789968675,6.283158913873622e-05,-0.00018447632560417357,,,,0.4066041316323208,0.04360148601102049,6.005745132833193e-05,False,35
factual_tau_ref,factual,In-Use,"no intervention, through the intervened closure (reference for tau arms)",2008–2019,2019.0,-0.0037309628969524056,-3.8998314904019935,1.0764618536777562,-1.5636463078117082e-06,-0.001590208148881135,0.0004427968091311906,-7.858242614652779e-05,-0.001083344933959736,0.0002166126225666061,-2.0127250572312285e-06,,,,3.4428334660769906,0.0014880603357317092,0.0010507949646025823,False,35
factual_tau_ref,factual,Scrap,"no intervention, through the intervened closure (reference for tau arms)",2008–2019,2019.0,-0.0076218761005293345,-0.09874696884980949,1.396099605699419e-06,-0.00013743245899507502,-0.0022843124973888213,2.462911880564932e-08,-0.0007114702456199451,-0.0012891709510619927,-2.1862928096137372e-05,-0.00023810774388077294,,,,0.45025629232350184,0.008571340215823562,0.01603395216320556,False,35
factual_tau_ref,factual,secondary_supply,"no intervention, through the intervened closure (reference for tau arms)",2008–2019,2019.0,-0.0021246235992293805,-0.10105357133943471,9.00888699106872e-06,-5.126556408531409e-05,-0.0022383199731297833,1.6649980827751368e-07,-0.0007213956851591045,-0.0014062686959584476,-8.529542372090881e-07,-1.0706943499361498e-05,-0.006019783440933679,-0.8272625178442468,0.0024336312526429538,0.4263646152430738,0.010825907707635423,0.004735451794878771,False,35
factual_tau_ref,factual,waelz_recycling,"no intervention, through the intervened closure (reference for tau arms)",2008–2019,2019.0,-0.00043233702308498323,-0.022501879688206827,0.0008107266385195544,-3.479356023768317e-05,-0.0019418886671594853,5.675221107436442e-05,-0.0006338801008536523,-0.0012815523048323686,1.0341832386747679e-07,-0.00011243819781343841,-0.013330655161553295,-0.2934228464282569,3.120090605079895e-05,0.10879893911442196,0.011819930154148226,0.0029436350117070962,False,35
factual_tau_ref,factual,direct_reuse_recycling,"no intervention, through the intervened closure (reference for tau arms)",2008–2019,2019.0,-0.001362905211863108,-0.07988148159347475,0.0005038774688728154,-4.299344831395139e-05,-0.0023910740450831676,1.4667190671162378e-05,-0.000732831589563049,-0.0015580448020900836,-4.970838652050075e-07,-2.076187785084127e-06,-0.0008483872152282856,-0.5859623091491812,0.014151462746667676,0.31850065868275124,0.011883827436366748,0.0036178115631655297,False,35
factual_tau_ref,factual,old_scrap_recovery,"no intervention, through the intervened closure (reference for tau arms)",2008–2019,2019.0,-3.612055297708139e-05,-0.02832033385129762,0.012221065142512089,-1.6372516056553634e-06,-0.0012402736956692525,0.0006351161023233456,-1.5648442319559584e-05,-0.000977050033751277,0.0003829435088588063,-3.2774204800940165e-05,-0.004103095889149699,-0.14366790145686537,0.0003982803009421332,0.06919845106313005,0.004092725916694874,0.00040003939647577087,False,35
factual_tau_ref,factual,end_of_life,"no intervention, through the intervened closure (reference for tau arms)",2008–2019,2019.0,-0.00015152493142522871,-0.14830398683261592,0.05150017436244525,-1.7678159489034613e-06,-0.001734892519913805,0.0006167096325603417,-6.941242316040559e-05,-0.0011018733368641084,0.00031023036668175017,-2.116706975319942e-06,-0.0018708018469624221,-0.4766672593104886,0.047911181740346365,0.14792319815023802,0.001529743352698936,0.0011556291098009952,False,35
factual_tau_ref,factual,inuse_inflow,"no intervention, through the intervened closure (reference for tau arms)",2008–2019,2019.0,-6.117153679952025e-05,-0.19568817073013633,0.3637264111894183,-4.679567717310134e-07,-0.0015172315489921716,0.0028642513477058354,-7.41722013039126e-06,-0.0013108484876907245,0.0017277340640023929,-2.6871181518720687e-06,-0.0040538823523093015,-3.5171599159075413,0.7909246264462126,3.62574970186688,0.026836723498087713,1.743717975722179e-05,False,35
factual_tau_ref,factual,primary_refining,"no intervention, through the intervened closure (reference for tau arms)",2008–2019,2019.0,1.2648524716496468e-07,-0.30024679616326466,0.4746444630436599,1.0335696318811204e-09,-0.002440604838385917,0.00397276360338229,1.0726339689542625e-09,-0.0019939413469893695,0.0034609206600970735,-1.2710487530605503e-06,-0.0018899016140494496,-3.3282806917268317,0.6478070280863903,3.9919646420166828,0.03659450501729565,2.82438478507258e-08,False,35
factual_tau_ref,factual,refined_consumption,"no intervention, through the intervened closure (reference for tau arms)",2008–2019,2019.0,-1.564557896926999e-05,-0.19271603666129522,0.5112893554323819,-1.1287130307783488e-07,-0.0014395551530757725,0.0037553705842704862,-1.9165292510878759e-07,-0.001352704202968372,0.0028800749089626814,-1.7950049732069272e-05,-0.0035566975129768252,-3.554851225533639,0.45601130482100416,4.23771228879923,0.03346748879894767,3.3725656488868067e-06,False,35
price_trend90s,factual,Concentrate,"zinc price on the 1990s log-linear trend, 2008–2019",2008–2019,2019.0,15.66839135716782,-83.17312494941439,192.81997886974693,0.6099491048465555,-3.972537964315171,9.660043546978244,3.1008137380761456,-1.5306516838925714,8.605356136079124,1.4173155424110229,,,,2.5589773647568563,0.1362192328549862,4.477701805117961,True,35
price_trend90s,factual,Refined,"zinc price on the 1990s log-linear trend, 2008–2019",2008–2019,2019.0,293.5476848018941,106.20799093533611,487.0969144751613,39.72773918088562,13.69571684024861,50.646779975575825,33.35768421039408,25.65572114141627,43.94103248540816,27.776681641003602,,,,0.4066041316323208,0.04360148601102049,911.1556237061333,True,35
price_trend90s,factual,In-Use,"zinc price on the 1990s log-linear trend, 2008–2019",2008–2019,2019.0,-2089.2815826016886,-3242.970717070886,-986.6904310635146,-0.8416196179328379,-1.3321283814665628,-0.3993798578355602,-0.8761676780388308,-1.1651109138816116,-0.6299885059819026,-0.46837755722408536,,,,3.4428334660769906,0.0014880603357317092,565.5816486224644,True,35
price_trend90s,factual,Scrap,"zinc price on the 1990s log-linear trend, 2008–2019",2008–2019,2019.0,-9.692498814473765,-319.0493537973948,591.8713419673932,-0.2645458797999534,-5.551888692480798,9.749797490305657,0.9485967788013446,-3.156166481737661,5.670335660659044,-0.07595701380792731,,,,0.45025629232350184,0.008571340215823562,30.864004127566297,True,35
price_trend90s,factual,secondary_supply,"zinc price on the 1990s log-linear trend, 2008–2019",2008–2019,2019.0,-636.592651130577,-914.6819880775784,-340.6937408363083,-12.959636214365759,-19.80679283316853,-6.892422071653038,-13.433566065622026,-16.608703972420553,-10.352348278627552,-10.373981992711137,-4916.363698917423,-6722.572509387545,-3195.902339312931,0.4263646152430738,0.010825907707635423,1197.094651492866,True,35
price_trend90s,factual,waelz_recycling,"zinc price on the 1990s log-linear trend, 2008–2019",2008–2019,2019.0,-153.5936046107272,-221.89264493155315,20.2530054132676,-12.55646996446355,-15.668585391117212,1.3059737049859788,-8.301115295602479,-13.32045927553602,-0.9228616993605723,-7.3617833128425785,-1029.9738902302688,-1504.6297018118448,111.15623168326056,0.10879893911442196,0.011819930154148226,1062.3133809345595,True,35
price_trend90s,factual,direct_reuse_recycling,"zinc price on the 1990s log-linear trend, 2008–2019",2008–2019,2019.0,-538.6015038979967,-722.9684952478565,-254.5273032430996,-14.726232055836626,-22.92533404166698,-8.266644062469302,-15.099486864701465,-19.13053876375783,-11.380179579236783,-10.55007026112794,-4167.392589070856,-5452.0351716100195,-2647.0334611041544,0.31850065868275124,0.011883827436366748,1239.1825895057668,True,35
price_trend90s,factual,old_scrap_recovery,"zinc price on the 1990s log-linear trend, 2008–2019",2008–2019,2019.0,-320.8910135948681,-595.6802943612347,-136.46928832259073,-16.3848930590871,-26.563901310528614,-7.033577338606812,-17.518574175339097,-22.762113712661844,-12.502094735664171,-12.427513214367167,-2825.6764257120412,-4172.269878250005,-1643.3632256874625,0.06919845106313005,0.004092725916694874,4003.41811120323,True,35
price_trend90s,factual,end_of_life,"zinc price on the 1990s log-linear trend, 2008–2019",2008–2019,2019.0,-157.6032920453581,-315.10054340286297,39.405279450831586,-2.0531926196865515,-3.6839371714886857,0.4806573338326776,-1.7650597597822895,-2.867318040411477,-0.779989390914153,-0.9003847825434925,-783.1951798978553,-2076.817904144991,213.26275738312688,0.14792319815023802,0.001529743352698936,1342.1811025124512,True,35
price_trend90s,factual,inuse_inflow,"zinc price on the 1990s log-linear trend, 2008–2019",2008–2019,2019.0,-343.5200586148421,-573.0027558054717,-114.60453636347665,-2.539949587840295,-4.375386540562562,-0.8725673757307025,-2.6289202139062318,-3.3798426790781377,-2.000391710994931,-2.0713471595400477,-3121.6727716150053,-4377.385518897805,-1817.6528194342536,3.62574970186688,0.026836723498087713,94.64454884074364,True,35
price_trend90s,factual,primary_refining,"zinc price on the 1990s log-linear trend, 2008–2019",2008–2019,2019.0,-20.09080287598772,-84.0908071968006,32.70512575269095,-0.1642636912645395,-0.6993876962323959,0.2657228397401393,-0.21101890077563967,-0.45489282027092304,0.05551818351219699,-0.00915784724969671,-15.456966547120828,-177.9744218082924,86.20850026192784,3.9919646420166828,0.03659450501729565,4.488752920333356,True,35
price_trend90s,factual,refined_consumption,"zinc price on the 1990s log-linear trend, 2008–2019",2008–2019,2019.0,-105.7113491113414,-192.74667414659052,17.235117513366276,-0.7897491195032877,-1.440076791164779,0.13401770669932375,-0.6993539975670073,-1.1105177480510127,-0.25978488370938535,-0.9546005983984859,-1387.597484469181,-1847.8932122145925,-265.4379741281882,4.23771228879923,0.03346748879894767,23.597501570781734,True,35
price_trend90s_anchored,factual,Concentrate,"same slope, level anchored to observed 2007",2008–2019,2019.0,12.814913868898657,5.05673758763362,19.94058704327142,0.5911994593719933,0.24706532581947688,1.0901123988678751,0.6093964432062856,0.3644702187244762,0.8855578686302071,-0.6481939758795777,,,,2.5589773647568563,0.1362192328549862,4.340058646500833,True,35
price_trend90s_anchored,factual,Refined,"same slope, level anchored to observed 2007",2008–2019,2019.0,-10.528306158585337,-18.97812583906898,-3.775442378452965,-1.040255036687938,-1.6846432175853394,-0.4652634064976943,-1.052018316300554,-1.4213479761366128,-0.6210351910670047,-8.315308314853947,,,,0.4066041316323208,0.04360148601102049,23.85824731810765,True,35
price_trend90s_anchored,factual,In-Use,"same slope, level anchored to observed 2007",2008–2019,2019.0,736.4839403378137,-49.708928182546515,1262.093898157953,0.2949951912169308,-0.02063474039759706,0.5312819272622151,0.3047093848500745,0.1575010982718827,0.44454734394391227,0.3208412601055686,,,,3.4428334660769906,0.0014880603357317092,198.24141812897375,True,35
price_trend90s_anchored,factual,Scrap,"same slope, level anchored to observed 2007",2008–2019,2019.0,12.077618058591725,-15.806275287794506,44.715880158671325,0.27853337729755756,-0.38668496491098714,0.9515240790761408,0.27100282694435124,-0.1277079393153107,0.625021167892073,0.22671456058916606,,,,0.45025629232350184,0.008571340215823562,32.49589565740918,True,35
price_trend90s_anchored,factual,secondary_supply,"same slope, level anchored to observed 2007",2008–2019,2019.0,0.11167518640650087,-54.42597261103583,68.60452316812189,0.0022460001861455098,-1.1512205558621336,1.4511994452469974,0.10494097568076785,-0.619745527920459,0.7637186416902955,4.746587977429743,2289.8728069635727,1103.045319753217,3055.293827644836,0.4263646152430738,0.010825907707635423,0.2074652996128375,False,35
price_trend90s_anchored,factual,waelz_recycling,"same slope, level anchored to observed 2007",2008–2019,2019.0,3.9963513933580543,-11.42513506511932,18.59763460646718,0.29475182917576664,-1.1227630831796074,1.4671698431522044,0.2512394526868494,-0.49487139054629925,0.959677100610383,2.0831007550661425,249.28949621923493,-45.62622320628725,687.7841408736022,0.10879893911442196,0.011819930154148226,24.936850330906815,True,35
price_trend90s_anchored,factual,direct_reuse_recycling,"same slope, level anchored to observed 2007",2008–2019,2019.0,2.507280606267159,-45.00248450170329,52.036298187122156,0.08253769339601946,-1.2414800723673527,1.513810487774312,0.05925324811713824,-0.6163863333047204,0.7514438301673608,5.215211762020296,2044.656050115962,1072.5412612417203,2696.04644342752,0.31850065868275124,0.011883827436366748,6.94537966307375,True,35
price_trend90s_anchored,factual,old_scrap_recovery,"same slope, level anchored to observed 2007",2008–2019,2019.0,11.01935979942209,-11.219497339523514,23.805753122673195,0.5109382321296476,-0.5051136172232576,1.2063308732522655,0.4894359972967922,0.05683441905525932,0.879625238987943,5.553286980621825,1171.284480837654,726.2872626893786,1813.3875701120287,0.06919845106313005,0.004092725916694874,124.84056898250871,True,35
price_trend90s_anchored,factual,end_of_life,"same slope, level anchored to observed 2007",2008–2019,2019.0,42.45631330733886,-26.724258790622116,130.44471670703206,0.5179051445552283,-0.3567677986734024,1.5097662430531376,0.6104325892144447,0.1697430262775011,1.0328348656635598,0.5498849037323963,552.7118539081712,-185.7928645681386,1247.6938925221039,0.14792319815023802,0.001529743352698936,338.55688514121334,True,35
price_trend90s_anchored,factual,inuse_inflow,"same slope, level anchored to observed 2007",2008–2019,2019.0,4.778819897677749,-44.71032120406744,73.88226127819507,0.03542407157348254,-0.34494980381530127,0.5778048593954581,0.0737008366580132,-0.16319261142068295,0.2937572612628231,0.7640277786313034,1098.0307148549182,645.7440846410755,1750.6758558202564,3.62574970186688,0.026836723498087713,1.3199849667194556,False,35
price_trend90s_anchored,factual,primary_refining,"same slope, level anchored to observed 2007",2008–2019,2019.0,-14.344730368466116,-35.46121004456654,-6.9798571526189335,-0.11989607857095502,-0.2919035837790742,-0.05722051773835734,-0.16019259876428843,-0.21725744425093044,-0.09099260252676683,0.0007505380971235681,-13.980320812173886,-20.387089357929653,-1.214844877802534,3.9919646420166828,0.03659450501729565,3.2763410384780056,False,35
price_trend90s_anchored,factual,refined_consumption,"same slope, level anchored to observed 2007",2008–2019,2019.0,-1.6617039967677556,-24.480820541124558,27.932469083636533,-0.012859428066534942,-0.18355670821495207,0.21107109277494623,0.01083047958061828,-0.09559062092864332,0.11870756326590484,0.21501556728290241,254.50547155571985,-70.84875768750499,697.009925902239,4.23771228879923,0.03346748879894767,0.38423641952303533,False,35
price_flat90s,factual,Concentrate,"zinc price held at the 1990s geometric mean, 2008–2019",2008–2019,2019.0,-4.279565554389819,-60.598035757097136,86.94321901144303,-0.2432892436288385,-3.1215142484974425,5.1241028363539005,0.43922869124648406,-1.8359030388356186,3.42055375208154,-0.4479964496962477,,,,2.5589773647568563,0.1362192328549862,1.786012433999206,False,35
price_flat90s,factual,Refined,"zinc price held at the 1990s geometric mean, 2008–2019",2008–2019,2019.0,162.477433422775,82.88887793708847,236.60723443707218,18.587200937752172,7.58103501012572,24.683850516773745,16.760340457547656,12.042382439890881,21.364607222874593,13.688073474851004,,,,0.4066041316323208,0.04360148601102049,426.2974186947244,True,35
price_flat90s,factual,In-Use,"zinc price held at the 1990s geometric mean, 2008–2019",2008–2019,2019.0,-1228.5116525165504,-1746.2026103226963,-538.186554557833,-0.4876927360619401,-0.7045028902521207,-0.2241831381334786,-0.5110818957480234,-0.6675445484093884,-0.3615164479134408,-0.27576185822050975,,,,3.4428334660769906,0.0014880603357317092,327.7372055092993,True,35
price_flat90s,factual,Scrap,"zinc price held at the 1990s geometric mean, 2008–2019",2008–2019,2019.0,41.37442622562503,-206.2735980248135,288.45331311745986,0.7751836065412495,-3.6079977694379246,5.663330933480424,0.47500263881254245,-2.024749042062055,3.3382292277417736,0.2292922632578032,,,,0.45025629232350184,0.008571340215823562,90.43901968914757,True,35
price_flat90s,factual,secondary_supply,"zinc price held at the 1990s geometric mean, 2008–2019",2008–2019,2019.0,-368.4643132929741,-600.5624475688492,-157.0913961410606,-6.771253952063445,-12.544507424828627,-3.376857936058644,-8.137340327264429,-10.387168169285017,-5.969045743494269,-5.560106699576269,-2702.899721631351,-4069.148887699753,-1664.5270407946018,0.4263646152430738,0.010825907707635423,625.4675483043085,True,35
price_flat90s,factual,waelz_recycling,"zinc price held at the 1990s geometric mean, 2008–2019",2008–2019,2019.0,-60.7230863735349,-131.71308460469118,3.720635713358206,-6.049066979453602,-9.493206849257428,0.19015835982760632,-4.655758434903479,-7.55124015785516,-0.9373520116544052,-3.984683912606528,-521.6671056488576,-879.105198215243,80.82378430245808,0.10879893911442196,0.011819930154148226,511.7684199961766,True,35
price_flat90s,factual,direct_reuse_recycling,"zinc price held at the 1990s geometric mean, 2008–2019",2008–2019,2019.0,-294.81839349547226,-490.0983427313913,-166.54520738613792,-8.252136377372773,-15.370875919974443,-4.993017019710713,-9.19113733415526,-12.04120046108055,-6.5464181574676035,-5.891161039012311,-2508.530222518195,-3105.74681952249,-1408.8124680895671,0.31850065868275124,0.011883827436366748,694.400555844465,True,35
price_flat90s,factual,old_scrap_recovery,"zinc price held at the 1990s geometric mean, 2008–2019",2008–2019,2019.0,-177.73621169185208,-368.39030831532,-87.6048122927532,-7.929399070312398,-16.726873040091174,-4.41025253792569,-10.720490694564283,-14.359640421689136,-7.159383978478002,-6.84847766237645,-1482.9345370723895,-2126.6246921657585,-1029.4217581176144,0.06919845106313005,0.004092725916694874,1937.437109572163,True,35
price_flat90s,factual,end_of_life,"zinc price held at the 1990s geometric mean, 2008–2019",2008–2019,2019.0,-70.61355193908093,-189.9206895170064,28.678018929582322,-0.8792674551466724,-2.1386453469953173,0.35207593473446486,-0.9182156603005198,-1.573805589908057,-0.328839061116119,-0.46079745170976133,-399.8030065567582,-1133.7957849402737,153.00686709141883,0.14792319815023802,0.001529743352698936,574.7810268927628,True,35
price_flat90s,factual,inuse_inflow,"zinc price held at the 1990s geometric mean, 2008–2019",2008–2019,2019.0,-166.6153350112727,-345.5256939883984,-52.44429383665556,-1.287755594228843,-2.591538150575916,-0.3984151807701872,-1.5431758082200173,-2.06765004674368,-1.065016455428407,-1.104704620246545,-1734.6144627759932,-2539.5155412161985,-942.4352654386457,3.62574970186688,0.026836723498087713,47.984829232995,True,35
price_flat90s,factual,primary_refining,"zinc price held at the 1990s geometric mean, 2008–2019",2008–2019,2019.0,-23.51837493624771,-57.15660598812974,15.334641709603602,-0.19228773998816867,-0.4716454236004066,0.12499550277044183,-0.1809724445227247,-0.36395574841465234,0.005629828514379993,0.0009720178672259725,7.017876299098134,-88.31870290574443,63.5230327177851,3.9919646420166828,0.03659450501729565,5.2545522858496865,True,35
price_flat90s,factual,refined_consumption,"zinc price held at the 1990s geometric mean, 2008–2019",2008–2019,2019.0,-38.1120182875311,-123.00179877402843,9.500771096907556,-0.30335189303303434,-0.9084335612054346,0.06987120716645324,-0.35680815395505033,-0.6212947390668833,-0.07062704867941705,-0.44991085098487954,-673.657873764023,-1026.1783494075498,-88.40493150959082,4.23771228879923,0.03346748879894767,9.064076927175151,True,35
tau_olds_step10_2005,factual_tau_ref,Concentrate,tau_olds +10 pp from 2005,2008–2019,2019.0,-1.562927832310379e-05,-0.0011128859165410177,0.0012884212490007485,-8.296509145307445e-07,-5.547274622491769e-05,6.942606362388005e-05,2.680705219677208e-06,-3.7805354275590846e-05,5.658790532052521e-05,-0.002947683369325471,,,,2.5589773647568563,0.1362192328549862,6.090556356413777e-06,False,35
tau_olds_step10_2005,factual_tau_ref,Refined,tau_olds +10 pp from 2005,2008–2019,2019.0,20.718518764720216,14.50131185091601,25.695070121014908,2.166945008893497,1.7174679834261464,2.503325898298674,2.123619469399376,1.9652510631222118,2.3187680257994883,1.6329124732034257,,,,0.4066041316323208,0.04360148601102049,49.69887972042492,True,35
tau_olds_step10_2005,factual_tau_ref,In-Use,tau_olds +10 pp from 2005,2008–2019,2019.0,7022.45869680855,6826.3916388567595,7364.169368946459,2.910216488928305,2.7845444896076197,3.0713165292131026,2.9298884079682455,2.860121804406162,2.996573142470485,1.7780104562821324,,,,3.4428334660769906,0.0014880603357317092,1955.7113505732234,True,35
tau_olds_step10_2005,factual_tau_ref,Scrap,tau_olds +10 pp from 2005,2008–2019,2019.0,1274.8862639704184,1144.769505415361,1536.9306437386895,23.858068236772212,22.37045180786058,24.887383268022543,23.918505552493663,23.084138344623156,24.85330932182152,21.39818793935525,,,,0.45025629232350184,0.008571340215823562,2783.4699867271397,True,35
tau_olds_step10_2005,factual_tau_ref,secondary_supply,tau_olds +10 pp from 2005,2008–2019,2019.0,1125.829166163643,1030.2719791774362,1213.416952713511,24.052392645852187,22.069009851558697,24.738045342122106,23.698369952751037,22.86668746575204,24.595577295958392,21.13386748696438,10666.770589830294,10025.247838450709,11193.694166287922,0.4263646152430738,0.010825907707635423,2221.743736914387,True,35
tau_olds_step10_2005,factual_tau_ref,waelz_recycling,tau_olds +10 pp from 2005,2008–2019,2019.0,278.5210377597141,223.41594262185208,347.20249029522347,24.054417226543602,22.06287246920728,24.734694196963197,23.699050147494212,22.86498168747915,24.59130339998385,21.138554500487533,2484.7879615458314,2158.7953673026004,3031.9846986590164,0.10879893911442196,0.011819930154148226,2035.072704562612,True,35
tau_olds_step10_2005,factual_tau_ref,direct_reuse_recycling,tau_olds +10 pp from 2005,2008–2019,2019.0,824.9156180415448,765.1949394626135,901.1158129322284,24.051957271515676,22.07060843531589,24.739435737003248,23.698135171531302,22.867455509940207,24.597446627022258,21.13226206735106,7873.913046382098,7499.873778851106,8449.251089752921,0.31850065868275124,0.011883827436366748,2023.9234708097629,True,35
tau_olds_step10_2005,factual_tau_ref,old_scrap_recovery,tau_olds +10 pp from 2005,2008–2019,2019.0,947.8908503064231,889.1449741302204,1012.1952452488949,46.83909048144729,42.81789258118657,51.300018287974225,46.85950048970288,44.78283410463115,49.094571990873966,43.76434195995256,9680.364162588594,9212.901023636365,10340.30534702985,0.06919845106313005,0.004092725916694874,11444.47281221136,True,35
tau_olds_step10_2005,factual_tau_ref,end_of_life,tau_olds +10 pp from 2005,2008–2019,2019.0,269.6016987498442,233.8758325935487,312.9050623912335,3.1017290709764267,2.894299168233355,3.434555583909292,3.138233919850644,3.019780405681621,3.274176641877079,1.8877449890218998,1799.5949187631777,1549.876866982755,2114.258576812761,0.14792319815023802,0.001529743352698936,2027.6140213350338,True,35
tau_olds_step10_2005,factual_tau_ref,inuse_inflow,tau_olds +10 pp from 2005,2008–2019,2019.0,862.0260040738503,800.3100448206533,923.9982207230933,6.5874580821072595,6.246836230985221,7.097070424343148,6.633628074846541,6.431290772336219,6.839891047825301,5.450093037294557,8267.24590138055,7827.252673542855,8832.198557275537,3.62574970186688,0.026836723498087713,245.46431991135793,True,35
tau_olds_step10_2005,factual_tau_ref,primary_refining,tau_olds +10 pp from 2005,2008–2019,2019.0,-0.01210812252247706,-0.36604772257851437,1.126356099586701,-0.00010087754804427696,-0.0030116488255171473,0.0092941078736847,0.0003166382951291436,-0.00206624076236974,0.004589885314517788,0.0002867401317795507,-0.12424152763560414,-10.321190015398315,3.8027232887543505,3.9919646420166828,0.03659450501729565,0.0027566310296204097,False,35
tau_olds_step10_2005,factual_tau_ref,refined_consumption,tau_olds +10 pp from 2005,2008–2019,2019.0,276.3683656749781,225.03044278000016,345.80187994486187,2.1293715144223198,1.7110132346850353,2.504854522052079,2.1146445607977915,1.9528659629316683,2.2815186933982576,1.5873191372390083,2471.072292291996,2145.4824257303117,3008.549507970951,4.23771228879923,0.03346748879894767,63.625075882277564,True,35
tau_olds_step05_2005,factual_tau_ref,Concentrate,tau_olds +5 pp from 2005 (linearity check),2008–2019,2019.0,-0.00026038742771561374,-0.0012706374149047406,0.0009495831430967883,-1.4847564316572697e-05,-6.68163541869608e-05,5.009985158077352e-05,-8.272501507733013e-06,-4.342867024389636e-05,3.551133956513733e-05,0.005310706158977795,,,,2.5589773647568563,0.1362192328549862,0.00010899756227799969,False,35
tau_olds_step05_2005,factual_tau_ref,Refined,tau_olds +5 pp from 2005 (linearity check),2008–2019,2019.0,10.238725545777697,7.143361751087127,12.66681465318726,1.0693210687014523,0.846165780785994,1.236828177406752,1.0470616410264681,0.9684051912492257,1.1431618732754436,0.8149535803071308,,,,0.4066041316323208,0.04360148601102049,24.52487670789881,True,35
tau_olds_step05_2005,factual_tau_ref,In-Use,tau_olds +5 pp from 2005 (linearity check),2008–2019,2019.0,3481.9698925050616,3397.3448860962235,3640.0543747427873,1.442669069124259,1.3816332466408716,1.5218201217874858,1.4548710462674994,1.4196045070367065,1.4874029618395703,0.8864116000737222,,,,3.4428334660769906,0.0014880603357317092,969.4963533954217,True,35
tau_olds_step05_2005,factual_tau_ref,Scrap,tau_olds +5 pp from 2005 (linearity check),2008–2019,2019.0,628.0385744577416,564.3015061547048,758.0012177149861,11.782310443340766,11.025549723297907,12.266530751943304,11.788602157941627,11.375773513203317,12.248551904321369,10.62170324193891,,,,0.45025629232350184,0.008571340215823562,1374.6170548206017,True,35
tau_olds_step05_2005,factual_tau_ref,secondary_supply,tau_olds +5 pp from 2005 (linearity check),2008–2019,2019.0,555.4454035149138,508.61184585598676,598.171697512169,11.853761617818884,10.894604839703746,12.216228435299202,11.682256556795682,11.272440330440528,12.125756430675366,10.477392448422536,5289.601472164319,4976.4756367913105,5544.570189859216,0.4263646152430738,0.010825907707635423,1094.9439010512276,True,35
tau_olds_step05_2005,factual_tau_ref,waelz_recycling,tau_olds +5 pp from 2005 (linearity check),2008–2019,2019.0,137.39601908430996,110.32768615696295,171.35364793521512,11.854692357408632,10.893308451330352,12.214749159146777,11.680988863719637,11.27259837433143,12.12478840618033,10.484355569528562,1232.6585958489104,1072.3426358850274,1502.9631835970486,0.10879893911442196,0.011819930154148226,1002.9409821214726,True,35
tau_olds_step05_2005,factual_tau_ref,direct_reuse_recycling,tau_olds +5 pp from 2005 (linearity check),2008–2019,2019.0,407.1798958789732,377.4691600864753,444.1025816178444,11.853561467667761,10.895011117693068,12.216837602385105,11.682692485411932,11.2720091835833,12.12523496100091,10.477128602279057,3909.264147709546,3722.503182325163,4188.368189622481,0.31850065868275124,0.011883827436366748,997.4531800582726,True,35
tau_olds_step05_2005,factual_tau_ref,old_scrap_recovery,tau_olds +5 pp from 2005 (linearity check),2008–2019,2019.0,466.9897649138438,438.3985585310802,497.8707205082792,23.05632842810373,21.084113348459468,25.270168812119728,23.06595114593894,22.039348229997948,24.183519903192245,21.65433200483534,4794.202064667948,4565.539835393509,5115.883921037845,0.06919845106313005,0.004092725916694874,5633.489487789381,True,35
tau_olds_step05_2005,factual_tau_ref,end_of_life,tau_olds +5 pp from 2005 (linearity check),2008–2019,2019.0,133.3075453749625,116.3853138483828,155.0467387343815,1.5419592898185044,1.4356393928798314,1.7026937114735934,1.5563878061791117,1.4998945157688937,1.624525083387839,0.9437426137530404,895.5879752835608,771.3194017460919,1050.6727754509484,0.14792319815023802,0.001529743352698936,1007.9856121603768,True,35
tau_olds_step05_2005,factual_tau_ref,inuse_inflow,tau_olds +5 pp from 2005 (linearity check),2008–2019,2019.0,425.15667510352796,395.0042892398196,454.45292916565086,3.252410459204316,3.0810982573986356,3.504412466258933,3.2700669276528944,3.174423006464868,3.371712851468491,2.70555670254762,4094.97700616825,3879.7501026774844,4374.3388443276635,3.62574970186688,0.026836723498087713,121.19253154864717,True,35
tau_olds_step05_2005,factual_tau_ref,primary_refining,tau_olds +5 pp from 2005 (linearity check),2008–2019,2019.0,-0.04316912026843056,-0.6721782753593288,0.6739459304953925,-0.00035275490813422954,-0.0056202298075388795,0.005520662812663028,-0.0006128184949798655,-0.0037645260978951454,0.0026271789975493244,0.002086410709208205,3.136068212450482,-4.397007314968505,8.850245732246549,3.9919646420166828,0.03659450501729565,0.00963955949035264,False,35
tau_olds_step05_2005,factual_tau_ref,refined_consumption,tau_olds +5 pp from 2005 (linearity check),2008–2019,2019.0,137.01526219100924,111.19963896437548,170.3684876426123,1.0553482001569363,0.8454945989623691,1.2389762432954716,1.042763198335828,0.9601499952775209,1.1229307235361325,0.7850521499793244,1221.9086573790992,1081.0536954309355,1500.1439344424289,4.23771228879923,0.03346748879894767,31.533534126113462,True,35
shock2008_bridge,factual,Concentrate,"all drivers, 2008–2009 bridged from 2007 to 2010",2008–2019,2019.0,-4.497048644225288e-05,-0.0008995802221534177,0.0006105206257416285,-2.387831672906498e-06,-4.700990823674125e-05,3.518597981108616e-05,-5.976909978271689e-06,-3.0299888714552964e-05,2.8710352239356424e-05,-0.3232111221457599,,,,2.5589773647568563,0.1362192328549862,1.7529328442544474e-05,False,35
shock2008_bridge,factual,Refined,"all drivers, 2008–2009 bridged from 2007 to 2010",2008–2019,2019.0,0.0026166298537191324,-0.057882079638034156,0.11149091003454714,0.00035991839939939727,-0.005732020458395406,0.010934216760815477,0.0018316149182275475,-0.003252860107416389,0.006953650415123778,-5.286191735808051,,,,0.4066041316323208,0.04360148601102049,0.008254727816121361,False,35
shock2008_bridge,factual,In-Use,"all drivers, 2008–2009 bridged from 2007 to 2010",2008–2019,2019.0,-52.96197085507447,-340.79448968262295,98.31507032712398,-0.02156483029198911,-0.1429297065148445,0.04000156247225617,-0.03373923156626914,-0.08785996629130002,0.010227266393052274,0.015780797102646207,,,,3.4428334660769906,0.0014880603357317092,14.491905855003688,True,35
shock2008_bridge,factual,Scrap,"all drivers, 2008–2009 bridged from 2007 to 2010",2008–2019,2019.0,0.28246557337570266,-3.9229096637964176,5.847201463414876,0.0056839314605249235,-0.05848393640760926,0.11133005911702903,0.02033342285758488,-0.03100347814116791,0.07317430569892885,0.06984380485045462,,,,0.45025629232350184,0.008571340215823562,0.6631321727297453,False,35
shock2008_bridge,factual,secondary_supply,"all drivers, 2008–2009 bridged from 2007 to 2010",2008–2019,2019.0,0.388054501334409,-2.484580998958336,5.902478964111651,0.010145563405160271,-0.05331919382056903,0.12470721770779733,0.02495967695250298,-0.028583682554481328,0.08330457731358476,0.3170759192293239,83.25408102226174,-265.6735399130512,303.7489605065857,0.4263646152430738,0.010825907707635423,0.9371559114627117,False,35
shock2008_bridge,factual,waelz_recycling,"all drivers, 2008–2009 bridged from 2007 to 2010",2008–2019,2019.0,0.07771821571805049,-0.6374869385854254,1.6449724109952513,0.010280563617355172,-0.054600191896908415,0.12339229800671267,0.025751868514703465,-0.027291123351374763,0.08453903845976582,-0.47764413292433683,-62.63371554501282,-165.7359102859109,37.910011614015275,0.10879893911442196,0.011819930154148226,0.8697651748599537,False,35
shock2008_bridge,factual,direct_reuse_recycling,"all drivers, 2008–2009 bridged from 2007 to 2010",2008–2019,2019.0,0.3159953747090185,-1.8470940603729105,4.28609906789643,0.010115273116792682,-0.05293366842432118,0.1252532623350386,0.024724944765523928,-0.029134838849456675,0.08293520195110665,0.5086785992526893,125.32206898610457,-98.81592338357223,294.42056138555563,0.31850065868275124,0.011883827436366748,0.8511797374167555,False,35
shock2008_bridge,factual,old_scrap_recovery,"all drivers, 2008–2009 bridged from 2007 to 2010",2008–2019,2019.0,-0.20597829683538293,-3.4092879799318325,3.358849843025382,-0.009522723497631445,-0.18460770010253053,0.14710393761851406,0.0005792087973947309,-0.08513452176186452,0.09008949723915641,-0.23236023553156224,-68.50140873352575,-249.13138933629853,187.62341724500402,0.06919845106313005,0.004092725916694874,2.326743518002697,False,35
shock2008_bridge,factual,end_of_life,"all drivers, 2008–2009 bridged from 2007 to 2010",2008–2019,2019.0,-1.0076868535543326,-15.849394017946906,13.103912597318413,-0.011119900062953304,-0.18466451854920898,0.14720931933940878,0.0004937123184167377,-0.08518769199584525,0.08937074997694908,0.014056418687705735,-6.552005851117428,-176.59265577493352,291.13420107820275,0.14792319815023802,0.001529743352698936,7.269127885624992,True,35
shock2008_bridge,factual,inuse_inflow,"all drivers, 2008–2009 bridged from 2007 to 2010",2008–2019,2019.0,0.7361725983791985,-3.4661942459642887,4.690400689403759,0.005619976716019626,-0.025915939724902304,0.03589468647123595,0.007483173270284742,-0.011936881163677176,0.022025895975752684,0.07194720842170373,-34.31327318458352,-215.32524840104452,183.4271282816917,3.62574970186688,0.026836723498087713,0.2094136684167158,False,35
shock2008_bridge,factual,primary_refining,"all drivers, 2008–2009 bridged from 2007 to 2010",2008–2019,2019.0,-0.00852791772922501,-0.4904546314792242,0.5797556762699969,-7.139268763587582e-05,-0.004037937379836862,0.0047761904147424665,-9.46994966734166e-05,-0.0027744923469968904,0.0026500383192150797,0.017669362824469376,-1.553352165123215,-8.979857996324426,10.305544583985466,3.9919646420166828,0.03659450501729565,0.0019509127832753447,False,35
shock2008_bridge,factual,refined_consumption,"all drivers, 2008–2009 bridged from 2007 to 2010",2008–2019,2019.0,0.6234274126472883,-1.2182455324800685,2.0768208440567832,0.004601311377686237,-0.009261934078700546,0.015706297135481155,0.002792802621853026,-0.004846332375049919,0.009199918589633213,0.061025168037813216,-66.08712962732534,-155.6056632258551,31.86207221314544,4.23771228879923,0.03346748879894767,0.1374860063546482,False,35
shock2008_bridge3,factual,Concentrate,"all drivers, 2008–2010 bridged (width robustness)",2008–2019,2019.0,-1.979071885216399e-05,-0.0004189633668829629,0.0006990126779555794,-7.608961176902785e-07,-2.0823685018338373e-05,3.723939014281233e-05,4.790280606150439e-06,-1.2820368649691583e-05,2.9554330691615965e-05,-0.6904590488198993,,,,2.5589773647568563,0.1362192328549862,5.585820017796602e-06,False,35
shock2008_bridge3,factual,Refined,"all drivers, 2008–2010 bridged (width robustness)",2008–2019,2019.0,0.026153236504001143,-0.05189480449701023,0.12468001314715593,0.0029244567501673967,-0.006121579536910048,0.013461501239512636,0.0035084857570318166,-0.0013683982601962984,0.008762367190532722,-4.884007888840404,,,,0.4066041316323208,0.04360148601102049,0.06707241008777146,False,35
shock2008_bridge3,factual,In-Use,"all drivers, 2008–2010 bridged (width robustness)",2008–2019,2019.0,20.97494477761211,-246.8632487016439,151.9760869655147,0.009063825776580681,-0.10266301321019058,0.06091533434489893,-0.006548803636055296,-0.06343683704775709,0.035121110185420204,0.0330574525946156,,,,3.4428334660769906,0.0014880603357317092,6.0910337833336685,True,35
shock2008_bridge3,factual,Scrap,"all drivers, 2008–2010 bridged (width robustness)",2008–2019,2019.0,2.0651399500547996,-2.8179564181414207,7.633541349241796,0.041555909954699786,-0.052349176733609365,0.12610340333282255,0.03740310814751692,-0.018791461498868,0.08894988021711844,0.07356484984187463,,,,0.45025629232350184,0.008571340215823562,4.848239471113673,True,35
shock2008_bridge3,factual,secondary_supply,"all drivers, 2008–2010 bridged (width robustness)",2008–2019,2019.0,1.9497631563681352,-2.669806646053985,6.8030068770731305,0.043288441956020406,-0.05448174275918494,0.13650492158777822,0.04525632438774749,-0.015520969959703777,0.09952164226712869,0.6360775406885079,267.87589008732357,-104.26643615634748,531.7914522777946,0.4263646152430738,0.010825907707635423,3.9985969883605628,True,35
shock2008_bridge3,factual,waelz_recycling,"all drivers, 2008–2010 bridged (width robustness)",2008–2019,2019.0,0.3727217721279885,-0.6556641358420165,2.0829511522315443,0.044000967846748264,-0.054479398795947424,0.13494702261143093,0.04601182109051821,-0.015402253821014556,0.09992290358570521,-0.6011049831286693,-72.47704325448831,-158.4336490416108,125.22899759617576,0.10879893911442196,0.011819930154148226,3.722608109600888,False,35
shock2008_bridge3,factual,direct_reuse_recycling,"all drivers, 2008–2010 bridged (width robustness)",2008–2019,2019.0,1.5770413842401467,-1.9366209823056124,4.804820406730869,0.04312340048255805,-0.054483024772480224,0.13723334843459511,0.04523900130857322,-0.015929259499480517,0.09949201197833889,1.0180634983038566,284.1109171917851,-17.579471250854112,461.3531522428493,0.31850065868275124,0.011883827436366748,3.62874677484733,True,35
shock2008_bridge3,factual,old_scrap_recovery,"all drivers, 2008–2010 bridged (width robustness)",2008–2019,2019.0,0.3155818340164842,-3.20452156209285,4.584177975935745,0.01775028959418829,-0.17571137908714707,0.20075135260639126,0.030108469780584263,-0.06369570587283395,0.12371071644539003,0.15234529797929217,1.583202581936348,-120.22877356088247,246.14213492035378,0.06919845106313005,0.004092725916694874,4.337033545730992,False,35
shock2008_bridge3,factual,end_of_life,"all drivers, 2008–2010 bridged (width robustness)",2008–2019,2019.0,1.612937540106941,-14.986066576559097,17.891726602058043,0.01786849952488748,-0.17758384469574018,0.2009623393916286,0.030027397077838643,-0.06281702177351324,0.12348119437520483,-0.033702736628817724,-35.528688961756416,-116.97737363813212,301.1881456167248,0.14792319815023802,0.001529743352698936,11.680717221854222,True,35
shock2008_bridge3,factual,inuse_inflow,"all drivers, 2008–2010 bridged (width robustness)",2008–2019,2019.0,1.6686189687461592,-2.3595384765358176,5.5290962393337395,0.013617138431432647,-0.01816025110499564,0.04061865094361182,0.011715754072540233,-0.005884225654436387,0.02840365144154551,0.1250038449329813,-2.863745684182504,-86.15213272026449,217.2347512330307,3.62574970186688,0.026836723498087713,0.5074068908748475,False,35
shock2008_bridge3,factual,primary_refining,"all drivers, 2008–2010 bridged (width robustness)",2008–2019,2019.0,-0.00238648772938177,-0.28871776975574903,0.8094280398800038,-1.960272678035084e-05,-0.002330879017282229,0.006640611778229491,0.00044765693782389075,-0.00182751424269527,0.0036886309226714467,0.018138042589543407,0.5509451002290007,-4.181690742232604,4.517929032808752,3.9919646420166828,0.03659450501729565,0.000535674051912603,False,35
shock2008_bridge3,factual,refined_consumption,"all drivers, 2008–2010 bridged (width robustness)",2008–2019,2019.0,0.5568115599453449,-0.7015728492406197,2.0764755874406546,0.004199275288083724,-0.0051010248700071445,0.0154052034328377,0.00478492323791578,-0.001476960057799897,0.011232058649886528,0.051791153974660754,-72.73357782463427,-157.45843310604687,117.3581208025862,4.23771228879923,0.03346748879894767,0.12547327089015903,False,35
shock2008_only::Zinc real price,factual,Concentrate,only 'Zinc real price' bridged over 2008–2009,2008–2019,2019.0,-8.946399475462385e-06,-0.0012657478961273227,0.0008547171610189253,-5.581530595424525e-07,-6.030274751068246e-05,4.453922730454518e-05,-2.7573624335834825e-06,-5.354671422462221e-05,2.9269993461521382e-05,-0.09695784557964449,,,,2.5589773647568563,0.1362192328549862,4.097461480616625e-06,False,35
shock2008_only::Zinc real price,factual,Refined,only 'Zinc real price' bridged over 2008–2009,2008–2019,2019.0,0.017211723411605817,-0.00923345170997436,0.11839887772288193,0.002615038090070594,-0.0008646335145617557,0.012596728033169372,0.005354528380593565,0.0012409794150597953,0.009269549875216996,-1.6617070633294606,,,,0.4066041316323208,0.04360148601102049,0.059975893697972356,False,35
shock2008_only::Zinc real price,factual,In-Use,only 'Zinc real price' bridged over 2008–2009,2008–2019,2019.0,129.3267032574222,-41.79378515899589,259.5309473411471,0.054955475159201635,-0.017251774064148077,0.1069239394332949,0.05247995858821801,0.019858960870698536,0.08485993678604607,0.08453984546001825,,,,3.4428334660769906,0.0014880603357317092,36.93094549971922,True,35
shock2008_only::Zinc real price,factual,Scrap,only 'Zinc real price' bridged over 2008–2009,2008–2019,2019.0,2.151969426978212,-0.7366703064014928,8.345777433233934,0.03954129216453059,-0.01787342513208139,0.1644455758466429,0.059018886881554364,0.017113128668638306,0.10022481786234255,0.0009257580399123222,,,,0.45025629232350184,0.008571340215823562,4.613198306086761,True,35
shock2008_only::Zinc real price,factual,secondary_supply,only 'Zinc real price' bridged over 2008–2009,2008–2019,2019.0,1.9534914190408017,-0.768617685414938,7.64461417077473,0.04037576155588514,-0.018411958628453393,0.17247681915922763,0.05923573102196926,0.016027110641140492,0.10175109648300192,0.986654402580574,454.7759533225508,319.3199743394998,653.5249302634511,0.4263646152430738,0.010825907707635423,3.7295497658278065,True,35
shock2008_only::Zinc real price,factual,waelz_recycling,only 'Zinc real price' bridged over 2008–2009,2008–2019,2019.0,0.4567154219803342,-0.14142687743515125,1.6190997108660667,0.04334625242890301,-0.018821554589408238,0.1728886758109647,0.05996548680521338,0.01584255030609817,0.10245118544779169,0.49820946553710416,44.67487519975111,-9.505722389393668,120.47246357388485,0.10879893911442196,0.011819930154148226,3.667217307006722,False,35
shock2008_only::Zinc real price,factual,direct_reuse_recycling,only 'Zinc real price' bridged over 2008–2009,2008–2019,2019.0,1.4915867909585359,-0.6271908079797868,5.614795164641691,0.04040997060774067,-0.018249028122315884,0.17232037807533712,0.059532496548846764,0.015642025736460598,0.1019620007949936,1.2286249410902845,446.0112651682066,256.94728347355704,582.9684154961687,0.31850065868275124,0.011883827436366748,3.4004171487780575,True,35
shock2008_only::Zinc real price,factual,old_scrap_recovery,only 'Zinc real price' bridged over 2008–2009,2008–2019,2019.0,1.2483643485466018,-0.542027404961118,5.660100719604088,0.08298505246396463,-0.03171353143701195,0.2505043585576103,0.10636510352275536,0.036886549858519635,0.17294796055708395,1.1953188016083829,259.8793713411105,170.88434343915105,409.0636611733062,0.06919845106313005,0.004092725916694874,20.276230109975245,True,35
shock2008_only::Zinc real price,factual,end_of_life,only 'Zinc real price' bridged over 2008–2009,2008–2019,2019.0,6.808853737893514,-2.6829092232801486,21.87066584760032,0.08314244359572395,-0.031565807907000795,0.24993214780296158,0.10587653121145944,0.035826250648310264,0.1726118364660184,0.14099030840909488,122.54998470214196,-43.8012983459339,350.0453903559319,0.14792319815023802,0.001529743352698936,54.35058335049157,True,35
shock2008_only::Zinc real price,factual,inuse_inflow,only 'Zinc real price' bridged over 2008–2009,2008–2019,2019.0,1.2201146957231686,-0.8065383018401917,6.627604405221064,0.009286141340144093,-0.006216551919072096,0.05049550347673651,0.017370556022331923,0.002821920281589908,0.028832466635025575,0.18357012797751104,238.96622786842636,152.77439140160277,365.58456476585707,3.62574970186688,0.026836723498087713,0.3460236619722147,False,35
shock2008_only::Zinc real price,factual,primary_refining,only 'Zinc real price' bridged over 2008–2009,2008–2019,2019.0,-0.05138384230667725,-0.7441136729903519,0.40740041362005286,-0.00042206939062006517,-0.006171753458158178,0.0033874386448617382,-0.001297922086539649,-0.003955109654867995,0.0015055234739159559,0.004025494359713199,-1.790482453769073,-9.746609296271345,5.367920840260922,3.9919646420166828,0.03659450501729565,0.011533682185906946,False,35
shock2008_only::Zinc real price,factual,refined_consumption,only 'Zinc real price' bridged over 2008–2009,2008–2019,2019.0,0.051782748429104686,-0.4668022232071962,1.992633861140348,0.0003942985768119627,-0.0035809683483345924,0.014928374431697545,0.005683188280807277,-0.00026792814703484194,0.01013069452547264,0.06174617470264091,40.32669821838499,-12.336270978441462,114.20794546026445,4.23771228879923,0.03346748879894767,0.01178154056256413,False,35
shock2008_only::Energy index,factual,Concentrate,only 'Energy index' bridged over 2008–2009,2008–2019,2019.0,0.00012720284917122626,-0.0004703583105083453,0.0011768017319582214,7.53274285648263e-06,-2.4694162253828118e-05,6.854003505458593e-05,1.5105014902116228e-05,-1.3133825887338232e-05,4.954269887003175e-05,-0.009377298926788511,,,,2.5589773647568563,0.1362192328549862,5.529867331217246e-05,False,35
shock2008_only::Energy index,factual,Refined,only 'Energy index' bridged over 2008–2009,2008–2019,2019.0,0.0016086261961163473,-0.00998677821826277,0.00926706276322875,0.0002357367875300582,-0.001197442308741821,0.0010133765564731359,5.544866131870343e-05,-0.0005312825473108907,0.000568497086673566,0.034704258214888366,,,,0.4066041316323208,0.04360148601102049,0.0054066227804821735,False,35
shock2008_only::Energy index,factual,In-Use,only 'Energy index' bridged over 2008–2009,2008–2019,2019.0,-11.151177053397987,-29.005300199176418,6.635123000072781,-0.004675390996411037,-0.01188771482635793,0.0027099851521945207,-0.004832909242677272,-0.008310759130731107,-0.0015139436299305515,-0.008128674324297846,,,,3.4428334660769906,0.0014880603357317092,3.1419364417855093,False,35
shock2008_only::Energy index,factual,Scrap,only 'Energy index' bridged over 2008–2009,2008–2019,2019.0,0.10169176586623507,-0.23423053446185804,0.4239084427886155,0.0018826474645666673,-0.0034642535044976204,0.006180164113188756,0.0011254350699376556,-0.0024875436170665143,0.004285546328815906,0.029560726751819043,,,,0.45025629232350184,0.008571340215823562,0.21964446832843124,False,35
shock2008_only::Energy index,factual,secondary_supply,only 'Energy index' bridged over 2008–2009,2008–2019,2019.0,0.08290663262960152,-0.19518793501083564,0.42743488292762777,0.0018237416977301157,-0.004601398305308208,0.008388197478086633,0.0018185275468755298,-0.0021721728599605763,0.005559047414891432,-0.0021256817879924564,-17.07351675362952,-46.24036128124317,8.404328285413612,0.4263646152430738,0.010825907707635423,0.16846085769268526,False,35
shock2008_only::Energy index,factual,waelz_recycling,only 'Energy index' bridged over 2008–2009,2008–2019,2019.0,0.005505520795850316,-0.0421989725145977,0.12729752630730218,0.0008907619846554775,-0.0040764675250627574,0.010222419909724563,0.002419734077905923,-0.002102140093781882,0.006242417217468455,-0.07286173860435004,-3.104063247426893,-15.638319712674274,14.883814458322377,0.10879893911442196,0.011819930154148226,0.07536101931557208,False,35
shock2008_only::Energy index,factual,direct_reuse_recycling,only 'Energy index' bridged over 2008–2009,2008–2019,2019.0,0.033648468015599065,-0.1596541577964672,0.2803971192406607,0.0009916585434863571,-0.004622533436505507,0.007587048026916912,0.0015319971801637526,-0.002393002909175303,0.005246486977548325,0.03684378399655469,-18.697701097677054,-37.51854529517004,2.9471731760822877,0.31850065868275124,0.011883827436366748,0.08344605715593743,False,35
shock2008_only::Energy index,factual,old_scrap_recovery,only 'Energy index' bridged over 2008–2009,2008–2019,2019.0,-0.10136590868933126,-0.24465251431320212,0.0799859858052514,-0.005844174672326537,-0.011936824537650628,0.00480846886669126,-0.0036751274477536365,-0.009058891577021992,0.0013631046626599065,-0.07707193951891934,-20.49974543911958,-36.49647174065831,-2.809628215216435,0.06919845106313005,0.004092725916694874,1.4279418635113648,False,35
shock2008_only::Energy index,factual,end_of_life,only 'Energy index' bridged over 2008–2009,2008–2019,2019.0,-0.515098560572369,-1.1236497441423126,0.3641027281410061,-0.005833737286365399,-0.012604496393334202,0.004810815717264346,-0.004522804412162078,-0.00976482174803555,0.0010522345580291177,-0.004111838813280405,-4.620130730239907,-20.227173363120528,13.340741400490515,0.14792319815023802,0.001529743352698936,3.813539883061363,False,35
shock2008_only::Energy index,factual,inuse_inflow,only 'Energy index' bridged over 2008–2009,2008–2019,2019.0,0.12950365722645074,-0.33526204849476926,0.8896193094260525,0.0010163865457858033,-0.0026098625661149177,0.0069540883234182945,0.0023312907678582585,-0.0006831373660025663,0.005415417790422569,0.0014310285105465451,-17.282602751802187,-30.391491762464284,1.4857921694638208,3.62574970186688,0.026836723498087713,0.03787297454021268,False,35
shock2008_only::Energy index,factual,primary_refining,only 'Energy index' bridged over 2008–2009,2008–2019,2019.0,0.10797677282243967,-0.33872660881024785,1.0014035019848961,0.0008743442932412849,-0.002844370781988588,0.008215069031742683,0.002382206948815438,-0.0007842714789927886,0.006038304551301113,0.0031115788566680423,1.9360937491001096,-3.3625138870993396,6.7302808154781815,3.9919646420166828,0.03659450501729565,0.023892775509001797,False,35
shock2008_only::Energy index,factual,refined_consumption,only 'Energy index' bridged over 2008–2009,2008–2019,2019.0,0.13386632280889899,-0.26389826272497885,1.3314366903796326,0.001043419286771186,-0.0019440002553815757,0.009812975180142115,0.0026252021568666977,-0.000687953242065561,0.006198241642514497,0.006794794761627857,-0.4288361503276974,-12.069439030514332,14.973419015688705,4.23771228879923,0.03346748879894767,0.031177101247106258,False,35
shock2008_only::GDP,factual,Concentrate,only 'GDP' bridged over 2008–2009,2008–2019,2019.0,1.9526414462234243e-05,-0.000805083439900045,0.0006859873468556543,1.218225052869858e-06,-4.1017012907801066e-05,3.787351598924371e-05,9.646573043423487e-07,-5.463503891414009e-05,4.354182397435591e-05,-0.05911931604331858,,,,2.5589773647568563,0.1362192328549862,8.943120786524573e-06,False,35
shock2008_only::GDP,factual,Refined,only 'GDP' bridged over 2008–2009,2008–2019,2019.0,-0.003114538496674868,-0.00864063097452572,0.0056810526907895564,-0.00027331153796796985,-0.0009404286469422109,0.0006160832979024472,-0.00030672269105214367,-0.0006991296247161452,0.00017440792261505847,-0.03923694603290828,,,,0.4066041316323208,0.04360148601102049,0.006268399611400607,False,35
shock2008_only::GDP,factual,In-Use,only 'GDP' bridged over 2008–2009,2008–2019,2019.0,-5.213027521065669,-9.252318862316315,0.6415712883608649,-0.002132126805152116,-0.003896923515493031,0.0002611737722405486,-0.001882262398956272,-0.0029888164312404045,-0.0005613504925963844,-0.0002955738267983314,,,,3.4428334660769906,0.0014880603357317092,1.4328228190449726,False,35
shock2008_only::GDP,factual,Scrap,only 'GDP' bridged over 2008–2009,2008–2019,2019.0,-0.14627686584753974,-0.30263501002082194,0.11679083030139736,-0.0025636627055238633,-0.0051395830505474305,0.002045176242815909,-0.0017374344389812536,-0.0036025470775359466,-6.451902357743153e-05,-0.005798335544726586,,,,0.45025629232350184,0.008571340215823562,0.2990970654497044,False,35
shock2008_only::GDP,factual,secondary_supply,only 'GDP' bridged over 2008–2009,2008–2019,2019.0,-0.1560306468491035,-0.3312810371626256,0.09147457449580543,-0.003139379624786787,-0.00691591060177487,0.0018590997680707198,-0.0025842997986821577,-0.004545387453304522,-0.0009204002263554645,-0.007330036131872546,-0.40181547414795205,-7.618670488725911,7.705824176116039,0.4263646152430738,0.010825907707635423,0.289987658270226,False,35
shock2008_only::GDP,factual,waelz_recycling,only 'GDP' bridged over 2008–2009,2008–2019,2019.0,-0.03336713527460233,-0.07950963698021951,0.02916980554255133,-0.0032047386557483536,-0.006614955720771207,0.0025793789540920027,-0.0024024061773586826,-0.004718526740083666,-0.00030857978077400655,-0.005614536380741673,-0.6028921050201461,-4.2511683938037095,2.1322171512247223,0.10879893911442196,0.011819930154148226,0.27113008401522953,False,35
shock2008_only::GDP,factual,direct_reuse_recycling,only 'GDP' bridged over 2008–2009,2008–2019,2019.0,-0.12290470192965586,-0.26325850096327486,0.05597280349320499,-0.0031436510358557107,-0.007025704310988944,0.00151283431178049,-0.0026958739273185285,-0.004567212613127095,-0.0010359093564691721,-0.008587971081534458,-0.18272198455088073,-5.373466832606937,7.657491854271939,0.31850065868275124,0.011883827436366748,0.2645318650652522,False,35
shock2008_only::GDP,factual,old_scrap_recovery,only 'GDP' bridged over 2008–2009,2008–2019,2019.0,0.014413076431083027,-0.11344670956532354,0.10781294145272113,0.0006398889341435205,-0.005561579522207955,0.00587958617962637,0.00016532156869815341,-0.002289125545025013,0.0025526908648025237,0.005728630270769971,1.2040552972430305,-6.212740052544177,6.462016319062968,0.06919845106313005,0.004092725916694874,0.15634785890091313,False,35
shock2008_only::GDP,factual,end_of_life,only 'GDP' bridged over 2008–2009,2008–2019,2019.0,0.08379364456050098,-0.4879635475226678,0.4509671776322648,0.0009592486984307742,-0.0052806404011421695,0.005166541022862357,-6.397268710462648e-05,-0.002375892748617906,0.0024387402330102517,0.003397614807497571,2.529112192511093,-3.9247482693608617,8.852946598781273,0.14792319815023802,0.001529743352698936,0.6270651196087014,False,35
shock2008_only::GDP,factual,inuse_inflow,only 'GDP' bridged over 2008–2009,2008–2019,2019.0,0.023628142254892737,-0.5820374772883952,0.5050836325972341,0.00018292740208180204,-0.004395730081458497,0.003895521168883311,-0.00026134801529597337,-0.002764032359637077,0.0024487224395049623,-0.002200693575807522,-3.5683258505014237,-7.914417190171662,4.428143314769841,3.62574970186688,0.026836723498087713,0.006816309080906869,False,35
shock2008_only::GDP,factual,primary_refining,only 'GDP' bridged over 2008–2009,2008–2019,2019.0,-0.025633208628278226,-0.6237104613392148,0.7499875122157391,-0.00020854150874932974,-0.005067045112499792,0.006195293085692472,0.0005439617769679766,-0.0027427269639269405,0.004116032365201083,-0.0006942632534401826,-3.7975726737931836,-7.206308572436683,3.7773442037578207,3.9919646420166828,0.03659450501729565,0.00569871101278093,False,35
shock2008_only::GDP,factual,refined_consumption,only 'GDP' bridged over 2008–2009,2008–2019,2019.0,0.01763973745983094,-0.6840880765521433,0.7375499791814946,0.0001345569971153983,-0.005082070414096262,0.005524256896131946,0.0001992010659637492,-0.002847248538597193,0.003790698087028829,-0.0025299860140882437,-3.602568490197882,-12.425273707995075,3.3030757178203203,4.23771228879923,0.03346748879894767,0.004020528636723687,False,35
shock2008_only::US Industrial Production Total Index,factual,Concentrate,only 'US Industrial Production Total Index' bridged over 2008–2009,2008–2019,2019.0,1.3941176348453155e-05,-0.00034031895074804197,0.0010827291630448599,5.741865412067055e-07,-1.9807853799918246e-05,5.3871277239646096e-05,9.078710509083237e-07,-1.825927007260978e-05,5.283030200382251e-05,-0.08310444964157875,,,,2.5589773647568563,0.1362192328549862,4.215164989351853e-06,False,35
shock2008_only::US Industrial Production Total Index,factual,Refined,only 'US Industrial Production Total Index' bridged over 2008–2009,2008–2019,2019.0,-0.0019244720034521379,-0.015819342949214388,0.0047790549438673224,-0.0001859349326856891,-0.0017358357747978945,0.0006007495443824807,-0.00038081074452214693,-0.0009201199811211141,0.00011578378258432522,-0.19739649302555096,,,,0.4066041316323208,0.04360148601102049,0.004264417332902212,False,35
shock2008_only::US Industrial Production Total Index,factual,In-Use,only 'US Industrial Production Total Index' bridged over 2008–2009,2008–2019,2019.0,-4.9786148448474705,-17.85415507579455,13.881818752910476,-0.0020738981178015023,-0.007570696545741032,0.005743350808799463,-0.0012971075978030122,-0.0049380359008436275,0.003659729392601491,0.0029280734509897666,,,,3.4428334660769906,0.0014880603357317092,1.393692223361175,False,35
shock2008_only::US Industrial Production Total Index,factual,Scrap,only 'US Industrial Production Total Index' bridged over 2008–2009,2008–2019,2019.0,-0.11369037824033512,-0.5538159336610988,0.16117813197115538,-0.0031030513092729093,-0.009484638577752261,0.004045086607889256,-0.0029937630217883125,-0.007464808090341883,0.0007620307001976972,-0.02944679950915897,,,,0.45025629232350184,0.008571340215823562,0.36202638457220054,False,35
shock2008_only::US Industrial Production Total Index,factual,secondary_supply,only 'US Industrial Production Total Index' bridged over 2008–2009,2008–2019,2019.0,-0.11967731901313527,-0.5890742272313219,0.12850833470474754,-0.0032137218994398764,-0.012425402776862784,0.0029250399010553024,-0.004516634549177029,-0.008695623786782958,-0.0001694188689854402,-0.004256516993458813,4.253115173143669,-28.581743845201345,28.660352003079424,0.4263646152430738,0.010825907707635423,0.29685472906565286,False,35
shock2008_only::US Industrial Production Total Index,factual,waelz_recycling,only 'US Industrial Production Total Index' bridged over 2008–2009,2008–2019,2019.0,-0.048313834970031166,-0.13335132083739154,0.0289063503350917,-0.003724013556394096,-0.011625075653224117,0.0026733644149055493,-0.0038208314555110328,-0.008279736278186352,0.00013497516076604356,-0.03512934662168742,-2.061163729214968,-23.496857742532484,18.016754506465077,0.10879893911442196,0.011819930154148226,0.31506223030320923,False,35
shock2008_only::US Industrial Production Total Index,factual,direct_reuse_recycling,only 'US Industrial Production Total Index' bridged over 2008–2009,2008–2019,2019.0,-0.09986287467472721,-0.47911663154809503,0.09941854186035926,-0.0031051798656495013,-0.012963362952420152,0.002916753233692808,-0.004603245194072151,-0.00898147515332404,-0.00032296720908443766,-0.00845925192951279,4.6558206822301145,-24.364378893063986,17.650678469228296,0.31850065868275124,0.011883827436366748,0.2612945940419049,False,35
shock2008_only::US Industrial Production Total Index,factual,old_scrap_recovery,only 'US Industrial Production Total Index' bridged over 2008–2009,2008–2019,2019.0,0.028787230905436445,-0.24473648965431494,0.21295456010193448,0.002109063368192523,-0.013077763429124407,0.010885376951861262,-0.001237542877897003,-0.008376535283303146,0.005226799381521133,0.006344554899014736,1.255638773298415,-18.48091658933481,11.38667841330789,0.06919845106313005,0.004092725916694874,0.5153199630567298,False,35
shock2008_only::US Industrial Production Total Index,factual,end_of_life,only 'US Industrial Production Total Index' bridged over 2008–2009,2008–2019,2019.0,0.15679980369168334,-1.226050871075131,0.8372846861893777,0.002115938025591819,-0.013992943289079931,0.009685968026384509,-0.0012319835645458223,-0.008646631879282851,0.0054056773616307065,0.0028325816932158517,1.564303808612749,-8.287944520867313,18.35076362125983,0.14792319815023802,0.001529743352698936,1.3831980520514475,False,35
shock2008_only::US Industrial Production Total Index,factual,inuse_inflow,only 'US Industrial Production Total Index' bridged over 2008–2009,2008–2019,2019.0,-0.08358215645421296,-0.6816290987189859,0.5114396780845709,-0.0006421431063178303,-0.0051547131645094686,0.003981187730644804,-0.0009302311215873475,-0.003453245113724284,0.0017421750808363915,0.006626493724099024,-0.2634484396548942,-11.911991571134422,13.950559087679721,3.62574970186688,0.026836723498087713,0.023927775921065292,False,35
shock2008_only::US Industrial Production Total Index,factual,primary_refining,only 'US Industrial Production Total Index' bridged over 2008–2009,2008–2019,2019.0,0.022771554067730904,-0.24869841302279383,0.9079412020510063,0.00018607693215359368,-0.002076901809584179,0.00738082566737675,0.0008802699604561481,-0.0011657881413276773,0.004849192970807158,0.0038586600882636953,0.8724336514133029,-4.469460013671778,7.671486324223224,3.9919646420166828,0.03659450501729565,0.005084832601661047,False,35
shock2008_only::US Industrial Production Total Index,factual,refined_consumption,only 'US Industrial Production Total Index' bridged over 2008–2009,2008–2019,2019.0,0.0026220325962640345,-0.3148134356888477,0.8457615342340432,2.0437398473925572e-05,-0.0022960283270441386,0.006056611173280996,0.00043153134836936723,-0.001797937754859738,0.0036784219008679413,0.006417951683004378,3.107535076851491,-28.203218982482213,19.07268132401805,4.23771228879923,0.03346748879894767,0.0006106642358708489,False,35
shock2008_only::EU28 Industrial Production Total Index,factual,Concentrate,only 'EU28 Industrial Production Total Index' bridged over 2008–2009,2008–2019,2019.0,-0.00023222018307933467,-0.0011215326636602185,0.000695016780809965,-1.2326972702293835e-05,-5.6963736359739226e-05,3.743949433491876e-05,-1.4768814232507608e-05,-4.478970515462877e-05,1.2601911786161896e-05,-0.13129529679137414,,,,2.5589773647568563,0.1362192328549862,9.049362886529144e-05,False,35
shock2008_only::EU28 Industrial Production Total Index,factual,Refined,only 'EU28 Industrial Production Total Index' bridged over 2008–2009,2008–2019,2019.0,-0.0004695108020769112,-0.013726214334553788,0.0035000411509145124,-4.057371332524629e-05,-0.0013642674723776836,0.00033064275887614803,-0.00025135139031668633,-0.0008815181806786935,0.00019072410177477738,-0.1494885636148631,,,,0.4066041316323208,0.04360148601102049,0.0009305580391225905,False,35
shock2008_only::EU28 Industrial Production Total Index,factual,In-Use,only 'EU28 Industrial Production Total Index' bridged over 2008–2009,2008–2019,2019.0,-0.14219560142373666,-15.535554917616537,7.89031627944496,-5.640614272321972e-05,-0.006200796104804285,0.003247302735017213,-0.0020661112593707495,-0.00546566381247703,0.0009019308967808839,0.00023597546196750736,,,,3.4428334660769906,0.0014880603357317092,0.03790581696775332,False,35
shock2008_only::EU28 Industrial Production Total Index,factual,Scrap,only 'EU28 Industrial Production Total Index' bridged over 2008–2009,2008–2019,2019.0,-0.03168934512996202,-0.4506442014380809,0.17159014803382888,-0.0005924279160357608,-0.007523771040047115,0.003674144624678906,-0.0016267555503404313,-0.004959100065024284,0.0018700252659488866,0.021782616511436804,,,,0.45025629232350184,0.008571340215823562,0.06911730267596645,False,35
shock2008_only::EU28 Industrial Production Total Index,factual,secondary_supply,only 'EU28 Industrial Production Total Index' bridged over 2008–2009,2008–2019,2019.0,-0.034561158096039435,-0.3406579252314259,0.17670033655849693,-0.0006953800277497504,-0.006936470943834865,0.004072288758500855,-0.0017158199438519236,-0.005509801849486703,0.0018842565120419845,-0.009467410855268853,-4.659398918380248,-23.516360065710614,10.252032847699411,0.4263646152430738,0.010825907707635423,0.06423295362654022,False,35
shock2008_only::EU28 Industrial Production Total Index,factual,waelz_recycling,only 'EU28 Industrial Production Total Index' bridged over 2008–2009,2008–2019,2019.0,-0.0072747863705444615,-0.09134053127490915,0.050538067231173045,-0.0006810535585579173,-0.006625433791677425,0.004593474353353481,-0.0012100733856488192,-0.005185531875316646,0.0024758116499920633,0.0020237307204225806,-0.5321986580111115,-7.821241259382987,11.360754272000122,0.10879893911442196,0.011819930154148226,0.0576190848571893,False,35
shock2008_only::EU28 Industrial Production Total Index,factual,direct_reuse_recycling,only 'EU28 Industrial Production Total Index' bridged over 2008–2009,2008–2019,2019.0,-0.05708830170624424,-0.26197097589465557,0.12616226932732388,-0.0015063437233452377,-0.007084956815451335,0.004062089995733382,-0.0018089172017799506,-0.005752102301996126,0.0017685188917348346,-0.010189870127290451,-5.892415390662791,-29.111185127661884,8.75709529136293,0.31850065868275124,0.011883827436366748,0.12675577219638368,False,35
shock2008_only::EU28 Industrial Production Total Index,factual,old_scrap_recovery,only 'EU28 Industrial Production Total Index' bridged over 2008–2009,2008–2019,2019.0,-0.030791648241574876,-0.2352190226665698,0.12001156495898613,-0.00174147555471455,-0.010967198955574617,0.006685702415096939,-0.0023980153275030298,-0.006871435521963097,0.002626940810080909,-0.01651731225070056,-4.4668964682168735,-22.314747752930998,3.874358787741585,0.06919845106313005,0.004092725916694874,0.4255050521733686,False,35
shock2008_only::EU28 Industrial Production Total Index,factual,end_of_life,only 'EU28 Industrial Production Total Index' bridged over 2008–2009,2008–2019,2019.0,-0.18267684715101495,-0.9961860178009374,0.546843226213241,-0.002069527802002513,-0.011062816639886619,0.006690534181038172,-0.002571832442281534,-0.0072388927488210185,0.002428234157986842,-0.00020816228908256346,-0.5018789271707647,-10.92868025257485,8.013400809868472,0.14792319815023802,0.001529743352698936,1.3528594834886725,False,35
shock2008_only::EU28 Industrial Production Total Index,factual,inuse_inflow,only 'EU28 Industrial Production Total Index' bridged over 2008–2009,2008–2019,2019.0,-0.020782836130820215,-0.6560632718610577,0.3496717794041615,-0.0001608992438038803,-0.004954831442706366,0.002615899073921221,-0.001030849628884522,-0.003409831831174182,0.0011552203527471214,-0.007152763546568037,-4.885775008558994,-21.017717681912472,7.73790074493445,3.62574970186688,0.026836723498087713,0.005995487631541361,False,35
shock2008_only::EU28 Industrial Production Total Index,factual,primary_refining,only 'EU28 Industrial Production Total Index' bridged over 2008–2009,2008–2019,2019.0,-0.05074625212000683,-0.5301892085117288,0.47513521753717214,-0.00041467116757589834,-0.004276943558683671,0.0038843411651591575,-0.0003495416631302997,-0.0030060038793801184,0.0023420827330399843,0.0014761797175310962,-1.4091805630014278,-7.758096809746348,6.212831904296763,3.9919646420166828,0.03659450501729565,0.01133151459160091,False,35
shock2008_only::EU28 Industrial Production Total Index,factual,refined_consumption,only 'EU28 Industrial Production Total Index' bridged over 2008–2009,2008–2019,2019.0,-0.06298872065963224,-0.7596131108584814,0.542626177193597,-0.0004975531474393894,-0.005630814506025964,0.003969611354047351,-0.0006417713356788121,-0.0033108278293301086,0.0019826665007521742,-0.004312680344998959,0.5482113281614147,-10.593852849400719,11.548706739893532,4.23771228879923,0.03346748879894767,0.0148667607070368,False,35
shock2008_only::China All Industry Value Added (Constant 2015 USD),factual,Concentrate,only 'China All Industry Value Added (Constant 2015 USD)' bridged over 2008–2009,2008–2019,2019.0,-2.9487770234482014e-05,-0.0006473114455047835,0.0005929737857286455,-1.6620132705455917e-06,-3.183966145851092e-05,2.9517769249145067e-05,-9.459809414448642e-06,-2.707265101430697e-05,2.0362831243147945e-05,-0.018849670089305725,,,,2.5589773647568563,0.1362192328549862,1.2201017695606228e-05,False,35
shock2008_only::China All Industry Value Added (Constant 2015 USD),factual,Refined,only 'China All Industry Value Added (Constant 2015 USD)' bridged over 2008–2009,2008–2019,2019.0,-0.0012385274501411914,-0.00896536842731166,0.001387016898775073,-0.00015741646540565261,-0.0009368059767086384,0.0001507995814132927,-0.00028312266577369086,-0.0007320813707279749,5.5991722511411654e-05,-0.05345832035484935,,,,0.4066041316323208,0.04360148601102049,0.0036103463392478143,False,35
shock2008_only::China All Industry Value Added (Constant 2015 USD),factual,In-Use,only 'China All Industry Value Added (Constant 2015 USD)' bridged over 2008–2009,2008–2019,2019.0,0.44866370953968726,-5.675167127628811,5.437532248048228,0.0001779758936397047,-0.0024259418152365155,0.002301465823739087,-0.00010598425902301473,-0.0013997037921631475,0.00110266180622776,0.0007091411408739708,,,,3.4428334660769906,0.0014880603357317092,0.11960260573183705,False,35
shock2008_only::China All Industry Value Added (Constant 2015 USD),factual,Scrap,only 'China All Industry Value Added (Constant 2015 USD)' bridged over 2008–2009,2008–2019,2019.0,-0.0647179802986102,-0.17947541822832136,0.049087965186572546,-0.0017001484663567443,-0.0038064799258340568,0.0009149590907012264,-0.0012672941401540869,-0.0026102222284939505,2.0169929729717045e-05,-0.013110486717921671,,,,0.45025629232350184,0.008571340215823562,0.19835269905843872,False,35
shock2008_only::China All Industry Value Added (Constant 2015 USD),factual,secondary_supply,only 'China All Industry Value Added (Constant 2015 USD)' bridged over 2008–2009,2008–2019,2019.0,-0.0996224109621835,-0.1869919476994255,0.04938170151945087,-0.0019865904125343403,-0.003730067760686833,0.0009967067357035159,-0.001619717231639763,-0.003141664830258086,-0.0002658262624016215,-0.015111796758205946,-5.344343404245592,-10.821875060511047,6.725679252331247,0.4263646152430738,0.010825907707635423,0.18350335751829977,False,35
shock2008_only::China All Industry Value Added (Constant 2015 USD),factual,waelz_recycling,only 'China All Industry Value Added (Constant 2015 USD)' bridged over 2008–2009,2008–2019,2019.0,-0.012286401830351679,-0.04823409692835412,0.010991161538186134,-0.0018727685518075575,-0.0031241257780678204,0.001047793324788755,-0.0013139164390251273,-0.002712275972348498,-4.5648649423120946e-05,0.004424789653405424,0.15130734805643442,-2.953962036430312,2.954492597623357,0.10879893911442196,0.011819930154148226,0.15844159207237835,False,35
shock2008_only::China All Industry Value Added (Constant 2015 USD),factual,direct_reuse_recycling,only 'China All Industry Value Added (Constant 2015 USD)' bridged over 2008–2009,2008–2019,2019.0,-0.07249363233859185,-0.13217155578604434,0.038581730776058976,-0.0022113678503429654,-0.0038296757558143922,0.0010859960324122973,-0.001714235702007343,-0.0031749874710413654,-0.00033492337375459367,-0.01690183633185707,-4.348358435592672,-10.7455305596377,2.340691552075441,0.31850065868275124,0.011883827436366748,0.18608212397764745,False,35
shock2008_only::China All Industry Value Added (Constant 2015 USD),factual,old_scrap_recovery,only 'China All Industry Value Added (Constant 2015 USD)' bridged over 2008–2009,2008–2019,2019.0,-0.00841932233015541,-0.056851857087167446,0.032791884455946274,-0.0004412650960858886,-0.003326900058511289,0.0015932657112972624,-0.000495642095909505,-0.002186624852490474,0.0010154546575717712,-0.010439211614487319,-2.4255342247051885,-4.812864658711987,1.46258715415388,0.06919845106313005,0.004092725916694874,0.10781691837361958,False,35
shock2008_only::China All Industry Value Added (Constant 2015 USD),factual,end_of_life,only 'China All Industry Value Added (Constant 2015 USD)' bridged over 2008–2009,2008–2019,2019.0,-0.07905563540407456,-0.300374841564917,0.1078301281813765,-0.0009292868251685631,-0.0034557126764073794,0.0012590305331364347,-0.0009723398010230055,-0.0023040726877108443,0.0007188154227556674,-0.0002708178276405087,-0.24572025245288387,-3.210615405405406,3.684114771996974,0.14792319815023802,0.001529743352698936,0.6074789104518848,False,35
shock2008_only::China All Industry Value Added (Constant 2015 USD),factual,inuse_inflow,only 'China All Industry Value Added (Constant 2015 USD)' bridged over 2008–2009,2008–2019,2019.0,-0.08530185575364158,-0.5415792385756504,0.2761726390453987,-0.0006684431681259284,-0.004011144238362949,0.002084813613861977,-0.0008384185124840704,-0.0028537586483046574,0.0007806901535125616,-0.002102654168516733,-2.1425589853606652,-9.092671142789186,5.228520953227417,3.62574970186688,0.026836723498087713,0.02490777863301976,False,35
shock2008_only::China All Industry Value Added (Constant 2015 USD),factual,primary_refining,only 'China All Industry Value Added (Constant 2015 USD)' bridged over 2008–2009,2008–2019,2019.0,-0.03421905206050724,-0.4880829787289258,0.28218193096108735,-0.0002810769651007152,-0.003951186390900096,0.0023377743841768222,-0.0005320215964866113,-0.003028509679035879,0.00117836352632364,0.0008378964296543628,1.2147361121024005,-6.333392009095405,5.070139053437742,3.9919646420166828,0.03659450501729565,0.00768085167343758,False,35
shock2008_only::China All Industry Value Added (Constant 2015 USD),factual,refined_consumption,only 'China All Industry Value Added (Constant 2015 USD)' bridged over 2008–2009,2008–2019,2019.0,-0.027840347320307046,-0.5171443814761005,0.3896211070532445,-0.00021236787353558182,-0.003851898263189946,0.002787688116742036,-0.0007202111200523128,-0.0033840657709917933,0.0014197046872331967,0.0006020914079281621,1.466399640252348,-6.815421203893493,7.848597960459301,4.23771228879923,0.03346748879894767,0.006345497710071973,False,35
shock2008_only::Producer Price Index of Non-ferrous Scrap,factual,Concentrate,only 'Producer Price Index of Non-ferrous Scrap' bridged over 2008–2009,2008–2019,2019.0,-3.626659236033447e-06,-0.0004460288082555053,0.0005721570305468049,-2.1449987188359163e-07,-2.1352857793588942e-05,3.2151262455162134e-05,2.028894316353977e-06,-2.5440897422727165e-05,2.921543169916092e-05,0.26448756658206085,,,,2.5589773647568563,0.1362192328549862,1.5746665679136516e-06,False,35
shock2008_only::Producer Price Index of Non-ferrous Scrap,factual,Refined,only 'Producer Price Index of Non-ferrous Scrap' bridged over 2008–2009,2008–2019,2019.0,0.003801972375299556,-0.020485068679192864,0.021816876414959552,0.00038083739664584575,-0.002234626556316288,0.0024376322830486313,0.0003993603733359707,-0.000876671110609292,0.001943400785167032,0.40202531811983994,,,,0.4066041316323208,0.04360148601102049,0.008734504978788733,False,35
shock2008_only::Producer Price Index of Non-ferrous Scrap,factual,In-Use,only 'Producer Price Index of Non-ferrous Scrap' bridged over 2008–2009,2008–2019,2019.0,-45.366393443138804,-116.97511219979788,25.380760277213994,-0.018960529814198115,-0.04781842888316482,0.010781250302720431,-0.018482357759852776,-0.03428147544632948,-0.001044290735277201,-0.022656094175791088,,,,3.4428334660769906,0.0014880603357317092,12.741774885676824,True,35
shock2008_only::Producer Price Index of Non-ferrous Scrap,factual,Scrap,only 'Producer Price Index of Non-ferrous Scrap' bridged over 2008–2009,2008–2019,2019.0,0.7950488374199267,-1.3879609016316863,1.463190584791846,0.016075980077190303,-0.0266710728798557,0.029386422052154366,0.0065507670312722165,-0.006837397400078266,0.02199310488769006,-0.12878980504472845,,,,0.45025629232350184,0.008571340215823562,1.875550342467146,False,35
shock2008_only::Producer Price Index of Non-ferrous Scrap,factual,secondary_supply,only 'Producer Price Index of Non-ferrous Scrap' bridged over 2008–2009,2008–2019,2019.0,0.7723911160028365,-1.1566197983629536,1.5514281861524069,0.014275508588891313,-0.025027572409322567,0.03303474621081201,0.008103924101345871,-0.00683414599967906,0.02398200744075354,-0.04430188740729937,-33.059513480518945,-92.04631145245094,87.14745234301245,0.4263646152430738,0.010825907707635423,1.3186431082192687,False,35
shock2008_only::Producer Price Index of Non-ferrous Scrap,factual,waelz_recycling,only 'Producer Price Index of Non-ferrous Scrap' bridged over 2008–2009,2008–2019,2019.0,0.15182912834643503,-0.2727009231384727,0.37329393684558454,0.01622017551646898,-0.025092253864269002,0.03299636731777822,0.00782351876962716,-0.007076203506722398,0.023835239743916575,-0.1639293956303736,-21.80033680051747,-68.2881482735138,25.3329409372418,0.10879893911442196,0.011819930154148226,1.372273381055173,False,35
shock2008_only::Producer Price Index of Non-ferrous Scrap,factual,direct_reuse_recycling,only 'Producer Price Index of Non-ferrous Scrap' bridged over 2008–2009,2008–2019,2019.0,0.5377970248227939,-0.8839188752244809,1.0501651418671827,0.013460806207820784,-0.025003645400679196,0.032742879381172235,0.007977024501068488,-0.00678825639261349,0.02387396823646091,0.030396584413135433,8.850056206603767,-83.29262574714085,95.71644845134142,0.31850065868275124,0.011883827436366748,1.1326995683754364,False,35
shock2008_only::Producer Price Index of Non-ferrous Scrap,factual,old_scrap_recovery,only 'Producer Price Index of Non-ferrous Scrap' bridged over 2008–2009,2008–2019,2019.0,0.2228873885323992,-1.1089343374223972,1.0481333299758262,0.011394263930158943,-0.05160353910355707,0.0498766708419071,0.007799025099728284,-0.014305308656056018,0.036482681801066424,-0.033181154657443195,-16.48192423344517,-91.4154443258576,35.25052774938922,0.06919845106313005,0.004092725916694874,2.784028093276402,False,35
shock2008_only::Producer Price Index of Non-ferrous Scrap,factual,end_of_life,only 'Producer Price Index of Non-ferrous Scrap' bridged over 2008–2009,2008–2019,2019.0,0.9149177536601201,-4.212083787453594,4.496431973413564,0.0113838416438163,-0.05159542950842845,0.049543389380291195,0.007860285307786832,-0.01475872495062185,0.03648067943915388,-0.013231111072904622,-10.998833386140177,-51.75507776977611,76.93149132504186,0.14792319815023802,0.001529743352698936,7.441667665188225,True,35
shock2008_only::Producer Price Index of Non-ferrous Scrap,factual,inuse_inflow,only 'Producer Price Index of Non-ferrous Scrap' bridged over 2008–2009,2008–2019,2019.0,0.2657214234932326,-1.1252581923326943,1.9534315654018428,0.0019361816830008583,-0.008514858565103148,0.01454702105231638,0.0021749877740927506,-0.0035219729884574946,0.007672423146792253,-0.02256286399654411,-22.657922111044172,-80.20760115602752,35.081570710928645,3.62574970186688,0.026836723498087713,0.07214672398956688,False,35
shock2008_only::Producer Price Index of Non-ferrous Scrap,factual,primary_refining,only 'Producer Price Index of Non-ferrous Scrap' bridged over 2008–2009,2008–2019,2019.0,0.00818782637361437,-0.5345716137089767,0.7377019835112151,6.784299077131871e-05,-0.004405054188058459,0.006126082189684617,-2.102343167800972e-05,-0.0029504231103164528,0.003273787657414659,0.0006741662509186734,1.5088616423599888,-2.810977013403317,5.289569694243255,3.9919646420166828,0.03659450501729565,0.0018539119668172612,False,35
shock2008_only::Producer Price Index of Non-ferrous Scrap,factual,refined_consumption,only 'Producer Price Index of Non-ferrous Scrap' bridged over 2008–2009,2008–2019,2019.0,0.19666869525099173,-0.7918954297492746,1.299750829814002,0.0015002008459501454,-0.005957143506842691,0.009519633302225501,0.0013767324297736297,-0.0030813405186038284,0.0058677984415191065,-0.027596560136832916,-19.291749826137675,-65.04758414938988,25.468700473982608,4.23771228879923,0.03346748879894767,0.04482561733156737,False,35
shock2008_only::Real Treatment Charges,factual,Concentrate,only 'Real Treatment Charges' bridged over 2008–2009,2008–2019,2019.0,6.57717714602768e-05,-0.0015257972834206157,0.0011497354425955564,3.116496074490722e-06,-8.083650364293604e-05,5.791677349970627e-05,-5.667963531714854e-06,-4.729630232127212e-05,2.7656925709827255e-05,0.6224150760523783,,,,2.5589773647568563,0.1362192328549862,2.287853197505836e-05,False,35
shock2008_only::Real Treatment Charges,factual,Refined,only 'Real Treatment Charges' bridged over 2008–2009,2008–2019,2019.0,0.005933670359013377,-0.01510126352008001,0.022392119688959156,0.0006714614216561999,-0.0012728353397097273,0.0028058746410353033,0.0007537499675560261,-0.00029457598237355744,0.0019988777590005014,0.13036801963889277,,,,0.4066041316323208,0.04360148601102049,0.015399966448081259,False,35
shock2008_only::Real Treatment Charges,factual,In-Use,only 'Real Treatment Charges' bridged over 2008–2009,2008–2019,2019.0,34.07187290597358,-14.395107888049097,81.08295406177058,0.014082985697581445,-0.0060289002464886665,0.03400540082991768,0.01281977570590471,0.00422699841411238,0.022386115682002203,0.009911212414781644,,,,3.4428334660769906,0.0014880603357317092,9.463988360832532,True,35
shock2008_only::Real Treatment Charges,factual,Scrap,only 'Real Treatment Charges' bridged over 2008–2009,2008–2019,2019.0,0.7481949018392697,-0.19701728166182875,1.4314380948712824,0.013505755322778102,-0.00619286865904977,0.025699671891248818,0.013481373854493028,0.003731310063718729,0.02261489766846783,-0.10949433566590228,,,,0.45025629232350184,0.008571340215823562,1.5756876967554163,False,35
shock2008_only::Real Treatment Charges,factual,secondary_supply,only 'Real Treatment Charges' bridged over 2008–2009,2008–2019,2019.0,0.7174137980873638,-0.2755923920758505,1.2873037087247212,0.01592794768714429,-0.005731667657203402,0.028096723574225775,0.0158561316614883,0.005462112856269189,0.025734322397631654,0.16693539339451677,48.035128030553096,6.788057711347392,118.7851210767003,0.4263646152430738,0.010825907707635423,1.4712805722434195,False,35
shock2008_only::Real Treatment Charges,factual,waelz_recycling,only 'Real Treatment Charges' bridged over 2008–2009,2008–2019,2019.0,0.1371566988491395,-0.06135172036556469,0.3870237178161915,0.015543630330824294,-0.005806869370418323,0.02752193782072759,0.01585345501512069,0.005353348594899816,0.02596849265320211,-0.08076623263713109,-9.3564313832685,-30.203623269911986,19.567364917988016,0.10879893911442196,0.011819930154148226,1.3150357174800418,False,35
shock2008_only::Real Treatment Charges,factual,direct_reuse_recycling,only 'Real Treatment Charges' bridged over 2008–2009,2008–2019,2019.0,0.5022139242646517,-0.21424067171028582,0.8995381906570401,0.015866837435819,-0.0057329210726653635,0.028488484925886792,0.01573188985195004,0.005476574534272755,0.025736813201638377,0.22333420644208915,36.72085219269502,11.614994735253276,107.2405246817616,0.31850065868275124,0.011883827436366748,1.3351622211597833,False,35
shock2008_only::Real Treatment Charges,factual,old_scrap_recovery,only 'Real Treatment Charges' bridged over 2008–2009,2008–2019,2019.0,0.34703811372310156,-0.3576800975424703,0.7864256416578428,0.01975810085854397,-0.015788889450140134,0.042909865276326654,0.016504980782930813,0.0006502139684431869,0.03260840120236499,0.1305758878988396,26.92768947213699,-8.038380665819204,83.24673833428278,0.06919845106313005,0.004092725916694874,4.827613981661358,False,35
shock2008_only::Real Treatment Charges,factual,end_of_life,only 'Real Treatment Charges' bridged over 2008–2009,2008–2019,2019.0,1.8505071373365354,-1.4609796431177529,3.6615147505508503,0.02124354032689868,-0.01640014334630617,0.0427782250046244,0.01632289698241921,0.00042941896290810827,0.03277553648012474,0.023438062477172516,22.264589782585972,-28.22313701812527,45.542700489058916,0.14792319815023802,0.001529743352698936,13.886996331390206,True,35
shock2008_only::Real Treatment Charges,factual,inuse_inflow,only 'Real Treatment Charges' bridged over 2008–2009,2008–2019,2019.0,0.4193214276456274,-0.2789058129710611,1.264139226928819,0.0032054812154922886,-0.002143611714413613,0.009373970829383781,0.003190118974673279,-0.00029857689541450474,0.00684952248504069,0.03153004788991819,25.994401017640484,-4.9669487821665825,76.51168123685056,3.62574970186688,0.026836723498087713,0.1194438365667366,False,35
shock2008_only::Real Treatment Charges,factual,primary_refining,only 'Real Treatment Charges' bridged over 2008–2009,2008–2019,2019.0,0.003237742290366441,-0.9882539621612523,0.5306983257760294,2.646166192725628e-05,-0.008040196639423902,0.004304374065414935,-0.002081775796850204,-0.005868708729881142,0.0017376956968123028,-0.004585910781272224,-0.043434264458483085,-6.827103635325329,6.528460275701946,3.9919646420166828,0.03659450501729565,0.0007231047916825138,False,35
shock2008_only::Real Treatment Charges,factual,refined_consumption,only 'Real Treatment Charges' bridged over 2008–2009,2008–2019,2019.0,0.1319618103443645,-0.8973416390654165,0.9561076127283741,0.0010285745894963664,-0.006818145423876627,0.007074873528101575,0.00021270259560020836,-0.003314576395394329,0.0037124856509931784,0.0014516631327363089,4.2911885299836285,-29.02425884133845,21.088031998544466,4.23771228879923,0.03346748879894767,0.03073354549172833,False,35
shock2008_only::Precious metal index,factual,Concentrate,only 'Precious metal index' bridged over 2008–2009,2008–2019,2019.0,1.3590435628429987e-05,-0.0002538978575330475,0.0010505587729312538,8.271688250419129e-07,-1.5370669655658115e-05,5.92986887902702e-05,1.5663919432781043e-06,-4.180547317300963e-05,4.5061648233813024e-05,-0.13661118741177067,,,,2.5589773647568563,0.1362192328549862,6.072335071233923e-06,False,35
shock2008_only::Precious metal index,factual,Refined,only 'Precious metal index' bridged over 2008–2009,2008–2019,2019.0,-0.005218721689516315,-0.013966509323836362,0.002446011208348864,-0.0004565389716253283,-0.001543605001885028,0.0002533812079564499,-0.0005824289174040645,-0.0012554986888146647,-7.514985387134775e-05,-0.026535102210959175,,,,0.4066041316323208,0.04360148601102049,0.010470720459159026,False,35
shock2008_only::Precious metal index,factual,In-Use,only 'Precious metal index' bridged over 2008–2009,2008–2019,2019.0,-13.529633852187544,-25.414125861381763,3.573666223179316,-0.005816735983603119,-0.010642970615399663,0.001477496653389259,-0.004787159996392553,-0.008431706808011922,-0.0014263964708845058,-0.004479703261996067,,,,3.4428334660769906,0.0014880603357317092,3.9089382627371174,False,35
shock2008_only::Precious metal index,factual,Scrap,only 'Precious metal index' bridged over 2008–2009,2008–2019,2019.0,-0.212173429343693,-0.5565415237065281,0.0583476759061341,-0.005138337415179475,-0.009128931284682711,0.0008779104719829642,-0.004753381522095561,-0.007770281834389535,-0.0011709007227697875,-0.009425716691282504,,,,0.45025629232350184,0.008571340215823562,0.5994788779581498,False,35
shock2008_only::Precious metal index,factual,secondary_supply,only 'Precious metal index' bridged over 2008–2009,2008–2019,2019.0,-0.26981993274966953,-0.5625675375704304,0.08979520600951219,-0.00550426136952896,-0.010347697179628483,0.0019803380831259175,-0.005461062012904179,-0.008418153627463322,-0.0013900943853465538,-0.06962988935924509,-31.188297501825218,-40.64737977986715,-12.950995510476787,0.4263646152430738,0.010825907707635423,0.5084341672012269,False,35
shock2008_only::Precious metal index,factual,waelz_recycling,only 'Precious metal index' bridged over 2008–2009,2008–2019,2019.0,-0.06718155933049275,-0.11581496609323949,0.020434908166862442,-0.005249948812774921,-0.009874399865960632,0.0018113197952535002,-0.0050873131797963276,-0.008180555337670627,-0.0009957355384219854,-0.10173288860743163,-9.84256955919227,-19.66099822295564,-1.3938582734699594,0.10879893911442196,0.011819930154148226,0.4441607305887879,False,35
shock2008_only::Precious metal index,factual,direct_reuse_recycling,only 'Precious metal index' bridged over 2008–2009,2008–2019,2019.0,-0.19154166562657338,-0.43437179449392715,0.06464847634924809,-0.0055031025734779805,-0.010895471518512074,0.0017687853446158395,-0.005470602376030065,-0.008668883788791161,-0.001654671960685568,-0.05930833849135279,-19.683327270038717,-36.55495913350387,-2.366795998706948,0.31850065868275124,0.011883827436366748,0.4630749312832877,False,35
shock2008_only::Precious metal index,factual,old_scrap_recovery,only 'Precious metal index' bridged over 2008–2009,2008–2019,2019.0,-0.15157085817918414,-0.24906013360305224,-0.010070176122098928,-0.0075660444143743665,-0.012958622665740537,-0.0006968878643511657,-0.007074497287400751,-0.011726335716986514,-0.002950732821483534,-0.09684968240650083,-20.846840099307883,-29.394189108803403,-9.718891845464896,0.06919845106313005,0.004092725916694874,1.8486565111803064,False,35
shock2008_only::Precious metal index,factual,end_of_life,only 'Precious metal index' bridged over 2008–2009,2008–2019,2019.0,-0.6173078981519211,-1.1121830111223971,-0.08545230586605612,-0.007559996050469041,-0.013172911428477685,-0.0008613760643411181,-0.007387292952381727,-0.011888563694552483,-0.0031353961897077373,-0.010160331485932907,-9.171567079785746,-14.892862254295324,-1.4719010578410234,0.14792319815023802,0.001529743352698936,4.9420028772348585,False,35
shock2008_only::Precious metal index,factual,inuse_inflow,only 'Precious metal index' bridged over 2008–2009,2008–2019,2019.0,-0.16666618210729212,-0.5221980754286051,0.24972220885683782,-0.001328378002285502,-0.004039359564241656,0.0019115798016244205,-0.0012945462011276381,-0.0034029689829936692,0.0004973085034486251,-0.012584840343386567,-20.081675025256118,-27.82919880420377,-12.357299881477957,3.62574970186688,0.026836723498087713,0.04949851655252018,False,35
shock2008_only::Precious metal index,factual,primary_refining,only 'Precious metal index' bridged over 2008–2009,2008–2019,2019.0,0.012229714950080961,-0.25681559898657724,0.39981794502818957,0.00010106117525988686,-0.0021225682397059903,0.003355962494655457,7.335838862095522e-05,-0.0033346442344734366,0.002811039894357453,-5.116013911407967e-05,-1.8041762155480683,-5.9984965899493545,4.369299969286658,3.9919646420166828,0.03659450501729565,0.0027616489200256254,False,35
shock2008_only::Precious metal index,factual,refined_consumption,only 'Precious metal index' bridged over 2008–2009,2008–2019,2019.0,-0.002158227493055165,-0.20879361679544672,0.45657873546588235,-1.695076687514592e-05,-0.0014953360087083469,0.00348434454222289,-0.00012156106470224878,-0.0030010781175671486,0.002131272080351765,-0.006205696871023687,-14.14933554516756,-19.36366117549187,0.8400620033935411,4.23771228879923,0.03346748879894767,0.0005064845760306614,False,35
shock2008_only::Full metal real index,factual,Concentrate,only 'Full metal real index' bridged over 2008–2009,2008–2019,2019.0,5.8747227740241215e-06,-0.0007781111048643652,0.0006958729754842352,2.358710402184765e-07,-4.0319007147993045e-05,3.962960636862551e-05,-6.42714748118016e-07,-3.546247406314619e-05,4.0587821945126886e-05,0.08395589228172463,,,,2.5589773647568563,0.1362192328549862,1.7315546070471256e-06,False,35
shock2008_only::Full metal real index,factual,Refined,only 'Full metal real index' bridged over 2008–2009,2008–2019,2019.0,-0.014451857465132889,-0.02904211871418738,0.004906436199917152,-0.0014909354346487828,-0.003353309595935496,0.0004908401950805775,-0.0015276414427662901,-0.002937880266014485,-0.00014561289793000817,-0.8057383169663792,,,,0.4066041316323208,0.04360148601102049,0.03419460140124448,False,35
shock2008_only::Full metal real index,factual,In-Use,only 'Full metal real index' bridged over 2008–2009,2008–2019,2019.0,-33.728935623541474,-98.47504295309773,47.66737850055506,-0.013583267029914773,-0.040937588726617,0.019167664521027444,-0.012758751054931048,-0.02967478305842838,0.004361546386926941,0.0015583768617170029,,,,3.4428334660769906,0.0014880603357317092,9.128169539735502,True,35
shock2008_only::Full metal real index,factual,Scrap,only 'Full metal real index' bridged over 2008–2009,2008–2019,2019.0,-0.8913230797470533,-2.3530360110949005,0.5823467018080919,-0.015732693375037268,-0.04386273519846616,0.010273423160441431,-0.01934427964720452,-0.03506271651476706,-0.0025293816860493925,-0.43764324409980965,,,,0.45025629232350184,0.008571340215823562,1.8354998143689503,False,35
shock2008_only::Full metal real index,factual,secondary_supply,only 'Full metal real index' bridged over 2008–2009,2008–2019,2019.0,-0.8335992995926063,-2.3331306902273354,0.5658094311511377,-0.01531902099652098,-0.04532828488422952,0.010943765248131867,-0.019015971167843246,-0.03517073357457208,-0.0005227291458590622,-0.05323960800451461,-79.8650058964995,-195.626376803908,83.43913238677123,0.4263646152430738,0.010825907707635423,1.4150334004525644,False,35
shock2008_only::Full metal real index,factual,waelz_recycling,only 'Full metal real index' bridged over 2008–2009,2008–2019,2019.0,-0.21168768390634796,-0.6671379438048461,0.1528912874236994,-0.015418562476480553,-0.045862246546872376,0.011188391161641265,-0.018266394288831252,-0.03433319336823996,0.0004712631468957243,-0.42635779997025103,-42.959059608845564,-128.0721916349621,26.662691447503676,0.10879893911442196,0.011819930154148226,1.3044546182084993,False,35
shock2008_only::Full metal real index,factual,direct_reuse_recycling,only 'Full metal real index' bridged over 2008–2009,2008–2019,2019.0,-0.617470481141936,-1.7675493083515903,0.3792144281032961,-0.015284482182783806,-0.045793383753215594,0.010780126638599912,-0.019158516162797543,-0.035065154046509055,-0.0012208134309907026,0.07129106469863385,-15.631437161129725,-118.3914558129436,114.1415923372333,0.31850065868275124,0.011883827436366748,1.2861582065732808,False,35
shock2008_only::Full metal real index,factual,old_scrap_recovery,only 'Full metal real index' bridged over 2008–2009,2008–2019,2019.0,-0.8325154243430006,-1.9038934164782404,0.23373517060099402,-0.0426296864356142,-0.08946990615393519,0.010312906363896465,-0.04344929256495601,-0.06883715864046644,-0.015276525129855584,-0.43315908803171044,-88.98465457652856,-166.8320127344905,3.0426116847211233,0.06919845106313005,0.004092725916694874,10.415964152820738,True,35
shock2008_only::Full metal real index,factual,end_of_life,only 'Full metal real index' bridged over 2008–2009,2008–2019,2019.0,-3.8856512526981533,-8.195629780952004,0.8986022354511078,-0.0426440853636422,-0.09164790725664508,0.010361898322853405,-0.04291465713850959,-0.06900763787935316,-0.014793773053330116,-0.038321449256783026,-38.71034621458966,-95.98965541216603,20.49065041997528,0.14792319815023802,0.001529743352698936,27.876627336477693,True,35
shock2008_only::Full metal real index,factual,inuse_inflow,only 'Full metal real index' bridged over 2008–2009,2008–2019,2019.0,-0.6716713927453384,-2.149191661796067,0.4681389717734419,-0.005042658244051637,-0.016828851794808433,0.0035958344850491424,-0.005645801755308876,-0.011099679524131902,8.34322070947845e-05,0.004776002099196819,-73.71219957183348,-144.8500917282072,4.85827111362596,3.62574970186688,0.026836723498087713,0.18790141219776543,False,35
shock2008_only::Full metal real index,factual,primary_refining,only 'Full metal real index' bridged over 2008–2009,2008–2019,2019.0,-0.0012741596437990665,-0.5110316662176047,0.6830542649549898,-1.0641685104242931e-05,-0.0041901040632593934,0.00558513828757584,-4.149570176761917e-05,-0.00399479899310959,0.0030504986457456727,0.004623301820082557,1.6137246183934622,-2.3170610640663654,5.862385743312188,3.9919646420166828,0.03659450501729565,0.0002908000832150443,False,35
shock2008_only::Full metal real index,factual,refined_consumption,only 'Full metal real index' bridged over 2008–2009,2008–2019,2019.0,-0.1271782389958389,-0.715917038731277,0.4903129105514381,-0.0009302479774678205,-0.005218031990262814,0.0035988590600784915,-0.001096088774874437,-0.004422594347026997,0.0021574784162774604,-0.005456197574886182,-45.579910437518265,-127.14813223486999,23.906937332460075,4.23771228879923,0.03346748879894767,0.02779557148898099,False,35
shock2008_only::World Stock Market Capitalisation (% of GDP),factual,Concentrate,only 'World Stock Market Capitalisation (% of GDP)' bridged over 2008–2009,2008–2019,2019.0,-0.0001387188524404337,-0.0008430890217141496,0.0005795168347049184,-8.08235144953544e-06,-4.5934899183025094e-05,2.6763911968731815e-05,-7.1432547905372836e-06,-3.799073005367091e-05,1.8568042136240693e-05,-0.7494471065212958,,,,2.5589773647568563,0.1362192328549862,5.933340894776294e-05,False,35
shock2008_only::World Stock Market Capitalisation (% of GDP),factual,Refined,only 'World Stock Market Capitalisation (% of GDP)' bridged over 2008–2009,2008–2019,2019.0,-0.02114928813557526,-0.09726106142727531,0.03200414493676362,-0.0031235152551755815,-0.010812179307532942,0.0033074009189550738,-0.003453858007784744,-0.006394401511758241,0.00010837828637865865,-4.011320390129075,,,,0.4066041316323208,0.04360148601102049,0.07163781652731051,False,35
shock2008_only::World Stock Market Capitalisation (% of GDP),factual,In-Use,only 'World Stock Market Capitalisation (% of GDP)' bridged over 2008–2009,2008–2019,2019.0,-165.77260503461002,-259.95898581329675,-42.71384382119868,-0.06925355981311401,-0.10828119431697017,-0.017955866556584286,-0.06559609175665226,-0.0884432790376616,-0.04147519307399043,-0.04455628500501343,,,,3.4428334660769906,0.0014880603357317092,46.539483749535364,True,35
shock2008_only::World Stock Market Capitalisation (% of GDP),factual,Scrap,only 'World Stock Market Capitalisation (% of GDP)' bridged over 2008–2009,2008–2019,2019.0,-0.698459460695176,-7.0221341605524685,1.9787515540042477,-0.025750596155430277,-0.11562821500270985,0.03293541274495734,-0.03133074224342333,-0.06168511511981715,0.002563976649480937,0.32955603121050536,,,,0.45025629232350184,0.008571340215823562,3.0042671865821013,False,35
shock2008_only::World Stock Market Capitalisation (% of GDP),factual,secondary_supply,only 'World Stock Market Capitalisation (% of GDP)' bridged over 2008–2009,2008–2019,2019.0,-1.165429709442833,-5.5147807903467765,1.920190102462584,-0.02859253053385234,-0.12275355962395396,0.03852575567419697,-0.03097969140078472,-0.06300771515785891,0.004196532849509034,-0.7373346857278774,-335.2473160275749,-501.5813935926144,-121.21197053107335,0.4263646152430738,0.010825907707635423,2.641120846955518,False,35
shock2008_only::World Stock Market Capitalisation (% of GDP),factual,waelz_recycling,only 'World Stock Market Capitalisation (% of GDP)' bridged over 2008–2009,2008–2019,2019.0,-0.21041011812485522,-1.551103364849041,0.489501102209033,-0.02863706790280788,-0.1239820025886125,0.04059040227644212,-0.030778920811367638,-0.06270080608741407,0.004783662665372536,-0.13634900723032484,-19.724859038968134,-113.82568648127653,97.4605586380203,0.10879893911442196,0.011819930154148226,2.4227780984608986,False,35
shock2008_only::World Stock Market Capitalisation (% of GDP),factual,direct_reuse_recycling,only 'World Stock Market Capitalisation (% of GDP)' bridged over 2008–2009,2008–2019,2019.0,-0.9501985390088521,-3.88871699248557,1.4297297245357186,-0.028583960002413516,-0.12233574350661097,0.037826548751032425,-0.031152946723673462,-0.06283332440851772,0.003886953898933518,-0.8882421031958038,-285.9307430886038,-453.67904318617,-168.28300442644831,0.31850065868275124,0.011883827436366748,2.4052823179627483,False,35
shock2008_only::World Stock Market Capitalisation (% of GDP),factual,old_scrap_recovery,only 'World Stock Market Capitalisation (% of GDP)' bridged over 2008–2009,2008–2019,2019.0,-0.8615286772328545,-4.043054540805315,0.9200653933730791,-0.04672674589423306,-0.19541106864834484,0.04535039629790501,-0.06371377629678851,-0.11582172721524776,-0.007831875379815494,-0.9186232885769653,-207.2535416053688,-351.1242939084332,-85.01260673688739,0.06919845106313005,0.004092725916694874,11.417022992824245,True,35
shock2008_only::World Stock Market Capitalisation (% of GDP),factual,end_of_life,only 'World Stock Market Capitalisation (% of GDP)' bridged over 2008–2009,2008–2019,2019.0,-3.7421552171290386,-15.256948376190849,3.8807176153641194,-0.04656167423569677,-0.1957909342917319,0.04266637300821435,-0.06367659980395571,-0.11669770223440057,-0.00770900694359649,-0.0006388846694243428,-7.347713571623899,-170.29685495901504,117.65661397977965,0.14792319815023802,0.001529743352698936,30.43757252061119,True,35
shock2008_only::World Stock Market Capitalisation (% of GDP),factual,inuse_inflow,only 'World Stock Market Capitalisation (% of GDP)' bridged over 2008–2009,2008–2019,2019.0,-0.0008371889125555754,-4.1121318475634325,1.6846274838026147,-6.672639410916759e-06,-0.03108464660753714,0.013038943686531013,-0.008042016347821729,-0.018086460191417533,0.0027944370659777167,-0.1017697226378589,-175.57180650296505,-311.1477030892129,-76.2004101047205,3.62574970186688,0.026836723498087713,0.00024863837835465373,False,35
shock2008_only::World Stock Market Capitalisation (% of GDP),factual,primary_refining,only 'World Stock Market Capitalisation (% of GDP)' bridged over 2008–2009,2008–2019,2019.0,-0.0131196643342264,-0.3991249400714878,0.5495560198905878,-0.00010776556368901907,-0.0033417304830052107,0.00456774840719293,0.0002108309059044125,-0.0020896630297469803,0.003745609527882766,0.008714686214655097,-2.6894241330155637,-7.805367984954501,4.499661961570382,3.9919646420166828,0.03659450501729565,0.0029448564378199912,False,35
shock2008_only::World Stock Market Capitalisation (% of GDP),factual,refined_consumption,only 'World Stock Market Capitalisation (% of GDP)' bridged over 2008–2009,2008–2019,2019.0,-0.011241486587096006,-1.7179330438084435,0.8193473631690722,-8.477930456607352e-05,-0.012769465098792362,0.006071738412836907,-0.001442849265075553,-0.007204095772981382,0.0029694531862491736,0.03685550866834134,-28.01696432736935,-116.8371864692599,89.76553076776327,4.23771228879923,0.03346748879894767,0.002533183922922214,False,35
shock2008_only::China Total Manufacturing Output,factual,Concentrate,only 'China Total Manufacturing Output' bridged over 2008–2009,2008–2019,2019.0,0.0003651302595244488,-0.00027130873525038623,0.0007535657073276525,1.7558241130705064e-05,-1.6317295995042644e-05,3.6727308777057596e-05,1.1145920962555786e-05,-1.4824668977892077e-05,3.1185677082548455e-05,0.011770627197358352,,,,2.5589773647568563,0.1362192328549862,0.00012889693153239894,False,35
shock2008_only::China Total Manufacturing Output,factual,Refined,only 'China Total Manufacturing Output' bridged over 2008–2009,2008–2019,2019.0,-0.0036958567228566608,-0.0118369653331456,0.0030130790011639874,-0.00042722671628077314,-0.0012257363656557004,0.0003941770415560214,-0.0005135995360877247,-0.0009881288890621457,-4.6215483919714146e-05,0.059447126605869684,,,,0.4066041316323208,0.04360148601102049,0.009798443937731606,False,35
shock2008_only::China Total Manufacturing Output,factual,In-Use,only 'China Total Manufacturing Output' bridged over 2008–2009,2008–2019,2019.0,1.2563937432714738,-8.835410859508556,10.418377480760682,0.0005031780552952071,-0.0036804136107678885,0.004231288502104963,0.0003155490413070397,-0.0014146355565313289,0.0022787604952527016,-0.002080253995841243,,,,3.4428334660769906,0.0014880603357317092,0.3381435841092991,False,35
shock2008_only::China Total Manufacturing Output,factual,Scrap,only 'China Total Manufacturing Output' bridged over 2008–2009,2008–2019,2019.0,-0.14087723343618563,-0.3980053636332741,0.09833346665800491,-0.0036073576441952694,-0.006166560956246707,0.0018763772441974,-0.0024781937717639896,-0.004784032997220005,-0.0003654164564144374,-0.02792003854342526,,,,0.45025629232350184,0.008571340215823562,0.42086273014058195,False,35
shock2008_only::China Total Manufacturing Output,factual,secondary_supply,only 'China Total Manufacturing Output' bridged over 2008–2009,2008–2019,2019.0,-0.17707384665118298,-0.35333142565286835,0.08286635449985624,-0.003921673765778911,-0.007713548724587407,0.0016973944806677388,-0.00331376327287125,-0.005681464938365606,-0.0010439813407549202,-0.018696874587789538,-6.2878762610071135,-15.701215396850785,9.080704023966064,0.4263646152430738,0.010825907707635423,0.3622489560864247,False,35
shock2008_only::China Total Manufacturing Output,factual,waelz_recycling,only 'China Total Manufacturing Output' bridged over 2008–2009,2008–2019,2019.0,-0.03275177762407111,-0.08945538238731388,0.024001659960049437,-0.003938135843405901,-0.008076081930027783,0.002176575005121708,-0.0030774156841584326,-0.005479902074374959,-0.00019186286754988447,-0.026553901192792894,-3.764795575332755,-10.724281662070098,3.04181082607829,0.10879893911442196,0.011819930154148226,0.3331775900574002,False,35
shock2008_only::China Total Manufacturing Output,factual,direct_reuse_recycling,only 'China Total Manufacturing Output' bridged over 2008–2009,2008–2019,2019.0,-0.14866267729667015,-0.24843836646323325,0.021151506261958275,-0.0039172438733856025,-0.007530583866396899,0.0005397320214332736,-0.0035593860197760618,-0.005687758634394895,-0.0014469810225892473,-0.011971290421094355,0.7166890898370184,-6.385550007165875,7.354105605576478,0.31850065868275124,0.011883827436366748,0.3296281349052662,False,35
shock2008_only::China Total Manufacturing Output,factual,old_scrap_recovery,only 'China Total Manufacturing Output' bridged over 2008–2009,2008–2019,2019.0,-0.07153322982048849,-0.14479264041801798,0.025609059153794078,-0.003013017009029088,-0.00831001026264865,0.0014258116977407015,-0.003007469886001787,-0.005564841075203659,-0.0003484612407081951,-0.01423010108456841,-3.1864846461176057,-8.710752065533597,2.68980858163377,0.06919845106313005,0.004092725916694874,0.7361883180934538,False,35
shock2008_only::China Total Manufacturing Output,factual,end_of_life,only 'China Total Manufacturing Output' bridged over 2008–2009,2008–2019,2019.0,-0.26386913139140233,-0.7207221794815268,0.14308966138924006,-0.002989321410358716,-0.008462443467534327,0.0016964387182901658,-0.0029674557456293715,-0.005626128191810197,-0.00013230797134712764,-0.0043605138154847916,-3.6636322530393954,-10.154123791260645,-0.013704543031053618,0.14792319815023802,0.001529743352698936,1.9541326360952225,False,35
shock2008_only::China Total Manufacturing Output,factual,inuse_inflow,only 'China Total Manufacturing Output' bridged over 2008–2009,2008–2019,2019.0,0.02052571572130546,-0.42171931319171563,0.27094841841608286,0.00016965895838588733,-0.0031575347325633104,0.0020671215350854142,-0.00024429106738571354,-0.0020791185271565272,0.0014020366738118986,-0.010297322903519243,-3.421080390107818,-13.752298194696778,3.829920228847186,3.62574970186688,0.026836723498087713,0.006321895383315948,False,35
shock2008_only::China Total Manufacturing Output,factual,primary_refining,only 'China Total Manufacturing Output' bridged over 2008–2009,2008–2019,2019.0,0.026566607295535505,-0.19835062706260942,0.5820356957265176,0.00022194555883356783,-0.0016518435859339629,0.004887406217163916,0.0011659822617466774,-0.0010628222534211566,0.00303921142099379,-0.0006424353269038228,-0.46646491560386494,-6.3572428781335475,4.64400641330576,3.9919646420166828,0.03659450501729565,0.006064996882145824,False,35
shock2008_only::China Total Manufacturing Output,factual,refined_consumption,only 'China Total Manufacturing Output' bridged over 2008–2009,2008–2019,2019.0,0.04093680687947199,-0.24849613575497642,0.5646629511902574,0.00032336324496987583,-0.001814720532710856,0.0042849321991052704,0.0007621838113808263,-0.0014471615271684486,0.002821174698170011,-0.011289221991616185,-3.460002760984935,-15.694606239325367,5.169900011183927,4.23771228879923,0.03346748879894767,0.009662011001555738,False,35
shock2008_only::Population,factual,Concentrate,only 'Population' bridged over 2008–2009,2008–2019,2019.0,-2.3158918338594958e-08,-0.0005885181002440731,0.0009744658161707775,-1.0973503752331293e-09,-3.44863076255961e-05,3.93087278334707e-05,4.0987962390324685e-06,-1.8505196354964406e-05,4.2347804399929736e-05,-0.0005626794507957079,,,,2.5589773647568563,0.1362192328549862,8.055766812321773e-09,False,35
shock2008_only::Population,factual,Refined,only 'Population' bridged over 2008–2009,2008–2019,2019.0,-0.0018445932589656877,-0.00915840607467544,0.0015141832025733493,-0.0001965138459267852,-0.0011015213808323182,0.00018381526092182886,-0.000361432772726296,-0.0008507512345689145,-2.015602616740653e-05,-0.0003539750328625422,,,,0.4066041316323208,0.04360148601102049,0.004507044688273133,False,35
shock2008_only::Population,factual,In-Use,only 'Population' bridged over 2008–2009,2008–2019,2019.0,-0.15515864180633798,-2.3932405950763496,1.7306862375262426,-6.154832081190012e-05,-0.0009995514703378923,0.0007266457072660579,-8.784421032517154e-05,-0.0006597165506455942,0.0005187236880138945,7.357886545799725e-05,,,,3.4428334660769906,0.0014880603357317092,0.04136144169291064,False,35
shock2008_only::Population,factual,Scrap,only 'Population' bridged over 2008–2009,2008–2019,2019.0,-0.03397087258144893,-0.14582478771808383,0.05508279636114821,-0.000565804762664621,-0.0025088151063908403,0.0009508362635887336,-0.0007010664199469521,-0.001857816495657551,0.0003071582680057274,-0.00018599566427573197,,,,0.45025629232350184,0.008571340215823562,0.06601123609818778,False,35
shock2008_only::Population,factual,secondary_supply,only 'Population' bridged over 2008–2009,2008–2019,2019.0,-0.034387097766739316,-0.13743247477577825,0.03047479934502917,-0.000668900090701786,-0.0031571836467220223,0.0006914351036261987,-0.0011515591857203336,-0.0023414922710254327,-8.187482386825683e-05,-0.0003876685093690839,-0.22042290436002077,-0.8709091058926788,0.6599216210752274,0.4263646152430738,0.010825907707635423,0.06178697516791282,False,35
shock2008_only::Population,factual,waelz_recycling,only 'Population' bridged over 2008–2009,2008–2019,2019.0,-0.006390435453795362,-0.03896371585324232,0.010196883329626871,-0.0006149961825560276,-0.0026292142258999836,0.0009884109803787598,-0.0006545988494668164,-0.0018690233314282813,0.00038278656369160335,9.093109115963583e-05,-0.0025632328561187023,-0.3196674131004329,0.24953714424464124,0.10879893911442196,0.011819930154148226,0.05203044134234529,False,35
shock2008_only::Population,factual,direct_reuse_recycling,only 'Population' bridged over 2008–2009,2008–2019,2019.0,-0.02440423655207269,-0.1003220432321541,0.021444443256768864,-0.000671652704523321,-0.003264673804264008,0.000585645448077753,-0.0011539875781365967,-0.0027498644443820805,-0.0001811928230238044,-0.00030043967958987944,-0.11896699940552935,-0.7010290225334757,0.495302657240245,0.31850065868275124,0.011883827436366748,0.05651821419654221,False,35
shock2008_only::Population,factual,old_scrap_recovery,only 'Population' bridged over 2008–2009,2008–2019,2019.0,0.0003689888908411376,-0.02449620965126087,0.023731638972094515,2.1157547051410885e-05,-0.0009592583347417221,0.0018279089630260665,9.132197972589318e-05,-0.0006588339058990643,0.0009598352810535474,-0.00031792705434665263,-0.06397484230183181,-0.22671298752175062,0.02753691118414281,0.06919845106313005,0.004092725916694874,0.005169548971042971,False,35
shock2008_only::Population,factual,end_of_life,only 'Population' bridged over 2008–2009,2008–2019,2019.0,-0.003671348560601473,-0.08806367998477072,0.126248375265277,-4.478510164617293e-05,-0.000978354329478189,0.0014061939519142785,9.545713156000417e-06,-0.0006589280368883455,0.0007030874937874563,8.073860268266499e-05,0.052516310330247506,-0.5058354762732051,0.6260011959457188,0.14792319815023802,0.001529743352698936,0.029276219156081498,False,35
shock2008_only::Population,factual,inuse_inflow,only 'Population' bridged over 2008–2009,2008–2019,2019.0,0.01277614402351901,-0.4168990299513098,0.5295957160415128,9.753369262965356e-05,-0.0030405886733272853,0.0040342526266213844,1.5551582597218834e-05,-0.0026870425725299563,0.002128846659149148,4.2933371947402196e-05,-0.21259576242300682,-2.8181459156039637,2.0240419150941307,3.62574970186688,0.026836723498087713,0.003634336830895301,False,35
shock2008_only::Population,factual,primary_refining,only 'Population' bridged over 2008–2009,2008–2019,2019.0,0.005631008883938193,-0.7203075558354612,0.6692483098886441,4.602152982944328e-05,-0.005949076858670948,0.005541561453161327,-3.744935844402584e-06,-0.003681907387830116,0.0032840981677401955,-3.484986687261766e-05,-0.20893280510790646,-2.5790919229621068,2.5879685548279667,3.9919646420166828,0.03659450501729565,0.001257607660158052,False,35
shock2008_only::Population,factual,refined_consumption,only 'Population' bridged over 2008–2009,2008–2019,2019.0,0.018104788789059967,-0.41713913294370286,0.7465111712226644,0.000129740223488224,-0.0031344389732564696,0.005644490032870181,0.00020207807121095132,-0.0029177770751524943,0.0032962817605388024,-0.0001877011796362751,-0.39459413674194366,-2.8533220784011064,2.8184392086113803,4.23771228879923,0.03346748879894767,0.0038766046734974476,False,35
