method,coefficient,driver,driver_index,order,median,q1,q3,mean_abs,hl,hl_lo,hl_hi,sign_consistency,survives
grad,alpha_cc,Zinc real price,0,sum,-0.18995196920344948,-0.3730018865480673,0.05574833845396089,0.456815210814644,-0.15893220055881113,-0.2746985430400789,-0.04028359441876558,0.6857142857142857,True
grad,alpha_cc,Zinc real price,0,0,0.2319832851245649,-0.04506160703205361,0.47865724009033656,0.4505854012511965,0.1998231573379821,0.04523864360110397,0.36105813436791,0.7142857142857143,True
grad,alpha_cc,Zinc real price,0,1,-0.45425933062498436,-0.5652824536297072,-0.08090241343636248,0.4889822009605765,-0.3602347761531404,-0.4890513106116703,-0.2333358591506717,0.8571428571428571,True
grad,alpha_cc,Energy index,1,sum,0.05033141308400255,-0.22239142225429814,0.26598268781500334,0.4340631435173605,0.04059766076856583,-0.11621394756797883,0.18429441285005915,0.5428571428571428,False
grad,alpha_cc,Energy index,1,0,0.07682552198588119,-0.05994096601194385,0.290194569034818,0.34404839560860234,0.12156051033536439,0.017937494772946594,0.23312707868343732,0.6857142857142857,True
grad,alpha_cc,Energy index,1,1,-0.15190613470372347,-0.23382293609961197,0.11572475941156013,0.3175801385815209,-0.09753748004386764,-0.19433901093623862,0.01849908484931119,0.6571428571428571,False
grad,alpha_cc,GDP,2,sum,0.6118574580101869,0.010424522544806606,1.7205493070150746,1.1580660054945642,0.840709077301237,0.35277600176827945,1.3246499456975898,0.7714285714285715,True
grad,alpha_cc,GDP,2,0,0.9545888964448384,0.3311894592212684,1.5018132069826753,1.076568003710438,0.9035662602248573,0.576298944543375,1.1842798254854725,0.8285714285714286,True
grad,alpha_cc,GDP,2,1,0.1968520866734067,-0.8293146806918084,0.5706717622908342,0.7364683116367948,0.026122356180699875,-0.33413443174048985,0.44066494072911877,0.5428571428571428,False
grad,alpha_cc,US Industrial Production Total Index,3,sum,1.6786732826175303,0.5548682341947189,2.373932385482917,1.6786732826175303,1.5982190379799275,1.1296372576033915,2.020223019343244,0.8857142857142857,True
grad,alpha_cc,US Industrial Production Total Index,3,0,0.6377964451061324,0.2973944162819951,1.2451148751510166,0.800802743164532,0.7546514245128795,0.4855426505592249,1.0085229695495734,0.8571428571428571,True
grad,alpha_cc,US Industrial Production Total Index,3,1,0.6836202929381665,0.04191082373468119,1.4967440729947479,0.7507194189007267,0.7628621829414494,0.4478104843032952,1.0947951082983107,0.7428571428571429,True
grad,alpha_cc,EU28 Industrial Production Total Index,4,sum,1.2196216595821432,0.5016999037342464,1.7598780463277073,1.2329734944636594,1.1736743786541388,0.8322179390241857,1.548672719817443,0.8857142857142857,True
grad,alpha_cc,EU28 Industrial Production Total Index,4,0,1.0563855751475715,0.48435092681302083,1.6919557345606473,1.0563855751475715,1.0773417726772587,0.7602015239831508,1.3762238808876472,0.8857142857142857,True
grad,alpha_cc,EU28 Industrial Production Total Index,4,1,0.2743724151354504,-0.23064304125446516,0.6723588383069117,0.6186813353447438,0.18609953947788505,-0.0683587566807734,0.4504914045128417,0.6,False
grad,alpha_cc,China All Industry Value Added (Constant 2015 USD),5,sum,-0.31478319980903735,-1.0550898272940779,0.323220996727992,0.8894400263312366,-0.36623214366472034,-0.7564337069148276,-0.009447359172575276,0.6285714285714286,True
grad,alpha_cc,China All Industry Value Added (Constant 2015 USD),5,0,0.18186920600483628,-0.173662862645711,1.0460377516117,0.8395549024794704,0.30102115434192994,-0.05399144322727621,0.6756410821330209,0.6,False
grad,alpha_cc,China All Industry Value Added (Constant 2015 USD),5,1,-0.632531991799279,-1.619887844733693,0.09697142066714508,0.9536652792707226,-0.7099795685149404,-1.1399354726750537,-0.30535768217663045,0.7428571428571429,True
grad,alpha_cc,Producer Price Index of Non-ferrous Scrap,6,sum,-0.2758789240142768,-0.5255243995847214,0.12351989691101739,0.5374416236151962,-0.26094109876497973,-0.47956227008649316,-0.039264990190010896,0.6571428571428571,True
grad,alpha_cc,Producer Price Index of Non-ferrous Scrap,6,0,-0.37755019500969816,-0.8019629412899005,-0.17156730917477145,0.527801213832997,-0.4661406044482334,-0.6983198386888363,-0.2929754132244837,0.8571428571428571,True
grad,alpha_cc,Producer Price Index of Non-ferrous Scrap,6,1,0.2922492148787318,-0.10107029406615067,0.5370883486637467,0.42634691832248156,0.2875095487965601,0.08406374961666174,0.4322693485878734,0.6857142857142857,True
grad,alpha_cc,Real Treatment Charges,7,sum,-0.722914636550916,-0.9098383264157682,-0.34665956962123645,0.7404126502907156,-0.6531717408492739,-0.8027190363012487,-0.4748139971749481,0.8857142857142857,True
grad,alpha_cc,Real Treatment Charges,7,0,-1.109203327526794,-1.5804068942947693,-0.8206603832367119,1.109203327526794,-1.138411230001815,-1.3612565577400129,-0.946233823599371,0.9714285714285714,True
grad,alpha_cc,Real Treatment Charges,7,1,0.5209082770500263,0.28458990294318476,0.7412258823173987,0.5289435211496925,0.5266642104596309,0.3812616263718217,0.6743051549303215,0.8857142857142857,True
grad,alpha_cc,Precious metal index,8,sum,0.4410354791579348,0.17091309844483454,0.8310776566092813,0.6049003598826926,0.45064648751438735,0.2729118634309149,0.6418721556055127,0.7714285714285715,True
grad,alpha_cc,Precious metal index,8,0,1.2349598884124664,0.6221203651446252,1.5819504201347812,1.2349598884124664,1.1341099145241555,0.8986353146228071,1.3684012489369703,0.9428571428571428,True
grad,alpha_cc,Precious metal index,8,1,-0.719604650698257,-0.9160733051047967,-0.24666133356172892,0.7411084614925096,-0.6571461660284194,-0.8254817614324164,-0.46943379051126743,0.9142857142857143,True
grad,alpha_cc,Full metal real index,9,sum,0.24929606511656194,-0.10867029337662204,0.6177279593795577,0.523187781224949,0.25990050262386966,0.06947558333678168,0.48143657043603083,0.6857142857142857,True
grad,alpha_cc,Full metal real index,9,0,0.05327232183832566,-0.19520598086359714,0.40286409145144264,0.423326185568642,0.09832804081811185,-0.09213270613239272,0.31244023213142286,0.5714285714285714,False
grad,alpha_cc,Full metal real index,9,1,0.17074878028365345,-0.2665585008724208,0.6293635570967278,0.48609707999077667,0.16323209731151675,-0.0037033835746983212,0.3691636903858609,0.6571428571428571,False
grad,alpha_cc,World Stock Market Capitalisation (% of GDP),10,sum,0.48037915469985937,0.20776073074201876,0.8730484601582653,0.6596619706161964,0.5345437417078018,0.37754768594250143,0.6818338713724417,0.8857142857142857,True
grad,alpha_cc,World Stock Market Capitalisation (% of GDP),10,0,0.5054096830012128,-0.0029712950832917924,0.7929158761258532,0.65925995669643,0.4571974949359465,0.31016633422078016,0.6423625290192284,0.7428571428571429,True
grad,alpha_cc,World Stock Market Capitalisation (% of GDP),10,1,0.09275498955085175,-0.29609628901589735,0.3272893170308149,0.3868190915825641,0.07835389042762794,-0.10639544896224512,0.24858890574977627,0.5714285714285714,False
grad,alpha_cc,China Total Manufacturing Output,11,sum,-0.01805367196148276,-0.44568279725258153,0.2717385246823648,0.5177459880241402,-0.0670652609391976,-0.30897728126457935,0.13677949454784405,0.5142857142857142,False
grad,alpha_cc,China Total Manufacturing Output,11,0,0.08292996518417572,-0.49198053079490206,0.19601626571583178,0.3396949195910174,-0.08266835597133515,-0.4233007937133961,0.12317277515699751,0.5142857142857142,False
grad,alpha_cc,China Total Manufacturing Output,11,1,0.24433859855412382,-0.3321178981896614,0.3887861632689089,0.4668823243601545,0.09575573295486112,-0.09224336810223857,0.31443720485375165,0.5428571428571428,False
grad,alpha_cc,Population,12,sum,-0.3434212747251701,-1.0822649997645175,0.7526079361186293,0.9360117575530715,-0.24710489357111293,-0.7806336804057605,0.21526269342525867,0.5428571428571428,False
grad,alpha_cc,Population,12,0,-0.19420418015799273,-0.7142341863237405,0.9050937012757159,0.8813820737392597,0.07238730322814012,-0.39439377404277504,0.4944795520771839,0.5142857142857142,False
grad,alpha_cc,Population,12,1,-0.30116437044313105,-1.0103059954550264,0.1837881981657227,0.6398896380359665,-0.3717535313187077,-0.7270952036203664,-0.06619550601051094,0.6571428571428571,True
grad,alpha_refc,Zinc real price,0,sum,1.7608427737989296,1.1551412606706313,2.392039627716052,2.0611007371020813,1.798201058890041,1.456018241944879,2.095935136359388,0.9714285714285714,True
grad,alpha_refc,Zinc real price,0,0,1.9846438454862583,0.8769575358418954,2.9399119743163236,2.0197479297693635,1.9809886038267348,1.4135083518507119,2.4973840913474397,0.9142857142857143,True
grad,alpha_refc,Zinc real price,0,1,-0.25168097218588553,-0.9909850394458373,0.3674427375455709,1.1589238433430231,-0.23307558070558507,-0.6034600605215326,0.11545674969879338,0.6285714285714286,False
grad,alpha_refc,Energy index,1,sum,1.7470933111476463,1.0526422216253717,2.5427715139382183,1.9297252468666848,1.6530779966468083,1.3444069198324164,2.030907039124534,0.9428571428571428,True
grad,alpha_refc,Energy index,1,0,0.9906548718056509,0.15671475655628195,1.6065964830162636,1.4512094460963176,0.8469964229486036,0.3798425756303284,1.2550258807410277,0.7714285714285715,True
grad,alpha_refc,Energy index,1,1,1.0912610926930983,0.4620722571956201,1.4090234145216423,1.2295906573112863,0.9535611074370023,0.6366330642032795,1.2525731133120281,0.8571428571428571,True
grad,alpha_refc,GDP,2,sum,1.1730567272194796,-1.6436397818630188,4.455808502153687,3.7398103019346265,1.1211942548484135,-0.7569922439300305,2.9556828701887796,0.6,False
grad,alpha_refc,GDP,2,0,2.8952209626267567,0.1876448506244546,4.9115158009858195,3.428316835757779,2.658566035147633,1.3212410828420156,3.910185729916307,0.7714285714285715,True
grad,alpha_refc,GDP,2,1,-2.374927163831299,-4.216976884704364,1.4610818139904431,3.4547116416972004,-1.683131722297813,-3.175126021877248,-0.06418532431791046,0.6571428571428571,True
grad,alpha_refc,US Industrial Production Total Index,3,sum,3.3109999418046514,0.2551246985459651,5.5417229309944265,3.882210172154042,3.227331683288031,1.9029515667695174,4.585543759575445,0.7714285714285715,True
grad,alpha_refc,US Industrial Production Total Index,3,0,3.1839101951657747,1.3755522501814594,5.781216309857881,3.1839101951657747,3.529008308886744,2.611574116679082,4.511275148771952,0.9142857142857143,True
grad,alpha_refc,US Industrial Production Total Index,3,1,-0.9617543127397384,-2.0796718759339683,1.9265665739011628,2.0908463168630194,-0.49617304516166594,-1.6431273822220134,0.5489954065768254,0.6,False
grad,alpha_refc,EU28 Industrial Production Total Index,4,sum,-4.002815756801689,-5.455969286696689,-0.6670162049769456,4.002815756801689,-3.4244625496929806,-4.829192512139949,-2.2403005586729234,0.8,True
grad,alpha_refc,EU28 Industrial Production Total Index,4,0,3.568493843792537,2.030136365786963,4.7500265030520366,3.568493843792537,3.4659505008429767,2.657226396006566,4.4725135910306175,0.9428571428571428,True
grad,alpha_refc,EU28 Industrial Production Total Index,4,1,-7.027134838543863,-7.926564134073667,-6.1857258461732885,7.027134838543863,-7.079187583002462,-7.794940764859586,-6.6113234056783945,1.0,True
grad,alpha_refc,China All Industry Value Added (Constant 2015 USD),5,sum,0.49276182537361723,-1.5943172991211925,2.7553015482286525,2.317391735787498,0.479873318225322,-0.8314195834882834,1.691188443787282,0.5714285714285714,False
grad,alpha_refc,China All Industry Value Added (Constant 2015 USD),5,0,2.434695704530012,-0.3062062522382978,3.4266216824249316,2.434695704530012,1.9513580910449866,0.9257344033142935,2.987646649150509,0.7428571428571429,True
grad,alpha_refc,China All Industry Value Added (Constant 2015 USD),5,1,-1.2428275084806544,-3.331544561219662,0.007046097273534946,2.1603386465594157,-1.5337804198685925,-2.568767064798128,-0.49585224073426976,0.7428571428571429,True
grad,alpha_refc,Producer Price Index of Non-ferrous Scrap,6,sum,-3.1790047302927036,-4.687277901170331,-1.5490222310383954,3.25696697974814,-3.0787819538591865,-3.7774321583362767,-2.354469751595703,0.8857142857142857,True
grad,alpha_refc,Producer Price Index of Non-ferrous Scrap,6,0,-2.2271701180932704,-3.4701258920670623,-0.8537728680214759,2.3169150264247564,-2.139485575836229,-2.8842021698315095,-1.3081927850606507,0.8,True
grad,alpha_refc,Producer Price Index of Non-ferrous Scrap,6,1,-1.0126764155780947,-2.1440091383593023,-0.30553661093966955,1.4245237845467056,-1.033303797651662,-1.5180559988855928,-0.5576241040516334,0.7714285714285715,True
grad,alpha_refc,Real Treatment Charges,7,sum,2.359306425215157,1.2079893282507452,3.24907181652833,2.359306425215157,2.260730252941533,1.7069715510882029,2.8225034656311836,0.9428571428571428,True
grad,alpha_refc,Real Treatment Charges,7,0,-0.38059300098577903,-2.0667447391519884,0.42224589406661917,1.6480434194595133,-0.4888021424292073,-1.1742881706810249,0.23894506382727154,0.5428571428571428,False
grad,alpha_refc,Real Treatment Charges,7,1,3.225165159544045,1.8224156328676053,3.631535247616875,3.236856833797148,2.8244999418216743,2.298236818155468,3.3214134972797282,0.9714285714285714,True
grad,alpha_refc,Precious metal index,8,sum,-0.607561555098183,-1.0016564335013076,0.6981904219402498,1.2917861879657535,-0.3486039592013379,-0.7475438358392881,0.1708401471048861,0.6857142857142857,False
grad,alpha_refc,Precious metal index,8,0,1.0005085480419227,-0.20420877383249184,2.455571995376994,1.3843657902829558,1.01660998969213,0.35281714531389397,1.724308197674849,0.6857142857142857,True
grad,alpha_refc,Precious metal index,8,1,-1.3325005885377166,-2.5670627005334583,-0.6284353776897762,1.5885146710568363,-1.362803616607875,-1.9706356240906915,-0.8057867211803234,0.8285714285714286,True
grad,alpha_refc,Full metal real index,9,sum,4.629807922421266,3.519600520898992,5.720322297371522,4.629807922421266,4.596738381894964,3.8892259456760203,5.208458482875114,1.0,True
grad,alpha_refc,Full metal real index,9,0,2.3223318122255256,1.1995811648163945,3.4265210546115252,2.6838943081540747,2.303478025531482,1.2550119396464858,2.975766700753622,0.8285714285714286,True
grad,alpha_refc,Full metal real index,9,1,2.1400736944487733,1.5879993808676116,3.3115039469414604,2.176589503270624,2.362206401947948,1.9040724745848172,2.82946954084704,0.9714285714285714,True
grad,alpha_refc,World Stock Market Capitalisation (% of GDP),10,sum,4.039521464010091,3.3017978449271608,4.894179099470012,4.039521464010091,4.144502807807577,3.7376279275117987,4.587339756509516,1.0,True
grad,alpha_refc,World Stock Market Capitalisation (% of GDP),10,0,7.267648167765529,6.2320701549978565,8.890787635638407,7.267648167765529,7.51408445594501,6.784808832292928,8.219709029850966,1.0,True
grad,alpha_refc,World Stock Market Capitalisation (% of GDP),10,1,-3.2866261139358643,-4.38549257697767,-2.565532738249142,3.2866261139358643,-3.3370209041509566,-3.8882975208099917,-2.80440716430627,0.9714285714285714,True
grad,alpha_refc,China Total Manufacturing Output,11,sum,-8.235624024094367,-9.200743590443807,-6.766017014466607,8.235624024094367,-8.195714104392891,-8.824372262621349,-7.498976190695879,1.0,True
grad,alpha_refc,China Total Manufacturing Output,11,0,-3.3374940741501846,-4.371369195106084,-2.294182898092031,3.3374940741501846,-3.3550941176645694,-3.930814006994002,-2.7844196982311864,1.0,True
grad,alpha_refc,China Total Manufacturing Output,11,1,-4.600836506620975,-5.917704908662828,-3.5424763458126387,4.600836506620975,-4.701781765403364,-5.430388931404118,-4.084271517909696,1.0,True
grad,alpha_refc,Population,12,sum,1.37743578106373,-3.069345553872581,3.3807935422471322,3.5007079888730184,0.5956171029521014,-1.0566719639629767,2.4196202493779806,0.5428571428571428,False
grad,alpha_refc,Population,12,0,0.49931151757058084,-1.3298864119706288,2.210144168385288,1.9075390247192854,0.6758996307082685,-0.3508172944556926,1.8478340025499822,0.6,False
grad,alpha_refc,Population,12,1,-0.2350410361661342,-2.723920623899076,2.5393058982361643,2.878823301954435,-0.09317605018460423,-1.2606230396237574,1.1693399121287256,0.5142857142857142,False
grad,alpha_win,Zinc real price,0,sum,0.012957642283896665,0.0055106524582626696,0.02285693081290696,0.01886212030335162,0.013471212883347,0.007658011434143125,0.018681245531703104,0.8285714285714286,True
grad,alpha_win,Zinc real price,0,0,0.019681115009471475,0.00785037468514978,0.030683234588048083,0.023996924200414448,0.019010961579419373,0.011621100631543837,0.025553931667213047,0.8285714285714286,True
grad,alpha_win,Zinc real price,0,1,0.00043547096438971476,-0.016769108743132744,0.0069357115010738254,0.014756970312953765,-0.003956806891919745,-0.01073926468012747,0.0027738544477062914,0.5142857142857142,False
grad,alpha_win,Energy index,1,sum,0.029264161362099594,0.020551611735755065,0.036091978070604644,0.032210989006406086,0.029401908949658793,0.024535720881621766,0.03423012333119994,0.9714285714285714,True
grad,alpha_win,Energy index,1,0,0.030652083359029025,0.016687989011292807,0.04190715653639098,0.031049005236146093,0.029052140215283115,0.021127843770545034,0.03578084200654715,0.8857142857142857,True
grad,alpha_win,Energy index,1,1,0.002065681819595087,-0.007647289880123372,0.010755987016784001,0.012661483038366853,0.0014531159213616565,-0.0035615795975769034,0.006667192762291224,0.5428571428571428,False
grad,alpha_win,GDP,2,sum,-0.049493467579960496,-0.07257731415631413,-0.010953820067860727,0.05491959877530106,-0.042539256680082585,-0.05837870137035435,-0.02459555808078547,0.8571428571428571,True
grad,alpha_win,GDP,2,0,0.00026840704028545175,-0.022071627429198198,0.02857361869460765,0.02775893101543144,0.004955826423568348,-0.009675414243028223,0.019434458045825675,0.5142857142857142,False
grad,alpha_win,GDP,2,1,-0.04165972500501155,-0.07681262489981931,-0.014106354318628046,0.044542639763369134,-0.044246747132772775,-0.060753066684700076,-0.027527040901556006,0.8,True
grad,alpha_win,US Industrial Production Total Index,3,sum,-0.014038533436378082,-0.037249611422913484,0.0390553260497436,0.03880115365596267,-0.00608615435327938,-0.028297990490180037,0.021381451750689826,0.5428571428571428,False
grad,alpha_win,US Industrial Production Total Index,3,0,0.0027102973701898982,-0.02604261642316439,0.038846393140933716,0.033417811403320966,0.0035166728499004263,-0.013631956520756803,0.02116115641390495,0.5428571428571428,False
grad,alpha_win,US Industrial Production Total Index,3,1,-0.008889677301328452,-0.03568703694792566,0.020153383780353976,0.034351648553153306,-0.008612850898803152,-0.02354275065745254,0.008232939560225838,0.6285714285714286,False
grad,alpha_win,EU28 Industrial Production Total Index,4,sum,-0.009008264855988936,-0.047177081593893666,0.01409365421309787,0.03239413389604814,-0.012123289492714937,-0.029041382994326157,0.0029549333305505555,0.6,False
grad,alpha_win,EU28 Industrial Production Total Index,4,0,-0.010861441608868783,-0.028929367946995785,0.028716501950004424,0.02925251175019305,-0.006458540822865995,-0.022713728863171294,0.01138937113471904,0.6285714285714286,False
grad,alpha_win,EU28 Industrial Production Total Index,4,1,-0.011795987325233105,-0.02207373013030714,0.00402198742972748,0.02086410401977077,-0.010539591778207378,-0.018884620611982005,-0.0020853473532381987,0.6857142857142857,True
grad,alpha_win,China All Industry Value Added (Constant 2015 USD),5,sum,-0.001363909612012188,-0.018600471532614307,0.024643370215536392,0.02457339153471475,0.0003066681915641856,-0.012113109039362241,0.015470998914864333,0.5428571428571428,False
grad,alpha_win,China All Industry Value Added (Constant 2015 USD),5,0,0.03209568840317405,0.00020053111174496836,0.048286749810384194,0.03327836549426004,0.02541861688629985,0.01222759690871478,0.03571656825157079,0.7714285714285715,True
grad,alpha_win,China All Industry Value Added (Constant 2015 USD),5,1,-0.013268000147924452,-0.048500986686672076,0.008339201055999515,0.03001654695157562,-0.0194808787450654,-0.03520437129787289,-0.004962885051378333,0.6571428571428571,True
grad,alpha_win,Producer Price Index of Non-ferrous Scrap,6,sum,-0.04468677416644553,-0.07554555579067367,-0.015096191492639667,0.04468677416644553,-0.04490845184803083,-0.05751635493426327,-0.031026688356844613,0.8857142857142857,True
grad,alpha_win,Producer Price Index of Non-ferrous Scrap,6,0,-0.0017038850688699606,-0.035911262193448944,0.02173983364194975,0.032071494382457065,-0.007384351821086429,-0.019792602625603055,0.0056149828741894545,0.5142857142857142,False
grad,alpha_win,Producer Price Index of Non-ferrous Scrap,6,1,-0.039651523388442085,-0.04862565114234353,-0.02655375711950983,0.03976527602599032,-0.03822893411280427,-0.04415543712990237,-0.030087710840610307,0.9714285714285714,True
grad,alpha_win,Real Treatment Charges,7,sum,0.022128894708667208,0.0033386702462592935,0.05246411849476493,0.028029493494985257,0.023930261208005864,0.013473278878499062,0.03600739841095715,0.8285714285714286,True
grad,alpha_win,Real Treatment Charges,7,0,0.0032314549754696455,-0.016481786238897553,0.0266822247829166,0.024572849577246474,0.00521645538537277,-0.006874666616364017,0.017620851028024066,0.5428571428571428,False
grad,alpha_win,Real Treatment Charges,7,1,0.0184439822908224,0.009009719593075078,0.02924831234074922,0.022131760450893823,0.018261408247267463,0.013547455559041131,0.024832568638555732,0.8571428571428571,True
grad,alpha_win,Precious metal index,8,sum,-0.0005338663402796784,-0.010374771157227472,0.017356393840293936,0.021791961585347817,0.0029980328930963515,-0.005852544469214984,0.011673898872076094,0.5142857142857142,False
grad,alpha_win,Precious metal index,8,0,-0.017752159082596957,-0.03356526399966875,-0.0014716846240465731,0.025457376316252295,-0.01880627708495682,-0.029333094905127408,-0.008500727251313296,0.7428571428571429,True
grad,alpha_win,Precious metal index,8,1,0.021385622634076708,0.005617119064723455,0.03496414262995651,0.023941903436632217,0.021268610674212374,0.013298084956769398,0.029188378755656573,0.8285714285714286,True
grad,alpha_win,Full metal real index,9,sum,0.028587840040005787,-0.0012059231439195378,0.051694847992463135,0.03152227725625315,0.02694098057196638,0.014514267759917538,0.04175471612052628,0.7142857142857143,True
grad,alpha_win,Full metal real index,9,0,-0.0063676453838645035,-0.027117455621774273,0.013209723350072922,0.02122021284890683,-0.005239539051596086,-0.018909473739277132,0.009823298715638277,0.6571428571428571,False
grad,alpha_win,Full metal real index,9,1,0.03518283900177358,0.01130964725952872,0.047594419152335074,0.03613963019579553,0.03177031872312136,0.02262446677515689,0.04161923092271867,0.8571428571428571,True
grad,alpha_win,World Stock Market Capitalisation (% of GDP),10,sum,-0.0009168353887230778,-0.010833865183254484,0.007035104113401433,0.019856754200526357,-0.0014800082786420661,-0.006629437085036196,0.004293173512715465,0.5142857142857142,False
grad,alpha_win,World Stock Market Capitalisation (% of GDP),10,0,-0.012560499904099553,-0.03738486663760297,0.0049854472549200265,0.022172169534184473,-0.015387645256508344,-0.026357706553180933,-0.005117430775472881,0.7142857142857143,True
grad,alpha_win,World Stock Market Capitalisation (% of GDP),10,1,0.015576455532673467,-0.0005757896374237643,0.03214386533431235,0.02369376737775895,0.015205552944143486,0.006814164485281265,0.022827605908984687,0.6857142857142857,True
grad,alpha_win,China Total Manufacturing Output,11,sum,-0.04058609853975477,-0.05238975731233876,-0.021367051784329766,0.040727738545568014,-0.03896849210542446,-0.049115297101644584,-0.029710231984871976,0.9142857142857143,True
grad,alpha_win,China Total Manufacturing Output,11,0,0.006042137752632565,-0.004856225552422412,0.01627115766953341,0.01718378108932011,0.006877491575176915,0.0004995588274122565,0.013938026095075941,0.6571428571428571,True
grad,alpha_win,China Total Manufacturing Output,11,1,-0.04676987629820058,-0.06177927217937708,-0.024707469944253088,0.04676987629820058,-0.047906102567328454,-0.05785046930216596,-0.03683694888159653,1.0,True
grad,alpha_win,Population,12,sum,-0.007556221055639028,-0.0668431511377294,0.031883111587496765,0.04829650032126173,-0.013588142108575202,-0.03721085999229643,0.011883646653786866,0.5714285714285714,False
grad,alpha_win,Population,12,0,0.015354135306463648,-0.0244887037920722,0.04399731576967418,0.034032242509096707,0.012647926358724493,-0.00562309157672538,0.03042731880250059,0.6571428571428571,False
grad,alpha_win,Population,12,1,-0.02441995606629012,-0.04672086672417894,-0.006285563316317369,0.028686240190830603,-0.024046944755279347,-0.03721494315995001,-0.011143894588271643,0.8,True
grad,alpha_dr,Zinc real price,0,sum,0.0898855302513019,0.049157673208907654,0.12211127177433209,0.09508015868465683,0.08652360754034208,0.06992028382981398,0.10279803006169119,0.9428571428571428,True
grad,alpha_dr,Zinc real price,0,0,0.10229053948050074,0.07581350691526913,0.1264284650171236,0.10318150067918959,0.10390381777265817,0.08539143502031228,0.1249227809866586,0.9142857142857143,True
grad,alpha_dr,Zinc real price,0,1,-0.022192477097093967,-0.04675394240395476,-0.0025933046960418056,0.05015101531672174,-0.02300086611467836,-0.03739589432069038,-0.007662735573770393,0.7714285714285715,True
grad,alpha_dr,Energy index,1,sum,0.19990189343060769,0.16011183170117366,0.22164450715965733,0.20009255194839745,0.18901454399708406,0.16637425937139785,0.2105784105142114,1.0,True
grad,alpha_dr,Energy index,1,0,0.07700543789762544,0.04634142845887604,0.11987451846282869,0.0869460690378161,0.07772211571318652,0.056244456492569865,0.09664517813369584,0.8857142857142857,True
grad,alpha_dr,Energy index,1,1,0.11473494397849153,0.07458611709446818,0.13991685237213575,0.11473494397849153,0.1088199633410824,0.09331969058874995,0.12696110327291826,1.0,True
grad,alpha_dr,GDP,2,sum,-0.3176373795517236,-0.4383333803157981,-0.21266749267437188,0.3178781787649392,-0.3354326917578856,-0.4067139789125432,-0.27027710988912357,0.9714285714285714,True
grad,alpha_dr,GDP,2,0,0.0008138814471210342,-0.09003319201168783,0.0783718711255465,0.08738017510451658,-0.006343564361679373,-0.04949291874619204,0.03907617573914877,0.5142857142857142,False
grad,alpha_dr,GDP,2,1,-0.3414476704039341,-0.4374498992500813,-0.23071850504564329,0.3414476704039341,-0.33367892986663106,-0.39280011360423217,-0.28051240965197094,1.0,True
grad,alpha_dr,US Industrial Production Total Index,3,sum,-0.26873846087090614,-0.35973967113310923,-0.13432446825017746,0.26873846087090614,-0.25887124245734466,-0.32554706098281583,-0.19765278288331017,0.9428571428571428,True
grad,alpha_dr,US Industrial Production Total Index,3,0,-0.01341876412509852,-0.11691308715829415,0.08414048187125825,0.10620641844619927,-0.022494764974664738,-0.07875251422585407,0.022656656417716695,0.5428571428571428,False
grad,alpha_dr,US Industrial Production Total Index,3,1,-0.2252498636681582,-0.2928962882058822,-0.14914528495794693,0.2252498636681582,-0.22672586659418997,-0.27578768425760736,-0.18555623781197916,0.9714285714285714,True
grad,alpha_dr,EU28 Industrial Production Total Index,4,sum,-0.04276222543185585,-0.18285118723005722,0.04918138501144542,0.132468415156794,-0.04991694005497846,-0.11262631987799396,0.008181341360953576,0.5714285714285714,False
grad,alpha_dr,EU28 Industrial Production Total Index,4,0,-0.05566931842064167,-0.1262640766454113,0.024310158157839785,0.09798683579718045,-0.05616670846966834,-0.10023909985801525,-0.013807423036138591,0.6571428571428571,True
grad,alpha_dr,EU28 Industrial Production Total Index,4,1,0.02029976143990227,-0.06703537349006655,0.11486600194776836,0.1097553205651344,0.009146186316658192,-0.038390749226155596,0.05280299008121139,0.5428571428571428,False
grad,alpha_dr,China All Industry Value Added (Constant 2015 USD),5,sum,-0.16683957339281544,-0.24603809791262737,-0.09301967078418003,0.1726320424212216,-0.16667837663163915,-0.21618237005248767,-0.11799303254253618,0.8571428571428571,True
grad,alpha_dr,China All Industry Value Added (Constant 2015 USD),5,0,0.028541649633390363,-0.02965313028018997,0.08692675265764412,0.07478834299609508,0.025274047972775823,-0.0125916153244415,0.0595653819164101,0.5714285714285714,False
grad,alpha_dr,China All Industry Value Added (Constant 2015 USD),5,1,-0.19957879123574687,-0.2550218293176723,-0.11494188477491205,0.19957879123574687,-0.1911599352799379,-0.23031527509348432,-0.14752408288037533,0.9714285714285714,True
grad,alpha_dr,Producer Price Index of Non-ferrous Scrap,6,sum,0.05933977449414572,-0.06933726822729341,0.09313142049946793,0.11105781770241299,0.03171871694422624,-0.024982795755010008,0.07653784991881332,0.6857142857142857,False
grad,alpha_dr,Producer Price Index of Non-ferrous Scrap,6,0,0.037079310624226314,-0.05671751051413007,0.0926598486536378,0.08548030758697775,0.025126100964209586,-0.01832485789411021,0.06434206598346977,0.5428571428571428,False
grad,alpha_dr,Producer Price Index of Non-ferrous Scrap,6,1,0.0060870421276524615,-0.03416315855406239,0.03255028803692956,0.061850331601784214,0.001887840154764322,-0.01751625858348283,0.024955104980822485,0.5428571428571428,False
grad,alpha_dr,Real Treatment Charges,7,sum,0.2561188255734009,0.1810268620851822,0.3016222479739285,0.2561188255734009,0.25562438824083544,0.21402276340852996,0.30163605769916296,1.0,True
grad,alpha_dr,Real Treatment Charges,7,0,0.0865694808329907,0.04873487542505645,0.13759132882158062,0.09294446700880193,0.09728069174696283,0.06650646598199211,0.14395525909767237,0.8571428571428571,True
grad,alpha_dr,Real Treatment Charges,7,1,0.14367308083841646,0.12341960143794176,0.18738423470650015,0.14367308083841646,0.14981480526925756,0.13297011304768383,0.1726142104133943,1.0,True
grad,alpha_dr,Precious metal index,8,sum,-0.018635235840263463,-0.052627103387503926,0.04523095899963428,0.06429749441779856,-0.015934075557008893,-0.04120109683421877,0.012226938660710698,0.6,False
grad,alpha_dr,Precious metal index,8,0,-0.042740643549045554,-0.0964547339930282,0.020182703197381555,0.07593034450017888,-0.03815847851869577,-0.06649993568077557,-0.00586078213734258,0.6857142857142857,True
grad,alpha_dr,Precious metal index,8,1,0.024821018367063026,-0.0334980024294177,0.06711625359141073,0.07046998910619172,0.020040001189204328,-0.01116897086851043,0.04660450649334458,0.6285714285714286,False
grad,alpha_dr,Full metal real index,9,sum,0.2686299049874498,0.2221479000974521,0.32817320335581834,0.2686299049874498,0.276978101129721,0.2410217693400353,0.31769822023809563,1.0,True
grad,alpha_dr,Full metal real index,9,0,0.09264368100934169,0.006895584611945806,0.16137488451382348,0.10473188127203326,0.08750463188234867,0.04609837227662181,0.1296595629503698,0.7428571428571429,True
grad,alpha_dr,Full metal real index,9,1,0.16751887886545364,0.14637631390997907,0.2281352672394143,0.17078918246137162,0.18367422166686737,0.16121188863396163,0.2205773808715822,1.0,True
grad,alpha_dr,World Stock Market Capitalisation (% of GDP),10,sum,-0.057270617075882546,-0.10426060809783308,0.00840773573202648,0.0726009661860817,-0.05708800771060281,-0.0824739470906071,-0.028167744697625813,0.7142857142857143,True
grad,alpha_dr,World Stock Market Capitalisation (% of GDP),10,0,-0.10734071856230445,-0.21192886101322234,-0.06076620196304127,0.11435847945645472,-0.13396200477804898,-0.16244053431129724,-0.08947877295860382,0.9142857142857143,True
grad,alpha_dr,World Stock Market Capitalisation (% of GDP),10,1,0.06725551812937311,0.030656115411206518,0.10844617216608583,0.08116341656239597,0.06742444339744917,0.04317791680682343,0.09334551757560541,0.7714285714285715,True
grad,alpha_dr,China Total Manufacturing Output,11,sum,-0.037905651173117436,-0.09051737208900612,0.03761091032616548,0.10833112066069062,-0.03156441539226617,-0.06187801990653209,0.006795200671569589,0.6857142857142857,False
grad,alpha_dr,China Total Manufacturing Output,11,0,0.0322097685667661,0.000645298255877964,0.1213016470899009,0.09310087914838157,0.04274600812365398,0.012123846873301508,0.08472159716918436,0.7714285714285715,True
grad,alpha_dr,China Total Manufacturing Output,11,1,-0.059091263157776644,-0.13806898329368328,-0.010390330673854323,0.09272065168677254,-0.0724937563912667,-0.10956024248933649,-0.03342126153848782,0.7714285714285715,True
grad,alpha_dr,Population,12,sum,-0.142623968821458,-0.2356113169319712,0.04567954424168204,0.19333699763142018,-0.09401853414041669,-0.17731645173827,-0.014368151320667183,0.6285714285714286,True
grad,alpha_dr,Population,12,0,-0.008118543912700055,-0.07857625938581259,0.07104536317044557,0.0848255279366557,0.0032837170211724824,-0.037075509027489864,0.05162953205134082,0.5428571428571428,False
grad,alpha_dr,Population,12,1,-0.12380148475983202,-0.19325365892694207,0.006209722066388744,0.1369286134729924,-0.09748799503002481,-0.1534759042329929,-0.04295956826904187,0.7142857142857143,True
grad,tau_olds,Zinc real price,0,sum,0.04806214450835237,0.035881705436289935,0.06409838384505054,0.0486788213066179,0.05004452181795993,0.04215776868466062,0.057970740993452695,1.0,True
grad,tau_olds,Zinc real price,0,0,0.061875840106743074,0.033134420915192815,0.0812299318129355,0.061875840106743074,0.05884972902393738,0.04872240389342054,0.06886531000092301,1.0,True
grad,tau_olds,Zinc real price,0,1,-0.005328051635058709,-0.026126211970534437,0.005392646964174136,0.019028914545414007,-0.008062598764806165,-0.015771860990487444,0.0001271726079993381,0.6,False
grad,tau_olds,Energy index,1,sum,0.025825849455752593,0.01707088499212685,0.037902970009070905,0.030671587941719824,0.026872214711791846,0.021266388776749436,0.032274998594126594,0.9142857142857143,True
grad,tau_olds,Energy index,1,0,0.055504259704056924,0.044227808865045966,0.0652139634217857,0.055871605154413785,0.05550278858938722,0.04874952122392865,0.06168611666255695,1.0,True
grad,tau_olds,Energy index,1,1,-0.02930090383474574,-0.0373787493443982,-0.016271049983570325,0.03154341687942573,-0.028672976015355678,-0.034742820849517506,-0.02269708382083177,0.9714285714285714,True
grad,tau_olds,GDP,2,sum,-0.021539131718198563,-0.07328185703826537,0.01170335951974949,0.05087708781050378,-0.026239765320323072,-0.0503729629901216,-0.0031183953763036024,0.6857142857142857,True
grad,tau_olds,GDP,2,0,0.010317286860537936,-0.025607962584723813,0.04397126462562988,0.03707914242860926,0.007739698752499056,-0.008168599631869809,0.02371949216296332,0.5714285714285714,False
grad,tau_olds,GDP,2,1,-0.02864618440027682,-0.06892238316759486,0.007887969094362988,0.04601060791129049,-0.03155611094644305,-0.052717965694440094,-0.01001603174946464,0.6571428571428571,True
grad,tau_olds,US Industrial Production Total Index,3,sum,-0.008625317167638825,-0.043571181791687605,0.04356851937373295,0.04581329454055927,0.001993634146548011,-0.023662016695631755,0.027097750999048424,0.5142857142857142,False
grad,tau_olds,US Industrial Production Total Index,3,0,0.009459099157881203,-0.030114859659359405,0.034947689137868033,0.03355908589273434,0.006900739745113021,-0.009113035445989702,0.025960572728151297,0.5714285714285714,False
grad,tau_olds,US Industrial Production Total Index,3,1,-0.001196725196678413,-0.04827540498526746,0.033377508202796405,0.04342415563997111,-0.0056809760733855545,-0.02576480094256308,0.01636908594395873,0.5142857142857142,False
grad,tau_olds,EU28 Industrial Production Total Index,4,sum,-0.045067084469454274,-0.0839806382317623,-0.00471310538673423,0.04734782471775251,-0.04261161794819743,-0.0633045720251774,-0.019027571241346852,0.7428571428571429,True
grad,tau_olds,EU28 Industrial Production Total Index,4,0,-0.025144178813180103,-0.05708169983184998,0.012707769115371356,0.03620239385174936,-0.01919621036475587,-0.03718259099854523,0.00016797605367904148,0.6571428571428571,False
grad,tau_olds,EU28 Industrial Production Total Index,4,1,-0.022441742696439636,-0.044639183930776025,0.008741574385165925,0.02938429184105761,-0.021413243367596493,-0.03368184340565689,-0.008109304809980115,0.6857142857142857,True
grad,tau_olds,China All Industry Value Added (Constant 2015 USD),5,sum,-0.005771853073605911,-0.038614083480632104,0.024557543200936206,0.03663402844092337,-0.007822333556957117,-0.029202607399318087,0.010715356648697088,0.5428571428571428,False
grad,tau_olds,China All Industry Value Added (Constant 2015 USD),5,0,0.00014417970200651046,-0.0077176347651086745,0.024135903805667876,0.02396458003762056,0.0029192804802876003,-0.0062432600714829554,0.013959605007838145,0.5142857142857142,False
grad,tau_olds,China All Industry Value Added (Constant 2015 USD),5,1,-0.00784231940161464,-0.04147230346197768,0.014729422989054962,0.027013823378780916,-0.012956887563754847,-0.02676051514148172,0.0009497693335031813,0.5428571428571428,False
grad,tau_olds,Producer Price Index of Non-ferrous Scrap,6,sum,-0.03657668626020241,-0.0921492187881843,-0.0177790707522524,0.03854850470762872,-0.049418496961477563,-0.06725036591757406,-0.030406738061956665,0.8285714285714286,True
grad,tau_olds,Producer Price Index of Non-ferrous Scrap,6,0,-0.009494674105981654,-0.03615244886812821,0.01186506083442339,0.0321602426910889,-0.014994313271228785,-0.02805059508143331,-0.002437128184078232,0.6571428571428571,True
grad,tau_olds,Producer Price Index of Non-ferrous Scrap,6,1,-0.034976850604060805,-0.04804413341997966,-0.02305656441310508,0.034976850604060805,-0.034675505589434906,-0.0422266473173813,-0.025747154748845542,0.8571428571428571,True
grad,tau_olds,Real Treatment Charges,7,sum,0.021235214147658284,0.004980360121379552,0.0363014595547998,0.03118277004123502,0.021947756550708797,0.012877832271570319,0.03150463242338904,0.8,True
grad,tau_olds,Real Treatment Charges,7,0,0.01478106218416817,-0.0074725486091788895,0.03759163871320284,0.02139724919653113,0.015664826479558462,0.0030098369492361264,0.029286325086077106,0.6857142857142857,True
grad,tau_olds,Real Treatment Charges,7,1,0.008859816781115437,-0.01021446662572079,0.02601571050604994,0.023959876887240432,0.006934335573747891,-0.0035034398450497417,0.01703996286315406,0.6,False
grad,tau_olds,Precious metal index,8,sum,-0.020665176250394747,-0.040721070621471775,-0.005676103454146925,0.025796250392815502,-0.023118149767685774,-0.03212191290084217,-0.015157659561791798,0.8857142857142857,True
grad,tau_olds,Precious metal index,8,0,-0.03044467626416673,-0.052239647951782965,-0.008813791209541035,0.031218924776870115,-0.03245367434487323,-0.04337027385299747,-0.021976489081918755,0.8571428571428571,True
grad,tau_olds,Precious metal index,8,1,-0.0005114965509455447,-0.0076704343166184765,0.028257069590456502,0.021224475125588133,0.008293534767302987,-0.0015307773315935806,0.01597642771755168,0.5142857142857142,False
grad,tau_olds,Full metal real index,9,sum,-0.017509700621729775,-0.043041122909663804,0.01565494448726835,0.03920199008602644,-0.012207930037257238,-0.026894728258479373,0.005133067885488347,0.6,False
grad,tau_olds,Full metal real index,9,0,-0.030217092079057352,-0.04943293163368998,0.0006457248649171412,0.036366175343791315,-0.023704856180988644,-0.03737060754173983,-0.00945692239335362,0.7428571428571429,True
grad,tau_olds,Full metal real index,9,1,0.010362426195131984,-0.005068167626332308,0.029348023599983307,0.02378707873081657,0.01181174980697251,0.0022846456928396113,0.021162553695285257,0.6857142857142857,True
grad,tau_olds,World Stock Market Capitalisation (% of GDP),10,sum,-0.05167745401253241,-0.06673820087889124,-0.03458041259175433,0.05275211207353105,-0.05056172234124719,-0.05793571540551522,-0.04128459582152695,0.9714285714285714,True
grad,tau_olds,World Stock Market Capitalisation (% of GDP),10,0,-0.034889828423736294,-0.056189200052644044,-0.016961668792984524,0.038147336625904874,-0.036105542740316035,-0.04783324634671379,-0.025221532624058313,0.8571428571428571,True
grad,tau_olds,World Stock Market Capitalisation (% of GDP),10,1,-0.012697370943971904,-0.025441971219487894,0.000435150324867437,0.021588084059989892,-0.01314260301342086,-0.02117040685352815,-0.005407113242734351,0.7428571428571429,True
grad,tau_olds,China Total Manufacturing Output,11,sum,-0.02031747981725245,-0.03400264434634742,0.004825762774278108,0.029688623073916297,-0.017374761354221016,-0.029987732014682265,-0.004852299290427279,0.6857142857142857,True
grad,tau_olds,China Total Manufacturing Output,11,0,0.015537226268807297,0.00029278892717090243,0.029776194501971616,0.02392356318354189,0.015445159079774782,0.006131882394028298,0.02457493658917559,0.7714285714285715,True
grad,tau_olds,China Total Manufacturing Output,11,1,-0.03319026058843996,-0.04931321283491971,-0.024732175896799637,0.03319026058843996,-0.03466766477014736,-0.04347837807967268,-0.025879872368587284,0.8571428571428571,True
grad,tau_olds,Population,12,sum,0.01958507564843133,-0.02559127189507339,0.053858605773393096,0.0438882814629077,0.02091868355852755,-0.004511385305180155,0.04225830354526123,0.6571428571428571,False
grad,tau_olds,Population,12,0,0.02697597109029869,-0.015455437863392946,0.05245107539588901,0.03900780590297263,0.02127140880757321,0.004063822818976173,0.039276702885078445,0.6571428571428571,True
grad,tau_olds,Population,12,1,-0.002463542923960008,-0.024308276239873153,0.022145495271939174,0.024788749809865722,-0.0016180075979249538,-0.017255346051070056,0.015199784126855775,0.5428571428571428,False
grad,frac_fu_new,Zinc real price,0,sum,0.002377192524217873,-0.0030606689296395224,0.010802314757593082,0.010691530306788927,0.0033196721465512443,-0.0002607692607006398,0.006707472548789031,0.6,False
grad,frac_fu_new,Zinc real price,0,0,0.005978919089280411,-0.003237061430279649,0.012807808719492442,0.008756249389102619,0.00487161307644155,0.0012091097513067077,0.009931486322012194,0.6,True
grad,frac_fu_new,Zinc real price,0,1,-0.0021273092923384364,-0.008662236489513642,0.0032592763153147025,0.00847470627229487,-0.002791183701369118,-0.007048934343815717,0.000783873617547078,0.5428571428571428,False
grad,frac_fu_new,Energy index,1,sum,-0.0013867139075324682,-0.007359501322066515,0.007272089575804286,0.009928870314124713,6.550616300853203e-06,-0.003719772379171906,0.0037868807278415156,0.5428571428571428,False
grad,frac_fu_new,Energy index,1,0,0.006774633745748522,0.00243430365858829,0.012964200657924634,0.009239781090346549,0.006998745915669621,0.004170202842002603,0.009972597434851828,0.8,True
grad,frac_fu_new,Energy index,1,1,-0.0043857360558504565,-0.013890961238362653,-0.000693537831606259,0.009785177123288991,-0.006431360549755333,-0.010076341030576537,-0.0028741318780576737,0.8,True
grad,frac_fu_new,GDP,2,sum,0.009077791088460612,-0.0014248778736992529,0.02437256439517904,0.021519405344457083,0.009145480500134296,-0.001677244128086542,0.018663066105516123,0.6571428571428571,False
grad,frac_fu_new,GDP,2,0,0.00016741163095476425,-0.0151996584953098,0.020638686633228258,0.020075282490118578,0.00048567053436672676,-0.008108704636934775,0.009692344004639473,0.5142857142857142,False
grad,frac_fu_new,GDP,2,1,0.0013852925698744354,-0.008999104204408415,0.025084650551948605,0.01696656185793507,0.006684171230794001,-0.0019058807373654907,0.015880370358934835,0.5428571428571428,False
grad,frac_fu_new,US Industrial Production Total Index,3,sum,0.0025980635195259603,-0.017087214652969324,0.01678175323197852,0.018261993766331936,0.0027737831995872657,-0.0070141464307264464,0.012678206251102138,0.5428571428571428,False
grad,frac_fu_new,US Industrial Production Total Index,3,0,-0.0009406632400822485,-0.008847055973398153,0.009553963871505967,0.011078966173640006,-0.0005109543252870062,-0.005456030684763018,0.004679989056894403,0.5142857142857142,False
grad,frac_fu_new,US Industrial Production Total Index,3,1,0.0034277889545871283,-0.009421698902080507,0.014315796028194761,0.016039464387103478,0.004199345287139319,-0.003070053715180092,0.011735454932218583,0.6,False
grad,frac_fu_new,EU28 Industrial Production Total Index,4,sum,0.007337996117004921,-0.00784667694678793,0.026196514837803393,0.015867974664031,0.008227597374252021,0.0003813200293688295,0.016832194074080622,0.6857142857142857,True
grad,frac_fu_new,EU28 Industrial Production Total Index,4,0,0.004010321566915091,-0.00399871250178113,0.01813888450216663,0.014378150159236661,0.0061346562937844296,-0.0007291233880320016,0.013057119004206006,0.6285714285714286,False
grad,frac_fu_new,EU28 Industrial Production Total Index,4,1,0.0018378425652042097,-0.014527725764985122,0.01916452224948618,0.018774395499200864,0.0033381604377941063,-0.004613975152930853,0.011187207723012856,0.5714285714285714,False
grad,frac_fu_new,China All Industry Value Added (Constant 2015 USD),5,sum,-3.62507820650307e-05,-0.017235272129936398,0.014756152695037798,0.0176891845084249,-0.001285487462945556,-0.009412122905494662,0.007067969258700172,0.5142857142857142,False
grad,frac_fu_new,China All Industry Value Added (Constant 2015 USD),5,0,-0.00330917577670486,-0.01187836404046717,0.00521902602728632,0.011721107068660724,-0.003312825534442119,-0.008197615170276895,0.0017631387200552934,0.5714285714285714,False
grad,frac_fu_new,China All Industry Value Added (Constant 2015 USD),5,1,0.003797568257844712,-0.012027777412132146,0.014937358493303108,0.014710074874553235,0.0017358270835306912,-0.0056993795144683465,0.009363398003909468,0.5714285714285714,False
grad,frac_fu_new,Producer Price Index of Non-ferrous Scrap,6,sum,-0.0018310360207873977,-0.027832529153633698,0.010637354173414371,0.022029724933383864,-0.005739648021412001,-0.013414362799157913,0.0037163387685248133,0.6,False
grad,frac_fu_new,Producer Price Index of Non-ferrous Scrap,6,0,0.0037986500459561727,-0.008662909959227548,0.01721541659105886,0.012452612093607601,0.0035449402628072624,-0.002427379502991309,0.010891994019516913,0.5428571428571428,False
grad,frac_fu_new,Producer Price Index of Non-ferrous Scrap,6,1,-0.00984647721219264,-0.018418861213096698,0.0013548003412488549,0.013987113771899453,-0.009297168458180766,-0.014127721703188708,-0.00412170698703808,0.7428571428571429,True
grad,frac_fu_new,Real Treatment Charges,7,sum,-0.0047595066131611765,-0.013313437122771108,0.007609188458797386,0.013885274028087941,-0.0031419716873926913,-0.009617849359435195,0.0031604294751209037,0.5428571428571428,False
grad,frac_fu_new,Real Treatment Charges,7,0,0.0014480643133214894,-0.015325589378914158,0.00858589821171793,0.011856793568676971,-0.0020217291070738883,-0.008534864570377873,0.004940330906240216,0.5142857142857142,False
grad,frac_fu_new,Real Treatment Charges,7,1,-0.0008602584841876759,-0.0118666783942451,0.0064600509584006914,0.010336077654357151,-0.0015944959186993829,-0.0063063399308714435,0.0028332902575200153,0.5428571428571428,False
grad,frac_fu_new,Precious metal index,8,sum,-0.006880609204241789,-0.018533821108749755,0.0006332288776536073,0.014042334368237135,-0.008017129424939514,-0.012772896058283809,-0.0021520944206587537,0.6857142857142857,True
grad,frac_fu_new,Precious metal index,8,0,-0.008916435487640305,-0.01673887287320116,0.0016410218619998646,0.011596422358078196,-0.007606843196369515,-0.012329153683224145,-0.0023754808619943463,0.7142857142857143,True
grad,frac_fu_new,Precious metal index,8,1,-0.0010842657995317085,-0.009091104663862658,0.004960144410191634,0.009707046455977798,-0.0010836728679201094,-0.005095034673634324,0.0032369307127431707,0.5428571428571428,False
grad,frac_fu_new,Full metal real index,9,sum,-0.00861408717730805,-0.01979102931386482,0.011740479293928699,0.016182879644998975,-0.0070999015110198935,-0.014186601011160378,0.0010884016809674085,0.6285714285714286,False
grad,frac_fu_new,Full metal real index,9,0,0.003448776675007257,-0.004827120708924541,0.013792432813369023,0.011445871504451876,0.00389372875872185,-0.0013436168266453916,0.009965485530198881,0.6,False
grad,frac_fu_new,Full metal real index,9,1,-0.009331009647588078,-0.02056682713562189,-0.0013131994331744693,0.012597751773575744,-0.01050988622286568,-0.01517889508903001,-0.005401516141647291,0.7714285714285715,True
grad,frac_fu_new,World Stock Market Capitalisation (% of GDP),10,sum,-0.01244055332326027,-0.017984707449270387,0.0008983306322254225,0.015340333544324935,-0.009693011151525918,-0.01483065209599706,-0.004491835173275629,0.7428571428571429,True
grad,frac_fu_new,World Stock Market Capitalisation (% of GDP),10,0,-0.0037719915983645018,-0.012634973743277229,0.009088443602259882,0.011900727902155009,-0.002263246693234276,-0.007036435172807119,0.0029898741148945904,0.6,False
grad,frac_fu_new,World Stock Market Capitalisation (% of GDP),10,1,-0.007333530538243404,-0.011416743273323059,-0.0038262597273301916,0.01014459934950429,-0.007347478446394565,-0.009866713522076107,-0.004701500567195528,0.8285714285714286,True
grad,frac_fu_new,China Total Manufacturing Output,11,sum,0.002232376622104331,-0.01147870784511272,0.012109639096580832,0.013262333568055526,0.0004752680425923702,-0.005929926342600658,0.007527963296610032,0.5142857142857142,False
grad,frac_fu_new,China Total Manufacturing Output,11,0,0.0016600484015867982,-0.0058673436843387295,0.0072672025857442295,0.007655586109229048,0.0007187637969659612,-0.002439075549271632,0.004102884796479652,0.5428571428571428,False
grad,frac_fu_new,China Total Manufacturing Output,11,1,-0.0011539269328566574,-0.010383921794557015,0.014864427768310512,0.0130716242537153,-7.16168880881933e-05,-0.007499077746509071,0.007146292329373345,0.5142857142857142,False
grad,frac_fu_new,Population,12,sum,0.007379619654659925,-0.01448187874962887,0.02544806322934152,0.021317642724348013,0.007222373960348199,-0.006304738328848272,0.0206898480970527,0.6,False
grad,frac_fu_new,Population,12,0,0.004231888077523217,-0.008961095407346895,0.014988706000964271,0.011154990361314326,0.0039897371270634745,-0.002547118124842292,0.012026664219601163,0.5428571428571428,False
grad,frac_fu_new,Population,12,1,0.0006277985150952556,-0.013072235107162962,0.016373440286464945,0.01573357484414557,0.0022710718702467674,-0.006731657084175427,0.012410297920193096,0.5142857142857142,False
grad,frac_eu_new,Zinc real price,0,sum,0.0025034961553514674,-0.002264285973692948,0.009013224968386281,0.007634633834002385,0.0027917764784927603,-0.0002799486251987512,0.005704390227870603,0.6285714285714286,False
grad,frac_eu_new,Zinc real price,0,0,0.0029644348639853027,-0.0032069845519480692,0.00710763753591424,0.0071174270429262745,0.0022463635431986006,-0.001106431429330099,0.005040243139735042,0.6571428571428571,False
grad,frac_eu_new,Zinc real price,0,1,-0.0005649779860475603,-0.003930964007011746,0.0047161936667049036,0.004838332371809617,5.548718416443295e-05,-0.002228158091960887,0.0029069735308470557,0.5142857142857142,False
grad,frac_eu_new,Energy index,1,sum,0.001107957529312488,-0.0034927461872461636,0.0039868519660254485,0.00539277446780439,0.00042973187432535206,-0.0013178704550943648,0.002602250112871433,0.5428571428571428,False
grad,frac_eu_new,Energy index,1,0,0.0050195922013134,0.000619155745531078,0.007854910173246753,0.006909271253514445,0.004688023187246607,0.0027698975213018835,0.006848937833740834,0.7714285714285715,True
grad,frac_eu_new,Energy index,1,1,-0.003209623636062185,-0.005890838217711115,-0.0014195879987281487,0.005335190377373777,-0.0036641294426629236,-0.005389643688030366,-0.00225656605366235,0.8571428571428571,True
grad,frac_eu_new,GDP,2,sum,-0.0020074560148326246,-0.008682698358755967,0.011410615822030758,0.010618652289132356,-0.00021451891893479162,-0.005374235523285354,0.005344652783593854,0.5428571428571428,False
grad,frac_eu_new,GDP,2,0,-0.002106435105550078,-0.005655624417494613,0.005161981384282745,0.007060257026032887,-0.0012992145266310909,-0.004513362830770443,0.0016523202164863884,0.5714285714285714,False
grad,frac_eu_new,GDP,2,1,0.0015715338151416152,-0.007537392020922708,0.006860500528949959,0.007804354203283742,0.0008517280794539533,-0.00319946983180804,0.004969686856845974,0.5428571428571428,False
grad,frac_eu_new,US Industrial Production Total Index,3,sum,-0.004833911047234593,-0.018737316972144022,0.00607836865599564,0.015894819625844,-0.004743017564318908,-0.012041328144176324,0.0028394782781342755,0.5714285714285714,False
grad,frac_eu_new,US Industrial Production Total Index,3,0,-0.002568773974453037,-0.007295662644540827,0.005644168736047419,0.007428458993845181,-0.0014331191780583051,-0.005469250482490656,0.002677668020222067,0.5714285714285714,False
grad,frac_eu_new,US Industrial Production Total Index,3,1,-0.0024480057603722153,-0.013454302259824937,0.007391068533682806,0.010809392424126974,-0.00272086915847364,-0.008602997803227014,0.002585951226239982,0.5428571428571428,False
grad,frac_eu_new,EU28 Industrial Production Total Index,4,sum,-0.010682542909533656,-0.01805387842088884,0.0018139083482404108,0.013178478022136664,-0.009099783222880551,-0.014592420971354906,-0.003229017203260601,0.7142857142857143,True
grad,frac_eu_new,EU28 Industrial Production Total Index,4,0,-0.003309961080194622,-0.015344475169879166,0.0021962783352377727,0.009062343204785396,-0.005607633842002036,-0.011079177999322917,-0.0003346481031165243,0.6,True
grad,frac_eu_new,EU28 Industrial Production Total Index,4,1,-0.0019918321969491183,-0.00660036145130017,0.0015761892765987719,0.006430609901870471,-0.0021752844263352744,-0.004983864896632344,0.0009707958208758011,0.6857142857142857,False
grad,frac_eu_new,China All Industry Value Added (Constant 2015 USD),5,sum,0.0014358432371259357,-0.011297870110826147,0.011076460246718236,0.011854225269935733,0.00010940220999113015,-0.004652835857295312,0.005316511814571741,0.5428571428571428,False
grad,frac_eu_new,China All Industry Value Added (Constant 2015 USD),5,0,0.0017270469582487222,-0.0042487939158078886,0.0037810095955097974,0.005294121081394925,0.0011527716810927008,-0.0016487366688817777,0.004024143799127795,0.6,False
grad,frac_eu_new,China All Industry Value Added (Constant 2015 USD),5,1,-0.0022911915494386323,-0.010139640148822545,0.008593546016088603,0.009627039787564993,-0.001316860546405756,-0.006842013900249001,0.003205618808062048,0.5428571428571428,False
grad,frac_eu_new,Producer Price Index of Non-ferrous Scrap,6,sum,-0.005519857019953632,-0.00979146698553005,0.0027532314784456096,0.008473021367459654,-0.00436737103385304,-0.007954291747764035,-0.00046363037492512613,0.6571428571428571,True
grad,frac_eu_new,Producer Price Index of Non-ferrous Scrap,6,0,-0.001700667466329557,-0.0069756621656453695,0.00491698853313164,0.006892708374071396,-0.0014858029642103767,-0.004642488566818712,0.001974176109368826,0.5714285714285714,False
grad,frac_eu_new,Producer Price Index of Non-ferrous Scrap,6,1,-0.004163787889397389,-0.007565829918824576,0.002586286029929061,0.007133915354780621,-0.003249157196731371,-0.006114616096157261,-0.000355701322012158,0.6857142857142857,True
grad,frac_eu_new,Real Treatment Charges,7,sum,0.002129444770460671,-0.005278303486432216,0.007497456118723141,0.008614813604976712,0.0016475475174292094,-0.0019993479365219193,0.006001544302534219,0.5714285714285714,False
grad,frac_eu_new,Real Treatment Charges,7,0,0.002202318301688374,-0.006792940402366063,0.012613066639656518,0.010041265360582387,0.002738467090210332,-0.0021471540895791927,0.007566301981968993,0.5714285714285714,False
grad,frac_eu_new,Real Treatment Charges,7,1,0.0007611729049234088,-0.008455778049254414,0.005376667142711261,0.007709724611415539,-0.0003706862939611582,-0.0036972352374061283,0.002825132977327503,0.5142857142857142,False
grad,frac_eu_new,Precious metal index,8,sum,-0.00037040189271508016,-0.007207379710758159,0.00648255341243242,0.007647640378367221,-0.0010560229117882428,-0.004721522544230275,0.0019834086540027763,0.5142857142857142,False
grad,frac_eu_new,Precious metal index,8,0,0.0001889888845782477,-0.008361191974738873,0.0051435133027247105,0.007713866328885377,-0.0005408961960056911,-0.004027493280780246,0.00322167875568819,0.5142857142857142,False
grad,frac_eu_new,Precious metal index,8,1,-0.002065193647353312,-0.007983620646911258,0.00608859407211167,0.00793017988421038,-0.0013270286738107334,-0.004499469195830861,0.0021637294582297333,0.6571428571428571,False
grad,frac_eu_new,Full metal real index,9,sum,-0.004851257699469338,-0.014206596690792907,0.0028516271411249705,0.010667962009002208,-0.005568707487350345,-0.009238097751233076,-0.0015783698446720702,0.6571428571428571,True
grad,frac_eu_new,Full metal real index,9,0,-0.002770351346131618,-0.009667471900726728,0.005000766527512048,0.007224435721693889,-0.0028643036571573445,-0.0060425504210476575,0.0006628954665999192,0.6,False
grad,frac_eu_new,Full metal real index,9,1,-0.002652415585829808,-0.00915255990425069,0.002828955024371426,0.006361545456497893,-0.0027231764292950885,-0.005887658171940333,0.00036285549480076984,0.6857142857142857,False
grad,frac_eu_new,World Stock Market Capitalisation (% of GDP),10,sum,-0.002547520888157749,-0.0043084946895868784,0.0037906360962837557,0.006312899762426769,-0.002391066282645657,-0.004378121733075471,0.0009754650884485475,0.6285714285714286,False
grad,frac_eu_new,World Stock Market Capitalisation (% of GDP),10,0,-0.004325378124730653,-0.010687853379220139,0.0002840054817217761,0.00732884490797305,-0.0047363136482337816,-0.008073630924360765,-0.0016335937394886869,0.7142857142857143,True
grad,frac_eu_new,World Stock Market Capitalisation (% of GDP),10,1,0.0015933392941962637,-0.002128359325507246,0.005376694986823539,0.004816527630188308,0.002192295601087457,0.00012247988206871493,0.005041557679584493,0.6571428571428571,True
grad,frac_eu_new,China Total Manufacturing Output,11,sum,-0.002464075294503537,-0.011273063451535536,0.008299751819228058,0.010222125516235307,-0.0013368125934960866,-0.005622314415416798,0.003428324915741952,0.5714285714285714,False
grad,frac_eu_new,China Total Manufacturing Output,11,0,0.0027302257660196446,-0.0023807583401222656,0.007269753107014965,0.005102493289522938,0.0024952960874849266,8.979216318231575e-05,0.004912782210956354,0.6285714285714286,True
grad,frac_eu_new,China Total Manufacturing Output,11,1,-0.0032212371737880678,-0.01213733572747509,0.0024236855788548825,0.008489111337293877,-0.003660031998977539,-0.007995454677410923,0.000183644617683415,0.6857142857142857,False
grad,frac_eu_new,Population,12,sum,0.00020492157766201745,-0.016857459855842298,0.013822149243775117,0.015694592602498215,0.00040695617333689127,-0.006487982066726924,0.007524371805436985,0.5142857142857142,False
grad,frac_eu_new,Population,12,0,-0.0010793805800287778,-0.007691054758130975,0.008315453146586344,0.008825915510851667,0.0002699113981402179,-0.003730211891664563,0.004265894289699837,0.5428571428571428,False
grad,frac_eu_new,Population,12,1,-0.001046572648600535,-0.009990099754570169,0.007671921043460505,0.00990539811575918,-0.0002816050182349113,-0.0058522615058874995,0.00573945045601649,0.5428571428571428,False
grad,f_cohort_10yr,Zinc real price,0,sum,0.025332654069836813,-0.024053980161242376,0.04472840949277917,0.03349123105209385,0.01646389008769765,0.00025185114490831016,0.03435831593186691,0.6285714285714286,True
grad,f_cohort_10yr,Zinc real price,0,0,0.0037720941033280433,-0.016255590793009755,0.04745639555911191,0.032455884712266514,0.013960786154826684,-0.0023167110089030115,0.030826458430795137,0.5428571428571428,False
grad,f_cohort_10yr,Zinc real price,0,1,-0.001903141870428436,-0.03133585340046399,0.0318541702918442,0.03188502711466875,0.0010691613708442432,-0.015439359001209227,0.01687964181764179,0.5428571428571428,False
grad,f_cohort_10yr,Energy index,1,sum,-0.022409054500955965,-0.03568005280468583,0.003583489744646089,0.0327905288393523,-0.01786398276591132,-0.029523892440379187,0.0012699430226450759,0.6571428571428571,False
grad,f_cohort_10yr,Energy index,1,0,-0.022322100115230004,-0.047119152488015986,0.0036436466973668175,0.02996860324113574,-0.020706786606848923,-0.03068426936597321,-0.006059086464438737,0.6857142857142857,True
grad,f_cohort_10yr,Energy index,1,1,-0.00018018210458225803,-0.028071965090836745,0.022536869046733837,0.029482990810358777,0.0009628051640886235,-0.01114645036184918,0.014378217572098152,0.5142857142857142,False
grad,f_cohort_10yr,GDP,2,sum,0.015231679060497638,-0.033768007639743296,0.08784980878686383,0.0527316672011555,0.0238515299799539,-0.00856888119585729,0.05473781889805938,0.6,False
grad,f_cohort_10yr,GDP,2,0,0.016483687429627452,-0.030648420610731072,0.03663721382757384,0.03380717518471309,0.0074781522893911795,-0.014342201148126177,0.028080462757874482,0.5714285714285714,False
grad,f_cohort_10yr,GDP,2,1,0.01797220208699291,-0.01619842020250529,0.05094081414845507,0.035027530532534344,0.018887006189015763,0.000499510957473883,0.03870875393635809,0.6857142857142857,True
grad,f_cohort_10yr,US Industrial Production Total Index,3,sum,0.00991172851037951,-0.05884695557877341,0.05332026262499857,0.05365025116754474,0.0018590624568812723,-0.022864982169688054,0.029682887241611784,0.5428571428571428,False
grad,f_cohort_10yr,US Industrial Production Total Index,3,0,-0.002597010945631713,-0.033291206748657216,0.02005054386012685,0.027099718381657388,-0.004823078405454563,-0.026489908329186525,0.01019989340811163,0.5142857142857142,False
grad,f_cohort_10yr,US Industrial Production Total Index,3,1,0.004505660081738484,-0.007519636036514933,0.03177014671069192,0.03051035366378092,0.009790867644090453,-0.0021584062726707253,0.02012219803934649,0.6285714285714286,False
grad,f_cohort_10yr,EU28 Industrial Production Total Index,4,sum,0.0066162752778749735,-0.039016263768283335,0.0696395456320135,0.052268021808554985,0.010336493698760118,-0.01632616281980241,0.035997661484815216,0.5142857142857142,False
grad,f_cohort_10yr,EU28 Industrial Production Total Index,4,0,-0.0019660645124408203,-0.030873479087442368,0.021814650439271218,0.03171458180109875,-0.001620966416062831,-0.019126016617937235,0.01642388233241246,0.5428571428571428,False
grad,f_cohort_10yr,EU28 Industrial Production Total Index,4,1,-0.00024581693083780396,-0.028537960617031906,0.042428983979194215,0.03576529370320463,0.004181019717377523,-0.014271391457120586,0.025977556791707053,0.5142857142857142,False
grad,f_cohort_10yr,China All Industry Value Added (Constant 2015 USD),5,sum,0.017790626877939586,-0.011999592516573405,0.0630532468415228,0.052312047793506566,0.020875599496519258,-0.0016852722276024428,0.041434903947484544,0.7142857142857143,False
grad,f_cohort_10yr,China All Industry Value Added (Constant 2015 USD),5,0,0.008041645206060346,-0.01727256233682331,0.032137292525056385,0.02790643783319776,0.009825650308885384,-0.003639744677126194,0.023887716679470608,0.6,False
grad,f_cohort_10yr,China All Industry Value Added (Constant 2015 USD),5,1,0.002700166824583534,-0.029841019056395357,0.046922649972219524,0.04127741976708302,0.010546476674149173,-0.008850422725237386,0.03255020620194047,0.5428571428571428,False
grad,f_cohort_10yr,Producer Price Index of Non-ferrous Scrap,6,sum,0.02828905598723913,-0.01705161325418586,0.06607178930107493,0.05330480559668267,0.02830255268355768,0.0019481109135520078,0.05839183232739892,0.6285714285714286,True
grad,f_cohort_10yr,Producer Price Index of Non-ferrous Scrap,6,0,0.011108450943374096,-0.010807624978937731,0.03746545436000045,0.03166480725096628,0.015956325986154422,-0.00019719341715871558,0.03652416200166752,0.6,False
grad,f_cohort_10yr,Producer Price Index of Non-ferrous Scrap,6,1,0.01756377439642525,-0.031226539200661513,0.05591315929060115,0.04644024790728161,0.012961529964282601,-0.007958393154000508,0.03421062140269792,0.6,False
grad,f_cohort_10yr,Real Treatment Charges,7,sum,-0.015493481138901356,-0.05026696107414958,0.04074716750436844,0.055202069448714766,-0.01296489555254227,-0.03551354854988211,0.018477988460051192,0.6571428571428571,False
grad,f_cohort_10yr,Real Treatment Charges,7,0,-0.0010354106835515828,-0.037773725187272664,0.03552685691277023,0.037955066837094875,-0.0022125585783282367,-0.020425038957746403,0.01547854530131134,0.5142857142857142,False
grad,f_cohort_10yr,Real Treatment Charges,7,1,-0.012461353706420911,-0.03380961969117298,0.02364920912228214,0.03334851161917425,-0.0062289729214545396,-0.021591124970863282,0.010523439873544739,0.6,False
grad,f_cohort_10yr,Precious metal index,8,sum,-0.02221665611519543,-0.04523982589780429,0.0410903344032306,0.045214613032798674,-0.006106935565649473,-0.03072851719505031,0.014232039282943247,0.6,False
grad,f_cohort_10yr,Precious metal index,8,0,-0.00911604358736433,-0.04387777772129919,0.018971167448054597,0.03745439610186106,-0.009682399405104288,-0.026089154039736558,0.010324423758789083,0.5714285714285714,False
grad,f_cohort_10yr,Precious metal index,8,1,-0.008527349935264415,-0.024783764977880908,0.015179045393152032,0.024301457439158524,-0.004086865739721443,-0.01814848819972164,0.013481015270636026,0.5714285714285714,False
grad,f_cohort_10yr,Full metal real index,9,sum,-0.02884918378146003,-0.05940455191810627,0.017017499932045804,0.05427759197569332,-0.024318516233925943,-0.04764533844110996,0.0014870221272320766,0.6571428571428571,False
grad,f_cohort_10yr,Full metal real index,9,0,-0.014480617108188909,-0.041033486003325986,0.020491719917744795,0.036684640114861534,-0.012138034187373772,-0.02830916766367387,0.006270802302630708,0.6285714285714286,False
grad,f_cohort_10yr,Full metal real index,9,1,-0.021392204640777516,-0.0523229449526475,0.00774406221691101,0.045313142133087396,-0.018558094976982305,-0.03335267338693246,0.0019638013826004524,0.6571428571428571,False
grad,f_cohort_10yr,World Stock Market Capitalisation (% of GDP),10,sum,0.032465157929076865,-0.0149021797034193,0.054976925777232954,0.04404128409226295,0.019918957363911256,-0.004028323138010799,0.03955540354671366,0.6571428571428571,False
grad,f_cohort_10yr,World Stock Market Capitalisation (% of GDP),10,0,0.007148292718576898,-0.04297102869676628,0.04802002611620014,0.047437485663247535,0.0012926850393009514,-0.018112425981868064,0.01886555449297537,0.5714285714285714,False
grad,f_cohort_10yr,World Stock Market Capitalisation (% of GDP),10,1,0.00950716687848895,-0.02146228588019865,0.05495156913492443,0.029540091140758562,0.013623366526846724,-0.0048127372225933,0.02971873053721392,0.5714285714285714,False
grad,f_cohort_10yr,China Total Manufacturing Output,11,sum,0.004066940005872717,-0.030522005867408504,0.05994965136413384,0.05025235624469789,0.015437549532434302,-0.010603479579616175,0.03943914574017826,0.5428571428571428,False
grad,f_cohort_10yr,China Total Manufacturing Output,11,0,-0.005833694954314589,-0.02418025777707708,0.003671611768847392,0.02257163140389524,-0.010970665545153094,-0.020593743707383375,-0.0007240595553196331,0.6571428571428571,True
grad,f_cohort_10yr,China Total Manufacturing Output,11,1,0.027183843737026786,-0.006505430497747764,0.059365509273553566,0.04599338440841129,0.026563003919453106,0.004757467138017036,0.04717753811029654,0.7142857142857143,True
grad,f_cohort_10yr,Population,12,sum,0.004103376722281659,-0.06346031908550659,0.051686266487675415,0.06088720520877204,0.0029528305180362285,-0.022497573039376953,0.033588986724585004,0.5142857142857142,False
grad,f_cohort_10yr,Population,12,0,0.007857234033507424,-0.025981939403386795,0.03541755046398387,0.032543524936536325,0.004642912845107526,-0.015892083750382095,0.02080782055499969,0.5428571428571428,False
grad,f_cohort_10yr,Population,12,1,0.003931836320734671,-0.034001852758868634,0.04319712499328099,0.0387497005913668,0.006240600568223953,-0.01633760383716178,0.028249336726763517,0.5428571428571428,False
grad,f_cohort_20yr,Zinc real price,0,sum,0.020956986419918673,-0.03296812818123457,0.06620275263655562,0.059539677864821706,0.017208948247712314,-0.011744224047976292,0.04601657666749076,0.5428571428571428,False
grad,f_cohort_20yr,Zinc real price,0,0,0.020964366905530954,-0.0353153558091754,0.06338735755080291,0.05347076024066144,0.011934789200378309,-0.011238188977338318,0.036877250234455,0.6,False
grad,f_cohort_20yr,Zinc real price,0,1,0.0008461876066194097,-0.01684944451213968,0.04931480749539903,0.04529214079229702,0.010550580080043557,-0.010570895566510457,0.03366110223918948,0.5142857142857142,False
grad,f_cohort_20yr,Energy index,1,sum,-0.00148505158210986,-0.05075518434113825,0.03253824376630046,0.05038884861127463,-0.006449758051971672,-0.03010030131120975,0.018260562187748863,0.5142857142857142,False
grad,f_cohort_20yr,Energy index,1,0,0.012633278800576343,-0.044693245420291086,0.038515854043537426,0.052598422066007976,0.0050295819217581784,-0.016635802224466353,0.028208757592283272,0.5714285714285714,False
grad,f_cohort_20yr,Energy index,1,1,-0.011216016830315452,-0.06236211149919132,0.03327098785553757,0.05650190677417222,-0.013142227781962768,-0.03953792899842823,0.01346460386061829,0.6571428571428571,False
grad,f_cohort_20yr,GDP,2,sum,-0.004137298518662977,-0.09057709567080542,0.11747653581240736,0.09711526763336205,0.022648691452074952,-0.030019902637705785,0.07251240864643942,0.5142857142857142,False
grad,f_cohort_20yr,GDP,2,0,0.0199344965658364,-0.07156741920223611,0.06167653836143352,0.071176656828192,0.007599434860137844,-0.026931745451002784,0.041806530238010134,0.5428571428571428,False
grad,f_cohort_20yr,GDP,2,1,0.010352414520513881,-0.04597650749988681,0.07242089441029673,0.06666114716326063,0.012141414032752868,-0.02442102496755257,0.05063760991526815,0.5714285714285714,False
grad,f_cohort_20yr,US Industrial Production Total Index,3,sum,0.006739876610839133,-0.08433861876008043,0.10849976839219863,0.0960181060006078,0.013651584549014514,-0.03590371706326922,0.06285012713045299,0.5428571428571428,False
grad,f_cohort_20yr,US Industrial Production Total Index,3,0,-0.005650594778070941,-0.05028227288877901,0.05591073899633726,0.059383998996809996,0.003696322974511346,-0.02095773940963883,0.031107900102420975,0.5142857142857142,False
grad,f_cohort_20yr,US Industrial Production Total Index,3,1,0.005981597660193601,-0.06511145441386584,0.09589831840701392,0.07893949758707816,0.012131343837764276,-0.0293002903176212,0.05285717816015942,0.5142857142857142,False
grad,f_cohort_20yr,EU28 Industrial Production Total Index,4,sum,0.022111089574898067,-0.047887716443740375,0.06560090678389133,0.06852242189111382,0.01916963056400994,-0.026684773514346914,0.045651899072441965,0.6571428571428571,False
grad,f_cohort_20yr,EU28 Industrial Production Total Index,4,0,0.006688749176561386,-0.04285188756920416,0.07830222411668127,0.06122854347248088,0.01364392426886389,-0.014550807131691722,0.039753322680907144,0.5428571428571428,False
grad,f_cohort_20yr,EU28 Industrial Production Total Index,4,1,-0.002111137953001763,-0.04388639912597976,0.06413994398968009,0.06172240057207425,0.0013579872812831788,-0.028641943985207995,0.029933709187011832,0.5142857142857142,False
grad,f_cohort_20yr,China All Industry Value Added (Constant 2015 USD),5,sum,-0.0018214492602083479,-0.0939032948891955,0.06368168564102472,0.08000871463397544,-0.012250478184553657,-0.049259520170823204,0.027748225110739728,0.5428571428571428,False
grad,f_cohort_20yr,China All Industry Value Added (Constant 2015 USD),5,0,-0.01792630250975416,-0.07549837962577703,0.02859657293208663,0.054297544471232764,-0.021381971149401522,-0.047240615832844,0.005794824985693437,0.5714285714285714,False
grad,f_cohort_20yr,China All Industry Value Added (Constant 2015 USD),5,1,0.018747728269503317,-0.05703579869602869,0.06446114231011663,0.06539359582406985,0.01169824308566748,-0.018310776025806694,0.044104104988961744,0.6,False
grad,f_cohort_20yr,Producer Price Index of Non-ferrous Scrap,6,sum,-0.01704270737265864,-0.04391551250242316,0.06454532937468516,0.06258420278142685,-0.0068793031164792184,-0.035407646638138286,0.02806841196405786,0.5428571428571428,False
grad,f_cohort_20yr,Producer Price Index of Non-ferrous Scrap,6,0,0.014293548121643285,-0.026626019249816862,0.057673457878695725,0.04164381243818438,0.012415360287934067,-0.013238871141585708,0.03874825829592671,0.6,False
grad,f_cohort_20yr,Producer Price Index of Non-ferrous Scrap,6,1,-0.021661734473957528,-0.06521730392594668,0.046249418406379,0.06647375722161067,-0.015153941481018892,-0.04632617550025657,0.011670473826278137,0.6285714285714286,False
grad,f_cohort_20yr,Real Treatment Charges,7,sum,-0.024342418410461586,-0.08832884360942744,0.0830647396629254,0.09127435640415933,-0.006141367816743348,-0.04376539620566528,0.035934022985458926,0.5428571428571428,False
grad,f_cohort_20yr,Real Treatment Charges,7,0,0.006667700412030427,-0.050567356514048416,0.06952060621181666,0.06634372071903602,0.010974876057440242,-0.016262877855351493,0.0372262637764269,0.5142857142857142,False
grad,f_cohort_20yr,Real Treatment Charges,7,1,-0.015535900360698022,-0.05625532313887999,0.043297268665077285,0.052838916542616056,-0.013802850784467396,-0.0370794697262552,0.014310373089594191,0.6571428571428571,False
grad,f_cohort_20yr,Precious metal index,8,sum,0.0013838893696456495,-0.0883466690092106,0.03809636817036115,0.08267078364966547,-0.02240562107097749,-0.059106692090558834,0.014607297523356004,0.5142857142857142,False
grad,f_cohort_20yr,Precious metal index,8,0,-0.025619418412663054,-0.06667390296988057,0.009772343201424831,0.05274965790495769,-0.024353391397154096,-0.0482547435898495,0.002877018403427622,0.6857142857142857,False
grad,f_cohort_20yr,Precious metal index,8,1,-0.008635845319824056,-0.059127933240039045,0.0385858177245467,0.05822557083386448,-0.008565224815285767,-0.033912343078053395,0.017870938908245954,0.5714285714285714,False
grad,f_cohort_20yr,Full metal real index,9,sum,-0.01190136547247573,-0.08180557278605449,0.05289081570534404,0.0714859394493754,-0.010345956970216962,-0.04373296286281932,0.029186639222024947,0.5714285714285714,False
grad,f_cohort_20yr,Full metal real index,9,0,0.001457559796775741,-0.04519455483608417,0.04776249412863981,0.05028443986497798,-4.413600566296246e-05,-0.024658554216499012,0.02471149454425043,0.5142857142857142,False
grad,f_cohort_20yr,Full metal real index,9,1,-0.01736013410689813,-0.05024869041032691,0.04605486422125875,0.05623585569607831,-0.01066727200726941,-0.03682285938037443,0.019689823505872617,0.6285714285714286,False
grad,f_cohort_20yr,World Stock Market Capitalisation (% of GDP),10,sum,-0.025120504731762427,-0.06850810035364285,0.05228905897179177,0.0664265233718114,-0.008956698430390495,-0.0413848748707694,0.02527600545901538,0.5428571428571428,False
grad,f_cohort_20yr,World Stock Market Capitalisation (% of GDP),10,0,-0.0020758026098180553,-0.05452645431189916,0.026542321957345127,0.05319623455199274,-0.0031735389375328674,-0.03040543498093605,0.015594858986994175,0.5142857142857142,False
grad,f_cohort_20yr,World Stock Market Capitalisation (% of GDP),10,1,-0.0016127001124555944,-0.03772868901250936,0.04050502061779321,0.044546231489765886,-0.0017971551744121413,-0.022298862968113,0.018790332055214173,0.5428571428571428,False
grad,f_cohort_20yr,China Total Manufacturing Output,11,sum,0.038314986612439,-0.042530958100139,0.10235353997225169,0.0765402909911542,0.04201310181709645,-7.829314571383998e-05,0.08124843592916722,0.6285714285714286,False
grad,f_cohort_20yr,China Total Manufacturing Output,11,0,-0.00911379901888532,-0.03389354476698749,0.03654295913911261,0.04159709578384128,0.00016139554082674444,-0.019477004252808995,0.019952997606968278,0.5142857142857142,False
grad,f_cohort_20yr,China Total Manufacturing Output,11,1,0.04830619208834428,-0.02666754962608578,0.10599823030713358,0.06484831888327691,0.041232058821960835,0.009452140610472186,0.07314085190704092,0.6571428571428571,True
grad,f_cohort_20yr,Population,12,sum,0.026832064068711553,-0.03521085247040334,0.1305223243954515,0.08664827501891652,0.04319274436066304,0.0026788420792176575,0.08719253689671394,0.6571428571428571,True
grad,f_cohort_20yr,Population,12,0,0.03728684093263764,-0.0222442509064176,0.06550409685575105,0.06040864606515552,0.03464254042290421,-0.00594351463652722,0.061239787493503665,0.7142857142857143,False
grad,f_cohort_20yr,Population,12,1,0.008359405339887918,-0.035443985785294785,0.07639164251472273,0.060232860657663645,0.005730827950819588,-0.024660864502829574,0.03873950245602656,0.5142857142857142,False
grad,f_cohort_44yr,Zinc real price,0,sum,-0.014723470248830431,-0.0894588774309156,0.04114562130813307,0.06577222788664619,-0.02641476363914483,-0.07432347937883155,0.0102845790478125,0.5714285714285714,False
grad,f_cohort_44yr,Zinc real price,0,0,-0.05191835148796797,-0.0925965002189677,0.04655841280092443,0.07010071678570998,-0.0280973336327496,-0.06183671058532307,0.0024541468186959,0.6285714285714286,False
grad,f_cohort_44yr,Zinc real price,0,1,-0.01738989615964673,-0.07339299187362681,0.04625494266305909,0.06341850364756133,-0.013454699018348695,-0.046170206889402994,0.019151951354913783,0.6,False
grad,f_cohort_44yr,Energy index,1,sum,0.016032988161878425,-0.04131532336286517,0.06078077856217641,0.06382034228565174,0.01881750934375471,-0.013600855912111381,0.0482406738682753,0.6285714285714286,False
grad,f_cohort_44yr,Energy index,1,0,0.007069775724441565,-0.04151180223018813,0.07471670110544065,0.07220106410324215,0.010137304337927096,-0.018510489627157144,0.03939221587393574,0.5714285714285714,False
grad,f_cohort_44yr,Energy index,1,1,0.011093456569388501,-0.0453426862238579,0.0855127407205695,0.06428361597413187,0.014841035929051763,-0.02006130484970222,0.04492995958595729,0.5142857142857142,False
grad,f_cohort_44yr,GDP,2,sum,-0.03806390701152997,-0.1831888531228707,0.09132580376001435,0.12500002781420977,-0.04285108262471925,-0.11573817997134798,0.025153955882779758,0.5714285714285714,False
grad,f_cohort_44yr,GDP,2,0,-0.01268938141557561,-0.09737057292088128,0.07061343167669606,0.0843170000101835,-0.013330916359956651,-0.05731616718705444,0.030129046856496165,0.5428571428571428,False
grad,f_cohort_44yr,GDP,2,1,-0.012020653851119792,-0.1050854689735136,0.026759246534739687,0.08077614931607709,-0.027245936044164705,-0.07241469525398336,0.01424214476558514,0.5714285714285714,False
grad,f_cohort_44yr,US Industrial Production Total Index,3,sum,-0.017298908986611673,-0.10288969181786786,0.08801546028699388,0.09786805741857905,-0.014882054992719107,-0.06966823581246044,0.044537150406350534,0.5714285714285714,False
grad,f_cohort_44yr,US Industrial Production Total Index,3,0,0.022640249559096704,-0.06853792156710256,0.06767517650059263,0.06935461308601783,0.005096699577162762,-0.026505388202508244,0.041463939581357266,0.5714285714285714,False
grad,f_cohort_44yr,US Industrial Production Total Index,3,1,-0.009737877683277149,-0.0943095854419343,0.03734273688952135,0.0642390426103,-0.019406271795986505,-0.060035944188058285,0.016404191356832753,0.5714285714285714,False
grad,f_cohort_44yr,EU28 Industrial Production Total Index,4,sum,-0.044810539188004275,-0.11746626946164176,0.05534217290817149,0.12366598154946189,-0.032276651089791934,-0.07654369496036653,0.016784973694189124,0.6,False
grad,f_cohort_44yr,EU28 Industrial Production Total Index,4,0,-0.018436473050001345,-0.08644752364782832,0.07505754355097513,0.08225090613566462,-0.014204505530385537,-0.05644988612425718,0.0189477365908323,0.6,False
grad,f_cohort_44yr,EU28 Industrial Production Total Index,4,1,-0.018316574873530094,-0.07286930191932531,0.05885544537575978,0.06800802268195652,-0.009405079551725419,-0.047556867932459286,0.03486543119502823,0.5428571428571428,False
grad,f_cohort_44yr,China All Industry Value Added (Constant 2015 USD),5,sum,-0.019697818744065735,-0.08509329006568178,0.0706005414684771,0.07926670137765998,-0.0060739941169009395,-0.049696130680579556,0.03691425931487087,0.5142857142857142,False
grad,f_cohort_44yr,China All Industry Value Added (Constant 2015 USD),5,0,0.009884657303693797,-0.06877027887233486,0.0941212059252023,0.08399004329672073,0.014325218275731324,-0.018642161874175663,0.04550191773373531,0.5142857142857142,False
grad,f_cohort_44yr,China All Industry Value Added (Constant 2015 USD),5,1,-0.03369974323650332,-0.10733932293118582,0.04764053885139489,0.09051547355470659,-0.02398948959844249,-0.0628096478817809,0.016764813177714992,0.5428571428571428,False
grad,f_cohort_44yr,Producer Price Index of Non-ferrous Scrap,6,sum,-0.028649865815865073,-0.10947409877732413,0.0446115836333019,0.10316093657887149,-0.03288534432001869,-0.07496658352870479,0.00568380104895108,0.6857142857142857,False
grad,f_cohort_44yr,Producer Price Index of Non-ferrous Scrap,6,0,-0.028027071644577496,-0.09436928961049698,0.008737002456379829,0.06189614432999154,-0.03317455384985542,-0.06616871881686529,-0.006256978488330264,0.7428571428571429,True
grad,f_cohort_44yr,Producer Price Index of Non-ferrous Scrap,6,1,-0.0061963287024536405,-0.05568429365743173,0.07362031967531528,0.06650130452616747,2.406861508841133e-05,-0.03296492919136141,0.0413943221989123,0.5428571428571428,False
grad,f_cohort_44yr,Real Treatment Charges,7,sum,0.012088357515043367,-0.07712043725575068,0.10999811710760837,0.09310253754863666,0.011763848006324632,-0.039963514636895625,0.06081479999185229,0.5142857142857142,False
grad,f_cohort_44yr,Real Treatment Charges,7,0,0.001769968223085282,-0.06404469831847226,0.03906611388238235,0.056307923895453346,-0.003871221066116153,-0.0374339823628193,0.023653218856608028,0.5142857142857142,False
grad,f_cohort_44yr,Real Treatment Charges,7,1,0.02443081706651332,-0.044138806179776696,0.07720885988104745,0.07230526754626805,0.019941534360184317,-0.011206400363042008,0.05091502078034915,0.5714285714285714,False
grad,f_cohort_44yr,Precious metal index,8,sum,0.032972929387654205,-0.07061050865323873,0.11782280100066389,0.10889564343633946,0.022976154713081953,-0.018171217556384164,0.07226621919727183,0.5714285714285714,False
grad,f_cohort_44yr,Precious metal index,8,0,0.021986805995948606,-0.0412374423711173,0.08825059286731327,0.07582751786022413,0.02377528312116744,-0.01075376966851299,0.05871854424833807,0.6285714285714286,False
grad,f_cohort_44yr,Precious metal index,8,1,0.019185020135245,-0.03516420368912135,0.0661023066499819,0.06921649468214293,0.011471697235845683,-0.024796394337235676,0.04313965215079282,0.5714285714285714,False
grad,f_cohort_44yr,Full metal real index,9,sum,0.07628341087210788,-0.039281059207750366,0.12188681218179709,0.1067325224859974,0.038319750024694926,-0.010890935635218146,0.07998541506783795,0.5714285714285714,False
grad,f_cohort_44yr,Full metal real index,9,0,0.009063611405960518,-0.020339613132944634,0.05305043087630784,0.04912007322508925,0.012399377150399694,-0.011086523961454774,0.037506492096900636,0.5714285714285714,False
grad,f_cohort_44yr,Full metal real index,9,1,0.028774688758224913,-0.04762568004309846,0.09077602958783099,0.07709075615673526,0.026780413839193745,-0.021269503532911273,0.06284371182104194,0.7142857142857143,False
grad,f_cohort_44yr,World Stock Market Capitalisation (% of GDP),10,sum,0.025379213562575397,-0.08976371960199891,0.056535253043005745,0.07692222581447437,-0.007491070893052355,-0.047648536371155306,0.036427810330560625,0.5428571428571428,False
grad,f_cohort_44yr,World Stock Market Capitalisation (% of GDP),10,0,0.012386952601784672,-0.05337756934383396,0.06749453116769674,0.06621988383364664,0.006529316303359016,-0.02703645404851074,0.039554824588753416,0.5428571428571428,False
grad,f_cohort_44yr,World Stock Market Capitalisation (% of GDP),10,1,-0.0009911801922341556,-0.062227129229103624,0.031745334515224495,0.0422683457119302,-0.009304247713405212,-0.034446003817389687,0.015991856186041598,0.5142857142857142,False
grad,f_cohort_44yr,China Total Manufacturing Output,11,sum,-0.06773225189325738,-0.15012345210313965,0.01937241373336752,0.10799845916175206,-0.06123181885240912,-0.10830947205025278,-0.011529186661881845,0.6285714285714286,True
grad,f_cohort_44yr,China Total Manufacturing Output,11,0,0.013143357778414638,-0.030075310283305325,0.055974429403884404,0.05394457233788959,0.011516927354469571,-0.01344466143222417,0.03462079594139144,0.5428571428571428,False
grad,f_cohort_44yr,China Total Manufacturing Output,11,1,-0.062344930075134496,-0.11478529265800924,-0.014922781285123556,0.09011418862294895,-0.06599303157472705,-0.10377371916541694,-0.0338659535485865,0.8,True
grad,f_cohort_44yr,Population,12,sum,-0.05501698625837936,-0.14478383816428536,0.07126171327255579,0.11654934394061556,-0.053326555614808355,-0.1101766917228121,0.009677816461024169,0.6285714285714286,False
grad,f_cohort_44yr,Population,12,0,-0.0597292884271771,-0.10247148989797758,0.05406711958072018,0.09132370847699049,-0.039680736677916925,-0.08543456285664844,0.007341760010900977,0.6571428571428571,False
grad,f_cohort_44yr,Population,12,1,0.006928768994416956,-0.08788494257991646,0.046856779497332426,0.09121938790234867,-0.01008212285001268,-0.049474095166115124,0.029243003202003653,0.5428571428571428,False
grad_log,alpha_cc,Zinc real price,0,sum,-0.03507471567685543,-0.05982811437171445,0.03725532170407905,0.11893918463431714,-0.02432103512628675,-0.04793176732125623,0.00971847893080682,0.6857142857142857,False
grad_log,alpha_cc,Zinc real price,0,0,0.06715982655401251,-0.016377945120651244,0.16205922413667104,0.12650151221473757,0.0697034165253955,0.024942929756270216,0.1138902008443268,0.7142857142857143,True
grad_log,alpha_cc,Zinc real price,0,1,-0.10577505290261406,-0.1391469069296125,-0.022384811496405074,0.12438181971005169,-0.09060061899812122,-0.12077811814046698,-0.059667789721658294,0.8857142857142857,True
grad_log,alpha_cc,Energy index,1,sum,0.008524975098643476,-0.0414621638374231,0.0618976797830432,0.10752939983551799,0.004732738936557127,-0.023941697218314118,0.036022696143984886,0.5428571428571428,False
grad_log,alpha_cc,Energy index,1,0,0.034204296486070186,-0.004515926288184917,0.08005454940277311,0.08916894790951528,0.03431162045198605,0.010598847282788487,0.06147122452247272,0.6571428571428571,True
grad_log,alpha_cc,Energy index,1,1,-0.03865619444659035,-0.062364774778969664,0.01558973170288521,0.06948831795477375,-0.03121257721050036,-0.05162884775514637,-0.0064324565901455535,0.6857142857142857,True
grad_log,alpha_cc,GDP,2,sum,0.22233330909001028,0.015892818911618672,0.46543837994286885,0.33515023478633754,0.22078728187587116,0.08499685635446191,0.3503105179127077,0.7428571428571429,True
grad_log,alpha_cc,GDP,2,0,0.2559760195454689,0.08319536660237459,0.4067946449389416,0.264623169371651,0.23767840170154542,0.14679287972904173,0.316572936200075,0.8285714285714286,True
grad_log,alpha_cc,GDP,2,1,0.03510431422675052,-0.21312198068044158,0.15016411576150512,0.18200075943315644,0.009313205144285328,-0.09619688383343604,0.10837971377604383,0.5714285714285714,False
grad_log,alpha_cc,US Industrial Production Total Index,3,sum,0.4904777279542694,0.1655509903919257,0.6424857666828255,0.4904777279542694,0.4325360989700247,0.3093186549867915,0.5514238834778693,0.8857142857142857,True
grad_log,alpha_cc,US Industrial Production Total Index,3,0,0.19588613008970493,0.09740168717377667,0.34520570546637774,0.19919009555596898,0.20935433019388366,0.13746726569454257,0.27871853674932495,0.8571428571428571,True
grad_log,alpha_cc,US Industrial Production Total Index,3,1,0.1775874112035995,0.011379122952117113,0.4129608043055467,0.18432603190597185,0.2075093210616907,0.11866656107578306,0.29663272968442933,0.7428571428571429,True
grad_log,alpha_cc,EU28 Industrial Production Total Index,4,sum,0.2993801251166123,0.17745378852830893,0.47190567423610896,0.32071773812842963,0.3234222451204879,0.23953553927021595,0.4199984537280773,0.9142857142857143,True
grad_log,alpha_cc,EU28 Industrial Production Total Index,4,0,0.283919116648648,0.14087010436670655,0.4753654638892839,0.283919116648648,0.2893183444501436,0.20698015536487152,0.37721229979938037,0.8857142857142857,True
grad_log,alpha_cc,EU28 Industrial Production Total Index,4,1,0.07513804209975102,-0.03913845618816639,0.1823575810500787,0.16404038115383218,0.05384138135829267,-0.013632877939757787,0.12285774003673675,0.6,False
grad_log,alpha_cc,China All Industry Value Added (Constant 2015 USD),5,sum,-0.10767590341085734,-0.2613672403188981,0.06182973121816865,0.24007975017211902,-0.10761214251554467,-0.21996503497191355,-0.021751526439666255,0.6285714285714286,True
grad_log,alpha_cc,China All Industry Value Added (Constant 2015 USD),5,0,0.0469495217838976,-0.04917401795295796,0.271918572046355,0.2257182332377552,0.08276570595512933,-0.010585082560492457,0.17111328145790172,0.6285714285714286,False
grad_log,alpha_cc,China All Industry Value Added (Constant 2015 USD),5,1,-0.21552370992817727,-0.43797940700867455,0.03397086807406126,0.25796298314647464,-0.20218136212669185,-0.31673167700245347,-0.09771958109236004,0.7142857142857143,True
grad_log,alpha_cc,Producer Price Index of Non-ferrous Scrap,6,sum,-0.07640136758296005,-0.1410670450951665,-0.00012372824739169055,0.14244519337895578,-0.07243269755519788,-0.126885965929362,-0.0245231132007135,0.7428571428571429,True
grad_log,alpha_cc,Producer Price Index of Non-ferrous Scrap,6,0,-0.10790908922871159,-0.22392593820139067,-0.026596560929524234,0.12501709667983713,-0.12582112839098597,-0.18628061334021023,-0.07663518836944641,0.8571428571428571,True
grad_log,alpha_cc,Producer Price Index of Non-ferrous Scrap,6,1,0.055000817881165134,-0.041953927821839494,0.15958773802902892,0.10916198680536562,0.06127274669373113,0.017758400457393707,0.10639023786021314,0.7142857142857143,True
grad_log,alpha_cc,Real Treatment Charges,7,sum,-0.17559099928052854,-0.24411275944536887,-0.0846191746899196,0.19183930048045378,-0.16257985114817394,-0.20508255286065308,-0.12377121139323025,0.9428571428571428,True
grad_log,alpha_cc,Real Treatment Charges,7,0,-0.2782219536967533,-0.41557067046348883,-0.20107423505739544,0.2782219536967533,-0.2993496013420741,-0.3624804028094668,-0.244185737742252,0.9714285714285714,True
grad_log,alpha_cc,Real Treatment Charges,7,1,0.1388892599982936,0.08394167788008208,0.211490076036711,0.1398515558200502,0.13989844326406703,0.10157142954438073,0.18317819938397883,0.8857142857142857,True
grad_log,alpha_cc,Precious metal index,8,sum,0.13982578518852423,0.031897074158067,0.20046469159763708,0.1689815032771242,0.1239587239052371,0.07926654738989411,0.16559720713688142,0.8285714285714286,True
grad_log,alpha_cc,Precious metal index,8,0,0.3094972644544643,0.1844701908005484,0.42912088967650297,0.3094972644544643,0.3037918845951001,0.24188726273559344,0.36659939783220663,0.9428571428571428,True
grad_log,alpha_cc,Precious metal index,8,1,-0.20315502005941663,-0.257463795774907,-0.055263682628104896,0.2171603622870565,-0.18368610412549363,-0.22760203236951726,-0.13087117123687686,0.9142857142857143,True
grad_log,alpha_cc,Full metal real index,9,sum,0.07578516563766251,-0.0275446810895826,0.16814039449347368,0.1291593117353146,0.06627694831530705,0.017372036163792414,0.12173955846776408,0.6571428571428571,True
grad_log,alpha_cc,Full metal real index,9,0,0.030243728183596365,-0.05112327188067084,0.11703189978052916,0.11187184604965902,0.031627227222952206,-0.020887020522754367,0.0871338024944348,0.6571428571428571,False
grad_log,alpha_cc,Full metal real index,9,1,0.03016408385145314,-0.08741688348748852,0.13371160186632447,0.13597781561992725,0.03558511351318338,-0.008422740811669563,0.08267440375833228,0.5714285714285714,False
grad_log,alpha_cc,World Stock Market Capitalisation (% of GDP),10,sum,0.13446101765213428,0.08332890586473432,0.21869901063674207,0.17482996621030492,0.14578277237178716,0.11220729125119788,0.17838395374923033,0.9714285714285714,True
grad_log,alpha_cc,World Stock Market Capitalisation (% of GDP),10,0,0.14855610483330628,0.007465450291029248,0.22811909096852262,0.15962406041687624,0.12418571979203363,0.0802397156787413,0.17832917018471142,0.8,True
grad_log,alpha_cc,World Stock Market Capitalisation (% of GDP),10,1,0.02830196511971979,-0.062385136628847586,0.08634172712671276,0.09770088746790627,0.024155689030770956,-0.021704544443837084,0.06685560517622355,0.6285714285714286,False
grad_log,alpha_cc,China Total Manufacturing Output,11,sum,-0.019262596701782327,-0.12816858113392318,0.09038749451207195,0.1276831137749353,-0.023527149739200934,-0.08084117681994978,0.034870970380827065,0.6285714285714286,False
grad_log,alpha_cc,China Total Manufacturing Output,11,0,0.01806792369073908,-0.12178796206431201,0.04821405544284229,0.08857638751060579,-0.015401818272558062,-0.10198862608913975,0.032250464738377435,0.5142857142857142,False
grad_log,alpha_cc,China Total Manufacturing Output,11,1,0.04524359965730989,-0.09980090866389718,0.09774707888303066,0.1230416453222456,0.01290064203705648,-0.036066789682262915,0.07108982852452762,0.5428571428571428,False
grad_log,alpha_cc,Population,12,sum,-0.0549992451368667,-0.29381147135896557,0.20565685678677093,0.2707378167875663,-0.06074108983835175,-0.20189648595868176,0.057925691126338816,0.5714285714285714,False
grad_log,alpha_cc,Population,12,0,-0.0023723691910138645,-0.19159615483469622,0.2562465047172706,0.24458822088026522,0.02089870542655099,-0.09573939385882828,0.13545709902607636,0.5142857142857142,False
grad_log,alpha_cc,Population,12,1,-0.08570430325450054,-0.28559206980064356,0.047775067157909815,0.16164099517059335,-0.10947548107891988,-0.20204621905602238,-0.020012289026568986,0.6571428571428571,True
grad_log,alpha_refc,Zinc real price,0,sum,0.20358989072972147,0.11110692849790024,0.2498218358112502,0.22773026046831496,0.1862796456685116,0.14909783801030613,0.22296173999651064,0.9714285714285714,True
grad_log,alpha_refc,Zinc real price,0,0,0.23947910557056487,0.0947155834525376,0.31546879271152617,0.23947910557056487,0.22002147323188784,0.1594627338441116,0.28172047583424686,0.8857142857142857,True
grad_log,alpha_refc,Zinc real price,0,1,-0.035121486565360585,-0.11985459509897271,0.03516777751378816,0.1094394561383512,-0.036462972827568524,-0.07853982619219194,0.0044198315299515956,0.6285714285714286,False
grad_log,alpha_refc,Energy index,1,sum,0.18613806512309689,0.12648170814080023,0.2742181961808873,0.20266672879719178,0.18864909668929836,0.15591603249621044,0.23056014833968946,1.0,True
grad_log,alpha_refc,Energy index,1,0,0.12274428410615776,0.01565158850119624,0.19222005688384772,0.15442434205101208,0.10185985281093,0.050564109023416244,0.143671650391461,0.8,True
grad_log,alpha_refc,Energy index,1,1,0.11588813224684875,0.043163119045956065,0.16749712749351842,0.15193126018448555,0.1026145328734411,0.06839699792977759,0.1355957994431662,0.8571428571428571,True
grad_log,alpha_refc,GDP,2,sum,0.1719909495751558,-0.1635549341748166,0.5637277711970758,0.45682537864732053,0.1482933973778552,-0.07961033387804047,0.36029578248849686,0.6,False
grad_log,alpha_refc,GDP,2,0,0.3382267374709077,0.05284653374805996,0.5738726779012664,0.41161407870428113,0.3181161259053669,0.1642446860045224,0.4648492339669035,0.8285714285714286,True
grad_log,alpha_refc,GDP,2,1,-0.2858574269431565,-0.4598084639623504,0.21278265011344732,0.39465992450309983,-0.1914074855945324,-0.3638073588249402,0.010882256948328242,0.6571428571428571,False
grad_log,alpha_refc,US Industrial Production Total Index,3,sum,0.35259859220819195,0.01245584731014639,0.6667608785043897,0.49279610541638147,0.3779468833540467,0.21889355361055782,0.5514935216530946,0.7428571428571429,True
grad_log,alpha_refc,US Industrial Production Total Index,3,0,0.36886866559192305,0.18381025299481582,0.6079843429857852,0.36886866559192305,0.4142194148720838,0.30110440696070273,0.535334319142351,0.9142857142857143,True
grad_log,alpha_refc,US Industrial Production Total Index,3,1,-0.0873885811478947,-0.2510255339098656,0.23265607081451473,0.24617606352008498,-0.041134576306517415,-0.17950320131393394,0.06761834503479028,0.6,False
grad_log,alpha_refc,EU28 Industrial Production Total Index,4,sum,-0.47389695758677775,-0.6569708936499319,-0.09972797872365002,0.47389695758677775,-0.42124778656277306,-0.5749172955238028,-0.28340715793473714,0.8285714285714286,True
grad_log,alpha_refc,EU28 Industrial Production Total Index,4,0,0.40318267492377824,0.25314293989843983,0.5801644794877316,0.40318267492377824,0.4145306993774941,0.3191137092714639,0.5467457128029086,0.9428571428571428,True
grad_log,alpha_refc,EU28 Industrial Production Total Index,4,1,-0.8685982202294307,-0.9596631137994995,-0.7810725293519309,0.8685982202294307,-0.8712935604940409,-0.9410532139380662,-0.8112804271138165,1.0,True
grad_log,alpha_refc,China All Industry Value Added (Constant 2015 USD),5,sum,0.05561292940053485,-0.18866875115915638,0.31000583958111616,0.30512625065957455,0.0553085109421817,-0.10097476534802706,0.1912748903553022,0.5714285714285714,False
grad_log,alpha_refc,China All Industry Value Added (Constant 2015 USD),5,0,0.29306987559876696,-0.02512072322918425,0.4066818386533991,0.29306987559876696,0.23742872114582542,0.10932922574170884,0.34254195099713647,0.7428571428571429,True
grad_log,alpha_refc,China All Industry Value Added (Constant 2015 USD),5,1,-0.1549482885956505,-0.4110515036106785,0.0021972491599813217,0.27890490784522165,-0.19182040033345377,-0.30905678974118667,-0.06442806100191117,0.7428571428571429,True
grad_log,alpha_refc,Producer Price Index of Non-ferrous Scrap,6,sum,-0.42747566825492844,-0.5765443298134796,-0.24718976930680853,0.42747566825492844,-0.38662868870185574,-0.4737032957117048,-0.3038748599845053,0.9428571428571428,True
grad_log,alpha_refc,Producer Price Index of Non-ferrous Scrap,6,0,-0.290748508991673,-0.4149897705822654,-0.10863098184782001,0.29160759194152824,-0.26782576440446026,-0.3521091271283328,-0.17366421629575446,0.8571428571428571,True
grad_log,alpha_refc,Producer Price Index of Non-ferrous Scrap,6,1,-0.13586807631340017,-0.25426277102083716,-0.051594271771117334,0.18002115466640778,-0.1339708099499659,-0.1883774294510469,-0.07821940812422744,0.7714285714285715,True
grad_log,alpha_refc,Real Treatment Charges,7,sum,0.29720530150688057,0.17458485960625547,0.3736875463809689,0.29720530150688057,0.27505041896592874,0.20312744415410072,0.33949567346081755,0.9428571428571428,True
grad_log,alpha_refc,Real Treatment Charges,7,0,-0.020159775217587154,-0.23704965715979787,0.06373329347395476,0.20053299637045158,-0.06189105512968024,-0.14378871669602922,0.025304391835384705,0.5714285714285714,False
grad_log,alpha_refc,Real Treatment Charges,7,1,0.3726309836240617,0.22165796537468788,0.43563669265641614,0.3726309836240617,0.341414181570023,0.27972627277201856,0.39653594747876103,0.9714285714285714,True
grad_log,alpha_refc,Precious metal index,8,sum,-0.040423917390361094,-0.11531625554403976,0.05390175946006716,0.1461530845382027,-0.029649805569263745,-0.07693663386445851,0.02379907211366937,0.6285714285714286,False
grad_log,alpha_refc,Precious metal index,8,0,0.1387415913880737,-0.01660787053067728,0.2831740488631558,0.1721798367118778,0.12837883758293275,0.05089210626353033,0.2081466364566838,0.7142857142857143,True
grad_log,alpha_refc,Precious metal index,8,1,-0.1473523221608259,-0.300564734666912,-0.0738684686075708,0.18802713934854035,-0.16195267918495002,-0.22437729209159718,-0.0944482974921557,0.8285714285714286,True
grad_log,alpha_refc,Full metal real index,9,sum,0.5594935988560403,0.433413067101728,0.654361227805924,0.5594935988560403,0.5468217119810939,0.46927360485359576,0.6161357243010261,1.0,True
grad_log,alpha_refc,Full metal real index,9,0,0.305447094853349,0.1482664797155639,0.40835176715146265,0.3333160053860324,0.2789176626598555,0.16180043262838323,0.3552230881299968,0.8285714285714286,True
grad_log,alpha_refc,Full metal real index,9,1,0.26363625511795397,0.17770899085279573,0.3836440488697695,0.26724973758654513,0.2790698452047938,0.2299293532699675,0.3352096203300212,0.9714285714285714,True
grad_log,alpha_refc,World Stock Market Capitalisation (% of GDP),10,sum,0.47479726254174714,0.4082988293857669,0.5762473672224286,0.47479726254174714,0.4879584529465601,0.4421852625621583,0.5398851327486465,1.0,True
grad_log,alpha_refc,World Stock Market Capitalisation (% of GDP),10,0,0.8843792549145875,0.6983059297726325,1.0459995435557596,0.8843792549145875,0.8887530151510195,0.8037313494652679,0.972683446559135,1.0,True
grad_log,alpha_refc,World Stock Market Capitalisation (% of GDP),10,1,-0.39798390368901576,-0.49613816132779737,-0.31520615159995136,0.39798390368901576,-0.39461379027489013,-0.45907679535320306,-0.3391337445481861,0.9714285714285714,True
grad_log,alpha_refc,China Total Manufacturing Output,11,sum,-0.9949759253060788,-1.1071949345894674,-0.8694106255448006,0.9949759253060788,-0.9934237786049702,-1.0613835509447949,-0.9242550545396447,1.0,True
grad_log,alpha_refc,China Total Manufacturing Output,11,0,-0.4209325913634302,-0.515755489029617,-0.2892366525691512,0.4209325913634302,-0.4034150571216655,-0.46553141807295545,-0.34006107421420745,1.0,True
grad_log,alpha_refc,China Total Manufacturing Output,11,1,-0.5514248493453537,-0.7296802388127135,-0.4510654919252953,0.5514248493453537,-0.5778313942478706,-0.6545831220451531,-0.5048032654879386,1.0,True
grad_log,alpha_refc,Population,12,sum,0.11632579588375783,-0.3952671668190315,0.4462035700479983,0.4513842047411539,0.06707675374789633,-0.13549206118498433,0.28207954851400396,0.5714285714285714,False
grad_log,alpha_refc,Population,12,0,0.05560856661151827,-0.15826973030799865,0.28973009094281743,0.2420296944247946,0.06753647614231911,-0.05282185038736963,0.21126134043365669,0.5714285714285714,False
grad_log,alpha_refc,Population,12,1,-0.018143723111298294,-0.3205793337302107,0.22614378866709345,0.28760570952867476,-0.014507073960562382,-0.15601113354262186,0.13523687781368915,0.5142857142857142,False
grad_log,alpha_win,Zinc real price,0,sum,0.11407472376338798,0.054105173069542385,0.1507244826600715,0.13625006670090037,0.10471213449707337,0.06872019617699758,0.13248030027550356,0.8285714285714286,True
grad_log,alpha_win,Zinc real price,0,0,0.14317092940533555,0.057994015640906095,0.21045380602271863,0.17655039759048483,0.13531102854300642,0.08294861560638209,0.18207946570145672,0.8285714285714286,True
grad_log,alpha_win,Zinc real price,0,1,-0.009180247800882849,-0.1051031503439745,0.047330976308903844,0.10110318318398474,-0.031103111461136826,-0.0739128335803926,0.010756403259703277,0.5714285714285714,False
grad_log,alpha_win,Energy index,1,sum,0.21824340714866067,0.1539074519678562,0.25097432005369597,0.22161277733359608,0.2117243649083989,0.17639339555925354,0.23653683320344315,0.9714285714285714,True
grad_log,alpha_win,Energy index,1,0,0.2198430645834885,0.14641792397617587,0.28279261951847257,0.22556233905711176,0.20958063750111533,0.16450853636841273,0.2545299524503654,0.9428571428571428,True
grad_log,alpha_win,Energy index,1,1,0.005129516429264917,-0.05881510299403091,0.05833167610639015,0.08521807878291465,-0.0007192422326281027,-0.03221790140341444,0.030491533477574464,0.5428571428571428,False
grad_log,alpha_win,GDP,2,sum,-0.31537632821595946,-0.4971816473646268,-0.08432954069901308,0.37429891775137636,-0.2973189545929475,-0.4035962721959343,-0.17707511076128438,0.8571428571428571,True
grad_log,alpha_win,GDP,2,0,-0.016655980327001753,-0.149058232349273,0.20615003259140702,0.19737518928446462,0.04049451894398057,-0.06650508110642958,0.15502137565323434,0.5142857142857142,False
grad_log,alpha_win,GDP,2,1,-0.2652311417372126,-0.5562913198932435,-0.11342630174437679,0.27502577846496895,-0.30870458226860575,-0.43153384403180634,-0.19725591645720675,0.8,True
grad_log,alpha_win,US Industrial Production Total Index,3,sum,-0.06760094899779165,-0.26861820941582076,0.299742631080801,0.2944020606402254,-0.03915567428637512,-0.19288731370015133,0.1510475478299162,0.5714285714285714,False
grad_log,alpha_win,US Industrial Production Total Index,3,0,0.033718121217524585,-0.18702049469536675,0.28306629606413963,0.2084650687065266,0.029966312422099503,-0.08875979841577625,0.1479056280205565,0.5142857142857142,False
grad_log,alpha_win,US Industrial Production Total Index,3,1,-0.06930216700365768,-0.26968422263600733,0.09870091574783141,0.22748679165848262,-0.06458082393477937,-0.16376769561348523,0.04337911610815208,0.5714285714285714,False
grad_log,alpha_win,EU28 Industrial Production Total Index,4,sum,-0.06505243956099993,-0.3113693710834978,0.11690370101677797,0.21060296804134784,-0.07293413102332094,-0.19294150330409512,0.02351308948171202,0.5428571428571428,False
grad_log,alpha_win,EU28 Industrial Production Total Index,4,0,-0.09999194389459046,-0.19400859857430297,0.22251656849903378,0.2144872710168931,-0.037666022666323816,-0.15238522301110088,0.08373131048529364,0.5428571428571428,False
grad_log,alpha_win,EU28 Industrial Production Total Index,4,1,-0.07028217028855413,-0.1696594612272944,0.0274554200946062,0.14029643828784208,-0.07166642532082232,-0.12843739765165382,-0.01602876271166429,0.6857142857142857,True
grad_log,alpha_win,China All Industry Value Added (Constant 2015 USD),5,sum,0.012249760699542254,-0.15100277122806174,0.1968686522991513,0.18753934423140958,0.009349654823221677,-0.084559313154731,0.11625790038406732,0.5142857142857142,False
grad_log,alpha_win,China All Industry Value Added (Constant 2015 USD),5,0,0.22228150158671234,0.017217153785830035,0.29576802952190834,0.24051529719226306,0.1917976980721914,0.10106357939638656,0.2578533140547639,0.7714285714285715,True
grad_log,alpha_win,China All Industry Value Added (Constant 2015 USD),5,1,-0.13145578861018076,-0.344200479436235,0.04022719282853419,0.24075516532514268,-0.1465332709840076,-0.25342338533991715,-0.04109547684484503,0.6571428571428571,True
grad_log,alpha_win,Producer Price Index of Non-ferrous Scrap,6,sum,-0.28528013508083827,-0.5131784013504664,-0.11409323251931727,0.3007726291875808,-0.2934025271211901,-0.37575941233762344,-0.20731550988632472,0.9142857142857143,True
grad_log,alpha_win,Producer Price Index of Non-ferrous Scrap,6,0,0.011989407757477541,-0.24493109780385522,0.19027217008828456,0.2058681101037383,-0.03746067054198487,-0.12047206195522805,0.057064547295631624,0.5142857142857142,False
grad_log,alpha_win,Producer Price Index of Non-ferrous Scrap,6,1,-0.2563633257627249,-0.3323372743390688,-0.1736623016273669,0.2563633257627249,-0.2537170683182324,-0.29889264727586234,-0.21055692344097787,0.9714285714285714,True
grad_log,alpha_win,Real Treatment Charges,7,sum,0.15913180625224946,0.04070790068445511,0.3277046320603745,0.19327946727783937,0.16921984401710105,0.10174122254846382,0.24784799102289876,0.8285714285714286,True
grad_log,alpha_win,Real Treatment Charges,7,0,0.04944442739526787,-0.13759179670718297,0.18725965168160016,0.1672957448050434,0.03485491386562466,-0.05181410038896697,0.12398508740803006,0.5714285714285714,False
grad_log,alpha_win,Real Treatment Charges,7,1,0.12470186458962865,0.06581476679126401,0.21437342432573409,0.13989744017797512,0.13648025908842898,0.09822485174781728,0.17531909327875378,0.8857142857142857,True
grad_log,alpha_win,Precious metal index,8,sum,-0.0004735547054042888,-0.06542298992796507,0.1126450081423773,0.15099129179195578,0.017409822443329975,-0.04156510711746157,0.07122160434563923,0.5142857142857142,False
grad_log,alpha_win,Precious metal index,8,0,-0.1303756926773191,-0.2415476069454796,0.008327271704878911,0.16899078315450014,-0.1309460189470092,-0.20329651232976148,-0.06018536725263213,0.7142857142857143,True
grad_log,alpha_win,Precious metal index,8,1,0.1523252076165952,0.03341639278070417,0.24423790509018778,0.15410035564295158,0.14272808324199554,0.09154985768342394,0.19559168224978296,0.8571428571428571,True
grad_log,alpha_win,Full metal real index,9,sum,0.16653901455842324,0.021283106066507178,0.35496474052969373,0.20899601102722326,0.19790782114867833,0.12173938789912965,0.2958025361122925,0.8285714285714286,True
grad_log,alpha_win,Full metal real index,9,0,-0.04048479702671078,-0.19446179110952577,0.09476164332961859,0.15192503571787327,-0.028699262970923983,-0.12474880196255929,0.07293765364925103,0.6285714285714286,False
grad_log,alpha_win,Full metal real index,9,1,0.24725723122187845,0.09171793303530026,0.33520625745618277,0.24725723122187845,0.23002814193243265,0.16829234535211704,0.2939945460475447,0.9714285714285714,True
grad_log,alpha_win,World Stock Market Capitalisation (% of GDP),10,sum,-0.013346292158746697,-0.047022740685626646,0.036329824611151314,0.12364616489358449,-0.0071919445165013075,-0.03907585068148735,0.025287298028248768,0.5714285714285714,False
grad_log,alpha_win,World Stock Market Capitalisation (% of GDP),10,0,-0.08290963418324591,-0.2892777505359676,0.02932267220574596,0.15137900066232185,-0.10922861629975036,-0.18803288078258124,-0.04198066715578625,0.7142857142857143,True
grad_log,alpha_win,World Stock Market Capitalisation (% of GDP),10,1,0.11227263126745113,-0.011524851899351023,0.23181689754337836,0.16872501082401153,0.1117208377411189,0.0577469559588845,0.1679320562896076,0.6857142857142857,True
grad_log,alpha_win,China Total Manufacturing Output,11,sum,-0.2604895964103398,-0.3536825963999447,-0.1458014771371537,0.2675127154984783,-0.2719084180775271,-0.3286861406917657,-0.2077235014484683,0.9142857142857143,True
grad_log,alpha_win,China Total Manufacturing Output,11,0,0.06643571412659896,-0.0017796211284320353,0.13392396000382806,0.13449334506560592,0.06841228105644823,0.022707740043272695,0.11486663821632578,0.7428571428571429,True
grad_log,alpha_win,China Total Manufacturing Output,11,1,-0.3493666490858108,-0.4209621672547865,-0.1732871312946222,0.34974101756934994,-0.3441380205160922,-0.40936308231331764,-0.2624028428751404,1.0,True
grad_log,alpha_win,Population,12,sum,-0.053996156741812074,-0.45402418769433356,0.21438892699882509,0.3580145836208982,-0.08157177604062166,-0.2462040751824919,0.07654955122596865,0.5714285714285714,False
grad_log,alpha_win,Population,12,0,0.12423117234506036,-0.1500019797865353,0.29950307796852293,0.25282073313212683,0.10699584093104503,-0.023514215116937222,0.2146407981067951,0.6571428571428571,False
grad_log,alpha_win,Population,12,1,-0.17822732908687244,-0.297120155695871,-0.05694322666911179,0.20737043837273608,-0.17801392699025403,-0.2673861601434683,-0.08414473412295602,0.8,True
grad_log,alpha_dr,Zinc real price,0,sum,0.21878127998608782,0.1479556028269176,0.27006261501796236,0.22036082373899418,0.20674423557035945,0.17261971803340612,0.23702295376995486,0.9428571428571428,True
grad_log,alpha_dr,Zinc real price,0,0,0.24358487712132987,0.19568972528490086,0.3197702276542113,0.24529141875537547,0.24968521890186332,0.20791653308680166,0.2933619440716322,0.9142857142857143,True
grad_log,alpha_dr,Zinc real price,0,1,-0.05926311490297544,-0.09860631774640329,-0.005523093900515583,0.10030213976984333,-0.055235302260293544,-0.08749430540425793,-0.02299913836443127,0.8,True
grad_log,alpha_dr,Energy index,1,sum,0.4378361960251834,0.37758787652327275,0.507892492207624,0.4378361960251834,0.43917126976289295,0.397109369457425,0.47575529357247837,1.0,True
grad_log,alpha_dr,Energy index,1,0,0.17315737761536582,0.09753679666599607,0.2660682576360881,0.18713307707442733,0.17875652344381096,0.13171062223137048,0.22496336812015033,0.8857142857142857,True
grad_log,alpha_dr,Energy index,1,1,0.25727678899179734,0.16595282631792405,0.3067816298416892,0.25727678899179734,0.2483314374181919,0.21563275044606484,0.28475381360153346,1.0,True
grad_log,alpha_dr,GDP,2,sum,-0.7705960654403748,-1.0143896582135297,-0.49717240232568394,0.7705960654403748,-0.7761685524570221,-0.938135291277499,-0.6384098764469273,0.9714285714285714,True
grad_log,alpha_dr,GDP,2,0,0.012973292564059671,-0.22991207615462533,0.19799577620257908,0.22511999166250724,-0.012045465872550419,-0.12232687900980402,0.09548997271616735,0.5142857142857142,False
grad_log,alpha_dr,GDP,2,1,-0.8068768599248093,-1.0214994077489918,-0.5456963746718488,0.8068768599248093,-0.7811222801675555,-0.9118358993878453,-0.6625364559109312,1.0,True
grad_log,alpha_dr,US Industrial Production Total Index,3,sum,-0.5620660975884437,-0.8466702274339111,-0.3305877882854589,0.5620660975884437,-0.5857718543778485,-0.7191066709203489,-0.46509470686046045,0.9428571428571428,True
grad_log,alpha_dr,US Industrial Production Total Index,3,0,-0.03358870041430886,-0.23826857399469809,0.21172093562295863,0.2256714610838781,-0.04757066718770653,-0.16948997841147884,0.058981080411494025,0.5428571428571428,False
grad_log,alpha_dr,US Industrial Production Total Index,3,1,-0.5487439305627962,-0.6942878577760614,-0.3608769984267405,0.5487439305627962,-0.5324727388721479,-0.6234357240099186,-0.4414629390656587,0.9714285714285714,True
grad_log,alpha_dr,EU28 Industrial Production Total Index,4,sum,-0.12166193628726643,-0.40145192714052175,0.09956202965377478,0.2988936574261848,-0.10410826740751492,-0.24526001032702113,0.02837208793551233,0.6,False
grad_log,alpha_dr,EU28 Industrial Production Total Index,4,0,-0.12954447872763794,-0.3010462023579821,0.06210260329420697,0.20795720398850598,-0.12200341859034107,-0.22684797524149722,-0.02813846656686113,0.6285714285714286,True
grad_log,alpha_dr,EU28 Industrial Production Total Index,4,1,0.05239679329060352,-0.1803182859431431,0.28118687470759385,0.25579751951466156,0.034223854450877736,-0.07123929821631067,0.12587273826467377,0.5714285714285714,False
grad_log,alpha_dr,China All Industry Value Added (Constant 2015 USD),5,sum,-0.38668164524212056,-0.48870019074194815,-0.2191040818297919,0.3945408905224444,-0.3778691455407797,-0.4758563820036663,-0.2679857840769264,0.8571428571428571,True
grad_log,alpha_dr,China All Industry Value Added (Constant 2015 USD),5,0,0.0878464304428497,-0.05798558944412107,0.1941415145237948,0.1642175674732514,0.06549973226133679,-0.021577849359425458,0.14160988957076537,0.6285714285714286,False
grad_log,alpha_dr,China All Industry Value Added (Constant 2015 USD),5,1,-0.44535233852716594,-0.5917468493823336,-0.2863580061652603,0.44535233852716594,-0.4309318461339846,-0.5328820750101191,-0.34293142122426523,0.9714285714285714,True
grad_log,alpha_dr,Producer Price Index of Non-ferrous Scrap,6,sum,0.16479733431534965,-0.12448992936759244,0.23533906214445846,0.2506354159558491,0.09498511592597003,-0.03043001223406855,0.18852203751021862,0.6857142857142857,False
grad_log,alpha_dr,Producer Price Index of Non-ferrous Scrap,6,0,0.11230614891387898,-0.12561854609275427,0.22877314463800494,0.20258969906684632,0.07199028271366413,-0.014999293093845942,0.1645063317145647,0.6,False
grad_log,alpha_dr,Producer Price Index of Non-ferrous Scrap,6,1,0.006798314587777107,-0.07368802012210518,0.09402978683142274,0.1292131049673442,0.012792492554453704,-0.03397409557840694,0.06592575965997918,0.5428571428571428,False
grad_log,alpha_dr,Real Treatment Charges,7,sum,0.5948630209363858,0.43639212033007013,0.6943310107189371,0.5948630209363858,0.5951031168835894,0.5107639201608788,0.6857562405380463,1.0,True
grad_log,alpha_dr,Real Treatment Charges,7,0,0.22259090684635874,0.11063633853786628,0.3533737018254763,0.22259090684635874,0.22664705969282678,0.1511305223935748,0.3259270205764512,0.8857142857142857,True
grad_log,alpha_dr,Real Treatment Charges,7,1,0.3517711403178495,0.26665274877415335,0.4464927132739388,0.3517711403178495,0.35517335088877566,0.31054640830346425,0.4021102385635932,1.0,True
grad_log,alpha_dr,Precious metal index,8,sum,-0.02612397150203787,-0.0995173817134574,0.110424274557166,0.15515363324729692,-0.028207037854462075,-0.0887742429029588,0.03744353379846944,0.5714285714285714,False
grad_log,alpha_dr,Precious metal index,8,0,-0.08781844308695787,-0.21583358766769928,0.00815625115667975,0.15857642620795004,-0.08691159969725698,-0.15365508567242514,-0.02254199543861246,0.7428571428571429,True
grad_log,alpha_dr,Precious metal index,8,1,0.06183385496252625,-0.06904760664774796,0.1932859247339499,0.15232554689515615,0.0537842461767805,-0.015526839309830724,0.1193538559986766,0.6571428571428571,False
grad_log,alpha_dr,Full metal real index,9,sum,0.6576416914492939,0.5030932346996633,0.807910019416739,0.6576416914492939,0.655152321850027,0.566216342312061,0.7437226186398217,1.0,True
grad_log,alpha_dr,Full metal real index,9,0,0.21483318203013355,0.05187662149732698,0.41010056095679626,0.23937147972444875,0.20761574934728605,0.11504813790692982,0.30933384367489186,0.7714285714285715,True
grad_log,alpha_dr,Full metal real index,9,1,0.4043896508615739,0.3520652603694345,0.5509934896855246,0.4043896508615739,0.44242684610274163,0.3829429981932936,0.510580491375585,1.0,True
grad_log,alpha_dr,World Stock Market Capitalisation (% of GDP),10,sum,-0.12133138277736304,-0.2036985168028571,-0.011976248051832231,0.16802033221996795,-0.12596947481114423,-0.180301610350429,-0.0747265685615458,0.7714285714285715,True
grad_log,alpha_dr,World Stock Market Capitalisation (% of GDP),10,0,-0.24708266363047865,-0.451768585399137,-0.15540396678082158,0.24708266363047865,-0.29482572761513337,-0.3718712916632263,-0.2088131116977668,0.9428571428571428,True
grad_log,alpha_dr,World Stock Market Capitalisation (% of GDP),10,1,0.15878247890476616,0.08942377929603346,0.24903547709086743,0.1734553859148334,0.15556069239362508,0.10392008106574362,0.21162479875852636,0.8,True
grad_log,alpha_dr,China Total Manufacturing Output,11,sum,-0.053319613734297854,-0.14041231917176786,0.09348484005492028,0.2529725350814044,-0.03628921965774898,-0.0976877600260793,0.051505800902443874,0.6,False
grad_log,alpha_dr,China Total Manufacturing Output,11,0,0.13045235194515498,0.02710103570791498,0.29258655329267946,0.21926751937335914,0.1357979797170169,0.061450221116478534,0.21972032642497052,0.7714285714285715,True
grad_log,alpha_dr,China Total Manufacturing Output,11,1,-0.14119425409354208,-0.28283929209458997,-0.02116738226365726,0.21110422307480792,-0.1518956152095075,-0.23226239196834342,-0.07023955870216486,0.7714285714285715,True
grad_log,alpha_dr,Population,12,sum,-0.2590481230031708,-0.5657399664883325,0.13716243405839312,0.4269286908475437,-0.2265422641154755,-0.3948301699057465,-0.031046457107516898,0.6285714285714286,True
grad_log,alpha_dr,Population,12,0,-0.02960931554513905,-0.16667383663204555,0.1781117683166863,0.18310169402412074,0.01639190568841533,-0.07820143865554229,0.1280319813348555,0.5428571428571428,False
grad_log,alpha_dr,Population,12,1,-0.28579389245862247,-0.4370788324043174,-0.010613528832796936,0.3223032449626252,-0.22571518887349998,-0.354932600774274,-0.10286717235685862,0.7428571428571429,True
grad_log,tau_olds,Zinc real price,0,sum,0.27781790132664597,0.21863000841358116,0.3583974113433225,0.27781790132664597,0.2787547219236248,0.2430137180090197,0.3207931058489346,1.0,True
grad_log,tau_olds,Zinc real price,0,0,0.34348664377368604,0.19144448579111614,0.45095371674902457,0.34348664377368604,0.32865495909578857,0.2720878565272187,0.38416078990348157,1.0,True
grad_log,tau_olds,Zinc real price,0,1,-0.04588094119199447,-0.12968882813023924,0.026842013466523252,0.0985304882534576,-0.04326659500578867,-0.0842888057052207,-0.0014160022179773718,0.6285714285714286,True
grad_log,tau_olds,Energy index,1,sum,0.14358886505958918,0.11105889919962196,0.2037678195879499,0.1590482196053046,0.14790594015002081,0.12274630873938902,0.17718417068348197,0.9428571428571428,True
grad_log,tau_olds,Energy index,1,0,0.31218053048015343,0.2284596668647372,0.36646564244250457,0.31439919128575466,0.30424515719938106,0.2655045325959348,0.34158882881026187,1.0,True
grad_log,tau_olds,Energy index,1,1,-0.15302041906513786,-0.20391377487365642,-0.0941181039951367,0.17389505832018975,-0.1581099677950341,-0.1904398655580425,-0.1272795223478732,0.9428571428571428,True
grad_log,tau_olds,GDP,2,sum,-0.11728750404784076,-0.39544431996918816,0.07496413845375328,0.29243554453698917,-0.1438313709828904,-0.2709456663634846,-0.02048519854261252,0.7142857142857143,True
grad_log,tau_olds,GDP,2,0,0.051793972721814865,-0.13042484041174512,0.24778585135958336,0.18677201121366765,0.04529203496569363,-0.04678833209355148,0.12753798532855026,0.5428571428571428,False
grad_log,tau_olds,GDP,2,1,-0.16304961379574234,-0.3782357051573212,0.046194573895558616,0.25722093679042146,-0.17626486391431506,-0.28855645555460274,-0.06504163553986825,0.7142857142857143,True
grad_log,tau_olds,US Industrial Production Total Index,3,sum,-0.06841558077589985,-0.24116377002685516,0.2475507207255807,0.2538352465753156,0.0195414157050341,-0.12372425909870248,0.15391081291677278,0.5142857142857142,False
grad_log,tau_olds,US Industrial Production Total Index,3,0,0.05213148268637276,-0.1673642928060096,0.19169885197930436,0.1889562587698023,0.041516793698269085,-0.04703240986239117,0.14852017342635665,0.5714285714285714,False
grad_log,tau_olds,US Industrial Production Total Index,3,1,-0.018614703662462373,-0.2559669654150315,0.1713961225422928,0.2281859367996188,-0.031506008873338015,-0.13946161565184817,0.08677195025127533,0.5142857142857142,False
grad_log,tau_olds,EU28 Industrial Production Total Index,4,sum,-0.24741927278823656,-0.44568164159307827,-0.03503678737545224,0.2840153483442364,-0.22819707898534397,-0.3430882550868786,-0.10209205906330564,0.7714285714285715,True
grad_log,tau_olds,EU28 Industrial Production Total Index,4,0,-0.1331137101894351,-0.3182454918852572,0.08207082340734931,0.19380296579880246,-0.10391859927310919,-0.20205104343982044,0.0034092039111727306,0.6571428571428571,False
grad_log,tau_olds,EU28 Industrial Production Total Index,4,1,-0.13745311599479418,-0.2456265584091863,0.05372426668651138,0.16112055329884703,-0.1171980357064623,-0.18349127480226934,-0.0503178355535991,0.6571428571428571,True
grad_log,tau_olds,China All Industry Value Added (Constant 2015 USD),5,sum,-0.025347074997271603,-0.2040349875706423,0.14761830951523175,0.1865176977238879,-0.036394277321383284,-0.15683392060549328,0.0671315661727842,0.5428571428571428,False
grad_log,tau_olds,China All Industry Value Added (Constant 2015 USD),5,0,0.012370122105908283,-0.027215767185754185,0.14298388857178834,0.13212724581992963,0.01841795297419665,-0.027215767185754185,0.08085498435592925,0.6,False
grad_log,tau_olds,China All Industry Value Added (Constant 2015 USD),5,1,-0.033890890230906065,-0.22442170660351846,0.08674067084535877,0.13778281083014152,-0.06745076310683368,-0.14289452588268622,0.008485801844062495,0.5428571428571428,False
grad_log,tau_olds,Producer Price Index of Non-ferrous Scrap,6,sum,-0.18265244397602318,-0.5055130575757264,-0.1031498534294311,0.19149907684139142,-0.26209571019397193,-0.36405209662596677,-0.15990534312592405,0.8285714285714286,True
grad_log,tau_olds,Producer Price Index of Non-ferrous Scrap,6,0,-0.05090747296826688,-0.2039923772438946,0.06389130296039532,0.1797429023396278,-0.08188761632167191,-0.15599438545919922,-0.009873580310837793,0.6285714285714286,True
grad_log,tau_olds,Producer Price Index of Non-ferrous Scrap,6,1,-0.19318727141180614,-0.2535292864953803,-0.11927526730518034,0.19318727141180614,-0.18737846032844668,-0.22908688453495996,-0.1397081083881459,0.8571428571428571,True
grad_log,tau_olds,Real Treatment Charges,7,sum,0.11149746293683369,0.038710495169001484,0.20563069180682203,0.16759856449688101,0.12535691535250956,0.07287393519311731,0.17731569738830955,0.8285714285714286,True
grad_log,tau_olds,Real Treatment Charges,7,0,0.06681296559846588,-0.043316004629202515,0.1981405885652282,0.11936204023785361,0.08336912020164304,0.018068013288255334,0.15419641351808944,0.6857142857142857,True
grad_log,tau_olds,Real Treatment Charges,7,1,0.05527474006645903,-0.058128873541155715,0.15016453742566682,0.1263446274284658,0.040945934466933724,-0.013492099854895565,0.09513022586899147,0.6,False
grad_log,tau_olds,Precious metal index,8,sum,-0.11643668008031605,-0.2100715765584535,-0.04605044371535345,0.13716225863567313,-0.12548065208247355,-0.17710347968014584,-0.08447446656289069,0.8571428571428571,True
grad_log,tau_olds,Precious metal index,8,0,-0.1758650580576858,-0.28421845596716805,-0.036130298599467786,0.18406795699028888,-0.17696222978715637,-0.2373687662166798,-0.11997353174731415,0.8571428571428571,True
grad_log,tau_olds,Precious metal index,8,1,0.00464379961677235,-0.045002399515615875,0.1542926157476262,0.11470227394304264,0.04605438256763218,-0.006379721617107837,0.08780823901451065,0.5428571428571428,False
grad_log,tau_olds,Full metal real index,9,sum,-0.0886895610164558,-0.23288678646097444,0.09380328707525779,0.21145653289314864,-0.06196863566523092,-0.14052997827414204,0.03797797779718626,0.5714285714285714,False
grad_log,tau_olds,Full metal real index,9,0,-0.17313242348514185,-0.2743228756404189,0.010109346043029878,0.207058926975051,-0.13045006517320767,-0.20173711707944086,-0.05214868107379664,0.7142857142857143,True
grad_log,tau_olds,Full metal real index,9,1,0.05985099192625565,-0.025475570668539265,0.16437871786288416,0.12480544196832714,0.06923720750182082,0.013192436491475099,0.1193692503248359,0.6857142857142857,True
grad_log,tau_olds,World Stock Market Capitalisation (% of GDP),10,sum,-0.270094460249848,-0.36558639153697114,-0.19981250182097363,0.2721651816769562,-0.27169004669848407,-0.3140710886181214,-0.2285441320548059,0.9714285714285714,True
grad_log,tau_olds,World Stock Market Capitalisation (% of GDP),10,0,-0.19641384906313503,-0.30739080667566915,-0.10022032826542357,0.20936911902763256,-0.19417756795857521,-0.2558660902730188,-0.13386966753905966,0.8285714285714286,True
grad_log,tau_olds,World Stock Market Capitalisation (% of GDP),10,1,-0.0750452684142595,-0.1486194966671769,0.0025730655312250616,0.10716114413853617,-0.07501315157820729,-0.11795277033550076,-0.033287411025311235,0.7428571428571429,True
grad_log,tau_olds,China Total Manufacturing Output,11,sum,-0.10818058552994247,-0.18365087969032598,0.030066440786850335,0.15202253480128375,-0.08768367072552832,-0.156518169628781,-0.023999427578655644,0.6285714285714286,True
grad_log,tau_olds,China Total Manufacturing Output,11,0,0.08961707843627095,0.011632285083484871,0.17303406892258466,0.13329701856317805,0.0885979781893012,0.04052345546942034,0.13935235073096813,0.7714285714285715,True
grad_log,tau_olds,China Total Manufacturing Output,11,1,-0.1674325877144635,-0.27944522744506445,-0.13632745418915881,0.17422388943419168,-0.18313013651898935,-0.23712661215154987,-0.1402267197402459,0.8571428571428571,True
grad_log,tau_olds,Population,12,sum,0.10932104759801589,-0.14561689534183095,0.28752303619803227,0.2550342831696254,0.11336833834012407,-0.02207392342957655,0.23018925982403607,0.6285714285714286,False
grad_log,tau_olds,Population,12,0,0.14355553359276696,-0.09356941551770807,0.2956128558197434,0.20296817135100192,0.11687572451804876,0.020037385194568186,0.2182572549063878,0.6571428571428571,True
grad_log,tau_olds,Population,12,1,-0.01912600924211414,-0.13417290675488452,0.13010970292884072,0.14211802066340007,-0.009581778831370426,-0.09451453060079001,0.08081269785515219,0.5428571428571428,False
grad_log,frac_fu_new,Zinc real price,0,sum,0.033554282520665134,-0.033622820375137696,0.10605379959397214,0.11294797283312233,0.0363993343044976,-0.0010731806169038093,0.07095768031450578,0.6571428571428571,False
grad_log,frac_fu_new,Zinc real price,0,0,0.06025719727970071,-0.030245455783720086,0.1336254154910425,0.09113865069938269,0.05432688812432049,0.013809261518868899,0.1048701637260811,0.6,True
grad_log,frac_fu_new,Zinc real price,0,1,-0.02713835313000093,-0.0933621131075236,0.033355847768501236,0.08865092145431891,-0.03168199786425287,-0.07248079875098393,0.007599853525200349,0.5714285714285714,False
grad_log,frac_fu_new,Energy index,1,sum,-0.003727239100857914,-0.07530111817628046,0.07204743315402942,0.10270476293180102,0.0032118228261330613,-0.03485505037359761,0.0429319573149021,0.5142857142857142,False
grad_log,frac_fu_new,Energy index,1,0,0.0743509541793834,0.026848763576241344,0.13161463934519496,0.09750694189171055,0.0743861288232526,0.044906416731005,0.1052070614225077,0.8,True
grad_log,frac_fu_new,Energy index,1,1,-0.04544217916106104,-0.13838428453145646,-0.004376067554579496,0.10025147872390971,-0.06587485559697337,-0.1011346678847767,-0.03044579369385654,0.7714285714285715,True
grad_log,frac_fu_new,GDP,2,sum,0.09350078392311822,-0.022958492375001992,0.2235360552766426,0.22512240705676292,0.09194884850218266,-0.025013691025297186,0.1906622072116374,0.6857142857142857,False
grad_log,frac_fu_new,GDP,2,0,-0.0004603937132489931,-0.1568726281957034,0.19782344581414055,0.20029531855714827,0.0040485746861064695,-0.08727466236103898,0.0965643597028738,0.5142857142857142,False
grad_log,frac_fu_new,GDP,2,1,0.0032285234505680825,-0.09799171859832292,0.2545713637583677,0.16619656900510144,0.06561644004791975,-0.021062556528646678,0.16035314827032937,0.5428571428571428,False
grad_log,frac_fu_new,US Industrial Production Total Index,3,sum,0.025634363149838392,-0.1810567207416704,0.17678390127215382,0.19246228536955148,0.03193800997810886,-0.0728978741100563,0.13095955621367844,0.5714285714285714,False
grad_log,frac_fu_new,US Industrial Production Total Index,3,0,-0.0059462760120002475,-0.09351789373838391,0.10348814716339848,0.11041518311836888,-0.0046065169394260835,-0.056754040913763654,0.0472195163770699,0.5142857142857142,False
grad_log,frac_fu_new,US Industrial Production Total Index,3,1,0.036605669410586086,-0.1013730704132019,0.1498757001393926,0.16235502879299954,0.041991410286023434,-0.032216058313976476,0.11907270726250818,0.6,False
grad_log,frac_fu_new,EU28 Industrial Production Total Index,4,sum,0.07606470144104759,-0.07098565538343155,0.25682945588433465,0.164484830963987,0.08489189795684862,0.0050624879399172595,0.1750355340866743,0.6857142857142857,True
grad_log,frac_fu_new,EU28 Industrial Production Total Index,4,0,0.04369238028847289,-0.044015080223073905,0.20237393157365718,0.1502443656419542,0.0633268408935941,-0.007767545104012896,0.14152926398938984,0.6571428571428571,False
grad_log,frac_fu_new,EU28 Industrial Production Total Index,4,1,0.01790764416691969,-0.15392046156744105,0.1849922900241916,0.20483747583790307,0.02495910929853006,-0.0493195242753209,0.11137256000241139,0.5714285714285714,False
grad_log,frac_fu_new,China All Industry Value Added (Constant 2015 USD),5,sum,0.0014094379410158676,-0.18919030489240335,0.15271037002104584,0.1830682809068857,-0.016358805881378,-0.10150271223943938,0.0744406814929894,0.5142857142857142,False
grad_log,frac_fu_new,China All Industry Value Added (Constant 2015 USD),5,0,-0.038178218474356054,-0.1236877545905997,0.05166456930084269,0.12101762000373337,-0.035797635991380174,-0.08536573575798165,0.016253426412667006,0.5714285714285714,False
grad_log,frac_fu_new,China All Industry Value Added (Constant 2015 USD),5,1,0.04058807016987966,-0.13447137608886872,0.14604577369514932,0.14482724436911165,0.016654964266348573,-0.06274222294057477,0.09595441916397314,0.5428571428571428,False
grad_log,frac_fu_new,Producer Price Index of Non-ferrous Scrap,6,sum,-0.011528100731871754,-0.275157208755205,0.11385116797832762,0.220708340578752,-0.05649843017853802,-0.13464256882165393,0.041032807778174224,0.5714285714285714,False
grad_log,frac_fu_new,Producer Price Index of Non-ferrous Scrap,6,0,0.03798029908174922,-0.09544377761640711,0.17929290236028445,0.133021519718469,0.03770507063397907,-0.02744911698199956,0.11233105191564306,0.5428571428571428,False
grad_log,frac_fu_new,Producer Price Index of Non-ferrous Scrap,6,1,-0.10157396317950158,-0.18758310241683746,0.011776267824024262,0.1543181325624077,-0.09406408308316824,-0.14612117506589228,-0.03946601502644699,0.7428571428571429,True
grad_log,frac_fu_new,Real Treatment Charges,7,sum,-0.046113723239704654,-0.14386351756953547,0.07764726103895292,0.15238714459254893,-0.032127649008493825,-0.10091878620149872,0.03371330905994195,0.5428571428571428,False
grad_log,frac_fu_new,Real Treatment Charges,7,0,0.014535950248524485,-0.16218961798215764,0.09073182120019838,0.1234882184332533,-0.019992444252230047,-0.08769396158417077,0.051585630193404126,0.5142857142857142,False
grad_log,frac_fu_new,Real Treatment Charges,7,1,-0.013523487921521493,-0.12186621515275527,0.06784429936976558,0.10298807308751579,-0.017743599257525167,-0.07001060323841829,0.03039760302534383,0.5428571428571428,False
grad_log,frac_fu_new,Precious metal index,8,sum,-0.07049107314203372,-0.19955555954865672,0.00876047395075355,0.14945992763331456,-0.08530869193402592,-0.13624549992800697,-0.023536899168357266,0.6857142857142857,True
grad_log,frac_fu_new,Precious metal index,8,0,-0.09426225905283986,-0.17682410195604775,0.011843408428225769,0.11881085667474611,-0.08261253361206215,-0.13446582138991917,-0.02826616361700893,0.7142857142857143,True
grad_log,frac_fu_new,Precious metal index,8,1,-0.009109880981936713,-0.09020977355639627,0.059256831281482306,0.09948834759407724,-0.008776059890766593,-0.049888504857594,0.03481107944741096,0.5428571428571428,False
grad_log,frac_fu_new,Full metal real index,9,sum,-0.08630664718440542,-0.196858496195625,0.12113185107886809,0.17130776433884978,-0.06730608261530127,-0.1410558403271819,0.012090172172850074,0.6285714285714286,False
grad_log,frac_fu_new,Full metal real index,9,0,0.03735970396077539,-0.04586904371599697,0.14408267957534315,0.12510865031851717,0.04142124167154958,-0.013833353570206024,0.10439489940175177,0.6285714285714286,False
grad_log,frac_fu_new,Full metal real index,9,1,-0.09600350059112135,-0.20602686301595835,-0.014720253373374764,0.13744059787969892,-0.1075012239274656,-0.15713296373101127,-0.056807653924143144,0.7714285714285715,True
grad_log,frac_fu_new,World Stock Market Capitalisation (% of GDP),10,sum,-0.12764946430862759,-0.194665422601054,0.01823472757614289,0.16078338137151751,-0.10011290745151993,-0.153256735220684,-0.04487822422685114,0.7142857142857143,True
grad_log,frac_fu_new,World Stock Market Capitalisation (% of GDP),10,0,-0.03573814391471371,-0.125091242595885,0.10220471808383692,0.11621909084574264,-0.021280430655138863,-0.07149421653333582,0.03362793964437455,0.6,False
grad_log,frac_fu_new,World Stock Market Capitalisation (% of GDP),10,1,-0.0832378452508511,-0.12194686470507478,-0.044374724737329854,0.1040084414423815,-0.07820097047637803,-0.10468982873684876,-0.05142748655490104,0.8571428571428571,True
grad_log,frac_fu_new,China Total Manufacturing Output,11,sum,0.021401141805791744,-0.12648144864316663,0.12808404740082124,0.14124402915378936,0.00526180336251374,-0.06342287250564702,0.075804335971225,0.5142857142857142,False
grad_log,frac_fu_new,China Total Manufacturing Output,11,0,0.018409767520280024,-0.06224017264863438,0.07192481106651008,0.0808597723737465,0.007484955652807778,-0.02592146095918563,0.04212647608055529,0.5714285714285714,False
grad_log,frac_fu_new,China Total Manufacturing Output,11,1,-0.005582997755272443,-0.1123292872174739,0.15920314914183087,0.1380812927450352,-0.002092553731490726,-0.079926212846092,0.07452475034443112,0.5428571428571428,False
grad_log,frac_fu_new,Population,12,sum,0.07734354005110514,-0.14802233534603698,0.2444327667440445,0.2304881762727656,0.07319290566347864,-0.06396290085939468,0.21570888734669053,0.6,False
grad_log,frac_fu_new,Population,12,0,0.04343092464076965,-0.09324288451705917,0.15716488108580023,0.11398110135749703,0.040775412224636605,-0.026957313629148924,0.1271153701875879,0.5428571428571428,False
grad_log,frac_fu_new,Population,12,1,0.009172658512221689,-0.12984249679192725,0.17453869076434153,0.17168354162771088,0.0263293792659385,-0.06898527181212794,0.12691727537742153,0.5142857142857142,False
grad_log,frac_eu_new,Zinc real price,0,sum,0.04155558401609509,-0.03829827130211649,0.14662846059466272,0.12424047270679624,0.04794192468316915,-0.00745526709279108,0.10163967314740985,0.6,False
grad_log,frac_eu_new,Zinc real price,0,0,0.04660154821129227,-0.06546652114046812,0.1160263998141213,0.1272873376376312,0.037632339776638546,-0.024214510469228887,0.08753635739795926,0.6571428571428571,False
grad_log,frac_eu_new,Zinc real price,0,1,-0.009741731473999714,-0.07512469886487555,0.08211586456583114,0.08686079963335884,0.002952758429495681,-0.04161026397388436,0.0540845351617973,0.5142857142857142,False
grad_log,frac_eu_new,Energy index,1,sum,0.027098527563238127,-0.06857257573722007,0.069859085251714,0.09242703283254736,0.00956463178013003,-0.02216868834945823,0.04882548404599801,0.5428571428571428,False
grad_log,frac_eu_new,Energy index,1,0,0.09031114727266702,0.0047520412655492495,0.14090738445435202,0.1240222098561514,0.0847743818586556,0.04938295622535724,0.12265508556422951,0.7714285714285715,True
grad_log,frac_eu_new,Energy index,1,1,-0.05946023369921753,-0.10254032725016705,-0.024163059287787527,0.09470864495556065,-0.06459763788786652,-0.09296103404025569,-0.041028930238639225,0.8571428571428571,True
grad_log,frac_eu_new,GDP,2,sum,-0.036219004166244476,-0.1546103764370461,0.21511717518338408,0.18613420362628302,-0.004617229527432256,-0.10371624271374344,0.0984023377345427,0.5428571428571428,False
grad_log,frac_eu_new,GDP,2,0,-0.041302824826532164,-0.1036884859216593,0.08576850682934052,0.12191775236759436,-0.024944651958911067,-0.08732372198439084,0.02658728054937555,0.5428571428571428,False
grad_log,frac_eu_new,GDP,2,1,0.029175966343908965,-0.13844952199901572,0.12248710104054716,0.1453130932092087,0.017634541873523535,-0.060900757659260174,0.09183029944015797,0.5428571428571428,False
grad_log,frac_eu_new,US Industrial Production Total Index,3,sum,-0.0778549306829516,-0.3579643129576039,0.1166171132241775,0.2912141246241571,-0.07476447347359574,-0.2144502991773464,0.049994122136145916,0.5714285714285714,False
grad_log,frac_eu_new,US Industrial Production Total Index,3,0,-0.04193726344414939,-0.13246463106844286,0.10284398627970884,0.13104085697826856,-0.02395887122038959,-0.09722033535288795,0.04904583998541326,0.5714285714285714,False
grad_log,frac_eu_new,US Industrial Production Total Index,3,1,-0.04392034403977836,-0.23688644487141045,0.13891720892789172,0.19122032241241682,-0.049211341495292805,-0.14864342365926578,0.05036056066661246,0.5428571428571428,False
grad_log,frac_eu_new,EU28 Industrial Production Total Index,4,sum,-0.19603233376307908,-0.306009161093721,0.03449355183364026,0.24726325623361153,-0.15911854709388962,-0.2565709722240954,-0.05578011312170182,0.6857142857142857,True
grad_log,frac_eu_new,EU28 Industrial Production Total Index,4,0,-0.062386444206739576,-0.2518293751579848,0.0417449435972575,0.1635008799297267,-0.09699300037593839,-0.19291743215263493,-0.004212204672739583,0.5714285714285714,True
grad_log,frac_eu_new,EU28 Industrial Production Total Index,4,1,-0.03812403249183697,-0.12420645628819864,0.02876432368832564,0.11969228795090765,-0.04010131960830762,-0.08858905271353155,0.019099154611636054,0.6857142857142857,False
grad_log,frac_eu_new,China All Industry Value Added (Constant 2015 USD),5,sum,0.02747149769834597,-0.19379013738466064,0.20564605129551206,0.21416569981487127,0.004661871647487385,-0.08305096793682167,0.09925791661126067,0.5142857142857142,False
grad_log,frac_eu_new,China All Industry Value Added (Constant 2015 USD),5,0,0.031303829855895776,-0.07367320819798326,0.06921514586822347,0.09884991012651893,0.02148242719673769,-0.028354408186313802,0.07552865195168736,0.6,False
grad_log,frac_eu_new,China All Industry Value Added (Constant 2015 USD),5,1,-0.03441256412814865,-0.1634844859566158,0.15322813520768674,0.1620518173631448,-0.022027779496337545,-0.11887605903335083,0.061110776140301165,0.5428571428571428,False
grad_log,frac_eu_new,Producer Price Index of Non-ferrous Scrap,6,sum,-0.10296399665024805,-0.17628325484316953,0.050214443716135274,0.15783601898462915,-0.07537441322978194,-0.14199311000004178,-0.007675943612450657,0.6571428571428571,True
grad_log,frac_eu_new,Producer Price Index of Non-ferrous Scrap,6,0,-0.030886023670118945,-0.1301764782285415,0.08984178988766947,0.12789196644940015,-0.02591182435123037,-0.08336530851418136,0.036897787771915935,0.5714285714285714,False
grad_log,frac_eu_new,Producer Price Index of Non-ferrous Scrap,6,1,-0.07765724317781897,-0.13230713885360015,0.04124057649483094,0.12207958220676982,-0.05857719584937542,-0.10733660861116733,-0.004875473514101867,0.6857142857142857,True
grad_log,frac_eu_new,Real Treatment Charges,7,sum,0.044187227380908134,-0.0940103580587153,0.13409666192349634,0.15953638104726933,0.03221043718094244,-0.035064816220506334,0.10164671952710076,0.5714285714285714,False
grad_log,frac_eu_new,Real Treatment Charges,7,0,0.04072453504310375,-0.12264699312755614,0.2413486239041721,0.17822273006126718,0.04906051277087528,-0.04002342056563121,0.1327330961433867,0.5714285714285714,False
grad_log,frac_eu_new,Real Treatment Charges,7,1,0.01693586178408361,-0.15844254671101865,0.10453913844860323,0.13804868971454215,-0.006209203667074708,-0.06612155947028753,0.054550503578715784,0.5142857142857142,False
grad_log,frac_eu_new,Precious metal index,8,sum,-0.0065572813424432915,-0.13218295721358653,0.11360218193811217,0.1411894080565979,-0.01888091305394076,-0.08546804955979993,0.03222825005418859,0.5142857142857142,False
grad_log,frac_eu_new,Precious metal index,8,0,0.0044258754477075335,-0.14997288074276652,0.09715730109494956,0.1398409372154023,-0.012967193659759027,-0.07592682510219576,0.0500463695787293,0.5142857142857142,False
grad_log,frac_eu_new,Precious metal index,8,1,-0.038735790031101974,-0.1405674398627212,0.11844262121862675,0.13902661383550782,-0.02138466142581643,-0.07996461007956882,0.041821479489525915,0.6285714285714286,False
grad_log,frac_eu_new,Full metal real index,9,sum,-0.08782521207795393,-0.23977455596368702,0.043295681170263736,0.18227607201607254,-0.09798890967715052,-0.1666173365486084,-0.02948211158205677,0.6857142857142857,True
grad_log,frac_eu_new,Full metal real index,9,0,-0.04890866109651075,-0.15869402364811874,0.08613613663054512,0.13044342661688496,-0.050021829660284824,-0.10836759674499719,0.008869145122568825,0.6,False
grad_log,frac_eu_new,Full metal real index,9,1,-0.04609606161265335,-0.1595117115132858,0.04962230003759178,0.1108215593089257,-0.046569647154796334,-0.10333630361185996,0.008171889709569537,0.6857142857142857,False
grad_log,frac_eu_new,World Stock Market Capitalisation (% of GDP),10,sum,-0.045867043980141506,-0.0808842790762504,0.06098336409740722,0.11001855429857994,-0.04591893000775025,-0.08310310824391838,0.014029906729707754,0.6571428571428571,False
grad_log,frac_eu_new,World Stock Market Capitalisation (% of GDP),10,0,-0.08787736776443292,-0.18551600380137512,0.0047502345758928715,0.13185639355511006,-0.08521760605190819,-0.14423565523650134,-0.029647016372838744,0.7142857142857143,True
grad_log,frac_eu_new,World Stock Market Capitalisation (% of GDP),10,1,0.02980648631654218,-0.038720664266534095,0.09116589947379644,0.08836487370072538,0.035439818821709115,-0.0011227405577835699,0.08353552894403238,0.6571428571428571,False
grad_log,frac_eu_new,China Total Manufacturing Output,11,sum,-0.04844068980064975,-0.18722792913656328,0.14598814776362662,0.1819759313995713,-0.0254370529331407,-0.10064310550153527,0.06055356088552419,0.5714285714285714,False
grad_log,frac_eu_new,China Total Manufacturing Output,11,0,0.04971889279466748,-0.04264734564339963,0.13544004997669973,0.09270231275685689,0.043761292325316975,0.0011361000449093689,0.08863052387508984,0.6285714285714286,True
grad_log,frac_eu_new,China Total Manufacturing Output,11,1,-0.0565793818018719,-0.21397309059669156,0.039495957451068,0.15420857739952093,-0.06740560756284464,-0.14324885361276624,0.0009642927269292445,0.6857142857142857,False
grad_log,frac_eu_new,Population,12,sum,0.030902608254430718,-0.29753415084677814,0.25172503427358756,0.2906738462755273,0.01034182929376936,-0.12156516739910932,0.14085464753512178,0.5428571428571428,False
grad_log,frac_eu_new,Population,12,0,-0.016051905262601706,-0.13852117134139064,0.14817407156755455,0.1501157372885225,0.006624119391142273,-0.06472137566860614,0.07954535777986156,0.5428571428571428,False
grad_log,frac_eu_new,Population,12,1,-0.020123519242290572,-0.17114703235553352,0.13936996183347816,0.17293012947123884,-0.0060081923396627,-0.10739809398803747,0.10269378128078577,0.5428571428571428,False
grad_log,f_cohort_10yr,Zinc real price,0,sum,0.14918715078444947,-0.1742263912336912,0.2872391015472401,0.23935807358129307,0.11922023349569869,-0.012816757975434329,0.2331175919945471,0.6571428571428571,False
grad_log,f_cohort_10yr,Zinc real price,0,0,0.04634374577487857,-0.11252266007592295,0.34687811610389907,0.24743550710535475,0.09829266577392388,-0.013698403817765603,0.2160016837211886,0.5428571428571428,False
grad_log,f_cohort_10yr,Zinc real price,0,1,-0.007764638912712141,-0.22849885303290707,0.22519460389005946,0.23061775171708715,0.0034152019608086094,-0.11262669558156917,0.11332602765861181,0.5428571428571428,False
grad_log,f_cohort_10yr,Energy index,1,sum,-0.13998569295780205,-0.26978866360591686,0.038651390787643514,0.267160389220483,-0.13503811290845988,-0.21149931671041972,0.004500568052140469,0.7142857142857143,False
grad_log,f_cohort_10yr,Energy index,1,0,-0.1339794832653739,-0.30935819776525664,0.023621630336287378,0.24557291745838303,-0.14307967633253774,-0.22981986767140758,-0.049208276706798865,0.7142857142857143,True
grad_log,f_cohort_10yr,Energy index,1,1,-0.004515850727427965,-0.16551868897292268,0.14625707340544897,0.18969130173625354,0.00812269120204444,-0.0810178920174221,0.09850817994643071,0.5142857142857142,False
grad_log,f_cohort_10yr,GDP,2,sum,0.1245627596624442,-0.22392944031000805,0.6842616543454476,0.40017942620692376,0.18227405343198483,-0.050366843503083694,0.399613539768321,0.6,False
grad_log,f_cohort_10yr,GDP,2,0,0.09499350409503733,-0.25006327231558206,0.2850057766653734,0.2905730921522121,0.0461079695660019,-0.1013545069539722,0.1957739775245063,0.5714285714285714,False
grad_log,f_cohort_10yr,GDP,2,1,0.11640182606427282,-0.10289023524057161,0.4091017490528175,0.22392178376003188,0.12899657186805724,-0.005364093284246583,0.2950497731801886,0.6285714285714286,False
grad_log,f_cohort_10yr,US Industrial Production Total Index,3,sum,0.09101001603809677,-0.4146784407346035,0.38919989322585236,0.4124607641832153,0.03931289170253309,-0.1247992590854029,0.23757558024499897,0.5428571428571428,False
grad_log,f_cohort_10yr,US Industrial Production Total Index,3,0,0.007109979337899438,-0.2155091448631934,0.13527867750500447,0.19227704191675254,-0.023880564333238208,-0.15327579392839613,0.08991288517775653,0.5142857142857142,False
grad_log,f_cohort_10yr,US Industrial Production Total Index,3,1,0.06724723343497405,-0.04190442748265377,0.21838361591007527,0.20038464108721477,0.07606051223401071,-0.00040428843122039537,0.15468537645024266,0.6571428571428571,False
grad_log,f_cohort_10yr,EU28 Industrial Production Total Index,4,sum,0.07398670301503092,-0.27071870851104696,0.47858673850927935,0.4266878739164207,0.06586182811015931,-0.1262606394592256,0.25241209586491303,0.5142857142857142,False
grad_log,f_cohort_10yr,EU28 Industrial Production Total Index,4,0,0.011772686937717717,-0.20533425241371012,0.16045171185534587,0.20914648818975135,-0.011508902847823736,-0.13145611173156438,0.11506368078852446,0.5142857142857142,False
grad_log,f_cohort_10yr,EU28 Industrial Production Total Index,4,1,0.0009119796749619963,-0.2286072283185771,0.3318424818904925,0.2864734478677657,0.022816844041304286,-0.10918426235557813,0.173942087315075,0.5142857142857142,False
grad_log,f_cohort_10yr,China All Industry Value Added (Constant 2015 USD),5,sum,0.131986456950302,-0.09991035044907297,0.488940676831012,0.3328778620716639,0.14474188215899841,-0.0030404065860112905,0.3095030676875302,0.7142857142857143,False
grad_log,f_cohort_10yr,China All Industry Value Added (Constant 2015 USD),5,0,0.06438321658627265,-0.11249149439116657,0.22307566910812893,0.2121072431006298,0.07267292714143794,-0.02434701090676305,0.16701226747087788,0.6,False
grad_log,f_cohort_10yr,China All Industry Value Added (Constant 2015 USD),5,1,0.020717643653615423,-0.22670131774070723,0.30515330142992403,0.2821313053850318,0.06543599695749022,-0.07494015514204108,0.22326451417743137,0.5428571428571428,False
grad_log,f_cohort_10yr,Producer Price Index of Non-ferrous Scrap,6,sum,0.18414600698962444,-0.18419855899188056,0.4735483069646052,0.3483554815819268,0.20653361302860002,0.021468799404159633,0.3947494245593588,0.6285714285714286,True
grad_log,f_cohort_10yr,Producer Price Index of Non-ferrous Scrap,6,0,0.07789724472846504,-0.08268539144597378,0.27714863804619383,0.21572786237794245,0.12069631870258288,0.003317121686181164,0.25049447026892957,0.6285714285714286,True
grad_log,f_cohort_10yr,Producer Price Index of Non-ferrous Scrap,6,1,0.14383317072209753,-0.2564008172114735,0.3656119035348597,0.3104941305399338,0.08287098167624202,-0.05124938401860736,0.2268269832939984,0.6,False
grad_log,f_cohort_10yr,Real Treatment Charges,7,sum,-0.10912385883738267,-0.3693123238466339,0.368202202616967,0.3999565500652168,-0.07692970913300409,-0.23554404221516848,0.126939041271118,0.6571428571428571,False
grad_log,f_cohort_10yr,Real Treatment Charges,7,0,0.004904201304612794,-0.24308357458039928,0.24974691856469372,0.2520254304168576,0.0038724040637776094,-0.12105890303924335,0.1204727761647184,0.5428571428571428,False
grad_log,f_cohort_10yr,Real Treatment Charges,7,1,-0.0878602739631725,-0.23732207598381155,0.19741763941256146,0.2317986664872274,-0.05019103678737945,-0.16392553173981553,0.06345861085641896,0.6,False
grad_log,f_cohort_10yr,Precious metal index,8,sum,-0.13615622063669247,-0.32819743554465003,0.2802284029409975,0.3239413620247566,-0.06425711661772422,-0.23250504670017147,0.07381188377337924,0.6,False
grad_log,f_cohort_10yr,Precious metal index,8,0,-0.06372393840869198,-0.32333020651607003,0.11566171085495058,0.2519525267835216,-0.07494717133869996,-0.19423670837074436,0.043907884836838454,0.6,False
grad_log,f_cohort_10yr,Precious metal index,8,1,-0.06276959753393876,-0.16847069049336139,0.11851255304791855,0.1821035761131406,-0.038179373514308855,-0.13061287552834544,0.09151577817920145,0.6,False
grad_log,f_cohort_10yr,Full metal real index,9,sum,-0.20512184192339272,-0.4056213194939567,0.1614150439061875,0.3699840660682951,-0.17548724869930304,-0.32536013240296735,0.015725025204695917,0.6571428571428571,False
grad_log,f_cohort_10yr,Full metal real index,9,0,-0.10121044258083538,-0.31330952570205106,0.18441475282030223,0.2811227391361296,-0.07920011887892806,-0.20355427228625117,0.046330748196621974,0.6,False
grad_log,f_cohort_10yr,Full metal real index,9,1,-0.13234420362897886,-0.3904139259962405,0.045921234071693254,0.32560819234504124,-0.11951531545086187,-0.23865994121482573,0.024873909482796618,0.5714285714285714,False
grad_log,f_cohort_10yr,World Stock Market Capitalisation (% of GDP),10,sum,0.2348199047182642,-0.14599105187366307,0.38526718958232514,0.3477682048242156,0.13635983103651472,-0.03288041072220432,0.2937071648462267,0.6285714285714286,False
grad_log,f_cohort_10yr,World Stock Market Capitalisation (% of GDP),10,0,0.06072735275760459,-0.29759555277369654,0.2986175035146973,0.3066791580735548,0.009808057027393124,-0.1250387126939366,0.13757676667811794,0.5714285714285714,False
grad_log,f_cohort_10yr,World Stock Market Capitalisation (% of GDP),10,1,0.0787867018639663,-0.160966070257907,0.32479421959244326,0.22295461918793688,0.09103052368280368,-0.03034360136921853,0.21853727538302137,0.5714285714285714,False
grad_log,f_cohort_10yr,China Total Manufacturing Output,11,sum,0.04224376907845764,-0.18301072385736064,0.46053410934723615,0.32725803871536463,0.11540142817597283,-0.0643474775857628,0.2804843546431772,0.5428571428571428,False
grad_log,f_cohort_10yr,China Total Manufacturing Output,11,0,-0.047171321707745066,-0.18420433106288903,0.04399220499783524,0.15146459204624416,-0.06245572044748172,-0.13127962803503443,0.00024292871677877165,0.6571428571428571,False
grad_log,f_cohort_10yr,China Total Manufacturing Output,11,1,0.21808387809321433,-0.028491194417177568,0.4142211033492503,0.33043995404988846,0.19451798706471068,0.040351730426278265,0.33320388274799273,0.7142857142857143,True
grad_log,f_cohort_10yr,Population,12,sum,-0.022801284812678006,-0.43567265490069873,0.4246712011676525,0.4380850011315351,0.051314998331569245,-0.14079091019962253,0.2481124858868203,0.5142857142857142,False
grad_log,f_cohort_10yr,Population,12,0,0.04759892357666924,-0.18140307472699221,0.2715904450618962,0.21832496975117782,0.04231918372545054,-0.09177158842176233,0.1611066245994918,0.5428571428571428,False
grad_log,f_cohort_10yr,Population,12,1,0.028242308800497655,-0.2232791195295794,0.3097906405402573,0.2968310961531,0.04015138940162763,-0.11497645050743836,0.19100627006397974,0.5142857142857142,False
grad_log,f_cohort_20yr,Zinc real price,0,sum,0.059122267511080163,-0.08685086947254869,0.1717087756759392,0.16667677791591845,0.04344565909468075,-0.0334031849590075,0.12859670285661215,0.5428571428571428,False
grad_log,f_cohort_20yr,Zinc real price,0,0,0.05729547909500419,-0.09490935626830922,0.1589618539017021,0.14389652741694434,0.03576607135791196,-0.030456400763790893,0.10603206436733571,0.5714285714285714,False
grad_log,f_cohort_20yr,Zinc real price,0,1,0.006455369171488197,-0.05262005273024191,0.1406412018537163,0.12231359172061777,0.0283800542061212,-0.03441586174536326,0.08730670864497642,0.5428571428571428,False
grad_log,f_cohort_20yr,Energy index,1,sum,-0.0028888199756356165,-0.18373843600617382,0.08366019431984564,0.17470699078876298,-0.0205202051586984,-0.09115943659291258,0.051394004302729515,0.5142857142857142,False
grad_log,f_cohort_20yr,Energy index,1,0,0.0342828084258831,-0.12108923852430423,0.09496099868004654,0.14184724469962245,0.005328513570452907,-0.06376473123173594,0.0677195779368056,0.5714285714285714,False
grad_log,f_cohort_20yr,Energy index,1,1,-0.05207515501378761,-0.16572315568110213,0.09911000751874002,0.15689029521676073,-0.04049296136652254,-0.1111771648530897,0.04358533952124278,0.6285714285714286,False
grad_log,f_cohort_20yr,GDP,2,sum,-0.027530679001907567,-0.265957932744893,0.34896015963084526,0.30228300647111117,0.0608670179667741,-0.09033928938489011,0.20697204529474855,0.5142857142857142,False
grad_log,f_cohort_20yr,GDP,2,0,0.045229930241580465,-0.1787663009061437,0.19590499838785103,0.1806200144642885,0.024171506436372434,-0.0690411689024501,0.11993367902007804,0.5714285714285714,False
grad_log,f_cohort_20yr,GDP,2,1,0.02784183251292808,-0.14320015895584642,0.2331306883454235,0.1983778300094531,0.03647620730271706,-0.07689475655260322,0.14374938496041897,0.5714285714285714,False
grad_log,f_cohort_20yr,US Industrial Production Total Index,3,sum,0.04067995504412349,-0.2169832037460264,0.3026831599671653,0.27289362680343554,0.04244486693549642,-0.09842615893848575,0.18308786741251468,0.5428571428571428,False
grad_log,f_cohort_20yr,US Industrial Production Total Index,3,0,-0.02448300840023731,-0.14017517592929174,0.16086533281406473,0.17404858259443207,0.015152896144323982,-0.05469485576913059,0.09267826058604892,0.5142857142857142,False
grad_log,f_cohort_20yr,US Industrial Production Total Index,3,1,0.01747402907504234,-0.15554848219830364,0.26005282701860255,0.23662647125208142,0.035715662170202764,-0.07999397771990788,0.14210630843146688,0.5142857142857142,False
grad_log,f_cohort_20yr,EU28 Industrial Production Total Index,4,sum,0.059637733640039346,-0.14028604161318903,0.1919476196929098,0.2006295929293267,0.043728724196037,-0.09174608387088395,0.1276256903499756,0.6571428571428571,False
grad_log,f_cohort_20yr,EU28 Industrial Production Total Index,4,0,0.005429405129173074,-0.12605236342417497,0.24364185021485288,0.16979850470380425,0.03537837002372254,-0.0465785309870175,0.11346687445319795,0.5428571428571428,False
grad_log,f_cohort_20yr,EU28 Industrial Production Total Index,4,1,-0.026865047329344572,-0.14515025196441184,0.17404803374717984,0.17855022491184677,-0.011357163748094465,-0.09904926925192532,0.07245590729855658,0.5428571428571428,False
grad_log,f_cohort_20yr,China All Industry Value Added (Constant 2015 USD),5,sum,0.0010668422538881062,-0.30018852890672,0.18919822160095429,0.27703893651322664,-0.0370844725868953,-0.13791025903593357,0.07102506778484882,0.5142857142857142,False
grad_log,f_cohort_20yr,China All Industry Value Added (Constant 2015 USD),5,0,-0.0430605638326008,-0.20931991496432725,0.08063122424740557,0.16334993127796257,-0.05681565868602209,-0.13112134813341883,0.015086099998683489,0.5714285714285714,False
grad_log,f_cohort_20yr,China All Industry Value Added (Constant 2015 USD),5,1,0.04566242275272456,-0.15585014255938195,0.20543605577369917,0.20209461839839724,0.026964137959177355,-0.05519600320489071,0.12184817748891724,0.5714285714285714,False
grad_log,f_cohort_20yr,Producer Price Index of Non-ferrous Scrap,6,sum,-0.04947495201895556,-0.12214749780683058,0.16426054952901087,0.16779008769904658,-0.019780998425186838,-0.09658409276056806,0.08587071672770044,0.5142857142857142,False
grad_log,f_cohort_20yr,Producer Price Index of Non-ferrous Scrap,6,0,0.03621106899348958,-0.07915863036025705,0.16397393637284652,0.12623133060829506,0.03601081198340079,-0.03608612293811217,0.11153075058541773,0.6,False
grad_log,f_cohort_20yr,Producer Price Index of Non-ferrous Scrap,6,1,-0.05688051477905256,-0.18191364989269443,0.13899920592455778,0.17107659817816115,-0.05113957828929869,-0.13405306002518827,0.030500330783318413,0.6,False
grad_log,f_cohort_20yr,Real Treatment Charges,7,sum,-0.05852799465817239,-0.23382804161004017,0.23835693832139992,0.260191531557826,0.0012835153568911822,-0.12412322623910443,0.11324560236202927,0.5714285714285714,False
grad_log,f_cohort_20yr,Real Treatment Charges,7,0,0.010021169296532441,-0.12697779804741152,0.2089744675188325,0.18178918824541737,0.03813585732891233,-0.04321534890778342,0.1136105898276803,0.5142857142857142,False
grad_log,f_cohort_20yr,Real Treatment Charges,7,1,-0.04450663123809829,-0.14952198168461672,0.10523866947703656,0.14972095577697342,-0.0433601012119426,-0.10568667443485871,0.037974716145458526,0.6571428571428571,False
grad_log,f_cohort_20yr,Precious metal index,8,sum,0.0026092754154281687,-0.30874154232070433,0.11157526907555115,0.18992154068114114,-0.07494912980758525,-0.1897412022117348,0.02774398685935683,0.5142857142857142,False
grad_log,f_cohort_20yr,Precious metal index,8,0,-0.07736809297145,-0.20263914478705664,0.028815110652687673,0.15164651536060725,-0.07665775527146523,-0.14870510011477817,-0.0022032354973938392,0.6857142857142857,True
grad_log,f_cohort_20yr,Precious metal index,8,1,-0.024524581495029115,-0.15445190746103532,0.11340320593981748,0.15834921053037726,-0.02454077168658475,-0.09732809689886728,0.05011912250254108,0.5714285714285714,False
grad_log,f_cohort_20yr,Full metal real index,9,sum,-0.027906884083449646,-0.22689386206806494,0.14731951924454473,0.22193607510224247,-0.024360058256643263,-0.12575188647372082,0.08389682937533369,0.6,False
grad_log,f_cohort_20yr,Full metal real index,9,0,-0.015199194437825395,-0.12319236347931421,0.12719283961396327,0.1436305587229802,-0.0021222854076939288,-0.0728527273159427,0.06743343840082403,0.5142857142857142,False
grad_log,f_cohort_20yr,Full metal real index,9,1,-0.06152380484418233,-0.1458908981851532,0.13542116131591578,0.17627799853808498,-0.028226069614028362,-0.09935958968158384,0.06527131662855257,0.6285714285714286,False
grad_log,f_cohort_20yr,World Stock Market Capitalisation (% of GDP),10,sum,-0.08237045120975599,-0.2176711621540811,0.17280846949869577,0.19527821952661967,-0.025916474671094834,-0.11294356082653083,0.07113208318723696,0.5142857142857142,False
grad_log,f_cohort_20yr,World Stock Market Capitalisation (% of GDP),10,0,-0.001878966592430521,-0.1582167364288443,0.08111144735899045,0.1528327294832544,-0.011767050745856295,-0.08408761156468325,0.04853263146234575,0.5142857142857142,False
grad_log,f_cohort_20yr,World Stock Market Capitalisation (% of GDP),10,1,-0.002822943061008456,-0.10374504924980946,0.12076969965079504,0.13131364592001332,-0.0032495816641711084,-0.06032802057337621,0.05790808507187718,0.5142857142857142,False
grad_log,f_cohort_20yr,China Total Manufacturing Output,11,sum,0.1293370798913254,-0.08995007071538369,0.2819770074032914,0.22445142340050853,0.11768970187788336,-0.001494180483990852,0.23335260622888046,0.6285714285714286,False
grad_log,f_cohort_20yr,China Total Manufacturing Output,11,0,-0.02561128274860026,-0.09540682469931332,0.11520497698579583,0.11735033994432546,-0.00023257131651377178,-0.05550705265767336,0.056425866861608706,0.5142857142857142,False
grad_log,f_cohort_20yr,China Total Manufacturing Output,11,1,0.12877209677955737,-0.07530755510627547,0.26205199069330276,0.19328545705285882,0.11466762778054147,0.028214638456987448,0.20590781821159354,0.6571428571428571,True
grad_log,f_cohort_20yr,Population,12,sum,0.09251766448026212,-0.0842407735408463,0.3502264311522865,0.23030537829728503,0.1245295124992843,0.002922406401931088,0.22633931359334597,0.6571428571428571,True
grad_log,f_cohort_20yr,Population,12,0,0.12965860522775596,-0.06946386051678474,0.19191120822693697,0.19124449736870897,0.11157311861994919,-0.013737222174226502,0.1732092671541694,0.7142857142857143,False
grad_log,f_cohort_20yr,Population,12,1,0.018789032645199738,-0.10931772473206669,0.20076572480167634,0.18953406363249553,0.013647684092617487,-0.07453543424482592,0.10536561021470936,0.5142857142857142,False
grad_log,f_cohort_44yr,Zinc real price,0,sum,-0.04068898431518597,-0.18629955309088458,0.08744068591761414,0.15906615295402535,-0.058028344270299084,-0.1576505333642868,0.02085649936235727,0.5714285714285714,False
grad_log,f_cohort_44yr,Zinc real price,0,0,-0.10993525342262245,-0.1776768079825562,0.09072484313590845,0.13737195740108948,-0.06246024727516255,-0.13128367445364267,0.01148950660267982,0.6285714285714286,False
grad_log,f_cohort_44yr,Zinc real price,0,1,-0.03882283708949364,-0.1585677223316485,0.091051980602882,0.12786728764892846,-0.03301299009620451,-0.10273793681394859,0.03806092395615339,0.6,False
grad_log,f_cohort_44yr,Energy index,1,sum,0.04219443417986541,-0.08194584358236348,0.12308591159265796,0.13233476061380828,0.039180005486458405,-0.03126562876624097,0.09681522553658986,0.6285714285714286,False
grad_log,f_cohort_44yr,Energy index,1,0,0.020345569591315945,-0.0957555678946383,0.15107451560007126,0.15044417594577303,0.011512432335710407,-0.044155473651160765,0.07517975877430066,0.5428571428571428,False
grad_log,f_cohort_44yr,Energy index,1,1,0.020730974679609902,-0.08643418798333026,0.19233151119754885,0.1308151236957042,0.031051910307838805,-0.04067898310884859,0.09527964660667691,0.5142857142857142,False
grad_log,f_cohort_44yr,GDP,2,sum,-0.0726941944818468,-0.37451945393925,0.18067087279395228,0.25113760870736457,-0.09509970132399333,-0.24322241196923328,0.055071200628144704,0.5714285714285714,False
grad_log,f_cohort_44yr,GDP,2,0,-0.02445813281955612,-0.1983127776892165,0.14527513325542007,0.1600456069910173,-0.017392570863236274,-0.11510078035667637,0.0677937370857306,0.5428571428571428,False
grad_log,f_cohort_44yr,GDP,2,1,-0.030091976356275852,-0.2124836858289711,0.05669132760010001,0.1799743702513545,-0.06450406026731498,-0.1646354331045703,0.022239719152477536,0.5714285714285714,False
grad_log,f_cohort_44yr,US Industrial Production Total Index,3,sum,-0.04319926279608422,-0.19914654946315205,0.19136211235061337,0.19853893127578218,-0.02803405296530909,-0.1550793867733032,0.0949037557453366,0.5428571428571428,False
grad_log,f_cohort_44yr,US Industrial Production Total Index,3,0,0.046231342590681845,-0.14966441224628174,0.1434943461912844,0.1550132096810122,0.01501167943853566,-0.05310497164215761,0.09075264019900049,0.5714285714285714,False
grad_log,f_cohort_44yr,US Industrial Production Total Index,3,1,-0.010800721010341716,-0.198752762788365,0.07964242384992404,0.15759815892096266,-0.04393465863882973,-0.131786589868555,0.037371375351849055,0.5714285714285714,False
grad_log,f_cohort_44yr,EU28 Industrial Production Total Index,4,sum,-0.10853583528914709,-0.24459213450120026,0.09742441986540792,0.24203396975541222,-0.07262688302557316,-0.1671606201342223,0.029712113455743414,0.6285714285714286,False
grad_log,f_cohort_44yr,EU28 Industrial Production Total Index,4,0,-0.04023350829807018,-0.1725043796000745,0.15717709298575966,0.17106350639362028,-0.028802390518114524,-0.11847668240208828,0.04072389207652975,0.6,False
grad_log,f_cohort_44yr,EU28 Industrial Production Total Index,4,1,-0.035960464244065224,-0.15151522963363206,0.12603102018031934,0.1386609050062241,-0.024836515492432168,-0.11110006424707254,0.06466127106142738,0.5428571428571428,False
grad_log,f_cohort_44yr,China All Industry Value Added (Constant 2015 USD),5,sum,-0.03597873031108685,-0.1777008711821661,0.14613644462242398,0.177509641903306,-0.015826161038367374,-0.1118466472755382,0.07509577120625333,0.5142857142857142,False
grad_log,f_cohort_44yr,China All Industry Value Added (Constant 2015 USD),5,0,0.0269397447748099,-0.1367022409042106,0.19066594450033392,0.17524040367338004,0.033618724528910585,-0.03844844836506079,0.10248307831587271,0.5142857142857142,False
grad_log,f_cohort_44yr,China All Industry Value Added (Constant 2015 USD),5,1,-0.06735819752942632,-0.2271814074655002,0.08370587768298239,0.2044493866781159,-0.06110045965633301,-0.14472364780112937,0.03228713197487632,0.5428571428571428,False
grad_log,f_cohort_44yr,Producer Price Index of Non-ferrous Scrap,6,sum,-0.06998771060591882,-0.26161173483543465,0.10176804490320868,0.21118373502092544,-0.06823804668384562,-0.15918999203434553,0.015495246795150325,0.6857142857142857,False
grad_log,f_cohort_44yr,Producer Price Index of Non-ferrous Scrap,6,0,-0.0725062133549732,-0.21194225204564915,0.0202084439048679,0.1352531472207263,-0.07097051476564814,-0.14043893255349427,-0.0073886694598548075,0.7428571428571429,True
grad_log,f_cohort_44yr,Producer Price Index of Non-ferrous Scrap,6,1,-0.012686854029712086,-0.12428812933055526,0.16015313096550074,0.1547982764931351,-0.0035535442096687776,-0.07117725936066428,0.08455444606247355,0.5714285714285714,False
grad_log,f_cohort_44yr,Real Treatment Charges,7,sum,-0.003599513235275164,-0.1515056979973324,0.23643930805377805,0.2009337939889333,0.025246822458581012,-0.08256367022557813,0.13605680400849637,0.5142857142857142,False
grad_log,f_cohort_44yr,Real Treatment Charges,7,0,-0.0008151107868776024,-0.14689446595743058,0.0801000445712086,0.14117199087819027,-0.005851001405738736,-0.07868252924435415,0.06196420559384799,0.5142857142857142,False
grad_log,f_cohort_44yr,Real Treatment Charges,7,1,0.05722555703307356,-0.08947348101539038,0.17434297903850243,0.14235516545118249,0.042893326056768155,-0.026166343041038286,0.11404035827005579,0.5714285714285714,False
grad_log,f_cohort_44yr,Precious metal index,8,sum,0.07788592630589561,-0.16044188727267913,0.25961989249732265,0.22652878907510052,0.04636272661286961,-0.049559057278014455,0.1481220862925114,0.5714285714285714,False
grad_log,f_cohort_44yr,Precious metal index,8,0,0.040363346084401,-0.10631530452396104,0.17724316480977537,0.15541069301662197,0.04174436481486188,-0.0340938037687155,0.1273307001160195,0.6571428571428571,False
grad_log,f_cohort_44yr,Precious metal index,8,1,0.04504300096788444,-0.08342158497212808,0.158406263109448,0.15885866107903185,0.022786911448738602,-0.05384246864628284,0.09390524969815178,0.5714285714285714,False
grad_log,f_cohort_44yr,Full metal real index,9,sum,0.13484106563134662,-0.08130139411864548,0.2664373268797474,0.23116930733867114,0.08075427027705703,-0.03520621921391562,0.17225839618865824,0.5714285714285714,False
grad_log,f_cohort_44yr,Full metal real index,9,0,0.019112248371126385,-0.04594712881695524,0.10812196850945387,0.10622293863521226,0.025281116723903877,-0.024785108931316892,0.07797192804522403,0.6,False
grad_log,f_cohort_44yr,Full metal real index,9,1,0.05572752438624138,-0.09174369405950702,0.19726795937732003,0.16716305861887223,0.056268209027269214,-0.04722689300972685,0.1350848064244668,0.7142857142857143,False
grad_log,f_cohort_44yr,World Stock Market Capitalisation (% of GDP),10,sum,0.05542626470709684,-0.18359080937082872,0.1283734506845515,0.1627035745434185,-0.015115338120140431,-0.10357193427564629,0.07611707959088498,0.5428571428571428,False
grad_log,f_cohort_44yr,World Stock Market Capitalisation (% of GDP),10,0,0.0251160671424215,-0.12776835777100587,0.15878655700010838,0.15804365545896126,0.013379593454070825,-0.059625682793057064,0.0799292827144075,0.5428571428571428,False
grad_log,f_cohort_44yr,World Stock Market Capitalisation (% of GDP),10,1,-0.006281148622364523,-0.12546142347661998,0.057960081802444934,0.09303051537519894,-0.01914532482466174,-0.0720061994958425,0.03447423963901152,0.5142857142857142,False
grad_log,f_cohort_44yr,China Total Manufacturing Output,11,sum,-0.11841666164026725,-0.3497545133092603,0.03954444533235327,0.22854984290412164,-0.13263085991969786,-0.23112560403851082,-0.026508938709741012,0.6,True
grad_log,f_cohort_44yr,China Total Manufacturing Output,11,0,0.0320464122171772,-0.0584209546881753,0.1251141045098777,0.11507188611074777,0.024838414873473547,-0.033291945963783036,0.07174654411370562,0.5428571428571428,False
grad_log,f_cohort_44yr,China Total Manufacturing Output,11,1,-0.15948134262344243,-0.23633403597320496,-0.03538344225775016,0.20075928442387045,-0.14234902122625614,-0.21884133446402979,-0.07749683793129901,0.8285714285714286,True
grad_log,f_cohort_44yr,Population,12,sum,-0.1361687224839742,-0.3304613832234281,0.1392829275300043,0.25824192452684847,-0.12294615887340815,-0.24514318390859835,0.02958145298860694,0.6285714285714286,False
grad_log,f_cohort_44yr,Population,12,0,-0.1280225424004022,-0.2154906411967994,0.1210554051934788,0.20125418338618034,-0.08311321292975964,-0.18429289500161627,0.018895927215068012,0.6571428571428571,False
grad_log,f_cohort_44yr,Population,12,1,0.023390531243081665,-0.17522133491992578,0.09285752388319313,0.18238556519396767,-0.02183268899839734,-0.1101334767274975,0.06428624052670501,0.5428571428571428,False
gxi,alpha_cc,Zinc real price,0,sum,-0.022377510903363606,-0.08752398738675557,0.02861554882472897,0.17787995123456019,-0.031080668863734087,-0.07560122987862158,0.0033856171077398522,0.6,False
gxi,alpha_cc,Zinc real price,0,0,0.0008637921189201426,-0.06748278498315927,0.058822485201455985,0.13854251239143905,-0.006616174907982339,-0.050856033836898434,0.03027734082610782,0.5142857142857142,False
gxi,alpha_cc,Zinc real price,0,1,-0.025203206588729477,-0.03665902020942296,-0.015279500206041133,0.07823287747057046,-0.026731227469578733,-0.03330360507574344,-0.02018550138677699,0.9428571428571428,True
gxi,alpha_cc,Energy index,1,sum,0.03382642850847029,-0.07513936473994842,0.16725288728380971,0.21745355153484178,0.03479544790432951,-0.027691911961202076,0.10673222301716057,0.5428571428571428,False
gxi,alpha_cc,Energy index,1,0,0.027222265798098767,-0.07466921754101173,0.15737566521677912,0.20488283358160064,0.040676164457460445,-0.024302937192664444,0.10893210699475477,0.5714285714285714,False
gxi,alpha_cc,Energy index,1,1,-0.0073812876192541985,-0.013809292929035221,0.010465998732618973,0.04731276679638488,-0.002962424870200212,-0.009728010689140802,0.0026603853541660337,0.6,False
gxi,alpha_cc,GDP,2,sum,0.32804960461035026,0.1474198641674544,0.4548388687558973,0.45588630986481515,0.3224410423452001,0.20804598100958005,0.4072081715074899,0.8285714285714286,True
gxi,alpha_cc,GDP,2,0,0.3286032637565632,0.14659110199445669,0.45494823587995536,0.4550644801442492,0.3227148039006952,0.20828977473263133,0.40610261049330704,0.8285714285714286,True
gxi,alpha_cc,GDP,2,1,-4.806005773952075e-05,-0.0008109715413530451,0.0008067825137359715,0.006226428046987558,2.6197982425936006e-05,-0.00045829854365197814,0.0005146409070325506,0.5142857142857142,False
gxi,alpha_cc,US Industrial Production Total Index,3,sum,0.12608451659812542,0.025613584000077988,0.2788497391282221,0.21713183225660632,0.14488473932076912,0.08034762678661558,0.2062533432475212,0.8,True
gxi,alpha_cc,US Industrial Production Total Index,3,0,0.12778028247658402,0.03514929159774645,0.2798038045406276,0.22294444893262183,0.14979663700520493,0.08768805968017274,0.2104096552295801,0.8,True
gxi,alpha_cc,US Industrial Production Total Index,3,1,-0.0047763288720682005,-0.011341134258080782,0.00039026955042919186,0.018336924715283386,-0.005382803768208552,-0.007989984646189448,-0.0027536475416786907,0.7142857142857143,True
gxi,alpha_cc,EU28 Industrial Production Total Index,4,sum,0.16229394331580577,0.06951866972721013,0.24966301432048382,0.20398606275648748,0.162222151558713,0.1093342369258773,0.2120589027606568,0.8285714285714286,True
gxi,alpha_cc,EU28 Industrial Production Total Index,4,0,0.1645745253449346,0.07288479089365572,0.2455854583462656,0.2029299505281612,0.16270156215165887,0.11073806577003101,0.21272407267932425,0.8285714285714286,True
gxi,alpha_cc,EU28 Industrial Production Total Index,4,1,-0.0009326564669022302,-0.0019462967762826214,0.0016595156348142462,0.015027393966020175,-0.0002194581063439363,-0.001206528812129827,0.0007757647711184466,0.5428571428571428,False
gxi,alpha_cc,China All Industry Value Added (Constant 2015 USD),5,sum,0.09089394738145061,-0.3622727370819975,1.153915408103182,1.0908235535656599,0.3311603096140395,-0.0850334188997742,0.8269658737908667,0.5714285714285714,False
gxi,alpha_cc,China All Industry Value Added (Constant 2015 USD),5,0,0.089257440821444,-0.35724475797794375,1.1421398066385695,1.0775426027504973,0.3237280326574924,-0.0840448205313098,0.8189764149767766,0.5714285714285714,False
gxi,alpha_cc,China All Industry Value Added (Constant 2015 USD),5,1,0.006365008538045348,-0.0011022554348454178,0.011940347508741315,0.02852628486540957,0.00503535792097168,0.0012779211972648325,0.00911138651504035,0.7142857142857143,True
gxi,alpha_cc,Producer Price Index of Non-ferrous Scrap,6,sum,-0.18175712817247489,-0.33033449858768715,0.0005813630985934347,0.26489544247542696,-0.18850003206150703,-0.2876651304767453,-0.1040876586918047,0.7428571428571429,True
gxi,alpha_cc,Producer Price Index of Non-ferrous Scrap,6,0,-0.20881088692080266,-0.3174019423569235,-0.006510549635308554,0.2642107542848711,-0.19984865924493841,-0.29041248498856226,-0.10547895835211156,0.7714285714285715,True
gxi,alpha_cc,Producer Price Index of Non-ferrous Scrap,6,1,0.008668303724054286,-0.007279743205495418,0.0189855699771352,0.057051692573744074,0.00665664159541984,0.00019159258836206824,0.014474034697894846,0.6,True
gxi,alpha_cc,Real Treatment Charges,7,sum,0.180346122921564,0.10458626255721337,0.2724306804038228,0.2307482964863526,0.19132185997809348,0.15848770530392264,0.2323688839696399,0.9714285714285714,True
gxi,alpha_cc,Real Treatment Charges,7,0,0.18271486212885152,0.13863713788764254,0.27022980623107107,0.24344911853955903,0.1938157227850235,0.1608503279498489,0.23002195052135996,0.9714285714285714,True
gxi,alpha_cc,Real Treatment Charges,7,1,-0.0034285001736634457,-0.010102777404121941,0.012957512063654078,0.08119951049221223,-0.0014114161850700539,-0.007749219856119722,0.0057487573459978365,0.5714285714285714,False
gxi,alpha_cc,Precious metal index,8,sum,0.2934780154624569,0.07058490362099021,0.41781128144470053,0.5388046121900335,0.26536397306975856,0.17880714740145187,0.3457439083920637,0.8571428571428571,True
gxi,alpha_cc,Precious metal index,8,0,0.32940168369701717,0.11851913458211882,0.47714680424530004,0.5492704239746851,0.2958839487258237,0.20899598670691563,0.37921420232124414,0.8571428571428571,True
gxi,alpha_cc,Precious metal index,8,1,-0.030088812646844626,-0.05108903285010655,-0.00792010858492496,0.08488901191227372,-0.029522528706320144,-0.039948923544888576,-0.019539974201423022,0.8857142857142857,True
gxi,alpha_cc,Full metal real index,9,sum,0.015492154158512364,-0.10386918846904825,0.08200930982442042,0.1512240401765277,0.01083520871434989,-0.046395492945400074,0.06404213050823035,0.5428571428571428,False
gxi,alpha_cc,Full metal real index,9,0,-0.004755719688746452,-0.09569320943635815,0.09565215916820449,0.12908281547670597,0.003762546171408767,-0.05052976629241604,0.06136561174633313,0.5142857142857142,False
gxi,alpha_cc,Full metal real index,9,1,0.0002958766749044446,-0.011273119884756528,0.023063150163967355,0.06798964782937691,0.004710029059158009,-0.0039536330468343435,0.011910303776023111,0.5428571428571428,False
gxi,alpha_cc,World Stock Market Capitalisation (% of GDP),10,sum,0.13313394786771943,-0.03122373141993452,0.2159135230188841,0.2529739228197411,0.11323356336210955,0.062394154093035524,0.1738592847193386,0.6857142857142857,True
gxi,alpha_cc,World Stock Market Capitalisation (% of GDP),10,0,0.15076658422993222,-0.0025028495275786246,0.2254015735167509,0.23736959842873148,0.12163635795372546,0.0717702631682838,0.17795451081663094,0.7428571428571429,True
gxi,alpha_cc,World Stock Market Capitalisation (% of GDP),10,1,-0.00462491345702767,-0.012561789034150467,0.004927875747215715,0.05009456098768246,-0.0056684097031535425,-0.01187865019571011,0.0008619973101038781,0.6571428571428571,False
gxi,alpha_cc,China Total Manufacturing Output,11,sum,0.010475890909499463,-1.163527724371257,0.34845095771422496,0.7288650624589974,-0.2811334031053013,-0.7829963346575888,0.13903610638351574,0.5142857142857142,False
gxi,alpha_cc,China Total Manufacturing Output,11,0,0.03240776279902167,-1.160691613904984,0.36643237502425824,0.7261820357631256,-0.28526163894278855,-0.7794809080870142,0.13192624933928793,0.5142857142857142,False
gxi,alpha_cc,China Total Manufacturing Output,11,1,-0.004564512126047013,-0.010946315362674892,0.0029618957941120435,0.04186092439921833,-0.003700139234694297,-0.0074522913504661914,5.2944673621904866e-05,0.6,False
gxi,alpha_cc,Population,12,sum,0.001846078950143835,-0.1265351592041497,0.13135676967384335,0.16481227028074702,-0.0013957848787480263,-0.07354652876519667,0.06161714015092411,0.5142857142857142,False
gxi,alpha_cc,Population,12,0,-7.483562406063182e-06,-0.12489911734345809,0.13094988460216034,0.16477045010994157,-0.001541706705079195,-0.0734798842264288,0.061246539236814584,0.5142857142857142,False
gxi,alpha_cc,Population,12,1,0.0008038921825291908,-0.0005345008530332808,0.0018718101567221195,0.0018816651183405212,0.0007149420737862975,1.4610331195883623e-05,0.0013707397271105523,0.6857142857142857,True
gxi,alpha_refc,Zinc real price,0,sum,0.45622913059971787,0.2801046694006027,0.7511667863172975,0.6817083261887251,0.4855608933794793,0.35825645789929106,0.6206540155335358,0.8857142857142857,True
gxi,alpha_refc,Zinc real price,0,0,0.4338767930023561,0.22100338603567782,0.7350153107831574,0.6472984195034015,0.4901674662411577,0.3471729366211618,0.6362685468495568,0.8857142857142857,True
gxi,alpha_refc,Zinc real price,0,1,0.0005768235031389513,-0.028030760657367773,0.030437035238388456,0.18955131773306802,0.0007579503215743233,-0.017703537462911666,0.021322392883218945,0.5142857142857142,False
gxi,alpha_refc,Energy index,1,sum,0.2676761173085249,-0.15829172741772912,0.6841796447895595,0.752137753126055,0.24663002172164988,0.04243753648573889,0.45808464207259214,0.6857142857142857,True
gxi,alpha_refc,Energy index,1,0,0.2263141865740045,-0.20027680810374554,0.6822818463070046,0.7005422287057785,0.21036222225626972,0.010902319173593689,0.4192759225475167,0.6857142857142857,True
gxi,alpha_refc,Energy index,1,1,0.04863719187183215,-0.010069614894573645,0.09128345371498722,0.2095066458270301,0.042476565485617374,0.021912472509139358,0.06554542889521835,0.6571428571428571,True
gxi,alpha_refc,GDP,2,sum,0.8666941612373338,-0.17762868440834373,1.6199331442897174,1.236624403403446,0.7868532834720701,0.30977235541650616,1.2165377650140288,0.7142857142857143,True
gxi,alpha_refc,GDP,2,0,0.867636619737512,-0.16464080653558544,1.615132348389941,1.2301764229726655,0.7938301146581521,0.3122976505431264,1.2243612510954969,0.7142857142857143,True
gxi,alpha_refc,GDP,2,1,-0.003934435208736196,-0.00804808983451399,0.0011448917792545685,0.030601961572200232,-0.0038798592003101515,-0.006535163987681053,-0.0002661318070147191,0.7428571428571429,True
gxi,alpha_refc,US Industrial Production Total Index,3,sum,0.6416464930211061,0.3193032599759579,1.1550142172035804,0.8967601102013436,0.820356272565151,0.570948408442022,1.0408837407427851,0.9428571428571428,True
gxi,alpha_refc,US Industrial Production Total Index,3,0,0.6606137571985642,0.3120304693874079,1.1559645127451152,0.8830483364879118,0.8132070107598162,0.5608318296956532,1.0230682417388213,0.9142857142857143,True
gxi,alpha_refc,US Industrial Production Total Index,3,1,0.008083415563221813,-0.003615189161147964,0.01704280301357309,0.04807177307511282,0.005961923520207274,6.024458380618578e-05,0.011549880345141633,0.6285714285714286,True
gxi,alpha_refc,EU28 Industrial Production Total Index,4,sum,0.47585160422616024,0.3031716658008434,0.780125091891519,0.5705436345395315,0.5042822851353487,0.38171576120160594,0.6489447041722909,0.9142857142857143,True
gxi,alpha_refc,EU28 Industrial Production Total Index,4,0,0.4822899645945711,0.3097475065006226,0.7899263624060733,0.5797599475305553,0.5086875953353164,0.3883937830605355,0.6528876161128444,0.9142857142857143,True
gxi,alpha_refc,EU28 Industrial Production Total Index,4,1,-0.0053012433757220635,-0.009147376066695065,0.0003365113678645955,0.1830562878200014,-0.0044787045531054556,-0.007030762294838353,-0.0017294008780100896,0.7428571428571429,True
gxi,alpha_refc,China All Industry Value Added (Constant 2015 USD),5,sum,2.546675510645798,-0.14052154131832634,3.7254738926465327,3.8055748025165697,1.9976872845507998,0.9539365733229098,3.108151165231636,0.7142857142857143,True
gxi,alpha_refc,China All Industry Value Added (Constant 2015 USD),5,0,2.5032750546265383,-0.1521681004539946,3.7230729065531776,3.7434981652101085,1.9876967269317518,0.9218006394407885,3.107954582991267,0.7142857142857143,True
gxi,alpha_refc,China All Industry Value Added (Constant 2015 USD),5,1,0.017116851042957355,-0.004101569795490082,0.030197490755155695,0.07003745814292006,0.014208661788760436,0.005604075143372127,0.02491132558172062,0.7142857142857143,True
gxi,alpha_refc,Producer Price Index of Non-ferrous Scrap,6,sum,-0.5748879833263333,-1.0199993148916857,-0.15414395385842572,0.9724564665765408,-0.5434772305003588,-0.8490798734505499,-0.28692224804797745,0.8,True
gxi,alpha_refc,Producer Price Index of Non-ferrous Scrap,6,0,-0.5960478170260843,-0.9851925945577427,-0.10095450932791053,0.9300015999267816,-0.5175542482384481,-0.8209309648365251,-0.251109214578334,0.8,True
gxi,alpha_refc,Producer Price Index of Non-ferrous Scrap,6,1,-0.03586480836718309,-0.0830233174512019,0.0012325068228344008,0.1821107303707292,-0.03418666130192478,-0.0551473314009551,-0.013012290178077087,0.7428571428571429,True
gxi,alpha_refc,Real Treatment Charges,7,sum,0.07415792302935525,-0.13872106184616506,0.30150689782202644,0.5134494084547251,0.07711282292711519,-0.04842515720346141,0.20373508068139803,0.5428571428571428,False
gxi,alpha_refc,Real Treatment Charges,7,0,0.03664145040926977,-0.09685797040203858,0.26910433454938365,0.3429416936081306,0.04722927935364807,-0.06572770221079133,0.15076595675458612,0.6,False
gxi,alpha_refc,Real Treatment Charges,7,1,0.035271340796723116,-0.0045581098459512946,0.08295873491011835,0.42655419102763464,0.03674974899668154,0.011670241914023004,0.060616313306206746,0.7428571428571429,True
gxi,alpha_refc,Precious metal index,8,sum,0.014539930655054684,-0.2588188568362688,0.38964518865931436,0.5553880861850831,0.07555032639045108,-0.09374851631455133,0.259414844466776,0.5428571428571428,False
gxi,alpha_refc,Precious metal index,8,0,0.07036214130540168,-0.18597748630236147,0.5649405653567516,0.47339317239777196,0.1488223230083998,-0.06476935557307506,0.32923415947994067,0.5714285714285714,False
gxi,alpha_refc,Precious metal index,8,1,-0.05475485387059056,-0.10053889293306009,-0.007384568435344118,0.15566802921851103,-0.05396173068420211,-0.08266829719152186,-0.026220076247946245,0.7714285714285715,True
gxi,alpha_refc,Full metal real index,9,sum,0.5502684466195975,0.12888350485477018,0.8535799301371603,0.8933571392970627,0.5071297092895024,0.30425163884743806,0.6947690593164196,0.7714285714285715,True
gxi,alpha_refc,Full metal real index,9,0,0.41841600569152054,0.07869071431751945,0.7517012082128032,0.820747386609804,0.411053025568739,0.19072086684777062,0.5961316661322208,0.7714285714285715,True
gxi,alpha_refc,Full metal real index,9,1,0.10176004035678103,0.046560080011358335,0.13354748213127465,0.2932925252357264,0.09221853524571919,0.07335590907102232,0.11503801732976111,0.9428571428571428,True
gxi,alpha_refc,World Stock Market Capitalisation (% of GDP),10,sum,2.0057284018891113,1.6229682621388921,2.5554311209652187,2.8880643311717384,2.0972932009954164,1.8616664002945915,2.3219499307034113,1.0,True
gxi,alpha_refc,World Stock Market Capitalisation (% of GDP),10,0,1.958241044789942,1.5828197841132847,2.4415991642428305,2.7985543509423603,2.019827736644355,1.7958554335432853,2.2397349792122885,1.0,True
gxi,alpha_refc,World Stock Market Capitalisation (% of GDP),10,1,0.06530750312537963,0.04248874503216542,0.10936513767324721,0.38946408798934096,0.0708900734661064,0.052498019901209,0.0919557588862488,0.9142857142857143,True
gxi,alpha_refc,China Total Manufacturing Output,11,sum,-4.808575570310913,-6.9231128288137125,-2.382993937345705,5.850464077984199,-4.629847145342848,-5.650422201058262,-3.6965261113811425,0.9714285714285714,True
gxi,alpha_refc,China Total Manufacturing Output,11,0,-4.820611561612449,-6.93599642810565,-2.416897688016128,5.989726798374262,-4.6524921808200554,-5.649126804969075,-3.7099134142941512,0.9714285714285714,True
gxi,alpha_refc,China Total Manufacturing Output,11,1,0.004818518165782787,-0.007062356910533958,0.039131328768526596,0.3432930052435229,0.012487643328737549,-4.2743696838987155e-05,0.026133386945387017,0.6,False
gxi,alpha_refc,Population,12,sum,0.13283949651638607,-0.13274129090327144,0.40912308880888226,0.395546332752958,0.1274367270111707,-0.020798608351748932,0.28662010267427573,0.6285714285714286,False
gxi,alpha_refc,Population,12,0,0.13262199413695672,-0.1311184420697732,0.4062283516117643,0.41023787376943854,0.12593741551572943,-0.02087924672574383,0.2852464175456521,0.6285714285714286,False
gxi,alpha_refc,Population,12,1,0.0004451010134092612,-0.00559636347522219,0.005864273870071801,0.007751695077036649,0.00013745049479064369,-0.0023830551802012812,0.0028194403192792444,0.5428571428571428,False
gxi,alpha_win,Zinc real price,0,sum,0.0030019261652254924,0.0002518176935369019,0.006256477949947586,0.008020129825125124,0.002949047936191923,0.0012766706761742177,0.004380495090062922,0.7714285714285715,True
gxi,alpha_win,Zinc real price,0,0,0.0027611346710756527,-0.00023992897338749526,0.006782951781562206,0.006805355011216545,0.002813796291788258,0.0010639517307094633,0.00451927679531368,0.7142857142857143,True
gxi,alpha_win,Zinc real price,0,1,0.00010626560690934689,-0.0005872760910005418,0.0004721025334790275,0.002631156890964781,-7.100314839501498e-06,-0.0002856812908479845,0.0003633942455335639,0.5714285714285714,False
gxi,alpha_win,Energy index,1,sum,0.009795396111639432,0.0013182164834478708,0.015108719616116331,0.017725294907194256,0.008056768308658481,0.0036708835240717433,0.011697414886309713,0.7714285714285715,True
gxi,alpha_win,Energy index,1,0,0.009534123146382292,0.0011970768764177197,0.015376314010224604,0.0192210781726797,0.007873578331635062,0.003584092981529979,0.011753502998854363,0.7714285714285715,True
gxi,alpha_win,Energy index,1,1,-2.685738953052191e-05,-0.0004972771112044811,0.0003386955509766837,0.0021048746233133216,-9.303285658840646e-06,-0.000245279480318601,0.0002466117236784981,0.5142857142857142,False
gxi,alpha_win,GDP,2,sum,-0.0005866028449539427,-0.007825462055971583,0.005796572142157606,0.009150952593212263,0.0003716390995693266,-0.004327782001571153,0.004932392643315386,0.5428571428571428,False
gxi,alpha_win,GDP,2,0,-0.0005750166626193371,-0.007791601336822716,0.005860148742468445,0.009237687312465595,0.00044057893042472626,-0.004315160694839848,0.004948625372381142,0.5428571428571428,False
gxi,alpha_win,GDP,2,1,-3.21094252221042e-05,-6.219023272426556e-05,-1.0877897843338506e-06,0.0003792116486583891,-3.4931890734509976e-05,-5.368171117703785e-05,-1.7619722736641095e-05,0.7428571428571429,True
gxi,alpha_win,US Industrial Production Total Index,3,sum,-0.0005846397654035929,-0.005821934306083137,0.00794070263872437,0.008623812983294978,0.0003903541687101126,-0.0038202569954120633,0.004253886430278935,0.5142857142857142,False
gxi,alpha_win,US Industrial Production Total Index,3,0,-0.0007588395593110993,-0.0064602896971841135,0.0077027157673002535,0.008728977977493741,0.000216775923663225,-0.004030903456762384,0.004148187186694061,0.5142857142857142,False
gxi,alpha_win,US Industrial Production Total Index,3,1,7.594556551851698e-05,-0.00024622923312781907,0.00028624648325537754,0.0008951037515830896,4.4347943696497236e-05,-8.89045223475371e-05,0.00018829941642979067,0.5428571428571428,False
gxi,alpha_win,EU28 Industrial Production Total Index,4,sum,-0.003934535314567663,-0.005257648756367132,0.003210624823139251,0.00608380059016136,-0.0014826842775281105,-0.0043909586536727795,0.0015622948690900986,0.6,False
gxi,alpha_win,EU28 Industrial Production Total Index,4,0,-0.003935836224164061,-0.005289382280104696,0.0030686618806665205,0.005769578759355479,-0.0015352544253034134,-0.004367679285589152,0.0015529188061918016,0.6,False
gxi,alpha_win,EU28 Industrial Production Total Index,4,1,3.184059031481252e-05,-4.303423267958271e-05,0.00010484192396243675,0.0005402105739049413,2.7772468330170053e-05,-2.2170461652887514e-05,5.677908753296775e-05,0.5714285714285714,False
gxi,alpha_win,China All Industry Value Added (Constant 2015 USD),5,sum,0.027978669667088913,-0.009999861227804364,0.04017641223665101,0.04333646357301285,0.024702529320231894,0.006486799299977003,0.03722490627169228,0.6857142857142857,True
gxi,alpha_win,China All Industry Value Added (Constant 2015 USD),5,0,0.02762166504170508,-0.009812541629534112,0.040050999374894494,0.04322479528275553,0.024429312609441745,0.006527737336698617,0.03687054185031238,0.6857142857142857,True
gxi,alpha_win,China All Industry Value Added (Constant 2015 USD),5,1,0.00010121069651376072,-0.0001300748040654294,0.00033936495637527486,0.0010061517159316907,0.00010420894362098742,-1.4801371567354246e-06,0.00022198196916880738,0.6571428571428571,False
gxi,alpha_win,Producer Price Index of Non-ferrous Scrap,6,sum,-0.007055510320669244,-0.016154101632397232,0.0038501273671847046,0.014587715804049764,-0.005033386080821762,-0.010404774129733728,-3.8362248462538565e-05,0.6,True
gxi,alpha_win,Producer Price Index of Non-ferrous Scrap,6,0,-0.00505165947666474,-0.015136988452351419,0.0055880394044695945,0.0117504616540428,-0.004105942629477691,-0.009474643495249731,0.0009816992999701797,0.5714285714285714,False
gxi,alpha_win,Producer Price Index of Non-ferrous Scrap,6,1,-0.001042756756068674,-0.001429530379354149,-0.0006221621907839265,0.0055079750441211165,-0.0010410724187776596,-0.001267293630226879,-0.0008176962085748253,0.9428571428571428,True
gxi,alpha_win,Real Treatment Charges,7,sum,0.00010044146471007866,-0.0044188697858952575,0.001896384548032635,0.0061913803392943285,-0.0010100269728355292,-0.0030672983492930728,0.0009329909335422184,0.5142857142857142,False
gxi,alpha_win,Real Treatment Charges,7,0,0.00028179784599535095,-0.004371699270392296,0.0024461059645745674,0.004506924433768282,-0.0008183624026318116,-0.0028049458996989257,0.0010559491088075275,0.5142857142857142,False
gxi,alpha_win,Real Treatment Charges,7,1,-0.00019507707837093172,-0.0010142741309451665,0.00028895875527252564,0.003006345100242943,-0.0003355908940405843,-0.0006214506152478752,-1.0214771297808446e-05,0.5428571428571428,True
gxi,alpha_win,Precious metal index,8,sum,-0.0042123615434570385,-0.009311019588507252,0.0008192673466929849,0.011294601128283687,-0.004147300342941933,-0.00622350625546175,-0.0010741569318118685,0.6571428571428571,True
gxi,alpha_win,Precious metal index,8,0,-0.005291814203645981,-0.010540488241390056,-8.698377229839337e-05,0.01127139698899106,-0.0050965834441997985,-0.007579092918901468,-0.002138452530021726,0.7428571428571429,True
gxi,alpha_win,Precious metal index,8,1,0.0011976821364198594,0.0001340143685857542,0.002180010444892767,0.002596913841370844,0.001164584627755898,0.000701574101559043,0.001632693027230955,0.7714285714285715,True
gxi,alpha_win,Full metal real index,9,sum,-0.0010296711327773518,-0.007194007337502474,0.003549004963472045,0.009429658319902024,-0.0011615951666148973,-0.004178666931489443,0.001843756050053646,0.5428571428571428,False
gxi,alpha_win,Full metal real index,9,0,-0.002004612708938072,-0.007420354327988104,0.0031088287616523524,0.007954219624416859,-0.0017357126244118798,-0.0046695091721617255,0.0011155208177225425,0.6571428571428571,False
gxi,alpha_win,Full metal real index,9,1,0.0007100412683516374,4.192760021631356e-05,0.001378815852377579,0.004430341840515249,0.0006939287340025457,0.00039729074763195153,0.0010150012553080349,0.7428571428571429,True
gxi,alpha_win,World Stock Market Capitalisation (% of GDP),10,sum,-0.0033500685328259074,-0.008093154760849956,0.0013939878382194099,0.00934846854836657,-0.0039006636554123615,-0.006856633029054936,-0.0009242712718599996,0.7142857142857143,True
gxi,alpha_win,World Stock Market Capitalisation (% of GDP),10,0,-0.003611536396193564,-0.007768409194337028,0.0013686010591242863,0.008451527060705297,-0.0035609575258445897,-0.006328099510486829,-0.0006865359232660931,0.7142857142857143,True
gxi,alpha_win,World Stock Market Capitalisation (% of GDP),10,1,-0.00047645761840592815,-0.0009939027149676628,0.00034179662704386963,0.003092194081335159,-0.00040445473475459836,-0.0007259722917474502,-5.689074812720486e-05,0.7142857142857143,True
gxi,alpha_win,China Total Manufacturing Output,11,sum,-0.0014045149869684464,-0.02091730157028383,0.020098542527821436,0.03009549853598048,0.0008721753660404538,-0.011594942399743475,0.014992072091834903,0.5714285714285714,False
gxi,alpha_win,China Total Manufacturing Output,11,0,-0.0013659582930665762,-0.02111282514425595,0.019279252512782175,0.030286597789557133,0.0006820768414834302,-0.011546174233619104,0.014916778269989488,0.5428571428571428,False
gxi,alpha_win,China Total Manufacturing Output,11,1,-1.6080756279086426e-05,-0.00014023796748069604,0.0002622868467049853,0.0038528855210919603,4.397182104514572e-05,-7.601365471839711e-05,0.00018024912000244621,0.5142857142857142,False
gxi,alpha_win,Population,12,sum,0.0029210844686460486,-0.0041397192830902214,0.006392855524213099,0.006758798789709438,0.0013230327719041051,-0.001538522479205942,0.004178548760601057,0.5714285714285714,False
gxi,alpha_win,Population,12,0,0.0028785252445654064,-0.004226917628431711,0.006345194222608511,0.006953685917352304,0.001295329810628723,-0.0015989021486596772,0.004135138183267411,0.5714285714285714,False
gxi,alpha_win,Population,12,1,4.2559224080642134e-05,-4.385451930783647e-06,0.00010622344514483781,7.067318617952093e-05,4.978040409857787e-05,2.0158567911942292e-05,8.230908582469756e-05,0.7142857142857143,True
gxi,alpha_dr,Zinc real price,0,sum,0.019078730266720474,0.010029473850487608,0.02987300558672884,0.028729592686181582,0.018847407180931704,0.013262000197470411,0.024499245688016508,0.8857142857142857,True
gxi,alpha_dr,Zinc real price,0,0,0.01758319372127734,0.00799611906208894,0.02752708924563385,0.027959024420313776,0.018765003338750044,0.013399719412286265,0.025172836865754764,0.8857142857142857,True
gxi,alpha_dr,Zinc real price,0,1,-0.0003329515339666191,-0.002383690987810245,0.0014686340907869115,0.008419191691573522,-0.0004572488372415268,-0.0016019548768940015,0.000646215985968564,0.6,False
gxi,alpha_dr,Energy index,1,sum,0.03767511939284155,0.01903592263673924,0.048081643946989536,0.05634724117455993,0.03547617975262815,0.025410755020180927,0.04530629096033749,0.8857142857142857,True
gxi,alpha_dr,Energy index,1,0,0.0327819305278533,0.016708950789172332,0.04457737719761932,0.04423222577780175,0.029406431932667464,0.01927167650491371,0.038750472427290995,0.8,True
gxi,alpha_dr,Energy index,1,1,0.006813870234782085,0.0034444790384566305,0.007567404701824524,0.016651131261898145,0.006363282292507388,0.005075743763334659,0.007211648385369342,0.9714285714285714,True
gxi,alpha_dr,GDP,2,sum,-0.001103253019711678,-0.03382270924161328,0.024154722941355254,0.03594822257226769,-0.0033178707411618,-0.015795666797361215,0.012115122840810583,0.5142857142857142,False
gxi,alpha_dr,GDP,2,0,-0.0006760440004006897,-0.03347664752615964,0.02447226903154748,0.03451712555345139,-0.0029897443195354206,-0.015147291352503351,0.012743698659211223,0.5142857142857142,False
gxi,alpha_dr,GDP,2,1,-0.0004181621196328692,-0.0006232308131176819,-0.00030135027859686523,0.0030901794296942556,-0.0004543448212774583,-0.0005826001334199285,-0.0003575853768514616,1.0,True
gxi,alpha_dr,US Industrial Production Total Index,3,sum,0.0010998336350443653,-0.02593929950304784,0.016501395127663902,0.03088055797104724,-0.0037064515818941747,-0.01679119987806542,0.006748411401985521,0.5142857142857142,False
gxi,alpha_dr,US Industrial Production Total Index,3,0,-0.0011368579653924017,-0.027745526775995736,0.015886405908867453,0.03115417251424819,-0.005665305132116531,-0.01874783446205566,0.005244093036588844,0.5428571428571428,False
gxi,alpha_dr,US Industrial Production Total Index,3,1,0.0010551243911713622,0.0005614345168201778,0.0019745118818706073,0.005334998114009362,0.0012458564854996561,0.0008734963830549468,0.0017071477716184558,0.9714285714285714,True
gxi,alpha_dr,EU28 Industrial Production Total Index,4,sum,-0.004020744662095565,-0.020712922493125396,0.0028785152658237154,0.018251904236963122,-0.008321690284614186,-0.014328150354247556,-0.002306384881006671,0.7142857142857143,True
gxi,alpha_dr,EU28 Industrial Production Total Index,4,0,-0.004549938987965618,-0.02072052341113946,0.0026041625020243216,0.018405223398285153,-0.008304713491243476,-0.014456086531587042,-0.002392542591604386,0.7142857142857143,True
gxi,alpha_dr,EU28 Industrial Production Total Index,4,1,5.6401167990326095e-05,-0.00010880047909421718,0.0002120939603837123,0.0025741121236630255,6.068169143426862e-05,-4.5425649505673874e-05,0.0001652481563122309,0.6,False
gxi,alpha_dr,China All Industry Value Added (Constant 2015 USD),5,sum,0.007742375705512986,-0.050975032313603674,0.09913480377770187,0.09667611054944664,0.013428002583271067,-0.02536930833728783,0.061875309793971274,0.5428571428571428,False
gxi,alpha_dr,China All Industry Value Added (Constant 2015 USD),5,0,0.006456195899927205,-0.05228225870431402,0.09786787177871861,0.09621826386642628,0.012769765559081214,-0.026767239530786524,0.06049793801225327,0.5428571428571428,False
gxi,alpha_dr,China All Industry Value Added (Constant 2015 USD),5,1,0.0011908170767863159,0.00047336598092919833,0.002051495114711973,0.006173424649820186,0.0012662662369508908,0.0008549723104424467,0.0017196035924459557,0.9142857142857143,True
gxi,alpha_dr,Producer Price Index of Non-ferrous Scrap,6,sum,0.0068152988847337784,-0.021330621629485735,0.03198948868200383,0.04047095461407353,0.0004278247967563417,-0.017592639770627062,0.01728503678907935,0.5142857142857142,False
gxi,alpha_dr,Producer Price Index of Non-ferrous Scrap,6,0,0.0036085184469763997,-0.024507107034994802,0.02895192124828519,0.03653265090046341,0.0012306206395719596,-0.017604292613231192,0.01749640630069991,0.5142857142857142,False
gxi,alpha_dr,Producer Price Index of Non-ferrous Scrap,6,1,-0.00033829850637081936,-0.0018145502197892953,0.0019010488987548642,0.008775325991932498,-0.00021530325363319533,-0.0012481587809665363,0.0010089360547054318,0.5714285714285714,False
gxi,alpha_dr,Real Treatment Charges,7,sum,-0.006934506145588351,-0.022454792210416213,0.002959569063660471,0.034985666370697985,-0.009477513441638878,-0.016169365127322463,-0.0031647297819381625,0.7142857142857143,True
gxi,alpha_dr,Real Treatment Charges,7,0,-0.008750608269966476,-0.023689140201396834,-0.0016322949236411899,0.01613504666061163,-0.012506602315729197,-0.01929161756422837,-0.006412579519864903,0.7714285714285715,True
gxi,alpha_dr,Real Treatment Charges,7,1,0.003159528401150543,0.001200249416859765,0.005061851255107155,0.02069031187169565,0.003131036059109228,0.0020433767327952233,0.004264725134853943,0.8857142857142857,True
gxi,alpha_dr,Precious metal index,8,sum,-0.012822287142028776,-0.019746736559340672,0.010511602072529299,0.035519429439355224,-0.006775497579219366,-0.016904563799335318,0.0026858422965578,0.6,False
gxi,alpha_dr,Precious metal index,8,0,-0.01018410099037766,-0.022386588837610678,0.012260231201104796,0.03577064450937768,-0.006750724182012908,-0.017088437611963297,0.002741027989584529,0.6,False
gxi,alpha_dr,Precious metal index,8,1,-4.012950502492452e-05,-0.0027423195809387,0.0023802799807174976,0.007494797217405827,-1.5051863307487691e-05,-0.0014737853905658596,0.0015817437295731578,0.5142857142857142,False
gxi,alpha_dr,Full metal real index,9,sum,0.028782497178186872,0.005286056731784456,0.03858116385563547,0.051057130237407766,0.0249808690175354,0.014668085571285029,0.03417960279000655,0.7714285714285715,True
gxi,alpha_dr,Full metal real index,9,0,0.018813943116266028,-0.008972769068715034,0.03145517765046445,0.030137716992120634,0.018650696323127797,0.007752236841189081,0.027790339259079866,0.7142857142857143,True
gxi,alpha_dr,Full metal real index,9,1,0.00635255769004988,0.004446104127016584,0.008084075807482403,0.022705716497199848,0.006517521989768779,0.005446003293496236,0.008562264120559977,1.0,True
gxi,alpha_dr,World Stock Market Capitalisation (% of GDP),10,sum,-0.029816223219392507,-0.05618626305352227,-0.012631134597683065,0.04317794389001667,-0.03150364876875551,-0.042805533810140795,-0.019634092402738605,0.8571428571428571,True
gxi,alpha_dr,World Stock Market Capitalisation (% of GDP),10,0,-0.029167414664679047,-0.052444043461055856,-0.00918493461471401,0.04173635324243097,-0.029762661449274808,-0.04006234741300102,-0.019231550066695035,0.8857142857142857,True
gxi,alpha_dr,World Stock Market Capitalisation (% of GDP),10,1,-0.0020086057218857236,-0.003724598194493175,0.0001662583882123361,0.010987168537828555,-0.0017060888761374648,-0.002747855555023561,-0.0006406779704481342,0.7142857142857143,True
gxi,alpha_dr,China Total Manufacturing Output,11,sum,-0.0030826540917301658,-0.10669202063813184,0.1485824606994098,0.16334882776532386,0.0077139481096849885,-0.05450358297653829,0.07960020593676467,0.5428571428571428,False
gxi,alpha_dr,China Total Manufacturing Output,11,0,-0.004890499990805353,-0.10627123367955565,0.1486958016431556,0.16265432946723662,0.007019631156582037,-0.05552671109222848,0.07890097580707517,0.5428571428571428,False
gxi,alpha_dr,China Total Manufacturing Output,11,1,0.0009026792937229447,0.00024853596265412333,0.001575015947577263,0.008047604208055139,0.0008498720162057771,0.00041305594287029373,0.0012518501133722889,0.8,True
gxi,alpha_dr,Population,12,sum,-0.0007756023924237952,-0.011498266845530656,0.007766842633092959,0.013038329609744497,-0.0009176998115720896,-0.006335547010867885,0.00535225158751856,0.5142857142857142,False
gxi,alpha_dr,Population,12,0,-0.0013119402193663542,-0.011572487633726806,0.0075610240087756134,0.012612565359846917,-0.0012750967563584597,-0.006629502400489591,0.005126733357543,0.5428571428571428,False
gxi,alpha_dr,Population,12,1,0.00025689901372554955,-5.930425080376158e-05,0.00044914986390470567,0.00040439364883401355,0.0001889813212466995,6.524358691275845e-05,0.0003232854492829183,0.6857142857142857,True
gxi,tau_olds,Zinc real price,0,sum,0.006952258330306602,0.003697872794744367,0.010424389904700874,0.01454738820603423,0.007339295541506427,0.005580934511546042,0.009089729331280012,0.9142857142857143,True
gxi,tau_olds,Zinc real price,0,0,0.006470858990935187,0.004148400074332581,0.010443840618131674,0.014548629388584417,0.007129261531266561,0.005457526356133519,0.009065439820121047,0.9428571428571428,True
gxi,tau_olds,Zinc real price,0,1,1.6598621761829766e-05,-0.00034621402769908875,0.0005297064842005469,0.0032273382884979718,3.3132121966355324e-05,-0.0002144894884117798,0.0002926004773674486,0.5142857142857142,False
gxi,tau_olds,Energy index,1,sum,0.013132778262656006,0.009199886047737735,0.016998306251528227,0.025600894970343974,0.012931144050223133,0.010658525433518284,0.015166999612915295,0.9714285714285714,True
gxi,tau_olds,Energy index,1,0,0.013621381872522473,0.009028670127710546,0.01792591832741615,0.026436775871944308,0.013635336093620555,0.011140390699847508,0.015879011993863656,0.9714285714285714,True
gxi,tau_olds,Energy index,1,1,-0.0006022499840252118,-0.0010535191124601128,-5.84058931114368e-05,0.004570752996864161,-0.0005665980869138979,-0.0008524470452315357,-0.00029594114628751295,0.7714285714285715,True
gxi,tau_olds,GDP,2,sum,0.0043222049466520515,-0.009804020665545872,0.008570642248249303,0.011783939706582891,0.00020153243875621748,-0.003365192479060416,0.0051788008805801955,0.5428571428571428,False
gxi,tau_olds,GDP,2,0,0.004331001739104099,-0.009775088058276727,0.008573838317842286,0.011822251343143974,0.00019763976155735157,-0.003349365974465227,0.005210672434960594,0.5428571428571428,False
gxi,tau_olds,GDP,2,1,-8.796792452047388e-06,-2.9882854032348292e-05,1.2795162298317786e-05,0.0004046697134269862,-7.527281356363921e-06,-1.9200920580925894e-05,5.3398398660592894e-06,0.5714285714285714,False
gxi,tau_olds,US Industrial Production Total Index,3,sum,0.0013866852937568514,-0.005787474170424011,0.004753942618332223,0.008463508608239018,0.00010488425065580554,-0.0025342332343153114,0.0032078121292357666,0.5428571428571428,False
gxi,tau_olds,US Industrial Production Total Index,3,0,0.001222176570138561,-0.005817851883355976,0.004386012971347166,0.008600721192623659,-3.6897281225322905e-06,-0.0025486441215518767,0.0031503855053749094,0.5428571428571428,False
gxi,tau_olds,US Industrial Production Total Index,3,1,4.1989303393271654e-05,-0.00024064714050961992,0.000351627551111476,0.0011505558075274008,5.3071689245801804e-05,-0.00010240547727788824,0.00021318093995962746,0.6,False
gxi,tau_olds,EU28 Industrial Production Total Index,4,sum,-0.0033244351744119113,-0.006543727590818956,0.0015897245310153411,0.0062620594050389776,-0.00250186242865124,-0.004638842717885597,-0.00025735602249600444,0.6857142857142857,True
gxi,tau_olds,EU28 Industrial Production Total Index,4,0,-0.0033031729918243124,-0.0064228466937510205,0.0017045959427344952,0.005751769208770301,-0.0026123318641160216,-0.004757018010176056,-0.00026124118598965526,0.6857142857142857,True
gxi,tau_olds,EU28 Industrial Production Total Index,4,1,4.9195252290131134e-05,-8.914236477849849e-05,0.00017349964953085873,0.000902198961690594,5.416061786727847e-05,-5.350703180974286e-06,0.00012257166753199263,0.6285714285714286,False
gxi,tau_olds,China All Industry Value Added (Constant 2015 USD),5,sum,-0.004083706748444138,-0.01871175663226604,0.013663529577776098,0.024182225927605702,-0.004084134931859618,-0.014685564238978368,0.006701411452801207,0.6285714285714286,False
gxi,tau_olds,China All Industry Value Added (Constant 2015 USD),5,0,-0.004091661838966727,-0.01904937183702206,0.0136877545167511,0.02406537876781678,-0.004183303960500012,-0.014824091914444611,0.006731095311747967,0.6285714285714286,False
gxi,tau_olds,China All Industry Value Added (Constant 2015 USD),5,1,6.0974984952985244e-05,-7.376512045414386e-05,0.00028615960000715065,0.0008792994900312514,8.081739686770353e-05,-8.513500970969167e-06,0.00021126381445631608,0.6285714285714286,False
gxi,tau_olds,Producer Price Index of Non-ferrous Scrap,6,sum,-0.004688774244495824,-0.010755843155090915,0.0040045667889590224,0.011548295015906878,-0.004087746656337435,-0.007605468912374298,-0.00033884252856450196,0.5714285714285714,True
gxi,tau_olds,Producer Price Index of Non-ferrous Scrap,6,0,-0.004024668967236812,-0.010860625735220739,0.004494506255591205,0.009669460464770588,-0.0036670079918178044,-0.00703175316518045,0.0001364170672001736,0.5428571428571428,False
gxi,tau_olds,Producer Price Index of Non-ferrous Scrap,6,1,-0.00038595934731689276,-0.0006716490992178504,-0.00021008615949172772,0.0048213662869081905,-0.0004570243900377116,-0.0006131219227500463,-0.0003159014460890657,0.8857142857142857,True
gxi,tau_olds,Real Treatment Charges,7,sum,-0.0015076287900563287,-0.005365082700700253,0.0007512565942091856,0.005813157133405411,-0.0020084842233568318,-0.0037996307900898933,-0.00041575151640084907,0.6857142857142857,True
gxi,tau_olds,Real Treatment Charges,7,0,-0.0017147238497853012,-0.004651643970808899,0.00138546418884258,0.004412981718457699,-0.0018902849034528474,-0.0035701061747338966,-0.00020172788839064768,0.6857142857142857,True
gxi,tau_olds,Real Treatment Charges,7,1,-0.00017365027197536797,-0.000507018161757744,0.0001859938031763475,0.002960022574709567,-0.00017055621697154293,-0.00037395980981924485,4.794892779018476e-05,0.5714285714285714,False
gxi,tau_olds,Precious metal index,8,sum,-0.007546905733230443,-0.011412699909165668,-0.0018170932313458796,0.014653070246754215,-0.006515607219451297,-0.008869245634215421,-0.004280850748889982,0.8285714285714286,True
gxi,tau_olds,Precious metal index,8,0,-0.00853682068260428,-0.011168613248654802,-0.001463245359018075,0.014549293221851122,-0.006698631806833045,-0.009141520879960795,-0.004630722907942383,0.8571428571428571,True
gxi,tau_olds,Precious metal index,8,1,0.00021910556386288944,-0.0004378613954600701,0.0008304751224482711,0.0021878790404836644,0.00020884874244314877,-0.00012748338629005104,0.0005624824104922008,0.6571428571428571,False
gxi,tau_olds,Full metal real index,9,sum,-0.004291663972058971,-0.008779263972112228,0.0008913122291985203,0.010245134498008785,-0.003994834421281086,-0.006526593386595262,-0.0016124384240803027,0.7142857142857143,True
gxi,tau_olds,Full metal real index,9,0,-0.004230146744780278,-0.008587559360993934,0.0006592877061531537,0.009229081291620143,-0.004033575006265659,-0.0065110785321097365,-0.0017144435453295404,0.7428571428571429,True
gxi,tau_olds,Full metal real index,9,1,8.552709584875974e-05,-0.0003088764855222069,0.00036327454311950447,0.0028256535834406153,2.40653761693242e-05,-0.00020037753782722943,0.00022820541759078694,0.5428571428571428,False
gxi,tau_olds,World Stock Market Capitalisation (% of GDP),10,sum,-0.007876956061330969,-0.01165724973752359,-0.0026140964548739083,0.014268307652134765,-0.007103313524185549,-0.009623137980156002,-0.004793265699647487,0.8571428571428571,True
gxi,tau_olds,World Stock Market Capitalisation (% of GDP),10,0,-0.00823182676133118,-0.012230157954651169,-0.0032696670972378484,0.012884412397817846,-0.007410952887229629,-0.009772413989505936,-0.005202603885585403,0.8571428571428571,True
gxi,tau_olds,World Stock Market Capitalisation (% of GDP),10,1,0.00034566841323375503,-0.00028355000993540735,0.0009350935412581942,0.0028059373749509614,0.00032557894161956485,4.486272682331755e-05,0.0005975409251335284,0.6571428571428571,True
gxi,tau_olds,China Total Manufacturing Output,11,sum,0.008042226682326962,-0.01435776256583138,0.026714959004600976,0.035702548901696815,0.007940281905523235,-0.0052840057602766815,0.020779084740537482,0.5714285714285714,False
gxi,tau_olds,China Total Manufacturing Output,11,0,0.007588204170751273,-0.014082652483461175,0.026702218752689532,0.03593584720906391,0.0077831592234822375,-0.0051328377248942535,0.020853076728653292,0.5714285714285714,False
gxi,tau_olds,China Total Manufacturing Output,11,1,-1.2884434437203731e-05,-0.00028797286406306676,0.00016389827720343913,0.0026152330435560665,-3.8257672921907395e-05,-0.00015683851297137942,9.070209555197157e-05,0.5142857142857142,False
gxi,tau_olds,Population,12,sum,0.0029064961225750306,-0.00081173297540706,0.005883775515538377,0.005629718423463119,0.002574590051981811,0.0007721904393834787,0.004340738493433959,0.6857142857142857,True
gxi,tau_olds,Population,12,0,0.0028294543379778275,-0.0007983478126456022,0.005897849945080833,0.005611356901284871,0.00255961291967937,0.0007753414370299882,0.004362086864703729,0.6857142857142857,True
gxi,tau_olds,Population,12,1,1.0571814896456377e-05,-3.138632080428707e-05,5.4209208265204353e-05,6.263828786405657e-05,6.74572206812125e-06,-2.3944008009231712e-05,3.318122243220055e-05,0.5714285714285714,False
gxi,frac_fu_new,Zinc real price,0,sum,0.0008236028791776311,-0.00027129370880362433,0.0021957016198525313,0.0029421233364616065,0.0008595952501453238,0.0002244253398507515,0.001571867035634343,0.6285714285714286,True
gxi,frac_fu_new,Zinc real price,0,0,0.0008429239201612666,-0.0004318423056655394,0.002139768164249314,0.002235390621979065,0.0008551323376853635,0.00012074530548187516,0.0016059444307880764,0.6857142857142857,True
gxi,frac_fu_new,Zinc real price,0,1,-1.0777860804535928e-05,-0.00017087261330898856,0.00016858732587988025,0.0014243600737206274,-4.930570424546216e-06,-0.00010747609609847663,9.560559743838761e-05,0.5142857142857142,False
gxi,frac_fu_new,Energy index,1,sum,0.0016851985728532901,-0.0004322107942127362,0.0036258130353832947,0.0053305721612472625,0.0015843819106899078,0.0004658312632638263,0.0026410212075006455,0.6857142857142857,True
gxi,frac_fu_new,Energy index,1,0,0.0018850447813043084,-0.00024232624482144427,0.003777000084860347,0.004860342504126431,0.0017788073252899218,0.0006945334573460415,0.0028606160701912615,0.6857142857142857,True
gxi,frac_fu_new,Energy index,1,1,-0.00017368965195184425,-0.00033882555468423253,-7.203474630079268e-05,0.0016193189526576737,-0.00019265648466738073,-0.00028283251383397396,-0.000117084884445222,0.8571428571428571,True
gxi,frac_fu_new,GDP,2,sum,-0.00040226023627098573,-0.003047187585532721,0.004016836693225827,0.00491208563890788,0.0002264273758827252,-0.0017057815194886816,0.0020720909852638796,0.5428571428571428,False
gxi,frac_fu_new,GDP,2,0,-0.000381446005991929,-0.0030659323316666494,0.004007513875240126,0.00493730051069452,0.00021389641756232097,-0.001717458766840771,0.0020691199647718183,0.5428571428571428,False
gxi,frac_fu_new,GDP,2,1,2.5463141710800886e-06,-5.092991025080668e-06,1.3016426256022179e-05,0.0001464787811174806,3.7563384773348817e-06,-8.151843195908417e-07,8.80539156745996e-06,0.5714285714285714,False
gxi,frac_fu_new,US Industrial Production Total Index,3,sum,-0.0006502588717699969,-0.0019434175083390879,0.0006389039435201283,0.002701839568628377,-0.0004217674715325802,-0.0011987110191152063,0.0004098025622027907,0.5714285714285714,False
gxi,frac_fu_new,US Industrial Production Total Index,3,0,-0.0005929594549369725,-0.0019436339388346398,0.0007804016613206741,0.002627786121141294,-0.0004203618684455147,-0.0011907837974607484,0.00043115729545408193,0.5714285714285714,False
gxi,frac_fu_new,US Industrial Production Total Index,3,1,-4.2380658472219646e-05,-0.0001470083914876683,7.693305700404912e-05,0.0003773061126877135,-2.6953274487930985e-05,-7.656210367288152e-05,1.966314081928391e-05,0.5714285714285714,False
gxi,frac_fu_new,EU28 Industrial Production Total Index,4,sum,0.0004906296388052902,-0.0005171444451359628,0.001785950832748248,0.0019904228319531695,0.0006116341800965056,-4.2258385480874584e-05,0.0013354292192052004,0.6,False
gxi,frac_fu_new,EU28 Industrial Production Total Index,4,0,0.0006109887009323994,-0.0005357047749430953,0.001791840270563901,0.0018981746021149715,0.0006317403879300542,-1.0988775761577776e-05,0.0013443856437678242,0.6,False
gxi,frac_fu_new,EU28 Industrial Production Total Index,4,1,-2.527020511400911e-05,-7.168050763150446e-05,5.4181207624677815e-05,0.0005563314181005029,-1.601827033530834e-05,-4.957304835375715e-05,2.0245995531531045e-05,0.6,False
gxi,frac_fu_new,China All Industry Value Added (Constant 2015 USD),5,sum,-0.002686275319406293,-0.01106222442005321,0.002739831260445366,0.014100346178950552,-0.0034758761978758612,-0.007493419518243848,0.00032567691907893037,0.6,False
gxi,frac_fu_new,China All Industry Value Added (Constant 2015 USD),5,0,-0.002692823887448177,-0.011023756783687742,0.0027211066373684263,0.013871385096916867,-0.0034692526879558944,-0.007377625175714905,0.00032596491880869903,0.6,False
gxi,frac_fu_new,China All Industry Value Added (Constant 2015 USD),5,1,-1.3240191492644394e-05,-9.106913174706464e-05,6.955267149921549e-05,0.0004986358922453684,-2.264100895844094e-05,-6.989293016177543e-05,2.6123446393432923e-05,0.5714285714285714,False
gxi,frac_fu_new,Producer Price Index of Non-ferrous Scrap,6,sum,-0.00010205130877553241,-0.00279217716245532,0.0036523505167095974,0.005546652486273228,0.0005229583191742516,-0.0009125169330554991,0.0022743189609804914,0.5428571428571428,False
gxi,frac_fu_new,Producer Price Index of Non-ferrous Scrap,6,0,-0.00020693251364386293,-0.002667535226012205,0.003571441986821206,0.004609179233926347,0.0005713485364207878,-0.0009298953540198282,0.0024726806277195804,0.5142857142857142,False
gxi,frac_fu_new,Producer Price Index of Non-ferrous Scrap,6,1,-5.448280430896415e-05,-0.0003361542941557351,9.720708190315598e-05,0.0017589314960043314,-0.00010289071830024262,-0.00020338184251253495,-1.3133905069019097e-06,0.6,True
gxi,frac_fu_new,Real Treatment Charges,7,sum,0.00020208099396959128,-0.0004004728296093939,0.0014474976861574558,0.0025181641844621216,0.0003437910322012025,-0.00019752228403452073,0.0009552499256815168,0.5428571428571428,False
gxi,frac_fu_new,Real Treatment Charges,7,0,0.00013675778125419284,-0.00040690257986267426,0.0014232294567127553,0.0020327297998320427,0.00035310146775603863,-0.00020458373623377313,0.0009579930340684377,0.5714285714285714,False
gxi,frac_fu_new,Real Treatment Charges,7,1,5.7679928165638756e-05,-0.000135482865660255,0.0001855185472948595,0.0015755559759506664,4.768713508357017e-05,-4.068107940567721e-05,0.00012610942909872656,0.6,False
gxi,frac_fu_new,Precious metal index,8,sum,-0.001101429173349196,-0.002470702531215373,0.00011541459958853422,0.004486065399694291,-0.0011185143311217213,-0.0020613290214740584,-0.00010015117131162128,0.7142857142857143,True
gxi,frac_fu_new,Precious metal index,8,0,-0.0009699466008264333,-0.0027619071047604166,0.00031942650160723257,0.004154328266759421,-0.001053665467308606,-0.0019335852527891091,-4.0600172209703594e-05,0.6857142857142857,True
gxi,frac_fu_new,Precious metal index,8,1,-0.00012143344179743735,-0.00031063586322672976,0.0002629847936691613,0.0009859037977083276,-7.58916373967854e-05,-0.00023394762058333984,7.313188654599971e-05,0.5714285714285714,False
gxi,frac_fu_new,Full metal real index,9,sum,0.0007642452454023578,-0.0010662283409391155,0.0019192539741044023,0.0038050673416627004,0.0005881397075529415,-0.00042457956267697393,0.0014346099765665857,0.6285714285714286,False
gxi,frac_fu_new,Full metal real index,9,0,0.0010851651323835383,-0.0007771015934793272,0.002035740995223099,0.002915028582684025,0.0007389258834819717,-0.000260480443158666,0.001596930395261821,0.6571428571428571,False
gxi,frac_fu_new,Full metal real index,9,1,-0.00012958082126832664,-0.00034303632876017936,-2.6338132367817036e-05,0.0016792203072837374,-0.00018017043605986452,-0.0002752420751927164,-8.983362263966372e-05,0.8285714285714286,True
gxi,frac_fu_new,World Stock Market Capitalisation (% of GDP),10,sum,-0.0007532472447585808,-0.002663059330431343,0.0015758256567996055,0.0048442053623630925,-0.0004801446610578676,-0.0014545931816447976,0.000573437337445064,0.5428571428571428,False
gxi,frac_fu_new,World Stock Market Capitalisation (% of GDP),10,0,-0.0008724547578536472,-0.002909140956450745,0.0013119631504406744,0.003845577188397746,-0.0006476938788188258,-0.0015797922215485811,0.000403672633675508,0.5714285714285714,False
gxi,frac_fu_new,World Stock Market Capitalisation (% of GDP),10,1,0.0001553884037244684,-2.565749016131475e-06,0.0003209323520747747,0.0012343158914190418,0.00014510250420368714,4.69782733750284e-05,0.00022759783626110313,0.7428571428571429,True
gxi,frac_fu_new,China Total Manufacturing Output,11,sum,-2.9162036216789922e-05,-0.007769053909859764,0.006600547063895044,0.012870895934031118,0.00010698021965026717,-0.0037979129964631083,0.0044324566470703205,0.5142857142857142,False
gxi,frac_fu_new,China Total Manufacturing Output,11,0,-0.00034069184659060237,-0.007584759259792028,0.006508176837153489,0.012479501472982792,0.00012976813391008728,-0.003895687161341488,0.004328150434410732,0.5142857142857142,False
gxi,frac_fu_new,China Total Manufacturing Output,11,1,5.6530092383563984e-05,-7.860666156246166e-05,0.00016630861427499577,0.0010867336202526434,5.045694596145113e-05,-2.2457845074240066e-05,0.0001225461381276222,0.6285714285714286,False
gxi,frac_fu_new,Population,12,sum,0.0002032143372359395,-0.0009421953809366693,0.0018220813128765618,0.0018666827176664533,0.00034949931464552857,-0.0002522451182210199,0.0012506270460823368,0.5428571428571428,False
gxi,frac_fu_new,Population,12,0,0.0002847431448737939,-0.0009618631659696024,0.0018381331262241666,0.0018421951697570045,0.00034826923163609107,-0.0002614450028827608,0.001256628843014826,0.5142857142857142,False
gxi,frac_fu_new,Population,12,1,-8.445677012303673e-07,-2.198090248497294e-05,1.8049315970520584e-05,3.827127969385195e-05,-6.297392990939678e-07,-1.350018081553035e-05,1.2823857333552452e-05,0.5142857142857142,False
gxi,frac_eu_new,Zinc real price,0,sum,0.0008699811364449048,-0.0002631943406301544,0.0013836062707905552,0.0024222097701217865,0.0006613756675352181,5.2408537668611555e-05,0.001107419178034929,0.7428571428571429,True
gxi,frac_eu_new,Zinc real price,0,0,0.0005718309941283803,-0.0002739535009335964,0.0014936228021371826,0.002182967612410668,0.0005737934499542381,2.9201706523462206e-05,0.001092462083610131,0.7428571428571429,True
gxi,frac_eu_new,Zinc real price,0,1,5.459935085125147e-05,-0.00010355795908311658,0.00011776809171838098,0.0008457289552940594,2.5203784175620576e-05,-3.9865362290615956e-05,9.173730375206741e-05,0.6,False
gxi,frac_eu_new,Energy index,1,sum,0.0009232645803013006,-0.0003045341197779757,0.0022377854360447077,0.0034168255660134267,0.0008552197791571147,5.739836803142758e-05,0.0015751433922197068,0.6857142857142857,True
gxi,frac_eu_new,Energy index,1,0,0.0010071852307084231,-0.00014524698792161856,0.002298107095036966,0.003301586151867915,0.0009756905477546133,0.00021020273946534068,0.0016713210710930437,0.7142857142857143,True
gxi,frac_eu_new,Energy index,1,1,-8.165411044179535e-05,-0.00020700090489447892,-2.4037531747303335e-05,0.0007611472214795208,-0.00010474576509119621,-0.00015832688392674774,-5.591879694167802e-05,0.8,True
gxi,frac_eu_new,GDP,2,sum,-5.685829222816369e-05,-0.0020880172260766246,0.0009902735401093538,0.002368215577114487,-0.0004129766483495968,-0.0011637860137901437,0.00037955551620250235,0.5714285714285714,False
gxi,frac_eu_new,GDP,2,0,-6.507897855890219e-05,-0.002088595180099171,0.000992985270755573,0.002369072647891951,-0.00040948762848806567,-0.0011667193053001446,0.00037751746332848816,0.5714285714285714,False
gxi,frac_eu_new,GDP,2,1,2.17656218872876e-06,-4.24443399173593e-06,8.182973567483705e-06,6.894120147299262e-05,1.81817354112522e-06,-2.006932729167711e-06,5.198624259733602e-06,0.5714285714285714,False
gxi,frac_eu_new,US Industrial Production Total Index,3,sum,-0.00017413373054786437,-0.0008928044072861495,0.00097799354233958,0.001669375894287932,-0.0001269222592952743,-0.0006346724340286535,0.0004488398989577316,0.5714285714285714,False
gxi,frac_eu_new,US Industrial Production Total Index,3,0,-0.00013750832023731494,-0.001055267420992261,0.000997059839935964,0.0016359256075190287,-0.0001427282973260313,-0.0006666250656449809,0.0004375182248180338,0.6571428571428571,False
gxi,frac_eu_new,US Industrial Production Total Index,3,1,3.1526087411160175e-05,-4.5427651330288976e-05,9.859542072641833e-05,0.0002922335353353924,3.523892994313876e-05,-6.277895388924677e-06,7.879952991943784e-05,0.6,False
gxi,frac_eu_new,EU28 Industrial Production Total Index,4,sum,-0.0006727435253438809,-0.0017746069621769462,0.0002598512876751191,0.0017197145394527234,-0.000656937466610911,-0.0012329326009671109,-7.037917428131678e-05,0.7142857142857143,True
gxi,frac_eu_new,EU28 Industrial Production Total Index,4,0,-0.0007628150744027628,-0.0017478985137014112,0.00030353579554484513,0.0015899963942165017,-0.0006572451539357417,-0.0012247224193170656,-6.935063789312952e-05,0.7142857142857143,True
gxi,frac_eu_new,EU28 Industrial Production Total Index,4,1,5.1283034815655045e-06,-2.8187494465261264e-05,3.664458676937e-05,0.0002010683309883971,6.162586079312946e-06,-1.2951259210861026e-05,2.5674332744593582e-05,0.5428571428571428,False
gxi,frac_eu_new,China All Industry Value Added (Constant 2015 USD),5,sum,0.0010269668188476217,-0.002615135127039906,0.0058556957314426115,0.0073973879595734,0.0010834098064351244,-0.0013144301621362123,0.003992641165645023,0.5428571428571428,False
gxi,frac_eu_new,China All Industry Value Added (Constant 2015 USD),5,0,0.000962353309892232,-0.0026996729913176063,0.005866634309224829,0.007418247542733342,0.0010847554771936678,-0.0013426926083904337,0.003981889856123732,0.5428571428571428,False
gxi,frac_eu_new,China All Industry Value Added (Constant 2015 USD),5,1,4.651494225976557e-06,-4.231785372755163e-05,8.396003702729497e-05,0.00032412274842130603,1.3887065149944055e-05,-1.5860393039163015e-05,4.423834082799715e-05,0.5428571428571428,False
gxi,frac_eu_new,Producer Price Index of Non-ferrous Scrap,6,sum,-0.00010464710515730542,-0.0008804705211122466,0.0011740454514635155,0.00264809931266211,-5.669430441963895e-05,-0.0008807147192472858,0.0006369887498760252,0.5142857142857142,False
gxi,frac_eu_new,Producer Price Index of Non-ferrous Scrap,6,0,3.5611662270707474e-05,-0.0008886980115372393,0.0012479389380591456,0.002016320324735822,-4.759063882148526e-06,-0.0008649445220682113,0.0006722292930176214,0.5142857142857142,False
gxi,frac_eu_new,Producer Price Index of Non-ferrous Scrap,6,1,-3.06636070626083e-05,-0.00019656584339779445,2.6673792598784897e-05,0.0009244132760729392,-3.680708372216814e-05,-0.0001245616539746796,9.46088688870114e-06,0.6571428571428571,False
gxi,frac_eu_new,Real Treatment Charges,7,sum,-0.000304308711281686,-0.0018538806121628248,0.0005955792611440458,0.0019535836134961368,-0.0004522442283643798,-0.0010489849168035853,0.00015096784636359437,0.6285714285714286,False
gxi,frac_eu_new,Real Treatment Charges,7,0,-0.00024743396079456,-0.001899083780445487,0.0007016288597489541,0.001810478341241157,-0.00046083861150256704,-0.0010640994457971754,0.00011382505766254052,0.6571428571428571,False
gxi,frac_eu_new,Real Treatment Charges,7,1,-1.5756626814031502e-05,-0.00010754366194206136,0.00011905389128995745,0.0009948475699391704,-3.6075306863342675e-06,-6.7647575544804e-05,5.253589618107969e-05,0.5142857142857142,False
gxi,frac_eu_new,Precious metal index,8,sum,2.689930931247227e-06,-0.001799529685344049,0.0016321083492648863,0.0030586850556056514,1.9114422913320412e-05,-0.0007925213941171362,0.0009300464152147987,0.5142857142857142,False
gxi,frac_eu_new,Precious metal index,8,0,-6.895685902494968e-05,-0.0014940149602709458,0.0018875489163711267,0.002848823686553685,7.132507418713084e-05,-0.0007978829922437344,0.0009597202831560872,0.5142857142857142,False
gxi,frac_eu_new,Precious metal index,8,1,-2.2146500129353483e-05,-0.0002676200294707789,0.00017804968721058634,0.0008148411960127927,-2.671086833949916e-05,-0.00013985348990374185,9.508437579894523e-05,0.5428571428571428,False
gxi,frac_eu_new,Full metal real index,9,sum,-0.0005093150870405959,-0.00169191882400136,0.000680914824803939,0.002635961403735379,-0.0004608558025664491,-0.0011171755193893507,0.0001445245431573435,0.6285714285714286,False
gxi,frac_eu_new,Full metal real index,9,0,-0.0003597366860706627,-0.0015931411292454218,0.0007954094578237526,0.002022062991648547,-0.0004303796727418923,-0.0010636600650100784,0.0002205844999445657,0.5714285714285714,False
gxi,frac_eu_new,Full metal real index,9,1,-5.026088660181751e-05,-0.00015438551255814815,6.051869181702056e-05,0.0007815762834932974,-4.4227575680904756e-05,-0.00010220785743134583,2.4742307059950547e-05,0.6285714285714286,False
gxi,frac_eu_new,World Stock Market Capitalisation (% of GDP),10,sum,-0.0013118307795307188,-0.0020187687147730886,-0.0001433813651116708,0.0024636037248190164,-0.0011606366485302179,-0.001772086223871869,-0.0005831642327391116,0.7714285714285715,True
gxi,frac_eu_new,World Stock Market Capitalisation (% of GDP),10,0,-0.0012018282992412297,-0.0019411825040040855,-0.0001584027768106687,0.002454414502188026,-0.0010810028008641304,-0.0016512963144537254,-0.0005194578151302954,0.7714285714285715,True
gxi,frac_eu_new,World Stock Market Capitalisation (% of GDP),10,1,-3.8231257727604565e-05,-0.00018988090148722652,2.7917633295092196e-05,0.0006031867010560238,-6.929012963390984e-05,-0.00013280958933258662,-1.9507809805358887e-05,0.6857142857142857,True
gxi,frac_eu_new,China Total Manufacturing Output,11,sum,0.001383336330883297,-0.003725414955921993,0.009545969751849664,0.008999970158332218,0.00213451842006723,-0.0010009474940093194,0.005427824765421937,0.5714285714285714,False
gxi,frac_eu_new,China Total Manufacturing Output,11,0,0.0013318761843949339,-0.003715885999149849,0.009584483140393247,0.008959929923918634,0.00218106699586057,-0.0009763289860764016,0.005429340709657093,0.5714285714285714,False
gxi,frac_eu_new,China Total Manufacturing Output,11,1,-2.8713434566815782e-06,-8.346679060718492e-05,5.153425857422864e-05,0.0006971620983922974,-1.3201768808552439e-05,-5.4664422253523166e-05,2.429440151584108e-05,0.5428571428571428,False
gxi,frac_eu_new,Population,12,sum,0.0002089732732122454,-0.0006938440373916624,0.0008352810703401768,0.0014173296346791774,0.00014668321247622172,-0.0002676596766211357,0.0005172063394114845,0.5714285714285714,False
gxi,frac_eu_new,Population,12,0,0.00024699222745132977,-0.0006921910212182895,0.000846314067227997,0.0014024648413066756,0.00014072940658844098,-0.0002613398774443973,0.0005308324049297168,0.5714285714285714,False
gxi,frac_eu_new,Population,12,1,-2.4591419965305172e-06,-1.5112932971805774e-05,1.4860604894125844e-05,2.3262726451116583e-05,-2.5534855421622395e-06,-1.0750165321276258e-05,6.162173637063842e-06,0.5714285714285714,False
gxi,f_cohort_10yr,Zinc real price,0,sum,-0.00035769819395996825,-0.0018469695189656482,0.005452939132678074,0.010498652459407,0.0010380929690095293,-0.0012641045812451367,0.0031835165949529063,0.5714285714285714,False
gxi,f_cohort_10yr,Zinc real price,0,0,-0.0010084618106023238,-0.003010022652231167,0.005353384454199666,0.007342453455992727,0.0007224118572079679,-0.0015268711388213775,0.0033637318885358413,0.5714285714285714,False
gxi,f_cohort_10yr,Zinc real price,0,1,-0.0002689910846873304,-0.0008262048735058938,0.0006703657687409396,0.005290092978424733,-0.00012249511240972668,-0.0005210202306759809,0.0003020784088322821,0.5714285714285714,False
gxi,f_cohort_10yr,Energy index,1,sum,-0.004807341349821738,-0.00745365100984203,-0.001124230524447858,0.015777992265416357,-0.004236680197878264,-0.006042510993911708,-0.0018956972658643132,0.7714285714285715,True
gxi,f_cohort_10yr,Energy index,1,0,-0.004289572829111721,-0.008033289806783264,-0.0010939469594546097,0.015135158431623505,-0.004194589059738455,-0.006003138510588677,-0.0018899065375377593,0.8,True
gxi,f_cohort_10yr,Energy index,1,1,-0.00020855866332925065,-0.0005212292763052508,0.0004503407127249612,0.004175833250440189,-0.00011772628640059461,-0.00037709054346209044,0.00017267696939867795,0.6,False
gxi,f_cohort_10yr,GDP,2,sum,0.005907064083499764,-0.004805984455100812,0.009251727337428042,0.012658342622757775,0.0038296482947823606,-0.00017712813204465508,0.008124275149890274,0.6285714285714286,False
gxi,f_cohort_10yr,GDP,2,0,0.005910118903442859,-0.0047862449516244965,0.00915384485952564,0.012638463933620253,0.0038275328141001153,-0.00019345594138290168,0.008086450268115709,0.6285714285714286,False
gxi,f_cohort_10yr,GDP,2,1,9.94681759589306e-06,-2.635723057939938e-05,6.773563979966031e-05,0.00032337372552452854,1.742557892937854e-05,-5.829114891867585e-06,4.046207526968339e-05,0.6,False
gxi,f_cohort_10yr,US Industrial Production Total Index,3,sum,-0.00019933617193550597,-0.0031979547510806675,0.001792046469174607,0.005776372148503535,-0.000433376620455019,-0.0025282768803760658,0.0011824161785710123,0.5714285714285714,False
gxi,f_cohort_10yr,US Industrial Production Total Index,3,0,-9.607521293260642e-05,-0.003029115471875433,0.0020169634561321673,0.005366945178765617,-0.000325696866111545,-0.0024803672423016057,0.0012415865807594373,0.5428571428571428,False
gxi,f_cohort_10yr,US Industrial Production Total Index,3,1,-3.0179398567714426e-05,-0.00017217304153897573,3.8596242803279674e-05,0.0007016614064163647,-5.341243681430649e-05,-0.00012264327364893475,2.770015317347663e-06,0.6,False
gxi,f_cohort_10yr,EU28 Industrial Production Total Index,4,sum,-0.0006900767813641078,-0.0035209795836240116,0.0015750201002215543,0.005471288378717108,-0.0005641038051563236,-0.0021505814310488975,0.0012144849226147052,0.5714285714285714,False
gxi,f_cohort_10yr,EU28 Industrial Production Total Index,4,0,-0.00048376012475876323,-0.0035067965656690172,0.0015467082005194313,0.0044065846103998885,-0.0005015072234669348,-0.0020747983870235387,0.0012181751334003903,0.5714285714285714,False
gxi,f_cohort_10yr,EU28 Industrial Production Total Index,4,1,-3.875914974077997e-05,-0.0001734678710206386,0.00011372536187657202,0.0009919657691194938,-3.9405537142854745e-05,-0.00010992995797349188,2.9568196270426214e-05,0.5428571428571428,False
gxi,f_cohort_10yr,China All Industry Value Added (Constant 2015 USD),5,sum,0.008643739983169052,-0.01212822776141238,0.027339012269933606,0.03373356289959634,0.006781541312014411,-0.004009339532573004,0.017065655405573955,0.6285714285714286,False
gxi,f_cohort_10yr,China All Industry Value Added (Constant 2015 USD),5,0,0.008559146813583903,-0.012496029679750224,0.02736845681263533,0.033360477198966766,0.006711469164397576,-0.004069078900237717,0.016954240751500222,0.6285714285714286,False
gxi,f_cohort_10yr,China All Industry Value Added (Constant 2015 USD),5,1,8.459316958514808e-05,-7.997407071639596e-05,0.0002080868999955539,0.001433035462038841,5.61126691398017e-05,-9.167717131423589e-05,0.00015195698008426436,0.5714285714285714,False
gxi,f_cohort_10yr,Producer Price Index of Non-ferrous Scrap,6,sum,0.0023169382579870173,-0.002630996322371802,0.01354640597374842,0.012604013712249293,0.00481058170614816,-1.5418079805327826e-05,0.010892400400665973,0.6,False
gxi,f_cohort_10yr,Producer Price Index of Non-ferrous Scrap,6,0,0.0012289708959228192,-0.0023590979642528786,0.013050474191281452,0.008717099866428376,0.0045005372494300346,-0.0003381647484145997,0.010730065733323541,0.5714285714285714,False
gxi,f_cohort_10yr,Producer Price Index of Non-ferrous Scrap,6,1,0.0001618912690354258,-0.00040196041042450404,0.0007376737960352255,0.00618690556964156,0.00025841007092503975,-9.542019920681462e-05,0.0006912685394159097,0.6571428571428571,False
gxi,f_cohort_10yr,Real Treatment Charges,7,sum,-0.00010867955191743846,-0.002081598273674396,0.0029309701156431008,0.007372973322281572,0.0003629291370833435,-0.0010501732643660737,0.0018115540012982561,0.5142857142857142,False
gxi,f_cohort_10yr,Real Treatment Charges,7,0,-0.0003241204650420952,-0.002319333663782636,0.0034380226246205495,0.005912026288958104,0.0002822141608346817,-0.001224736824560838,0.0019709854344849257,0.5428571428571428,False
gxi,f_cohort_10yr,Real Treatment Charges,7,1,-3.6435323778657686e-05,-0.0005930145574855447,0.00031119992427093237,0.004065250335089912,-4.517524317042085e-05,-0.0002736042790186518,0.00019682832665446256,0.5428571428571428,False
gxi,f_cohort_10yr,Precious metal index,8,sum,-0.0023747791220382767,-0.0043184260694080065,0.0012059552935319523,0.012753313204264075,-0.0019677510861111154,-0.003323470503887519,-0.00023986377366390734,0.7142857142857143,True
gxi,f_cohort_10yr,Precious metal index,8,0,-0.002951517340648811,-0.004784338989040195,0.0011848322131712695,0.009970477859294896,-0.0016774440016923192,-0.0036120205335391673,0.00033095585600044876,0.5714285714285714,False
gxi,f_cohort_10yr,Precious metal index,8,1,-0.00011525252760124869,-0.0006155108463979595,0.0004004321422210745,0.002546256331954486,-0.00010012674153209636,-0.0004886861206764256,0.0004145759482685195,0.5714285714285714,False
gxi,f_cohort_10yr,Full metal real index,9,sum,-0.001955715528329513,-0.005933557281551849,0.0019921096610708323,0.01138256987832224,-0.001674907283812789,-0.004033103198718253,0.0004507419339521454,0.6285714285714286,False
gxi,f_cohort_10yr,Full metal real index,9,0,-0.002527443640474096,-0.005269442117099583,0.002216689446800647,0.006454713116430576,-0.001525461747553608,-0.0037823464937007945,0.00087435031669712,0.5714285714285714,False
gxi,f_cohort_10yr,Full metal real index,9,1,-0.00045167448351210074,-0.0010772814271226782,0.00046262400910031064,0.006016869611183048,-0.00035344281812519366,-0.0007681039176338534,0.0001299462307158355,0.6571428571428571,False
gxi,f_cohort_10yr,World Stock Market Capitalisation (% of GDP),10,sum,-0.00012717855708771364,-0.006534083865167253,0.007091265161307889,0.01486586518690967,6.29559678150918e-05,-0.0034137270902206453,0.003347339671622118,0.5142857142857142,False
gxi,f_cohort_10yr,World Stock Market Capitalisation (% of GDP),10,0,0.0004281026882039682,-0.006131292644241338,0.0073280220921725855,0.014379023134440408,0.00040093723209065537,-0.002995688836870898,0.0035828424553364623,0.5142857142857142,False
gxi,f_cohort_10yr,World Stock Market Capitalisation (% of GDP),10,1,-0.0002791304571517988,-0.0006096351647666223,0.00029532957988839283,0.003589559296448535,-0.0002248400945780145,-0.0005188421628008269,1.894010906948816e-05,0.6571428571428571,False
gxi,f_cohort_10yr,China Total Manufacturing Output,11,sum,-0.010593695540756513,-0.0353445440821024,0.006262663119958527,0.03179036720163704,-0.013933651785175045,-0.028933259664124418,-0.002792698079028027,0.6571428571428571,True
gxi,f_cohort_10yr,China Total Manufacturing Output,11,0,-0.010505669788263719,-0.03474656498802617,0.005918275963702049,0.031822751510222194,-0.01404787610080313,-0.02875045019405528,-0.003149042220628587,0.6571428571428571,True
gxi,f_cohort_10yr,China Total Manufacturing Output,11,1,0.0001310178767187328,-0.0002188142322679072,0.0005523950156211285,0.0038702764148042883,0.00013121212119847467,-6.542805673538844e-05,0.00040080148477088305,0.5428571428571428,False
gxi,f_cohort_10yr,Population,12,sum,0.00046925001409348874,-0.002879337790777133,0.00285481800297634,0.004648893745406429,6.404032794846576e-05,-0.0018104735275079617,0.0017563632296984494,0.5428571428571428,False
gxi,f_cohort_10yr,Population,12,0,0.0005320467914220236,-0.002889162222720891,0.0027287796345099005,0.0045410626501613,3.911794655125572e-05,-0.001815084178412993,0.0017736907101219548,0.5142857142857142,False
gxi,f_cohort_10yr,Population,12,1,-1.1296785639248348e-06,-4.907319585546355e-05,4.271478834237537e-05,9.272729900136164e-05,-5.270189147784116e-06,-3.566121338580353e-05,2.358838749706058e-05,0.5142857142857142,False
gxi,f_cohort_20yr,Zinc real price,0,sum,-0.0008511573184966894,-0.005268243805573317,0.005548350309544609,0.015727494782903077,0.000225316331620589,-0.0030649279782514593,0.0031819897971412745,0.5142857142857142,False
gxi,f_cohort_20yr,Zinc real price,0,0,0.00022034744001363514,-0.004875038972840569,0.005668146620554646,0.01208472940257676,0.0007720588955043846,-0.0024939350469485705,0.003850991060595468,0.5142857142857142,False
gxi,f_cohort_20yr,Zinc real price,0,1,-0.0005018849640088293,-0.0013740865401456665,0.00037055499241863955,0.006937710661739168,-0.0005079528789270788,-0.001038015243801082,-5.978658191503901e-05,0.6,True
gxi,f_cohort_20yr,Energy index,1,sum,-0.0035374787770465926,-0.011573503969750633,0.012427315476330874,0.02827380415947276,-0.001172383223598611,-0.007005874292318673,0.0042605156930108495,0.5428571428571428,False
gxi,f_cohort_20yr,Energy index,1,0,-0.0028699611351247255,-0.010810745062151591,0.012744974448433748,0.02244355515337526,-0.0003671804042921214,-0.006028506431645372,0.005141085742949707,0.5142857142857142,False
gxi,f_cohort_20yr,Energy index,1,1,-0.0006967578621734591,-0.0017092395939106997,0.0002078857759720796,0.007678154681943028,-0.0007047480236495336,-0.0012509451824921408,-0.00019791851953620992,0.6857142857142857,True
gxi,f_cohort_20yr,GDP,2,sum,0.00036749405956866847,-0.017257286619195615,0.011371192071519733,0.022518435446085373,-0.0008518755724827532,-0.007905564041956623,0.005861741875554845,0.5428571428571428,False
gxi,f_cohort_20yr,GDP,2,0,0.0002536644430274152,-0.017218861219401284,0.0114740569750771,0.022685381733065935,-0.0008589231835479823,-0.007886420951432481,0.005891231352998805,0.5428571428571428,False
gxi,f_cohort_20yr,GDP,2,1,-9.825922491075935e-06,-4.75519327122019e-05,2.0396775887190338e-05,0.000589332139053623,-9.151693083794157e-06,-3.251693068334049e-05,1.6476052814372907e-05,0.5428571428571428,False
gxi,f_cohort_20yr,US Industrial Production Total Index,3,sum,0.00017521575078905982,-0.007261976662190344,0.005537304814173737,0.01441660909239435,-0.000292567285210299,-0.0035400990274818893,0.003231953752195073,0.5142857142857142,False
gxi,f_cohort_20yr,US Industrial Production Total Index,3,0,9.251256216177926e-05,-0.007597179499255531,0.004991531786900045,0.014132031863125713,4.26862593964298e-06,-0.003449165994057584,0.003171755017838086,0.5142857142857142,False
gxi,f_cohort_20yr,US Industrial Production Total Index,3,1,-4.0477488279771005e-05,-0.0004418690096134578,0.0003047953220385527,0.002008173682124515,-7.750488223165125e-05,-0.0002595684224765067,0.00013277549468853386,0.5142857142857142,False
gxi,f_cohort_20yr,EU28 Industrial Production Total Index,4,sum,0.0007873226519950047,-0.0032906372135552923,0.004563426456385398,0.008250300010975046,0.0007422618851601535,-0.0014778093428932193,0.003010952949316456,0.5142857142857142,False
gxi,f_cohort_20yr,EU28 Industrial Production Total Index,4,0,0.000954364596924154,-0.003333183564040442,0.0045119611813278886,0.008386480293956566,0.0007624250921737794,-0.0014801672310486337,0.0031199066429208853,0.5142857142857142,False
gxi,f_cohort_20yr,EU28 Industrial Production Total Index,4,1,1.2354651102305762e-05,-0.00020018006608986088,0.0002970052891708044,0.0015254733751041798,3.619213638565639e-05,-9.185697517599064e-05,0.00015864356559738585,0.5142857142857142,False
gxi,f_cohort_20yr,China All Industry Value Added (Constant 2015 USD),5,sum,-0.01583756649051875,-0.05286451614614185,0.016499754209821877,0.06121814507111756,-0.019502009253823185,-0.03787663451572289,-0.0027495139023384803,0.6285714285714286,True
gxi,f_cohort_20yr,China All Industry Value Added (Constant 2015 USD),5,0,-0.015438064157004295,-0.05263521186469705,0.016616703577255705,0.06078006065519923,-0.019457945267101966,-0.03789575949005653,-0.0030380729401377447,0.6285714285714286,True
gxi,f_cohort_20yr,China All Industry Value Added (Constant 2015 USD),5,1,-8.508261535406435e-06,-0.00038162162419077265,0.00034701919973855236,0.0023561602296406506,1.691362362550004e-05,-0.00016507324996487823,0.00020138095790439727,0.5142857142857142,False
gxi,f_cohort_20yr,Producer Price Index of Non-ferrous Scrap,6,sum,-0.0020631532771148192,-0.012346290840052008,0.013087588492665845,0.021871524393309905,-0.00046523440819678987,-0.006646540285991775,0.005530044412932134,0.5428571428571428,False
gxi,f_cohort_20yr,Producer Price Index of Non-ferrous Scrap,6,0,-0.001515723569761293,-0.011025265942514639,0.01525561735790272,0.02011131577859187,0.0002602116140081748,-0.005701574263806015,0.006529187100955082,0.5142857142857142,False
gxi,f_cohort_20yr,Producer Price Index of Non-ferrous Scrap,6,1,-0.0009598183700046262,-0.0014923059229840735,0.0002554571294583538,0.008842797568296878,-0.0008675520205248373,-0.0013469440148196762,-0.00024013761328708132,0.6857142857142857,True
gxi,f_cohort_20yr,Real Treatment Charges,7,sum,-0.0017011362703084087,-0.00791031182935798,0.004326182826958612,0.012793444322992408,-0.0019364608794029798,-0.004229984402984318,0.000840016847592872,0.5142857142857142,False
gxi,f_cohort_20yr,Real Treatment Charges,7,0,-0.0011635320855359476,-0.007590537568529684,0.004280561777981116,0.009177876213489608,-0.0019269942336490125,-0.004421212219253139,0.0006808648370599199,0.5714285714285714,False
gxi,f_cohort_20yr,Real Treatment Charges,7,1,-2.081988616780134e-05,-0.0006572905254501856,0.0005917145471717391,0.006140291959433432,3.0745612100652795e-05,-0.00032191382345362425,0.00036874660979144486,0.5142857142857142,False
gxi,f_cohort_20yr,Precious metal index,8,sum,-0.004886613070814722,-0.010844166376620942,0.004980496875254169,0.021425104898553753,-0.004247470174704184,-0.008267449060200039,0.0011967486180845836,0.6857142857142857,False
gxi,f_cohort_20yr,Precious metal index,8,0,-0.006474315587388058,-0.00945216699278537,0.0067761470026297815,0.0180171249879287,-0.0033424746188599553,-0.008455680851236387,0.00169237767839258,0.6285714285714286,False
gxi,f_cohort_20yr,Precious metal index,8,1,-0.00043584582621464805,-0.002765052484875788,0.0011174903383775713,0.006275611515073942,-0.0007372442774942246,-0.0016353752235601586,0.0001405267937832159,0.6285714285714286,False
gxi,f_cohort_20yr,Full metal real index,9,sum,-0.0018607663151890522,-0.006335797757365985,0.004630928724148395,0.015923350973853605,-0.0013263647272854224,-0.004371047458878859,0.0018749459869320828,0.6,False
gxi,f_cohort_20yr,Full metal real index,9,0,-0.0018917679570504393,-0.006300734161520734,0.004763536431900878,0.01219727210149963,-0.0011936921830257333,-0.0043769678232589305,0.0023303973109693333,0.6285714285714286,False
gxi,f_cohort_20yr,Full metal real index,9,1,-0.0008738369280505713,-0.0016301157438733515,7.067001102364395e-05,0.007091284484974948,-0.0007550177411451364,-0.0013000613124116464,-6.02113005320256e-05,0.6857142857142857,True
gxi,f_cohort_20yr,World Stock Market Capitalisation (% of GDP),10,sum,-0.002230858765127357,-0.009253723266380144,0.005074233147154326,0.020654881908471538,-0.0014665210436588048,-0.0054146789598058884,0.0029559411247586827,0.5714285714285714,False
gxi,f_cohort_20yr,World Stock Market Capitalisation (% of GDP),10,0,-0.0012494944857675942,-0.01013776185716839,0.00500378311846556,0.015915946319685882,-0.0011574282760552167,-0.004953877175021304,0.0032588528514403293,0.5428571428571428,False
gxi,f_cohort_20yr,World Stock Market Capitalisation (% of GDP),10,1,-0.00013595505415465813,-0.0008678037714117449,0.0009944014353577277,0.004851673586839402,-5.7760064962750974e-05,-0.0005186281141557732,0.0004701395189728337,0.5714285714285714,False
gxi,f_cohort_20yr,China Total Manufacturing Output,11,sum,0.0011162674011942768,-0.04616304586447105,0.02914997412221411,0.056840993415073725,-0.0027507677479522447,-0.023876627151853333,0.015637477667183094,0.5142857142857142,False
gxi,f_cohort_20yr,China Total Manufacturing Output,11,0,-5.036274989331998e-05,-0.04609263560549404,0.029231028668866104,0.057476601244721204,-0.0032308574457224045,-0.023591310569550907,0.015490471203310116,0.5142857142857142,False
gxi,f_cohort_20yr,China Total Manufacturing Output,11,1,-2.5552581746274544e-05,-0.0005129928089134149,0.0004093862712513047,0.005209643155609394,-9.342108145990684e-06,-0.0002967250660062449,0.0002460353971784873,0.5142857142857142,False
gxi,f_cohort_20yr,Population,12,sum,0.002138118537357397,-0.0023081322704085706,0.006598107459174836,0.008909910082996814,0.0022471271418988423,-0.0007813302340760348,0.005200982954156552,0.6285714285714286,False
gxi,f_cohort_20yr,Population,12,0,0.002135943030221553,-0.0023941188728504896,0.006552648318721028,0.008791927801780355,0.002258746746823989,-0.0007842450062116985,0.005134910264993147,0.6285714285714286,False
gxi,f_cohort_20yr,Population,12,1,2.1755071358439615e-06,-8.079542222051565e-05,5.311633862591882e-05,0.00014014971673948106,-4.4813023420332435e-06,-5.134892352265818e-05,3.399409908717831e-05,0.5142857142857142,False
gxi,f_cohort_44yr,Zinc real price,0,sum,0.00023572220445610277,-0.006930291016975376,0.005979393005951907,0.022617779775273,-0.0007897019977960492,-0.004929554926660999,0.0031882075433798908,0.5142857142857142,False
gxi,f_cohort_44yr,Zinc real price,0,0,-0.002084027152544312,-0.008369693067669659,0.00640380468136168,0.016522783605628887,-0.0014980036272932286,-0.006053121176794216,0.0029432198619686483,0.5714285714285714,False
gxi,f_cohort_44yr,Zinc real price,0,1,0.00045682491503901205,-0.0010295037284073847,0.0020021270350784512,0.010357735620087996,0.0005534339201059676,-0.00010754857549092855,0.0013163494160090498,0.6,False
gxi,f_cohort_44yr,Energy index,1,sum,0.003580097850606552,-0.01143459605058641,0.01547869578308063,0.03505290238565112,0.0036011998561449312,-0.0023576341433132805,0.009593658072828746,0.6,False
gxi,f_cohort_44yr,Energy index,1,0,0.0018346877398122893,-0.011442607198498288,0.015344861599651927,0.03294148838842213,0.0025346135655799308,-0.003356553346361995,0.00862330605112575,0.5428571428571428,False
gxi,f_cohort_44yr,Energy index,1,1,0.0008619510475425512,-0.0001092340117875219,0.0017370509620341175,0.010128002265926398,0.0008509717442868705,0.0002764056354590714,0.0014295177140989618,0.6857142857142857,True
gxi,f_cohort_44yr,GDP,2,sum,-0.006151780037683931,-0.020203334027756148,0.012438956232892272,0.024282731451626266,-0.0036239217695106713,-0.012200873892048613,0.003866690379631205,0.5142857142857142,False
gxi,f_cohort_44yr,GDP,2,0,-0.006148963436433652,-0.020334253046893118,0.012516087975006293,0.024065614456518065,-0.0036324258397095396,-0.01223685013394699,0.003888854193646662,0.5142857142857142,False
gxi,f_cohort_44yr,GDP,2,1,-2.4448272809981196e-05,-6.115494638730066e-05,6.355340641818339e-05,0.0007577919363375408,-9.77970108377915e-06,-4.498120027623724e-05,2.4939459952970015e-05,0.5714285714285714,False
gxi,f_cohort_44yr,US Industrial Production Total Index,3,sum,0.0018009974138377175,-0.0064033972998730725,0.0083013190152295,0.017099566869565007,0.0012621562474431115,-0.003341295960051592,0.005642993759297767,0.5714285714285714,False
gxi,f_cohort_44yr,US Industrial Production Total Index,3,0,0.0010486744921554179,-0.006206968827065867,0.007873600476698581,0.01681200422523621,0.0009474090776498864,-0.003412260788141756,0.005540114720345392,0.5714285714285714,False
gxi,f_cohort_44yr,US Industrial Production Total Index,3,1,4.431371499934685e-05,-0.00021872164814019484,0.0005073438042567475,0.0018108006809928554,0.000134586016294977,-7.48873884976111e-05,0.0003307205701694182,0.5714285714285714,False
gxi,f_cohort_44yr,EU28 Industrial Production Total Index,4,sum,-0.0012245750813817166,-0.00664736314310426,0.0052527616261329665,0.012725750172374168,-0.0008897294069181595,-0.00480173082758641,0.00197384332116005,0.5428571428571428,False
gxi,f_cohort_44yr,EU28 Industrial Production Total Index,4,0,-0.0014427565604720205,-0.006417515804920396,0.005053082045675424,0.011359410969019736,-0.0008966891291503875,-0.004793223313235508,0.0019018336517902315,0.5428571428571428,False
gxi,f_cohort_44yr,EU28 Industrial Production Total Index,4,1,6.146156857606424e-05,-0.00029032098810896927,0.0002522993391226204,0.0018621598771848325,9.058768994247681e-06,-0.00013950371736295438,0.0001490648228750998,0.5428571428571428,False
gxi,f_cohort_44yr,China All Industry Value Added (Constant 2015 USD),5,sum,0.02260869049731435,-0.018963166428915948,0.05867697266712492,0.08878639739052852,0.018799593875516798,-0.0035103316539164837,0.04032145072547239,0.6571428571428571,False
gxi,f_cohort_44yr,China All Industry Value Added (Constant 2015 USD),5,0,0.02183517178842851,-0.018502931850663137,0.05887805631535328,0.08826501539089543,0.018440940763109256,-0.003485034009695097,0.04025746148832054,0.6285714285714286,False
gxi,f_cohort_44yr,China All Industry Value Added (Constant 2015 USD),5,1,4.763932346006647e-05,-0.000521190297751771,0.0005998579829113893,0.003178670775307869,-4.954804598912555e-06,-0.00027921536042882424,0.00022312415058944125,0.5142857142857142,False
gxi,f_cohort_44yr,Producer Price Index of Non-ferrous Scrap,6,sum,-0.0063077279142750185,-0.021017950820479088,0.0055385075612804716,0.030580787550146503,-0.006232493015076129,-0.01392247044353071,0.0013605342172334498,0.6,False
gxi,f_cohort_44yr,Producer Price Index of Non-ferrous Scrap,6,0,-0.007314656236882158,-0.02165470778371669,0.004496614627500123,0.02286787620625205,-0.00671771187086365,-0.014168305198247171,0.0009510094981682454,0.5714285714285714,False
gxi,f_cohort_44yr,Producer Price Index of Non-ferrous Scrap,6,1,0.00023201794664862892,-0.0010894421690205193,0.0017807636456668523,0.008744667910921617,0.00028914491374664803,-0.0004512657340572329,0.0011056894366736402,0.5428571428571428,False
gxi,f_cohort_44yr,Real Treatment Charges,7,sum,0.0012259362052751044,-0.005075613387670985,0.006968531788165964,0.01881115071354675,0.0009161082109553142,-0.0021703991948433406,0.004040454036166742,0.5428571428571428,False
gxi,f_cohort_44yr,Real Treatment Charges,7,0,0.0013953718859673098,-0.005430909633800739,0.006098067185705084,0.009199796065353136,0.0007366755712679356,-0.0022703223958685714,0.004045767027782719,0.5142857142857142,False
gxi,f_cohort_44yr,Real Treatment Charges,7,1,-0.00022308725734932893,-0.0008060288570725117,0.0005952691853147694,0.008027054973285905,-9.575400379142302e-05,-0.00045586926638486157,0.0003065784557284802,0.5714285714285714,False
gxi,f_cohort_44yr,Precious metal index,8,sum,0.005355651505460019,-0.005820510006257998,0.011780973777485083,0.024398094362745266,0.003950609887705335,-0.0015964226610985619,0.008773387307182322,0.6,False
gxi,f_cohort_44yr,Precious metal index,8,0,0.005493736437533532,-0.008583951098794649,0.011545376628555214,0.02241437312726278,0.0027021670125879768,-0.002399135367019035,0.008265674193735912,0.5714285714285714,False
gxi,f_cohort_44yr,Precious metal index,8,1,0.000500012974294838,-0.0010572853677320692,0.0033787419320734716,0.007758014433232749,0.0008569525980167763,-0.0004285181329363953,0.0020317394151777145,0.5714285714285714,False
gxi,f_cohort_44yr,Full metal real index,9,sum,0.003114407332893544,-0.0046071049223685295,0.009695506635600516,0.020208711093482545,0.002976214626596702,-0.0011388498273530298,0.006595393387398075,0.6571428571428571,False
gxi,f_cohort_44yr,Full metal real index,9,0,0.002307850357590232,-0.0048425649125877655,0.008406646112235863,0.012065800556000284,0.0020574133744160816,-0.0017936622205931593,0.005727177604047046,0.6,False
gxi,f_cohort_44yr,Full metal real index,9,1,0.0009548962230188229,-0.0008165153473899568,0.0020776035490752695,0.01077684519879992,0.0008860021042714344,-7.736379879370132e-05,0.0015712265304571602,0.7142857142857143,False
gxi,f_cohort_44yr,World Stock Market Capitalisation (% of GDP),10,sum,0.0022780747068698514,-0.0072722138994074995,0.011462032298997381,0.030588530584412632,0.0013412657305282027,-0.004610596843552179,0.0065532838618354095,0.5428571428571428,False
gxi,f_cohort_44yr,World Stock Market Capitalisation (% of GDP),10,0,0.0018897151988446625,-0.00791461592172052,0.011349851576848907,0.0243003955865303,0.0010263803315598817,-0.004727274918224845,0.006110155602440081,0.5428571428571428,False
gxi,f_cohort_44yr,World Stock Market Capitalisation (% of GDP),10,1,-2.6347400174841357e-05,-0.0004854079484700676,0.001174637855540692,0.0057966614495847885,0.0002832091164081942,-0.0002939353796903863,0.0008576289193739659,0.5142857142857142,False
gxi,f_cohort_44yr,China Total Manufacturing Output,11,sum,0.016780524092853355,-0.01759748527266767,0.06195383006363955,0.07282649617035322,0.02089412597142438,-0.0008160938396503184,0.04274022567848101,0.7142857142857143,False
gxi,f_cohort_44yr,China Total Manufacturing Output,11,0,0.016007498934899965,-0.017920109658279473,0.06230112991848355,0.07194067614028858,0.021145257871501868,-0.0008074682959966946,0.04298162565850672,0.7142857142857143,False
gxi,f_cohort_44yr,China Total Manufacturing Output,11,1,-7.870472666826759e-05,-0.0005956978645524796,0.00042304519262039537,0.007157224167433879,-0.00013196881079685229,-0.0004533267343244044,0.00015182415546286416,0.5714285714285714,False
gxi,f_cohort_44yr,Population,12,sum,-0.0031779297343809327,-0.008321000275946098,0.007446016447412905,0.01139174320575361,-0.002746842726944151,-0.006156789915781551,0.002107445474278727,0.6571428571428571,False
gxi,f_cohort_44yr,Population,12,0,-0.0031134592538746434,-0.008272628060564167,0.007311588112863428,0.011169663822489411,-0.002738292533430994,-0.0060943193077050845,0.0020653902245389693,0.6285714285714286,False
gxi,f_cohort_44yr,Population,12,1,-1.8072314149873808e-05,-7.1235681730251e-05,0.00012148451425207418,0.00018980439791289403,1.3624767513811919e-05,-4.5108855042367126e-05,5.855084065218274e-05,0.5142857142857142,False
ig,alpha_cc,Zinc real price,0,sum,0.028056503147688306,-0.04532790889780036,0.08816321582280662,0.12341970403665074,0.026895678414880997,-0.009204431434600514,0.059001473227896124,0.6285714285714286,False
ig,alpha_cc,Zinc real price,0,0,0.04748756717122514,-0.03598238369758525,0.10958619641821749,0.11765960245876272,0.044930945581716716,0.005175403093089551,0.07995007502988313,0.6857142857142857,True
ig,alpha_cc,Zinc real price,0,1,-0.020286426826057614,-0.026662084242337576,-0.009204552347846085,0.0789518180540845,-0.018169025006623044,-0.02273206090521336,-0.013495149817310783,0.9142857142857143,True
ig,alpha_cc,Energy index,1,sum,0.033774980688152836,-0.01281300134414552,0.1403705445571198,0.15652858728324487,0.045676191188282395,0.005106440470116429,0.09627377329644796,0.6857142857142857,True
ig,alpha_cc,Energy index,1,0,0.04234399842439135,-0.003307108495269065,0.14859437378893853,0.14015810887142732,0.04833537970949439,0.008693224556520347,0.09895421412116912,0.7142857142857143,True
ig,alpha_cc,Energy index,1,1,-0.005271127855296207,-0.008859700121909377,0.004312790717395774,0.0354405269837034,-0.0034630393445174135,-0.007184869707435242,-0.00038241014912073325,0.6285714285714286,True
ig,alpha_cc,GDP,2,sum,0.2819313035568456,0.13792858580586603,0.5516838692293391,0.4605002343176321,0.32689449453866737,0.20291289742661106,0.4256578929660365,0.8285714285714286,True
ig,alpha_cc,GDP,2,0,0.28279212894744277,0.13803138671892584,0.5515616334629705,0.4596693830859066,0.32701014183315624,0.2030876995437685,0.42570569799478286,0.8285714285714286,True
ig,alpha_cc,GDP,2,1,1.415696674489347e-05,-0.000883566262813791,0.0006278069914403793,0.005505391471544852,-9.272190814661185e-05,-0.000480693343703238,0.0004012662477518537,0.5142857142857142,False
ig,alpha_cc,US Industrial Production Total Index,3,sum,0.1496791172192311,0.053534949234490856,0.2619237377726463,0.2352657061181139,0.16812077034614878,0.11343623462369061,0.22896751538357166,0.8571428571428571,True
ig,alpha_cc,US Industrial Production Total Index,3,0,0.1652651253238067,0.06367728487201638,0.26544897929713646,0.23974636389206977,0.17421912651792965,0.11825103474897994,0.23377795295626663,0.8571428571428571,True
ig,alpha_cc,US Industrial Production Total Index,3,1,-0.005295819322544517,-0.011460962723258375,-0.0007896654553937431,0.021197824623050088,-0.0062052851235731305,-0.008923898581775582,-0.003365230712813759,0.7428571428571429,True
ig,alpha_cc,EU28 Industrial Production Total Index,4,sum,0.17018528404596275,0.0780215721354451,0.27174003633933785,0.21830293051118282,0.17130725195918364,0.12197699065071027,0.22272802078230006,0.9142857142857143,True
ig,alpha_cc,EU28 Industrial Production Total Index,4,0,0.17211868193618168,0.07888171488117865,0.2737996109334578,0.2148188584384588,0.1733119374660887,0.12361053180763497,0.22220921757708417,0.9142857142857143,True
ig,alpha_cc,EU28 Industrial Production Total Index,4,1,-0.0006315186640018092,-0.0020595745941199527,0.0010320373375680503,0.014648719216991974,-0.0005806245253135894,-0.0014054885787716396,0.0002513409482337262,0.6,False
ig,alpha_cc,China All Industry Value Added (Constant 2015 USD),5,sum,0.2744588674461398,-0.20607440556110423,1.3175060303126354,1.1808975893341418,0.40456550315944717,0.013385908560432647,0.8738002800550135,0.6571428571428571,True
ig,alpha_cc,China All Industry Value Added (Constant 2015 USD),5,0,0.26038223124278537,-0.20545831281521837,1.3081266894506594,1.1768773321537078,0.39744052220619114,0.00289491124489627,0.859191482507616,0.6571428571428571,True
ig,alpha_cc,China All Industry Value Added (Constant 2015 USD),5,1,0.007976187944904308,-0.002416683229384286,0.016279813575527775,0.03522534760280508,0.007302452425322347,0.0029705072655364087,0.011824750123988457,0.7142857142857143,True
ig,alpha_cc,Producer Price Index of Non-ferrous Scrap,6,sum,-0.14922951347859234,-0.3466882573236405,-0.08312065990523693,0.2058955520831205,-0.18634309472020527,-0.27610556397885766,-0.11836887771549542,0.8571428571428571,True
ig,alpha_cc,Producer Price Index of Non-ferrous Scrap,6,0,-0.15569997540829,-0.3450735391382041,-0.08349661489537699,0.19455413232820273,-0.190285300438422,-0.28500901496861814,-0.12425463486963141,0.8571428571428571,True
ig,alpha_cc,Producer Price Index of Non-ferrous Scrap,6,1,0.005540627645181833,-0.002975297382323906,0.015016316455664236,0.04715134538021824,0.006017567624808191,0.0008421953832735809,0.011669781983885115,0.6857142857142857,True
ig,alpha_cc,Real Treatment Charges,7,sum,0.17303707660554807,0.12399418536832937,0.2818490408921315,0.23917393427248546,0.19180776943517353,0.15107521248453443,0.23433898414288956,0.9714285714285714,True
ig,alpha_cc,Real Treatment Charges,7,0,0.1721139150189864,0.12627022130296411,0.2745318073088795,0.23205916217930658,0.18616128466382909,0.14929304951855776,0.22788847787370609,0.9714285714285714,True
ig,alpha_cc,Real Treatment Charges,7,1,0.004484562220355174,-0.002846148310661251,0.01271263675077286,0.08326128771758508,0.004407912408078928,0.00013420807991004497,0.008336424564237402,0.6,True
ig,alpha_cc,Precious metal index,8,sum,0.3341297637363353,0.17817416471548053,0.46195558840698037,0.533305198030027,0.32776280951574494,0.24915978021985916,0.4077863683784041,0.9428571428571428,True
ig,alpha_cc,Precious metal index,8,0,0.3440395687359823,0.18132034320138446,0.5164385481221225,0.5519862765454411,0.36250837603728164,0.27398948624541675,0.444242798567,0.9428571428571428,True
ig,alpha_cc,Precious metal index,8,1,-0.034653851431950836,-0.04859205899746115,-0.010448326459999784,0.08868466729043158,-0.03162597133480196,-0.0408954966770816,-0.02179112369321285,0.8571428571428571,True
ig,alpha_cc,Full metal real index,9,sum,0.017340752199285006,-0.05820484812221695,0.10167145978715102,0.13259549720693903,0.02763124010225103,-0.021903883930972815,0.07155667176791615,0.6,False
ig,alpha_cc,Full metal real index,9,0,0.028674079565757172,-0.06336199411031194,0.09889921511073119,0.10892783857651511,0.021210787952655165,-0.027539975692765735,0.07201496719601473,0.6,False
ig,alpha_cc,Full metal real index,9,1,0.0004786441384156664,-0.008406283359137658,0.018132758746012605,0.062409998857514457,0.004681761665655186,-0.0023324542417229492,0.009712402342470445,0.5428571428571428,False
ig,alpha_cc,World Stock Market Capitalisation (% of GDP),10,sum,0.16622947034483815,0.010847410769920051,0.249429826993229,0.24019840669779685,0.14028826569220826,0.09017842942912993,0.19379507299701562,0.7714285714285715,True
ig,alpha_cc,World Stock Market Capitalisation (% of GDP),10,0,0.14796723160691483,0.03735335748027259,0.2450075773394562,0.22483615269591412,0.14497181356233108,0.09795276726032039,0.19213975994328863,0.8,True
ig,alpha_cc,World Stock Market Capitalisation (% of GDP),10,1,-0.0026039803055206492,-0.012352983471225178,0.002511015698471,0.046181561703409604,-0.003379435743536896,-0.008890918971274921,0.0003152182589722611,0.6,False
ig,alpha_cc,China Total Manufacturing Output,11,sum,0.07645402278374178,-0.8395107728016832,0.5329241725157707,0.6309451493031334,-0.0750476904206876,-0.6396262655661054,0.25699829602859037,0.5428571428571428,False
ig,alpha_cc,China Total Manufacturing Output,11,0,0.07299786317689005,-0.8338847938890794,0.5424064099199021,0.6399147622342488,-0.0769176763266089,-0.6379272305364303,0.25849657418020927,0.5428571428571428,False
ig,alpha_cc,China Total Manufacturing Output,11,1,-0.0016447473287612715,-0.005112626918638554,0.0015154872816527634,0.03677713024214875,-0.0018940208409203895,-0.0040000946438047405,-0.00015183262284916804,0.6,True
ig,alpha_cc,Population,12,sum,-0.0255586437461441,-0.1300879959149714,0.14778017145341849,0.18208650454707315,0.009910311807855579,-0.06087289718969212,0.08147872147234503,0.5142857142857142,False
ig,alpha_cc,Population,12,0,-0.028986037862707703,-0.12972821082554237,0.14604968261029538,0.18453693732012072,0.009627280477169691,-0.06171678765897799,0.0811800503856197,0.5142857142857142,False
ig,alpha_cc,Population,12,1,0.0008015672314968363,-0.0005604402427777517,0.0023661794932267896,0.0019084647782117443,0.0009355542508101386,0.00019221296075310357,0.0017656761766588994,0.6857142857142857,True
ig,alpha_refc,Zinc real price,0,sum,0.4093954358292546,0.20088421036456622,0.5905918511454749,0.5566923692640338,0.40036140297335426,0.2994187822312018,0.522252512402243,0.9428571428571428,True
ig,alpha_refc,Zinc real price,0,0,0.423589554054029,0.18912548459349227,0.6123357555801779,0.6039570158663424,0.4156541746012681,0.30234005707032835,0.5441533858974151,0.9142857142857143,True
ig,alpha_refc,Zinc real price,0,1,-0.011801903997785019,-0.03543375186128338,0.015340471425900299,0.11670642040055565,-0.010239168187355444,-0.02384176428469272,0.003345799309763319,0.6285714285714286,False
ig,alpha_refc,Energy index,1,sum,0.4558024655407997,0.03016321621583731,0.6576936898486669,0.8229546907765106,0.36148246665163253,0.2070059778108274,0.5261005890680682,0.7714285714285715,True
ig,alpha_refc,Energy index,1,0,0.4340718376958466,-0.020032650111751496,0.6200825900822224,0.735210214100752,0.3291407254401778,0.17178867146519922,0.4993849607282554,0.7142857142857143,True
ig,alpha_refc,Energy index,1,1,0.029095894357818765,0.003680506055664218,0.05686438133975245,0.14518243033191577,0.030441802621740635,0.01835981783377931,0.042935918421516804,0.8,True
ig,alpha_refc,GDP,2,sum,0.832292903334946,0.10882948005052877,1.6515339493893912,1.3385636422981821,0.8587635595883331,0.4294130919757323,1.2913567575377232,0.8,True
ig,alpha_refc,GDP,2,0,0.8373834113724531,0.11819537521845809,1.6505947270682717,1.3323123851419372,0.8584955345208648,0.4336933587002012,1.2909246589564165,0.8,True
ig,alpha_refc,GDP,2,1,-0.0035984992602869034,-0.005607615193525664,0.002042146702023116,0.030951616989452136,-0.002585230102545884,-0.0043333485909073785,0.00041034837964190217,0.6571428571428571,False
ig,alpha_refc,US Industrial Production Total Index,3,sum,0.6561963822050005,0.3104386338974327,1.1920750320087894,0.9516012672831433,0.740919431145568,0.5510460434330382,0.9394767921262124,0.9428571428571428,True
ig,alpha_refc,US Industrial Production Total Index,3,0,0.6807173169569936,0.315785236670471,1.1857193169925146,0.9379020885918123,0.7385190535489495,0.5507131251980208,0.9372338124201945,0.9428571428571428,True
ig,alpha_refc,US Industrial Production Total Index,3,1,0.007090300273452185,-0.013389154772488743,0.015709196985310835,0.057661931160977974,0.0044856518797640795,-0.0031319807561718295,0.012490625695883488,0.6285714285714286,False
ig,alpha_refc,EU28 Industrial Production Total Index,4,sum,0.5126226715403929,0.3091753906614666,0.7145733309847102,0.6752282180688761,0.5211829644336227,0.3974961007664719,0.6954077029021712,0.9428571428571428,True
ig,alpha_refc,EU28 Industrial Production Total Index,4,0,0.5010707356223847,0.3039606467434426,0.7034522020444882,0.6394344180219893,0.5111040937575022,0.38767444789895406,0.683648105307368,0.9142857142857143,True
ig,alpha_refc,EU28 Industrial Production Total Index,4,1,0.009519713275148398,0.007416548474088543,0.013266825429488857,0.20685323133715663,0.010131201685281144,0.008688838622693672,0.01167603922968454,1.0,True
ig,alpha_refc,China All Industry Value Added (Constant 2015 USD),5,sum,3.053038791940365,-0.1649155659194384,3.8110653920444175,3.5791896054059174,2.1828678703938422,1.1309593407096978,3.289032941294745,0.7428571428571429,True
ig,alpha_refc,China All Industry Value Added (Constant 2015 USD),5,0,3.0174351397097245,-0.16176673970998834,3.792462142435327,3.5151285227599387,2.1699185028002317,1.12268036431819,3.257072892751607,0.7428571428571429,True
ig,alpha_refc,China All Industry Value Added (Constant 2015 USD),5,1,0.016081443355344477,-0.001862646793755223,0.03151330851004948,0.0892930721280269,0.015280297894188964,0.006072619952779036,0.026687269285274276,0.6857142857142857,True
ig,alpha_refc,Producer Price Index of Non-ferrous Scrap,6,sum,-0.8196579350499757,-1.3032696641349153,-0.3131775180218003,1.1142149530477223,-0.8692826940970202,-1.1396391373564028,-0.5747473286735714,0.8857142857142857,True
ig,alpha_refc,Producer Price Index of Non-ferrous Scrap,6,0,-0.8160455361702231,-1.2686168590913982,-0.26423136256821167,1.0645106721218955,-0.8287700588360604,-1.0988768968314166,-0.5324261180254501,0.8857142857142857,True
ig,alpha_refc,Producer Price Index of Non-ferrous Scrap,6,1,-0.038177331442859085,-0.06793207063214857,-0.004046788344735322,0.2321202472185017,-0.039020450630396664,-0.05306680629000646,-0.02305637033941573,0.8,True
ig,alpha_refc,Real Treatment Charges,7,sum,0.047641813715127705,-0.04755263148012835,0.3602529255871224,0.555811227559631,0.10091586349803885,-0.005097108127732737,0.2262938328417066,0.6285714285714286,False
ig,alpha_refc,Real Treatment Charges,7,0,0.05539870263574065,-0.08327280376947979,0.29845110081379866,0.35881680935379195,0.061847958930935504,-0.03992707699951949,0.17703895010748508,0.5714285714285714,False
ig,alpha_refc,Real Treatment Charges,7,1,0.0438271634468498,0.02226433908889237,0.07005318480453793,0.4748905840019916,0.04399923255114342,0.03061784190185042,0.056110654327041654,0.8571428571428571,True
ig,alpha_refc,Precious metal index,8,sum,0.22004859727538584,-0.12192613328042914,0.5408731243038383,0.5760036579878097,0.2155959050831732,0.033793790369514395,0.3875166773699178,0.6285714285714286,True
ig,alpha_refc,Precious metal index,8,0,0.2139317213098532,-0.08809077135037832,0.6225955542671873,0.612063086673094,0.25767859757843775,0.07684329976182586,0.4591836730102251,0.6571428571428571,True
ig,alpha_refc,Precious metal index,8,1,-0.059196734961013756,-0.11142034255047929,-0.013241803182083796,0.17232418686975598,-0.05968533914911743,-0.08729872205899245,-0.030873551505108156,0.8285714285714286,True
ig,alpha_refc,Full metal real index,9,sum,0.5726996469354133,0.3226916325664023,0.9179257880555192,0.8851245563984917,0.5768492576703199,0.3512632618176821,0.7278827193243913,0.8285714285714286,True
ig,alpha_refc,Full metal real index,9,0,0.4887903996442322,0.2518148124197101,0.8280333852274018,0.7576572529752508,0.503100668708394,0.26553807266599366,0.6546261215413226,0.8285714285714286,True
ig,alpha_refc,Full metal real index,9,1,0.07788838900384455,0.04813820118001476,0.10776758616903749,0.3438660234903036,0.08327041603308559,0.06680619731353682,0.09988357977727981,0.9714285714285714,True
ig,alpha_refc,World Stock Market Capitalisation (% of GDP),10,sum,1.9809036725171638,1.6762147402026086,2.3847437280888144,3.1477283306370842,1.992449524159957,1.8078086316710822,2.1995400004934744,1.0,True
ig,alpha_refc,World Stock Market Capitalisation (% of GDP),10,0,1.9058003603302596,1.5923014356429261,2.271480081196813,3.109947361951794,1.9122458841106185,1.7355220112270588,2.097222650842628,1.0,True
ig,alpha_refc,World Stock Market Capitalisation (% of GDP),10,1,0.07601195779108336,0.05273530840557706,0.11537792493810481,0.4890623401788923,0.08106268054481924,0.06431024497326944,0.09698953697038916,0.9428571428571428,True
ig,alpha_refc,China Total Manufacturing Output,11,sum,-4.920854658927082,-6.832021289485158,-3.562246871651908,6.5503876356473825,-5.050295957891288,-5.87339602068209,-4.189286972278049,1.0,True
ig,alpha_refc,China Total Manufacturing Output,11,0,-4.919868778489494,-6.836046568977572,-3.570259293807589,6.555308253300249,-5.0767276612424155,-5.87896430954433,-4.20928163441225,1.0,True
ig,alpha_refc,China Total Manufacturing Output,11,1,0.012546154915646774,0.00425892646913773,0.027930021865469896,0.41878879351756276,0.01615570510234216,0.009834049549880146,0.024115667128391725,0.8571428571428571,True
ig,alpha_refc,Population,12,sum,0.09686404825967469,-0.2287102704059258,0.3503421229527703,0.3625562849152134,0.09736154518064435,-0.05669675870333149,0.2671024087386157,0.6,False
ig,alpha_refc,Population,12,0,0.08874814867097279,-0.22830018416568928,0.3505589742710334,0.3692308454724338,0.09663809314570564,-0.05802234049798813,0.26549329553176704,0.6,False
ig,alpha_refc,Population,12,1,0.0003953137587882372,-0.004701244384375275,0.005550148447235527,0.0067402031553572645,0.00037302231693284003,-0.0021664698942632987,0.0029737499765241197,0.5142857142857142,False
ig,alpha_win,Zinc real price,0,sum,0.004544722745081183,0.0009158261847255015,0.006537679569271961,0.0070988915261197775,0.004038623774756819,0.002495872598798563,0.0053032542394704524,0.8571428571428571,True
ig,alpha_win,Zinc real price,0,0,0.004629996496963064,0.0009819764064645186,0.006884157510530195,0.0073487126286905236,0.004186457609933457,0.0024214265685563127,0.0055345789806477055,0.8285714285714286,True
ig,alpha_win,Zinc real price,0,1,-0.00018648315563780756,-0.0006008905097812517,0.0002708031039850687,0.002274343675268189,-0.00015952307439403386,-0.00036439663800995456,8.598590076088476e-05,0.6,False
ig,alpha_win,Energy index,1,sum,0.011903506522571682,0.006431568789261915,0.01830830623250696,0.016622853594175927,0.011617519100335826,0.008045785870781702,0.014521431887947868,0.8571428571428571,True
ig,alpha_win,Energy index,1,0,0.011657210068134048,0.006445321357144596,0.01847869292714298,0.016453745887921194,0.011554139007131072,0.00793723177909697,0.014767532320770802,0.8285714285714286,True
ig,alpha_win,Energy index,1,1,9.413908979787305e-06,-0.00024950845004929423,0.00018913003432013013,0.001691312107338136,-4.0625750842499976e-05,-0.00019283660271793561,9.913417262043438e-05,0.5428571428571428,False
ig,alpha_win,GDP,2,sum,0.00026450917225583255,-0.007975352418050008,0.011053647368151419,0.01315975784935251,0.002271656947164553,-0.00361057585202852,0.008149946943591686,0.5142857142857142,False
ig,alpha_win,GDP,2,0,0.00026803609040385956,-0.007979221605184258,0.011121481564098524,0.013206430690560617,0.002269758228316023,-0.0035642390285453227,0.008194404792359123,0.5142857142857142,False
ig,alpha_win,GDP,2,1,-3.205694868016652e-05,-5.957504392852788e-05,-5.091970515196706e-06,0.00039806611160575505,-3.422169171388698e-05,-5.01696667991497e-05,-1.8873031527846056e-05,0.8,True
ig,alpha_win,US Industrial Production Total Index,3,sum,0.0012824349693827852,-0.005504062815476965,0.010077952581981475,0.011359054542553603,0.0014735929086681784,-0.0031280070173507193,0.005772064549429278,0.5714285714285714,False
ig,alpha_win,US Industrial Production Total Index,3,0,0.001532866158937764,-0.005789574912173169,0.010066249883865775,0.011218736895623896,0.0013883109343989031,-0.003151587312497381,0.005585969045433691,0.5714285714285714,False
ig,alpha_win,US Industrial Production Total Index,3,1,0.0001203949360957267,-0.00019936891965477606,0.00037872951322343815,0.0008846769958538742,0.00010006488291876301,-6.752261024800967e-05,0.00024612933425135184,0.6285714285714286,False
ig,alpha_win,EU28 Industrial Production Total Index,4,sum,-0.001263942218813162,-0.005527082443291477,0.005516407916951554,0.006867391171068304,-0.0007672975548886413,-0.0036241241490780514,0.0024515359806086953,0.6285714285714286,False
ig,alpha_win,EU28 Industrial Production Total Index,4,0,-0.001377968991410758,-0.005545605967369631,0.005414829773912884,0.006689101312919154,-0.000806034386485236,-0.0036743320247509662,0.0024192857629932495,0.6,False
ig,alpha_win,EU28 Industrial Production Total Index,4,1,5.0412647144646726e-05,-3.739837334227883e-05,9.601389190550757e-05,0.0005070460865113802,3.470474868746147e-05,-2.4738607116799494e-07,6.824623339155083e-05,0.6857142857142857,False
ig,alpha_win,China All Industry Value Added (Constant 2015 USD),5,sum,0.0456552728061064,0.005887289185105422,0.06344264699292895,0.0576148929306894,0.039166182142010904,0.0222296751109957,0.05233465624504655,0.8,True
ig,alpha_win,China All Industry Value Added (Constant 2015 USD),5,0,0.04574941265411623,0.005380987248151386,0.06239366579920433,0.05750502755824274,0.03892002418384667,0.02170929362513489,0.05178314255235729,0.8,True
ig,alpha_win,China All Industry Value Added (Constant 2015 USD),5,1,0.00013772387682410214,-0.00012246779312325684,0.0004966592180981609,0.0011065483846392356,0.00017807447385349,3.605825067567701e-05,0.00034016955727807013,0.6,True
ig,alpha_win,Producer Price Index of Non-ferrous Scrap,6,sum,-0.003021991325237983,-0.01751673384308891,0.007861407315337157,0.016790600857627312,-0.00448269699217319,-0.009837466759327042,0.001527554859445157,0.5142857142857142,False
ig,alpha_win,Producer Price Index of Non-ferrous Scrap,6,0,-0.0012297357209649193,-0.0162307880611147,0.009045415002318763,0.015109806505645407,-0.003346362463971416,-0.00869203056016415,0.0025530120230542763,0.5142857142857142,False
ig,alpha_win,Producer Price Index of Non-ferrous Scrap,6,1,-0.0011362527870260575,-0.0014499846555534133,-0.0007653028109453229,0.0055455509025669775,-0.001121268687100831,-0.0012979254840854517,-0.0009276115519361382,0.9428571428571428,True
ig,alpha_win,Real Treatment Charges,7,sum,-0.0011695739403806472,-0.005071979567563153,0.002869549157649432,0.006962112972091522,-0.0009891154029236832,-0.003264739931730408,0.0013196362242239048,0.5428571428571428,False
ig,alpha_win,Real Treatment Charges,7,0,-0.0011409814611350465,-0.004698978138574728,0.0033592507850453927,0.005604414117030731,-0.0009435269573911948,-0.0033428000591899393,0.0012501133271031273,0.5428571428571428,False
ig,alpha_win,Real Treatment Charges,7,1,-3.8698199721766063e-05,-0.00046460248160571223,0.00032686872385362116,0.002841537039190561,-6.964017439063178e-05,-0.00024396808889357393,0.00010937591765453351,0.5428571428571428,False
ig,alpha_win,Precious metal index,8,sum,-0.0051759545720818385,-0.009888799494206818,-0.000278495877557256,0.012668050072213648,-0.0054589587976365,-0.008444269716575414,-0.0024321001453465716,0.7428571428571429,True
ig,alpha_win,Precious metal index,8,0,-0.007054923219224301,-0.011181916418652665,-0.0007970039292234676,0.012790732034753066,-0.0066746791240252165,-0.009703293639299348,-0.003347342497288433,0.7714285714285715,True
ig,alpha_win,Precious metal index,8,1,0.0010603182200652904,0.00024791490959688697,0.002122357787857858,0.0024735246568468893,0.0011432593550828633,0.0006873192114981121,0.0016194256062015463,0.8,True
ig,alpha_win,Full metal real index,9,sum,-0.0008402739991411268,-0.005749706661323529,0.0035221919611204766,0.010589565998232927,-0.0006401151102982845,-0.0037931071618889007,0.0030967631065280674,0.6,False
ig,alpha_win,Full metal real index,9,0,-0.001700927348367172,-0.006431773932536292,0.002377128568095922,0.008029155528245676,-0.0016230289560288536,-0.004687178455917147,0.002377128568095922,0.6571428571428571,False
ig,alpha_win,Full metal real index,9,1,0.0008840833132139715,0.0003953666224425208,0.0012630706583733073,0.005137185796310213,0.0008692385422474292,0.000589342005083429,0.0011083016221962603,0.8571428571428571,True
ig,alpha_win,World Stock Market Capitalisation (% of GDP),10,sum,-0.0025943965238443304,-0.011584909714072755,0.0013265641583692627,0.009519458334494756,-0.0036467821119137486,-0.0072624988297818015,-0.00043598345477716236,0.6285714285714286,True
ig,alpha_win,World Stock Market Capitalisation (% of GDP),10,0,-0.0019032625794717182,-0.010078806903533515,0.002068082357241141,0.009246576464161087,-0.003099503126182472,-0.006531783528809539,-0.00012373917184874562,0.6285714285714286,True
ig,alpha_win,World Stock Market Capitalisation (% of GDP),10,1,-0.0006321401537727536,-0.0010212997970596165,1.3613159499534694e-05,0.003385577811584009,-0.0004944026060141298,-0.0007686279247207486,-0.00020872856482790706,0.7428571428571429,True
ig,alpha_win,China Total Manufacturing Output,11,sum,0.022274883937503605,0.0003202552726589373,0.04181372167383768,0.03747368459090869,0.02201093065317369,0.008987384977688204,0.0355540517770796,0.7428571428571429,True
ig,alpha_win,China Total Manufacturing Output,11,0,0.02216675296960009,-2.0987039648758324e-06,0.04137863088331119,0.03742909194354691,0.0218073655359042,0.00869804321709602,0.03528059016773957,0.7428571428571429,True
ig,alpha_win,China Total Manufacturing Output,11,1,0.0001880594499432727,4.2075288151535625e-05,0.0003421291877510047,0.004645618748336409,0.00021606643720922046,0.00012990611274588077,0.0003046982640149726,0.8285714285714286,True
ig,alpha_win,Population,12,sum,0.0032905868323677484,-0.0032531739956030235,0.008461141614466731,0.007883649734763683,0.002548356522441248,-0.0006726430287585889,0.005405145012118526,0.6285714285714286,False
ig,alpha_win,Population,12,0,0.003491292399382037,-0.0033872577515797623,0.008288072957649335,0.007973327033773916,0.0024585344176802255,-0.0008103931728974294,0.0053400897087498,0.6285714285714286,False
ig,alpha_win,Population,12,1,7.166538036096318e-05,1.578878282203741e-05,0.00012466173033404582,0.00010259812006713875,6.87826160332526e-05,3.319564592589622e-05,0.0001034555037108225,0.8,True
ig,alpha_dr,Zinc real price,0,sum,0.025655010648651406,0.016402677125910703,0.03635286152762679,0.03740750874250915,0.026033295864429026,0.020691342593651803,0.0313613115136012,0.9142857142857143,True
ig,alpha_dr,Zinc real price,0,0,0.02663118233654982,0.015671345326493863,0.03542191531772982,0.03981165645626752,0.02686629272404579,0.020926493999180094,0.03234667955584736,0.9428571428571428,True
ig,alpha_dr,Zinc real price,0,1,-0.0005836947604493333,-0.00202127090148797,0.00035447100187940616,0.006899136296016686,-0.0007819123273140748,-0.0015786404913554336,-6.196085172558872e-05,0.6285714285714286,True
ig,alpha_dr,Energy index,1,sum,0.029524908181826702,0.02110731334668696,0.052104239211628794,0.04450643127037076,0.034267849753063434,0.02378682796349454,0.043394348131060675,0.8857142857142857,True
ig,alpha_dr,Energy index,1,0,0.02366522102093584,0.016174358949182014,0.04747316324936329,0.033977076165052675,0.028716294146946358,0.019141650770779516,0.03809124242471923,0.8857142857142857,True
ig,alpha_dr,Energy index,1,1,0.005095145920203763,0.003944795586710239,0.006756475206691495,0.019340561042623966,0.005341838080411452,0.004699528355472366,0.006059248355552934,1.0,True
ig,alpha_dr,GDP,2,sum,0.0005937805080262592,-0.029971895253861847,0.032646254457678874,0.04109527692040804,-0.000805368940833915,-0.018159055727965594,0.01664627370572374,0.5142857142857142,False
ig,alpha_dr,GDP,2,0,0.00104317951330305,-0.029522483110656,0.03309201615985284,0.0410792093463481,-0.0004590829870410255,-0.017548683463157484,0.017134393867641748,0.5142857142857142,False
ig,alpha_dr,GDP,2,1,-0.0004493990052767911,-0.0006460663512596718,-0.00031923591821173263,0.0036221624407604828,-0.00047257318256479965,-0.0005696020281468989,-0.00038616411240682824,1.0,True
ig,alpha_dr,US Industrial Production Total Index,3,sum,-0.0011405161264636371,-0.026088365464443403,0.021622100821240386,0.03179111731933207,-0.0037656869159780337,-0.017307874543049204,0.008145335692559178,0.5142857142857142,False
ig,alpha_dr,US Industrial Production Total Index,3,0,-0.0026684579961490473,-0.028073250447150776,0.020218009445936012,0.029812174916824242,-0.005757878058235098,-0.019647461336914564,0.005969456972208591,0.5428571428571428,False
ig,alpha_dr,US Industrial Production Total Index,3,1,0.0017328391067134754,0.0011996493862244657,0.0024785249100226815,0.0066357477988350485,0.001839088744835535,0.0014545477885319008,0.0023597584568689966,0.9714285714285714,True
ig,alpha_dr,EU28 Industrial Production Total Index,4,sum,-0.011473634096337833,-0.024940283130425615,0.004086318904877499,0.019958096559808913,-0.010334617974147042,-0.017964217256468386,-0.002815213098228967,0.6285714285714286,True
ig,alpha_dr,EU28 Industrial Production Total Index,4,0,-0.010926230752200745,-0.024760686096815483,0.004161950893146385,0.019199669961925417,-0.010425595705611995,-0.018118794766718335,-0.0028693961306973177,0.6285714285714286,True
ig,alpha_dr,EU28 Industrial Production Total Index,4,1,-5.109380143018877e-05,-0.00020443633969771053,0.00020978175191876025,0.0026156589273213598,-7.563324135923536e-06,-0.00011333768966233115,0.00011612841383402309,0.5428571428571428,False
ig,alpha_dr,China All Industry Value Added (Constant 2015 USD),5,sum,0.030562748312452464,-0.019366137597594084,0.11736068704686455,0.12158122849008249,0.04239426952715163,-0.004073922438385466,0.08715420794027731,0.6571428571428571,False
ig,alpha_dr,China All Industry Value Added (Constant 2015 USD),5,0,0.030030750458265847,-0.02140563699366481,0.11518139880955545,0.12095603285501773,0.04098925886240183,-0.006509940587779828,0.08451159268556369,0.6571428571428571,False
ig,alpha_dr,China All Industry Value Added (Constant 2015 USD),5,1,0.0019765563086774473,0.000915576804596544,0.0027269133452706724,0.006386137489023923,0.0018784157366037429,0.0014189971455029482,0.0023161354272706967,0.9714285714285714,True
ig,alpha_dr,Producer Price Index of Non-ferrous Scrap,6,sum,0.023284025183617524,-0.02315237023056559,0.046790749378533114,0.04939722645848755,0.012357006739075799,-0.006483895592175666,0.031418307652403804,0.6285714285714286,False
ig,alpha_dr,Producer Price Index of Non-ferrous Scrap,6,0,0.021781697633378262,-0.027206880044960743,0.045166965766843814,0.04655507821263323,0.012854129930934046,-0.006439059687790214,0.03078854684738477,0.6,False
ig,alpha_dr,Producer Price Index of Non-ferrous Scrap,6,1,0.00021198734569325,-0.001603411176316178,0.0017668210927100757,0.006503874782050191,0.0003137956211749346,-0.0006627139297370555,0.0015189365042986111,0.5142857142857142,False
ig,alpha_dr,Real Treatment Charges,7,sum,-0.012099201232121846,-0.02431966444565007,-0.00503582822927175,0.03987207626533753,-0.014360507175128313,-0.02178749875895173,-0.008962250239445899,0.8285714285714286,True
ig,alpha_dr,Real Treatment Charges,7,0,-0.013908354699909984,-0.026537727219648196,-0.008867073150948895,0.022155575773634667,-0.01784203208325509,-0.025348113379678038,-0.012125059793392696,0.8857142857142857,True
ig,alpha_dr,Real Treatment Charges,7,1,0.003173790534902897,0.0014797812465272616,0.004966928675820788,0.025402651096926375,0.0033070801789533313,0.0024676088781480296,0.004158023760820247,0.9428571428571428,True
ig,alpha_dr,Precious metal index,8,sum,-0.015004786492442445,-0.03289494251559387,0.009024807618466385,0.039767952310603,-0.013457949318591464,-0.023614459956939265,-0.0030945966104826608,0.6857142857142857,True
ig,alpha_dr,Precious metal index,8,0,-0.013381321220112385,-0.03835854956048866,0.007760301479472646,0.04056720436124014,-0.014398944597768467,-0.025850614500367613,-0.0026343637180824084,0.7142857142857143,True
ig,alpha_dr,Precious metal index,8,1,0.0014376912008714083,-0.0023318164929112656,0.004915503539935164,0.008749284677976055,0.001222980972006307,-0.0006611496574919992,0.0029516261069521673,0.6,False
ig,alpha_dr,Full metal real index,9,sum,0.03522720393568523,0.01110106466861277,0.051479432369841496,0.059976207648122726,0.03246544235778498,0.02072538787628547,0.04310638599432762,0.8,True
ig,alpha_dr,Full metal real index,9,0,0.027579519432020964,0.0038129947060517814,0.04357993756209731,0.037920146980233514,0.02461798561507758,0.012567709740115899,0.03616730496705933,0.7714285714285715,True
ig,alpha_dr,Full metal real index,9,1,0.006987867069008347,0.005369281084584591,0.008948248433313887,0.027927481463281438,0.00723580296213139,0.006329606590125785,0.008646224114483705,1.0,True
ig,alpha_dr,World Stock Market Capitalisation (% of GDP),10,sum,-0.02883349127703947,-0.058056484621015134,-0.01665072439851379,0.04267131878293503,-0.03485908432392455,-0.04726804237681443,-0.023544919101656098,0.9142857142857143,True
ig,alpha_dr,World Stock Market Capitalisation (% of GDP),10,0,-0.026738080297880246,-0.05396713487519693,-0.014818775224446523,0.04051016651995232,-0.03308753557733063,-0.04469487058598438,-0.022019839055121296,0.9142857142857143,True
ig,alpha_dr,World Stock Market Capitalisation (% of GDP),10,1,-0.0019212047701353263,-0.0038281193620429794,-0.0008192289977462372,0.008899792064301625,-0.002203417406795207,-0.0030992617995894765,-0.0013066750111184395,0.8571428571428571,True
ig,alpha_dr,China Total Manufacturing Output,11,sum,0.09648487039458924,0.018404880605947662,0.2422848180359007,0.1554049645320963,0.11086937596951435,0.05059485300347186,0.1840335923927329,0.8,True
ig,alpha_dr,China Total Manufacturing Output,11,0,0.09493383208913256,0.018447165696475955,0.24154598567935456,0.15627181000446075,0.11012459793695285,0.049958319958409714,0.18356613568670294,0.8,True
ig,alpha_dr,China Total Manufacturing Output,11,1,0.000865172267286081,0.0002482489130268495,0.0014774330126492126,0.006680694848709071,0.0008009775016153433,0.00047977295790001896,0.001065556245576857,0.8857142857142857,True
ig,alpha_dr,Population,12,sum,-0.000936216513393437,-0.013001711228599468,0.013564334216817221,0.016856856509963946,0.0010855108164123627,-0.005757296103171351,0.010555569566317336,0.5142857142857142,False
ig,alpha_dr,Population,12,0,-0.0008674473593852169,-0.013123158140948436,0.013081614286361582,0.01649539876735087,0.0007130114503153887,-0.006075786349967109,0.010343869065551656,0.5142857142857142,False
ig,alpha_dr,Population,12,1,0.0002755564512690824,4.687485468798238e-06,0.000488898359546904,0.00042568724154427374,0.00023684238030069105,0.00010158343186967146,0.0003783743549669059,0.7714285714285715,True
ig,tau_olds,Zinc real price,0,sum,0.013451144283073415,0.008104551143899826,0.016247154556735192,0.020242511373146838,0.012427516920500108,0.010474605455231432,0.01467227901259308,1.0,True
ig,tau_olds,Zinc real price,0,0,0.013399073431633107,0.008232622678994243,0.016806779318848608,0.021604592951212087,0.012588715956912033,0.010530750020819333,0.014946330993535765,1.0,True
ig,tau_olds,Zinc real price,0,1,-0.00015266166225230308,-0.0005470135614402641,0.00016692864816762715,0.002588260344542273,-0.0001618089198052664,-0.0003522870473817192,2.9651297155541714e-06,0.6,False
ig,tau_olds,Energy index,1,sum,0.022555862165126478,0.016844753530152513,0.025807926131714582,0.03525271836771978,0.02148702487001096,0.018448343800974897,0.024159953737472387,1.0,True
ig,tau_olds,Energy index,1,0,0.023733172057363167,0.01761890468117709,0.02663087676022588,0.03602703119974669,0.022302560135921638,0.019052814360221465,0.024998939580183982,1.0,True
ig,tau_olds,Energy index,1,1,-0.0008936199126276304,-0.0012202999852114582,-0.00044366964223998,0.005808445973217936,-0.0008372609385696235,-0.0010291936334535616,-0.000628653331529199,0.9142857142857143,True
ig,tau_olds,GDP,2,sum,0.004501283247218828,-0.009279239466599903,0.014871127417055785,0.014866865311693345,0.0026212327667186398,-0.002967011693727045,0.008466068818346141,0.5714285714285714,False
ig,tau_olds,GDP,2,0,0.00456990216893974,-0.009272478252561198,0.014895249131987927,0.014829387793057886,0.002632879857251523,-0.0029748510122271127,0.008464100978360301,0.5714285714285714,False
ig,tau_olds,GDP,2,1,-1.4670415232194288e-05,-3.17389894363979e-05,-1.2938778297394227e-06,0.00048532241963759345,-1.6651504684914293e-05,-2.6862371597306533e-05,-7.281164552940962e-06,0.7428571428571429,True
ig,tau_olds,US Industrial Production Total Index,3,sum,0.0012345028539827974,-0.0065906223330802205,0.008717519807796309,0.011248032209924291,0.0015535954471324542,-0.0018595303892710489,0.005773666149030453,0.5714285714285714,False
ig,tau_olds,US Industrial Production Total Index,3,0,0.0015806328056955526,-0.006466979020245521,0.008940659271189286,0.01118592836026614,0.0015220601730639009,-0.0018884296728076614,0.0056695121077955015,0.5428571428571428,False
ig,tau_olds,US Industrial Production Total Index,3,1,1.4112367082849807e-05,-0.0002863721301755932,0.0005375771623568409,0.0014461005788011607,6.125355658034692e-05,-0.00015266237499991098,0.0002639475634794039,0.5142857142857142,False
ig,tau_olds,EU28 Industrial Production Total Index,4,sum,-0.0030804212840710825,-0.008541231515200807,0.003027053118654661,0.008747234625922962,-0.002988667680983337,-0.005853818019091527,0.00016374177735523597,0.6285714285714286,False
ig,tau_olds,EU28 Industrial Production Total Index,4,0,-0.003390090017362994,-0.008612414881665354,0.002855226415163986,0.008084783050651875,-0.0030823043400986737,-0.005926092011015539,8.463927083292994e-05,0.6571428571428571,False
ig,tau_olds,EU28 Industrial Production Total Index,4,1,9.871272722450071e-05,-4.6181085644357665e-05,0.00020404744262332228,0.0011523283709891892,9.197476068424282e-05,2.8360904894564722e-05,0.00015460578977252485,0.6857142857142857,True
ig,tau_olds,China All Industry Value Added (Constant 2015 USD),5,sum,-0.00030861819902305637,-0.016244681674232583,0.025868082572458262,0.032826459955162854,0.0017376152006642058,-0.01148100282775591,0.015515812578130263,0.5142857142857142,False
ig,tau_olds,China All Industry Value Added (Constant 2015 USD),5,0,-0.00011975351450274904,-0.016453663469954572,0.025777753884729464,0.03270883616814849,0.001595068356510562,-0.011723102938537377,0.015401318236925109,0.5142857142857142,False
ig,tau_olds,China All Industry Value Added (Constant 2015 USD),5,1,0.00010274232739956716,-0.0001077511089790005,0.00038646151773819487,0.0010429280419110166,0.0001398424043058213,1.917535114572474e-05,0.0002749590612374902,0.5714285714285714,True
ig,tau_olds,Producer Price Index of Non-ferrous Scrap,6,sum,-0.003640957281443191,-0.016031870183847937,0.004614627265632643,0.016322599518341002,-0.006152354707577468,-0.01148992461811661,-0.0009492142993415718,0.6571428571428571,True
ig,tau_olds,Producer Price Index of Non-ferrous Scrap,6,0,-0.0016936522928584718,-0.01478485497449828,0.005316166548510925,0.01511384078992748,-0.005217804777954083,-0.010808744759241255,-0.0003204390255231015,0.6285714285714286,True
ig,tau_olds,Producer Price Index of Non-ferrous Scrap,6,1,-0.0008041728426165261,-0.0012218390689806556,-0.00041915623441838326,0.005937515767831224,-0.0008249714157192289,-0.0010413949474460979,-0.0006243957913428518,0.9142857142857143,True
ig,tau_olds,Real Treatment Charges,7,sum,-0.0024872428449977052,-0.00641214225130385,0.0009978466200272276,0.006982459005890215,-0.0025539876825312535,-0.004938930799456684,-0.0005312817834557081,0.6857142857142857,True
ig,tau_olds,Real Treatment Charges,7,0,-0.002647238681783542,-0.006120938072938592,0.000665373444008505,0.0045594651502649285,-0.002637254444275412,-0.004841813680383795,-0.0006759427110297864,0.6857142857142857,True
ig,tau_olds,Real Treatment Charges,7,1,-9.503990337271124e-05,-0.0004521250807674811,0.00014526066428211963,0.004046782174654258,-0.00011070141868325099,-0.00025674500935077445,2.9695072762269428e-05,0.6,False
ig,tau_olds,Precious metal index,8,sum,-0.010838858139627875,-0.01500816503110349,-0.004218838431731544,0.01653746051844194,-0.009698231913761964,-0.012666573787962914,-0.006959576727461216,0.9142857142857143,True
ig,tau_olds,Precious metal index,8,0,-0.01043109805607065,-0.014805891482572015,-0.0034810434917764374,0.016525330872598158,-0.010267198713622694,-0.013165802772581826,-0.007067371706002099,0.8857142857142857,True
ig,tau_olds,Precious metal index,8,1,9.71780127726476e-06,-0.0006197075703979975,0.0013117654188121283,0.002296278028249304,0.0002546492027006926,-0.0002622583684277101,0.0007074033923441372,0.5142857142857142,False
ig,tau_olds,Full metal real index,9,sum,-0.007295518456745443,-0.010829676996077309,0.0008650041791473332,0.014148247462834601,-0.00551432166770514,-0.009034285500206955,-0.0021696201479285133,0.6857142857142857,True
ig,tau_olds,Full metal real index,9,0,-0.006703566560550503,-0.011061767231405124,0.0009644379464003752,0.012516032314633043,-0.00583767084658913,-0.009224090531766904,-0.0021572164011241716,0.6857142857142857,True
ig,tau_olds,Full metal real index,9,1,0.00010799966802703272,-0.00023897632201594387,0.0004104811269801551,0.003779495319688908,0.00010222194250322028,-9.648582380619673e-05,0.00033434021067589706,0.5428571428571428,False
ig,tau_olds,World Stock Market Capitalisation (% of GDP),10,sum,-0.00817566687840267,-0.014649708771459217,-0.003702702735673924,0.016111816994603206,-0.008443854038004859,-0.011468413915261388,-0.0055969181675345255,0.8571428571428571,True
ig,tau_olds,World Stock Market Capitalisation (% of GDP),10,0,-0.008975945687276055,-0.014528984344726274,-0.004375271460797895,0.015266808959305383,-0.009043414551438717,-0.011819055372662757,-0.006280122655474417,0.8571428571428571,True
ig,tau_olds,World Stock Market Capitalisation (% of GDP),10,1,0.0005458893364596502,-9.318848578812051e-05,0.0008482501765621831,0.003358144466597239,0.00041923328947552236,0.00017950633208782286,0.000684925844602365,0.7142857142857143,True
ig,tau_olds,China Total Manufacturing Output,11,sum,0.025196085326646182,-0.004438935782933982,0.04923223004006032,0.04879462717348383,0.02586552968101352,0.01024478915062126,0.041742481998652374,0.7428571428571429,True
ig,tau_olds,China Total Manufacturing Output,11,0,0.024840284847281038,-0.004575513695429225,0.04916414594537917,0.048439752188421406,0.02560596705777253,0.010289830937936909,0.04144476404853879,0.7142857142857143,True
ig,tau_olds,China Total Manufacturing Output,11,1,5.361684220825738e-06,-0.00017860180344757856,0.00025867419677819267,0.003275041749643784,5.0544608183398184e-05,-5.038722098619648e-05,0.0001533470786040726,0.5428571428571428,False
ig,tau_olds,Population,12,sum,0.003675944339665089,-0.0026562795484237197,0.008232925625074168,0.00832236455458957,0.0031834487007515976,0.000472419507856084,0.006163573572977165,0.6571428571428571,True
ig,tau_olds,Population,12,0,0.0036439842131943774,-0.0026475305300288294,0.008221972164660842,0.008344280776406665,0.0031947787175742306,0.0005009193498085453,0.006158092122256221,0.6571428571428571,True
ig,tau_olds,Population,12,1,9.834944681111697e-06,-5.487260232256675e-05,5.45711756998947e-05,7.672536307215587e-05,2.386068992630667e-06,-3.623222221357569e-05,3.816326897120801e-05,0.5714285714285714,False
ig,frac_fu_new,Zinc real price,0,sum,0.0010009179479951052,-0.0007051705386697756,0.0026373310353065994,0.003709964560431429,0.0010282653221306138,0.0002802013908538416,0.0018645557606904455,0.6285714285714286,True
ig,frac_fu_new,Zinc real price,0,0,0.0011657911744850347,-0.0007140577841351903,0.002783564969761405,0.0027883075151980386,0.0010904606860751322,0.0003157820032759885,0.0020309381449102855,0.6571428571428571,True
ig,frac_fu_new,Zinc real price,0,1,-4.9361572902988224e-05,-0.00024294384226204117,9.931206762303251e-05,0.0013748441434457304,-7.615706250182427e-05,-0.00017332084582564024,2.330263748687734e-05,0.6571428571428571,False
ig,frac_fu_new,Energy index,1,sum,0.0031270000264415946,-0.0002470910756269146,0.004365157463887514,0.004700545061464901,0.002470473010317116,0.001514883698373965,0.0037117514665368037,0.7142857142857143,True
ig,frac_fu_new,Energy index,1,0,0.0034517670478117087,-7.508063557825125e-05,0.0046027671615894526,0.0043059375860034265,0.0026175994665756184,0.001654934875589283,0.003921174007064809,0.7142857142857143,True
ig,frac_fu_new,Energy index,1,1,-0.00018440270975359678,-0.0002936978758284749,-5.42687675357369e-05,0.001213296945568087,-0.00018187411134363692,-0.0002554214113127171,-0.00010855851563559476,0.8,True
ig,frac_fu_new,GDP,2,sum,0.00016461405694672855,-0.004357802572247821,0.006453860345545435,0.007391313240512888,1.4738753459214325e-05,-0.002676772831405715,0.0026397663576619647,0.5142857142857142,False
ig,frac_fu_new,GDP,2,0,0.00014125340305265512,-0.0043723255894155995,0.006448603879309927,0.007377303402923548,-4.84205591116092e-06,-0.0026788247738575915,0.002639280886102827,0.5142857142857142,False
ig,frac_fu_new,GDP,2,1,3.838300840051121e-06,-6.641275727855953e-07,1.180850902480402e-05,0.00015077126143131367,4.8700103383314795e-06,9.6160550600103e-07,9.443810448969615e-06,0.7142857142857143,True
ig,frac_fu_new,US Industrial Production Total Index,3,sum,-0.0005916907624943327,-0.0018108485197232474,0.0019678030271260078,0.0034373785543523744,-0.00021522246406253492,-0.0012517565939121913,0.0008871360619133655,0.5714285714285714,False
ig,frac_fu_new,US Industrial Production Total Index,3,0,-0.0005582656118048165,-0.001866124637711142,0.0019865741937195123,0.00332582012074739,-0.00022992242003582706,-0.0012477001489015862,0.0009544229776109091,0.5714285714285714,False
ig,frac_fu_new,US Industrial Production Total Index,3,1,-2.818341203616768e-05,-0.0001284149777327526,7.213066980070752e-05,0.0004048040667641423,-3.91135145872143e-05,-0.00010252287316469244,2.8895720194510335e-05,0.6571428571428571,False
ig,frac_fu_new,EU28 Industrial Production Total Index,4,sum,0.0006602582851451136,-0.0004957091740109759,0.0030562454567196026,0.002980770241606263,0.0010030584476233115,2.5075447435274865e-05,0.001959371945821536,0.6857142857142857,True
ig,frac_fu_new,EU28 Industrial Production Total Index,4,0,0.0006790775075144985,-0.0003972002043034046,0.0029634880441308893,0.003028457235233792,0.0009883889988268864,5.1781271860278034e-05,0.0019517017467508323,0.6857142857142857,True
ig,frac_fu_new,EU28 Industrial Production Total Index,4,1,-2.056711853416282e-05,-8.844373580909582e-05,8.963864720322684e-05,0.000631263282531092,-1.4350588985291616e-05,-5.291062289508422e-05,2.5786562669148555e-05,0.5714285714285714,False
ig,frac_fu_new,China All Industry Value Added (Constant 2015 USD),5,sum,-0.004103735147042481,-0.013085358351125039,0.005796156243600907,0.014137817034168077,-0.00378834000907952,-0.008869629805976647,0.0010901181071564185,0.5714285714285714,False
ig,frac_fu_new,China All Industry Value Added (Constant 2015 USD),5,0,-0.00392796583001605,-0.013125760343148375,0.005951620517304341,0.013639984685834725,-0.00386224854831981,-0.008886076254700644,0.001021245357318623,0.5714285714285714,False
ig,frac_fu_new,China All Industry Value Added (Constant 2015 USD),5,1,-2.2531732185848326e-05,-0.00015530913840468828,0.0001247865519883065,0.0005380225391494247,-1.8038706171648462e-05,-8.681361278135105e-05,4.7015153577234205e-05,0.5428571428571428,False
ig,frac_fu_new,Producer Price Index of Non-ferrous Scrap,6,sum,0.0008772916409236737,-0.004386949644351162,0.0058592053045613225,0.007169939634905377,0.0009398063585277418,-0.0014109297330187212,0.003920208196314549,0.5142857142857142,False
ig,frac_fu_new,Producer Price Index of Non-ferrous Scrap,6,0,0.0009898657052670697,-0.004305372658852799,0.006037235602653442,0.006051106935428088,0.0011334638304766073,-0.001191205579268858,0.004116274738836602,0.5142857142857142,False
ig,frac_fu_new,Producer Price Index of Non-ferrous Scrap,6,1,-0.00016593525718016175,-0.00047933028204676337,6.966653181794468e-05,0.0022334334300960186,-0.00020213999788244732,-0.00033185771004888055,-7.097942948235961e-05,0.6571428571428571,True
ig,frac_fu_new,Real Treatment Charges,7,sum,7.057205581571541e-06,-0.0012779480284744163,0.0024587673849870003,0.0031633417984730794,0.0004152663247999404,-0.0006749910074732677,0.0013286981017743512,0.5142857142857142,False
ig,frac_fu_new,Real Treatment Charges,7,0,1.4361758690709472e-05,-0.0014541842242321201,0.002511379079335202,0.002815751207037187,0.00038663306468265056,-0.0007066767838610989,0.001356057843344893,0.5142857142857142,False
ig,frac_fu_new,Real Treatment Charges,7,1,2.2269941584785862e-05,-8.732409944210958e-05,0.00011141315002981744,0.0015183008808163406,1.4610772211109919e-05,-4.1368347838702246e-05,6.755672491907369e-05,0.5428571428571428,False
ig,frac_fu_new,Precious metal index,8,sum,-0.0024168533242798483,-0.004735063181618444,0.00028087579187330904,0.005646051227850799,-0.0021844064123052237,-0.003488105490482352,-0.00069812060261425,0.7142857142857143,True
ig,frac_fu_new,Precious metal index,8,0,-0.0025701944579931,-0.004539050068420088,-0.00010027654541573014,0.005269873674969114,-0.00216636031636286,-0.0034623065690464663,-0.0006870235674042621,0.7428571428571429,True
ig,frac_fu_new,Precious metal index,8,1,-3.413061567732199e-05,-0.00042526821778314213,0.0002473465141858605,0.001271568171029794,-3.831147939867719e-05,-0.00025284776848925417,0.0001624618352297686,0.5142857142857142,False
ig,frac_fu_new,Full metal real index,9,sum,0.00024217672789993895,-0.0009316359994228087,0.003508957584661683,0.005429785984437015,0.0005951972341264943,-0.000540980162618061,0.002081709794636124,0.5714285714285714,False
ig,frac_fu_new,Full metal real index,9,0,0.0008818826147158669,-0.0009155101323359671,0.0037427884336133166,0.0036211228470044154,0.0009808150970077646,-0.00031734419786462985,0.00235041342055605,0.6571428571428571,False
ig,frac_fu_new,Full metal real index,9,1,-0.00023279414820939382,-0.0005032350595745949,-2.3361193199058262e-05,0.0017779499148283732,-0.0002713994683273613,-0.00038890734429711184,-0.000153412243792482,0.7714285714285715,True
ig,frac_fu_new,World Stock Market Capitalisation (% of GDP),10,sum,-0.0003906703559042867,-0.0026463097729258448,0.003223032234775108,0.005036397375008233,-0.00025114190719250956,-0.001584390501918925,0.0009813756837746422,0.6,False
ig,frac_fu_new,World Stock Market Capitalisation (% of GDP),10,0,-0.0010478738556586914,-0.0029402609224556293,0.0026785079295854157,0.004565475593734823,-0.0004743715742511848,-0.0018285459761173141,0.0007913319091097878,0.6,False
ig,frac_fu_new,World Stock Market Capitalisation (% of GDP),10,1,0.0002125866844961185,5.120930610786875e-05,0.00039617898714910515,0.0015470545345192123,0.0002070319214406056,0.00011096215879360477,0.0002849224865008371,0.8285714285714286,True
ig,frac_fu_new,China Total Manufacturing Output,11,sum,0.0008173685657413592,-0.009345627736877537,0.011710760081866865,0.014435371444902043,0.0009793827302990148,-0.004779958012635754,0.006761784794577884,0.5142857142857142,False
ig,frac_fu_new,China Total Manufacturing Output,11,0,0.0007599837521526864,-0.009366634425166033,0.01171670652366821,0.014360054962813815,0.0010137128094963753,-0.004737756586184262,0.006745464983280803,0.5142857142857142,False
ig,frac_fu_new,China Total Manufacturing Output,11,1,5.738481358867255e-05,-3.596159746709391e-05,0.00012595113373511035,0.001471821554191271,3.8696229452432095e-05,-1.0837368356687117e-05,7.767963804526327e-05,0.6285714285714286,False
ig,frac_fu_new,Population,12,sum,0.00048117125004952104,-0.0014033319876116607,0.002270331649396843,0.002138177298945633,0.0004928011838977595,-0.0004706795550272092,0.0016667266920716325,0.5428571428571428,False
ig,frac_fu_new,Population,12,0,0.0005169831411003937,-0.0013947934087367487,0.0022581345245233325,0.002159466384550379,0.0005136759828607649,-0.00046111177998864794,0.0016890012875774801,0.5428571428571428,False
ig,frac_fu_new,Population,12,1,-8.208410225692455e-07,-3.772803462181494e-05,2.9685387242409415e-05,5.498319781826296e-05,-6.877608090490204e-06,-2.66207244345316e-05,1.3355641024271873e-05,0.5142857142857142,False
ig,frac_eu_new,Zinc real price,0,sum,0.0007192321983306336,-0.00031281090726762497,0.0014940196102035896,0.0027459449420670647,0.0004905165921524805,-0.00022329372468071458,0.0010582607420528043,0.6,False
ig,frac_eu_new,Zinc real price,0,0,0.0004959125102670791,-0.00038205646994621083,0.0013511626648898458,0.0021742244711786584,0.00043387250501244486,-0.00023096424869953065,0.0010207223374607056,0.6,False
ig,frac_eu_new,Zinc real price,0,1,2.7638934222619798e-05,-0.00011160042098286638,0.00013943139755169802,0.000834471818551568,1.744697099068122e-05,-4.532377067254576e-05,8.772937750731337e-05,0.5142857142857142,False
ig,frac_eu_new,Energy index,1,sum,0.0015824403650178617,-0.00022375833516493913,0.0032009547483077567,0.0038930540768435384,0.001569396822193623,0.0006189806033445005,0.0024772110746988842,0.7142857142857143,True
ig,frac_eu_new,Energy index,1,0,0.0016038390696582676,-0.00021211083427601128,0.0033364876621193593,0.003674206199937175,0.0016360561985903463,0.0007114195762938476,0.0026055150936558817,0.7142857142857143,True
ig,frac_eu_new,Energy index,1,1,-0.00010033792602218353,-0.00021526605235049653,-1.0661185849020298e-05,0.0009162535341581506,-0.00010067006879371798,-0.00014889860400543772,-5.223156028824551e-05,0.7714285714285715,True
ig,frac_eu_new,GDP,2,sum,-0.00038748996569636736,-0.0018666785719772807,0.0018123074786115636,0.0025586295742511104,-0.00040038022191501846,-0.0014955447592333593,0.0006102169327817228,0.6,False
ig,frac_eu_new,GDP,2,0,-0.00039953842409974513,-0.001871975875159403,0.0018121104456452306,0.0025571298577970287,-0.00040703078185722015,-0.001503779759757674,0.0006007710281884274,0.6,False
ig,frac_eu_new,GDP,2,1,2.1264845189538534e-06,-2.7110599649071827e-06,7.166885724290754e-06,9.141363081384413e-05,1.8542741243376639e-06,-6.218171116538616e-07,4.485841099343826e-06,0.6285714285714286,False
ig,frac_eu_new,US Industrial Production Total Index,3,sum,-0.00012413594927127995,-0.001476987684887859,0.0014634568134105548,0.002618379857403039,-6.141925781165926e-05,-0.0008415018282591101,0.0006791703834211666,0.5142857142857142,False
ig,frac_eu_new,US Industrial Production Total Index,3,0,-0.00021193975289867775,-0.001473953280862185,0.00134896545753503,0.0026360812251270053,-0.0001351134394368803,-0.0009155529790797706,0.0006313326303354538,0.5428571428571428,False
ig,frac_eu_new,US Industrial Production Total Index,3,1,3.8721090644566354e-05,-7.119781471715065e-05,0.00011754738028111755,0.0003109778110239548,2.870250084885215e-05,-2.4106877784173905e-05,8.044233108570604e-05,0.5428571428571428,False
ig,frac_eu_new,EU28 Industrial Production Total Index,4,sum,-0.00022858191405016412,-0.002168277275545272,0.0003743899315522163,0.002172987124436634,-0.0007981140889942503,-0.001573184660726848,2.4472066422035988e-05,0.5714285714285714,False
ig,frac_eu_new,EU28 Industrial Production Total Index,4,0,-0.00029107546019158624,-0.0021757271235283986,0.00040596428418470683,0.0015962207591570237,-0.0008204059893629243,-0.0015836213972518752,-5.3638286690694354e-06,0.5714285714285714,True
ig,frac_eu_new,EU28 Industrial Production Total Index,4,1,9.956716019480836e-06,-1.8314916732813895e-05,3.619345696972518e-05,0.0002451497881215374,9.253596778939607e-06,-1.0356200103521152e-05,2.5817924329192194e-05,0.5714285714285714,False
ig,frac_eu_new,China All Industry Value Added (Constant 2015 USD),5,sum,0.0012442724873245597,-0.004185597373852433,0.004587475216122362,0.0072572141587415265,0.0013314835971942039,-0.0017411848039102246,0.004587475216122362,0.5428571428571428,False
ig,frac_eu_new,China All Industry Value Added (Constant 2015 USD),5,0,0.0013376191141972172,-0.004098679567763355,0.0045286588700153094,0.0072740083084838255,0.0013440429806763038,-0.0017278476552811722,0.0045286588700153094,0.6,False
ig,frac_eu_new,China All Industry Value Added (Constant 2015 USD),5,1,1.94230320605474e-05,-7.106624602719769e-05,9.845321883470988e-05,0.0003583055262515794,1.7262515353937115e-05,-2.2749609195157798e-05,6.0186774220043744e-05,0.5428571428571428,False
ig,frac_eu_new,Producer Price Index of Non-ferrous Scrap,6,sum,-0.00042266840748091865,-0.0025016135788434625,0.0019057239435910688,0.0038139764175993537,-0.0004337701027076895,-0.0015594658642801612,0.000835498199962617,0.5714285714285714,False
ig,frac_eu_new,Producer Price Index of Non-ferrous Scrap,6,0,-0.00039606069313226236,-0.0024357854157240457,0.0021332040659054153,0.002948181767728003,-0.00033566738044140537,-0.001513259595213353,0.0008938353929971877,0.5714285714285714,False
ig,frac_eu_new,Producer Price Index of Non-ferrous Scrap,6,1,-9.712921322409173e-05,-0.00019058039688460497,6.507395098742676e-05,0.001056455750952453,-6.730693546709216e-05,-0.0001458312123058893,2.5221819310901534e-05,0.6285714285714286,False
ig,frac_eu_new,Real Treatment Charges,7,sum,-0.00038995630347095,-0.0020569554747898603,0.0010158597448482077,0.0023253847798696235,-0.0004319097452732745,-0.0011817667165826425,0.000337896560554889,0.6,False
ig,frac_eu_new,Real Treatment Charges,7,0,-0.0004708847807821699,-0.0019852951162168593,0.001025574151559341,0.0019157161382282674,-0.00044531142113010366,-0.0011659495000482711,0.00032802205657311986,0.6,False
ig,frac_eu_new,Real Treatment Charges,7,1,-2.43965898328531e-05,-6.09321195362757e-05,6.102468696052803e-05,0.0011887511468342629,-5.883616643394947e-06,-3.873381034553202e-05,2.574467101597956e-05,0.5428571428571428,False
ig,frac_eu_new,Precious metal index,8,sum,0.00017105882743299238,-0.0023084592118391223,0.0018177491661216867,0.004036136250198391,-0.00014313250146526685,-0.0010852216014882578,0.0008966077102467371,0.5428571428571428,False
ig,frac_eu_new,Precious metal index,8,0,0.00042667149171943903,-0.0025867598323401735,0.0018128039344188027,0.00402204110655356,-0.00013437414836302037,-0.0011229131417037567,0.0009370131621422946,0.5428571428571428,False
ig,frac_eu_new,Precious metal index,8,1,-9.033344551390577e-05,-0.0004336163830897397,0.00026397513479294466,0.0012081519149317896,-6.084634085926156e-05,-0.00022914661896896634,0.0001240423579607449,0.6,False
ig,frac_eu_new,Full metal real index,9,sum,-0.0004995679597794337,-0.0025708659420449797,0.001090233711394183,0.0029012291039721997,-0.0006310739334282066,-0.0014409196782344024,8.399610513142454e-05,0.6,False
ig,frac_eu_new,Full metal real index,9,0,-0.0003655370406388706,-0.0024007261861587765,0.0010595311246014878,0.0023283917044726746,-0.0006066150993755114,-0.0013890031892666022,0.00016454276317795163,0.5714285714285714,False
ig,frac_eu_new,Full metal real index,9,1,-5.874271543442458e-05,-0.00018071274472570878,5.936713387596194e-05,0.0009503583299493173,-6.033692959626216e-05,-0.0001393361143279228,1.784997183172425e-05,0.6285714285714286,False
ig,frac_eu_new,World Stock Market Capitalisation (% of GDP),10,sum,-0.0012117923286873405,-0.0028713398589923006,-6.866221545820763e-05,0.0032332282993488962,-0.0013798922923545153,-0.0022005410263763532,-0.0006603522858063919,0.7428571428571429,True
ig,frac_eu_new,World Stock Market Capitalisation (% of GDP),10,0,-0.001131385120941503,-0.0026874602415593307,-0.00013130515595487143,0.0029784158338925673,-0.0013035624049276317,-0.0021084252779995714,-0.0006485356802863547,0.7714285714285715,True
ig,frac_eu_new,World Stock Market Capitalisation (% of GDP),10,1,-5.7793807374033434e-05,-0.00015153595566681305,5.082671716457992e-05,0.0006439313456544269,-5.232485540249441e-05,-0.00012050554183092264,-4.140152414256445e-06,0.5714285714285714,True
ig,frac_eu_new,China Total Manufacturing Output,11,sum,0.003993021139490088,-0.004542297011929717,0.012206957322043781,0.01232402500461981,0.003589953384255572,-0.00023921206503260618,0.00781938198413654,0.6,False
ig,frac_eu_new,China Total Manufacturing Output,11,0,0.0038847102181973833,-0.004542981137863336,0.012186110637250388,0.012225493507042284,0.003600644484587955,-0.00022089387132439523,0.00784306798823251,0.6,False
ig,frac_eu_new,China Total Manufacturing Output,11,1,-1.9815289545856854e-06,-6.83398580487415e-05,3.923040106555405e-05,0.0007398017532862131,-8.115655303809422e-06,-3.324483640458041e-05,1.9153605082832337e-05,0.5428571428571428,False
ig,frac_eu_new,Population,12,sum,-0.0002912857289800938,-0.0009824753617562038,0.0011415359838981643,0.0018664846976392175,4.407972049401701e-05,-0.0005703734057832339,0.0005994764343373513,0.5714285714285714,False
ig,frac_eu_new,Population,12,0,-0.0003027314568096065,-0.0009890283361891766,0.0011228827941351153,0.0018419127910351083,4.139064942230091e-05,-0.0005897893527608993,0.0005950624175177578,0.5428571428571428,False
ig,frac_eu_new,Population,12,1,1.0541491335678657e-06,-1.9080115126013452e-05,2.3053506353664365e-05,3.431063882675281e-05,5.341954964834856e-07,-1.2506411996322654e-05,1.1787385218831063e-05,0.5428571428571428,False
ig,f_cohort_10yr,Zinc real price,0,sum,0.0020585319365914374,-0.0016595413310131505,0.009329979875290714,0.013890538390988586,0.0024277548623032018,-0.0006094845439101211,0.005995715835889378,0.6,False
ig,f_cohort_10yr,Zinc real price,0,0,0.0013773461391389252,-0.0029427404276444065,0.008957995018060699,0.01016729398915446,0.0021789534988863116,-0.001124270976789242,0.006214011764311857,0.5428571428571428,False
ig,f_cohort_10yr,Zinc real price,0,1,-0.00022594059052394,-0.0006864055213119098,0.0007935718998304813,0.005624253364206933,-3.011853652819905e-05,-0.0004801454605868208,0.0004242793262681009,0.6,False
ig,f_cohort_10yr,Energy index,1,sum,-0.00805518750777649,-0.01802042275169071,-0.0010742912712561237,0.022259760518095195,-0.008548833921309496,-0.012333776662999466,-0.003771673513394278,0.8285714285714286,True
ig,f_cohort_10yr,Energy index,1,0,-0.007752993613885999,-0.017965099966697005,-0.001017318326407808,0.020879931925763182,-0.008927834816052173,-0.012511051619662362,-0.003811718033515264,0.7714285714285715,True
ig,f_cohort_10yr,Energy index,1,1,-6.114153620045788e-05,-0.0006698904955617442,0.0005655007378292686,0.005337746200438971,-0.0001299680237292878,-0.00041856783708825234,0.00021373147198244205,0.5428571428571428,False
ig,f_cohort_10yr,GDP,2,sum,0.005121503979576072,-0.008346011452018715,0.013413260827541823,0.013803893883081184,0.002914417901311504,-0.0033708777003402077,0.009937619023168857,0.5714285714285714,False
ig,f_cohort_10yr,GDP,2,0,0.005249231999035759,-0.008375143663761337,0.013388715478538291,0.013788822568655656,0.002895408273975373,-0.0034129323617193945,0.009922313243498414,0.5714285714285714,False
ig,f_cohort_10yr,GDP,2,1,1.1210211080706748e-05,-1.6837976235195393e-05,6.602315619640519e-05,0.0003546121192710931,1.783317052815324e-05,-2.74163098577862e-06,4.383395254199575e-05,0.6285714285714286,False
ig,f_cohort_10yr,US Industrial Production Total Index,3,sum,-0.0004904784000410667,-0.00784806568717689,0.0036055959129840318,0.008245631020817226,-0.0012646458231250035,-0.00612165317768286,0.0022660168386426875,0.5142857142857142,False
ig,f_cohort_10yr,US Industrial Production Total Index,3,0,-0.0004735562465328246,-0.007847792718895337,0.003741246690659676,0.008140840271132422,-0.0011090797299362115,-0.006094889766257647,0.0024043206269536363,0.5142857142857142,False
ig,f_cohort_10yr,US Industrial Production Total Index,3,1,-9.082238567076634e-05,-0.00027484473080512247,1.696086860331427e-05,0.0007499903319619294,-0.00010382426671065215,-0.00019146751658053832,-1.828849194920587e-05,0.7428571428571429,True
ig,f_cohort_10yr,EU28 Industrial Production Total Index,4,sum,-0.0005829217511904633,-0.0052118522936521906,0.0026207922898686094,0.00675354226053877,-0.0008445359887536505,-0.0030870335370277256,0.0020935024433343585,0.5428571428571428,False
ig,f_cohort_10yr,EU28 Industrial Production Total Index,4,0,-0.000732961649256682,-0.005215179155398225,0.002500313319844537,0.006067622937364586,-0.0007584463132292758,-0.0030273901599460924,0.0021797419254873216,0.5428571428571428,False
ig,f_cohort_10yr,EU28 Industrial Production Total Index,4,1,-1.1042971374184583e-05,-0.00017943483829197142,0.00013286442427444848,0.0012636329813267102,-3.189544078461541e-05,-0.00011014883411567302,3.962018255436895e-05,0.5142857142857142,False
ig,f_cohort_10yr,China All Industry Value Added (Constant 2015 USD),5,sum,0.0095518663666274,-0.02319609356160827,0.03401263534519602,0.04244352593583091,0.010110075293148082,-0.005340059216760302,0.02574462968815726,0.6285714285714286,False
ig,f_cohort_10yr,China All Industry Value Added (Constant 2015 USD),5,0,0.009223522702318682,-0.02245370104850677,0.034075764419044766,0.04273881785765075,0.010375111643412432,-0.0051163226171515065,0.025900728010099672,0.6285714285714286,False
ig,f_cohort_10yr,China All Industry Value Added (Constant 2015 USD),5,1,-6.862251916846598e-07,-0.0003561914468301828,0.00025617957007269856,0.0017928420389153397,-2.7721811268021983e-05,-0.00018534378414979816,0.00012612143639403585,0.5142857142857142,False
ig,f_cohort_10yr,Producer Price Index of Non-ferrous Scrap,6,sum,0.0062572817399920546,-0.006288876214766329,0.015726942919966087,0.016417254065818662,0.00649965363948291,0.00041299610846377887,0.015117458329685855,0.6,True
ig,f_cohort_10yr,Producer Price Index of Non-ferrous Scrap,6,0,0.004098232608730405,-0.005531216341631576,0.014697411473954747,0.01387638072120594,0.0059068949990019595,9.071698157527485e-05,0.014697411473954747,0.6285714285714286,True
ig,f_cohort_10yr,Producer Price Index of Non-ferrous Scrap,6,1,0.00028517261083303556,-0.0007933674295947974,0.0014200444944251819,0.007019486612083683,0.0003573101200715111,-0.000231207515338376,0.0010137261176372172,0.6,False
ig,f_cohort_10yr,Real Treatment Charges,7,sum,-0.00021037868081058268,-0.0047567346577169975,0.0047151043845271735,0.011950344363778122,0.00020470522941023615,-0.002302012262124503,0.0028211621825558336,0.5142857142857142,False
ig,f_cohort_10yr,Real Treatment Charges,7,0,-0.0001495280998295148,-0.0048304684191414,0.005010775930860704,0.008536287417075529,0.0002647455672139786,-0.002356288918366148,0.003101367213146812,0.5714285714285714,False
ig,f_cohort_10yr,Real Treatment Charges,7,1,-5.933985266464471e-05,-0.0003772479126795559,0.00012156815175485262,0.005454435358760732,-7.817147730506133e-05,-0.00024707243319382823,5.3137679601858224e-05,0.6285714285714286,False
ig,f_cohort_10yr,Precious metal index,8,sum,-0.003816558182749001,-0.011339557487779133,0.004274603258126774,0.020843698392773242,-0.0030933582510886378,-0.007171590570686625,0.0020686523451593623,0.6571428571428571,False
ig,f_cohort_10yr,Precious metal index,8,0,-0.0024350426347974166,-0.011767542889737142,0.004211186389208306,0.01750066415525628,-0.0030670006639425917,-0.007301351965391862,0.0017929440014049563,0.6571428571428571,False
ig,f_cohort_10yr,Precious metal index,8,1,-0.00029815962169786695,-0.0010849555105806826,0.0009914010827656078,0.0035357485495638315,-0.00019134910392494152,-0.000791060192843245,0.000744343484788792,0.6571428571428571,False
ig,f_cohort_10yr,Full metal real index,9,sum,-0.004651925203154048,-0.009779189379466913,0.0041170512897708445,0.015947422537793313,-0.0034472989263245103,-0.0075958484566013215,0.00028090720472967847,0.6285714285714286,False
ig,f_cohort_10yr,Full metal real index,9,0,-0.004358969026373884,-0.00858527789572617,0.0035900800714632176,0.011029347001543292,-0.0033598195760061516,-0.006899358949703,0.0007303660938828187,0.6571428571428571,False
ig,f_cohort_10yr,Full metal real index,9,1,-0.0006177618064149304,-0.001373761221720643,0.0005276004692229653,0.0066264671228727385,-0.0004846288824764832,-0.000979659759766494,8.334048345052847e-05,0.6857142857142857,False
ig,f_cohort_10yr,World Stock Market Capitalisation (% of GDP),10,sum,-0.0011623942816545098,-0.010742643603017656,0.010554941078425386,0.021613502932109088,-0.00027759440370104464,-0.005654139411804208,0.0035750582146520512,0.5142857142857142,False
ig,f_cohort_10yr,World Stock Market Capitalisation (% of GDP),10,0,-1.0002760268998205e-06,-0.010330344672909251,0.01110320235879541,0.01959240051472477,0.00019423751116786242,-0.004996680589208103,0.0036866411976008663,0.5142857142857142,False
ig,f_cohort_10yr,World Stock Market Capitalisation (% of GDP),10,1,-0.00042665620167352535,-0.0010471140549702977,0.0005914169675675056,0.00508453966411989,-0.000316415165480315,-0.0007625223555116042,5.438050584004333e-05,0.6285714285714286,False
ig,f_cohort_10yr,China Total Manufacturing Output,11,sum,-0.009151879260246635,-0.04985125662057427,0.008709657562491485,0.04317819159168574,-0.017958280074523943,-0.03534310096158316,-0.0025124644025772943,0.6571428571428571,True
ig,f_cohort_10yr,China Total Manufacturing Output,11,0,-0.009462004798457607,-0.049577141025920285,0.008800213071194907,0.04328700448395874,-0.017935608768423053,-0.03535610639233078,-0.0024725298307599515,0.6285714285714286,True
ig,f_cohort_10yr,China Total Manufacturing Output,11,1,3.0256216612776272e-05,-0.00013957634237452384,0.00036834874182347364,0.004176116676789375,7.614543233174077e-05,-6.965149157335971e-05,0.00023982115058097004,0.5428571428571428,False
ig,f_cohort_10yr,Population,12,sum,0.0008759810795572826,-0.0032156817918324136,0.0045145248979114976,0.006046681331948666,0.0004976497473346645,-0.0025545263825189376,0.002875943775079347,0.5714285714285714,False
ig,f_cohort_10yr,Population,12,0,0.0009827144810593766,-0.0032076331249077383,0.004344422589463624,0.005903898126888344,0.0004721160046401577,-0.002611085803048657,0.002916623100685865,0.5714285714285714,False
ig,f_cohort_10yr,Population,12,1,2.5118247190920434e-07,-0.00010783185723315496,6.460628395802289e-05,0.00013842930919990388,-1.719363373006367e-05,-6.123269024569564e-05,3.511814843054998e-05,0.5142857142857142,False
ig,f_cohort_20yr,Zinc real price,0,sum,0.0016773516283957485,-0.006928214307241293,0.008398002578919175,0.02165539951750295,0.001453653241137468,-0.003076296587435869,0.0055436328513546905,0.5714285714285714,False
ig,f_cohort_20yr,Zinc real price,0,0,0.0021014332454075226,-0.007062157164851885,0.008931138124230551,0.013772919064413114,0.0017136762471099201,-0.002897380900027516,0.00600234656920929,0.5714285714285714,False
ig,f_cohort_20yr,Zinc real price,0,1,-0.000197896302053757,-0.001118486080515688,0.0005628783703524826,0.009492439987343584,-0.00027728590393960535,-0.0008592895086379662,0.0002922042774741843,0.6,False
ig,f_cohort_20yr,Energy index,1,sum,-0.0014087483725693383,-0.018014332266953384,0.012704838301454623,0.028786834149450713,-0.0010246468296909016,-0.009367415862773999,0.007496201720265463,0.5142857142857142,False
ig,f_cohort_20yr,Energy index,1,0,-0.0006250164932125777,-0.01869650179376663,0.013384534146595229,0.028822047210153145,-0.0005262850727149139,-0.009393212281887817,0.008506895699653606,0.5142857142857142,False
ig,f_cohort_20yr,Energy index,1,1,-0.0007097608571173672,-0.0018350480515744744,0.0005528793610926447,0.009531190198008282,-0.0006893990422457269,-0.00138156646096022,-2.392981289592742e-05,0.6857142857142857,True
ig,f_cohort_20yr,GDP,2,sum,0.005580096813091527,-0.024353436225618072,0.01675487825271785,0.030941387890465917,0.0010806256976476705,-0.009662808820658553,0.010461686111798391,0.5428571428571428,False
ig,f_cohort_20yr,GDP,2,0,0.005612150309197669,-0.02435751962685899,0.016766073459944263,0.03091458469506898,0.001066795337627178,-0.00970388964884494,0.010451029496164858,0.5428571428571428,False
ig,f_cohort_20yr,GDP,2,1,6.418050559021249e-07,-5.371004904920208e-05,5.049702683776596e-05,0.0007466666352627099,-5.538974228971706e-07,-2.9295341435327727e-05,2.7919576422733704e-05,0.5142857142857142,False
ig,f_cohort_20yr,US Industrial Production Total Index,3,sum,-0.0006089061904653864,-0.009161928502548307,0.012284318627169074,0.022097452729267685,0.0007621319651846758,-0.004656330866346263,0.006289750475472333,0.5142857142857142,False
ig,f_cohort_20yr,US Industrial Production Total Index,3,0,-0.0005891817666119116,-0.009514333084424032,0.012592691712208514,0.021983063592193215,0.0005899997034496785,-0.004520647425634006,0.006385885454878755,0.5142857142857142,False
ig,f_cohort_20yr,US Industrial Production Total Index,3,1,-1.9724423853474843e-05,-0.000806076692897365,0.0005724897925512229,0.002891171652877973,-9.322775258197862e-05,-0.00045217705216715927,0.0002622572322884425,0.5142857142857142,False
ig,f_cohort_20yr,EU28 Industrial Production Total Index,4,sum,4.653888865805934e-05,-0.006573837180775822,0.010029030877875926,0.012992465463004416,0.0015659408096588188,-0.002025325747580192,0.0052102515035713295,0.5142857142857142,False
ig,f_cohort_20yr,EU28 Industrial Production Total Index,4,0,0.0001956638851765713,-0.006257310572898297,0.010004490143114034,0.012810252797589858,0.0015744408461633476,-0.002139978940153717,0.005178896773445473,0.5142857142857142,False
ig,f_cohort_20yr,EU28 Industrial Production Total Index,4,1,3.743491373009773e-05,-0.00021971149551404645,0.00018548703494432117,0.001671088330539279,3.3191443867057504e-06,-0.00011127761337522295,0.00014992859925415313,0.5428571428571428,False
ig,f_cohort_20yr,China All Industry Value Added (Constant 2015 USD),5,sum,-0.015310203705334707,-0.08014461253555161,0.027609517615229465,0.07228535839523051,-0.025784306700651915,-0.0507483357941476,-0.0013891317511710473,0.6571428571428571,True
ig,f_cohort_20yr,China All Industry Value Added (Constant 2015 USD),5,0,-0.015383110790882264,-0.0801874666048431,0.02741758215218435,0.07206931585292398,-0.02587267094178955,-0.05094984082556116,-0.0012799273393689706,0.6571428571428571,True
ig,f_cohort_20yr,China All Industry Value Added (Constant 2015 USD),5,1,-0.0002113818994715457,-0.0005799890984769839,0.00046696861844166225,0.0026854005420370126,-0.00010567811870751382,-0.0003677416650564149,0.00016609503618887847,0.6,False
ig,f_cohort_20yr,Producer Price Index of Non-ferrous Scrap,6,sum,0.0026834663824356004,-0.013686704996011982,0.01733405055585701,0.023551713657433793,0.0015855856388705277,-0.0072187836153069715,0.010473951482898536,0.5428571428571428,False
ig,f_cohort_20yr,Producer Price Index of Non-ferrous Scrap,6,0,0.004713967741671352,-0.013083280015190442,0.019285398722070305,0.01942449374029804,0.002702220773326385,-0.006530680129744073,0.011554939442076582,0.5428571428571428,False
ig,f_cohort_20yr,Producer Price Index of Non-ferrous Scrap,6,1,-0.0012797637960129294,-0.002345447070697425,0.0009545857677698507,0.010865348542434783,-0.0008973616231060836,-0.0017978795215689877,-8.931342788753589e-05,0.6571428571428571,True
ig,f_cohort_20yr,Real Treatment Charges,7,sum,0.00041903250264003247,-0.01142072798291618,0.006596677469905098,0.01918573288690615,-0.002254391271440293,-0.005953898668022261,0.0021143756870019782,0.5142857142857142,False
ig,f_cohort_20yr,Real Treatment Charges,7,0,-0.0004984030494186583,-0.010711074708555392,0.007194460423973683,0.012963811236717773,-0.0017720300507055387,-0.005633349487891075,0.0023172398105574255,0.5142857142857142,False
ig,f_cohort_20yr,Real Treatment Charges,7,1,-0.0003808343557206634,-0.0006180706309857189,0.00018900291723040205,0.00931967205186809,-0.00027196467004337763,-0.0005076926741763248,-5.4058659244570964e-05,0.6571428571428571,True
ig,f_cohort_20yr,Precious metal index,8,sum,-0.008221465014498833,-0.01864927627677313,0.0025568179375580684,0.030154149341762394,-0.008192031479526555,-0.014656747283951456,0.0007553194628742172,0.7428571428571429,False
ig,f_cohort_20yr,Precious metal index,8,0,-0.008114450754573491,-0.019159721120854442,0.0019341255134417623,0.028316461042503883,-0.007773142937448736,-0.015235962457187738,0.001729352826679699,0.7428571428571429,False
ig,f_cohort_20yr,Precious metal index,8,1,-0.0009226284970069193,-0.0032125696644650114,0.00168562020301241,0.007356457591828763,-0.0007599753611600025,-0.0019184062243778276,0.0006080525850189536,0.6,False
ig,f_cohort_20yr,Full metal real index,9,sum,-0.0020299225205723213,-0.012711150273934378,0.009344587724993091,0.02165195381232553,-0.001667981552562303,-0.00712443908903394,0.004132202449647574,0.5428571428571428,False
ig,f_cohort_20yr,Full metal real index,9,0,-0.00046208065319670725,-0.01223840115704181,0.00863558200715892,0.01703564993034969,-0.0011521752667490472,-0.006736283412588028,0.0042058996294677894,0.5142857142857142,False
ig,f_cohort_20yr,Full metal real index,9,1,-0.0008960816418096179,-0.0018957247629045112,0.0007995584488350352,0.00854933999809882,-0.0006219246413232001,-0.0012876970544750512,0.0003815045104916718,0.6571428571428571,False
ig,f_cohort_20yr,World Stock Market Capitalisation (% of GDP),10,sum,-0.0014371358586065623,-0.01280886158413874,0.009228721165291423,0.02862080562592923,-0.00159005356928053,-0.00719482519315884,0.004028626343611806,0.5428571428571428,False
ig,f_cohort_20yr,World Stock Market Capitalisation (% of GDP),10,0,-0.0021416712185617407,-0.012532857589270027,0.00855411107249859,0.01837528888956649,-0.0018877030342239456,-0.007227618178734655,0.0038716911243606377,0.5714285714285714,False
ig,f_cohort_20yr,World Stock Market Capitalisation (% of GDP),10,1,-3.949970690498177e-05,-0.0010779740831842576,0.00110396519069201,0.005674211920507271,-6.521412894329782e-06,-0.000546854351614658,0.0005374479320154942,0.5428571428571428,False
ig,f_cohort_20yr,China Total Manufacturing Output,11,sum,-0.019470319787457595,-0.0668927536108957,0.04734889962638823,0.07780129224142436,-0.009490167197000361,-0.040968183587639415,0.022655704224103325,0.5714285714285714,False
ig,f_cohort_20yr,China Total Manufacturing Output,11,0,-0.01974801282324077,-0.06681559735435504,0.04728981825396374,0.07797705352524811,-0.009033086297643633,-0.040355493568360386,0.022617558878583962,0.5714285714285714,False
ig,f_cohort_20yr,China Total Manufacturing Output,11,1,-0.00021188657456396726,-0.00043757322787348985,0.00012748012120794428,0.006459883657747603,-0.00014815621322038518,-0.000302476918472293,2.892275129754425e-05,0.6285714285714286,False
ig,f_cohort_20yr,Population,12,sum,0.0053945797683906645,-0.002632353133213774,0.009422050540324557,0.013356115171498966,0.004223051681261974,-0.0012459495628875973,0.008119217776187295,0.6857142857142857,False
ig,f_cohort_20yr,Population,12,0,0.0053052298889238805,-0.002434427171148486,0.009337768253770935,0.013337056507314107,0.0041945977973194895,-0.0012337262793014041,0.008208578910494889,0.6857142857142857,False
ig,f_cohort_20yr,Population,12,1,-8.693642662819188e-06,-0.00013970462733037202,6.688365780221358e-05,0.00017147068400370013,-2.411439726539779e-05,-9.058811267988834e-05,4.420130216904558e-05,0.5142857142857142,False
ig,f_cohort_44yr,Zinc real price,0,sum,-0.006685847199857512,-0.013512510643194987,0.006107655751705056,0.028397751283040083,-0.003515429386421627,-0.00985771709914374,0.0023235693759597028,0.5714285714285714,False
ig,f_cohort_44yr,Zinc real price,0,0,-0.0091635323315688,-0.01288306622845832,0.008041485215524703,0.02225791387579813,-0.004147663390737549,-0.010831526184199747,0.0022138322812931127,0.5714285714285714,False
ig,f_cohort_44yr,Zinc real price,0,1,0.00034747478676578486,-0.0013715025553959715,0.0015676915091977872,0.013560800860283379,0.0002393055522140914,-0.0006463473688153934,0.0011069934573918945,0.5714285714285714,False
ig,f_cohort_44yr,Energy index,1,sum,0.01049920665552256,-0.018974623164005534,0.026796162162549528,0.04530652578667922,0.0075516101270998335,-0.003720174920451142,0.017643169165697456,0.6,False
ig,f_cohort_44yr,Energy index,1,0,0.009242365371574638,-0.017845029532034214,0.028250424074754917,0.03801516919258636,0.007142794214295287,-0.00430531421333015,0.016963273124999165,0.6,False
ig,f_cohort_44yr,Energy index,1,1,0.0006355285312353788,-0.0007887617236096666,0.0022647117565874346,0.012107552573351242,0.000726207385092577,-3.307603198816482e-05,0.0014765129647638477,0.5428571428571428,False
ig,f_cohort_44yr,GDP,2,sum,-0.002299970779251328,-0.02955861847843557,0.019479607971223067,0.03279572532257273,-0.004094327580676459,-0.017677323884563684,0.008284693630215223,0.5428571428571428,False
ig,f_cohort_44yr,GDP,2,0,-0.002046237173780366,-0.02947811037984171,0.019418844147310182,0.03274182594656584,-0.004090329922860684,-0.01765447599024648,0.008231348197066916,0.5428571428571428,False
ig,f_cohort_44yr,GDP,2,1,-2.4178162128028973e-05,-7.45416421663896e-05,4.807988482998016e-05,0.0010109905789763547,-1.8605359836068916e-05,-5.4401350724063225e-05,1.6268634403035307e-05,0.5714285714285714,False
ig,f_cohort_44yr,US Industrial Production Total Index,3,sum,0.006795978305825781,-0.013046933354464378,0.014355387452238598,0.022574664524724605,0.0014741446325690208,-0.0046513397842108326,0.0087756865292854,0.6,False
ig,f_cohort_44yr,US Industrial Production Total Index,3,0,0.006468047549031866,-0.013728160358879339,0.014526467624414974,0.02252695720692305,0.0011753701287392658,-0.005052187364952626,0.008616980958208469,0.6,False
ig,f_cohort_44yr,US Industrial Production Total Index,3,1,0.00013806232871379657,-0.00036236663154783663,0.0008595516554377504,0.0018793815613304837,0.0002002298752516433,-0.00015907101368533715,0.0005424081078965476,0.5428571428571428,False
ig,f_cohort_44yr,EU28 Industrial Production Total Index,4,sum,-0.0014882239439149624,-0.012219903313618427,0.01059570847868863,0.01692284167315362,-0.001378065251392308,-0.0072160305181992205,0.002690263916463348,0.5714285714285714,False
ig,f_cohort_44yr,EU28 Industrial Production Total Index,4,0,-0.00195322952184247,-0.012221532997124921,0.010376266743734744,0.016791839524690554,-0.0016100444791393468,-0.0072800130145703155,0.002830096219422235,0.5714285714285714,False
ig,f_cohort_44yr,EU28 Industrial Production Total Index,4,1,8.410962515185624e-05,-0.0002610784301979326,0.000353250044912428,0.00241270611433395,2.188659384520624e-05,-0.00014511829279826135,0.0001832061860864305,0.5428571428571428,False
ig,f_cohort_44yr,China All Industry Value Added (Constant 2015 USD),5,sum,0.012866990912203419,-0.047068210516515906,0.09872191863804572,0.1340109548326551,0.0187274590629646,-0.016172378650322436,0.04806010555850862,0.5142857142857142,False
ig,f_cohort_44yr,China All Industry Value Added (Constant 2015 USD),5,0,0.013795613707355475,-0.047158892839841426,0.0985305675014617,0.13378215223116544,0.0184172156752443,-0.016325780275293307,0.04812806894720722,0.5142857142857142,False
ig,f_cohort_44yr,China All Industry Value Added (Constant 2015 USD),5,1,0.0001672748140787452,-0.0005694095089194527,0.0008449978341085872,0.003506469919949981,0.00012532786768157665,-0.00021016451175106455,0.0004636892090014678,0.6,False
ig,f_cohort_44yr,Producer Price Index of Non-ferrous Scrap,6,sum,-0.010615181283886966,-0.02729087606961788,0.006620182442488163,0.03766904604291414,-0.011983783994534977,-0.022443760808207786,-0.0002241340477124737,0.6857142857142857,True
ig,f_cohort_44yr,Producer Price Index of Non-ferrous Scrap,6,0,-0.011549108933778453,-0.03075290961390641,0.006089726121584034,0.031085589120818335,-0.011759028521570528,-0.02290866377021257,-0.0008979430216853402,0.6857142857142857,True
ig,f_cohort_44yr,Producer Price Index of Non-ferrous Scrap,6,1,0.00015132547013585197,-0.0016288097738309105,0.0024112418110679964,0.013991924521334482,0.0003739837900902802,-0.000679732286589946,0.0014443810741760956,0.5428571428571428,False
ig,f_cohort_44yr,Real Treatment Charges,7,sum,0.0005102148397174017,-0.006354246350386384,0.010671852679674038,0.02362210795106697,0.0009437123652739894,-0.0035875564006440323,0.006405312892685838,0.5428571428571428,False
ig,f_cohort_44yr,Real Treatment Charges,7,0,0.0005021182290820109,-0.0068860494899414555,0.011191577577877395,0.012571934367148882,0.000607522537103152,-0.004068686662517237,0.00611674185336802,0.5142857142857142,False
ig,f_cohort_44yr,Real Treatment Charges,7,1,0.00035388763074701256,-5.726020932289855e-05,0.0008703730911152102,0.01182179294196668,0.00033156474833669595,7.333744508892799e-05,0.0006018649248089339,0.7428571428571429,True
ig,f_cohort_44yr,Precious metal index,8,sum,0.008635795140427824,-0.01128285150810111,0.025893638901229622,0.0395200665655473,0.006403532077453623,-0.002672149028092234,0.016907386769066887,0.5714285714285714,False
ig,f_cohort_44yr,Precious metal index,8,0,0.00828442806841174,-0.013841419030648014,0.028201642012979346,0.03707292086638045,0.006960674868926384,-0.0033346451618708767,0.016660496550050582,0.5714285714285714,False
ig,f_cohort_44yr,Precious metal index,8,1,0.0007517657991807328,-0.0015879467491922027,0.0038543808839348204,0.008344034189066766,0.000649002183705798,-0.0010898754613614813,0.0022452467297204115,0.5428571428571428,False
ig,f_cohort_44yr,Full metal real index,9,sum,0.005373113724713488,-0.0019472001676531258,0.015005355956449161,0.026329926691446605,0.0052574646908369604,0.0005176866515389166,0.011090234202172559,0.6857142857142857,True
ig,f_cohort_44yr,Full metal real index,9,0,0.00371303732699462,-0.0021449130916864705,0.01482340000999137,0.011460591361241643,0.00441104907237192,-0.00034823715934946065,0.010317662862293655,0.6285714285714286,False
ig,f_cohort_44yr,Full metal real index,9,1,0.0012837861351849551,-0.0010913418438546684,0.002594767159424727,0.011982995682677187,0.0008627025254554994,-0.0002544609176818812,0.0018056240474385158,0.6571428571428571,False
ig,f_cohort_44yr,World Stock Market Capitalisation (% of GDP),10,sum,0.0031505749739321005,-0.010668934027452556,0.017757691532322997,0.03455781293218838,0.002739153411033317,-0.004745339625615209,0.009954592565759732,0.5142857142857142,False
ig,f_cohort_44yr,World Stock Market Capitalisation (% of GDP),10,0,0.0037608567223681192,-0.010775872836621765,0.017076615898578187,0.029080529250591246,0.0027686675421554445,-0.005224007440254524,0.010138423412558547,0.5142857142857142,False
ig,f_cohort_44yr,World Stock Market Capitalisation (% of GDP),10,1,3.172986639694516e-06,-0.0007479196124805059,0.001553982090828335,0.0077325859319533705,0.00034401335002630514,-0.0003844040258930155,0.0010339053103653908,0.5142857142857142,False
ig,f_cohort_44yr,China Total Manufacturing Output,11,sum,0.02184248799944386,-0.034252640164659585,0.10904727428816478,0.11480100272551379,0.02844249354553383,-0.005048927446418358,0.06533113803762422,0.6285714285714286,False
ig,f_cohort_44yr,China Total Manufacturing Output,11,0,0.021626636271337228,-0.034416149129314955,0.10900620560036409,0.11409355632162539,0.028218042136457774,-0.004797215069798511,0.06523860284240904,0.6285714285714286,False
ig,f_cohort_44yr,China Total Manufacturing Output,11,1,-1.159986086828324e-05,-0.00028233003544384774,0.0003329059234755341,0.007894435378854215,1.946124218492205e-05,-0.00014523928277017245,0.00019075358436498844,0.5142857142857142,False
ig,f_cohort_44yr,Population,12,sum,-0.007753509415253532,-0.012618487733275147,0.007194422295234305,0.018132008061244605,-0.005106013058006906,-0.010657365452122296,0.0015414736302786667,0.6285714285714286,False
ig,f_cohort_44yr,Population,12,0,-0.007726701457074089,-0.012656134176613548,0.006814281946547485,0.018355053937135428,-0.00512298982125035,-0.010748900805868787,0.0014999252292541652,0.6285714285714286,False
ig,f_cohort_44yr,Population,12,1,2.3703884278876455e-06,-0.00010115383963021611,0.00019014097124696772,0.00027777339478784286,2.9666027171218966e-05,-6.023833561930778e-05,0.00011520717842889165,0.5142857142857142,False
