seed,n_perm,block_len,driver,driver_index,base_stock,base_flow,base_alpha,perm_stock_median,perm_flow_median,perm_alpha_median,perm_stock_q05,perm_flow_q05,perm_alpha_q05,perm_stock_q95,perm_flow_q95,perm_alpha_q95,alpha_max_rel_shift
0,200,5,Zinc real price,0,3.642045059865643,6.422348431802257,44.97454619993756,3.7681941632815343,7.35709777434991,50.5945498212686,3.5094993881740377,6.86990615149353,47.66332075257037,4.079208938939164,7.986620701396126,53.97245618113275,0.45539782092410125
0,200,5,Energy index,1,3.642045059865643,6.422348431802257,44.97454619993756,4.040440429925438,7.917105850343795,54.18494201855337,3.0677408789308966,7.0039578365242114,46.358859513158734,5.3764269797935,8.714134522092506,60.278825077042164,0.6696339814885783
0,200,5,GDP,2,3.642045059865643,6.422348431802257,44.97454619993756,4.3240843214460725,7.463825850405764,50.69215865629643,2.3454004359599545,6.692539407304361,47.187613415340735,6.854131979059745,8.380052392642012,57.81840548657944,1.1480428913483849
0,200,5,US Industrial Production Total Index,3,3.642045059865643,6.422348431802257,44.97454619993756,3.872886398965175,7.551071345144951,53.78487671805898,2.632722025682013,6.795576177818539,47.346501026252405,5.188345121352842,8.504284118803131,59.20767430373145,0.8318385564314691
0,200,5,EU28 Industrial Production Total Index,4,3.642045059865643,6.422348431802257,44.97454619993756,3.928669730452286,6.654437238024926,49.49607567472799,3.7704242425561185,6.289170904322806,46.66378547375489,4.146160853953719,7.01047870211068,52.21268652461238,0.4994430976498374
0,200,5,China All Industry Value Added (Constant 2015 USD),5,3.642045059865643,6.422348431802257,44.97454619993756,9.498506215547046,15.18272578100708,181.02283080284556,6.426621919326232,10.605734745490857,93.5804285285354,12.438663669312364,20.34739395462467,248.09208615920278,9.763914629051094
0,200,5,Producer Price Index of Non-ferrous Scrap,6,3.642045059865643,6.422348431802257,44.97454619993756,3.3969666959967797,7.2526799355996765,56.32437440057235,2.9162032845442534,6.6939596949378615,49.83524741919436,3.752967128218299,7.818101647173562,62.96391531316841,0.7290434898735463
0,200,5,Real Treatment Charges,7,3.642045059865643,6.422348431802257,44.97454619993756,3.6547959879548726,7.042011623387452,48.52691740308396,3.2153518833034505,6.484064005675332,46.40877395990793,4.17860954120619,7.59671005236118,52.41533045340355,0.6933908059477139
0,200,5,Precious metal index,8,3.642045059865643,6.422348431802257,44.97454619993756,3.5005930541535877,7.71041182206676,48.49663477887803,3.0455718949519976,6.984549009508494,44.4412373965696,3.942815355933013,8.54249472683311,54.158857851525006,1.0449111072395685
0,200,5,Full metal real index,9,3.642045059865643,6.422348431802257,44.97454619993756,3.5670537839323337,7.604064277018873,46.54097464776645,3.031726420079435,6.949439689431809,44.922402607179194,4.205516947240408,8.343260267300572,48.59779124300298,0.5675745502381329
0,200,5,World Stock Market Capitalisation (% of GDP),10,3.642045059865643,6.422348431802257,44.97454619993756,4.672856594126803,7.571064184560028,79.34621715660624,3.4043434875502268,6.62944068172165,62.122866445952454,6.289771862342552,8.899224351120084,95.66916920395322,2.0845693226984974
0,200,5,China Total Manufacturing Output,11,3.642045059865643,6.422348431802257,44.97454619993756,6.442661721239668,22.205703098344877,473.23506859061763,4.601492224339936,15.274435642818855,194.06550823566013,8.855880484450067,28.200622812727264,758.5144991613438,10.110627067133061
0,200,5,Population,12,3.642045059865643,6.422348431802257,44.97454619993756,3.2634390845924077,6.836975925033785,45.2572222349593,2.7518917595878856,6.455238412096949,44.245827624522555,3.8903401512104505,7.264832673827012,46.19588874385429,0.6596912897243038
1,200,5,Zinc real price,0,2.3670055916334665,7.697979932338085,46.87322339135805,2.7516735136235515,8.741475028248864,58.891771398705956,2.4805877845034807,8.081723109362498,51.284024621771266,3.0443303279759166,9.291542590617777,63.37326321055557,0.4132606306929917
1,200,5,Energy index,1,2.3670055916334665,7.697979932338085,46.87322339135805,3.217968061829426,9.179597755511494,45.9921262392019,2.478638253736971,8.242132490737536,43.72416617837814,4.334382447669302,10.085739198482367,47.918577758361025,0.8312470449300305
1,200,5,GDP,2,2.3670055916334665,7.697979932338085,46.87322339135805,3.2759463651547254,10.159088387917755,102.2523365056135,2.4718534989079064,8.872308397814288,72.20928873672814,4.367230688111317,12.159296706962586,138.09356135108848,2.44375688154225
1,200,5,US Industrial Production Total Index,3,2.3670055916334665,7.697979932338085,46.87322339135805,2.621156632357792,8.180224867176562,63.990649728087604,2.406167794493151,7.659764300975515,54.43351249687195,2.8351175591950333,8.86422541109787,73.4458139094531,0.7934881612840201
1,200,5,EU28 Industrial Production Total Index,4,2.3670055916334665,7.697979932338085,46.87322339135805,2.36956069236016,8.162121208365395,53.503530211660454,2.147287420330745,7.899001091498127,50.09871113610699,2.641817953657341,8.449307335147356,57.10790491944868,0.5121529151313224
1,200,5,China All Industry Value Added (Constant 2015 USD),5,2.3670055916334665,7.697979932338085,46.87322339135805,5.613859383994836,9.349884630664267,53.989204157210935,2.89177093231636,7.936692287319303,46.40428466999737,8.370161695449822,11.11323899904639,60.02324277927992,2.211217144850563
1,200,5,Producer Price Index of Non-ferrous Scrap,6,2.3670055916334665,7.697979932338085,46.87322339135805,3.393857743808227,7.7145877870476465,59.8384038791321,2.484093414646667,6.8966494927812425,53.27507352143273,4.107673748520345,8.453910903445816,70.28657217692479,1.1401343962433472
1,200,5,Real Treatment Charges,7,2.3670055916334665,7.697979932338085,46.87322339135805,2.58065759710242,8.176704879311819,55.71243040537185,2.1687044742720443,7.705564529492883,50.433030229695746,3.0871868627788777,8.73871049423291,60.93483643527705,0.5927253526129687
1,200,5,Precious metal index,8,2.3670055916334665,7.697979932338085,46.87322339135805,3.151424295774828,9.379708228182125,51.21918785542753,2.2127321904678316,8.596049109135155,48.69752693953438,4.910063440521012,10.252699343209425,55.48630845315394,0.9282077494372917
1,200,5,Full metal real index,9,2.3670055916334665,7.697979932338085,46.87322339135805,2.117734944080346,8.344237155897247,53.790013221928206,1.823537079269611,7.754410594275378,49.65144448214715,2.5283840811711387,9.19304120486512,58.75732009032013,0.7090858198300531
1,200,5,World Stock Market Capitalisation (% of GDP),10,2.3670055916334665,7.697979932338085,46.87322339135805,3.002051937260343,8.827273967928209,69.72427078250371,2.12876020350456,8.082640199020936,56.2920741777625,4.584786297392496,9.710285311005283,80.6659845837871,0.9211701680385563
1,200,5,China Total Manufacturing Output,11,2.3670055916334665,7.697979932338085,46.87322339135805,6.426582665768409,14.64811100516474,77.08849394443521,3.662254072868172,12.244900457337172,64.09349877171161,10.290159202062776,17.267322948273627,91.51332261610744,2.2644697673778147
1,200,5,Population,12,2.3670055916334665,7.697979932338085,46.87322339135805,2.2927000058594587,8.429277480752713,44.856815692819325,2.0260798824695216,7.993086205852723,42.37332594103963,3.1479527053973446,8.965547060104297,47.10381039787852,0.3648078446025337
2,200,5,Zinc real price,0,6.762100807310683,9.17740168212947,35.72691005453625,6.458942222745376,10.12074405398992,46.90698488569377,5.996197150633675,9.420792118938785,37.370164267646494,6.89893234893928,10.709803271834327,53.582923560511276,0.5798005527363908
2,200,5,Energy index,1,6.762100807310683,9.17740168212947,35.72691005453625,9.970783168441807,10.354149270432142,41.0191010532788,5.944856996063017,9.648480016507973,36.04409331943119,13.166575841146438,11.042208238694688,48.56527002223982,0.8938596836819801
2,200,5,GDP,2,6.762100807310683,9.17740168212947,35.72691005453625,6.571204729710863,12.02872789501382,60.76844275925217,4.850881475874317,10.025547201655357,45.06285464935263,8.80053682731172,14.985429355980925,91.82331864824802,1.8190836441918115
2,200,5,US Industrial Production Total Index,3,6.762100807310683,9.17740168212947,35.72691005453625,6.952807965258107,10.167986764580448,50.1775461489724,5.1971020615470405,9.514837119996733,40.68182242115121,8.464032403495223,11.593325146652626,59.88813843044111,1.2258462591331314
2,200,5,EU28 Industrial Production Total Index,4,6.762100807310683,9.17740168212947,35.72691005453625,6.916866648834947,9.403584868109775,43.796284628702054,6.271610548830417,9.23204657262966,38.957684340538904,7.515929194215727,9.660569276944244,50.94696588346953,0.8170844195557244
2,200,5,China All Industry Value Added (Constant 2015 USD),5,6.762100807310683,9.17740168212947,35.72691005453625,6.9859107655249195,14.67877986352173,136.80751303145232,5.883658255141908,11.950812976057744,88.60150408474178,8.299148795223322,18.39048256637368,176.74058092643912,4.49148177573945
2,200,5,Producer Price Index of Non-ferrous Scrap,6,6.762100807310683,9.17740168212947,35.72691005453625,8.232884331733313,9.257395578626365,41.99389749779683,6.38156202004394,8.604753428282216,37.988814725853224,10.174008677954424,9.981932670613347,47.51030617739974,0.5446562611083491
2,200,5,Real Treatment Charges,7,6.762100807310683,9.17740168212947,35.72691005453625,7.93729663910914,8.701812778912075,42.17823690705808,7.1779062064761625,7.773007637285906,37.97166575592767,8.842743262774082,9.431680834127496,48.08878887913074,0.42465493689907097
2,200,5,Precious metal index,8,6.762100807310683,9.17740168212947,35.72691005453625,7.709205673657305,9.811341707497757,40.987488526137355,6.716542452296336,8.904722772914704,37.90018879078629,8.744794159828869,10.708182681216442,44.88558067985093,0.577975416124227
2,200,5,Full metal real index,9,6.762100807310683,9.17740168212947,35.72691005453625,6.569401601442795,9.744613118317073,39.00196428298095,6.162831886834777,9.323304366261304,32.966342831945575,6.915075722551519,10.209534845384278,42.96822777732718,0.47597299943921006
2,200,5,World Stock Market Capitalisation (% of GDP),10,6.762100807310683,9.17740168212947,35.72691005453625,7.8802105576096135,9.285090618779606,65.26704435674142,6.383256542601031,8.335516688256348,47.54208429874377,8.812553806490547,10.159187970658968,84.15644286748682,1.2933183155915076
2,200,5,China Total Manufacturing Output,11,6.762100807310683,9.17740168212947,35.72691005453625,11.524680930158087,18.45443899622273,515.875774788369,4.426069616934755,14.963451641529812,256.91433906729253,17.74956419992281,21.91785792354932,738.4300762050789,10.198716816993624
2,200,5,Population,12,6.762100807310683,9.17740168212947,35.72691005453625,6.751125268024651,9.498076260914361,36.32588199757773,6.515619148653816,9.270918410637364,35.0858594563546,7.004508081502643,9.770746489342647,39.613454867476975,0.2839830972406942
3,200,5,Zinc real price,0,1.2781603089656337,8.01294857696636,45.77676060116641,1.5959871548308204,8.968891826906574,48.93008344161588,1.3253443268138398,8.356520447356962,44.238781234876384,2.399450944067288,9.308835185001849,51.89019946318119,0.5151450921755796
3,200,5,Energy index,1,1.2781603089656337,8.01294857696636,45.77676060116641,2.7813227259029976,9.743715461693906,46.86711765745021,1.5900615807238856,8.639664170161065,45.35981343876483,5.041849720202492,10.555457811971161,48.67645388422407,0.7364202621951995
3,200,5,GDP,2,1.2781603089656337,8.01294857696636,45.77676060116641,1.8641984377646836,8.751755243146352,84.16587843102212,1.5963872725247887,8.247202664805236,66.12691576155994,2.2197270398256275,9.506878612117124,101.28740843002693,1.6136451890203987
3,200,5,US Industrial Production Total Index,3,1.2781603089656337,8.01294857696636,45.77676060116641,1.6242726972514911,8.40649332238593,60.40618221918569,1.3157844089930542,8.089405270601544,52.682901986917635,2.05214458642874,8.809228964286682,69.34354983971201,1.0572056577719238
3,200,5,EU28 Industrial Production Total Index,4,1.2781603089656337,8.01294857696636,45.77676060116641,1.484727576050796,8.565560810153036,52.27703587572412,1.2705340300490346,8.195583663351883,48.662958259343625,1.68738901110765,9.000379604218713,56.7865270252571,0.7256349222361785
3,200,5,China All Industry Value Added (Constant 2015 USD),5,1.2781603089656337,8.01294857696636,45.77676060116641,6.250049515127179,16.63497360494125,73.48153630098489,3.9296584687695253,11.389040820301481,60.658646159840025,9.106292314516475,20.79859092495364,85.67377674316457,3.2356249811970703
3,200,5,Producer Price Index of Non-ferrous Scrap,6,1.2781603089656337,8.01294857696636,45.77676060116641,1.9121899826801858,9.145560758129308,60.32980512344669,1.5014296955690327,8.353078742539813,50.436520321376804,3.193456701112907,10.226212537642953,71.96740868370489,1.2946041618385729
3,200,5,Real Treatment Charges,7,1.2781603089656337,8.01294857696636,45.77676060116641,1.4216596322082218,8.308658740740302,50.54153513321964,1.3298462968359823,8.014626186409076,48.61665497783296,1.581222972811739,8.678475308389089,53.253258370771384,0.5331160163313683
3,200,5,Precious metal index,8,1.2781603089656337,8.01294857696636,45.77676060116641,1.8874084143843346,7.542242302543059,48.330958512803704,1.4941066410884523,6.914131023019301,45.46578365774486,2.758717433018305,8.538825526730777,53.26686800771787,0.4092959379279158
3,200,5,Full metal real index,9,1.2781603089656337,8.01294857696636,45.77676060116641,1.8157370517422422,9.882494687362199,66.66808250117501,1.5105341053670713,9.120232586938409,57.79135886674582,2.313611136472285,10.778227022219907,77.45875411499192,1.0980413754559775
3,200,5,World Stock Market Capitalisation (% of GDP),10,1.2781603089656337,8.01294857696636,45.77676060116641,2.565582427774082,8.456762327590365,77.46857603376954,1.6590814184041407,7.162922548409796,58.23480121331523,4.523308438613231,9.404062085646357,93.15097052681708,1.9087534847478869
3,200,5,China Total Manufacturing Output,11,1.2781603089656337,8.01294857696636,45.77676060116641,7.011741157506844,18.13580824921526,281.29987974040785,4.104544749227508,14.06284480168827,147.05567344222888,11.894191390075507,21.986043791527543,362.2325405283309,9.018868084851455
3,200,5,Population,12,1.2781603089656337,8.01294857696636,45.77676060116641,1.2504351434710888,8.098083155800627,46.86549588612719,1.205606103116804,7.961077918344001,45.92019032060891,1.3176153826934425,8.26570493830533,48.464535069224524,0.37484396050960733
4,200,5,Zinc real price,0,5.0443647847836806,10.292799699666556,45.542010031135234,5.118424857699424,10.970293562095808,48.99857349582846,4.614819674465978,10.4739415467698,46.692321423345376,5.633156080477571,11.239342855995234,50.134498969709824,0.4288781054034176
4,200,5,Energy index,1,5.0443647847836806,10.292799699666556,45.542010031135234,6.629222018419491,10.638474901930028,56.78036973716434,4.005845233018142,10.075472438087658,49.6942014005505,9.697607819939437,11.117070298447619,63.005338769278254,0.7048768826236103
4,200,5,GDP,2,5.0443647847836806,10.292799699666556,45.542010031135234,4.915933492515058,11.710880063619479,65.75810523227709,4.595593916426305,10.350513234421145,53.93214227303527,5.239623047444921,13.679123937340165,76.40007792236094,3.838275404824096
4,200,5,US Industrial Production Total Index,3,5.0443647847836806,10.292799699666556,45.542010031135234,5.412403021184285,11.9821335532231,53.98781413165976,4.675992070193162,11.046554674155379,48.980467522790285,7.267627276071096,13.020252115617888,58.771443719064365,0.6996519667587437
4,200,5,EU28 Industrial Production Total Index,4,5.0443647847836806,10.292799699666556,45.542010031135234,5.2752006898291235,10.600962235297219,48.18908606815043,5.0870292626908435,10.395652703135204,46.18630922621633,5.4521234364480575,10.892809892027596,50.55821201703419,0.5283528248095033
4,200,5,China All Industry Value Added (Constant 2015 USD),5,5.0443647847836806,10.292799699666556,45.542010031135234,6.449149981835155,19.206139387226088,100.6084158799044,4.157326451964023,14.776923785436427,77.21822918305386,8.959102976477569,23.6565497043427,138.4955172847633,6.130188075164199
4,200,5,Producer Price Index of Non-ferrous Scrap,6,5.0443647847836806,10.292799699666556,45.542010031135234,5.7108876845367424,9.577442597986966,47.38609941497411,5.030643001473938,8.668009734125345,42.27733361212523,6.841135457431134,10.573652487913874,53.15702812106838,0.48927416813151947
4,200,5,Real Treatment Charges,7,5.0443647847836806,10.292799699666556,45.542010031135234,5.052957925625343,10.46738820624174,46.939880571573035,4.526029503994898,10.181427683259464,45.02408107840233,5.879950802108488,10.82437911490613,48.64483340210421,0.6043243643041484
4,200,5,Precious metal index,8,5.0443647847836806,10.292799699666556,45.542010031135234,4.90176647550623,10.365302935338654,47.58420748157655,4.692650634333053,9.658239077827128,46.25581382742591,5.12676674918741,11.020166566823283,49.331760658916444,0.4588116130293318
4,200,5,Full metal real index,9,5.0443647847836806,10.292799699666556,45.542010031135234,5.330556402236967,10.828539859077802,54.10426221248204,4.537811002681222,10.335730684076735,49.35922203910968,6.366154994651221,11.346954554949065,59.32396621367331,0.8708281337482995
4,200,5,World Stock Market Capitalisation (% of GDP),10,5.0443647847836806,10.292799699666556,45.542010031135234,5.840355930342932,11.183168339060463,79.18594457898698,5.207967604276169,10.229251305128747,62.276290799224874,6.882850315022291,12.334096562130338,94.6388841284807,1.7902701365895606
4,200,5,China Total Manufacturing Output,11,5.0443647847836806,10.292799699666556,45.542010031135234,10.774136913677204,20.094841079966294,379.4012344716341,8.169610837984727,14.673916390221185,182.85620367304995,13.382610520302265,24.022122897377052,554.6551894455422,11.898839474715395
4,200,5,Population,12,5.0443647847836806,10.292799699666556,45.542010031135234,4.321754601425974,11.015161678050028,47.11701738518448,3.410608314623549,10.490544111967118,45.86519660382716,5.378146398490217,11.58111726774332,48.471027404453196,0.30483630723702876
5,200,5,Zinc real price,0,2.2221005271078003,6.7830774933977755,49.169050642620114,2.7278683453305685,7.706825076878056,55.99885036939979,2.4020131663972655,7.06190163903003,51.442394740698525,3.06122571168334,8.233917027616076,59.00074022557974,0.33656339065977653
5,200,5,Energy index,1,2.2221005271078003,6.7830774933977755,49.169050642620114,3.0939185999647423,7.9760006340967795,49.95328419061757,2.5672882565710893,7.134622056946488,48.25809391130673,4.140133833803548,8.688630715534888,52.18588403071836,0.5204925699718888
5,200,5,GDP,2,2.2221005271078003,6.7830774933977755,49.169050642620114,2.5071427608742383,8.858819508646107,59.35235018159984,2.2502573602075375,7.7299855761111695,53.49978899944588,2.7923159089467564,10.19882301772322,67.833766644789,1.771506604416894
5,200,5,US Industrial Production Total Index,3,2.2221005271078003,6.7830774933977755,49.169050642620114,3.162451394776962,7.806977179647597,59.35128137933083,2.3991586692174334,7.230007665596362,53.440166150698005,4.2266751193939,8.775417347758182,67.34765772234573,0.45318321010756935
5,200,5,EU28 Industrial Production Total Index,4,2.2221005271078003,6.7830774933977755,49.169050642620114,2.382519487994553,7.6482503217541815,60.68419243812012,2.2993424481023816,7.304265059432575,55.071960171202925,2.564420416744086,8.186862224329749,66.3906809697314,0.5451063885153286
5,200,5,China All Industry Value Added (Constant 2015 USD),5,2.2221005271078003,6.7830774933977755,49.169050642620114,3.057582407333113,12.344236220012533,61.69786352208041,2.3251421505689764,9.045355533229065,51.02956917337792,4.944412709960565,16.628290837149176,75.42997098764815,1.7807092574070507
5,200,5,Producer Price Index of Non-ferrous Scrap,6,2.2221005271078003,6.7830774933977755,49.169050642620114,3.0063124064623157,7.2822862003623285,52.86607069966736,2.412394658523589,6.836946415452287,50.85948329229343,3.686454760737608,7.794015576386818,55.252678196182835,0.5107003532337824
5,200,5,Real Treatment Charges,7,2.2221005271078003,6.7830774933977755,49.169050642620114,2.2927137298673284,7.244993357608808,55.06843678184861,2.2088174364030086,6.864913763849504,51.054434481806226,2.4955432509052793,7.761184437425278,58.20888995893297,0.47560272596565806
5,200,5,Precious metal index,8,2.2221005271078003,6.7830774933977755,49.169050642620114,2.8289239929376517,7.864534941520307,47.8451789674101,1.836960959301808,7.10015443624007,44.95326578289442,5.46953177438586,8.637430804081045,52.386004481181935,1.0424047219218509
5,200,5,Full metal real index,9,2.2221005271078003,6.7830774933977755,49.169050642620114,2.787424307267375,7.641836698983635,55.266905911775126,2.31685856985942,6.933725906445773,50.74112723970661,3.2351476077751657,8.310974225419,58.74562095126922,0.7248519526031486
5,200,5,World Stock Market Capitalisation (% of GDP),10,2.2221005271078003,6.7830774933977755,49.169050642620114,3.4582637838405264,9.563097020318132,87.42304921423974,2.5545442246989696,7.147457963674896,65.8766958265016,4.905563026243216,11.886280774134844,104.84099121272749,1.8589810591157951
5,200,5,China Total Manufacturing Output,11,2.2221005271078003,6.7830774933977755,49.169050642620114,3.8851636158589953,12.315099475252609,108.41297037530197,3.0062181393553766,9.717959355773813,90.54697083361772,5.337929925212229,15.15344001853881,129.11927360688802,4.517321460988825
5,200,5,Population,12,2.2221005271078003,6.7830774933977755,49.169050642620114,2.2258638726738282,7.01905029917068,48.64373260403534,2.177817650868039,6.823660944734843,47.17339402032957,2.3061240281484854,7.237750135662601,50.44305555601824,0.2131781234313197
6,200,5,Zinc real price,0,6.860452799517107,8.947682247399344,57.56924391953728,5.472725984306212,10.731902077556773,54.064652177423014,4.374559172333538,9.64567959154086,49.955424130270124,6.60364601077793,11.493499628357744,59.576424110899,0.4929645699231964
6,200,5,Energy index,1,6.860452799517107,8.947682247399344,57.56924391953728,8.31864764482224,10.283897232224456,59.105815647219956,5.5237522472887255,9.340900576453862,54.93511794758755,10.81238166496003,11.097434044899664,63.8330089003588,0.6204608630271937
6,200,5,GDP,2,6.860452799517107,8.947682247399344,57.56924391953728,6.312261554420072,10.125307836560701,58.1651850080446,4.87537948830615,9.19083485773103,48.63162906668107,7.955265885087991,11.584211153449486,65.94668295983692,4.246749251858268
6,200,5,US Industrial Production Total Index,3,6.860452799517107,8.947682247399344,57.56924391953728,7.152355422837513,9.21401675515433,55.77988891792561,6.377559266873754,8.643925752238436,52.384678041434626,8.114099317682614,9.847547813441322,58.566750242868466,0.8242303802082712
6,200,5,EU28 Industrial Production Total Index,4,6.860452799517107,8.947682247399344,57.56924391953728,6.76785439596086,9.722476815630872,58.1047574459499,5.826849882461701,9.176647381740992,54.327250838903694,7.693593613310683,10.246247039064844,61.88863117230881,0.43188530196639
6,200,5,China All Industry Value Added (Constant 2015 USD),5,6.860452799517107,8.947682247399344,57.56924391953728,7.266811062208894,12.09074056904776,152.53330195686755,3.7560846596748823,10.244730000885527,80.34794642462309,11.820661074180949,14.738568583266455,231.6863147757251,4.495708023601598
6,200,5,Producer Price Index of Non-ferrous Scrap,6,6.860452799517107,8.947682247399344,57.56924391953728,7.186635079891069,8.960838186815582,89.88503919975074,6.082707725826612,8.371570580737751,68.79444726044318,8.118950511331219,9.5900480667018,101.32643898917269,0.9513433811596685
6,200,5,Real Treatment Charges,7,6.860452799517107,8.947682247399344,57.56924391953728,7.104777846497886,8.907160226658355,69.62343247151287,6.713249312071145,8.542550022030285,63.154779808692226,7.55588891084782,9.367270298366194,75.83415416921885,0.5791186216361012
6,200,5,Precious metal index,8,6.860452799517107,8.947682247399344,57.56924391953728,6.119469046086396,9.079734635290015,55.4619418253497,5.597860767724704,8.448290053961136,46.08789373774209,6.54949886644761,9.874032616696828,64.10046037387355,0.5646275808025617
6,200,5,Full metal real index,9,6.860452799517107,8.947682247399344,57.56924391953728,7.290527048059863,9.484405910322746,56.32404455882423,6.656564609248277,8.650533668947395,47.89459356479123,7.908642303135887,10.198999776407472,65.0837711732686,0.5981962166972544
6,200,5,World Stock Market Capitalisation (% of GDP),10,6.860452799517107,8.947682247399344,57.56924391953728,7.987078020810544,9.891215034728756,82.8109266812165,7.246293678376488,8.515914664881475,60.83262969749965,8.797508034472587,11.479615426154268,97.50775117993594,1.8415257015251876
6,200,5,China Total Manufacturing Output,11,6.860452799517107,8.947682247399344,57.56924391953728,8.70179626791274,16.74944413620885,546.2606057700809,6.711654217378431,14.01167600426265,219.47182664425907,10.460230377822683,19.50443726406632,806.2545711058101,9.610861026460146
6,200,5,Population,12,6.860452799517107,8.947682247399344,57.56924391953728,6.723098164114818,9.185852976611883,58.48522922286644,6.481811179915437,9.001543783219022,56.648810703907785,6.973894369839434,9.392226413845695,60.71339483577721,0.38629788733217274
7,200,5,Zinc real price,0,3.412070953601992,8.373523749544454,44.49908521425076,4.592354922186919,9.594363843270465,50.66994270768319,2.722094849914395,9.123879775113316,44.33344678296242,6.64909356484666,10.191124307851174,55.492746007029666,0.7499130514612526
7,200,5,Energy index,1,3.412070953601992,8.373523749544454,44.49908521425076,2.52659105262801,9.051299003510874,46.15363137943802,1.7904346996919236,8.686235247847614,43.54104311523429,3.3219704699973773,9.515409805811348,48.429976799534394,0.5739437257799445
7,200,5,GDP,2,3.412070953601992,8.373523749544454,44.49908521425076,3.5639193464819865,9.991717306435135,64.48272016734812,2.6897047464400385,8.82696824698514,53.695166621853204,4.515780962474433,12.703462212382894,79.3183784285291,1.0370334159004024
7,200,5,US Industrial Production Total Index,3,3.412070953601992,8.373523749544454,44.49908521425076,4.041119601663414,9.974171113903594,48.7709334906315,3.6378155009621733,8.934383792492662,45.38377458469897,4.539702085198612,11.21301728064288,55.40000458160841,0.9286750557317356
7,200,5,EU28 Industrial Production Total Index,4,3.412070953601992,8.373523749544454,44.49908521425076,3.3994162833296633,8.834977293489963,50.18383685505984,2.960122309497762,8.573741310728431,46.79802096743662,3.7787249618951297,9.08995148883506,55.65982277667636,0.7102350119514853
7,200,5,China All Industry Value Added (Constant 2015 USD),5,3.412070953601992,8.373523749544454,44.49908521425076,4.554863057501715,17.819950248360414,88.63034304942111,3.3364496641643506,13.689629200376089,70.20195998907306,6.123304259581357,21.929893363629912,104.2290065242178,4.130383798884287
7,200,5,Producer Price Index of Non-ferrous Scrap,6,3.412070953601992,8.373523749544454,44.49908521425076,3.998035198850727,10.150338173612234,52.229978744097565,1.927392794766446,8.793242361008442,46.35754518025412,6.741301033867885,11.355418179246373,58.58712004542303,0.9899935498418169
7,200,5,Real Treatment Charges,7,3.412070953601992,8.373523749544454,44.49908521425076,3.5984863666909357,8.615490593004331,51.298886375870566,3.25718216347153,8.21346046010488,46.12992023610285,4.006837667718823,9.170982464520648,56.78450976575468,0.6348473988763993
7,200,5,Precious metal index,8,3.412070953601992,8.373523749544454,44.49908521425076,3.2426536104516446,9.11432425986126,54.36795733490352,3.01451054596631,8.273277232648443,46.89314310321105,3.5485405014092213,10.121148836656243,62.160732080998244,0.7018626247958966
7,200,5,Full metal real index,9,3.412070953601992,8.373523749544454,44.49908521425076,3.2866475382869287,9.724543054726098,58.226962334476724,3.0551474597613084,8.989483314019322,49.65236404813327,3.5086445614980137,10.484134850529603,66.42207753366405,0.9461560699604972
7,200,5,World Stock Market Capitalisation (% of GDP),10,3.412070953601992,8.373523749544454,44.49908521425076,3.63719416530866,10.364964960767022,103.21535530092618,3.1817072653628315,8.792468997567584,68.77780143005134,4.364592981613705,12.196256302933204,127.1587563608477,3.0231343763205136
7,200,5,China Total Manufacturing Output,11,3.412070953601992,8.373523749544454,44.49908521425076,6.570816207816678,20.457346788267287,185.94030809212066,4.903396030957802,14.982068959295686,101.51033257495506,7.86140524487159,26.105201954346505,257.68368703828475,6.546508184344259
7,200,5,Population,12,3.412070953601992,8.373523749544454,44.49908521425076,3.5664182259719244,8.49660705962415,45.28910275589976,2.64932021067238,8.258329060650246,44.10376617986106,4.648905258367307,8.811049223639907,46.58109711451549,0.26950010906493077
8,200,5,Zinc real price,0,2.2621806162207565,7.687561367701488,42.11224098143024,2.5433402161798186,8.229445153051987,41.976989181493494,2.3176740393484003,7.953049670481102,39.729296388327846,2.9555943300722904,8.474125465381908,43.76338583595212,0.38477940946408773
8,200,5,Energy index,1,2.2621806162207565,7.687561367701488,42.11224098143024,3.3309941888627614,9.452836793128373,43.93685895745519,2.6924647802657273,8.279803557766567,41.65584018185886,4.538676228505078,10.355614372648429,46.150340212356404,0.5928535315312882
8,200,5,GDP,2,2.2621806162207565,7.687561367701488,42.11224098143024,3.2615867921451094,7.637537365621209,49.618626264091574,2.5299609963022056,7.17578064711774,43.45303096601076,4.210830930893368,8.262637492637158,55.27012633593954,0.7789604712175997
8,200,5,US Industrial Production Total Index,3,2.2621806162207565,7.687561367701488,42.11224098143024,2.6250513221176472,8.58438377507832,46.66962462447492,2.374056274533292,8.088752190934756,43.3385802445735,3.0788474349372517,9.827933174300219,51.779151787644686,0.6117431138771524
8,200,5,EU28 Industrial Production Total Index,4,2.2621806162207565,7.687561367701488,42.11224098143024,2.4129862734199494,7.653498819915724,51.84646750170975,2.2648578487542155,7.0912633694635,44.6477597626529,2.6564425633923863,8.115532817947704,57.666943563222304,0.5683842920385543
8,200,5,China All Industry Value Added (Constant 2015 USD),5,2.2621806162207565,7.687561367701488,42.11224098143024,5.874350059430269,13.069192707106236,72.49878596456492,3.8513494775905155,10.389158926564901,56.34147681529022,7.865034630405946,15.450071303132564,88.77966605268752,3.4179530288550453
8,200,5,Producer Price Index of Non-ferrous Scrap,6,2.2621806162207565,7.687561367701488,42.11224098143024,2.470045943799763,8.150155269217091,45.998701923414785,2.333800267598023,7.777708444172312,41.69528232138566,2.799560956282728,8.493199308610338,50.95606442583445,0.6622850777646659
8,200,5,Real Treatment Charges,7,2.2621806162207565,7.687561367701488,42.11224098143024,2.3674643043608903,8.107143222581794,48.71623300868002,2.1849756066035164,7.785999378738737,45.8580439909579,3.0013285767883526,8.641307797445082,52.707185501199675,0.489393178261236
8,200,5,Precious metal index,8,2.2621806162207565,7.687561367701488,42.11224098143024,2.3046096847659197,8.270412496797524,48.361355512443616,2.1483133255479796,7.547224491431704,41.85138855813469,2.5900057275825725,8.964469652174133,54.177110545808205,0.5241994856063389
8,200,5,Full metal real index,9,2.2621806162207565,7.687561367701488,42.11224098143024,2.2634287409307507,9.006718206639391,45.497265915114674,2.080925892744706,8.42491010770785,41.55598490316863,2.630968555506637,9.442195034616322,49.20219560924849,0.4290074374580478
8,200,5,World Stock Market Capitalisation (% of GDP),10,2.2621806162207565,7.687561367701488,42.11224098143024,2.509404962426892,8.449425130349862,71.5380836914341,2.052790343718643,7.752205083483061,53.37846451898842,2.95061051174075,9.49750098641345,88.41530726372949,1.8890557367361547
8,200,5,China Total Manufacturing Output,11,2.2621806162207565,7.687561367701488,42.11224098143024,3.2440960995251986,17.79710698079763,146.60753226684284,2.5875788767643186,13.274417451739655,103.14583890004609,4.384210637703572,22.22068033585069,176.66682236726223,3.6455689039130825
8,200,5,Population,12,2.2621806162207565,7.687561367701488,42.11224098143024,2.267473443247103,8.116168103531784,43.55484124154751,2.1029017050256615,7.78410129266653,42.22645085300933,2.454271376798117,8.423858854406298,45.476411574358224,0.5035676645711562
9,200,5,Zinc real price,0,2.1457099785878984,7.716076882273814,46.777612863106796,1.7727573019276013,8.737553826545199,46.4460458983167,1.5831009735336141,8.089245307865976,43.04223036095338,2.093383747054262,9.188254690820944,49.181560874225696,0.36955797225712317
9,200,5,Energy index,1,2.1457099785878984,7.716076882273814,46.777612863106796,2.9485225860711672,8.25334163025566,47.65158622869363,2.013722434246763,7.691832628742857,40.10748642492199,4.211980507448117,8.78501784640575,53.97760274701975,0.7296746443959616
9,200,5,GDP,2,2.1457099785878984,7.716076882273814,46.777612863106796,4.991378892475309,11.057513523820798,77.15557190712983,3.1480753803684567,8.147074398489028,59.93920115653791,7.129041274035278,15.425573167028109,92.56295098820729,4.177776201839844
9,200,5,US Industrial Production Total Index,3,2.1457099785878984,7.716076882273814,46.777612863106796,3.151911515497857,9.661246438294846,57.3746136970489,1.913090446504998,8.35710086656176,47.74307032439117,5.500600375215583,11.270266178369024,65.21694692537649,3.018322457339936
9,200,5,EU28 Industrial Production Total Index,4,2.1457099785878984,7.716076882273814,46.777612863106796,2.223397663556865,8.066486958626502,50.04146428514424,1.927156702224069,7.793895922748574,46.018960868753624,2.626880346110764,8.45800981114502,54.851792945096584,0.4650097412823603
9,200,5,China All Industry Value Added (Constant 2015 USD),5,2.1457099785878984,7.716076882273814,46.777612863106796,6.493495278232848,10.211414838004623,91.9621560991141,3.478218697802108,8.933724804788975,63.83329718213737,10.698522221779546,11.888512622177254,116.57967605105442,1.9535125241427524
9,200,5,Producer Price Index of Non-ferrous Scrap,6,2.1457099785878984,7.716076882273814,46.777612863106796,3.191329045846069,9.394572653757237,57.936006852366916,2.4725523639271283,8.339689033349508,51.392526587972355,4.026118769412933,10.82074828768094,63.01526474746853,1.2866100763322916
9,200,5,Real Treatment Charges,7,2.1457099785878984,7.716076882273814,46.777612863106796,2.469417782435306,7.898125669355165,53.41150578292079,1.9700989423436963,7.264240540827546,48.36065732281317,3.0076478670796805,8.89113189290917,57.561902029427394,0.9430446076406358
9,200,5,Precious metal index,8,2.1457099785878984,7.716076882273814,46.777612863106796,2.1421968511536114,8.562484692079494,49.285289133572576,1.6090806439240897,7.9461647069615395,43.36391402515287,3.871425573802664,9.338143182536683,54.57571137352787,0.6414091546768433
9,200,5,Full metal real index,9,2.1457099785878984,7.716076882273814,46.777612863106796,2.2896195739137752,9.503421961703568,54.0502199377421,1.8605101861633409,8.410251485584565,47.590727863166606,2.8091092265273816,10.523259104778084,60.61014075731532,1.1512249120643805
9,200,5,World Stock Market Capitalisation (% of GDP),10,2.1457099785878984,7.716076882273814,46.777612863106796,3.0648016024308165,8.578421856495044,77.81634245140161,2.116325544566317,7.36700801127426,60.06877481407606,4.114075483029413,9.669354632052274,97.10077382249058,1.6702723329910876
9,200,5,China Total Manufacturing Output,11,2.1457099785878984,7.716076882273814,46.777612863106796,10.077604900488879,21.03764904203492,186.49734997746788,6.355193838752708,15.611879429196245,117.77780976249237,14.754265891538799,25.308723108758258,251.7606484220936,10.101414652804657
9,200,5,Population,12,2.1457099785878984,7.716076882273814,46.777612863106796,2.40415606146321,8.07767707512068,46.511839757496666,1.9965587672736547,7.707083695672743,43.28592655798059,3.098980358465472,8.425148788873852,49.267753430507234,0.3629771712333844
10,200,5,Zinc real price,0,6.042971487011273,8.729680687811157,52.78386827699204,5.437388149234326,10.110979175927806,49.89977836687827,4.846579197371346,9.153019367332547,46.29069723593884,5.951934824468582,10.783709469798872,54.7846813897193,0.42645402408882227
10,200,5,Energy index,1,6.042971487011273,8.729680687811157,52.78386827699204,6.849838362715193,9.395016004182063,52.26155174546612,4.153322074186625,8.527676635190218,46.21243523890562,9.987729254954694,10.144885146555817,59.69028224421513,0.47960213001803037
10,200,5,GDP,2,6.042971487011273,8.729680687811157,52.78386827699204,6.2271702210860695,11.410058091207421,57.470355610042134,5.810067290234154,9.838150147924782,54.133126263840374,6.662610843309926,12.711071531507692,61.69372980194182,2.044948602760826
10,200,5,US Industrial Production Total Index,3,6.042971487011273,8.729680687811157,52.78386827699204,5.778205378806236,9.9608105866586,53.07527288449147,5.497609268745172,9.292154268616425,46.91845179216328,6.03426939735141,10.680152704068183,57.97064402792528,0.9314619231637168
10,200,5,EU28 Industrial Production Total Index,4,6.042971487011273,8.729680687811157,52.78386827699204,6.4610530629789,9.046301937049236,54.247303662113524,5.341709888510641,8.540753884278146,52.18236072213056,7.641114721553563,9.596615816496438,57.9524389695377,0.46187017069064085
10,200,5,China All Industry Value Added (Constant 2015 USD),5,6.042971487011273,8.729680687811157,52.78386827699204,10.15099120555805,15.818909494582766,95.5236642374299,7.8815925268998965,11.456962107746511,75.50054962403333,12.211841208120447,20.9196697610088,115.19891277665917,3.782415917494636
10,200,5,Producer Price Index of Non-ferrous Scrap,6,6.042971487011273,8.729680687811157,52.78386827699204,5.705631600285331,9.626126465307205,58.55480077577391,4.501265792270268,8.71440778019618,51.57483663812022,7.0627727783702285,10.567067706696008,64.12889067434658,0.7348792266270233
10,200,5,Real Treatment Charges,7,6.042971487011273,8.729680687811157,52.78386827699204,6.34531206407372,8.602434952046483,52.92469638817672,5.445296279041436,7.807494810369214,51.37018717574141,7.191640075011511,9.430934739423735,55.22175087474514,1.0441017106411783
10,200,5,Precious metal index,8,6.042971487011273,8.729680687811157,52.78386827699204,6.342014826383609,8.585432103722464,54.35680566095236,5.848352313605623,7.937381910516998,51.34933069969229,7.107687407162891,9.22783738254336,57.364310628805484,0.6283985777027463
10,200,5,Full metal real index,9,6.042971487011273,8.729680687811157,52.78386827699204,5.027029388933038,9.681619355214746,56.09043432245909,4.03576956223338,8.752359447368852,49.725386867887245,5.920786570575551,10.528892752156485,61.526167144571836,0.8973007457500012
10,200,5,World Stock Market Capitalisation (% of GDP),10,6.042971487011273,8.729680687811157,52.78386827699204,5.267800001455676,9.162950497155013,78.45332240301357,3.3428610257948534,7.981383580603854,59.61549863375525,7.368945906213941,10.529396137127772,94.86209667203143,1.594131799346172
10,200,5,China Total Manufacturing Output,11,6.042971487011273,8.729680687811157,52.78386827699204,6.77745022994033,21.5801467985397,606.0970277259241,5.895209427590423,15.449505689608928,309.86777766990497,8.493604840178099,27.078581991456293,868.4435978562211,20.54446338723266
10,200,5,Population,12,6.042971487011273,8.729680687811157,52.78386827699204,5.891430189293997,9.593592785835444,54.263555808695244,5.383179123787426,9.030454333560508,46.342488288983816,6.339711024733369,10.529221508362218,63.19806008263045,0.9218419294579534
11,200,5,Zinc real price,0,2.945042113220321,7.598717907146994,48.615125116709365,2.050291607408484,10.61776318356538,44.505761345425874,1.482587924722588,9.068151775594666,41.25360799488512,3.080200835848276,11.707739301045784,47.78404187942078,1.0546234702842594
11,200,5,Energy index,1,2.945042113220321,7.598717907146994,48.615125116709365,2.233038292402595,9.413749661246253,55.330412511426864,1.7800819217600008,8.496380678901955,48.588968128336546,2.8036631052625207,10.570636453431531,61.284614537438536,0.6386778733192857
11,200,5,GDP,2,2.945042113220321,7.598717907146994,48.615125116709365,3.9736470811393803,9.43778029689253,58.12897317999891,1.94484115366193,8.39961213443819,53.486460941317695,6.172417453569717,10.8696340585936,63.610595199610955,1.2087494389034927
11,200,5,US Industrial Production Total Index,3,2.945042113220321,7.598717907146994,48.615125116709365,3.0855653285407056,8.71496807735977,58.86822865769152,2.540931799432032,8.044188873033596,51.66397684626346,3.710965519080127,9.882896191231225,66.50918355252455,0.7189484564477684
11,200,5,EU28 Industrial Production Total Index,4,2.945042113220321,7.598717907146994,48.615125116709365,4.02195713577145,7.4477472261825595,56.156869984753506,3.0725684596202063,6.598073066873372,52.44027858030805,5.014529952258445,8.132578594020693,60.53735959028112,0.5194070175635856
11,200,5,China All Industry Value Added (Constant 2015 USD),5,2.945042113220321,7.598717907146994,48.615125116709365,4.4744346213904524,13.882161785520111,123.74631439265636,3.3849184438617916,10.080945385819902,77.75520318764318,6.354542723278603,17.74047019034463,185.70093101402705,3.287832955349246
11,200,5,Producer Price Index of Non-ferrous Scrap,6,2.945042113220321,7.598717907146994,48.615125116709365,4.2592645209631534,8.539382829139626,52.77982861152627,2.9836905307360424,7.246769313423036,50.73015443390445,5.6029612948917205,10.041473355246925,56.50063010206573,0.6733441547211987
11,200,5,Real Treatment Charges,7,2.945042113220321,7.598717907146994,48.615125116709365,3.314709338323587,7.903081853577769,50.04672499545309,2.611141111230038,7.588168300560236,48.95561229723998,4.074455471997155,8.174982963771162,51.234378673677966,0.4072161578207337
11,200,5,Precious metal index,8,2.945042113220321,7.598717907146994,48.615125116709365,3.8771703213290793,7.729319669943639,50.76669238651458,3.036093825142047,6.867981944742151,48.396927056485424,5.1490403797032505,8.563688047017198,52.91898473013437,0.4650988425880253
11,200,5,Full metal real index,9,2.945042113220321,7.598717907146994,48.615125116709365,3.371606527144648,9.181963882416412,59.85177048705706,2.463214492775693,8.583164499629591,52.95839294916101,4.488024791799721,10.184484410085082,66.50486320717819,1.2072440319253814
11,200,5,World Stock Market Capitalisation (% of GDP),10,2.945042113220321,7.598717907146994,48.615125116709365,4.877096091210314,8.827971979638022,70.17702491910701,2.9960744489584448,8.057737183436155,58.41054600349075,8.737918379193312,10.335516536346155,84.24368734634555,1.1353785245477606
11,200,5,China Total Manufacturing Output,11,2.945042113220321,7.598717907146994,48.615125116709365,8.626813781784577,15.598373492741471,299.40537223447376,3.8677084507525152,12.341121540155997,134.46235961217477,13.576877778125802,19.005178941966534,479.5812805612695,8.009773710414507
11,200,5,Population,12,2.945042113220321,7.598717907146994,48.615125116709365,3.028518027389719,8.346436823571437,49.91965075896954,2.6283024123209513,7.837430472480317,45.72069799213446,3.4019752778553736,8.935183483351835,54.26483883039685,0.33079074488779625
12,200,5,Zinc real price,0,2.164617311598811,7.60369445391837,38.704032638870345,2.301459633419933,8.08904417667929,41.396402528779916,2.1806999117330736,7.668803926866165,34.37841099928505,2.811862673332929,8.407070815398376,47.05324085486192,0.3773310952782055
12,200,5,Energy index,1,2.164617311598811,7.60369445391837,38.704032638870345,2.4739782844896405,8.605834589110149,41.75391310709565,2.228234503659397,7.748163072458377,39.049821479766045,2.8591149746549243,9.423744378817569,44.28909790131253,0.46151725947428507
12,200,5,GDP,2,2.164617311598811,7.60369445391837,38.704032638870345,2.8452213921352785,8.58973824425386,49.81165492738786,1.957598512917053,7.6780005031025125,43.34062574159868,5.369516975306689,9.62426512205758,62.181927266911444,1.5737054465048816
12,200,5,US Industrial Production Total Index,3,2.164617311598811,7.60369445391837,38.704032638870345,2.5587752764348544,8.727322834067692,53.129157701007706,2.312017838537567,8.154056051279596,44.329256973751754,2.884303656197852,9.646005505411821,62.05174786245605,0.8222816287700587
12,200,5,EU28 Industrial Production Total Index,4,2.164617311598811,7.60369445391837,38.704032638870345,2.7464520760812055,8.26334739764344,41.880339196628576,2.3209434424315623,7.8001776844660125,39.094895896976254,3.217779571503688,9.0780304163113,45.062379600949065,0.3098987797816796
12,200,5,China All Industry Value Added (Constant 2015 USD),5,2.164617311598811,7.60369445391837,38.704032638870345,6.3913529650008165,15.644395885432756,83.72968572057124,4.043560339832025,13.104485734677732,67.23414098319671,10.57799034703948,18.752903898013994,113.16433686805325,4.405739265167654
12,200,5,Producer Price Index of Non-ferrous Scrap,6,2.164617311598811,7.60369445391837,38.704032638870345,2.1191524507434627,9.173351249449231,41.853650646525885,1.599593474806121,8.420611511537514,36.71663270308246,3.692655709632832,9.782483661162312,48.201743543571986,0.65046143115181
12,200,5,Real Treatment Charges,7,2.164617311598811,7.60369445391837,38.704032638870345,2.5251425152422353,9.11293041060064,48.57760512854168,2.144691858681939,8.263616439861762,42.78312530260173,2.8990630078279764,10.262281920678133,54.05800283032435,0.8563634163463749
12,200,5,Precious metal index,8,2.164617311598811,7.60369445391837,38.704032638870345,3.688923371232864,8.815837396509298,48.714769349629506,2.3782781948530918,8.166346232917201,41.99461384646273,6.031664287079042,9.524038476436479,55.23259926180001,0.6053237606356877
12,200,5,Full metal real index,9,2.164617311598811,7.60369445391837,38.704032638870345,2.7843628607189634,8.964860581847317,40.8311923370315,2.2940107479515457,8.019506169965975,38.141887392062735,3.4195961603440237,9.762003338345682,42.97756528534772,0.7438426928530878
12,200,5,World Stock Market Capitalisation (% of GDP),10,2.164617311598811,7.60369445391837,38.704032638870345,2.731628182316323,8.657537311909543,53.54883427819267,1.9418314511304113,7.453939041119718,43.63523462847867,3.6167155160292697,9.959633631825799,66.21202872447148,1.1184058894003701
12,200,5,China Total Manufacturing Output,11,2.164617311598811,7.60369445391837,38.704032638870345,5.042633020658181,18.329230462738167,247.68266123810207,3.4980036667524352,13.762489696523502,128.52430981486128,6.535601030311939,23.31389490625286,345.6275350286293,7.651885993384255
12,200,5,Population,12,2.164617311598811,7.60369445391837,38.704032638870345,2.4051295873812353,8.000670835620287,42.117080096211865,2.081621095366895,7.774522348241212,39.29862318435083,3.5574325172016215,8.398639004895777,46.168616790898184,0.303116212404584
13,200,5,Zinc real price,0,6.1978865228493705,8.450003562808822,98.09655794983577,6.328925033123942,8.947083742043716,83.0602882934888,5.772250866823208,8.588091165024254,66.75250782709072,7.125994896923509,9.403815634798601,99.47290094850592,0.7935747793799455
13,200,5,Energy index,1,6.1978865228493705,8.450003562808822,98.09655794983577,7.067357084153491,9.554344871075816,104.0523905160065,4.991347616660117,8.665123396547532,96.01120494614429,9.189186613904223,10.251553342976589,111.53211688281493,0.73321750092326
13,200,5,GDP,2,6.1978865228493705,8.450003562808822,98.09655794983577,6.134258000074145,8.700313791823866,104.11007073351723,4.402146912665683,8.229380867965702,97.26891484428045,8.069081919789065,9.204129237413134,108.19823140087954,0.6446781916109061
13,200,5,US Industrial Production Total Index,3,6.1978865228493705,8.450003562808822,98.09655794983577,5.637218342087921,8.873193903898645,94.73774231914501,4.825129218692047,8.562986560364381,88.84574947951099,6.7304243201639595,9.310464064089517,100.74124722207699,0.8760346365304639
13,200,5,EU28 Industrial Production Total Index,4,6.1978865228493705,8.450003562808822,98.09655794983577,6.250941032970987,8.845209316585624,107.01492653355415,6.105135827556319,8.564659976127189,100.9255550816486,6.3946245532273736,9.168963322840494,113.93997210116478,0.8257692154970366
13,200,5,China All Industry Value Added (Constant 2015 USD),5,6.1978865228493705,8.450003562808822,98.09655794983577,8.220285064086072,18.165418221299444,160.04876261224513,6.892512043784272,13.799878588886877,105.97673359686154,9.592132662362907,23.380738716863192,210.95257904261936,9.501980362194168
13,200,5,Producer Price Index of Non-ferrous Scrap,6,6.1978865228493705,8.450003562808822,98.09655794983577,5.618401519488426,9.593141569178579,135.41892717539525,4.076695856515783,8.958713275364852,108.79916500840781,7.086785496173611,10.528020596369299,151.88492744518027,0.7884013683357847
13,200,5,Real Treatment Charges,7,6.1978865228493705,8.450003562808822,98.09655794983577,6.387739038250642,9.032938765696239,94.58661830994075,6.200931217456924,8.596253095490793,89.73750070547301,6.610272578059138,9.735391734936888,98.45269282986094,1.00727056461243
13,200,5,Precious metal index,8,6.1978865228493705,8.450003562808822,98.09655794983577,6.103216079723589,9.540980183322551,87.22416311909608,5.318349995587324,8.543859352243553,59.34153285416933,7.355456044286321,10.619019254763534,115.34205840987482,1.525000598606452
13,200,5,Full metal real index,9,6.1978865228493705,8.450003562808822,98.09655794983577,6.8542848706108614,9.592905577227366,99.02764646348953,5.945996669563752,8.839735495107384,95.96907024444536,7.742696824585911,10.335496320603365,102.10147151696177,0.5353119710500386
13,200,5,World Stock Market Capitalisation (% of GDP),10,6.1978865228493705,8.450003562808822,98.09655794983577,7.659816773103534,9.91610942643596,92.04422968237276,5.153185211508485,8.671346382165485,67.27559167701064,11.81651407537554,11.391960189466381,107.79256428221852,1.4151211301926379
13,200,5,China Total Manufacturing Output,11,6.1978865228493705,8.450003562808822,98.09655794983577,8.010135493189182,14.292974162672142,181.16183372204625,3.2273307893601078,11.911923972537119,153.29799937645626,16.274678506976045,16.610573507891935,202.88717244490672,3.7018463686286305
13,200,5,Population,12,6.1978865228493705,8.450003562808822,98.09655794983577,5.998166940876208,8.850882070528801,102.34189529676439,5.700258559556917,8.576876332320335,98.91847090749607,6.361019205371551,9.351942021218342,106.23590495315399,0.5211890984561183
14,200,5,Zinc real price,0,5.38829701837058,9.18767110081166,47.15392077876351,5.179129556912235,9.297614862284789,48.97118757179685,4.876265991693057,9.150887811570264,45.61610129030689,5.573606423276121,9.459690264053057,52.84547462330715,0.3332284041599114
14,200,5,Energy index,1,5.38829701837058,9.18767110081166,47.15392077876351,5.176924181733963,10.457168708117916,50.35324796185609,4.019048768656733,9.688590742838848,44.67564092764488,6.784153713863864,11.536323997717838,56.75711821786137,0.8753920907610819
14,200,5,GDP,2,5.38829701837058,9.18767110081166,47.15392077876351,6.214120019492772,10.995041631181039,50.676456727473266,3.333929280759545,9.773504819569103,48.68373933961591,9.566946847251169,12.862507364954975,53.716576343844764,1.6191068263886672
14,200,5,US Industrial Production Total Index,3,5.38829701837058,9.18767110081166,47.15392077876351,5.594206188879181,9.179367962582809,48.3360289441099,4.878452252014758,8.866226677734716,43.03582107889995,6.268703115806299,9.58593180512252,56.15357482700058,0.8128079139322631
14,200,5,EU28 Industrial Production Total Index,4,5.38829701837058,9.18767110081166,47.15392077876351,5.852906021849634,9.425508662459324,53.96887378737207,5.157123282393996,9.175601765114605,50.060234120508554,6.490689966058894,9.689626170149197,60.18413558018681,0.7634776047416643
14,200,5,China All Industry Value Added (Constant 2015 USD),5,5.38829701837058,9.18767110081166,47.15392077876351,5.657485936882585,13.696425029970918,75.71339071929089,4.196517852696118,11.417208765359144,59.470300175558826,8.51478841422549,16.99070570637354,91.58194250972747,2.1913743703233868
14,200,5,Producer Price Index of Non-ferrous Scrap,6,5.38829701837058,9.18767110081166,47.15392077876351,4.417039037414597,10.763356049530932,48.05495402926957,3.6803554022843863,9.702454748843355,43.05969991560001,4.978915937956136,11.372992250053123,54.750804190708536,0.9462301180802657
14,200,5,Real Treatment Charges,7,5.38829701837058,9.18767110081166,47.15392077876351,5.539009752667664,9.4475794566859,47.52757132972782,5.181988232660629,9.216032217893538,45.62968072276024,5.982201338290175,9.700129044599535,50.56238450154859,0.42765400712112556
14,200,5,Precious metal index,8,5.38829701837058,9.18767110081166,47.15392077876351,6.5440533312624325,10.589453976325771,53.114669014908756,4.205291883203003,9.84665933758521,44.91087335209196,9.302002388705251,11.441702117254422,60.60971012797654,0.9396639844493386
14,200,5,Full metal real index,9,5.38829701837058,9.18767110081166,47.15392077876351,5.309906920384753,10.03154562119191,56.723672126713076,5.121638559128412,9.60397336458271,50.6352967610065,5.5642369553961215,10.612904946758356,62.64616448279791,0.6335739065413851
14,200,5,World Stock Market Capitalisation (% of GDP),10,5.38829701837058,9.18767110081166,47.15392077876351,5.081170963441339,10.547527669887234,76.73165311094729,3.911292550839251,9.61674637587339,58.78055228618621,6.459917171883815,12.02959535566765,91.9677371889818,1.6451171182941837
14,200,5,China Total Manufacturing Output,11,5.38829701837058,9.18767110081166,47.15392077876351,8.383207011489677,15.047049509592565,327.56946398473497,4.863492316966967,11.808775667559708,209.93845852301473,13.08519900887772,18.74305616582298,422.74092471012966,8.235917917026022
14,200,5,Population,12,5.38829701837058,9.18767110081166,47.15392077876351,5.538293353543613,9.27207138079623,47.870976256559,5.340283654340464,9.01939796499869,45.366584735696485,5.709226335102589,9.63966705978479,51.12519538262429,0.37816609486574104
15,200,5,Zinc real price,0,4.171940936155795,9.836589191481709,45.58349632070992,4.528226395726484,10.417998978929841,55.60024274575351,3.6506636241353836,10.08578183789229,49.591682294413886,5.403997898526656,10.70224523270182,60.57402417491982,0.544193374757175
15,200,5,Energy index,1,4.171940936155795,9.836589191481709,45.58349632070992,6.975837591520577,10.793725213842858,46.81239184458555,3.40035717544916,10.1361559129557,44.554038778071764,11.317434961787358,11.563039431257863,48.822011040072184,0.5747199487263417
15,200,5,GDP,2,4.171940936155795,9.836589191481709,45.58349632070992,5.212848771360947,10.44193437396924,51.49027962288909,3.780378366602974,9.936169644308073,44.03032930431159,6.417575720095613,11.476337894655108,58.47045366951735,0.9700458961639695
15,200,5,US Industrial Production Total Index,3,4.171940936155795,9.836589191481709,45.58349632070992,4.339115986037635,10.610407776410726,48.56628226694205,3.797941876259511,10.050854078081153,46.27017308781016,4.922530061471679,11.358460826190194,51.38485022133905,1.4872589317193552
15,200,5,EU28 Industrial Production Total Index,4,4.171940936155795,9.836589191481709,45.58349632070992,3.871948127201538,10.192025353735994,48.63368724801559,3.396367445650891,9.86829739393399,46.80310874570366,4.434182385496034,10.595547372266088,50.64813141677407,0.34889784522032014
15,200,5,China All Industry Value Added (Constant 2015 USD),5,4.171940936155795,9.836589191481709,45.58349632070992,5.068606056444452,16.35792387442234,69.78780927644607,4.24556490987995,12.241002180948747,59.99370221572293,6.212671163483794,19.618234557469325,80.17953644284793,2.1869921432118997
15,200,5,Producer Price Index of Non-ferrous Scrap,6,4.171940936155795,9.836589191481709,45.58349632070992,5.970731099044191,10.674951569401305,49.243839834315395,3.538529899946945,10.011086762133447,44.13410716838471,8.640114449512785,11.384909121009079,53.778946727197436,0.6515392877830818
15,200,5,Real Treatment Charges,7,4.171940936155795,9.836589191481709,45.58349632070992,4.437668485049892,10.663696517554584,50.475311808866174,3.907469684121859,10.16505512198789,47.971574469693905,5.353043855204113,11.253342852827823,53.48028475616454,0.7443470782693254
15,200,5,Precious metal index,8,4.171940936155795,9.836589191481709,45.58349632070992,5.230105233900328,10.75725174632733,47.96468458192513,4.305127920616716,10.001383048290604,43.65044052497963,6.153043181212236,11.497833638956307,52.5430094011179,0.819183137681279
15,200,5,Full metal real index,9,4.171940936155795,9.836589191481709,45.58349632070992,4.042892078954978,10.999855557813977,49.77103576592033,3.7834746903499283,10.344252449212789,46.85716157003688,4.316563754026557,11.649220497550248,52.55396927031502,0.6847546428335594
15,200,5,World Stock Market Capitalisation (% of GDP),10,4.171940936155795,9.836589191481709,45.58349632070992,4.844524378848055,10.661568138739842,65.05526378528842,4.1693125618628235,9.981401313678258,55.115287284817555,5.7108389343183745,11.527389439453657,75.18336802604928,1.2127369988726948
15,200,5,China Total Manufacturing Output,11,4.171940936155795,9.836589191481709,45.58349632070992,6.313842269823262,13.149775158837368,72.01144146860315,3.757424889136496,11.069729150709307,60.02925134073509,9.082898509717829,15.520037136317642,86.35834257055666,3.1890578241169614
15,200,5,Population,12,4.171940936155795,9.836589191481709,45.58349632070992,4.205971088956778,10.042518729755763,47.52374515642324,3.7795930838200733,9.790738526486,46.00516383080609,4.838581023638926,10.322524075377064,49.275821291902986,0.42503558025459276
16,200,5,Zinc real price,0,3.092852704573922,7.565110829932571,49.07740915254521,3.4403270282613727,9.604790811585033,49.708569050389,3.018924229123639,8.410826735577889,43.990849133840754,4.092682199955761,10.520639251768458,56.34298352430488,0.5766979025391297
16,200,5,Energy index,1,3.092852704573922,7.565110829932571,49.07740915254521,4.2423344839210095,9.080147954567149,51.35450540605986,3.1161397525516743,8.114084668728525,44.010064973491914,5.835867064526068,10.034011056340287,58.6223174859731,0.5779819980048624
16,200,5,GDP,2,3.092852704573922,7.565110829932571,49.07740915254521,4.105657947561922,9.65635591901599,56.18042434248899,3.4798324548839954,8.426962345737406,51.37483226965216,4.844798778214499,11.77773029391532,60.57820454022362,0.9259175089780112
16,200,5,US Industrial Production Total Index,3,3.092852704573922,7.565110829932571,49.07740915254521,3.5083094618733806,8.820675138172447,48.56120620687244,3.0737691415761867,8.170193375339341,45.68684946544164,3.929438987343341,10.270100010660503,50.44700983036137,0.5088950155372864
16,200,5,EU28 Industrial Production Total Index,4,3.092852704573922,7.565110829932571,49.07740915254521,3.3505800331440065,7.819104039522328,51.66772711508548,3.1666685487800166,7.388770208120834,49.63261454601993,3.501333333274176,8.246105346730014,56.569108288857365,0.6048456327014866
16,200,5,China All Industry Value Added (Constant 2015 USD),5,3.092852704573922,7.565110829932571,49.07740915254521,4.100182697967732,15.844175988624581,136.2229511327942,3.4041469664341704,11.450457955785087,95.71167669582113,4.74105905337442,20.283870820279486,186.89071444422441,5.326341883648336
16,200,5,Producer Price Index of Non-ferrous Scrap,6,3.092852704573922,7.565110829932571,49.07740915254521,3.313576626524128,9.206164181888875,71.97717146515376,3.0977973008114934,8.441208035933853,60.97685786756638,3.5489284903880005,9.96897611057554,84.12942626199329,0.8049701285149772
16,200,5,Real Treatment Charges,7,3.092852704573922,7.565110829932571,49.07740915254521,3.164328254874331,8.421239786522374,49.72542496794823,2.98023568405313,7.83732270841233,48.17473663392485,3.40182467587753,9.151952659328794,51.017414568036344,0.609329385580004
16,200,5,Precious metal index,8,3.092852704573922,7.565110829932571,49.07740915254521,2.7160288752115322,8.035670563522626,50.53752706596756,2.226250101645967,7.092366470836464,46.23204084553884,3.871342505377631,9.360854962276772,55.63464087049405,0.8975189651345461
16,200,5,Full metal real index,9,3.092852704573922,7.565110829932571,49.07740915254521,3.0954505698855415,8.238332818338062,54.042974883037985,2.7680367311993486,7.704664264651819,47.48550457024808,3.542906203762943,8.773211369824274,62.090810263362556,0.721363781305386
16,200,5,World Stock Market Capitalisation (% of GDP),10,3.092852704573922,7.565110829932571,49.07740915254521,3.3640629465398497,9.520636976806594,94.84421570982961,2.641427136578317,7.713323059394139,66.97483872883058,5.062042963065027,11.324016401656538,128.97930213728208,2.925707801755982
16,200,5,China Total Manufacturing Output,11,3.092852704573922,7.565110829932571,49.07740915254521,5.925802709361241,19.88307191967637,316.9500664818173,3.837627389343448,13.882478791740832,173.71097157683135,8.041517610657491,25.773797863610145,458.79575352597186,9.35133814311998
16,200,5,Population,12,3.092852704573922,7.565110829932571,49.07740915254521,2.8270355218428835,8.204757370335084,48.54066511004851,2.419224578213958,7.7581801243145385,44.99929294860406,3.691634659687835,8.777898380837943,54.80184950785983,0.9059607100605015
17,200,5,Zinc real price,0,4.23702046687556,11.305250838425023,38.607472892130495,4.42873271914517,12.128386143686013,46.502164673600255,4.0604103801761084,11.654548822082338,40.079783490832135,4.937326176158997,12.46397569817919,51.19688449340376,0.3909982447891281
17,200,5,Energy index,1,4.23702046687556,11.305250838425023,38.607472892130495,5.080368294320065,13.367341181813206,44.271497225516974,4.275909311806685,11.83170565162153,38.923427024584846,6.024763607337814,14.544879934679487,49.93648731072311,1.0080566168651193
17,200,5,GDP,2,4.23702046687556,11.305250838425023,38.607472892130495,3.708453546269049,11.142981089736596,43.272788084112,3.147108053670819,9.816700966913695,40.45795437922682,4.483889844155696,12.556863508094478,46.82683089938738,1.7269440567540348
17,200,5,US Industrial Production Total Index,3,4.23702046687556,11.305250838425023,38.607472892130495,4.94775633035937,12.132043441833336,51.67293914223137,4.159616023197765,11.643414643103945,42.0432779387381,6.287993069084026,12.6579903797055,60.96491292013029,0.7151977837300247
17,200,5,EU28 Industrial Production Total Index,4,4.23702046687556,11.305250838425023,38.607472892130495,4.6054462376964995,11.913047329390855,43.137316855039586,4.2376831388398655,11.485923389097646,40.242870979451,4.994427127475299,12.213651094193565,46.73054262529329,0.5258598368307523
17,200,5,China All Industry Value Added (Constant 2015 USD),5,4.23702046687556,11.305250838425023,38.607472892130495,3.324396054359352,13.221594691030543,90.7428074059015,2.631425429166524,11.210763564870412,59.94046529848082,4.4391759261730055,14.952904574393024,112.13676853354613,3.008565831373049
17,200,5,Producer Price Index of Non-ferrous Scrap,6,4.23702046687556,11.305250838425023,38.607472892130495,4.634129375814165,12.478249586423711,46.13613709300375,3.7558299448397863,11.955552440789361,42.59092517187437,5.618383166870844,13.256173775442598,52.10904199450431,0.6580895081106284
17,200,5,Real Treatment Charges,7,4.23702046687556,11.305250838425023,38.607472892130495,4.260852736663811,11.60970851163648,44.0481460657033,4.142893156588092,11.298850081132207,40.51795245343528,4.393117619145549,11.936352566013621,47.48742156400038,0.5534397962176124
17,200,5,Precious metal index,8,4.23702046687556,11.305250838425023,38.607472892130495,4.911895504545782,10.685423111103766,48.291600439714834,3.021720942763923,9.347726321720394,41.520247737778206,7.336226780467798,12.5389404843181,54.34529546604038,0.9610433660826168
17,200,5,Full metal real index,9,4.23702046687556,11.305250838425023,38.607472892130495,3.643405571121469,11.337682702279206,40.32359251989422,3.1012364281953535,10.863925350517441,38.53339411549571,4.4322282312560715,11.838013999536297,43.12319418505517,0.552445156807025
17,200,5,World Stock Market Capitalisation (% of GDP),10,4.23702046687556,11.305250838425023,38.607472892130495,3.8237282303308096,11.301016159870638,66.84055264078228,2.7632020914802755,9.749759744629559,50.53344508349957,5.245715645586793,12.45270245390384,83.92142527843961,1.260215026973787
17,200,5,China Total Manufacturing Output,11,4.23702046687556,11.305250838425023,38.607472892130495,3.9054369569180576,19.50081845243362,662.4605746576035,3.0165120979815794,16.421637324273195,415.47183146350085,5.8714200834982275,23.776538997002575,881.3041026403271,21.88849248315904
17,200,5,Population,12,4.23702046687556,11.305250838425023,38.607472892130495,4.62692247347324,11.679728124406925,38.703165927957,4.365603048095073,11.425497030523744,38.24410148833194,4.935702281267528,11.904443128167818,39.3975139530683,0.12910860796750584
18,200,5,Zinc real price,0,3.2731783531731615,8.933266735592756,39.50428635390448,2.9920555650715617,9.989596411942813,52.39213919683928,2.6922777289506628,9.368487424579008,44.07008357574029,3.2341049754236053,10.418281086914662,60.43046422493794,0.798144569745447
18,200,5,Energy index,1,3.2731783531731615,8.933266735592756,39.50428635390448,5.26113487737791,9.455084550567673,40.37509513981047,3.1592976056337685,8.955992504175116,37.32181149250893,7.782137973545871,9.957186599930512,43.384959394642244,0.5839460519969227
18,200,5,GDP,2,3.2731783531731615,8.933266735592756,39.50428635390448,3.3013774884030034,11.308540394254921,51.463741337318915,2.7302817622849,10.013926485290039,43.81539025675662,4.151337575705553,12.466863365713188,60.50674414936494,0.9496923292868622
18,200,5,US Industrial Production Total Index,3,3.2731783531731615,8.933266735592756,39.50428635390448,3.816691405067308,8.614195706226925,39.823182062915826,3.470593920596238,8.195801319525682,39.45142263186816,4.225960438488094,9.036265799123614,40.888203718742275,0.4981709238842654
18,200,5,EU28 Industrial Production Total Index,4,3.2731783531731615,8.933266735592756,39.50428635390448,3.963709336559054,9.137382875655698,53.04147847666607,3.2976053033914505,8.757121034103283,44.697288862992266,4.556443863101911,9.481134624631745,70.56527118741371,1.1421397992572238
18,200,5,China All Industry Value Added (Constant 2015 USD),5,3.2731783531731615,8.933266735592756,39.50428635390448,9.513233226572389,26.8941092253934,267.5632741032308,5.6574744119443,17.725788935532478,108.52382423422335,14.144990909028108,36.28130975997155,421.06712414056256,9.039629773422858
18,200,5,Producer Price Index of Non-ferrous Scrap,6,3.2731783531731615,8.933266735592756,39.50428635390448,4.146744704370903,9.803036726130912,69.71263636084977,3.0286059706816846,9.194191960433097,51.287545138121104,5.731567526585249,10.457496193115634,88.21768367738768,0.9598218080056139
18,200,5,Real Treatment Charges,7,3.2731783531731615,8.933266735592756,39.50428635390448,3.232724892930659,9.54483761483992,44.26691862752033,2.7045133208987293,8.9434685414287,41.114634463470495,4.011346227116605,10.077608942222373,46.82338526582331,0.6241753147799142
18,200,5,Precious metal index,8,3.2731783531731615,8.933266735592756,39.50428635390448,3.2447061323680053,9.00649650296556,43.33843623588659,2.544615235491497,8.39669909064288,37.60060549834333,4.214811048519662,9.702944998354251,49.152717698441506,0.5372198688243235
18,200,5,Full metal real index,9,3.2731783531731615,8.933266735592756,39.50428635390448,3.5016730398615232,9.376348843884305,43.51836887905796,3.273656739044966,8.628943857285297,37.6948900933718,3.6550030389756105,10.168344018916494,48.154474975161335,0.786604481483217
18,200,5,World Stock Market Capitalisation (% of GDP),10,3.2731783531731615,8.933266735592756,39.50428635390448,3.477401495579288,9.700955773728305,63.94269155774818,3.1143452453708784,8.778108505534789,47.775828632669935,3.7715473353425106,11.129451442899287,80.94693317625605,1.2933905751659422
18,200,5,China Total Manufacturing Output,11,3.2731783531731615,8.933266735592756,39.50428635390448,7.571944229979503,21.027958745984712,674.2081431698014,4.563860995973682,14.741490755218491,298.5096712821425,11.694975342180319,27.25337847575487,883.1832937884913,17.89512725599011
18,200,5,Population,12,3.2731783531731615,8.933266735592756,39.50428635390448,3.628185859661039,9.02963596535072,43.25080407016384,3.2150801074349276,8.576771730860305,40.64243166714274,4.326783384451567,9.6101734033554,46.425308720077794,0.3456194975218998
19,200,5,Zinc real price,0,5.620566351199233,9.62208938607425,41.39010201075734,4.88925709323577,10.927484724835805,49.73052101087703,4.198102841341506,10.06276592177074,44.006615050241734,5.739839152587287,11.436046961298741,54.15700291624396,0.466332354377501
19,200,5,Energy index,1,5.620566351199233,9.62208938607425,41.39010201075734,5.758746646314196,11.672346324531432,42.93430330944507,4.7471373261780565,10.366273083979978,41.16168254863004,7.134920504369394,12.758793481735989,46.37555627137679,0.9002585638250631
19,200,5,GDP,2,5.620566351199233,9.62208938607425,41.39010201075734,5.368886133494321,10.805884493106355,61.69668339573378,3.6789514832275256,10.13093934861999,51.498153441442376,7.201174985918115,11.60695519089966,69.22898281131737,0.9004565827508368
19,200,5,US Industrial Production Total Index,3,5.620566351199233,9.62208938607425,41.39010201075734,6.30964476921899,10.361158396764393,43.45945428706089,5.879334044673237,9.972474461467531,42.0870690050678,6.748784028992066,10.931574273197077,44.98238651688677,1.3616788834196996
19,200,5,EU28 Industrial Production Total Index,4,5.620566351199233,9.62208938607425,41.39010201075734,5.537353339837509,9.818215511483668,52.83955041623426,4.614413050058772,9.382519100711622,47.49467356326341,6.37710267216075,10.317151873370605,58.07932086573722,0.8957229285225963
19,200,5,China All Industry Value Added (Constant 2015 USD),5,5.620566351199233,9.62208938607425,41.39010201075734,4.096618335515124,21.219162595999094,135.71015018272232,3.0930353659857044,15.756714315416934,78.8128601174676,5.32091610842432,28.229714419758974,188.52583242829584,5.602268209620072
19,200,5,Producer Price Index of Non-ferrous Scrap,6,5.620566351199233,9.62208938607425,41.39010201075734,7.63859845003179,12.058640628230531,51.23050294658793,6.189230502646244,10.515896682086725,43.103014553565814,8.602270391273077,13.909519849440354,59.33878819432799,1.4120208881213345
19,200,5,Real Treatment Charges,7,5.620566351199233,9.62208938607425,41.39010201075734,6.622183187329412,9.732893439500927,47.33804972412958,5.904992646991294,9.161309880156047,43.478572033388836,7.471082415942058,10.607002522678902,51.02275480123512,0.9630929942894646
19,200,5,Precious metal index,8,5.620566351199233,9.62208938607425,41.39010201075734,5.233003708375346,9.097971107207378,41.308154438190876,4.173878734212521,7.835287261148469,39.52872506105381,6.241038887279938,10.711628564789162,43.22332140452373,0.5883380000741785
19,200,5,Full metal real index,9,5.620566351199233,9.62208938607425,41.39010201075734,5.425254598212636,11.320909294969052,56.12972311970662,4.862160205298226,10.52662317211858,48.15119418852328,6.058800257127755,12.22779823976075,63.98923224540762,1.0550252065379215
19,200,5,World Stock Market Capitalisation (% of GDP),10,5.620566351199233,9.62208938607425,41.39010201075734,6.77642791997453,9.980985950111709,57.31208748796956,5.245988090377384,9.23067079212814,46.7031066249474,8.483302022224633,10.61354625093717,68.4090593206216,0.8203383155231523
19,200,5,China Total Manufacturing Output,11,5.620566351199233,9.62208938607425,41.39010201075734,7.577806167232412,18.239691533518183,170.96753224805042,5.4534886755194485,13.661389149965741,84.36469103172553,10.467501875567688,22.517644158895372,243.51504613775487,5.600258818722883
19,200,5,Population,12,5.620566351199233,9.62208938607425,41.39010201075734,5.637217308920496,10.01388472337724,41.069391689008924,5.210089986550103,9.739978487281295,39.3505115908213,6.042564195419819,10.389184409550102,43.312298299096575,0.39268303457243503
20,200,5,Zinc real price,0,2.5908648324292938,9.875041774927212,43.78568429280765,2.9611091520025665,10.473485998040104,45.75580150641454,2.660232181188937,10.092221958793893,44.69532657195264,3.4670099977548907,10.720410374685367,46.67046131625602,0.24922970410312928
20,200,5,Energy index,1,2.5908648324292938,9.875041774927212,43.78568429280765,3.9883757568015854,12.275597422754366,49.37396166424398,3.0001831084260244,10.710960840202151,46.02322310055172,4.857907341950356,13.669550931052829,53.25189227341815,0.8808317229454375
20,200,5,GDP,2,2.5908648324292938,9.875041774927212,43.78568429280765,3.708044841223285,13.023280636158978,76.27160715200898,3.0543702193240954,11.518576560272308,61.45179488590865,4.5645261571935425,15.365885792249426,100.91160997568372,4.007210026228029
20,200,5,US Industrial Production Total Index,3,2.5908648324292938,9.875041774927212,43.78568429280765,2.5410725955739113,10.48405231240908,54.28301759430455,2.397245455484617,9.5841268143639,48.65652841819775,2.6963186637130367,12.132074446433586,62.7009706422033,0.7252208594021872
20,200,5,EU28 Industrial Production Total Index,4,2.5908648324292938,9.875041774927212,43.78568429280765,2.4612763351548104,10.134698246861294,49.52584732817657,2.038039754196353,9.782160753777744,46.197359373192505,3.715089582137048,10.488418246119412,53.28782853035606,0.5116552158280896
20,200,5,China All Industry Value Added (Constant 2015 USD),5,2.5908648324292938,9.875041774927212,43.78568429280765,4.858646001915046,11.323784179117254,65.49386655890714,3.2226129625484687,10.151420878952063,53.05263715925184,6.272435276321794,13.208598206842796,77.50647245312452,1.4438756323861324
20,200,5,Producer Price Index of Non-ferrous Scrap,6,2.5908648324292938,9.875041774927212,43.78568429280765,2.7664112028741155,10.916139016314272,60.03134943263068,2.4761850444986617,10.125048863748304,48.825600404273374,3.3253262845382667,11.588593681891991,73.0290598184378,0.8842089666786755
20,200,5,Real Treatment Charges,7,2.5908648324292938,9.875041774927212,43.78568429280765,2.612692202883135,9.538327473516102,44.361686334358396,2.3294330143882185,9.031819272866917,43.69186303034278,2.882857072820316,10.374376715605662,45.6480606837033,0.8259605996485785
20,200,5,Precious metal index,8,2.5908648324292938,9.875041774927212,43.78568429280765,2.273579475221373,9.410779099768128,48.121154365173865,1.9623690017344158,8.769912486428394,44.675705134215,3.0710654978642196,10.124754282474155,51.11309018274507,0.4929887978390233
20,200,5,Full metal real index,9,2.5908648324292938,9.875041774927212,43.78568429280765,2.494281451914352,10.621059105369504,66.34575942658847,2.349393643584943,10.0893240905585,53.15767713172035,2.6359695694412957,11.216233395583833,79.45133177809905,1.0682003783890763
20,200,5,World Stock Market Capitalisation (% of GDP),10,2.5908648324292938,9.875041774927212,43.78568429280765,3.4457750474251068,13.17764486264613,108.36256986287152,2.793586348304049,10.755274310155944,77.41076297457224,4.702558120821147,16.252713669913387,140.9345470116721,2.6489166299098192
20,200,5,China Total Manufacturing Output,11,2.5908648324292938,9.875041774927212,43.78568429280765,3.9692864130094874,14.384616092016877,137.1421499331858,3.1718148269233435,11.084235713612967,96.21749448847942,5.144381677030537,17.67390949414941,184.53473857633637,3.7014545803072094
20,200,5,Population,12,2.5908648324292938,9.875041774927212,43.78568429280765,2.4561558834644153,9.845165907437828,47.034530341184876,2.3141991195890217,9.659246843446816,43.32957334164009,2.635155374638378,10.151313160996962,53.35624093110317,0.6338516902322091
21,200,5,Zinc real price,0,3.678400637825787,8.761171034561487,49.30234380306205,4.244628142011788,9.041907704517701,59.4184400754374,3.816350340293739,8.5066137852537,53.43354408116846,4.853104835934333,9.647539056079312,62.91823865641688,0.4693264133112661
21,200,5,Energy index,1,3.678400637825787,8.761171034561487,49.30234380306205,5.34567835833917,9.482183922041099,50.77032062894321,3.7621864664733007,9.066434071495049,49.58379820297682,7.268239003333712,9.971303177053672,51.890434454098774,0.5825830218185963
21,200,5,GDP,2,3.678400637825787,8.761171034561487,49.30234380306205,4.305348373254979,8.846144212776617,49.98053042827168,3.563969604311893,8.16385831966713,49.17292761421073,5.304665799217809,9.784063166821571,51.02411583571564,1.4471984871405867
21,200,5,US Industrial Production Total Index,3,3.678400637825787,8.761171034561487,49.30234380306205,3.9431993970206207,8.883082155614108,49.548091710263364,3.7337926756774524,8.593130216451563,47.998103001815494,4.1970865510528546,9.129080766502833,51.10167696027096,0.6039848450616128
21,200,5,EU28 Industrial Production Total Index,4,3.678400637825787,8.761171034561487,49.30234380306205,3.69150783600253,9.430057807715851,61.24055330258889,3.400998760928023,9.112261320373207,55.79505906428202,4.470127588108943,9.832850583570675,66.88890218180342,0.7314893817102637
21,200,5,China All Industry Value Added (Constant 2015 USD),5,3.678400637825787,8.761171034561487,49.30234380306205,7.0239740215044115,16.086712385237753,121.3672454569033,4.6238747773522055,12.590245903128526,86.00427117609924,10.790786000446474,20.200838118333266,151.2684809410468,6.639173832973528
21,200,5,Producer Price Index of Non-ferrous Scrap,6,3.678400637825787,8.761171034561487,49.30234380306205,4.2319574683128085,9.28293637245644,51.5735448132252,3.1180537766251604,8.758953593028888,43.26584621524645,6.270127607692632,9.964259976915741,61.330964308352165,0.9554955757478365
21,200,5,Real Treatment Charges,7,3.678400637825787,8.761171034561487,49.30234380306205,3.2885735755667733,8.703703298757635,56.39306487803111,3.025850609464086,8.368052743995968,52.858186081830205,4.190800742077531,9.120093747333573,59.686435713587834,0.5864913575964057
21,200,5,Precious metal index,8,3.678400637825787,8.761171034561487,49.30234380306205,3.255045004648899,9.036160709673076,53.75057517158518,3.019541752370971,8.482114834582568,51.068783287288156,3.579661707994341,9.712027631545524,56.444037222360926,0.8309677117018588
21,200,5,Full metal real index,9,3.678400637825787,8.761171034561487,49.30234380306205,3.7986706326797663,10.253030180845531,55.13016781074392,3.5088367086336327,9.499615930229098,51.07383571207194,3.9849923974172965,10.942003233885593,58.57739738951016,0.6545769639604396
21,200,5,World Stock Market Capitalisation (% of GDP),10,3.678400637825787,8.761171034561487,49.30234380306205,3.9867559021701147,9.500429587638934,81.82170162758221,3.668393585965925,8.82581866423084,63.11060430978361,4.304847804360966,10.695334754161221,96.3901647620454,1.9144223705084136
21,200,5,China Total Manufacturing Output,11,3.678400637825787,8.761171034561487,49.30234380306205,5.409915183073165,16.614272661886954,204.74216580435117,4.164947639464284,12.990834170414063,117.59091298084664,7.8081817447056405,19.691209883934462,283.8904499644081,5.49670083209948
21,200,5,Population,12,3.678400637825787,8.761171034561487,49.30234380306205,4.013576843422118,9.070802237724665,50.93758111303063,3.6798873904888456,8.719010078104457,49.92302041728305,4.330106843621135,9.476338667819293,53.04220818198128,0.46028013157595665
22,200,5,Zinc real price,0,3.785445755607638,8.069477579860362,46.1396179184916,5.344171248644546,10.144998609673756,45.50454834579486,3.2534883373841907,9.191735115357938,40.234348405160176,8.28081383450281,10.837844042718647,50.77187081109939,0.5481925423224967
22,200,5,Energy index,1,3.785445755607638,8.069477579860362,46.1396179184916,3.041540006165305,8.971171891132014,47.304052145809834,2.3535714882412315,8.31870481216645,43.6818670985267,3.8159642996081327,9.534823048798335,50.70857964582011,0.7999113412814407
22,200,5,GDP,2,3.785445755607638,8.069477579860362,46.1396179184916,3.115972220622132,10.091366392017424,75.16077661828916,2.6669715568482895,8.693118636238163,57.23638194112253,3.5749208048899455,12.276140596388382,98.96694321848088,2.671430372469683
22,200,5,US Industrial Production Total Index,3,3.785445755607638,8.069477579860362,46.1396179184916,3.115721357395115,9.388778150470797,52.36601896216456,2.405650246812996,8.636391167808599,45.87578866684326,3.743249342849632,10.42298934982914,58.942451798939,1.2826377749815292
22,200,5,EU28 Industrial Production Total Index,4,3.785445755607638,8.069477579860362,46.1396179184916,3.983805515997463,8.082478428195037,49.77853178702891,3.210514901257005,7.815588279299772,46.48623371228735,5.27503106694097,8.340208958721032,55.75283299635314,0.604348215931271
22,200,5,China All Industry Value Added (Constant 2015 USD),5,3.785445755607638,8.069477579860362,46.1396179184916,7.720385981943567,15.067691894462552,67.09739425761114,4.378186079456776,11.350983796725346,53.755836828643865,12.528888244078917,18.401046732946096,80.8128187882534,1.5994686013012287
22,200,5,Producer Price Index of Non-ferrous Scrap,6,3.785445755607638,8.069477579860362,46.1396179184916,4.416508130462278,8.740133189167523,49.96169088244254,3.180416671306094,8.14496265043233,47.14830977791338,5.382688800281591,9.652881877930366,53.46795517216733,0.8437676743019498
22,200,5,Real Treatment Charges,7,3.785445755607638,8.069477579860362,46.1396179184916,3.3944016879286902,9.211684178770277,48.020418080071906,2.8168757614476423,8.515111394723679,46.01970910619243,4.097932069775303,9.86846322763469,50.217392251392205,0.582127679447699
22,200,5,Precious metal index,8,3.785445755607638,8.069477579860362,46.1396179184916,5.25126460348449,8.285120188056094,47.545569418379955,2.985645854972474,7.554987272279138,40.952148611777396,8.073464894292622,8.959409691915038,55.133755322235636,0.4821952650763473
22,200,5,Full metal real index,9,3.785445755607638,8.069477579860362,46.1396179184916,4.694316508371091,8.376410056054677,48.36720746362019,3.9982196380060446,8.076470755483538,44.75294581042987,5.344484577116209,8.752209851671367,52.174892974998684,0.5147250498701711
22,200,5,World Stock Market Capitalisation (% of GDP),10,3.785445755607638,8.069477579860362,46.1396179184916,4.018467471951938,9.487199495255282,82.42564691191878,2.421169441171781,8.413517397012773,61.752354941271065,6.146927291244708,10.820947373971592,100.06754569530105,1.826471616982653
22,200,5,China Total Manufacturing Output,11,3.785445755607638,8.069477579860362,46.1396179184916,9.135273609921406,18.06617005887061,335.4158451008375,4.002282831489257,14.440832604992927,153.16865562176338,16.249917346245763,20.984138392536156,443.5107601172818,9.845412637315448
22,200,5,Population,12,3.785445755607638,8.069477579860362,46.1396179184916,3.4345849373300794,8.902701792174643,45.721196473489044,2.6466623271532157,8.355778521651809,43.39053151692545,4.562053453414551,9.418480801664666,49.19788470120073,0.510822845300491
23,200,5,Zinc real price,0,4.609565800105723,10.31652946207674,44.93982625431157,5.256281601930482,11.434163581741839,51.167404826802084,3.745978443781469,10.785194131527884,47.16326742336519,7.250780295034337,11.855438864129333,54.4785611032182,0.3687033896430356
23,200,5,Energy index,1,4.609565800105723,10.31652946207674,44.93982625431157,6.1962382254384405,12.830408155505758,54.772703501861486,2.8981263090673535,11.461941799133768,48.249708612984186,9.4048851841631,13.72764187155596,60.44826671366289,0.9309176029685258
23,200,5,GDP,2,4.609565800105723,10.31652946207674,44.93982625431157,5.559135484221541,11.254677501336932,61.94604408617975,4.632263412229614,10.515649910015318,53.119274266274694,6.754063004070151,12.022977816478342,71.62419712280571,1.2491500757022034
23,200,5,US Industrial Production Total Index,3,4.609565800105723,10.31652946207674,44.93982625431157,4.484532432447281,11.479022365837995,69.11666515969256,3.8864267347790378,10.640861124367197,56.561853068940046,5.230416022163662,12.805696542469576,84.41830268907239,1.2202882849813665
23,200,5,EU28 Industrial Production Total Index,4,4.609565800105723,10.31652946207674,44.93982625431157,5.049970349670279,10.329579257553078,50.27159169494989,3.996198334396189,10.077282434058466,47.4947332228991,6.045849424576714,10.553910842408268,53.50137154352113,0.45373074475944286
23,200,5,China All Industry Value Added (Constant 2015 USD),5,4.609565800105723,10.31652946207674,44.93982625431157,6.635785341193852,21.795470745777962,79.24348051869578,4.822108346991199,15.303098542658024,64.2257681266952,9.949120237806568,27.822876807871783,93.81422906822506,5.541851193470644
23,200,5,Producer Price Index of Non-ferrous Scrap,6,4.609565800105723,10.31652946207674,44.93982625431157,4.559800126421981,10.991666001319079,47.39949670774218,3.2899997904986713,10.537589495154332,45.23179060434599,6.588026504147059,11.428887359111558,50.58263474799982,0.6977007836402435
23,200,5,Real Treatment Charges,7,4.609565800105723,10.31652946207674,44.93982625431157,4.852065476708008,10.48693542997248,49.13282209642739,4.410477916728274,10.147457300193919,45.194027167517966,5.331552074316068,10.935153313881475,54.696335351821084,0.5400302193872809
23,200,5,Precious metal index,8,4.609565800105723,10.31652946207674,44.93982625431157,6.248055275277423,10.062533317629335,47.87421768173157,4.547525658766231,9.038312734699312,38.59718181512785,8.629137004776647,11.128788106811243,56.02590014024347,0.4833741272363321
23,200,5,Full metal real index,9,4.609565800105723,10.31652946207674,44.93982625431157,4.475422307057055,10.923480946846034,48.11306765895256,4.221715274770734,10.557836882794884,45.50092227999809,4.730587228643508,11.383877372479734,50.7046483516555,0.5960924101322989
23,200,5,World Stock Market Capitalisation (% of GDP),10,4.609565800105723,10.31652946207674,44.93982625431157,4.935470474973306,11.286936247189862,63.51659725429934,4.041315090634515,10.631254807784002,53.60892865365665,5.9630071789761265,12.124698468176945,73.22597458742376,0.9753774129041518
23,200,5,China Total Manufacturing Output,11,4.609565800105723,10.31652946207674,44.93982625431157,7.897223577900839,18.751046089774114,159.52349410289796,4.2691289813008995,14.010179287845736,110.80455171328218,12.042244456883033,22.36991569516674,189.87439881252354,5.59726292110005
23,200,5,Population,12,4.609565800105723,10.31652946207674,44.93982625431157,4.477590559824913,10.5859003100569,46.08784362929383,3.8932757124802175,10.341203168835134,44.84216018383933,5.060964892302499,10.772075276908279,48.40186283398869,0.3021440549228639
24,200,5,Zinc real price,0,2.7011685207008655,8.647499573845383,46.7540184447717,2.5376624667773156,9.370966938601079,50.22215841371285,2.059658387929366,8.874954011917644,42.71404317555886,3.016640914848532,9.708080203074717,57.76243815314824,0.4392295159198528
24,200,5,Energy index,1,2.7011685207008655,8.647499573845383,46.7540184447717,4.195990651007409,10.107602782054268,46.436016999003876,2.373436538400765,9.18863507099841,40.406617177345844,6.992503668794178,10.96691605228012,52.201603742131454,0.9064670430850637
24,200,5,GDP,2,2.7011685207008655,8.647499573845383,46.7540184447717,2.9645943951380413,11.393633310248507,47.46294827327453,2.294785221842236,10.090068878611179,41.53052217044945,3.702535538859994,12.542974356706132,54.383561397170986,1.0066869353049
24,200,5,US Industrial Production Total Index,3,2.7011685207008655,8.647499573845383,46.7540184447717,2.2677141264025673,9.694527826388143,47.87607590486259,1.580664970130526,9.046107858322785,42.67026650975095,4.143917208762792,10.434037975215661,52.83346313648436,0.7272498524164364
24,200,5,EU28 Industrial Production Total Index,4,2.7011685207008655,8.647499573845383,46.7540184447717,2.777053820162876,8.922624788884299,55.17372782896227,2.3643783154812206,8.718613447142495,49.81460678954943,3.3209806845417664,9.215872995583492,64.56542273569528,1.0941645781129128
24,200,5,China All Industry Value Added (Constant 2015 USD),5,2.7011685207008655,8.647499573845383,46.7540184447717,5.514041943357233,18.180282383128077,114.87003516779934,3.1717909491253007,12.864850722690456,81.80149469667047,10.109410344133385,25.43449143110273,143.7921285926897,8.01275004497526
24,200,5,Producer Price Index of Non-ferrous Scrap,6,2.7011685207008655,8.647499573845383,46.7540184447717,3.802966246247456,8.881094984333922,58.21518442829764,2.781742236234381,7.616513237433362,53.10374550533553,5.320075832914711,10.264395345285886,63.93803176755271,0.7704883791565342
24,200,5,Real Treatment Charges,7,2.7011685207008655,8.647499573845383,46.7540184447717,2.9601983021428757,9.298666241980353,45.65932651921776,2.2084773259927792,8.98949484891246,42.691220933507935,3.976774923769905,9.671428202370501,49.82597006135167,0.5612377786626659
24,200,5,Precious metal index,8,2.7011685207008655,8.647499573845383,46.7540184447717,3.325353376691803,8.90690792217038,48.38432221826519,2.7080288526498784,8.179136879789262,45.280812063443456,4.01578731562397,9.783292660028533,50.92478742213894,0.544278061584595
24,200,5,Full metal real index,9,2.7011685207008655,8.647499573845383,46.7540184447717,2.9896058552879143,9.880422089567698,51.000546437841074,2.6795674411698354,9.287486996933346,45.67555375229438,3.337547154275916,10.462246355598639,54.978375911742454,1.206586842482992
24,200,5,World Stock Market Capitalisation (% of GDP),10,2.7011685207008655,8.647499573845383,46.7540184447717,3.1284906936128896,9.957538055129824,77.33217127553216,1.8861640836413494,9.019470619111129,57.71277932803138,5.293021005642918,11.390020062703433,98.44078850796998,1.6932645989188826
24,200,5,China Total Manufacturing Output,11,2.7011685207008655,8.647499573845383,46.7540184447717,10.548609333461659,16.9517399444871,134.15021098049112,4.876457916967101,13.721623450934606,92.41052404718468,18.66053524011161,19.684628533530876,170.4982491799277,4.953707925462153
24,200,5,Population,12,2.7011685207008655,8.647499573845383,46.7540184447717,3.663924038141395,8.93901614412475,52.98263577293402,2.4554698563769657,8.283626516661776,48.43131547854676,4.870330686595757,10.050022565282399,56.918148855769836,0.5064595221122982
25,200,5,Zinc real price,0,4.010322932734671,10.16652340379968,43.07380269796541,3.7152363143622535,11.186399277149219,47.364692915153555,3.131089983859892,10.499449204073395,41.88251866344987,4.306658816021985,11.618612251307772,49.88333533666068,0.4327139304356063
25,200,5,Energy index,1,4.010322932734671,10.16652340379968,43.07380269796541,5.245791954634089,10.50990913954705,47.75026970792341,3.7038329593120176,10.134132567027445,43.219059660796496,7.042458407481776,10.975637879949744,52.387881087083066,0.8195504084445135
25,200,5,GDP,2,4.010322932734671,10.16652340379968,43.07380269796541,4.31427633719915,11.864355422808865,55.57377080505741,3.2173227297784037,10.79571164367294,48.86941244926717,5.497978371825462,13.584302093742126,61.594228570491424,1.3231468712494316
25,200,5,US Industrial Production Total Index,3,4.010322932734671,10.16652340379968,43.07380269796541,4.850999827359958,11.779828866762546,69.99909452945056,2.801214115659619,10.794518843595332,54.82680383305079,7.2871427504731,13.19925516500193,81.01223382111381,1.1084652352167752
25,200,5,EU28 Industrial Production Total Index,4,4.010322932734671,10.16652340379968,43.07380269796541,3.8980110476966607,10.370112734983184,47.74773074342709,3.5704927382929403,10.199246687627332,44.790982664111,4.179528225082445,10.630186777542061,51.428361213436716,0.34804727513004713
25,200,5,China All Industry Value Added (Constant 2015 USD),5,4.010322932734671,10.16652340379968,43.07380269796541,3.641568359617877,17.58062040039933,78.7276417271523,2.31455739599693,14.418841396862534,58.06664119431268,5.480400352909946,19.706488465403357,96.65449774648454,3.6237247058716475
25,200,5,Producer Price Index of Non-ferrous Scrap,6,4.010322932734671,10.16652340379968,43.07380269796541,4.754007570902289,10.195690830632874,46.171936026216116,2.8936942399468384,9.458830889902357,42.81988463915968,6.622189534861909,11.330818022923141,49.2892583689279,0.7812994727924132
25,200,5,Real Treatment Charges,7,4.010322932734671,10.16652340379968,43.07380269796541,3.8859439949313392,10.823817091154154,50.36786970723035,3.6783672115707646,10.414560139176377,43.805879042557336,4.137443061287126,11.282299867293302,56.73840161336607,0.6024223728445145
25,200,5,Precious metal index,8,4.010322932734671,10.16652340379968,43.07380269796541,4.878169688674566,10.781916090873816,45.654533521901314,3.671969645437907,10.1250694101027,42.65169180525881,6.196393746520862,11.455275513871102,48.421156372678574,0.7760892422326326
25,200,5,Full metal real index,9,4.010322932734671,10.16652340379968,43.07380269796541,5.01132519448902,11.150571681859223,44.96769350000562,3.651588402272194,10.734929851273575,40.61883246705601,6.54087224680665,11.588305610054256,49.59759878493552,0.5880527761741818
25,200,5,World Stock Market Capitalisation (% of GDP),10,4.010322932734671,10.16652340379968,43.07380269796541,5.03912696901233,10.037814683885966,61.56458781917064,4.065071017504459,9.017320306655439,48.56574139534903,5.909885260360317,10.836564578779907,74.29541772892819,0.8888655991959229
25,200,5,China Total Manufacturing Output,11,4.010322932734671,10.16652340379968,43.07380269796541,6.9155341959840175,12.5342457731511,111.08209861593139,4.939101254886549,10.25211034400829,89.49532610497917,8.57276149483288,14.838959903570546,137.43438531554023,3.4087880629099923
25,200,5,Population,12,4.010322932734671,10.16652340379968,43.07380269796541,4.553523386789479,10.471125836777343,44.82888450640321,2.56542083982087,10.157685823843682,43.4271530396283,6.627413065446675,10.923947312011146,46.95913023913247,0.5181728904760752
26,200,5,Zinc real price,0,4.103596431615611,10.333094633743686,51.57084920440423,3.8875325349621006,10.741749744131639,55.23388858652663,3.690537953387148,10.507634181734685,49.9583902797359,4.107393284162032,10.956924922226666,60.506888936501745,0.6500996369626171
26,200,5,Energy index,1,4.103596431615611,10.333094633743686,51.57084920440423,5.921367398651582,11.152380972223153,59.24570352008945,2.6396486601675977,10.300033925259775,53.257555316952406,9.067723923910412,12.129104420802486,64.20214810989661,1.0962190066564532
26,200,5,GDP,2,4.103596431615611,10.333094633743686,51.57084920440423,3.8019129355060315,11.701972012345134,62.54536924561967,3.225404629032588,10.896810536650262,47.61770486987026,4.452826348053951,12.593700122546082,76.2426724133157,1.4547438591645585
26,200,5,US Industrial Production Total Index,3,4.103596431615611,10.333094633743686,51.57084920440423,4.973589823311042,11.13944309344517,53.68789261730214,4.018257920270469,10.006533650595049,45.62033230003956,5.885693025913263,12.171448122939816,61.18522295579552,1.0032039342637686
26,200,5,EU28 Industrial Production Total Index,4,4.103596431615611,10.333094633743686,51.57084920440423,3.6251895383687303,11.40094883417472,54.52087546851425,3.135800585342794,10.66472385180824,48.39875698829934,4.270133953140795,11.92206283746548,61.748103220426195,0.5781320842915267
26,200,5,China All Industry Value Added (Constant 2015 USD),5,4.103596431615611,10.333094633743686,51.57084920440423,6.7017234662162695,15.704563672188158,75.99195104218808,5.298111054283264,12.485988905694844,61.43767447382675,8.808494361887396,19.911225879993086,92.95346522086844,4.506083075342991
26,200,5,Producer Price Index of Non-ferrous Scrap,6,4.103596431615611,10.333094633743686,51.57084920440423,5.749936035238248,10.560970128838594,71.77647013372248,3.6924351989248674,9.328326686430152,59.453030053622044,8.51464540131696,12.203660531780956,83.05270500142102,0.7872923234446071
26,200,5,Real Treatment Charges,7,4.103596431615611,10.333094633743686,51.57084920440423,4.296191432537791,10.644899356421575,59.050500112759266,3.6059837474532928,10.02775294277482,54.820535506946115,5.114321009153464,11.481403835423617,62.7329330429217,0.8542262043722945
26,200,5,Precious metal index,8,4.103596431615611,10.333094633743686,51.57084920440423,4.191858434346218,10.68068027219456,63.95891544476881,3.5891357980925718,10.094747021593143,45.59000828091952,4.587450534174682,11.353615218502787,90.72611024013487,1.379311253941179
26,200,5,Full metal real index,9,4.103596431615611,10.333094633743686,51.57084920440423,4.353516246852034,11.339263245850933,53.149036480250615,3.6255225492911687,10.770446889662166,49.994940533417896,5.367329978044042,11.98925548957727,57.40746981026978,0.9119040923444043
26,200,5,World Stock Market Capitalisation (% of GDP),10,4.103596431615611,10.333094633743686,51.57084920440423,4.506141789610657,11.298199608275297,62.40467511429573,3.1929468684787254,10.215172824098929,50.64689647398053,6.738962841865056,13.088408717931435,72.68471469742919,1.0837349788761932
26,200,5,China Total Manufacturing Output,11,4.103596431615611,10.333094633743686,51.57084920440423,4.550867968978006,16.937423952488402,136.7524535467336,3.5827453618409364,14.395392093751722,102.14567710061375,6.108706845850198,19.88057311718726,163.05160812591413,4.107071148267013
26,200,5,Population,12,4.103596431615611,10.333094633743686,51.57084920440423,4.0040927565793,11.541214310779317,52.15458832641728,3.701215697543558,10.488278505404402,50.695422129531366,4.334210724177254,12.244559541970467,54.46660045376219,0.8889731002534849
27,200,5,Zinc real price,0,3.5995510627079774,7.372683959870628,51.65644700000854,3.6780644325425276,8.838933667593858,56.25315326607169,3.2115874045846073,7.997730758786047,52.92186557968659,4.41567782174376,9.334892395433098,58.633964536679244,0.3693719466752782
27,200,5,Energy index,1,3.5995510627079774,7.372683959870628,51.65644700000854,4.70612536973616,8.56433348794683,61.299489828026125,3.0188531392313234,7.750979359496048,52.27120140157174,6.348063023504468,9.321777841035788,67.3666536773373,0.7007027978303605
27,200,5,GDP,2,3.5995510627079774,7.372683959870628,51.65644700000854,2.8166226153741523,10.134113816994624,48.2553292581441,2.009534549507181,8.514034813740778,45.156834347362654,5.1883381881440815,12.646149199403114,52.01463119373358,2.1439474667863876
27,200,5,US Industrial Production Total Index,3,3.5995510627079774,7.372683959870628,51.65644700000854,3.459509597702416,7.834913133704276,52.071107159404534,3.2492924308240037,7.504924526052323,49.687372143748306,3.639540895922541,8.429081446921717,53.84855821130676,0.45605415746677563
27,200,5,EU28 Industrial Production Total Index,4,3.5995510627079774,7.372683959870628,51.65644700000854,3.1021193409753565,7.575491152109482,55.968900167688886,2.5944079264190654,7.40174686128384,53.703197214554024,3.6640142179297586,7.897779876840676,58.564318879480574,0.5185502377171577
27,200,5,China All Industry Value Added (Constant 2015 USD),5,3.5995510627079774,7.372683959870628,51.65644700000854,4.18869965897434,15.360473184100613,58.89151986821413,2.9227925320471364,11.780943867309572,50.39110072767423,6.958812997637774,20.93275322110983,67.77993201757347,2.9531411858576906
27,200,5,Producer Price Index of Non-ferrous Scrap,6,3.5995510627079774,7.372683959870628,51.65644700000854,3.1458514874107,8.296124391787563,57.21734482848446,1.8420039859007447,7.304696441841069,54.14824877978767,5.424143913964045,8.989860147946333,61.45900991167138,0.5637015715702345
27,200,5,Real Treatment Charges,7,3.5995510627079774,7.372683959870628,51.65644700000854,3.673379099448739,7.514836336104304,59.31568717498229,2.531980362577134,7.12497118871502,54.272953169794846,4.799335821359505,8.04965518596489,63.79481525579409,0.5578301793171738
27,200,5,Precious metal index,8,3.5995510627079774,7.372683959870628,51.65644700000854,3.802704615457447,8.811611207474673,53.654445371615154,2.7800973199611336,8.028994976191473,49.345673155441936,4.8974232394180355,9.704206051422892,58.476545207286875,0.9441408268101125
27,200,5,Full metal real index,9,3.5995510627079774,7.372683959870628,51.65644700000854,3.1399232810879605,8.485512011168996,59.21938615680749,2.4878423855899214,7.924188264476253,53.19835500032446,3.7761575065693855,9.050414236922041,63.9369122146908,0.6566509272504826
27,200,5,World Stock Market Capitalisation (% of GDP),10,3.5995510627079774,7.372683959870628,51.65644700000854,4.031322533871121,8.40302344515669,99.99461139451567,3.6748294937580073,7.404565641843252,70.19659926516577,4.479357119700411,9.680967337360562,131.80174677483564,3.290759959495033
27,200,5,China Total Manufacturing Output,11,3.5995510627079774,7.372683959870628,51.65644700000854,4.924011437516185,14.062263611585653,82.38694665419166,3.019040048971651,10.619299947448404,69.69002974904531,7.303548181247124,17.557885940154463,98.46925927915541,3.8972050278475288
27,200,5,Population,12,3.5995510627079774,7.372683959870628,51.65644700000854,3.556238421224881,7.491872780752949,54.758215688403396,2.8237173843942394,7.296319346251998,52.514592713109224,4.545452081059806,7.688696192774552,57.29896788728563,0.2895257789831005
28,200,5,Zinc real price,0,2.346150312358789,10.204043113429071,44.10745673186366,3.391648368286992,11.139162843545481,45.20984889160097,2.217511898477932,10.685228455146754,41.45659932986359,5.176989812199539,11.519816088860956,48.299263951666084,0.33663351734987224
28,200,5,Energy index,1,2.346150312358789,10.204043113429071,44.10745673186366,4.4229497066062295,11.41567245040816,50.14125877333692,2.0572273179759932,10.416284437997566,44.931990680050724,7.796642514354683,12.018380266681822,54.9508475693824,0.8114271801415585
28,200,5,GDP,2,2.346150312358789,10.204043113429071,44.10745673186366,3.9563812981072566,13.910860934968445,61.58019288785263,3.1122169200497747,11.033742826702786,51.746693087688584,4.601252732562403,18.91165831530434,73.94167344425921,2.964664270429576
28,200,5,US Industrial Production Total Index,3,2.346150312358789,10.204043113429071,44.10745673186366,2.8252612547898055,9.734508240632811,45.5718964796729,2.468150081447989,9.21237377301722,43.3317211321617,3.1978000424329815,10.282375079813258,50.34640536825904,0.3281588690326136
28,200,5,EU28 Industrial Production Total Index,4,2.346150312358789,10.204043113429071,44.10745673186366,2.71590358317609,10.128110755414612,52.513334096238964,2.0029525461922546,9.72972218826237,46.32419514243888,3.4841973814224025,10.604040358679672,57.8471503183895,0.46169877857461766
28,200,5,China All Industry Value Added (Constant 2015 USD),5,2.346150312358789,10.204043113429071,44.10745673186366,5.961877789936773,22.436453339636806,82.47844953597463,3.442978410659721,16.819160697532947,66.28713917225267,11.254399633533563,27.31826849055797,98.61232765714293,2.778108266623903
28,200,5,Producer Price Index of Non-ferrous Scrap,6,2.346150312358789,10.204043113429071,44.10745673186366,3.7389225553643177,10.355884462164838,60.00315305822022,2.2723547242796434,9.645567673500123,50.078196500228124,5.0538438452373,11.48147514614272,69.8456771480773,0.7934353377537572
28,200,5,Real Treatment Charges,7,2.346150312358789,10.204043113429071,44.10745673186366,2.52900939349996,10.304777835559708,49.85838636713564,2.288453284565904,10.0731423207396,46.3666370886084,2.8463669637302496,10.610365982011302,53.39933909314177,0.49536802824941495
28,200,5,Precious metal index,8,2.346150312358789,10.204043113429071,44.10745673186366,2.9541307216251806,9.92704357379026,47.19736108500544,2.358177385299574,8.654940902951404,43.19378426688588,3.6180311672020546,11.003965770294485,52.72691085165014,0.7526029955081469
28,200,5,Full metal real index,9,2.346150312358789,10.204043113429071,44.10745673186366,2.9675210417322395,11.244179253702518,50.63514116729793,2.5967396453971188,10.526031134593465,46.14897845667472,3.3973995790173896,11.954081087055538,53.96841572559073,0.9986087906859447
28,200,5,World Stock Market Capitalisation (% of GDP),10,2.346150312358789,10.204043113429071,44.10745673186366,3.1879111622841614,10.318055171885234,70.91201981921688,2.3739400589129604,9.068064180030694,51.75284194696877,3.917166774037889,11.545033428687239,88.5565983109515,1.404266385704632
28,200,5,China Total Manufacturing Output,11,2.346150312358789,10.204043113429071,44.10745673186366,8.217486087460681,19.13050427451543,201.39308285973394,4.999910091428879,14.118944677279416,125.30445945990664,12.551905330120357,24.439738828539348,274.95816471156746,4.3302640803739045
28,200,5,Population,12,2.346150312358789,10.204043113429071,44.10745673186366,2.3497972063909547,10.541356735647577,45.44862428170404,2.1888097245337517,10.264004570329323,43.65806996302539,2.506716743076507,11.082054837526341,48.34177956090454,0.38306726081841835
29,200,5,Zinc real price,0,1.9549122101216343,7.141237271929699,41.88442253833452,2.1995021672715596,7.353728006877788,45.88952335291927,2.0299569317988624,6.959332659551357,43.11439461442773,2.3904788143024933,7.787871121017733,47.63959850262282,0.2589282190259276
29,200,5,Energy index,1,1.9549122101216343,7.141237271929699,41.88442253833452,2.6796426236569912,8.102597047612687,47.74297136261105,2.149471075473635,7.15983400235733,43.48545353048948,3.278549613246085,8.837086986354024,51.26623324685534,0.6457210587313094
29,200,5,GDP,2,1.9549122101216343,7.141237271929699,41.88442253833452,2.6850518188571586,10.83919087471235,74.93512675046418,2.1188856779943523,9.118202397429854,52.34017121504447,3.351666626587336,13.608269780978905,120.04929656003742,3.077670689967003
29,200,5,US Industrial Production Total Index,3,1.9549122101216343,7.141237271929699,41.88442253833452,2.3368234247028754,8.184795859987357,50.91854889472102,2.078189707634629,7.501003017228673,44.62779793385655,2.6118404173201255,8.89614025993265,57.43003914280467,0.5691450304090169
29,200,5,EU28 Industrial Production Total Index,4,1.9549122101216343,7.141237271929699,41.88442253833452,2.158454162407889,8.104325083333688,51.82007927442348,1.9917695218712932,7.5991964509281855,46.24934719650311,2.3719100135545235,8.797476410931525,56.766181966014166,0.5808577173344541
29,200,5,China All Industry Value Added (Constant 2015 USD),5,1.9549122101216343,7.141237271929699,41.88442253833452,4.582184279875925,13.8272444919399,83.81507550041992,2.8137692232637113,11.487742796822088,64.4645941308181,10.064211913415633,16.85250309334175,107.01553112661585,6.27043426249153
29,200,5,Producer Price Index of Non-ferrous Scrap,6,1.9549122101216343,7.141237271929699,41.88442253833452,2.0343983441953553,9.054489990235052,48.844666069147344,1.7577394301730962,8.002620916277662,43.6988382429092,2.9250138280119726,9.76928066200795,56.21420590766619,0.9159729635819935
29,200,5,Real Treatment Charges,7,1.9549122101216343,7.141237271929699,41.88442253833452,2.1397057266623998,8.030097429122454,48.26529934964738,1.9463812457942402,7.480833879798832,44.28715191417719,2.5003466222259734,8.721447000468704,51.28989087916295,0.45953636288558775
29,200,5,Precious metal index,8,1.9549122101216343,7.141237271929699,41.88442253833452,2.8037660448320256,7.960254706292199,56.66743595622091,2.3018343217291566,7.064390749236792,46.15155399226119,3.259915294361868,8.725360328038496,66.19290007835795,0.6200037219200006
29,200,5,Full metal real index,9,1.9549122101216343,7.141237271929699,41.88442253833452,2.769612544210845,7.943691446143044,52.394962933294515,2.196814862434852,6.924651425822706,45.99570519700482,3.5884098097768162,8.828254613712492,58.039302546762535,0.9337553198959909
29,200,5,World Stock Market Capitalisation (% of GDP),10,1.9549122101216343,7.141237271929699,41.88442253833452,3.2372595246752303,8.97024322521964,95.53134218425024,2.1990226689789596,7.283856302575436,66.58742336381069,4.374205585900119,11.24465938395296,122.7154145092321,2.8909436402669972
29,200,5,China Total Manufacturing Output,11,1.9549122101216343,7.141237271929699,41.88442253833452,7.2976093824406725,20.6014734714935,285.7843279070381,4.655031979984687,15.802595519447173,168.57568805212117,11.802033635904834,24.720168522388725,377.34560566725725,8.115144465726006
29,200,5,Population,12,1.9549122101216343,7.141237271929699,41.88442253833452,2.1339132994155516,7.134389206685304,48.183939876958746,1.9972719801082814,6.742640819598857,44.119463341248306,2.282023185220471,7.541658804091594,51.7930946361388,0.3566567574404307
30,200,5,Zinc real price,0,4.387134799618682,8.008720330675908,50.403870290759684,4.708641102972846,8.531527757574816,54.94679551393292,4.187382921675062,8.127038225442018,51.98424906205989,5.292057313667603,8.895497730004545,57.17690642021645,0.3328804762902332
30,200,5,Energy index,1,4.387134799618682,8.008720330675908,50.403870290759684,3.9055329567774684,9.661413938298697,53.31211524544137,3.5243257263342334,8.459476008131835,49.05696489504102,4.627241365586296,10.716995419875232,58.006082858891,0.6820794504355712
30,200,5,GDP,2,4.387134799618682,8.008720330675908,50.403870290759684,5.158855466482553,8.73070159862403,55.39502871815694,2.985647374554159,8.101230941622555,52.226954239808634,7.799733158768711,9.525148564594266,58.93297080302669,0.6653229019054594
30,200,5,US Industrial Production Total Index,3,4.387134799618682,8.008720330675908,50.403870290759684,5.637482128757025,9.266794671107768,54.76273230195505,4.3775397222678265,8.492012178706068,52.2589769996573,7.435058579650206,9.962623828578003,56.98537568742029,0.595064896007447
30,200,5,EU28 Industrial Production Total Index,4,4.387134799618682,8.008720330675908,50.403870290759684,4.442745475471471,8.467514057581642,61.06612600128321,2.5490296340746674,8.07115502073917,55.90237310049955,7.04392491055795,8.908569488732216,65.79450634858435,0.5975716475945418
30,200,5,China All Industry Value Added (Constant 2015 USD),5,4.387134799618682,8.008720330675908,50.403870290759684,4.973458000229183,15.04681613257496,76.18437526437043,3.7954353733451844,11.260648191449969,59.704096730525656,6.20500316071222,19.776464231213073,89.68306675066802,3.2536059467100107
30,200,5,Producer Price Index of Non-ferrous Scrap,6,4.387134799618682,8.008720330675908,50.403870290759684,5.388522387558178,9.281611097407387,57.70534392094399,4.52344917434486,8.481190269428945,51.296482968597516,6.197439477542602,10.17411464628829,64.80496110082994,1.2652516518936021
30,200,5,Real Treatment Charges,7,4.387134799618682,8.008720330675908,50.403870290759684,3.9780008779070126,8.789873307807808,52.76661718528088,3.2007798247953216,8.274385639855232,50.68809286380071,4.768924896866014,9.383247842810059,55.032204969912215,0.5761552137550563
30,200,5,Precious metal index,8,4.387134799618682,8.008720330675908,50.403870290759684,4.542906898792296,7.8513251879523445,49.98807507924512,2.476467908266834,6.726021355720917,46.40280029450727,6.628476138894638,9.084416838647016,53.45196726616689,0.7220941691696972
30,200,5,Full metal real index,9,4.387134799618682,8.008720330675908,50.403870290759684,3.9000938563470786,9.217663719686637,60.602353396027084,3.571041948972126,8.630455487341456,55.057420408289836,4.3322854210885575,10.07744801640608,66.15163475370056,1.0505844830087543
30,200,5,World Stock Market Capitalisation (% of GDP),10,4.387134799618682,8.008720330675908,50.403870290759684,4.023051018976965,8.682997055701794,60.316404597297165,3.1934765484529217,8.042416435872047,53.633745200830276,4.8067571485854526,9.70244451452817,68.55635839820125,0.6874410940240794
30,200,5,China Total Manufacturing Output,11,4.387134799618682,8.008720330675908,50.403870290759684,4.6416692256487,14.65075145175928,256.35989879910596,3.768257423652771,12.437727809966683,159.52414607547368,5.414921085652308,17.737168811555176,334.6139921178339,9.365359972828951
30,200,5,Population,12,4.387134799618682,8.008720330675908,50.403870290759684,4.723023021229869,8.63848062574624,60.39975934028155,4.062910286000131,8.226878872470468,55.10403565562742,5.514141210649413,9.114319376245904,65.57999722214244,0.6708663186552444
31,200,5,Zinc real price,0,1.9772409896153629,8.753623780061817,50.784870947293186,2.351465834909399,10.729623238617297,52.15506417911318,1.7983304065535086,9.599161979531605,46.885345635342134,3.276665277357641,11.39321050171421,58.33028857908681,0.49034818804602776
31,200,5,Energy index,1,1.9772409896153629,8.753623780061817,50.784870947293186,3.073432087727684,9.928391841103247,53.8361803125304,1.9285051909005213,9.300368105146038,48.724959382299645,5.009580313236131,10.619732952575758,58.78838261362766,0.7214991893658016
31,200,5,GDP,2,1.9772409896153629,8.753623780061817,50.784870947293186,2.65304221993902,9.701151456762593,65.95136358296858,2.022357965071902,9.128738222264161,52.281363415508125,3.8083272159753854,10.675407946348136,80.33346581823679,1.851494565351577
31,200,5,US Industrial Production Total Index,3,1.9772409896153629,8.753623780061817,50.784870947293186,2.3869951069856143,10.349170832255211,58.90476025689868,1.8987835615005213,9.419860371926601,49.91328797076982,2.942454351549599,11.56426840448368,69.31529642537285,0.877866309169626
31,200,5,EU28 Industrial Production Total Index,4,1.9772409896153629,8.753623780061817,50.784870947293186,1.9317795427700406,9.239350373009177,53.0945141121031,1.7371788049093422,8.908320228012357,50.18854806742603,2.2533604614259564,9.536198493721006,57.55385409790998,0.6232938219350974
31,200,5,China All Industry Value Added (Constant 2015 USD),5,1.9772409896153629,8.753623780061817,50.784870947293186,7.354274380371217,16.32666824955555,72.60386469962813,3.610881383610285,12.55893534067096,63.12627036203252,11.364236730942297,21.551565886158283,92.78118343660782,4.615958254779192
31,200,5,Producer Price Index of Non-ferrous Scrap,6,1.9772409896153629,8.753623780061817,50.784870947293186,2.7208985926367637,11.103779237495885,53.98813528728495,2.246763705580209,9.784739250152922,48.49568187075158,3.28748164923256,13.060821894246038,63.07918963259998,0.8860359896731418
31,200,5,Real Treatment Charges,7,1.9772409896153629,8.753623780061817,50.784870947293186,2.4213982113998274,8.866537195013393,52.98666033680769,2.0947874202609933,8.456735187095692,50.23526875563052,2.829517432964474,9.34773129636321,55.21159077989759,0.5718889315705462
31,200,5,Precious metal index,8,1.9772409896153629,8.753623780061817,50.784870947293186,2.2067905239063883,8.413779717303164,53.66567504991424,1.8235810374551784,7.818610161644019,50.43749134026193,2.5456090684729933,9.08399763580816,56.48588712014668,0.3815325188930472
31,200,5,Full metal real index,9,1.9772409896153629,8.753623780061817,50.784870947293186,2.306965013116936,10.343659832153637,57.1078580602305,1.9698448035852627,9.374543210291973,52.68227792518174,2.570382543769377,11.29649482004751,61.59132074436515,1.1947108082921165
31,200,5,World Stock Market Capitalisation (% of GDP),10,1.9772409896153629,8.753623780061817,50.784870947293186,3.5061304610933997,9.988354258765913,61.66414119478285,2.537230853408941,8.890687534073189,52.305854517781405,5.953167437480846,11.154605756216082,72.26576794168993,1.2717922839261573
31,200,5,China Total Manufacturing Output,11,1.9772409896153629,8.753623780061817,50.784870947293186,4.7097068069658,19.535734749869754,263.38484714065237,2.869082303049814,15.491410067784345,181.67843303863754,7.889532547332894,24.038200988678835,341.5149682461202,9.604151378046168
31,200,5,Population,12,1.9772409896153629,8.753623780061817,50.784870947293186,1.8691354536547484,9.279877119096483,49.05821829690389,1.721199498144379,9.009528744136542,45.31585992314764,2.0111387085504115,9.594007292967278,54.71932467453599,0.41161931791520284
32,200,5,Zinc real price,0,7.228145128591068,9.796167684355945,46.958826819941194,7.123977755021655,10.166496949374698,54.18665679460582,6.801851805313355,9.821013608687213,48.39704656445916,7.418200780790374,10.527209514562095,56.977789650578394,0.40607050918566745
32,200,5,Energy index,1,7.228145128591068,9.796167684355945,46.958826819941194,6.273159301922446,10.914452303695656,53.54742381670542,5.465631681207716,9.83933446517761,49.303096862070035,7.219122984014109,11.646062287849123,60.3620423567787,0.747396917705956
32,200,5,GDP,2,7.228145128591068,9.796167684355945,46.958826819941194,7.585596142505151,11.795293478142678,64.30442086705094,6.465885689098338,10.639026580904353,50.74484186094908,9.166281802195066,13.246737617595443,83.36672196132615,2.0892308610038643
32,200,5,US Industrial Production Total Index,3,7.228145128591068,9.796167684355945,46.958826819941194,6.695304106862406,10.319814294090632,49.94143046410106,4.667587156311097,9.850050722289133,47.40588559603001,8.595314766255926,10.833408802141161,52.40526392253415,0.7774473753765009
32,200,5,EU28 Industrial Production Total Index,4,7.228145128591068,9.796167684355945,46.958826819941194,7.209731086567543,9.82883784194269,62.11259816758721,6.794313899327453,9.46681495353683,55.39267236644706,7.640766154608983,10.153309936237326,68.49058030088753,0.830808622147513
32,200,5,China All Industry Value Added (Constant 2015 USD),5,7.228145128591068,9.796167684355945,46.958826819941194,9.534838027452926,26.65141726550311,94.54908509291806,7.511839543055069,18.065873075056867,73.98765396919744,12.018701273922868,36.44915208940304,111.38405950904558,10.993171863593856
32,200,5,Producer Price Index of Non-ferrous Scrap,6,7.228145128591068,9.796167684355945,46.958826819941194,7.858028107522129,10.502747953301013,48.79077847056837,7.271337849441153,10.118454642987185,46.92324177600038,8.524981156421013,10.821255220821469,51.16804816196581,0.835834082629648
32,200,5,Real Treatment Charges,7,7.228145128591068,9.796167684355945,46.958826819941194,7.349526863061808,10.093988194223186,50.760188025761465,6.8776394926916895,9.694745368384678,48.25010431773197,7.956603482614206,10.714312347115738,53.1878436437633,0.4049007648107905
32,200,5,Precious metal index,8,7.228145128591068,9.796167684355945,46.958826819941194,9.036893987008835,10.521871704509724,51.76412354533035,6.63989263643548,10.17571432491511,47.375143172571164,11.839520264576601,10.9065332673252,54.7126284682601,0.44467969852891476
32,200,5,Full metal real index,9,7.228145128591068,9.796167684355945,46.958826819941194,7.36009038876122,10.426034734832061,50.42611239964925,6.822455891736445,10.132999504066966,48.59975020033354,7.9611929700637125,10.793129026961061,52.96321150699746,0.506788689934996
32,200,5,World Stock Market Capitalisation (% of GDP),10,7.228145128591068,9.796167684355945,46.958826819941194,8.191226023869415,10.269372081845233,81.87265220332986,7.112076379380242,9.304798443723463,65.71502296897923,9.560323626108216,11.59824849433296,95.89815404730307,1.8167335269932896
32,200,5,China Total Manufacturing Output,11,7.228145128591068,9.796167684355945,46.958826819941194,7.220160498637925,16.936933574381122,147.58516310752393,5.863401182856009,14.240023146620308,99.90814059355866,9.222377595744888,19.839151747467557,180.22893544512996,3.649104661075837
32,200,5,Population,12,7.228145128591068,9.796167684355945,46.958826819941194,7.528597014751902,10.563843768232676,47.73704366764459,6.867576227872469,10.09783798855406,46.7831783077094,8.274740627500679,11.031072314808737,49.2997945488728,0.4047064599266804
33,200,5,Zinc real price,0,3.055871854814285,7.263285091414967,56.91343457326906,3.881564345099539,9.037948565562878,63.39731114190387,3.063753238206765,7.902480674496813,58.28333458574898,5.0095630117829515,9.614016857795614,65.93262683671277,0.5225767315930249
33,200,5,Energy index,1,3.055871854814285,7.263285091414967,56.91343457326906,3.9124092300383637,9.29766142319659,63.76195384338929,3.348747256212258,8.049646499731905,57.67527961434772,4.521551626633376,10.268021829501324,68.28718657906023,0.5584862113099149
33,200,5,GDP,2,3.055871854814285,7.263285091414967,56.91343457326906,3.769109022136681,9.09891054149338,80.61795411593144,3.0676784828450834,7.667997717753303,70.625826538049,4.687069645296616,11.291305086695564,91.24489254509805,3.1991655168080886
33,200,5,US Industrial Production Total Index,3,3.055871854814285,7.263285091414967,56.91343457326906,3.4964037398105923,8.069972934022516,61.209141331571104,3.0756578410833653,7.531776595488107,57.89035993391038,4.030041365856188,8.674328018362392,64.60663437742417,0.6780764871399275
33,200,5,EU28 Industrial Production Total Index,4,3.055871854814285,7.263285091414967,56.91343457326906,3.266699276163358,7.744045759122267,63.88418787634603,2.8962360720017606,7.327739931287868,60.346867700293465,3.7999138335010585,8.351611579295536,67.2537957216454,0.5363889081880198
33,200,5,China All Industry Value Added (Constant 2015 USD),5,3.055871854814285,7.263285091414967,56.91343457326906,3.5175254807460434,13.132595090000912,69.1533474788985,2.6358288149991993,10.579403817082119,58.36030286230734,4.338329101878644,15.983326139164433,81.97194446509234,3.333248158766658
33,200,5,Producer Price Index of Non-ferrous Scrap,6,3.055871854814285,7.263285091414967,56.91343457326906,3.151616136785912,8.69753402200327,58.415408203726955,2.9195995443953313,7.966895422966832,55.21960518885557,3.3217337804464777,9.52123655103461,62.00829339342003,1.3030508169098132
33,200,5,Real Treatment Charges,7,3.055871854814285,7.263285091414967,56.91343457326906,3.3036449667397516,7.815958235124688,62.406314656205254,2.7965567645382863,7.428177601908135,59.37338572693213,4.639533243109871,8.244566874695796,65.25382948606287,0.5250847940569998
33,200,5,Precious metal index,8,3.055871854814285,7.263285091414967,56.91343457326906,4.920375404078109,7.658264844686841,56.126568494473034,2.890633325493131,7.005948802615638,53.61832714292817,8.579182029335913,8.40244717959242,59.46255174709139,0.595838618006505
33,200,5,Full metal real index,9,3.055871854814285,7.263285091414967,56.91343457326906,3.8987778274364304,7.3439908709749595,65.97481345645085,2.3724069330701387,6.59410154802715,59.195896203672675,5.776866895155938,8.444725996643172,71.3741614654881,0.5703101200424899
33,200,5,World Stock Market Capitalisation (% of GDP),10,3.055871854814285,7.263285091414967,56.91343457326906,3.3853002703632358,9.73406611515689,91.81761138377567,2.8877667140416774,7.482433725831526,73.07366387473547,4.349233187365209,11.853150554265794,106.14040427437344,1.6321975036211973
33,200,5,China Total Manufacturing Output,11,3.055871854814285,7.263285091414967,56.91343457326906,5.652753695035274,13.704843798384804,122.11421078627151,2.9589417681899874,10.587290382705207,88.34723844017108,11.138688244972991,16.76590112451131,150.2782736034789,3.89448673687287
33,200,5,Population,12,3.055871854814285,7.263285091414967,56.91343457326906,3.5111318939101475,8.024283329087208,62.20831828771496,2.959166994184451,7.559458138245491,59.11754384057788,4.217538515314248,8.612231270519603,65.7737114739648,0.34347678759903433
34,200,5,Zinc real price,0,2.5831479938042925,8.879577798618039,38.02640160028706,3.688396951172094,11.249587980535182,48.47950784036975,2.4770215011628904,10.25426645154065,40.54427129086118,5.581957400646852,12.254333976187818,52.39607924670669,0.9968878543807113
34,200,5,Energy index,1,2.5831479938042925,8.879577798618039,38.02640160028706,5.446537758849959,10.347849061241753,51.07556907429437,2.7771422184758214,9.326657564575546,41.7224903983291,8.584092411812016,11.164910638426615,59.46799257559964,0.8525344999220875
34,200,5,GDP,2,2.5831479938042925,8.879577798618039,38.02640160028706,2.8558811790952072,9.384201171912053,66.03104926998023,2.167464774602249,8.435924747554825,50.10731731439359,4.26874232015013,10.845512545068722,86.16821412357689,2.3855504910806897
34,200,5,US Industrial Production Total Index,3,2.5831479938042925,8.879577798618039,38.02640160028706,2.8904889203396387,9.261974710562512,39.2800057369961,2.2985418050637,8.846999792260554,37.43549242131119,3.464609497848525,9.840771476006838,43.37177559811672,1.0182560261832916
34,200,5,EU28 Industrial Production Total Index,4,2.5831479938042925,8.879577798618039,38.02640160028706,2.5470622511092573,9.220323908580728,42.58691620748566,2.4210795516776713,9.00958975076232,40.350094116121305,2.67093211998498,9.42601201534402,46.21108436258814,0.5002321897512574
34,200,5,China All Industry Value Added (Constant 2015 USD),5,2.5831479938042925,8.879577798618039,38.02640160028706,5.747266684991331,22.396861911548754,101.52385761649779,4.098359371451802,16.78638694959297,73.30463232823621,7.3790519622887665,28.98429447502387,127.25131797049582,3.2220992472456293
34,200,5,Producer Price Index of Non-ferrous Scrap,6,2.5831479938042925,8.879577798618039,38.02640160028706,3.1555484675915184,11.574608160152493,45.50730387152211,2.6779962030542106,9.841173477118026,41.61929532515172,3.760932232888311,13.513077304410306,51.27212528811367,1.1954203508125252
34,200,5,Real Treatment Charges,7,2.5831479938042925,8.879577798618039,38.02640160028706,2.6621498466822358,9.18964140939336,44.55769904729448,2.1768771499403683,8.716799624334769,40.305567714433394,3.427483683900515,9.890492941058534,49.45855939765934,0.4929971369763736
34,200,5,Precious metal index,8,2.5831479938042925,8.879577798618039,38.02640160028706,2.337148248627089,9.038345951327658,43.18471296409605,1.9681472782038707,8.370594060691511,40.32160352256583,3.504073247677031,9.999280296245622,46.22820739856215,0.6760566614326083
34,200,5,Full metal real index,9,2.5831479938042925,8.879577798618039,38.02640160028706,2.7275880868901403,9.950736226185064,44.83008651777001,2.4719573654084313,9.273607903822533,37.531807287318514,3.0089948415362633,10.789531829007567,50.574156712561916,0.5356429496541315
34,200,5,World Stock Market Capitalisation (% of GDP),10,2.5831479938042925,8.879577798618039,38.02640160028706,3.476818952106378,9.750782797630535,75.58145001986227,2.489217069815679,8.641305330724373,58.62252136784243,4.777010407859891,11.45973575702205,93.0293209619095,1.5846809957572299
34,200,5,China Total Manufacturing Output,11,2.5831479938042925,8.879577798618039,38.02640160028706,6.592603561122768,18.482927942224556,130.5126866852981,4.63948022882477,14.188935371229542,99.19697809377242,8.347621637121993,23.057595985057045,171.45436096664972,3.6229103390685666
34,200,5,Population,12,2.5831479938042925,8.879577798618039,38.02640160028706,2.824893748941147,9.359230983487002,46.31577046475019,2.5642459974727414,9.069744806606177,40.06810473144227,3.1918255564496234,9.77868179921487,53.49664042422373,0.7237219895333924
